,Batch Id,batch_cpu_queue_length
0,0,0
1,1,0
2,2,0
3,3,1
4,4,0
5,5,0
6,6,0
7,7,0
8,8,0
9,9,0
10,10,0
11,11,0
12,12,0
13,13,0
14,14,0
15,15,0
16,16,0
17,17,0
18,18,0
19,19,0
20,20,0
21,21,0
22,22,0
23,23,0
24,24,0
25,25,0
26,26,0
27,27,0
28,28,0
29,29,0
30,30,1
31,31,2
32,32,1
33,33,0
34,34,0
35,35,0
36,36,0
37,37,0
38,38,0
39,39,0
40,40,0
41,41,1
42,42,0
43,43,0
44,44,1
45,45,0
46,46,0
47,47,0
48,48,0
49,49,0
50,50,0
51,51,0
52,52,0
53,53,0
54,54,0
55,55,0
56,56,0
57,57,0
58,58,0
59,59,1
60,60,0
61,61,0
62,62,0
63,63,0
64,64,0
65,65,0
66,66,0
67,67,0
68,68,0
69,69,0
70,70,0
71,71,0
72,72,0
73,73,0
74,74,0
75,75,0
76,76,2
77,77,1
78,78,0
79,79,0
80,80,0
81,81,0
82,82,0
83,83,0
84,84,0
85,85,0
86,86,0
87,87,0
88,88,0
89,89,0
90,90,0
91,91,0
92,92,0
93,93,0
94,94,0
95,95,0
96,96,0
97,97,1
98,98,1
99,99,0
100,100,0
101,101,0
102,102,0
103,103,0
104,104,0
105,105,1
106,106,1
107,107,0
108,108,0
109,109,0
110,110,0
111,111,0
112,112,0
113,113,0
114,114,0
115,115,0
116,116,0
117,117,0
118,118,0
119,119,0
120,120,0
121,121,1
122,122,0
123,123,0
124,124,0
125,125,0
126,126,0
127,127,0
128,128,0
129,129,0
130,130,0
131,131,0
132,132,0
133,133,0
134,134,0
135,135,0
136,136,0
137,137,0
138,138,0
139,139,0
140,140,0
141,141,0
142,142,0
143,143,0
144,144,1
145,145,0
146,146,0
147,147,0
148,148,0
149,149,0
150,150,0
151,151,0
152,152,0
153,153,0
154,154,0
155,155,0
156,156,0
157,157,0
158,158,0
159,159,0
160,160,0
161,161,0
162,162,0
163,163,0
164,164,0
165,165,0
166,166,0
167,167,0
168,168,0
169,169,0
170,170,0
171,171,0
172,172,0
173,173,0
174,174,0
175,175,0
176,176,0
177,177,0
178,178,0
179,179,0
180,180,0
181,181,0
182,182,0
183,183,0
184,184,0
185,185,0
186,186,0
187,187,0
188,188,0
189,189,0
190,190,0
191,191,0
192,192,0
193,193,0
194,194,0
195,195,0
196,196,0
197,197,0
198,198,0
199,199,0
200,200,0
201,201,0
202,202,0
203,203,0
204,204,0
205,205,0
206,206,0
207,207,0
208,208,0
209,209,1
210,210,0
211,211,0
212,212,0
213,213,0
214,214,0
215,215,0
216,216,0
217,217,0
218,218,0
219,219,0
220,220,0
221,221,0
222,222,1
223,223,0
224,224,0
225,225,0
226,226,0
227,227,0
228,228,0
229,229,0
230,230,0
231,231,0
232,232,0
233,233,0
234,234,0
235,235,0
236,236,0
237,237,1
238,238,0
239,239,0
240,240,0
241,241,0
242,242,0
243,243,0
244,244,0
245,245,0
246,246,0
247,247,0
248,248,0
249,249,0
250,250,0
251,251,2
252,252,1
253,253,0
254,254,1
255,255,0
256,256,1
257,257,0
258,258,0
259,259,0
260,260,1
261,261,0
262,262,0
263,263,0
264,264,0
265,265,1
266,266,0
267,267,1
268,268,0
269,269,0
270,270,0
271,271,0
272,272,0
273,273,0
274,274,0
275,275,0
276,276,0
277,277,0
278,278,0
279,279,0
280,280,0
281,281,0
282,282,0
283,283,0
284,284,0
285,285,0
286,286,0
287,287,0
288,288,0
289,289,0
290,290,0
291,291,0
292,292,0
293,293,0
294,294,0
295,295,0
296,296,0
297,297,0
298,298,0
299,299,0
300,300,0
301,301,0
302,302,0
303,303,0
304,304,0
305,305,0
306,306,0
307,307,0
308,308,0
309,309,0
310,310,1
311,311,0
312,312,0
313,313,0
314,314,0
315,315,0
316,316,0
317,317,0
318,318,0
319,319,0
320,320,0
321,321,0
322,322,0
323,323,1
324,324,0
325,325,0
326,326,0
327,327,0
328,328,0
329,329,0
330,330,0
331,331,0
332,332,0
333,333,0
334,334,0
335,335,0
336,336,0
337,337,0
338,338,0
339,339,0
340,340,0
341,341,1
342,342,0
343,343,0
344,344,0
345,345,0
346,346,0
347,347,1
348,348,0
349,349,0
350,350,0
351,351,0
352,352,0
353,353,0
354,354,0
355,355,0
356,356,0
357,357,0
358,358,0
359,359,0
360,360,1
361,361,0
362,362,0
363,363,0
364,364,0
365,365,0
366,366,0
367,367,0
368,368,0
369,369,0
370,370,0
371,371,0
372,372,0
373,373,0
374,374,0
375,375,1
376,376,0
377,377,0
378,378,0
379,379,0
380,380,0
381,381,0
382,382,0
383,383,0
384,384,0
385,385,0
386,386,0
387,387,0
388,388,0
389,389,0
390,390,0
391,391,0
392,392,0
393,393,0
394,394,0
395,395,2
396,396,1
397,397,1
398,398,0
399,399,0
400,400,0
401,401,0
402,402,0
403,403,0
404,404,0
405,405,0
406,406,0
407,407,0
408,408,0
409,409,0
410,410,0
411,411,0
412,412,0
413,413,0
414,414,0
415,415,0
416,416,0
417,417,0
418,418,0
419,419,0
420,420,0
421,421,0
422,422,0
423,423,0
424,424,0
425,425,0
426,426,0
427,427,0
428,428,0
429,429,0
430,430,0
431,431,0
432,432,0
433,433,1
434,434,0
435,435,0
436,436,0
437,437,1
438,438,0
439,439,0
440,440,0
441,441,0
442,442,1
443,443,0
444,444,0
445,445,0
446,446,0
447,447,0
448,448,1
449,449,0
450,450,1
451,451,0
452,452,0
453,453,1
454,454,0
455,455,0
456,456,0
457,457,0
458,458,0
459,459,0
460,460,0
461,461,0
462,462,0
463,463,0
464,464,0
465,465,0
466,466,0
467,467,0
468,468,0
469,469,0
470,470,0
471,471,0
472,472,0
473,473,0
474,474,0
475,475,0
476,476,0
477,477,0
478,478,0
479,479,0
480,480,1
481,481,0
482,482,1
483,483,0
484,484,0
485,485,0
486,486,0
487,487,0
488,488,0
489,489,1
490,490,1
491,491,0
492,492,0
493,493,0
494,494,0
495,495,0
496,496,0
497,497,0
498,498,0
499,499,1
500,500,0
501,501,0
502,502,0
503,503,0
504,504,1
505,505,0
506,506,0
507,507,0
508,508,1
509,509,0
510,510,0
511,511,0
512,512,0
513,513,0
514,514,0
515,515,0
516,516,1
517,517,0
518,518,0
519,519,0
520,520,0
521,521,0
522,522,0
523,523,0
524,524,0
525,525,0
526,526,0
527,527,0
528,528,0
529,529,0
530,530,0
531,531,0
532,532,0
533,533,0
534,534,0
535,535,0
536,536,0
537,537,1
538,538,0
539,539,0
540,540,0
541,541,0
542,542,0
543,543,0
544,544,0
545,545,0
546,546,0
547,547,0
548,548,0
549,549,0
550,550,1
551,551,0
552,552,0
553,553,0
554,554,0
555,555,0
556,556,0
557,557,0
558,558,1
559,559,0
560,560,0
561,561,0
562,562,0
563,563,0
564,564,0
565,565,0
566,566,0
567,567,0
568,568,1
569,569,0
570,570,0
571,571,0
572,572,0
573,573,1
574,574,0
575,575,0
576,576,0
577,577,0
578,578,0
579,579,0
580,580,0
581,581,0
582,582,0
583,583,0
584,584,0
585,585,0
586,586,0
587,587,0
588,588,0
589,589,0
590,590,0
591,591,0
592,592,0
593,593,0
594,594,0
595,595,0
596,596,0
597,597,0
598,598,0
599,599,0
600,600,0
601,601,0
602,602,0
603,603,0
604,604,0
605,605,1
606,606,0
607,607,1
608,608,1
609,609,0
610,610,0
611,611,0
612,612,0
613,613,0
614,614,0
615,615,0
616,616,0
617,617,0
618,618,0
619,619,0
620,620,0
621,621,0
622,622,0
623,623,0
624,624,0
625,625,0
626,626,0
627,627,0
628,628,1
629,629,0
630,630,0
631,631,0
632,632,0
633,633,0
634,634,0
635,635,0
636,636,0
637,637,1
638,638,1
639,639,0
640,640,0
641,641,0
642,642,0
643,643,0
644,644,1
645,645,0
646,646,0
647,647,0
648,648,0
649,649,0
650,650,0
651,651,1
652,652,0
653,653,1
654,654,0
655,655,0
656,656,0
657,657,0
658,658,0
659,659,0
660,660,0
661,661,0
662,662,0
663,663,0
664,664,0
665,665,0
666,666,0
667,667,0
668,668,0
669,669,0
670,670,0
671,671,0
672,672,0
673,673,0
674,674,0
675,675,0
676,676,0
677,677,0
678,678,1
679,679,0
680,680,0
681,681,0
682,682,0
683,683,0
684,684,0
685,685,0
686,686,0
687,687,0
688,688,0
689,689,0
690,690,0
691,691,0
692,692,0
693,693,0
694,694,2
695,695,1
696,696,0
697,697,0
698,698,0
699,699,0
700,700,0
701,701,0
702,702,0
703,703,0
704,704,0
705,705,0
706,706,0
707,707,0
708,708,0
709,709,0
710,710,0
711,711,0
712,712,0
713,713,0
714,714,0
715,715,0
716,716,0
717,717,0
718,718,1
719,719,0
720,720,0
721,721,0
722,722,0
723,723,1
724,724,0
725,725,0
726,726,0
727,727,0
728,728,0
729,729,0
730,730,0
731,731,0
732,732,0
733,733,0
734,734,0
735,735,1
736,736,1
737,737,0
738,738,0
739,739,0
740,740,0
741,741,1
742,742,0
743,743,0
744,744,0
745,745,0
746,746,0
747,747,0
748,748,0
749,749,0
750,750,0
751,751,0
752,752,0
753,753,0
754,754,0
755,755,0
756,756,0
757,757,1
758,758,1
759,759,0
760,760,0
761,761,0
762,762,0
763,763,0
764,764,0
765,765,0
766,766,0
767,767,0
768,768,1
769,769,0
770,770,1
771,771,0
772,772,0
773,773,0
774,774,0
775,775,0
776,776,0
777,777,0
778,778,1
779,779,0
780,780,0
781,781,0
782,782,1
783,783,0
784,784,1
785,785,0
786,786,0
787,787,0
788,788,0
789,789,1
790,790,0
791,791,1
792,792,0
793,793,0
794,794,0
795,795,0
796,796,0
797,797,1
798,798,0
799,799,0
800,800,0
801,801,0
802,802,0
803,803,0
804,804,0
805,805,0
806,806,0
807,807,0
808,808,0
809,809,0
810,810,0
811,811,0
812,812,0
813,813,0
814,814,1
815,815,1
816,816,0
817,817,0
818,818,0
819,819,0
820,820,0
821,821,0
822,822,1
823,823,1
824,824,0
825,825,0
826,826,0
827,827,0
828,828,1
829,829,0
830,830,0
831,831,0
832,832,0
833,833,0
834,834,0
835,835,0
836,836,0
837,837,0
838,838,1
839,839,1
840,840,0
841,841,0
842,842,1
843,843,0
844,844,0
845,845,0
846,846,1
847,847,0
848,848,0
849,849,0
850,850,0
851,851,0
852,852,0
853,853,1
854,854,1
855,855,1
856,856,0
857,857,1
858,858,0
859,859,0
860,860,1
861,861,1
862,862,0
863,863,0
864,864,0
865,865,0
866,866,0
867,867,0
868,868,0
869,869,0
870,870,0
871,871,0
872,872,0
873,873,0
874,874,0
875,875,0
876,876,0
877,877,0
878,878,1
879,879,0
880,880,0
881,881,0
882,882,0
883,883,0
884,884,0
885,885,0
886,886,0
887,887,0
888,888,0
889,889,0
890,890,0
891,891,1
892,892,1
893,893,0
894,894,0
895,895,0
896,896,0
897,897,0
898,898,0
899,899,0
900,900,0
901,901,0
902,902,1
903,903,0
904,904,0
905,905,0
906,906,0
907,907,0
908,908,0
909,909,0
910,910,0
911,911,0
912,912,0
913,913,0
914,914,0
915,915,0
916,916,0
917,917,0
918,918,1
919,919,1
920,920,2
921,921,1
922,922,0
923,923,0
924,924,0
925,925,0
926,926,0
927,927,0
928,928,0
929,929,0
930,930,0
931,931,0
932,932,0
933,933,0
934,934,0
935,935,0
936,936,0
937,937,0
938,938,0
939,939,0
940,940,0
941,941,0
942,942,0
943,943,0
944,944,0
945,945,1
946,946,0
947,947,0
948,948,0
949,949,0
950,950,0
951,951,0
952,952,0
953,953,0
954,954,1
955,955,0
956,956,0
957,957,1
958,958,0
959,959,0
960,960,0
961,961,0
962,962,0
963,963,0
964,964,0
965,965,0
966,966,0
967,967,0
968,968,0
969,969,0
970,970,0
971,971,0
972,972,0
973,973,0
974,974,0
975,975,0
976,976,0
977,977,0
978,978,0
979,979,0
980,980,0
981,981,0
982,982,0
983,983,0
984,984,0
985,985,0
986,986,0
987,987,0
988,988,0
989,989,0
990,990,1
991,991,0
992,992,0
993,993,0
994,994,0
995,995,0
996,996,0
997,997,1
998,998,1
999,999,0
1000,1000,0
1001,1001,0
1002,1002,0
1003,1003,1
1004,1004,0
1005,1005,0
1006,1006,0
1007,1007,0
1008,1008,0
1009,1009,0
1010,1010,0
1011,1011,1
1012,1012,0
1013,1013,0
1014,1014,0
1015,1015,1
1016,1016,0
1017,1017,0
1018,1018,0
1019,1019,0
1020,1020,0
1021,1021,0
1022,1022,0
1023,1023,0
1024,1024,0
1025,1025,0
1026,1026,1
1027,1027,0
1028,1028,0
1029,1029,0
1030,1030,0
1031,1031,0
1032,1032,0
1033,1033,0
1034,1034,0
1035,1035,0
1036,1036,0
1037,1037,0
1038,1038,0
1039,1039,0
1040,1040,0
1041,1041,0
1042,1042,0
1043,1043,0
1044,1044,0
1045,1045,1
1046,1046,1
1047,1047,0
1048,1048,0
1049,1049,0
1050,1050,0
1051,1051,0
1052,1052,1
1053,1053,1
1054,1054,1
1055,1055,0
1056,1056,0
1057,1057,0
1058,1058,1
1059,1059,0
1060,1060,0
1061,1061,0
1062,1062,0
1063,1063,1
1064,1064,0
1065,1065,0
1066,1066,0
1067,1067,0
1068,1068,0
1069,1069,0
1070,1070,0
1071,1071,0
1072,1072,0
1073,1073,0
1074,1074,0
1075,1075,0
1076,1076,0
1077,1077,0
1078,1078,1
1079,1079,0
1080,1080,0
1081,1081,0
1082,1082,0
1083,1083,0
1084,1084,0
1085,1085,1
1086,1086,0
1087,1087,1
1088,1088,0
1089,1089,1
1090,1090,0
1091,1091,0
1092,1092,0
1093,1093,0
1094,1094,0
1095,1095,0
1096,1096,1
1097,1097,0
1098,1098,0
1099,1099,1
1100,1100,0
1101,1101,0
1102,1102,0
1103,1103,0
1104,1104,0
1105,1105,0
1106,1106,0
1107,1107,0
1108,1108,0
1109,1109,0
1110,1110,0
1111,1111,0
1112,1112,0
1113,1113,0
1114,1114,0
1115,1115,0
1116,1116,0
1117,1117,0
1118,1118,0
1119,1119,0
1120,1120,0
1121,1121,0
1122,1122,0
1123,1123,0
1124,1124,0
1125,1125,0
1126,1126,0
1127,1127,0
1128,1128,0
1129,1129,0
1130,1130,0
1131,1131,0
1132,1132,1
1133,1133,1
1134,1134,0
1135,1135,0
1136,1136,0
1137,1137,0
1138,1138,0
1139,1139,0
1140,1140,0
1141,1141,0
1142,1142,0
1143,1143,0
1144,1144,0
1145,1145,0
1146,1146,0
1147,1147,0
1148,1148,1
1149,1149,0
1150,1150,0
1151,1151,0
1152,1152,0
1153,1153,0
1154,1154,0
1155,1155,0
1156,1156,0
1157,1157,0
1158,1158,0
1159,1159,0
1160,1160,1
1161,1161,1
1162,1162,0
1163,1163,0
1164,1164,0
1165,1165,0
1166,1166,0
1167,1167,1
1168,1168,0
1169,1169,0
1170,1170,0
1171,1171,0
1172,1172,0
1173,1173,0
1174,1174,0
1175,1175,0
1176,1176,0
1177,1177,0
1178,1178,0
1179,1179,0
1180,1180,0
1181,1181,0
1182,1182,0
1183,1183,0
1184,1184,0
1185,1185,0
1186,1186,0
1187,1187,0
1188,1188,0
1189,1189,0
1190,1190,0
1191,1191,2
1192,1192,2
1193,1193,1
1194,1194,0
1195,1195,0
1196,1196,0
1197,1197,0
1198,1198,0
1199,1199,0
1200,1200,0
1201,1201,0
1202,1202,0
1203,1203,0
1204,1204,0
1205,1205,0
1206,1206,1
1207,1207,1
1208,1208,0
1209,1209,0
1210,1210,1
1211,1211,0
1212,1212,0
1213,1213,0
1214,1214,1
1215,1215,1
1216,1216,1
1217,1217,2
1218,1218,2
1219,1219,2
1220,1220,2
1221,1221,2
1222,1222,2
1223,1223,2
1224,1224,1
1225,1225,1
1226,1226,1
1227,1227,1
1228,1228,1
1229,1229,3
1230,1230,3
1231,1231,4
1232,1232,4
1233,1233,4
1234,1234,4
1235,1235,4
1236,1236,4
1237,1237,4
1238,1238,4
1239,1239,5
1240,1240,6
1241,1241,6
1242,1242,6
1243,1243,6
1244,1244,6
1245,1245,8
1246,1246,8
1247,1247,8
1248,1248,8
1249,1249,9
1250,1250,9
1251,1251,9
1252,1252,9
1253,1253,9
1254,1254,8
1255,1255,8
1256,1256,7
1257,1257,6
1258,1258,7
1259,1259,6
1260,1260,5
1261,1261,4
1262,1262,6
1263,1263,5
1264,1264,4
1265,1265,4
1266,1266,4
1267,1267,3
1268,1268,2
1269,1269,1
1270,1270,0
1271,1271,1
1272,1272,0
1273,1273,0
1274,1274,0
1275,1275,0
1276,1276,0
1277,1277,0
1278,1278,0
1279,1279,0
1280,1280,0
1281,1281,2
1282,1282,4
1283,1283,4
1284,1284,4
1285,1285,4
1286,1286,4
1287,1287,5
1288,1288,5
1289,1289,5
1290,1290,6
1291,1291,6
1292,1292,6
1293,1293,6
1294,1294,7
1295,1295,8
1296,1296,8
1297,1297,8
1298,1298,9
1299,1299,10
1300,1300,10
1301,1301,10
1302,1302,10
1303,1303,10
1304,1304,10
1305,1305,11
1306,1306,11
1307,1307,11
1308,1308,12
1309,1309,12
1310,1310,12
1311,1311,12
1312,1312,12
1313,1313,12
1314,1314,13
1315,1315,13
1316,1316,13
1317,1317,13
1318,1318,13
1319,1319,13
1320,1320,13
1321,1321,13
1322,1322,13
1323,1323,13
1324,1324,13
1325,1325,13
1326,1326,13
1327,1327,13
1328,1328,13
1329,1329,13
1330,1330,13
1331,1331,13
1332,1332,13
1333,1333,13
1334,1334,14
1335,1335,14
1336,1336,14
1337,1337,14
1338,1338,15
1339,1339,15
1340,1340,15
1341,1341,15
1342,1342,15
1343,1343,15
1344,1344,15
1345,1345,15
1346,1346,16
1347,1347,16
1348,1348,16
1349,1349,15
1350,1350,15
1351,1351,15
1352,1352,15
1353,1353,16
1354,1354,16
1355,1355,16
1356,1356,16
1357,1357,16
1358,1358,16
1359,1359,16
1360,1360,16
1361,1361,16
1362,1362,16
1363,1363,16
1364,1364,16
1365,1365,16
1366,1366,16
1367,1367,17
1368,1368,17
1369,1369,17
1370,1370,17
1371,1371,17
1372,1372,17
1373,1373,17
1374,1374,17
1375,1375,17
1376,1376,18
1377,1377,18
1378,1378,18
1379,1379,19
1380,1380,20
1381,1381,20
1382,1382,20
1383,1383,20
1384,1384,20
1385,1385,20
1386,1386,20
1387,1387,20
1388,1388,20
1389,1389,20
1390,1390,22
1391,1391,22
1392,1392,22
1393,1393,22
1394,1394,22
1395,1395,23
1396,1396,23
1397,1397,22
1398,1398,22
1399,1399,22
1400,1400,22
1401,1401,23
1402,1402,22
1403,1403,22
1404,1404,22
1405,1405,22
1406,1406,22
1407,1407,22
1408,1408,22
1409,1409,22
1410,1410,22
1411,1411,23
1412,1412,23
1413,1413,24
1414,1414,24
1415,1415,24
1416,1416,25
1417,1417,26
1418,1418,26
1419,1419,26
1420,1420,29
1421,1421,29
1422,1422,30
1423,1423,31
1424,1424,31
1425,1425,32
1426,1426,33
1427,1427,33
1428,1428,34
1429,1429,34
1430,1430,34
1431,1431,34
1432,1432,36
1433,1433,36
1434,1434,36
1435,1435,36
1436,1436,36
1437,1437,37
1438,1438,37
1439,1439,36
1440,1440,35
1441,1441,35
1442,1442,36
1443,1443,36
1444,1444,35
1445,1445,34
1446,1446,34
1447,1447,34
1448,1448,34
1449,1449,34
1450,1450,33
1451,1451,33
1452,1452,32
1453,1453,31
1454,1454,32
1455,1455,31
1456,1456,30
1457,1457,30
1458,1458,30
1459,1459,31
1460,1460,31
1461,1461,31
1462,1462,31
1463,1463,31
1464,1464,31
1465,1465,33
1466,1466,33
1467,1467,33
1468,1468,34
1469,1469,34
1470,1470,34
1471,1471,34
1472,1472,35
1473,1473,35
1474,1474,35
1475,1475,35
1476,1476,35
1477,1477,35
1478,1478,36
1479,1479,37
1480,1480,38
1481,1481,38
1482,1482,38
1483,1483,39
1484,1484,39
1485,1485,38
1486,1486,39
1487,1487,39
1488,1488,39
1489,1489,39
1490,1490,39
1491,1491,38
1492,1492,38
1493,1493,37
1494,1494,36
1495,1495,37
1496,1496,37
1497,1497,37
1498,1498,37
1499,1499,37
1500,1500,38
1501,1501,38
1502,1502,37
1503,1503,37
1504,1504,37
1505,1505,38
1506,1506,37
1507,1507,37
1508,1508,38
1509,1509,39
1510,1510,38
1511,1511,37
1512,1512,37
1513,1513,37
1514,1514,37
1515,1515,37
1516,1516,37
1517,1517,37
1518,1518,36
1519,1519,36
1520,1520,37
1521,1521,37
1522,1522,37
1523,1523,37
1524,1524,38
1525,1525,38
1526,1526,39
1527,1527,39
1528,1528,39
1529,1529,39
1530,1530,40
1531,1531,40
1532,1532,40
1533,1533,41
1534,1534,41
1535,1535,44
1536,1536,44
1537,1537,45
1538,1538,46
1539,1539,46
1540,1540,46
1541,1541,46
1542,1542,46
1543,1543,46
1544,1544,47
1545,1545,47
1546,1546,47
1547,1547,47
1548,1548,47
1549,1549,47
1550,1550,48
1551,1551,48
1552,1552,50
1553,1553,50
1554,1554,50
1555,1555,50
1556,1556,50
1557,1557,50
1558,1558,50
1559,1559,50
1560,1560,50
1561,1561,50
1562,1562,51
1563,1563,51
1564,1564,51
1565,1565,51
1566,1566,51
1567,1567,51
1568,1568,51
1569,1569,51
1570,1570,50
1571,1571,50
1572,1572,50
1573,1573,50
1574,1574,50
1575,1575,49
1576,1576,48
1577,1577,49
1578,1578,50
1579,1579,50
1580,1580,50
1581,1581,50
1582,1582,50
1583,1583,50
1584,1584,50
1585,1585,50
1586,1586,51
1587,1587,51
1588,1588,52
1589,1589,52
1590,1590,52
1591,1591,52
1592,1592,52
1593,1593,53
1594,1594,53
1595,1595,53
1596,1596,54
1597,1597,55
1598,1598,55
1599,1599,55
1600,1600,55
1601,1601,56
1602,1602,56
1603,1603,56
1604,1604,56
1605,1605,56
1606,1606,56
1607,1607,56
1608,1608,56
1609,1609,55
1610,1610,54
1611,1611,53
1612,1612,53
1613,1613,52
1614,1614,52
1615,1615,52
1616,1616,52
1617,1617,52
1618,1618,53
1619,1619,53
1620,1620,53
1621,1621,53
1622,1622,53
1623,1623,53
1624,1624,53
1625,1625,53
1626,1626,53
1627,1627,53
1628,1628,54
1629,1629,54
1630,1630,53
1631,1631,53
1632,1632,53
1633,1633,53
1634,1634,54
1635,1635,54
1636,1636,54
1637,1637,54
1638,1638,54
1639,1639,54
1640,1640,53
1641,1641,52
1642,1642,53
1643,1643,53
1644,1644,53
1645,1645,53
1646,1646,53
1647,1647,52
1648,1648,52
1649,1649,52
1650,1650,52
1651,1651,52
1652,1652,53
1653,1653,53
1654,1654,53
1655,1655,52
1656,1656,51
1657,1657,51
1658,1658,51
1659,1659,51
1660,1660,52
1661,1661,52
1662,1662,53
1663,1663,53
1664,1664,54
1665,1665,54
1666,1666,55
1667,1667,56
1668,1668,57
1669,1669,57
1670,1670,57
1671,1671,57
1672,1672,57
1673,1673,59
1674,1674,60
1675,1675,60
1676,1676,60
1677,1677,61
1678,1678,62
1679,1679,63
1680,1680,63
1681,1681,63
1682,1682,63
1683,1683,63
1684,1684,63
1685,1685,63
1686,1686,63
1687,1687,63
1688,1688,63
1689,1689,63
1690,1690,63
1691,1691,63
1692,1692,64
1693,1693,64
1694,1694,64
1695,1695,64
1696,1696,64
1697,1697,63
1698,1698,63
1699,1699,63
1700,1700,63
1701,1701,63
1702,1702,63
1703,1703,63
1704,1704,63
1705,1705,65
1706,1706,65
1707,1707,65
1708,1708,65
1709,1709,65
1710,1710,65
1711,1711,65
1712,1712,65
1713,1713,67
1714,1714,67
1715,1715,67
1716,1716,67
1717,1717,67
1718,1718,67
1719,1719,67
1720,1720,67
1721,1721,67
1722,1722,67
1723,1723,67
1724,1724,67
1725,1725,66
1726,1726,66
1727,1727,66
1728,1728,66
1729,1729,67
1730,1730,67
1731,1731,67
1732,1732,67
1733,1733,67
1734,1734,67
1735,1735,67
1736,1736,68
1737,1737,67
1738,1738,66
1739,1739,65
1740,1740,66
1741,1741,68
1742,1742,68
1743,1743,67
1744,1744,66
1745,1745,66
1746,1746,67
1747,1747,68
1748,1748,70
1749,1749,70
1750,1750,70
1751,1751,70
1752,1752,71
1753,1753,71
1754,1754,71
1755,1755,71
1756,1756,71
1757,1757,71
1758,1758,72
1759,1759,72
1760,1760,71
1761,1761,71
1762,1762,72
1763,1763,72
1764,1764,72
1765,1765,73
1766,1766,73
1767,1767,74
1768,1768,74
1769,1769,74
1770,1770,73
1771,1771,72
1772,1772,71
1773,1773,70
1774,1774,70
1775,1775,72
1776,1776,72
1777,1777,72
1778,1778,72
1779,1779,73
1780,1780,72
1781,1781,73
1782,1782,73
1783,1783,73
1784,1784,72
1785,1785,71
1786,1786,70
1787,1787,70
1788,1788,70
1789,1789,70
1790,1790,70
1791,1791,69
1792,1792,68
1793,1793,68
1794,1794,69
1795,1795,69
1796,1796,68
1797,1797,68
1798,1798,68
1799,1799,68
1800,1800,68
1801,1801,68
1802,1802,68
1803,1803,68
1804,1804,68
1805,1805,68
1806,1806,68
1807,1807,69
1808,1808,69
1809,1809,69
1810,1810,70
1811,1811,70
1812,1812,71
1813,1813,72
1814,1814,72
1815,1815,72
1816,1816,72
1817,1817,71
1818,1818,70
1819,1819,70
1820,1820,70
1821,1821,70
1822,1822,70
1823,1823,70
1824,1824,69
1825,1825,68
1826,1826,67
1827,1827,66
1828,1828,68
1829,1829,68
1830,1830,67
1831,1831,66
1832,1832,67
1833,1833,67
1834,1834,67
1835,1835,68
1836,1836,69
1837,1837,69
1838,1838,69
1839,1839,69
1840,1840,68
1841,1841,68
1842,1842,67
1843,1843,67
1844,1844,66
1845,1845,65
1846,1846,65
1847,1847,65
1848,1848,64
1849,1849,64
1850,1850,64
1851,1851,64
1852,1852,64
1853,1853,64
1854,1854,64
1855,1855,63
1856,1856,62
1857,1857,61
1858,1858,60
1859,1859,60
1860,1860,59
1861,1861,58
1862,1862,57
1863,1863,57
1864,1864,56
1865,1865,55
1866,1866,55
1867,1867,56
1868,1868,55
1869,1869,55
1870,1870,55
1871,1871,56
1872,1872,56
1873,1873,56
1874,1874,56
1875,1875,56
1876,1876,56
1877,1877,56
1878,1878,56
1879,1879,56
1880,1880,56
1881,1881,56
1882,1882,56
1883,1883,56
1884,1884,56
1885,1885,56
1886,1886,56
1887,1887,56
1888,1888,56
1889,1889,56
1890,1890,57
1891,1891,57
1892,1892,57
1893,1893,56
1894,1894,55
1895,1895,55
1896,1896,55
1897,1897,55
1898,1898,55
1899,1899,55
1900,1900,55
1901,1901,55
1902,1902,55
1903,1903,56
1904,1904,55
1905,1905,56
1906,1906,56
1907,1907,56
1908,1908,56
1909,1909,56
1910,1910,56
1911,1911,56
1912,1912,56
1913,1913,56
1914,1914,57
1915,1915,57
1916,1916,57
1917,1917,57
1918,1918,58
1919,1919,58
1920,1920,58
1921,1921,57
1922,1922,57
1923,1923,56
1924,1924,56
1925,1925,55
1926,1926,54
1927,1927,53
1928,1928,54
1929,1929,53
1930,1930,53
1931,1931,54
1932,1932,54
1933,1933,54
1934,1934,54
1935,1935,54
1936,1936,54
1937,1937,54
1938,1938,55
1939,1939,55
1940,1940,55
1941,1941,56
1942,1942,56
1943,1943,56
1944,1944,56
1945,1945,57
1946,1946,57
1947,1947,58
1948,1948,58
1949,1949,59
1950,1950,59
1951,1951,59
1952,1952,59
1953,1953,59
1954,1954,61
1955,1955,62
1956,1956,62
1957,1957,62
1958,1958,62
1959,1959,61
1960,1960,60
1961,1961,60
1962,1962,61
1963,1963,61
1964,1964,61
1965,1965,61
1966,1966,61
1967,1967,61
1968,1968,61
1969,1969,61
1970,1970,61
1971,1971,61
1972,1972,62
1973,1973,63
1974,1974,63
1975,1975,64
1976,1976,64
1977,1977,65
1978,1978,65
1979,1979,65
1980,1980,65
1981,1981,66
1982,1982,66
1983,1983,66
1984,1984,66
1985,1985,67
1986,1986,67
1987,1987,67
1988,1988,67
1989,1989,67
1990,1990,68
1991,1991,69
1992,1992,68
1993,1993,68
1994,1994,68
1995,1995,68
1996,1996,68
1997,1997,69
1998,1998,69
1999,1999,68
2000,2000,67
2001,2001,66
2002,2002,66
2003,2003,67
2004,2004,67
2005,2005,66
2006,2006,65
2007,2007,66
2008,2008,66
2009,2009,66
2010,2010,66
2011,2011,66
2012,2012,66
2013,2013,65
2014,2014,65
2015,2015,66
2016,2016,67
2017,2017,66
2018,2018,67
2019,2019,67
2020,2020,67
2021,2021,68
2022,2022,68
2023,2023,68
2024,2024,69
2025,2025,69
2026,2026,69
2027,2027,70
2028,2028,70
2029,2029,72
2030,2030,72
2031,2031,72
2032,2032,72
2033,2033,72
2034,2034,72
2035,2035,72
2036,2036,72
2037,2037,73
2038,2038,74
2039,2039,74
2040,2040,74
2041,2041,75
2042,2042,75
2043,2043,75
2044,2044,76
2045,2045,77
2046,2046,77
2047,2047,77
2048,2048,76
2049,2049,77
2050,2050,79
2051,2051,79
2052,2052,80
2053,2053,80
2054,2054,79
2055,2055,79
2056,2056,79
2057,2057,78
2058,2058,79
2059,2059,78
2060,2060,77
2061,2061,77
2062,2062,77
2063,2063,76
2064,2064,77
2065,2065,76
2066,2066,77
2067,2067,76
2068,2068,77
2069,2069,77
2070,2070,77
2071,2071,77
2072,2072,77
2073,2073,78
2074,2074,79
2075,2075,79
2076,2076,81
2077,2077,81
2078,2078,81
2079,2079,82
2080,2080,81
2081,2081,82
2082,2082,83
2083,2083,83
2084,2084,83
2085,2085,84
2086,2086,84
2087,2087,83
2088,2088,83
2089,2089,82
2090,2090,81
2091,2091,80
2092,2092,80
2093,2093,80
2094,2094,81
2095,2095,81
2096,2096,81
2097,2097,81
2098,2098,80
2099,2099,80
2100,2100,80
2101,2101,79
2102,2102,78
2103,2103,78
2104,2104,78
2105,2105,78
2106,2106,78
2107,2107,78
2108,2108,78
2109,2109,78
2110,2110,78
2111,2111,78
2112,2112,79
2113,2113,81
2114,2114,83
2115,2115,83
2116,2116,83
2117,2117,84
2118,2118,85
2119,2119,86
2120,2120,86
2121,2121,86
2122,2122,87
2123,2123,87
2124,2124,87
2125,2125,89
2126,2126,89
2127,2127,89
2128,2128,89
2129,2129,91
2130,2130,91
2131,2131,91
2132,2132,91
2133,2133,91
2134,2134,91
2135,2135,90
2136,2136,89
2137,2137,89
2138,2138,89
2139,2139,89
2140,2140,89
2141,2141,90
2142,2142,90
2143,2143,90
2144,2144,90
2145,2145,90
2146,2146,90
2147,2147,91
2148,2148,91
2149,2149,91
2150,2150,91
2151,2151,91
2152,2152,91
2153,2153,91
2154,2154,91
2155,2155,91
2156,2156,91
2157,2157,91
2158,2158,91
2159,2159,91
2160,2160,91
2161,2161,92
2162,2162,92
2163,2163,91
2164,2164,91
2165,2165,91
2166,2166,91
2167,2167,91
2168,2168,91
2169,2169,90
2170,2170,89
2171,2171,89
2172,2172,89
2173,2173,89
2174,2174,89
2175,2175,89
2176,2176,91
2177,2177,91
2178,2178,92
2179,2179,92
2180,2180,92
2181,2181,93
2182,2182,93
2183,2183,95
2184,2184,95
2185,2185,96
2186,2186,96
2187,2187,96
2188,2188,96
2189,2189,97
2190,2190,98
2191,2191,98
2192,2192,98
2193,2193,98
2194,2194,99
2195,2195,98
2196,2196,98
2197,2197,99
2198,2198,98
2199,2199,97
2200,2200,97
2201,2201,97
2202,2202,97
2203,2203,97
2204,2204,97
2205,2205,97
2206,2206,97
2207,2207,97
2208,2208,97
2209,2209,96
2210,2210,95
2211,2211,95
2212,2212,95
2213,2213,94
2214,2214,93
2215,2215,94
2216,2216,93
2217,2217,92
2218,2218,92
2219,2219,92
2220,2220,92
2221,2221,92
2222,2222,92
2223,2223,92
2224,2224,92
2225,2225,92
2226,2226,92
2227,2227,93
2228,2228,93
2229,2229,93
2230,2230,93
2231,2231,93
2232,2232,93
2233,2233,93
2234,2234,93
2235,2235,93
2236,2236,93
2237,2237,93
2238,2238,93
2239,2239,93
2240,2240,93
2241,2241,93
2242,2242,93
2243,2243,94
2244,2244,94
2245,2245,94
2246,2246,94
2247,2247,94
2248,2248,95
2249,2249,95
2250,2250,95
2251,2251,95
2252,2252,96
2253,2253,96
2254,2254,96
2255,2255,97
2256,2256,97
2257,2257,97
2258,2258,96
2259,2259,95
2260,2260,95
2261,2261,94
2262,2262,94
2263,2263,93
2264,2264,93
2265,2265,92
2266,2266,92
2267,2267,92
2268,2268,92
2269,2269,92
2270,2270,92
2271,2271,94
2272,2272,94
2273,2273,94
2274,2274,95
2275,2275,95
2276,2276,95
2277,2277,95
2278,2278,95
2279,2279,96
2280,2280,96
2281,2281,96
2282,2282,96
2283,2283,97
2284,2284,98
2285,2285,98
2286,2286,98
2287,2287,99
2288,2288,99
2289,2289,99
2290,2290,100
2291,2291,101
2292,2292,101
2293,2293,101
2294,2294,101
2295,2295,101
2296,2296,101
2297,2297,101
2298,2298,101
2299,2299,101
2300,2300,101
2301,2301,101
2302,2302,101
2303,2303,101
2304,2304,101
2305,2305,101
2306,2306,102
2307,2307,102
2308,2308,103
2309,2309,103
2310,2310,104
2311,2311,104
2312,2312,105
2313,2313,106
2314,2314,106
2315,2315,106
2316,2316,106
2317,2317,107
2318,2318,107
2319,2319,107
2320,2320,107
2321,2321,107
2322,2322,108
2323,2323,108
2324,2324,108
2325,2325,108
2326,2326,108
2327,2327,108
2328,2328,109
2329,2329,109
2330,2330,109
2331,2331,110
2332,2332,111
2333,2333,111
2334,2334,111
2335,2335,112
2336,2336,112
2337,2337,112
2338,2338,113
2339,2339,113
2340,2340,113
2341,2341,114
2342,2342,114
2343,2343,114
2344,2344,116
2345,2345,116
2346,2346,117
2347,2347,117
2348,2348,117
2349,2349,118
2350,2350,118
2351,2351,118
2352,2352,119
2353,2353,120
2354,2354,120
2355,2355,121
2356,2356,121
2357,2357,121
2358,2358,121
2359,2359,121
2360,2360,121
2361,2361,122
2362,2362,122
2363,2363,122
2364,2364,122
2365,2365,122
2366,2366,122
2367,2367,124
2368,2368,124
2369,2369,124
2370,2370,124
2371,2371,124
2372,2372,124
2373,2373,124
2374,2374,125
2375,2375,125
2376,2376,125
2377,2377,125
2378,2378,125
2379,2379,125
2380,2380,125
2381,2381,125
2382,2382,125
2383,2383,125
2384,2384,125
2385,2385,125
2386,2386,125
2387,2387,125
2388,2388,125
2389,2389,125
2390,2390,125
2391,2391,125
2392,2392,125
2393,2393,125
2394,2394,126
2395,2395,127
2396,2396,127
2397,2397,127
2398,2398,127
2399,2399,127
2400,2400,129
2401,2401,130
2402,2402,130
2403,2403,129
2404,2404,129
2405,2405,129
2406,2406,129
2407,2407,129
2408,2408,129
2409,2409,129
2410,2410,129
2411,2411,129
2412,2412,129
2413,2413,131
2414,2414,131
2415,2415,132
2416,2416,132
2417,2417,133
2418,2418,133
2419,2419,133
2420,2420,133
2421,2421,134
2422,2422,134
2423,2423,135
2424,2424,135
2425,2425,135
2426,2426,135
2427,2427,135
2428,2428,135
2429,2429,135
2430,2430,135
2431,2431,136
2432,2432,137
2433,2433,136
2434,2434,137
2435,2435,137
2436,2436,137
2437,2437,137
2438,2438,138
2439,2439,137
2440,2440,137
2441,2441,137
2442,2442,137
2443,2443,137
2444,2444,137
2445,2445,137
2446,2446,137
2447,2447,137
2448,2448,138
2449,2449,138
2450,2450,138
2451,2451,138
2452,2452,138
2453,2453,138
2454,2454,137
2455,2455,138
2456,2456,138
2457,2457,138
2458,2458,138
2459,2459,138
2460,2460,138
2461,2461,138
2462,2462,138
2463,2463,138
2464,2464,138
2465,2465,138
2466,2466,139
2467,2467,139
2468,2468,139
2469,2469,139
2470,2470,140
2471,2471,140
2472,2472,140
2473,2473,140
2474,2474,140
2475,2475,140
2476,2476,140
2477,2477,140
2478,2478,140
2479,2479,140
2480,2480,141
2481,2481,141
2482,2482,142
2483,2483,142
2484,2484,142
2485,2485,142
2486,2486,142
2487,2487,143
2488,2488,143
2489,2489,143
2490,2490,143
2491,2491,143
2492,2492,143
2493,2493,142
2494,2494,141
2495,2495,141
2496,2496,140
2497,2497,140
2498,2498,139
2499,2499,139
2500,2500,138
2501,2501,137
2502,2502,137
2503,2503,136
2504,2504,135
2505,2505,135
2506,2506,134
2507,2507,133
2508,2508,133
2509,2509,132
2510,2510,134
2511,2511,133
2512,2512,133
2513,2513,133
2514,2514,133
2515,2515,133
2516,2516,133
2517,2517,132
2518,2518,132
2519,2519,132
2520,2520,132
2521,2521,132
2522,2522,133
2523,2523,134
2524,2524,135
2525,2525,135
2526,2526,135
2527,2527,135
2528,2528,135
2529,2529,136
2530,2530,137
2531,2531,137
2532,2532,137
2533,2533,138
2534,2534,139
2535,2535,139
2536,2536,139
2537,2537,139
2538,2538,140
2539,2539,140
2540,2540,140
2541,2541,140
2542,2542,141
2543,2543,141
2544,2544,142
2545,2545,142
2546,2546,143
2547,2547,143
2548,2548,143
2549,2549,143
2550,2550,145
2551,2551,145
2552,2552,145
2553,2553,145
2554,2554,145
2555,2555,145
2556,2556,145
2557,2557,145
2558,2558,145
2559,2559,145
2560,2560,145
2561,2561,146
2562,2562,146
2563,2563,146
2564,2564,147
2565,2565,147
2566,2566,147
2567,2567,148
2568,2568,148
2569,2569,148
2570,2570,150
2571,2571,151
2572,2572,151
2573,2573,151
2574,2574,151
2575,2575,151
2576,2576,151
2577,2577,151
2578,2578,151
2579,2579,151
2580,2580,151
2581,2581,151
2582,2582,151
2583,2583,151
2584,2584,151
2585,2585,151
2586,2586,151
2587,2587,151
2588,2588,151
2589,2589,151
2590,2590,152
2591,2591,153
2592,2592,153
2593,2593,153
2594,2594,153
2595,2595,153
2596,2596,154
2597,2597,154
2598,2598,154
2599,2599,154
2600,2600,154
2601,2601,154
2602,2602,154
2603,2603,154
2604,2604,154
2605,2605,154
2606,2606,154
2607,2607,155
2608,2608,154
2609,2609,154
2610,2610,154
2611,2611,154
2612,2612,154
2613,2613,154
2614,2614,154
2615,2615,154
2616,2616,154
2617,2617,155
2618,2618,155
2619,2619,156
2620,2620,156
2621,2621,156
2622,2622,157
2623,2623,157
2624,2624,157
2625,2625,157
2626,2626,157
2627,2627,159
2628,2628,159
2629,2629,160
2630,2630,160
2631,2631,160
2632,2632,161
2633,2633,161
2634,2634,161
2635,2635,161
2636,2636,162
2637,2637,162
2638,2638,162
2639,2639,162
2640,2640,162
2641,2641,161
2642,2642,160
2643,2643,160
2644,2644,159
2645,2645,159
2646,2646,158
2647,2647,157
2648,2648,157
2649,2649,156
2650,2650,155
2651,2651,155
2652,2652,154
2653,2653,154
2654,2654,153
2655,2655,152
2656,2656,152
2657,2657,153
2658,2658,153
2659,2659,153
2660,2660,154
2661,2661,154
2662,2662,154
2663,2663,154
2664,2664,154
2665,2665,155
2666,2666,155
2667,2667,155
2668,2668,156
2669,2669,156
2670,2670,156
2671,2671,156
2672,2672,156
2673,2673,157
2674,2674,157
2675,2675,157
2676,2676,157
2677,2677,157
2678,2678,157
2679,2679,157
2680,2680,157
2681,2681,158
2682,2682,158
2683,2683,158
2684,2684,158
2685,2685,158
2686,2686,158
2687,2687,158
2688,2688,158
2689,2689,158
2690,2690,159
2691,2691,159
2692,2692,160
2693,2693,160
2694,2694,161
2695,2695,161
2696,2696,161
2697,2697,161
2698,2698,161
2699,2699,161
2700,2700,161
2701,2701,161
2702,2702,161
2703,2703,161
2704,2704,163
2705,2705,163
2706,2706,163
2707,2707,163
2708,2708,163
2709,2709,163
2710,2710,165
2711,2711,165
2712,2712,165
2713,2713,165
2714,2714,165
2715,2715,166
2716,2716,166
2717,2717,166
2718,2718,166
2719,2719,166
2720,2720,166
2721,2721,166
2722,2722,167
2723,2723,168
2724,2724,168
2725,2725,168
2726,2726,169
2727,2727,169
2728,2728,170
2729,2729,170
2730,2730,170
2731,2731,170
2732,2732,170
2733,2733,170
2734,2734,170
2735,2735,170
2736,2736,170
2737,2737,171
2738,2738,171
2739,2739,170
2740,2740,169
2741,2741,169
2742,2742,169
2743,2743,169
2744,2744,169
2745,2745,168
2746,2746,167
2747,2747,167
2748,2748,167
2749,2749,168
2750,2750,168
2751,2751,168
2752,2752,168
2753,2753,168
2754,2754,168
2755,2755,168
2756,2756,168
2757,2757,168
2758,2758,168
2759,2759,169
2760,2760,169
2761,2761,169
2762,2762,169
2763,2763,168
2764,2764,168
2765,2765,168
2766,2766,169
2767,2767,169
2768,2768,170
2769,2769,170
2770,2770,170
2771,2771,169
2772,2772,168
2773,2773,168
2774,2774,167
2775,2775,166
2776,2776,167
2777,2777,166
2778,2778,165
2779,2779,164
2780,2780,164
2781,2781,164
2782,2782,163
2783,2783,162
2784,2784,163
2785,2785,162
2786,2786,161
2787,2787,160
2788,2788,159
2789,2789,159
2790,2790,158
2791,2791,157
2792,2792,157
2793,2793,156
2794,2794,156
2795,2795,155
2796,2796,154
2797,2797,153
2798,2798,153
2799,2799,153
2800,2800,153
2801,2801,152
2802,2802,151
2803,2803,150
2804,2804,151
2805,2805,150
2806,2806,149
2807,2807,148
2808,2808,148
2809,2809,148
2810,2810,147
2811,2811,146
2812,2812,145
2813,2813,145
2814,2814,144
2815,2815,144
2816,2816,143
2817,2817,143
2818,2818,143
2819,2819,142
2820,2820,141
2821,2821,141
2822,2822,141
2823,2823,141
2824,2824,141
2825,2825,141
2826,2826,141
2827,2827,140
2828,2828,139
2829,2829,140
2830,2830,140
2831,2831,139
2832,2832,138
2833,2833,138
2834,2834,137
2835,2835,138
2836,2836,137
2837,2837,137
2838,2838,136
2839,2839,135
2840,2840,134
2841,2841,134
2842,2842,133
2843,2843,132
2844,2844,131
2845,2845,130
2846,2846,130
2847,2847,129
2848,2848,128
2849,2849,128
2850,2850,128
2851,2851,127
2852,2852,126
2853,2853,125
2854,2854,125
2855,2855,124
2856,2856,123
2857,2857,122
2858,2858,123
2859,2859,123
2860,2860,122
2861,2861,122
2862,2862,122
2863,2863,121
2864,2864,120
2865,2865,119
2866,2866,119
2867,2867,120
2868,2868,120
2869,2869,119
2870,2870,119
2871,2871,118
2872,2872,117
2873,2873,116
2874,2874,116
2875,2875,116
2876,2876,115
2877,2877,114
2878,2878,114
2879,2879,113
2880,2880,112
2881,2881,112
2882,2882,111
2883,2883,110
2884,2884,109
2885,2885,109
2886,2886,108
2887,2887,107
2888,2888,106
2889,2889,106
2890,2890,105
2891,2891,105
2892,2892,105
2893,2893,104
2894,2894,103
2895,2895,102
2896,2896,102
2897,2897,102
2898,2898,101
2899,2899,101
2900,2900,100
2901,2901,99
2902,2902,98
2903,2903,99
2904,2904,98
2905,2905,97
2906,2906,98
2907,2907,97
2908,2908,97
2909,2909,97
2910,2910,97
2911,2911,97
2912,2912,98
2913,2913,98
2914,2914,97
2915,2915,97
2916,2916,98
2917,2917,98
2918,2918,98
2919,2919,98
2920,2920,98
2921,2921,98
2922,2922,98
2923,2923,98
2924,2924,98
2925,2925,98
2926,2926,98
2927,2927,98
2928,2928,98
2929,2929,97
2930,2930,97
2931,2931,98
2932,2932,99
2933,2933,99
2934,2934,99
2935,2935,99
2936,2936,99
2937,2937,99
2938,2938,99
2939,2939,99
2940,2940,99
2941,2941,99
2942,2942,99
2943,2943,99
2944,2944,100
2945,2945,100
2946,2946,100
2947,2947,100
2948,2948,100
2949,2949,100
2950,2950,100
2951,2951,100
2952,2952,100
2953,2953,100
2954,2954,100
2955,2955,100
2956,2956,100
2957,2957,101
2958,2958,102
2959,2959,102
2960,2960,102
2961,2961,102
2962,2962,103
2963,2963,103
2964,2964,103
2965,2965,103
2966,2966,104
2967,2967,104
2968,2968,104
2969,2969,104
2970,2970,105
2971,2971,106
2972,2972,106
2973,2973,108
2974,2974,108
2975,2975,107
2976,2976,107
2977,2977,107
2978,2978,107
2979,2979,107
2980,2980,107
2981,2981,107
2982,2982,107
2983,2983,107
2984,2984,108
2985,2985,108
2986,2986,108
2987,2987,108
2988,2988,109
2989,2989,110
2990,2990,110
2991,2991,110
2992,2992,112
2993,2993,112
2994,2994,112
2995,2995,112
2996,2996,112
2997,2997,112
2998,2998,112
2999,2999,112
3000,3000,112
3001,3001,112
3002,3002,112
3003,3003,112
3004,3004,113
3005,3005,113
3006,3006,113
3007,3007,114
3008,3008,114
3009,3009,114
3010,3010,114
3011,3011,114
3012,3012,114
3013,3013,114
3014,3014,114
3015,3015,114
3016,3016,115
3017,3017,117
3018,3018,117
3019,3019,117
3020,3020,119
3021,3021,119
3022,3022,119
3023,3023,120
3024,3024,120
3025,3025,120
3026,3026,120
3027,3027,120
3028,3028,120
3029,3029,120
3030,3030,120
3031,3031,120
3032,3032,120
3033,3033,121
3034,3034,121
3035,3035,121
3036,3036,122
3037,3037,122
3038,3038,122
3039,3039,123
3040,3040,123
3041,3041,123
3042,3042,123
3043,3043,123
3044,3044,123
3045,3045,123
3046,3046,123
3047,3047,123
3048,3048,123
3049,3049,123
3050,3050,123
3051,3051,124
3052,3052,124
3053,3053,124
3054,3054,124
3055,3055,124
3056,3056,123
3057,3057,122
3058,3058,123
3059,3059,122
3060,3060,122
3061,3061,123
3062,3062,122
3063,3063,123
3064,3064,122
3065,3065,121
3066,3066,120
3067,3067,122
3068,3068,122
3069,3069,121
3070,3070,121
3071,3071,121
3072,3072,120
3073,3073,119
3074,3074,119
3075,3075,118
3076,3076,117
3077,3077,117
3078,3078,118
3079,3079,118
3080,3080,117
3081,3081,117
3082,3082,116
3083,3083,115
3084,3084,114
3085,3085,114
3086,3086,114
3087,3087,114
3088,3088,113
3089,3089,114
3090,3090,113
3091,3091,112
3092,3092,111
3093,3093,111
3094,3094,110
3095,3095,109
3096,3096,109
3097,3097,110
3098,3098,111
3099,3099,111
3100,3100,111
3101,3101,110
3102,3102,110
3103,3103,110
3104,3104,110
3105,3105,110
3106,3106,111
3107,3107,111
3108,3108,113
3109,3109,113
3110,3110,113
3111,3111,113
3112,3112,114
3113,3113,114
3114,3114,114
3115,3115,114
3116,3116,115
3117,3117,115
3118,3118,115
3119,3119,115
3120,3120,116
3121,3121,116
3122,3122,116
3123,3123,118
3124,3124,119
3125,3125,119
3126,3126,119
3127,3127,120
3128,3128,120
3129,3129,120
3130,3130,120
3131,3131,121
3132,3132,121
3133,3133,121
3134,3134,122
3135,3135,123
3136,3136,123
3137,3137,123
3138,3138,126
3139,3139,126
3140,3140,126
3141,3141,127
3142,3142,128
3143,3143,128
3144,3144,128
3145,3145,130
3146,3146,131
3147,3147,131
3148,3148,131
3149,3149,132
3150,3150,133
3151,3151,134
3152,3152,134
3153,3153,134
3154,3154,134
3155,3155,134
3156,3156,135
3157,3157,135
3158,3158,135
3159,3159,135
3160,3160,135
3161,3161,135
3162,3162,135
3163,3163,135
3164,3164,135
3165,3165,136
3166,3166,136
3167,3167,136
3168,3168,136
3169,3169,137
3170,3170,137
3171,3171,137
3172,3172,137
3173,3173,138
3174,3174,138
3175,3175,138
3176,3176,138
3177,3177,138
3178,3178,139
3179,3179,139
3180,3180,139
3181,3181,139
3182,3182,140
3183,3183,141
3184,3184,141
3185,3185,141
3186,3186,143
3187,3187,144
3188,3188,144
3189,3189,144
3190,3190,144
3191,3191,144
3192,3192,144
3193,3193,144
3194,3194,144
3195,3195,144
3196,3196,144
3197,3197,145
3198,3198,145
3199,3199,145
3200,3200,145
3201,3201,145
3202,3202,146
3203,3203,146
3204,3204,147
3205,3205,148
3206,3206,148
3207,3207,149
3208,3208,150
3209,3209,150
3210,3210,152
3211,3211,152
3212,3212,153
3213,3213,153
3214,3214,153
3215,3215,153
3216,3216,154
3217,3217,157
3218,3218,158
3219,3219,158
3220,3220,158
3221,3221,158
3222,3222,158
3223,3223,159
3224,3224,159
3225,3225,160
3226,3226,160
3227,3227,160
3228,3228,161
3229,3229,162
3230,3230,162
3231,3231,162
3232,3232,162
3233,3233,164
3234,3234,165
3235,3235,165
3236,3236,165
3237,3237,165
3238,3238,165
3239,3239,166
3240,3240,167
3241,3241,167
3242,3242,167
3243,3243,167
3244,3244,168
3245,3245,168
3246,3246,168
3247,3247,168
3248,3248,168
3249,3249,169
3250,3250,169
3251,3251,170
3252,3252,170
3253,3253,170
3254,3254,170
3255,3255,170
3256,3256,171
3257,3257,171
3258,3258,171
3259,3259,171
3260,3260,171
3261,3261,172
3262,3262,172
3263,3263,172
3264,3264,172
3265,3265,172
3266,3266,172
3267,3267,172
3268,3268,173
3269,3269,174
3270,3270,174
3271,3271,174
3272,3272,175
3273,3273,176
3274,3274,176
3275,3275,178
3276,3276,178
3277,3277,178
3278,3278,178
3279,3279,178
3280,3280,178
3281,3281,179
3282,3282,179
3283,3283,179
3284,3284,179
3285,3285,180
3286,3286,180
3287,3287,180
3288,3288,180
3289,3289,180
3290,3290,180
3291,3291,180
3292,3292,180
3293,3293,181
3294,3294,181
3295,3295,181
3296,3296,181
3297,3297,181
3298,3298,181
3299,3299,181
3300,3300,181
3301,3301,182
3302,3302,183
3303,3303,183
3304,3304,183
3305,3305,183
3306,3306,183
3307,3307,183
3308,3308,183
3309,3309,184
3310,3310,184
3311,3311,184
3312,3312,184
3313,3313,184
3314,3314,184
3315,3315,184
3316,3316,184
3317,3317,185
3318,3318,185
3319,3319,185
3320,3320,185
3321,3321,185
3322,3322,186
3323,3323,186
3324,3324,186
3325,3325,186
3326,3326,186
3327,3327,188
3328,3328,188
3329,3329,188
3330,3330,188
3331,3331,188
3332,3332,188
3333,3333,188
3334,3334,188
3335,3335,188
3336,3336,188
3337,3337,189
3338,3338,190
3339,3339,191
3340,3340,193
3341,3341,193
3342,3342,193
3343,3343,193
3344,3344,194
3345,3345,196
3346,3346,196
3347,3347,197
3348,3348,197
3349,3349,198
3350,3350,198
3351,3351,198
3352,3352,197
3353,3353,197
3354,3354,197
3355,3355,198
3356,3356,198
3357,3357,198
3358,3358,198
3359,3359,199
3360,3360,200
3361,3361,200
3362,3362,200
3363,3363,200
3364,3364,200
3365,3365,201
3366,3366,202
3367,3367,203
3368,3368,203
3369,3369,203
3370,3370,203
3371,3371,204
3372,3372,205
3373,3373,206
3374,3374,206
3375,3375,207
3376,3376,207
3377,3377,206
3378,3378,208
3379,3379,208
3380,3380,208
3381,3381,208
3382,3382,208
3383,3383,209
3384,3384,210
3385,3385,211
3386,3386,211
3387,3387,212
3388,3388,212
3389,3389,212
3390,3390,212
3391,3391,212
3392,3392,212
3393,3393,212
3394,3394,212
3395,3395,213
3396,3396,213
3397,3397,214
3398,3398,214
3399,3399,214
3400,3400,214
3401,3401,215
3402,3402,215
3403,3403,215
3404,3404,215
3405,3405,215
3406,3406,215
3407,3407,216
3408,3408,216
3409,3409,216
3410,3410,217
3411,3411,217
3412,3412,217
3413,3413,217
3414,3414,217
3415,3415,217
3416,3416,217
3417,3417,217
3418,3418,217
3419,3419,217
3420,3420,217
3421,3421,219
3422,3422,219
3423,3423,219
3424,3424,219
3425,3425,219
3426,3426,219
3427,3427,219
3428,3428,219
3429,3429,219
3430,3430,219
3431,3431,220
3432,3432,221
3433,3433,221
3434,3434,221
3435,3435,221
3436,3436,221
3437,3437,222
3438,3438,222
3439,3439,222
3440,3440,225
3441,3441,225
3442,3442,225
3443,3443,225
3444,3444,225
3445,3445,225
3446,3446,225
3447,3447,225
3448,3448,225
3449,3449,226
3450,3450,226
3451,3451,227
3452,3452,227
3453,3453,227
3454,3454,227
3455,3455,227
3456,3456,227
3457,3457,227
3458,3458,228
3459,3459,229
3460,3460,230
3461,3461,230
3462,3462,230
3463,3463,230
3464,3464,231
3465,3465,231
3466,3466,232
3467,3467,232
3468,3468,233
3469,3469,233
3470,3470,233
3471,3471,233
3472,3472,234
3473,3473,234
3474,3474,234
3475,3475,234
3476,3476,236
3477,3477,236
3478,3478,237
3479,3479,237
3480,3480,237
3481,3481,237
3482,3482,237
3483,3483,237
3484,3484,237
3485,3485,237
3486,3486,238
3487,3487,238
3488,3488,239
3489,3489,240
3490,3490,241
3491,3491,241
3492,3492,241
3493,3493,241
3494,3494,241
3495,3495,241
3496,3496,241
3497,3497,241
3498,3498,243
3499,3499,244
3500,3500,244
3501,3501,244
3502,3502,244
3503,3503,245
3504,3504,245
3505,3505,245
3506,3506,245
3507,3507,245
3508,3508,245
3509,3509,245
3510,3510,245
3511,3511,246
3512,3512,246
3513,3513,246
3514,3514,246
3515,3515,246
3516,3516,246
3517,3517,246
3518,3518,246
3519,3519,246
3520,3520,246
3521,3521,246
3522,3522,246
3523,3523,246
3524,3524,247
3525,3525,248
3526,3526,248
3527,3527,248
3528,3528,248
3529,3529,248
3530,3530,249
3531,3531,249
3532,3532,249
3533,3533,249
3534,3534,249
3535,3535,249
3536,3536,250
3537,3537,250
3538,3538,250
3539,3539,250
3540,3540,250
3541,3541,251
3542,3542,252
3543,3543,252
3544,3544,252
3545,3545,253
3546,3546,253
3547,3547,254
3548,3548,255
3549,3549,255
3550,3550,255
3551,3551,256
3552,3552,256
3553,3553,256
3554,3554,257
3555,3555,257
3556,3556,257
3557,3557,257
3558,3558,257
3559,3559,257
3560,3560,257
3561,3561,257
3562,3562,257
3563,3563,258
3564,3564,258
3565,3565,258
3566,3566,258
3567,3567,258
3568,3568,258
3569,3569,258
3570,3570,258
3571,3571,258
3572,3572,258
3573,3573,258
3574,3574,259
3575,3575,259
3576,3576,259
3577,3577,259
3578,3578,259
3579,3579,259
3580,3580,260
3581,3581,260
3582,3582,260
3583,3583,261
3584,3584,261
3585,3585,261
3586,3586,261
3587,3587,261
3588,3588,261
3589,3589,261
3590,3590,261
3591,3591,262
3592,3592,262
3593,3593,263
3594,3594,263
3595,3595,264
3596,3596,264
3597,3597,264
3598,3598,264
3599,3599,264
3600,3600,265
3601,3601,265
3602,3602,265
3603,3603,265
3604,3604,267
3605,3605,267
3606,3606,268
3607,3607,268
3608,3608,268
3609,3609,268
3610,3610,268
3611,3611,268
3612,3612,268
3613,3613,268
3614,3614,268
3615,3615,268
3616,3616,268
3617,3617,269
3618,3618,269
3619,3619,270
3620,3620,270
3621,3621,270
3622,3622,269
3623,3623,271
3624,3624,271
3625,3625,271
3626,3626,272
3627,3627,272
3628,3628,272
3629,3629,272
3630,3630,273
3631,3631,273
3632,3632,274
3633,3633,274
3634,3634,274
3635,3635,275
3636,3636,276
3637,3637,276
3638,3638,276
3639,3639,276
3640,3640,277
3641,3641,277
3642,3642,277
3643,3643,277
3644,3644,277
3645,3645,277
3646,3646,279
3647,3647,279
3648,3648,280
3649,3649,280
3650,3650,280
3651,3651,280
3652,3652,280
3653,3653,280
3654,3654,281
3655,3655,281
3656,3656,281
3657,3657,281
3658,3658,281
3659,3659,281
3660,3660,281
3661,3661,281
3662,3662,281
3663,3663,281
3664,3664,281
3665,3665,282
3666,3666,282
3667,3667,282
3668,3668,282
3669,3669,282
3670,3670,283
3671,3671,283
3672,3672,284
3673,3673,284
3674,3674,284
3675,3675,284
3676,3676,284
3677,3677,284
3678,3678,285
3679,3679,285
3680,3680,285
3681,3681,285
3682,3682,285
3683,3683,286
3684,3684,286
3685,3685,288
3686,3686,288
3687,3687,288
3688,3688,288
3689,3689,288
3690,3690,288
3691,3691,288
3692,3692,288
3693,3693,288
3694,3694,289
3695,3695,289
3696,3696,289
3697,3697,289
3698,3698,289
3699,3699,289
3700,3700,291
3701,3701,291
3702,3702,291
3703,3703,291
3704,3704,291
3705,3705,291
3706,3706,291
3707,3707,292
3708,3708,292
3709,3709,292
3710,3710,292
3711,3711,293
3712,3712,293
3713,3713,293
3714,3714,294
3715,3715,294
3716,3716,295
3717,3717,296
3718,3718,296
3719,3719,296
3720,3720,297
3721,3721,298
3722,3722,298
3723,3723,298
3724,3724,298
3725,3725,298
3726,3726,298
3727,3727,298
3728,3728,298
3729,3729,298
3730,3730,299
3731,3731,299
3732,3732,299
3733,3733,300
3734,3734,300
3735,3735,300
3736,3736,300
3737,3737,300
3738,3738,301
3739,3739,301
3740,3740,301
3741,3741,301
3742,3742,301
3743,3743,301
3744,3744,301
3745,3745,301
3746,3746,301
3747,3747,300
3748,3748,300
3749,3749,301
3750,3750,301
3751,3751,303
3752,3752,303
3753,3753,303
3754,3754,303
3755,3755,303
3756,3756,303
3757,3757,303
3758,3758,304
3759,3759,305
3760,3760,305
3761,3761,305
3762,3762,306
3763,3763,306
3764,3764,307
3765,3765,307
3766,3766,307
3767,3767,307
3768,3768,308
3769,3769,308
3770,3770,308
3771,3771,309
3772,3772,308
3773,3773,309
3774,3774,308
3775,3775,308
3776,3776,308
3777,3777,307
3778,3778,307
3779,3779,307
3780,3780,306
3781,3781,306
3782,3782,306
3783,3783,305
3784,3784,305
3785,3785,304
3786,3786,304
3787,3787,305
3788,3788,304
3789,3789,305
3790,3790,304
3791,3791,305
3792,3792,305
3793,3793,304
3794,3794,304
3795,3795,303
3796,3796,303
3797,3797,303
3798,3798,304
3799,3799,304
3800,3800,303
3801,3801,303
3802,3802,303
3803,3803,303
3804,3804,302
3805,3805,303
3806,3806,302
3807,3807,302
3808,3808,301
3809,3809,301
3810,3810,300
3811,3811,300
3812,3812,299
3813,3813,300
3814,3814,300
3815,3815,301
3816,3816,301
3817,3817,300
3818,3818,300
3819,3819,299
3820,3820,298
3821,3821,298
3822,3822,297
3823,3823,296
3824,3824,296
3825,3825,295
3826,3826,294
3827,3827,295
3828,3828,294
3829,3829,293
3830,3830,295
3831,3831,294
3832,3832,293
3833,3833,294
3834,3834,293
3835,3835,292
3836,3836,291
3837,3837,291
3838,3838,290
3839,3839,289
3840,3840,288
3841,3841,288
3842,3842,287
3843,3843,286
3844,3844,285
3845,3845,284
3846,3846,284
3847,3847,283
3848,3848,282
3849,3849,281
3850,3850,280
3851,3851,279
3852,3852,279
3853,3853,278
3854,3854,277
3855,3855,278
3856,3856,277
3857,3857,276
3858,3858,275
3859,3859,274
3860,3860,274
3861,3861,273
3862,3862,272
3863,3863,272
3864,3864,271
3865,3865,270
3866,3866,269
3867,3867,269
3868,3868,268
3869,3869,267
3870,3870,266
3871,3871,266
3872,3872,266
3873,3873,265
3874,3874,264
3875,3875,264
3876,3876,263
3877,3877,262
3878,3878,262
3879,3879,261
3880,3880,260
3881,3881,259
3882,3882,259
3883,3883,258
3884,3884,259
3885,3885,259
3886,3886,258
3887,3887,257
3888,3888,257
3889,3889,257
3890,3890,256
3891,3891,255
3892,3892,255
3893,3893,254
3894,3894,255
3895,3895,255
3896,3896,254
3897,3897,253
3898,3898,252
3899,3899,251
3900,3900,251
3901,3901,251
3902,3902,251
3903,3903,250
3904,3904,249
3905,3905,248
3906,3906,249
3907,3907,248
3908,3908,247
3909,3909,247
3910,3910,247
3911,3911,247
3912,3912,246
3913,3913,245
3914,3914,245
3915,3915,244
3916,3916,245
3917,3917,246
3918,3918,245
3919,3919,244
3920,3920,244
3921,3921,244
3922,3922,243
3923,3923,243
3924,3924,242
3925,3925,241
3926,3926,242
3927,3927,241
3928,3928,240
3929,3929,239
3930,3930,238
3931,3931,238
3932,3932,237
3933,3933,236
3934,3934,235
3935,3935,235
3936,3936,234
3937,3937,233
3938,3938,232
3939,3939,231
3940,3940,231
3941,3941,230
3942,3942,229
3943,3943,230
3944,3944,231
3945,3945,230
3946,3946,229
3947,3947,228
3948,3948,228
3949,3949,228
3950,3950,227
3951,3951,226
3952,3952,226
3953,3953,225
3954,3954,226
3955,3955,225
3956,3956,225
3957,3957,224
3958,3958,223
3959,3959,222
3960,3960,222
3961,3961,222
3962,3962,221
3963,3963,220
3964,3964,220
3965,3965,219
3966,3966,218
3967,3967,218
3968,3968,218
3969,3969,217
3970,3970,216
3971,3971,216
3972,3972,215
3973,3973,215
3974,3974,214
3975,3975,214
3976,3976,213
3977,3977,212
3978,3978,212
3979,3979,211
3980,3980,211
3981,3981,210
3982,3982,210
3983,3983,209
3984,3984,208
3985,3985,208
3986,3986,208
3987,3987,208
3988,3988,209
3989,3989,208
3990,3990,207
3991,3991,206
3992,3992,206
3993,3993,205
3994,3994,204
3995,3995,204
3996,3996,203
3997,3997,202
3998,3998,202
3999,3999,201
4000,4000,201
4001,4001,201
4002,4002,200
4003,4003,199
4004,4004,199
4005,4005,198
4006,4006,197
4007,4007,197
4008,4008,196
4009,4009,195
4010,4010,195
4011,4011,195
4012,4012,195
4013,4013,195
4014,4014,195
4015,4015,195
4016,4016,195
4017,4017,195
4018,4018,195
4019,4019,195
4020,4020,195
4021,4021,195
4022,4022,196
4023,4023,196
4024,4024,197
4025,4025,198
4026,4026,198
4027,4027,198
4028,4028,199
4029,4029,199
4030,4030,200
4031,4031,200
4032,4032,200
4033,4033,200
4034,4034,202
4035,4035,202
4036,4036,203
4037,4037,203
4038,4038,204
4039,4039,205
4040,4040,206
4041,4041,206
4042,4042,206
4043,4043,206
4044,4044,207
4045,4045,207
4046,4046,208
4047,4047,209
4048,4048,209
4049,4049,210
4050,4050,210
4051,4051,210
4052,4052,210
4053,4053,211
4054,4054,211
4055,4055,211
4056,4056,211
4057,4057,211
4058,4058,211
4059,4059,211
4060,4060,211
4061,4061,212
4062,4062,212
4063,4063,213
4064,4064,213
4065,4065,213
4066,4066,213
4067,4067,213
4068,4068,214
4069,4069,214
4070,4070,214
4071,4071,214
4072,4072,214
4073,4073,214
4074,4074,214
4075,4075,214
4076,4076,214
4077,4077,217
4078,4078,217
4079,4079,217
4080,4080,217
4081,4081,218
4082,4082,218
4083,4083,218
4084,4084,218
4085,4085,219
4086,4086,219
4087,4087,220
4088,4088,220
4089,4089,222
4090,4090,222
4091,4091,222
4092,4092,222
4093,4093,223
4094,4094,223
4095,4095,224
4096,4096,224
4097,4097,225
4098,4098,225
4099,4099,225
4100,4100,226
4101,4101,227
4102,4102,227
4103,4103,227
4104,4104,227
4105,4105,228
4106,4106,230
4107,4107,230
4108,4108,230
4109,4109,231
4110,4110,232
4111,4111,233
4112,4112,233
4113,4113,233
4114,4114,234
4115,4115,234
4116,4116,234
4117,4117,234
4118,4118,234
4119,4119,234
4120,4120,234
4121,4121,234
4122,4122,234
4123,4123,234
4124,4124,234
4125,4125,234
4126,4126,234
4127,4127,235
4128,4128,236
4129,4129,236
4130,4130,236
4131,4131,236
4132,4132,237
4133,4133,237
4134,4134,237
4135,4135,237
4136,4136,237
4137,4137,237
4138,4138,237
4139,4139,237
4140,4140,237
4141,4141,238
4142,4142,238
4143,4143,239
4144,4144,239
4145,4145,239
4146,4146,239
4147,4147,239
4148,4148,239
4149,4149,239
4150,4150,239
4151,4151,239
4152,4152,239
4153,4153,239
4154,4154,239
4155,4155,239
4156,4156,239
4157,4157,240
4158,4158,241
4159,4159,241
4160,4160,241
4161,4161,241
4162,4162,243
4163,4163,243
4164,4164,244
4165,4165,244
4166,4166,244
4167,4167,244
4168,4168,244
4169,4169,245
4170,4170,246
4171,4171,246
4172,4172,247
4173,4173,247
4174,4174,248
4175,4175,248
4176,4176,248
4177,4177,249
4178,4178,249
4179,4179,250
4180,4180,249
4181,4181,249
4182,4182,249
4183,4183,249
4184,4184,249
4185,4185,249
4186,4186,249
4187,4187,249
4188,4188,249
4189,4189,249
4190,4190,250
4191,4191,250
4192,4192,251
4193,4193,251
4194,4194,251
4195,4195,251
4196,4196,251
4197,4197,251
4198,4198,251
4199,4199,252
4200,4200,252
4201,4201,252
4202,4202,252
4203,4203,253
4204,4204,253
4205,4205,253
4206,4206,254
4207,4207,254
4208,4208,254
4209,4209,255
4210,4210,256
4211,4211,256
4212,4212,256
4213,4213,257
4214,4214,257
4215,4215,257
4216,4216,257
4217,4217,257
4218,4218,258
4219,4219,259
4220,4220,259
4221,4221,259
4222,4222,259
4223,4223,260
4224,4224,260
4225,4225,260
4226,4226,260
4227,4227,260
4228,4228,260
4229,4229,260
4230,4230,261
4231,4231,261
4232,4232,261
4233,4233,261
4234,4234,261
4235,4235,262
4236,4236,262
4237,4237,262
4238,4238,262
4239,4239,262
4240,4240,262
4241,4241,262
4242,4242,262
4243,4243,262
4244,4244,262
4245,4245,262
4246,4246,262
4247,4247,262
4248,4248,263
4249,4249,263
4250,4250,263
4251,4251,263
4252,4252,263
4253,4253,263
4254,4254,263
4255,4255,263
4256,4256,263
4257,4257,263
4258,4258,263
4259,4259,263
4260,4260,263
4261,4261,265
4262,4262,265
4263,4263,265
4264,4264,267
4265,4265,267
4266,4266,266
4267,4267,267
4268,4268,267
4269,4269,267
4270,4270,267
4271,4271,267
4272,4272,267
4273,4273,268
4274,4274,268
4275,4275,270
4276,4276,270
4277,4277,271
4278,4278,271
4279,4279,271
4280,4280,271
4281,4281,271
4282,4282,271
4283,4283,272
4284,4284,272
4285,4285,272
4286,4286,272
4287,4287,272
4288,4288,273
4289,4289,273
4290,4290,274
4291,4291,274
4292,4292,274
4293,4293,274
4294,4294,275
4295,4295,275
4296,4296,276
4297,4297,276
4298,4298,276
4299,4299,276
4300,4300,277
4301,4301,277
4302,4302,277
4303,4303,279
4304,4304,279
4305,4305,280
4306,4306,280
4307,4307,280
4308,4308,280
4309,4309,280
4310,4310,281
4311,4311,281
4312,4312,281
4313,4313,282
4314,4314,282
4315,4315,282
4316,4316,282
4317,4317,283
4318,4318,284
4319,4319,284
4320,4320,284
4321,4321,284
4322,4322,284
4323,4323,284
4324,4324,284
4325,4325,284
4326,4326,285
4327,4327,285
4328,4328,285
4329,4329,285
4330,4330,285
4331,4331,285
4332,4332,286
4333,4333,286
4334,4334,287
4335,4335,287
4336,4336,287
4337,4337,288
4338,4338,288
4339,4339,288
4340,4340,288
4341,4341,289
4342,4342,289
4343,4343,289
4344,4344,289
4345,4345,290
4346,4346,290
4347,4347,290
4348,4348,290
4349,4349,292
4350,4350,292
4351,4351,292
4352,4352,293
4353,4353,293
4354,4354,293
4355,4355,294
4356,4356,294
4357,4357,294
4358,4358,294
4359,4359,294
4360,4360,295
4361,4361,296
4362,4362,296
4363,4363,296
4364,4364,296
4365,4365,296
4366,4366,296
4367,4367,296
4368,4368,297
4369,4369,297
4370,4370,297
4371,4371,297
4372,4372,298
4373,4373,298
4374,4374,298
4375,4375,298
4376,4376,299
4377,4377,299
4378,4378,300
4379,4379,300
4380,4380,300
4381,4381,300
4382,4382,300
4383,4383,300
4384,4384,300
4385,4385,301
4386,4386,301
4387,4387,300
4388,4388,300
4389,4389,300
4390,4390,300
4391,4391,300
4392,4392,300
4393,4393,300
4394,4394,300
4395,4395,301
4396,4396,301
4397,4397,301
4398,4398,301
4399,4399,301
4400,4400,301
4401,4401,301
4402,4402,301
4403,4403,301
4404,4404,301
4405,4405,301
4406,4406,301
4407,4407,301
4408,4408,302
4409,4409,303
4410,4410,304
4411,4411,304
4412,4412,305
4413,4413,305
4414,4414,305
4415,4415,305
4416,4416,305
4417,4417,306
4418,4418,306
4419,4419,306
4420,4420,306
4421,4421,306
4422,4422,306
4423,4423,306
4424,4424,306
4425,4425,306
4426,4426,306
4427,4427,306
4428,4428,306
4429,4429,306
4430,4430,306
4431,4431,306
4432,4432,307
4433,4433,307
4434,4434,307
4435,4435,308
4436,4436,308
4437,4437,308
4438,4438,308
4439,4439,308
4440,4440,308
4441,4441,308
4442,4442,308
4443,4443,309
4444,4444,310
4445,4445,310
4446,4446,310
4447,4447,310
4448,4448,311
4449,4449,312
4450,4450,312
4451,4451,312
4452,4452,312
4453,4453,314
4454,4454,315
4455,4455,316
4456,4456,316
4457,4457,316
4458,4458,316
4459,4459,316
4460,4460,316
4461,4461,316
4462,4462,318
4463,4463,318
4464,4464,318
4465,4465,318
4466,4466,318
4467,4467,318
4468,4468,318
4469,4469,318
4470,4470,318
4471,4471,318
4472,4472,320
4473,4473,320
4474,4474,320
4475,4475,320
4476,4476,320
4477,4477,320
4478,4478,320
4479,4479,320
4480,4480,320
4481,4481,320
4482,4482,322
4483,4483,322
4484,4484,322
4485,4485,322
4486,4486,322
4487,4487,323
4488,4488,323
4489,4489,323
4490,4490,323
4491,4491,323
4492,4492,323
4493,4493,323
4494,4494,323
4495,4495,324
4496,4496,324
4497,4497,325
4498,4498,325
4499,4499,325
4500,4500,326
4501,4501,326
4502,4502,326
4503,4503,326
4504,4504,326
4505,4505,327
4506,4506,327
4507,4507,327
4508,4508,328
4509,4509,328
4510,4510,328
4511,4511,328
4512,4512,328
4513,4513,328
4514,4514,328
4515,4515,328
4516,4516,328
4517,4517,328
4518,4518,328
4519,4519,328
4520,4520,328
4521,4521,328
4522,4522,329
4523,4523,329
4524,4524,329
4525,4525,329
4526,4526,329
4527,4527,329
4528,4528,329
4529,4529,329
4530,4530,329
4531,4531,330
4532,4532,330
4533,4533,332
4534,4534,332
4535,4535,332
4536,4536,333
4537,4537,333
4538,4538,333
4539,4539,333
4540,4540,333
4541,4541,334
4542,4542,334
4543,4543,334
4544,4544,334
4545,4545,334
4546,4546,334
4547,4547,334
4548,4548,335
4549,4549,336
4550,4550,336
4551,4551,336
4552,4552,336
4553,4553,336
4554,4554,336
4555,4555,336
4556,4556,336
4557,4557,336
4558,4558,336
4559,4559,338
4560,4560,338
4561,4561,338
4562,4562,338
4563,4563,338
4564,4564,339
4565,4565,339
4566,4566,339
4567,4567,340
4568,4568,340
4569,4569,341
4570,4570,342
4571,4571,342
4572,4572,342
4573,4573,342
4574,4574,342
4575,4575,342
4576,4576,343
4577,4577,343
4578,4578,343
4579,4579,343
4580,4580,343
4581,4581,343
4582,4582,343
4583,4583,343
4584,4584,343
4585,4585,343
4586,4586,344
4587,4587,344
4588,4588,345
4589,4589,345
4590,4590,345
4591,4591,347
4592,4592,347
4593,4593,347
4594,4594,348
4595,4595,348
4596,4596,348
4597,4597,348
4598,4598,350
4599,4599,350
4600,4600,350
4601,4601,350
4602,4602,351
4603,4603,352
4604,4604,353
4605,4605,353
4606,4606,353
4607,4607,353
4608,4608,353
4609,4609,353
4610,4610,353
4611,4611,353
4612,4612,353
4613,4613,353
4614,4614,353
4615,4615,354
4616,4616,354
4617,4617,354
4618,4618,354
4619,4619,355
4620,4620,356
4621,4621,356
4622,4622,356
4623,4623,356
4624,4624,356
4625,4625,356
4626,4626,356
4627,4627,356
4628,4628,356
4629,4629,357
4630,4630,357
4631,4631,357
4632,4632,358
4633,4633,358
4634,4634,358
4635,4635,358
4636,4636,358
4637,4637,358
4638,4638,358
4639,4639,358
4640,4640,359
4641,4641,359
4642,4642,359
4643,4643,359
4644,4644,359
4645,4645,359
4646,4646,359
4647,4647,359
4648,4648,360
4649,4649,360
4650,4650,360
4651,4651,361
4652,4652,362
4653,4653,363
4654,4654,363
4655,4655,363
4656,4656,363
4657,4657,363
4658,4658,363
4659,4659,363
4660,4660,364
4661,4661,363
4662,4662,363
4663,4663,363
4664,4664,363
4665,4665,363
4666,4666,363
4667,4667,363
4668,4668,363
4669,4669,362
4670,4670,362
4671,4671,362
4672,4672,362
4673,4673,362
4674,4674,362
4675,4675,362
4676,4676,362
4677,4677,362
4678,4678,362
4679,4679,362
4680,4680,362
4681,4681,362
4682,4682,364
4683,4683,364
4684,4684,364
4685,4685,365
4686,4686,364
4687,4687,365
4688,4688,365
4689,4689,365
4690,4690,365
4691,4691,365
4692,4692,365
4693,4693,365
4694,4694,365
4695,4695,365
4696,4696,367
4697,4697,367
4698,4698,368
4699,4699,368
4700,4700,367
4701,4701,368
4702,4702,368
4703,4703,368
4704,4704,369
4705,4705,369
4706,4706,369
4707,4707,369
4708,4708,369
4709,4709,369
4710,4710,370
4711,4711,370
4712,4712,370
4713,4713,370
4714,4714,370
4715,4715,370
4716,4716,370
4717,4717,370
4718,4718,370
4719,4719,370
4720,4720,370
4721,4721,370
4722,4722,370
4723,4723,370
4724,4724,370
4725,4725,370
4726,4726,370
4727,4727,370
4728,4728,370
4729,4729,370
4730,4730,370
4731,4731,370
4732,4732,370
4733,4733,370
4734,4734,370
4735,4735,370
4736,4736,371
4737,4737,371
4738,4738,371
4739,4739,371
4740,4740,371
4741,4741,370
4742,4742,370
4743,4743,371
4744,4744,371
4745,4745,371
4746,4746,371
4747,4747,371
4748,4748,371
4749,4749,371
4750,4750,371
4751,4751,371
4752,4752,371
4753,4753,371
4754,4754,371
4755,4755,371
4756,4756,370
4757,4757,371
4758,4758,371
4759,4759,371
4760,4760,371
4761,4761,371
4762,4762,371
4763,4763,372
4764,4764,372
4765,4765,372
4766,4766,372
4767,4767,373
4768,4768,373
4769,4769,373
4770,4770,373
4771,4771,373
4772,4772,373
4773,4773,373
4774,4774,375
4775,4775,375
4776,4776,375
4777,4777,375
4778,4778,375
4779,4779,375
4780,4780,375
4781,4781,375
4782,4782,375
4783,4783,375
4784,4784,375
4785,4785,375
4786,4786,375
4787,4787,375
4788,4788,375
4789,4789,374
4790,4790,374
4791,4791,374
4792,4792,375
4793,4793,375
4794,4794,375
4795,4795,375
4796,4796,374
4797,4797,374
4798,4798,374
4799,4799,375
4800,4800,375
4801,4801,375
4802,4802,374
4803,4803,374
4804,4804,374
4805,4805,375
4806,4806,376
4807,4807,376
4808,4808,376
4809,4809,375
4810,4810,376
4811,4811,379
4812,4812,379
4813,4813,380
4814,4814,380
4815,4815,379
4816,4816,379
4817,4817,379
4818,4818,379
4819,4819,380
4820,4820,380
4821,4821,379
4822,4822,379
4823,4823,379
4824,4824,379
4825,4825,380
4826,4826,380
4827,4827,380
4828,4828,380
4829,4829,379
4830,4830,379
4831,4831,379
4832,4832,379
4833,4833,379
4834,4834,379
4835,4835,380
4836,4836,381
4837,4837,382
4838,4838,382
4839,4839,382
4840,4840,382
4841,4841,382
4842,4842,382
4843,4843,383
4844,4844,383
4845,4845,384
4846,4846,384
4847,4847,384
4848,4848,384
4849,4849,384
4850,4850,384
4851,4851,384
4852,4852,384
4853,4853,383
4854,4854,383
4855,4855,382
4856,4856,383
4857,4857,382
4858,4858,383
4859,4859,382
4860,4860,382
4861,4861,381
4862,4862,381
4863,4863,381
4864,4864,381
4865,4865,380
4866,4866,380
4867,4867,380
4868,4868,380
4869,4869,380
4870,4870,379
4871,4871,380
4872,4872,379
4873,4873,379
4874,4874,378
4875,4875,378
4876,4876,377
4877,4877,376
4878,4878,376
4879,4879,375
4880,4880,375
4881,4881,374
4882,4882,373
4883,4883,373
4884,4884,373
4885,4885,372
4886,4886,373
4887,4887,372
4888,4888,371
4889,4889,371
4890,4890,371
4891,4891,370
4892,4892,371
4893,4893,370
4894,4894,369
4895,4895,369
4896,4896,368
4897,4897,367
4898,4898,366
4899,4899,368
4900,4900,367
4901,4901,367
4902,4902,366
4903,4903,366
4904,4904,365
4905,4905,364
4906,4906,363
4907,4907,363
4908,4908,363
4909,4909,362
4910,4910,361
4911,4911,360
4912,4912,359
4913,4913,359
4914,4914,358
4915,4915,358
4916,4916,357
4917,4917,357
4918,4918,356
4919,4919,356
4920,4920,357
4921,4921,357
4922,4922,356
4923,4923,355
4924,4924,354
4925,4925,353
4926,4926,352
4927,4927,352
4928,4928,351
4929,4929,350
4930,4930,349
4931,4931,348
4932,4932,347
4933,4933,346
4934,4934,348
4935,4935,347
4936,4936,346
4937,4937,345
4938,4938,345
4939,4939,344
4940,4940,343
4941,4941,343
4942,4942,342
4943,4943,342
4944,4944,341
4945,4945,340
4946,4946,339
4947,4947,338
4948,4948,339
4949,4949,338
4950,4950,337
4951,4951,339
4952,4952,338
4953,4953,338
4954,4954,337
4955,4955,336
4956,4956,335
4957,4957,334
4958,4958,333
4959,4959,333
4960,4960,332
4961,4961,331
4962,4962,330
4963,4963,330
4964,4964,329
4965,4965,329
4966,4966,328
4967,4967,327
4968,4968,326
4969,4969,325
4970,4970,325
4971,4971,324
4972,4972,323
4973,4973,322
4974,4974,321
4975,4975,322
4976,4976,321
4977,4977,320
4978,4978,320
4979,4979,319
4980,4980,319
4981,4981,318
4982,4982,317
4983,4983,316
4984,4984,316
4985,4985,315
4986,4986,314
4987,4987,313
4988,4988,312
4989,4989,312
4990,4990,311
4991,4991,310
4992,4992,310
4993,4993,310
4994,4994,309
4995,4995,308
4996,4996,309
4997,4997,309
4998,4998,308
4999,4999,308
5000,5000,307
5001,5001,306
5002,5002,306
5003,5003,305
5004,5004,304
5005,5005,303
5006,5006,303
5007,5007,302
5008,5008,301
5009,5009,300
5010,5010,301
5011,5011,301
5012,5012,301
5013,5013,300
5014,5014,300
5015,5015,299
5016,5016,298
5017,5017,298
5018,5018,297
5019,5019,296
5020,5020,295
5021,5021,295
5022,5022,294
5023,5023,293
5024,5024,292
5025,5025,292
5026,5026,291
5027,5027,290
5028,5028,290
5029,5029,289
5030,5030,288
5031,5031,287
5032,5032,287
5033,5033,286
5034,5034,285
5035,5035,285
5036,5036,285
5037,5037,284
5038,5038,284
5039,5039,284
5040,5040,283
5041,5041,282
5042,5042,282
5043,5043,281
5044,5044,280
5045,5045,280
5046,5046,279
5047,5047,278
5048,5048,277
5049,5049,277
5050,5050,276
5051,5051,275
5052,5052,276
5053,5053,275
5054,5054,274
5055,5055,274
5056,5056,273
5057,5057,272
5058,5058,272
5059,5059,271
5060,5060,271
5061,5061,271
5062,5062,270
5063,5063,269
5064,5064,270
5065,5065,270
5066,5066,270
5067,5067,270
5068,5068,270
5069,5069,270
5070,5070,270
5071,5071,271
5072,5072,271
5073,5073,271
5074,5074,271
5075,5075,272
5076,5076,272
5077,5077,272
5078,5078,273
5079,5079,273
5080,5080,274
5081,5081,274
5082,5082,274
5083,5083,274
5084,5084,275
5085,5085,275
5086,5086,275
5087,5087,277
5088,5088,276
5089,5089,276
5090,5090,276
5091,5091,276
5092,5092,276
5093,5093,276
5094,5094,276
5095,5095,276
5096,5096,277
5097,5097,277
5098,5098,277
5099,5099,277
5100,5100,278
5101,5101,278
5102,5102,278
5103,5103,279
5104,5104,279
5105,5105,279
5106,5106,279
5107,5107,280
5108,5108,280
5109,5109,280
5110,5110,280
5111,5111,281
5112,5112,282
5113,5113,282
5114,5114,283
5115,5115,283
5116,5116,284
5117,5117,284
5118,5118,285
5119,5119,285
5120,5120,285
5121,5121,285
5122,5122,286
5123,5123,286
5124,5124,286
5125,5125,286
5126,5126,288
5127,5127,289
5128,5128,290
5129,5129,291
5130,5130,292
5131,5131,292
5132,5132,292
5133,5133,293
5134,5134,293
5135,5135,293
5136,5136,293
5137,5137,294
5138,5138,294
5139,5139,294
5140,5140,294
5141,5141,294
5142,5142,295
5143,5143,296
5144,5144,296
5145,5145,296
5146,5146,296
5147,5147,296
5148,5148,297
5149,5149,297
5150,5150,297
5151,5151,297
5152,5152,298
5153,5153,298
5154,5154,298
5155,5155,299
5156,5156,300
5157,5157,300
5158,5158,300
5159,5159,301
5160,5160,302
5161,5161,302
5162,5162,302
5163,5163,302
5164,5164,303
5165,5165,304
5166,5166,305
5167,5167,305
5168,5168,306
5169,5169,308
5170,5170,308
5171,5171,308
5172,5172,308
5173,5173,308
5174,5174,309
5175,5175,309
5176,5176,309
5177,5177,309
5178,5178,310
5179,5179,310
5180,5180,310
5181,5181,310
5182,5182,310
5183,5183,310
5184,5184,310
5185,5185,311
5186,5186,311
5187,5187,311
5188,5188,311
5189,5189,311
5190,5190,311
5191,5191,311
5192,5192,312
5193,5193,313
5194,5194,313
5195,5195,313
5196,5196,313
5197,5197,314
5198,5198,315
5199,5199,316
5200,5200,317
5201,5201,317
5202,5202,317
5203,5203,319
5204,5204,319
5205,5205,319
5206,5206,319
5207,5207,319
5208,5208,320
5209,5209,320
5210,5210,322
5211,5211,322
5212,5212,323
5213,5213,325
5214,5214,325
5215,5215,325
5216,5216,325
5217,5217,325
5218,5218,326
5219,5219,326
5220,5220,326
5221,5221,326
5222,5222,327
5223,5223,327
5224,5224,328
5225,5225,328
5226,5226,328
5227,5227,329
5228,5228,330
5229,5229,331
5230,5230,331
5231,5231,331
5232,5232,331
5233,5233,331
5234,5234,331
5235,5235,332
5236,5236,333
5237,5237,333
5238,5238,333
5239,5239,333
5240,5240,333
5241,5241,333
5242,5242,334
5243,5243,334
5244,5244,334
5245,5245,334
5246,5246,335
5247,5247,336
5248,5248,336
5249,5249,336
5250,5250,336
5251,5251,337
5252,5252,337
5253,5253,337
5254,5254,337
5255,5255,338
5256,5256,338
5257,5257,339
5258,5258,340
5259,5259,340
5260,5260,340
5261,5261,340
5262,5262,341
5263,5263,342
5264,5264,342
5265,5265,342
5266,5266,343
5267,5267,343
5268,5268,343
5269,5269,345
5270,5270,345
5271,5271,345
5272,5272,346
5273,5273,346
5274,5274,346
5275,5275,348
5276,5276,348
5277,5277,348
5278,5278,348
5279,5279,348
5280,5280,348
5281,5281,348
5282,5282,350
5283,5283,350
5284,5284,350
5285,5285,350
5286,5286,350
5287,5287,351
5288,5288,351
5289,5289,351
5290,5290,351
5291,5291,352
5292,5292,352
5293,5293,352
5294,5294,352
5295,5295,352
5296,5296,353
5297,5297,353
5298,5298,354
5299,5299,354
5300,5300,354
5301,5301,354
5302,5302,354
5303,5303,354
5304,5304,354
5305,5305,354
5306,5306,355
5307,5307,355
5308,5308,355
5309,5309,355
5310,5310,355
5311,5311,355
5312,5312,355
5313,5313,355
5314,5314,355
5315,5315,355
5316,5316,355
5317,5317,355
5318,5318,355
5319,5319,355
5320,5320,355
5321,5321,355
5322,5322,355
5323,5323,355
5324,5324,356
5325,5325,356
5326,5326,359
5327,5327,359
5328,5328,359
5329,5329,359
5330,5330,359
5331,5331,360
5332,5332,360
5333,5333,360
5334,5334,361
5335,5335,361
5336,5336,361
5337,5337,361
5338,5338,362
5339,5339,362
5340,5340,362
5341,5341,362
5342,5342,362
5343,5343,362
5344,5344,362
5345,5345,362
5346,5346,362
5347,5347,362
5348,5348,362
5349,5349,362
5350,5350,362
5351,5351,362
5352,5352,362
5353,5353,362
5354,5354,362
5355,5355,363
5356,5356,363
5357,5357,363
5358,5358,365
5359,5359,365
5360,5360,365
5361,5361,366
5362,5362,366
5363,5363,366
5364,5364,366
5365,5365,367
5366,5366,367
5367,5367,367
5368,5368,367
5369,5369,367
5370,5370,367
5371,5371,367
5372,5372,368
5373,5373,368
5374,5374,369
5375,5375,369
5376,5376,369
5377,5377,369
5378,5378,369
5379,5379,369
5380,5380,371
5381,5381,371
5382,5382,371
5383,5383,371
5384,5384,372
5385,5385,372
5386,5386,373
5387,5387,373
5388,5388,373
5389,5389,373
5390,5390,373
5391,5391,374
5392,5392,374
5393,5393,374
5394,5394,374
5395,5395,374
5396,5396,374
5397,5397,374
5398,5398,376
5399,5399,376
5400,5400,377
5401,5401,378
5402,5402,377
5403,5403,378
5404,5404,378
5405,5405,378
5406,5406,378
5407,5407,378
5408,5408,378
5409,5409,378
5410,5410,378
5411,5411,378
5412,5412,379
5413,5413,379
5414,5414,381
5415,5415,381
5416,5416,381
5417,5417,381
5418,5418,381
5419,5419,381
5420,5420,381
5421,5421,381
5422,5422,381
5423,5423,381
5424,5424,381
5425,5425,381
5426,5426,381
5427,5427,381
5428,5428,381
5429,5429,381
5430,5430,383
5431,5431,383
5432,5432,383
5433,5433,384
5434,5434,384
5435,5435,384
5436,5436,384
5437,5437,384
5438,5438,384
5439,5439,384
5440,5440,384
5441,5441,384
5442,5442,384
5443,5443,384
5444,5444,384
5445,5445,385
5446,5446,385
5447,5447,387
5448,5448,387
5449,5449,387
5450,5450,388
5451,5451,388
5452,5452,388
5453,5453,389
5454,5454,389
5455,5455,389
5456,5456,389
5457,5457,389
5458,5458,389
5459,5459,390
5460,5460,390
5461,5461,391
5462,5462,392
5463,5463,392
5464,5464,392
5465,5465,392
5466,5466,392
5467,5467,392
5468,5468,392
5469,5469,392
5470,5470,392
5471,5471,392
5472,5472,392
5473,5473,393
5474,5474,393
5475,5475,393
5476,5476,393
5477,5477,394
5478,5478,394
5479,5479,394
5480,5480,394
5481,5481,394
5482,5482,394
5483,5483,394
5484,5484,394
5485,5485,394
5486,5486,395
5487,5487,395
5488,5488,396
5489,5489,396
5490,5490,396
5491,5491,396
5492,5492,396
5493,5493,396
5494,5494,397
5495,5495,397
5496,5496,399
5497,5497,399
5498,5498,399
5499,5499,399
5500,5500,399
5501,5501,399
5502,5502,400
5503,5503,400
5504,5504,401
5505,5505,401
5506,5506,401
5507,5507,401
5508,5508,401
5509,5509,401
5510,5510,401
5511,5511,401
5512,5512,400
5513,5513,400
5514,5514,400
5515,5515,400
5516,5516,400
5517,5517,400
5518,5518,400
5519,5519,401
5520,5520,401
5521,5521,401
5522,5522,401
5523,5523,401
5524,5524,401
5525,5525,401
5526,5526,401
5527,5527,401
5528,5528,401
5529,5529,401
5530,5530,401
5531,5531,401
5532,5532,401
5533,5533,401
5534,5534,402
5535,5535,402
5536,5536,402
5537,5537,402
5538,5538,402
5539,5539,402
5540,5540,402
5541,5541,402
5542,5542,402
5543,5543,402
5544,5544,402
5545,5545,402
5546,5546,402
5547,5547,402
5548,5548,402
5549,5549,402
5550,5550,402
5551,5551,401
5552,5552,401
5553,5553,402
5554,5554,402
5555,5555,402
5556,5556,402
5557,5557,402
5558,5558,403
5559,5559,403
5560,5560,403
5561,5561,405
5562,5562,405
5563,5563,405
5564,5564,405
5565,5565,405
5566,5566,405
5567,5567,405
5568,5568,405
5569,5569,406
5570,5570,406
5571,5571,406
5572,5572,406
5573,5573,406
5574,5574,406
5575,5575,406
5576,5576,406
5577,5577,406
5578,5578,406
5579,5579,407
5580,5580,408
5581,5581,408
5582,5582,408
5583,5583,408
5584,5584,408
5585,5585,408
5586,5586,409
5587,5587,409
5588,5588,409
5589,5589,409
5590,5590,410
5591,5591,410
5592,5592,410
5593,5593,410
5594,5594,410
5595,5595,410
5596,5596,410
5597,5597,410
5598,5598,410
5599,5599,411
5600,5600,412
5601,5601,412
5602,5602,412
5603,5603,412
5604,5604,412
5605,5605,412
5606,5606,412
5607,5607,412
5608,5608,412
5609,5609,412
5610,5610,412
5611,5611,412
5612,5612,412
5613,5613,412
5614,5614,411
5615,5615,411
5616,5616,411
5617,5617,413
5618,5618,413
5619,5619,414
5620,5620,414
5621,5621,414
5622,5622,414
5623,5623,414
5624,5624,414
5625,5625,414
5626,5626,414
5627,5627,414
5628,5628,414
5629,5629,414
5630,5630,414
5631,5631,414
5632,5632,415
5633,5633,416
5634,5634,417
5635,5635,417
5636,5636,417
5637,5637,417
5638,5638,417
5639,5639,417
5640,5640,418
5641,5641,418
5642,5642,418
5643,5643,418
5644,5644,418
5645,5645,418
5646,5646,418
5647,5647,418
5648,5648,418
5649,5649,418
5650,5650,418
5651,5651,419
5652,5652,419
5653,5653,419
5654,5654,419
5655,5655,419
5656,5656,419
5657,5657,419
5658,5658,419
5659,5659,420
5660,5660,420
5661,5661,420
5662,5662,421
5663,5663,422
5664,5664,422
5665,5665,421
5666,5666,421
5667,5667,421
5668,5668,421
5669,5669,421
5670,5670,421
5671,5671,421
5672,5672,421
5673,5673,422
5674,5674,422
5675,5675,422
5676,5676,422
5677,5677,422
5678,5678,422
5679,5679,423
5680,5680,423
5681,5681,423
5682,5682,423
5683,5683,423
5684,5684,423
5685,5685,423
5686,5686,423
5687,5687,423
5688,5688,423
5689,5689,423
5690,5690,423
5691,5691,423
5692,5692,423
5693,5693,423
5694,5694,423
5695,5695,423
5696,5696,423
5697,5697,423
5698,5698,423
5699,5699,422
5700,5700,422
5701,5701,422
5702,5702,423
5703,5703,424
5704,5704,424
5705,5705,424
5706,5706,425
5707,5707,424
5708,5708,424
5709,5709,424
5710,5710,425
5711,5711,425
5712,5712,425
5713,5713,425
5714,5714,425
5715,5715,425
5716,5716,425
5717,5717,425
5718,5718,425
5719,5719,425
5720,5720,425
5721,5721,425
5722,5722,426
5723,5723,427
5724,5724,427
5725,5725,427
5726,5726,427
5727,5727,427
5728,5728,427
5729,5729,427
5730,5730,427
5731,5731,427
5732,5732,428
5733,5733,428
5734,5734,428
5735,5735,428
5736,5736,429
5737,5737,430
5738,5738,430
5739,5739,430
5740,5740,430
5741,5741,431
5742,5742,431
5743,5743,431
5744,5744,431
5745,5745,431
5746,5746,431
5747,5747,431
5748,5748,431
5749,5749,431
5750,5750,431
5751,5751,431
5752,5752,431
5753,5753,431
5754,5754,431
5755,5755,431
5756,5756,431
5757,5757,431
5758,5758,431
5759,5759,431
5760,5760,431
5761,5761,431
5762,5762,431
5763,5763,432
5764,5764,432
5765,5765,432
5766,5766,432
5767,5767,431
5768,5768,431
5769,5769,431
5770,5770,431
5771,5771,431
5772,5772,432
5773,5773,432
5774,5774,433
5775,5775,432
5776,5776,432
5777,5777,433
5778,5778,434
5779,5779,434
5780,5780,434
5781,5781,434
5782,5782,433
5783,5783,433
5784,5784,433
5785,5785,433
5786,5786,433
5787,5787,433
5788,5788,433
5789,5789,432
5790,5790,432
5791,5791,433
5792,5792,433
5793,5793,433
5794,5794,434
5795,5795,434
5796,5796,434
5797,5797,434
5798,5798,434
5799,5799,434
5800,5800,434
5801,5801,434
5802,5802,433
5803,5803,434
5804,5804,434
5805,5805,434
5806,5806,434
5807,5807,434
5808,5808,434
5809,5809,434
5810,5810,435
5811,5811,435
5812,5812,435
5813,5813,435
5814,5814,435
5815,5815,435
5816,5816,434
5817,5817,433
5818,5818,433
5819,5819,433
5820,5820,433
5821,5821,433
5822,5822,432
5823,5823,432
5824,5824,432
5825,5825,433
5826,5826,433
5827,5827,433
5828,5828,433
5829,5829,434
5830,5830,434
5831,5831,434
5832,5832,434
5833,5833,434
5834,5834,434
5835,5835,434
5836,5836,434
5837,5837,435
5838,5838,435
5839,5839,436
5840,5840,435
5841,5841,435
5842,5842,435
5843,5843,436
5844,5844,435
5845,5845,435
5846,5846,435
5847,5847,435
5848,5848,435
5849,5849,435
5850,5850,435
5851,5851,435
5852,5852,435
5853,5853,435
5854,5854,435
5855,5855,436
5856,5856,436
5857,5857,436
5858,5858,436
5859,5859,436
5860,5860,436
5861,5861,438
5862,5862,438
5863,5863,438
5864,5864,438
5865,5865,438
5866,5866,438
5867,5867,437
5868,5868,437
5869,5869,437
5870,5870,437
5871,5871,437
5872,5872,437
5873,5873,437
5874,5874,436
5875,5875,437
5876,5876,437
5877,5877,437
5878,5878,436
5879,5879,435
5880,5880,435
5881,5881,436
5882,5882,436
5883,5883,436
5884,5884,436
5885,5885,435
5886,5886,435
5887,5887,435
5888,5888,435
5889,5889,435
5890,5890,436
5891,5891,435
5892,5892,434
5893,5893,434
5894,5894,435
5895,5895,435
5896,5896,435
5897,5897,434
5898,5898,435
5899,5899,435
5900,5900,435
5901,5901,435
5902,5902,435
5903,5903,436
5904,5904,436
5905,5905,436
5906,5906,436
5907,5907,436
5908,5908,437
5909,5909,437
5910,5910,437
5911,5911,437
5912,5912,438
5913,5913,438
5914,5914,438
5915,5915,438
5916,5916,438
5917,5917,437
5918,5918,437
5919,5919,437
5920,5920,436
5921,5921,436
5922,5922,435
5923,5923,434
5924,5924,434
5925,5925,433
5926,5926,432
5927,5927,432
5928,5928,431
5929,5929,430
5930,5930,430
5931,5931,429
5932,5932,429
5933,5933,429
5934,5934,428
5935,5935,427
5936,5936,426
5937,5937,426
5938,5938,425
5939,5939,425
5940,5940,425
5941,5941,424
5942,5942,423
5943,5943,422
5944,5944,421
5945,5945,422
5946,5946,423
5947,5947,422
5948,5948,421
5949,5949,422
5950,5950,422
5951,5951,421
5952,5952,421
5953,5953,420
5954,5954,419
5955,5955,419
5956,5956,419
5957,5957,419
5958,5958,418
5959,5959,417
5960,5960,416
5961,5961,416
5962,5962,415
5963,5963,414
5964,5964,414
5965,5965,413
5966,5966,412
5967,5967,412
5968,5968,411
5969,5969,410
5970,5970,409
5971,5971,408
5972,5972,407
5973,5973,408
5974,5974,408
5975,5975,407
5976,5976,406
5977,5977,407
5978,5978,406
5979,5979,405
5980,5980,406
5981,5981,405
5982,5982,404
5983,5983,403
5984,5984,402
5985,5985,401
5986,5986,401
5987,5987,401
5988,5988,400
5989,5989,399
5990,5990,398
5991,5991,397
5992,5992,397
5993,5993,396
5994,5994,395
5995,5995,395
5996,5996,394
5997,5997,393
5998,5998,393
5999,5999,393
6000,6000,393
6001,6001,392
6002,6002,391
6003,6003,390
6004,6004,390
6005,6005,389
6006,6006,388
6007,6007,387
6008,6008,386
6009,6009,385
6010,6010,387
6011,6011,386
6012,6012,385
6013,6013,384
6014,6014,383
6015,6015,383
6016,6016,382
6017,6017,381
6018,6018,380
6019,6019,379
6020,6020,379
6021,6021,378
6022,6022,378
6023,6023,377
6024,6024,376
6025,6025,376
6026,6026,376
6027,6027,375
6028,6028,374
6029,6029,373
6030,6030,373
6031,6031,372
6032,6032,371
6033,6033,370
6034,6034,370
6035,6035,369
6036,6036,368
6037,6037,368
6038,6038,367
6039,6039,367
6040,6040,366
6041,6041,365
6042,6042,364
6043,6043,364
6044,6044,363
6045,6045,362
6046,6046,361
6047,6047,361
6048,6048,360
6049,6049,359
6050,6050,358
6051,6051,359
6052,6052,358
6053,6053,357
6054,6054,356
6055,6055,356
6056,6056,355
6057,6057,355
6058,6058,354
6059,6059,355
6060,6060,355
6061,6061,354
6062,6062,353
6063,6063,353
6064,6064,352
6065,6065,351
6066,6066,350
6067,6067,351
6068,6068,350
6069,6069,349
6070,6070,349
6071,6071,348
6072,6072,347
6073,6073,346
6074,6074,346
6075,6075,345
6076,6076,344
6077,6077,344
6078,6078,344
6079,6079,343
6080,6080,342
6081,6081,342
6082,6082,341
6083,6083,341
6084,6084,340
6085,6085,340
6086,6086,339
6087,6087,338
6088,6088,338
6089,6089,337
6090,6090,336
6091,6091,336
6092,6092,335
6093,6093,334
6094,6094,333
6095,6095,333
6096,6096,332
6097,6097,331
6098,6098,331
6099,6099,330
6100,6100,329
6101,6101,329
6102,6102,329
6103,6103,328
6104,6104,329
6105,6105,329
6106,6106,328
6107,6107,328
6108,6108,327
6109,6109,326
6110,6110,326
6111,6111,325
6112,6112,325
6113,6113,325
6114,6114,324
6115,6115,323
6116,6116,323
6117,6117,322
6118,6118,322
6119,6119,323
6120,6120,323
6121,6121,323
6122,6122,325
6123,6123,325
6124,6124,325
6125,6125,325
6126,6126,326
6127,6127,326
6128,6128,326
6129,6129,326
6130,6130,327
6131,6131,327
6132,6132,327
6133,6133,328
6134,6134,328
6135,6135,328
6136,6136,329
6137,6137,329
6138,6138,329
6139,6139,330
6140,6140,330
6141,6141,330
6142,6142,331
6143,6143,331
6144,6144,331
6145,6145,332
6146,6146,332
6147,6147,332
6148,6148,332
6149,6149,333
6150,6150,333
6151,6151,334
6152,6152,335
6153,6153,335
6154,6154,336
6155,6155,336
6156,6156,337
6157,6157,338
6158,6158,338
6159,6159,339
6160,6160,339
6161,6161,339
6162,6162,339
6163,6163,341
6164,6164,341
6165,6165,341
6166,6166,342
6167,6167,342
6168,6168,342
6169,6169,343
6170,6170,344
6171,6171,344
6172,6172,344
6173,6173,344
6174,6174,345
6175,6175,345
6176,6176,346
6177,6177,348
6178,6178,348
6179,6179,348
6180,6180,348
6181,6181,349
6182,6182,350
6183,6183,350
6184,6184,352
6185,6185,353
6186,6186,352
6187,6187,354
6188,6188,354
6189,6189,354
6190,6190,355
6191,6191,355
6192,6192,355
6193,6193,356
6194,6194,356
6195,6195,357
6196,6196,358
6197,6197,358
6198,6198,358
6199,6199,359
6200,6200,359
6201,6201,360
6202,6202,360
6203,6203,362
6204,6204,362
6205,6205,362
6206,6206,363
6207,6207,364
6208,6208,364
6209,6209,364
6210,6210,364
6211,6211,365
6212,6212,365
6213,6213,365
6214,6214,365
6215,6215,366
6216,6216,366
6217,6217,366
6218,6218,367
6219,6219,367
6220,6220,368
6221,6221,368
6222,6222,368
6223,6223,368
6224,6224,369
6225,6225,369
6226,6226,369
6227,6227,369
6228,6228,369
6229,6229,370
6230,6230,370
6231,6231,370
6232,6232,370
6233,6233,371
6234,6234,371
6235,6235,371
6236,6236,371
6237,6237,371
6238,6238,372
6239,6239,373
6240,6240,374
6241,6241,375
6242,6242,376
6243,6243,376
6244,6244,376
6245,6245,377
6246,6246,377
6247,6247,378
6248,6248,379
6249,6249,379
6250,6250,379
6251,6251,380
6252,6252,382
6253,6253,382
6254,6254,382
6255,6255,382
6256,6256,382
6257,6257,383
6258,6258,384
6259,6259,385
6260,6260,385
6261,6261,386
6262,6262,387
6263,6263,388
6264,6264,388
6265,6265,388
6266,6266,388
6267,6267,389
6268,6268,389
6269,6269,389
6270,6270,389
6271,6271,390
6272,6272,391
6273,6273,392
6274,6274,392
6275,6275,392
6276,6276,392
6277,6277,393
6278,6278,393
6279,6279,393
6280,6280,393
6281,6281,393
6282,6282,393
6283,6283,393
6284,6284,395
6285,6285,395
6286,6286,395
6287,6287,395
6288,6288,395
6289,6289,395
6290,6290,395
6291,6291,395
6292,6292,395
6293,6293,395
6294,6294,396
6295,6295,396
6296,6296,396
6297,6297,396
6298,6298,396
6299,6299,397
6300,6300,398
6301,6301,398
6302,6302,399
6303,6303,399
6304,6304,399
6305,6305,400
6306,6306,400
6307,6307,400
6308,6308,400
6309,6309,400
6310,6310,400
6311,6311,401
6312,6312,401
6313,6313,401
6314,6314,401
6315,6315,401
6316,6316,401
6317,6317,402
6318,6318,402
6319,6319,402
6320,6320,403
6321,6321,403
6322,6322,404
6323,6323,404
6324,6324,404
6325,6325,404
6326,6326,405
6327,6327,405
6328,6328,406
6329,6329,406
6330,6330,407
6331,6331,407
6332,6332,408
6333,6333,408
6334,6334,409
6335,6335,410
6336,6336,410
6337,6337,410
6338,6338,410
6339,6339,410
6340,6340,411
6341,6341,412
6342,6342,412
6343,6343,412
6344,6344,413
6345,6345,413
6346,6346,413
6347,6347,414
6348,6348,415
6349,6349,415
6350,6350,415
6351,6351,415
6352,6352,416
6353,6353,417
6354,6354,417
6355,6355,418
6356,6356,418
6357,6357,418
6358,6358,418
6359,6359,418
6360,6360,419
6361,6361,420
6362,6362,420
6363,6363,420
6364,6364,420
6365,6365,420
6366,6366,420
6367,6367,421
6368,6368,421
6369,6369,421
6370,6370,422
6371,6371,422
6372,6372,422
6373,6373,423
6374,6374,423
6375,6375,424
6376,6376,424
6377,6377,424
6378,6378,424
6379,6379,424
6380,6380,424
6381,6381,424
6382,6382,426
6383,6383,426
6384,6384,426
6385,6385,426
6386,6386,428
6387,6387,428
6388,6388,428
6389,6389,429
6390,6390,429
6391,6391,429
6392,6392,429
6393,6393,430
6394,6394,430
6395,6395,430
6396,6396,431
6397,6397,431
6398,6398,431
6399,6399,431
6400,6400,432
6401,6401,432
6402,6402,432
6403,6403,432
6404,6404,432
6405,6405,433
6406,6406,433
6407,6407,434
6408,6408,433
6409,6409,433
6410,6410,433
6411,6411,433
6412,6412,433
6413,6413,433
6414,6414,433
6415,6415,433
6416,6416,434
6417,6417,434
6418,6418,434
6419,6419,434
6420,6420,434
6421,6421,435
6422,6422,436
6423,6423,436
6424,6424,436
6425,6425,436
6426,6426,436
6427,6427,436
6428,6428,436
6429,6429,437
6430,6430,437
6431,6431,437
6432,6432,439
6433,6433,439
6434,6434,439
6435,6435,439
6436,6436,439
6437,6437,439
6438,6438,440
6439,6439,440
6440,6440,440
6441,6441,440
6442,6442,440
6443,6443,440
6444,6444,440
6445,6445,440
6446,6446,441
6447,6447,441
6448,6448,441
6449,6449,442
6450,6450,443
6451,6451,443
6452,6452,443
6453,6453,443
6454,6454,444
6455,6455,444
6456,6456,444
6457,6457,444
6458,6458,444
6459,6459,445
6460,6460,445
6461,6461,445
6462,6462,446
6463,6463,446
6464,6464,446
6465,6465,446
6466,6466,447
6467,6467,447
6468,6468,448
6469,6469,450
6470,6470,450
6471,6471,450
6472,6472,450
6473,6473,450
6474,6474,450
6475,6475,450
6476,6476,451
6477,6477,451
6478,6478,451
6479,6479,451
6480,6480,451
6481,6481,451
6482,6482,451
6483,6483,451
6484,6484,451
6485,6485,451
6486,6486,451
6487,6487,452
6488,6488,452
6489,6489,452
6490,6490,452
6491,6491,452
6492,6492,452
6493,6493,452
6494,6494,452
6495,6495,452
6496,6496,452
6497,6497,452
6498,6498,452
6499,6499,452
6500,6500,452
6501,6501,452
6502,6502,452
6503,6503,453
6504,6504,453
6505,6505,454
6506,6506,455
6507,6507,455
6508,6508,455
6509,6509,455
6510,6510,456
6511,6511,456
6512,6512,456
6513,6513,456
6514,6514,456
6515,6515,456
6516,6516,457
6517,6517,457
6518,6518,458
6519,6519,459
6520,6520,459
6521,6521,459
6522,6522,459
6523,6523,459
6524,6524,459
6525,6525,460
6526,6526,462
6527,6527,463
6528,6528,464
6529,6529,464
6530,6530,464
6531,6531,464
6532,6532,464
6533,6533,464
6534,6534,464
6535,6535,464
6536,6536,464
6537,6537,464
6538,6538,464
6539,6539,464
6540,6540,464
6541,6541,464
6542,6542,464
6543,6543,464
6544,6544,464
6545,6545,464
6546,6546,465
6547,6547,465
6548,6548,466
6549,6549,466
6550,6550,467
6551,6551,467
6552,6552,467
6553,6553,467
6554,6554,469
6555,6555,470
6556,6556,470
6557,6557,470
6558,6558,471
6559,6559,473
6560,6560,473
6561,6561,473
6562,6562,473
6563,6563,473
6564,6564,473
6565,6565,473
6566,6566,473
6567,6567,473
6568,6568,474
6569,6569,476
6570,6570,477
6571,6571,477
6572,6572,477
6573,6573,478
6574,6574,478
6575,6575,478
6576,6576,478
6577,6577,478
6578,6578,478
6579,6579,478
6580,6580,478
6581,6581,478
6582,6582,478
6583,6583,478
6584,6584,479
6585,6585,479
6586,6586,479
6587,6587,479
6588,6588,479
6589,6589,479
6590,6590,480
6591,6591,480
6592,6592,480
6593,6593,480
6594,6594,481
6595,6595,482
6596,6596,482
6597,6597,483
6598,6598,483
6599,6599,483
6600,6600,483
6601,6601,483
6602,6602,484
6603,6603,484
6604,6604,484
6605,6605,484
6606,6606,484
6607,6607,484
6608,6608,484
6609,6609,485
6610,6610,485
6611,6611,485
6612,6612,485
6613,6613,485
6614,6614,486
6615,6615,487
6616,6616,487
6617,6617,488
6618,6618,488
6619,6619,488
6620,6620,488
6621,6621,488
6622,6622,488
6623,6623,489
6624,6624,489
6625,6625,489
6626,6626,490
6627,6627,490
6628,6628,490
6629,6629,491
6630,6630,491
6631,6631,491
6632,6632,491
6633,6633,491
6634,6634,491
6635,6635,492
6636,6636,492
6637,6637,492
6638,6638,491
6639,6639,492
6640,6640,492
6641,6641,492
6642,6642,492
6643,6643,493
6644,6644,494
6645,6645,494
6646,6646,494
6647,6647,495
6648,6648,495
6649,6649,495
6650,6650,496
6651,6651,497
6652,6652,497
6653,6653,497
6654,6654,497
6655,6655,498
6656,6656,498
6657,6657,498
6658,6658,498
6659,6659,498
6660,6660,498
6661,6661,498
6662,6662,498
6663,6663,498
6664,6664,498
6665,6665,498
6666,6666,498
6667,6667,498
6668,6668,499
6669,6669,499
6670,6670,499
6671,6671,499
6672,6672,500
6673,6673,500
6674,6674,500
6675,6675,501
6676,6676,501
6677,6677,501
6678,6678,501
6679,6679,503
6680,6680,503
6681,6681,504
6682,6682,505
6683,6683,505
6684,6684,505
6685,6685,506
6686,6686,506
6687,6687,506
6688,6688,507
6689,6689,507
6690,6690,507
6691,6691,507
6692,6692,507
6693,6693,507
6694,6694,507
6695,6695,507
6696,6696,508
6697,6697,508
6698,6698,508
6699,6699,508
6700,6700,508
6701,6701,508
6702,6702,508
6703,6703,509
6704,6704,509
6705,6705,509
6706,6706,511
6707,6707,511
6708,6708,511
6709,6709,511
6710,6710,512
6711,6711,513
6712,6712,513
6713,6713,513
6714,6714,514
6715,6715,514
6716,6716,513
6717,6717,514
6718,6718,514
6719,6719,514
6720,6720,514
6721,6721,514
6722,6722,514
6723,6723,514
6724,6724,514
6725,6725,514
6726,6726,514
6727,6727,514
6728,6728,514
6729,6729,514
6730,6730,515
6731,6731,515
6732,6732,515
6733,6733,515
6734,6734,515
6735,6735,515
6736,6736,515
6737,6737,515
6738,6738,515
6739,6739,515
6740,6740,515
6741,6741,515
6742,6742,515
6743,6743,515
6744,6744,515
6745,6745,515
6746,6746,515
6747,6747,515
6748,6748,515
6749,6749,514
6750,6750,514
6751,6751,514
6752,6752,514
6753,6753,514
6754,6754,514
6755,6755,515
6756,6756,515
6757,6757,516
6758,6758,516
6759,6759,516
6760,6760,517
6761,6761,517
6762,6762,517
6763,6763,517
6764,6764,517
6765,6765,517
6766,6766,517
6767,6767,517
6768,6768,518
6769,6769,518
6770,6770,518
6771,6771,518
6772,6772,518
6773,6773,518
6774,6774,518
6775,6775,518
6776,6776,518
6777,6777,519
6778,6778,519
6779,6779,519
6780,6780,520
6781,6781,520
6782,6782,519
6783,6783,519
6784,6784,521
6785,6785,521
6786,6786,522
6787,6787,522
6788,6788,523
6789,6789,523
6790,6790,522
6791,6791,523
6792,6792,523
6793,6793,523
6794,6794,523
6795,6795,523
6796,6796,523
6797,6797,523
6798,6798,524
6799,6799,525
6800,6800,525
6801,6801,525
6802,6802,525
6803,6803,525
6804,6804,525
6805,6805,524
6806,6806,524
6807,6807,524
6808,6808,524
6809,6809,524
6810,6810,524
6811,6811,523
6812,6812,523
6813,6813,523
6814,6814,523
6815,6815,523
6816,6816,523
6817,6817,523
6818,6818,523
6819,6819,523
6820,6820,524
6821,6821,524
6822,6822,524
6823,6823,524
6824,6824,524
6825,6825,523
6826,6826,524
6827,6827,524
6828,6828,524
6829,6829,524
6830,6830,524
6831,6831,524
6832,6832,524
6833,6833,524
6834,6834,524
6835,6835,524
6836,6836,524
6837,6837,524
6838,6838,524
6839,6839,524
6840,6840,524
6841,6841,524
6842,6842,524
6843,6843,524
6844,6844,524
6845,6845,524
6846,6846,524
6847,6847,524
6848,6848,524
6849,6849,524
6850,6850,523
6851,6851,524
6852,6852,525
6853,6853,525
6854,6854,526
6855,6855,526
6856,6856,525
6857,6857,525
6858,6858,525
6859,6859,525
6860,6860,525
6861,6861,525
6862,6862,526
6863,6863,525
6864,6864,525
6865,6865,525
6866,6866,525
6867,6867,526
6868,6868,526
6869,6869,525
6870,6870,526
6871,6871,526
6872,6872,526
6873,6873,527
6874,6874,527
6875,6875,527
6876,6876,527
6877,6877,526
6878,6878,528
6879,6879,528
6880,6880,529
6881,6881,529
6882,6882,529
6883,6883,529
6884,6884,529
6885,6885,529
6886,6886,529
6887,6887,529
6888,6888,529
6889,6889,528
6890,6890,529
6891,6891,529
6892,6892,529
6893,6893,529
6894,6894,529
6895,6895,528
6896,6896,529
6897,6897,529
6898,6898,529
6899,6899,529
6900,6900,529
6901,6901,530
6902,6902,531
6903,6903,532
6904,6904,532
6905,6905,532
6906,6906,532
6907,6907,532
6908,6908,532
6909,6909,532
6910,6910,531
6911,6911,531
6912,6912,532
6913,6913,532
6914,6914,532
6915,6915,532
6916,6916,533
6917,6917,533
6918,6918,533
6919,6919,533
6920,6920,534
6921,6921,534
6922,6922,534
6923,6923,533
6924,6924,533
6925,6925,535
6926,6926,535
6927,6927,535
6928,6928,535
6929,6929,536
6930,6930,535
6931,6931,535
6932,6932,535
6933,6933,535
6934,6934,535
6935,6935,534
6936,6936,534
6937,6937,536
6938,6938,537
6939,6939,538
6940,6940,538
6941,6941,538
6942,6942,539
6943,6943,539
6944,6944,539
6945,6945,539
6946,6946,539
6947,6947,538
6948,6948,538
6949,6949,538
6950,6950,538
6951,6951,538
6952,6952,538
6953,6953,539
6954,6954,538
6955,6955,539
6956,6956,538
6957,6957,537
6958,6958,537
6959,6959,537
6960,6960,537
6961,6961,536
6962,6962,535
6963,6963,537
6964,6964,537
6965,6965,536
6966,6966,536
6967,6967,535
6968,6968,536
6969,6969,535
6970,6970,534
6971,6971,534
6972,6972,534
6973,6973,533
6974,6974,533
6975,6975,532
6976,6976,531
6977,6977,531
6978,6978,530
6979,6979,529
6980,6980,529
6981,6981,528
6982,6982,527
6983,6983,527
6984,6984,526
6985,6985,525
6986,6986,525
6987,6987,524
6988,6988,523
6989,6989,523
6990,6990,524
6991,6991,523
6992,6992,524
6993,6993,523
6994,6994,523
6995,6995,522
6996,6996,521
6997,6997,520
6998,6998,520
6999,6999,519
7000,7000,518
7001,7001,518
7002,7002,517
7003,7003,517
7004,7004,516
7005,7005,515
7006,7006,514
7007,7007,514
7008,7008,516
7009,7009,516
7010,7010,515
7011,7011,515
7012,7012,514
7013,7013,513
7014,7014,512
7015,7015,513
7016,7016,512
7017,7017,512
7018,7018,511
7019,7019,510
7020,7020,509
7021,7021,508
7022,7022,508
7023,7023,507
7024,7024,506
7025,7025,505
7026,7026,505
7027,7027,505
7028,7028,505
7029,7029,504
7030,7030,503
7031,7031,503
7032,7032,502
7033,7033,501
7034,7034,501
7035,7035,500
7036,7036,499
7037,7037,498
7038,7038,497
7039,7039,496
7040,7040,496
7041,7041,495
7042,7042,494
7043,7043,493
7044,7044,492
7045,7045,491
7046,7046,493
7047,7047,493
7048,7048,492
7049,7049,491
7050,7050,490
7051,7051,491
7052,7052,490
7053,7053,489
7054,7054,488
7055,7055,487
7056,7056,486
7057,7057,487
7058,7058,486
7059,7059,485
7060,7060,484
7061,7061,484
7062,7062,483
7063,7063,482
7064,7064,481
7065,7065,481
7066,7066,481
7067,7067,481
7068,7068,480
7069,7069,479
7070,7070,479
7071,7071,480
7072,7072,479
7073,7073,478
7074,7074,477
7075,7075,477
7076,7076,476
7077,7077,475
7078,7078,474
7079,7079,473
7080,7080,473
7081,7081,473
7082,7082,472
7083,7083,471
7084,7084,472
7085,7085,471
7086,7086,470
7087,7087,470
7088,7088,470
7089,7089,469
7090,7090,469
7091,7091,468
7092,7092,468
7093,7093,467
7094,7094,466
7095,7095,465
7096,7096,465
7097,7097,464
7098,7098,463
7099,7099,462
7100,7100,462
7101,7101,461
7102,7102,460
7103,7103,459
7104,7104,459
7105,7105,458
7106,7106,457
7107,7107,456
7108,7108,457
7109,7109,457
7110,7110,456
7111,7111,456
7112,7112,456
7113,7113,455
7114,7114,454
7115,7115,454
7116,7116,453
7117,7117,453
7118,7118,453
7119,7119,452
7120,7120,451
7121,7121,450
7122,7122,450
7123,7123,449
7124,7124,448
7125,7125,448
7126,7126,447
7127,7127,446
7128,7128,445
7129,7129,445
7130,7130,446
7131,7131,446
7132,7132,447
7133,7133,446
7134,7134,445
7135,7135,446
7136,7136,445
7137,7137,444
7138,7138,445
7139,7139,444
7140,7140,443
7141,7141,443
7142,7142,442
7143,7143,442
7144,7144,441
7145,7145,441
7146,7146,441
7147,7147,441
7148,7148,441
7149,7149,441
7150,7150,441
7151,7151,442
7152,7152,442
7153,7153,442
7154,7154,442
7155,7155,442
7156,7156,442
7157,7157,442
7158,7158,443
7159,7159,443
7160,7160,444
7161,7161,444
7162,7162,445
7163,7163,446
7164,7164,446
7165,7165,447
7166,7166,447
7167,7167,447
7168,7168,448
7169,7169,448
7170,7170,448
7171,7171,449
7172,7172,449
7173,7173,450
7174,7174,452
7175,7175,452
7176,7176,452
7177,7177,452
7178,7178,453
7179,7179,453
7180,7180,453
7181,7181,454
7182,7182,456
7183,7183,456
7184,7184,456
7185,7185,458
7186,7186,458
7187,7187,458
7188,7188,458
7189,7189,459
7190,7190,460
7191,7191,460
7192,7192,461
7193,7193,461
7194,7194,461
7195,7195,461
7196,7196,462
7197,7197,462
7198,7198,464
7199,7199,465
7200,7200,465
7201,7201,465
7202,7202,465
7203,7203,466
7204,7204,466
7205,7205,467
7206,7206,467
7207,7207,468
7208,7208,468
7209,7209,468
7210,7210,468
7211,7211,468
7212,7212,468
7213,7213,468
7214,7214,468
7215,7215,468
7216,7216,468
7217,7217,468
7218,7218,468
7219,7219,468
7220,7220,468
7221,7221,469
7222,7222,470
7223,7223,470
7224,7224,470
7225,7225,471
7226,7226,471
7227,7227,471
7228,7228,471
7229,7229,472
7230,7230,473
7231,7231,474
7232,7232,474
7233,7233,475
7234,7234,475
7235,7235,475
7236,7236,475
7237,7237,476
7238,7238,476
7239,7239,477
7240,7240,477
7241,7241,477
7242,7242,478
7243,7243,478
7244,7244,478
7245,7245,478
7246,7246,479
7247,7247,479
7248,7248,479
7249,7249,479
7250,7250,480
7251,7251,482
7252,7252,482
7253,7253,483
7254,7254,483
7255,7255,484
7256,7256,484
7257,7257,484
7258,7258,484
7259,7259,485
7260,7260,486
7261,7261,486
7262,7262,487
7263,7263,487
7264,7264,487
7265,7265,487
7266,7266,487
7267,7267,488
7268,7268,489
7269,7269,489
7270,7270,490
7271,7271,490
7272,7272,490
7273,7273,491
7274,7274,493
7275,7275,494
7276,7276,495
7277,7277,495
7278,7278,496
7279,7279,497
7280,7280,497
7281,7281,497
7282,7282,497
7283,7283,497
7284,7284,497
7285,7285,498
7286,7286,497
7287,7287,497
7288,7288,497
7289,7289,497
7290,7290,497
7291,7291,498
7292,7292,498
7293,7293,498
7294,7294,498
7295,7295,500
7296,7296,500
7297,7297,500
7298,7298,500
7299,7299,500
7300,7300,500
7301,7301,501
7302,7302,502
7303,7303,502
7304,7304,503
7305,7305,503
7306,7306,503
7307,7307,503
7308,7308,503
7309,7309,503
7310,7310,503
7311,7311,504
7312,7312,505
7313,7313,505
7314,7314,505
7315,7315,506
7316,7316,507
7317,7317,508
7318,7318,508
7319,7319,508
7320,7320,508
7321,7321,508
7322,7322,508
7323,7323,509
7324,7324,509
7325,7325,509
7326,7326,509
7327,7327,510
7328,7328,510
7329,7329,510
7330,7330,510
7331,7331,510
7332,7332,510
7333,7333,511
7334,7334,511
7335,7335,511
7336,7336,511
7337,7337,513
7338,7338,513
7339,7339,514
7340,7340,514
7341,7341,516
7342,7342,516
7343,7343,516
7344,7344,516
7345,7345,517
7346,7346,517
7347,7347,517
7348,7348,517
7349,7349,517
7350,7350,518
7351,7351,519
7352,7352,519
7353,7353,519
7354,7354,519
7355,7355,520
7356,7356,520
7357,7357,521
7358,7358,521
7359,7359,521
7360,7360,521
7361,7361,521
7362,7362,521
7363,7363,523
7364,7364,523
7365,7365,523
7366,7366,523
7367,7367,523
7368,7368,523
7369,7369,524
7370,7370,524
7371,7371,524
7372,7372,524
7373,7373,524
7374,7374,524
7375,7375,526
7376,7376,526
7377,7377,527
7378,7378,527
7379,7379,527
7380,7380,528
7381,7381,529
7382,7382,530
7383,7383,530
7384,7384,530
7385,7385,530
7386,7386,530
7387,7387,530
7388,7388,531
7389,7389,531
7390,7390,531
7391,7391,531
7392,7392,531
7393,7393,533
7394,7394,533
7395,7395,533
7396,7396,533
7397,7397,533
7398,7398,533
7399,7399,533
7400,7400,533
7401,7401,533
7402,7402,533
7403,7403,534
7404,7404,535
7405,7405,536
7406,7406,537
7407,7407,538
7408,7408,538
7409,7409,538
7410,7410,538
7411,7411,538
7412,7412,539
7413,7413,540
7414,7414,540
7415,7415,540
7416,7416,540
7417,7417,540
7418,7418,540
7419,7419,540
7420,7420,540
7421,7421,541
7422,7422,541
7423,7423,541
7424,7424,541
7425,7425,541
7426,7426,542
7427,7427,542
7428,7428,542
7429,7429,542
7430,7430,543
7431,7431,543
7432,7432,543
7433,7433,545
7434,7434,546
7435,7435,547
7436,7436,547
7437,7437,547
7438,7438,548
7439,7439,549
7440,7440,550
7441,7441,551
7442,7442,551
7443,7443,551
7444,7444,551
7445,7445,551
7446,7446,551
7447,7447,551
7448,7448,553
7449,7449,553
7450,7450,554
7451,7451,555
7452,7452,555
7453,7453,555
7454,7454,555
7455,7455,556
7456,7456,556
7457,7457,556
7458,7458,556
7459,7459,557
7460,7460,558
7461,7461,558
7462,7462,558
7463,7463,560
7464,7464,560
7465,7465,560
7466,7466,560
7467,7467,561
7468,7468,562
7469,7469,562
7470,7470,564
7471,7471,565
7472,7472,565
7473,7473,565
7474,7474,565
7475,7475,565
7476,7476,565
7477,7477,565
7478,7478,566
7479,7479,566
7480,7480,566
7481,7481,568
7482,7482,568
7483,7483,569
7484,7484,569
7485,7485,570
7486,7486,570
7487,7487,570
7488,7488,570
7489,7489,571
7490,7490,573
7491,7491,573
7492,7492,573
7493,7493,573
7494,7494,574
7495,7495,575
7496,7496,575
7497,7497,575
7498,7498,575
7499,7499,575
7500,7500,576
7501,7501,576
7502,7502,576
7503,7503,576
7504,7504,578
7505,7505,578
7506,7506,578
7507,7507,578
7508,7508,578
7509,7509,579
7510,7510,579
7511,7511,578
7512,7512,578
7513,7513,578
7514,7514,578
7515,7515,578
7516,7516,578
7517,7517,578
7518,7518,578
7519,7519,578
7520,7520,578
7521,7521,578
7522,7522,578
7523,7523,579
7524,7524,579
7525,7525,580
7526,7526,580
7527,7527,580
7528,7528,580
7529,7529,580
7530,7530,580
7531,7531,580
7532,7532,580
7533,7533,580
7534,7534,580
7535,7535,581
7536,7536,581
7537,7537,581
7538,7538,581
7539,7539,581
7540,7540,582
7541,7541,582
7542,7542,582
7543,7543,582
7544,7544,582
7545,7545,583
7546,7546,583
7547,7547,583
7548,7548,583
7549,7549,583
7550,7550,583
7551,7551,583
7552,7552,583
7553,7553,583
7554,7554,585
7555,7555,585
7556,7556,585
7557,7557,585
7558,7558,586
7559,7559,586
7560,7560,587
7561,7561,587
7562,7562,587
7563,7563,587
7564,7564,587
7565,7565,587
7566,7566,587
7567,7567,587
7568,7568,587
7569,7569,587
7570,7570,587
7571,7571,588
7572,7572,588
7573,7573,589
7574,7574,589
7575,7575,589
7576,7576,590
7577,7577,590
7578,7578,590
7579,7579,590
7580,7580,590
7581,7581,591
7582,7582,591
7583,7583,591
7584,7584,592
7585,7585,592
7586,7586,592
7587,7587,592
7588,7588,592
7589,7589,592
7590,7590,592
7591,7591,593
7592,7592,595
7593,7593,595
7594,7594,596
7595,7595,596
7596,7596,597
7597,7597,599
7598,7598,599
7599,7599,599
7600,7600,599
7601,7601,599
7602,7602,599
7603,7603,599
7604,7604,599
7605,7605,599
7606,7606,599
7607,7607,599
7608,7608,599
7609,7609,600
7610,7610,600
7611,7611,600
7612,7612,600
7613,7613,600
7614,7614,601
7615,7615,601
7616,7616,601
7617,7617,601
7618,7618,601
7619,7619,601
7620,7620,601
7621,7621,601
7622,7622,601
7623,7623,602
7624,7624,602
7625,7625,602
7626,7626,602
7627,7627,602
7628,7628,602
7629,7629,602
7630,7630,602
7631,7631,603
7632,7632,603
7633,7633,604
7634,7634,603
7635,7635,604
7636,7636,604
7637,7637,604
7638,7638,604
7639,7639,604
7640,7640,604
7641,7641,604
7642,7642,604
7643,7643,604
7644,7644,604
7645,7645,604
7646,7646,604
7647,7647,605
7648,7648,606
7649,7649,606
7650,7650,607
7651,7651,607
7652,7652,608
7653,7653,608
7654,7654,608
7655,7655,608
7656,7656,608
7657,7657,608
7658,7658,608
7659,7659,608
7660,7660,608
7661,7661,608
7662,7662,608
7663,7663,608
7664,7664,608
7665,7665,610
7666,7666,610
7667,7667,610
7668,7668,610
7669,7669,611
7670,7670,611
7671,7671,611
7672,7672,611
7673,7673,611
7674,7674,611
7675,7675,611
7676,7676,611
7677,7677,611
7678,7678,611
7679,7679,611
7680,7680,610
7681,7681,610
7682,7682,610
7683,7683,610
7684,7684,610
7685,7685,610
7686,7686,610
7687,7687,610
7688,7688,610
7689,7689,610
7690,7690,610
7691,7691,610
7692,7692,610
7693,7693,610
7694,7694,610
7695,7695,610
7696,7696,610
7697,7697,610
7698,7698,610
7699,7699,610
7700,7700,610
7701,7701,610
7702,7702,609
7703,7703,609
7704,7704,609
7705,7705,609
7706,7706,609
7707,7707,609
7708,7708,609
7709,7709,611
7710,7710,611
7711,7711,612
7712,7712,612
7713,7713,612
7714,7714,612
7715,7715,612
7716,7716,612
7717,7717,612
7718,7718,612
7719,7719,612
7720,7720,612
7721,7721,612
7722,7722,612
7723,7723,612
7724,7724,613
7725,7725,613
7726,7726,613
7727,7727,613
7728,7728,613
7729,7729,613
7730,7730,613
7731,7731,613
7732,7732,613
7733,7733,613
7734,7734,613
7735,7735,613
7736,7736,613
7737,7737,613
7738,7738,613
7739,7739,613
7740,7740,613
7741,7741,613
7742,7742,613
7743,7743,613
7744,7744,613
7745,7745,613
7746,7746,613
7747,7747,613
7748,7748,613
7749,7749,613
7750,7750,613
7751,7751,613
7752,7752,613
7753,7753,613
7754,7754,613
7755,7755,614
7756,7756,613
7757,7757,613
7758,7758,613
7759,7759,613
7760,7760,613
7761,7761,613
7762,7762,613
7763,7763,613
7764,7764,614
7765,7765,614
7766,7766,614
7767,7767,615
7768,7768,615
7769,7769,615
7770,7770,615
7771,7771,615
7772,7772,614
7773,7773,614
7774,7774,614
7775,7775,615
7776,7776,615
7777,7777,615
7778,7778,615
7779,7779,615
7780,7780,615
7781,7781,615
7782,7782,615
7783,7783,615
7784,7784,615
7785,7785,616
7786,7786,617
7787,7787,617
7788,7788,616
7789,7789,616
7790,7790,616
7791,7791,616
7792,7792,616
7793,7793,616
7794,7794,616
7795,7795,616
7796,7796,615
7797,7797,615
7798,7798,615
7799,7799,616
7800,7800,616
7801,7801,616
7802,7802,616
7803,7803,617
7804,7804,616
7805,7805,616
7806,7806,616
7807,7807,616
7808,7808,616
7809,7809,616
7810,7810,616
7811,7811,615
7812,7812,615
7813,7813,615
7814,7814,615
7815,7815,615
7816,7816,615
7817,7817,615
7818,7818,615
7819,7819,614
7820,7820,614
7821,7821,614
7822,7822,614
7823,7823,614
7824,7824,615
7825,7825,615
7826,7826,614
7827,7827,615
7828,7828,615
7829,7829,615
7830,7830,616
7831,7831,616
7832,7832,617
7833,7833,617
7834,7834,616
7835,7835,617
7836,7836,617
7837,7837,617
7838,7838,617
7839,7839,617
7840,7840,616
7841,7841,616
7842,7842,616
7843,7843,616
7844,7844,616
7845,7845,616
7846,7846,616
7847,7847,617
7848,7848,618
7849,7849,617
7850,7850,617
7851,7851,617
7852,7852,617
7853,7853,617
7854,7854,617
7855,7855,616
7856,7856,616
7857,7857,616
7858,7858,616
7859,7859,617
7860,7860,617
7861,7861,618
7862,7862,618
7863,7863,617
7864,7864,617
7865,7865,618
7866,7866,618
7867,7867,618
7868,7868,618
7869,7869,617
7870,7870,617
7871,7871,617
7872,7872,618
7873,7873,618
7874,7874,618
7875,7875,618
7876,7876,618
7877,7877,617
7878,7878,617
7879,7879,617
7880,7880,617
7881,7881,617
7882,7882,618
7883,7883,618
7884,7884,619
7885,7885,618
7886,7886,619
7887,7887,619
7888,7888,620
7889,7889,621
7890,7890,621
7891,7891,621
7892,7892,621
7893,7893,621
7894,7894,621
7895,7895,621
7896,7896,621
7897,7897,622
7898,7898,622
7899,7899,622
7900,7900,622
7901,7901,622
7902,7902,622
7903,7903,623
7904,7904,623
7905,7905,623
7906,7906,623
7907,7907,622
7908,7908,622
7909,7909,622
7910,7910,622
7911,7911,622
7912,7912,621
7913,7913,620
7914,7914,620
7915,7915,620
7916,7916,620
7917,7917,620
7918,7918,620
7919,7919,621
7920,7920,620
7921,7921,620
7922,7922,620
7923,7923,620
7924,7924,620
7925,7925,620
7926,7926,619
7927,7927,619
7928,7928,619
7929,7929,619
7930,7930,619
7931,7931,620
7932,7932,620
7933,7933,620
7934,7934,620
7935,7935,620
7936,7936,620
7937,7937,620
7938,7938,621
7939,7939,620
7940,7940,620
7941,7941,620
7942,7942,620
7943,7943,620
7944,7944,620
7945,7945,620
7946,7946,620
7947,7947,620
7948,7948,620
7949,7949,620
7950,7950,620
7951,7951,619
7952,7952,618
7953,7953,618
7954,7954,618
7955,7955,618
7956,7956,618
7957,7957,618
7958,7958,618
7959,7959,618
7960,7960,618
7961,7961,618
7962,7962,618
7963,7963,618
7964,7964,617
7965,7965,616
7966,7966,616
7967,7967,616
7968,7968,616
7969,7969,616
7970,7970,615
7971,7971,615
7972,7972,615
7973,7973,615
7974,7974,615
7975,7975,614
7976,7976,613
7977,7977,613
7978,7978,613
7979,7979,613
7980,7980,613
7981,7981,613
7982,7982,614
7983,7983,614
7984,7984,614
7985,7985,614
7986,7986,614
7987,7987,613
7988,7988,612
7989,7989,612
7990,7990,612
7991,7991,612
7992,7992,612
7993,7993,612
7994,7994,612
7995,7995,612
7996,7996,612
7997,7997,612
7998,7998,612
7999,7999,611
8000,8000,611
8001,8001,611
8002,8002,611
8003,8003,611
8004,8004,611
8005,8005,611
8006,8006,611
8007,8007,611
8008,8008,611
8009,8009,611
8010,8010,610
8011,8011,609
8012,8012,608
8013,8013,609
8014,8014,608
8015,8015,607
8016,8016,606
8017,8017,605
8018,8018,605
8019,8019,604
8020,8020,603
8021,8021,602
8022,8022,601
8023,8023,601
8024,8024,600
8025,8025,599
8026,8026,598
8027,8027,597
8028,8028,598
8029,8029,597
8030,8030,596
8031,8031,595
8032,8032,594
8033,8033,594
8034,8034,593
8035,8035,592
8036,8036,592
8037,8037,591
8038,8038,590
8039,8039,590
8040,8040,589
8041,8041,589
8042,8042,588
8043,8043,587
8044,8044,587
8045,8045,586
8046,8046,585
8047,8047,584
8048,8048,583
8049,8049,583
8050,8050,583
8051,8051,584
8052,8052,584
8053,8053,583
8054,8054,583
8055,8055,583
8056,8056,582
8057,8057,581
8058,8058,580
8059,8059,579
8060,8060,579
8061,8061,578
8062,8062,577
8063,8063,576
8064,8064,575
8065,8065,575
8066,8066,574
8067,8067,573
8068,8068,573
8069,8069,572
8070,8070,571
8071,8071,572
8072,8072,571
8073,8073,570
8074,8074,569
8075,8075,569
8076,8076,569
8077,8077,568
8078,8078,568
8079,8079,567
8080,8080,566
8081,8081,566
8082,8082,566
8083,8083,566
8084,8084,565
8085,8085,564
8086,8086,564
8087,8087,563
8088,8088,562
8089,8089,561
8090,8090,560
8091,8091,561
8092,8092,560
8093,8093,561
8094,8094,560
8095,8095,560
8096,8096,560
8097,8097,559
8098,8098,559
8099,8099,559
8100,8100,559
8101,8101,558
8102,8102,557
8103,8103,558
8104,8104,558
8105,8105,559
8106,8106,559
8107,8107,558
8108,8108,557
8109,8109,557
8110,8110,556
8111,8111,556
8112,8112,555
8113,8113,555
8114,8114,554
8115,8115,553
8116,8116,553
8117,8117,553
8118,8118,554
8119,8119,553
8120,8120,552
8121,8121,552
8122,8122,551
8123,8123,550
8124,8124,549
8125,8125,550
8126,8126,549
8127,8127,549
8128,8128,548
8129,8129,549
8130,8130,548
8131,8131,547
8132,8132,546
8133,8133,548
8134,8134,548
8135,8135,547
8136,8136,547
8137,8137,546
8138,8138,545
8139,8139,544
8140,8140,544
8141,8141,543
8142,8142,543
8143,8143,543
8144,8144,543
8145,8145,542
8146,8146,541
8147,8147,541
8148,8148,540
8149,8149,540
8150,8150,540
8151,8151,539
8152,8152,539
8153,8153,538
8154,8154,538
8155,8155,537
8156,8156,536
8157,8157,536
8158,8158,535
8159,8159,534
8160,8160,534
8161,8161,534
8162,8162,533
8163,8163,534
8164,8164,533
8165,8165,532
8166,8166,532
8167,8167,533
8168,8168,532
8169,8169,531
8170,8170,531
8171,8171,530
8172,8172,529
8173,8173,530
8174,8174,530
8175,8175,529
8176,8176,529
8177,8177,530
8178,8178,530
8179,8179,530
8180,8180,530
8181,8181,530
8182,8182,531
8183,8183,531
8184,8184,531
8185,8185,531
8186,8186,532
8187,8187,532
8188,8188,532
8189,8189,533
8190,8190,533
8191,8191,533
8192,8192,534
8193,8193,535
8194,8194,535
8195,8195,535
8196,8196,537
8197,8197,537
8198,8198,537
8199,8199,538
8200,8200,538
8201,8201,538
8202,8202,539
8203,8203,539
8204,8204,539
8205,8205,540
8206,8206,540
8207,8207,540
8208,8208,541
8209,8209,542
8210,8210,542
8211,8211,542
8212,8212,542
8213,8213,543
8214,8214,543
8215,8215,544
8216,8216,544
8217,8217,544
8218,8218,544
8219,8219,544
8220,8220,547
8221,8221,547
8222,8222,547
8223,8223,548
8224,8224,548
8225,8225,548
8226,8226,548
8227,8227,550
8228,8228,550
8229,8229,550
8230,8230,550
8231,8231,551
8232,8232,551
8233,8233,551
8234,8234,552
8235,8235,552
8236,8236,552
8237,8237,552
8238,8238,553
8239,8239,553
8240,8240,554
8241,8241,554
8242,8242,554
8243,8243,555
8244,8244,555
8245,8245,555
8246,8246,557
8247,8247,558
8248,8248,559
8249,8249,559
8250,8250,560
8251,8251,560
8252,8252,560
8253,8253,560
8254,8254,561
8255,8255,561
8256,8256,561
8257,8257,561
8258,8258,561
8259,8259,562
8260,8260,562
8261,8261,562
8262,8262,562
8263,8263,563
8264,8264,562
8265,8265,562
8266,8266,562
8267,8267,564
8268,8268,564
8269,8269,564
8270,8270,564
8271,8271,564
8272,8272,564
8273,8273,565
8274,8274,565
8275,8275,565
8276,8276,565
8277,8277,565
8278,8278,566
8279,8279,566
8280,8280,566
8281,8281,566
8282,8282,567
8283,8283,567
8284,8284,567
8285,8285,567
8286,8286,568
8287,8287,568
8288,8288,568
8289,8289,568
8290,8290,568
8291,8291,570
8292,8292,570
8293,8293,570
8294,8294,570
8295,8295,571
8296,8296,571
8297,8297,571
8298,8298,571
8299,8299,571
8300,8300,572
8301,8301,572
8302,8302,572
8303,8303,572
8304,8304,572
8305,8305,573
8306,8306,573
8307,8307,573
8308,8308,573
8309,8309,573
8310,8310,574
8311,8311,574
8312,8312,574
8313,8313,574
8314,8314,574
8315,8315,575
8316,8316,575
8317,8317,575
8318,8318,575
8319,8319,575
8320,8320,576
8321,8321,576
8322,8322,577
8323,8323,577
8324,8324,577
8325,8325,577
8326,8326,578
8327,8327,578
8328,8328,578
8329,8329,578
8330,8330,579
8331,8331,580
8332,8332,580
8333,8333,580
8334,8334,580
8335,8335,580
8336,8336,581
8337,8337,581
8338,8338,581
8339,8339,581
8340,8340,581
8341,8341,581
8342,8342,581
8343,8343,581
8344,8344,583
8345,8345,583
8346,8346,583
8347,8347,584
8348,8348,584
8349,8349,585
8350,8350,585
8351,8351,585
8352,8352,585
8353,8353,586
8354,8354,586
8355,8355,586
8356,8356,586
8357,8357,586
8358,8358,587
8359,8359,588
8360,8360,588
8361,8361,588
8362,8362,588
8363,8363,588
8364,8364,590
8365,8365,590
8366,8366,590
8367,8367,591
8368,8368,592
8369,8369,592
8370,8370,592
8371,8371,593
8372,8372,593
8373,8373,593
8374,8374,593
8375,8375,595
8376,8376,595
8377,8377,595
8378,8378,595
8379,8379,595
8380,8380,595
8381,8381,595
8382,8382,595
8383,8383,595
8384,8384,595
8385,8385,595
8386,8386,595
8387,8387,595
8388,8388,595
8389,8389,596
8390,8390,597
8391,8391,597
8392,8392,597
8393,8393,597
8394,8394,599
8395,8395,598
8396,8396,599
8397,8397,599
8398,8398,599
8399,8399,599
8400,8400,601
8401,8401,602
8402,8402,602
8403,8403,602
8404,8404,602
8405,8405,602
8406,8406,603
8407,8407,604
8408,8408,604
8409,8409,604
8410,8410,604
8411,8411,604
8412,8412,604
8413,8413,604
8414,8414,604
8415,8415,604
8416,8416,604
8417,8417,604
8418,8418,604
8419,8419,605
8420,8420,606
8421,8421,606
8422,8422,606
8423,8423,606
8424,8424,606
8425,8425,607
8426,8426,607
8427,8427,607
8428,8428,607
8429,8429,607
8430,8430,607
8431,8431,607
8432,8432,607
8433,8433,607
8434,8434,609
8435,8435,609
8436,8436,610
8437,8437,610
8438,8438,610
8439,8439,611
8440,8440,612
8441,8441,613
8442,8442,613
8443,8443,613
8444,8444,615
8445,8445,615
8446,8446,615
8447,8447,615
8448,8448,615
8449,8449,615
8450,8450,616
8451,8451,617
8452,8452,617
8453,8453,617
8454,8454,617
8455,8455,617
8456,8456,618
8457,8457,618
8458,8458,618
8459,8459,619
8460,8460,619
8461,8461,619
8462,8462,619
8463,8463,619
8464,8464,619
8465,8465,619
8466,8466,619
8467,8467,619
8468,8468,619
8469,8469,619
8470,8470,620
8471,8471,620
8472,8472,620
8473,8473,620
8474,8474,621
8475,8475,621
8476,8476,623
8477,8477,624
8478,8478,624
8479,8479,624
8480,8480,624
8481,8481,624
8482,8482,624
8483,8483,624
8484,8484,625
8485,8485,625
8486,8486,625
8487,8487,625
8488,8488,626
8489,8489,626
8490,8490,627
8491,8491,627
8492,8492,627
8493,8493,627
8494,8494,627
8495,8495,627
8496,8496,627
8497,8497,627
8498,8498,627
8499,8499,628
8500,8500,628
8501,8501,628
8502,8502,628
8503,8503,629
8504,8504,629
8505,8505,629
8506,8506,629
8507,8507,629
8508,8508,629
8509,8509,630
8510,8510,630
8511,8511,630
8512,8512,630
8513,8513,630
8514,8514,630
8515,8515,630
8516,8516,630
8517,8517,630
8518,8518,631
8519,8519,632
8520,8520,632
8521,8521,632
8522,8522,632
8523,8523,632
8524,8524,634
8525,8525,634
8526,8526,634
8527,8527,634
8528,8528,634
8529,8529,635
8530,8530,635
8531,8531,635
8532,8532,635
8533,8533,635
8534,8534,635
8535,8535,635
8536,8536,635
8537,8537,635
8538,8538,635
8539,8539,636
8540,8540,637
8541,8541,637
8542,8542,637
8543,8543,638
8544,8544,638
8545,8545,638
8546,8546,638
8547,8547,638
8548,8548,638
8549,8549,638
8550,8550,638
8551,8551,638
8552,8552,638
8553,8553,638
8554,8554,638
8555,8555,639
8556,8556,639
8557,8557,639
8558,8558,639
8559,8559,639
8560,8560,639
8561,8561,640
8562,8562,641
8563,8563,641
8564,8564,641
8565,8565,641
8566,8566,641
8567,8567,641
8568,8568,642
8569,8569,642
8570,8570,642
8571,8571,642
8572,8572,642
8573,8573,642
8574,8574,642
8575,8575,643
8576,8576,643
8577,8577,643
8578,8578,643
8579,8579,643
8580,8580,643
8581,8581,643
8582,8582,643
8583,8583,644
8584,8584,644
8585,8585,644
8586,8586,645
8587,8587,645
8588,8588,645
8589,8589,646
8590,8590,646
8591,8591,646
8592,8592,646
8593,8593,646
8594,8594,648
8595,8595,648
8596,8596,648
8597,8597,648
8598,8598,648
8599,8599,648
8600,8600,650
8601,8601,650
8602,8602,650
8603,8603,650
8604,8604,650
8605,8605,650
8606,8606,650
8607,8607,650
8608,8608,650
8609,8609,651
8610,8610,651
8611,8611,651
8612,8612,651
8613,8613,651
8614,8614,651
8615,8615,651
8616,8616,651
8617,8617,651
8618,8618,651
8619,8619,651
8620,8620,651
8621,8621,651
8622,8622,651
8623,8623,651
8624,8624,651
8625,8625,651
8626,8626,651
8627,8627,651
8628,8628,652
8629,8629,652
8630,8630,652
8631,8631,653
8632,8632,653
8633,8633,654
8634,8634,654
8635,8635,654
8636,8636,654
8637,8637,655
8638,8638,655
8639,8639,655
8640,8640,655
8641,8641,655
8642,8642,655
8643,8643,655
8644,8644,655
8645,8645,655
8646,8646,656
8647,8647,657
8648,8648,657
8649,8649,657
8650,8650,657
8651,8651,657
8652,8652,657
8653,8653,658
8654,8654,658
8655,8655,659
8656,8656,660
8657,8657,660
8658,8658,660
8659,8659,660
8660,8660,661
8661,8661,662
8662,8662,662
8663,8663,662
8664,8664,662
8665,8665,662
8666,8666,663
8667,8667,663
8668,8668,663
8669,8669,663
8670,8670,663
8671,8671,663
8672,8672,663
8673,8673,663
8674,8674,663
8675,8675,663
8676,8676,663
8677,8677,664
8678,8678,663
8679,8679,663
8680,8680,663
8681,8681,663
8682,8682,663
8683,8683,663
8684,8684,664
8685,8685,664
8686,8686,664
8687,8687,664
8688,8688,664
8689,8689,664
8690,8690,664
8691,8691,664
8692,8692,664
8693,8693,664
8694,8694,665
8695,8695,665
8696,8696,665
8697,8697,665
8698,8698,664
8699,8699,664
8700,8700,665
8701,8701,665
8702,8702,666
8703,8703,666
8704,8704,666
8705,8705,666
8706,8706,666
8707,8707,666
8708,8708,666
8709,8709,666
8710,8710,667
8711,8711,667
8712,8712,667
8713,8713,667
8714,8714,667
8715,8715,667
8716,8716,667
8717,8717,667
8718,8718,667
8719,8719,668
8720,8720,668
8721,8721,668
8722,8722,668
8723,8723,668
8724,8724,669
8725,8725,669
8726,8726,669
8727,8727,670
8728,8728,670
8729,8729,670
8730,8730,671
8731,8731,671
8732,8732,671
8733,8733,671
8734,8734,671
8735,8735,672
8736,8736,672
8737,8737,673
8738,8738,673
8739,8739,673
8740,8740,674
8741,8741,674
8742,8742,674
8743,8743,674
8744,8744,674
8745,8745,674
8746,8746,675
8747,8747,675
8748,8748,676
8749,8749,677
8750,8750,677
8751,8751,677
8752,8752,677
8753,8753,677
8754,8754,677
8755,8755,677
8756,8756,677
8757,8757,678
8758,8758,678
8759,8759,678
8760,8760,678
8761,8761,678
8762,8762,678
8763,8763,679
8764,8764,679
8765,8765,679
8766,8766,679
8767,8767,679
8768,8768,679
8769,8769,679
8770,8770,679
8771,8771,679
8772,8772,679
8773,8773,680
8774,8774,680
8775,8775,680
8776,8776,680
8777,8777,680
8778,8778,680
8779,8779,680
8780,8780,680
8781,8781,680
8782,8782,680
8783,8783,680
8784,8784,680
8785,8785,682
8786,8786,682
8787,8787,683
8788,8788,683
8789,8789,683
8790,8790,682
8791,8791,682
8792,8792,682
8793,8793,682
8794,8794,683
8795,8795,683
8796,8796,683
8797,8797,683
8798,8798,683
8799,8799,683
8800,8800,685
8801,8801,685
8802,8802,685
8803,8803,685
8804,8804,685
8805,8805,685
8806,8806,686
8807,8807,686
8808,8808,687
8809,8809,687
8810,8810,687
8811,8811,687
8812,8812,687
8813,8813,687
8814,8814,687
8815,8815,687
8816,8816,688
8817,8817,688
8818,8818,689
8819,8819,689
8820,8820,689
8821,8821,688
8822,8822,688
8823,8823,688
8824,8824,688
8825,8825,688
8826,8826,689
8827,8827,689
8828,8828,689
8829,8829,689
8830,8830,689
8831,8831,689
8832,8832,689
8833,8833,689
8834,8834,689
8835,8835,689
8836,8836,689
8837,8837,690
8838,8838,690
8839,8839,690
8840,8840,690
8841,8841,690
8842,8842,690
8843,8843,689
8844,8844,689
8845,8845,689
8846,8846,689
8847,8847,689
8848,8848,689
8849,8849,689
8850,8850,689
8851,8851,689
8852,8852,689
8853,8853,689
8854,8854,689
8855,8855,689
8856,8856,689
8857,8857,689
8858,8858,689
8859,8859,689
8860,8860,689
8861,8861,689
8862,8862,690
8863,8863,690
8864,8864,690
8865,8865,690
8866,8866,690
8867,8867,690
8868,8868,690
8869,8869,690
8870,8870,690
8871,8871,689
8872,8872,690
8873,8873,690
8874,8874,691
8875,8875,691
8876,8876,691
8877,8877,691
8878,8878,690
8879,8879,690
8880,8880,690
8881,8881,690
8882,8882,690
8883,8883,691
8884,8884,691
8885,8885,692
8886,8886,692
8887,8887,692
8888,8888,692
8889,8889,692
8890,8890,692
8891,8891,693
8892,8892,693
8893,8893,693
8894,8894,693
8895,8895,693
8896,8896,693
8897,8897,693
8898,8898,694
8899,8899,694
8900,8900,694
8901,8901,694
8902,8902,695
8903,8903,697
8904,8904,697
8905,8905,698
8906,8906,698
8907,8907,698
8908,8908,698
8909,8909,698
8910,8910,698
8911,8911,699
8912,8912,699
8913,8913,699
8914,8914,699
8915,8915,699
8916,8916,698
8917,8917,699
8918,8918,699
8919,8919,699
8920,8920,699
8921,8921,699
8922,8922,699
8923,8923,699
8924,8924,699
8925,8925,700
8926,8926,699
8927,8927,699
8928,8928,699
8929,8929,700
8930,8930,700
8931,8931,700
8932,8932,700
8933,8933,701
8934,8934,701
8935,8935,703
8936,8936,703
8937,8937,703
8938,8938,703
8939,8939,703
8940,8940,703
8941,8941,703
8942,8942,702
8943,8943,703
8944,8944,703
8945,8945,703
8946,8946,703
8947,8947,703
8948,8948,703
8949,8949,704
8950,8950,704
8951,8951,705
8952,8952,705
8953,8953,706
8954,8954,706
8955,8955,706
8956,8956,707
8957,8957,708
8958,8958,708
8959,8959,709
8960,8960,709
8961,8961,709
8962,8962,709
8963,8963,708
8964,8964,707
8965,8965,708
8966,8966,709
8967,8967,709
8968,8968,709
8969,8969,708
8970,8970,708
8971,8971,708
8972,8972,708
8973,8973,708
8974,8974,708
8975,8975,708
8976,8976,707
8977,8977,707
8978,8978,707
8979,8979,707
8980,8980,707
8981,8981,707
8982,8982,707
8983,8983,706
8984,8984,706
8985,8985,706
8986,8986,706
8987,8987,706
8988,8988,705
8989,8989,704
8990,8990,704
8991,8991,705
8992,8992,705
8993,8993,704
8994,8994,704
8995,8995,704
8996,8996,704
8997,8997,704
8998,8998,704
8999,8999,704
9000,9000,703
9001,9001,704
9002,9002,705
9003,9003,705
9004,9004,705
9005,9005,704
9006,9006,703
9007,9007,703
9008,9008,703
9009,9009,703
9010,9010,703
9011,9011,703
9012,9012,702
9013,9013,703
9014,9014,703
9015,9015,704
9016,9016,705
9017,9017,705
9018,9018,705
9019,9019,705
9020,9020,706
9021,9021,706
9022,9022,706
9023,9023,707
9024,9024,708
9025,9025,707
9026,9026,707
9027,9027,706
9028,9028,707
9029,9029,707
9030,9030,707
9031,9031,706
9032,9032,706
9033,9033,707
9034,9034,706
9035,9035,706
9036,9036,705
9037,9037,705
9038,9038,705
9039,9039,704
9040,9040,703
9041,9041,704
9042,9042,704
9043,9043,705
9044,9044,706
9045,9045,707
9046,9046,706
9047,9047,705
9048,9048,705
9049,9049,705
9050,9050,704
9051,9051,703
9052,9052,703
9053,9053,705
9054,9054,704
9055,9055,704
9056,9056,703
9057,9057,702
9058,9058,702
9059,9059,702
9060,9060,701
9061,9061,700
9062,9062,699
9063,9063,699
9064,9064,698
9065,9065,697
9066,9066,696
9067,9067,697
9068,9068,696
9069,9069,696
9070,9070,696
9071,9071,696
9072,9072,696
9073,9073,696
9074,9074,697
9075,9075,697
9076,9076,696
9077,9077,695
9078,9078,694
9079,9079,693
9080,9080,692
9081,9081,693
9082,9082,692
9083,9083,691
9084,9084,690
9085,9085,689
9086,9086,688
9087,9087,689
9088,9088,688
9089,9089,687
9090,9090,686
9091,9091,685
9092,9092,684
9093,9093,685
9094,9094,684
9095,9095,683
9096,9096,682
9097,9097,681
9098,9098,680
9099,9099,680
9100,9100,679
9101,9101,679
9102,9102,679
9103,9103,678
9104,9104,677
9105,9105,678
9106,9106,677
9107,9107,676
9108,9108,675
9109,9109,674
9110,9110,673
9111,9111,673
9112,9112,672
9113,9113,671
9114,9114,670
9115,9115,670
9116,9116,670
9117,9117,669
9118,9118,668
9119,9119,667
9120,9120,666
9121,9121,665
9122,9122,666
9123,9123,665
9124,9124,664
9125,9125,664
9126,9126,664
9127,9127,664
9128,9128,663
9129,9129,662
9130,9130,661
9131,9131,660
9132,9132,660
9133,9133,659
9134,9134,658
9135,9135,658
9136,9136,658
9137,9137,657
9138,9138,656
9139,9139,656
9140,9140,657
9141,9141,658
9142,9142,657
9143,9143,656
9144,9144,655
9145,9145,655
9146,9146,655
9147,9147,654
9148,9148,653
9149,9149,653
9150,9150,653
9151,9151,653
9152,9152,653
9153,9153,652
9154,9154,652
9155,9155,651
9156,9156,650
9157,9157,649
9158,9158,649
9159,9159,649
9160,9160,650
9161,9161,650
9162,9162,651
9163,9163,650
9164,9164,649
9165,9165,648
9166,9166,648
9167,9167,648
9168,9168,647
9169,9169,646
9170,9170,646
9171,9171,646
9172,9172,645
9173,9173,644
9174,9174,644
9175,9175,643
9176,9176,642
9177,9177,642
9178,9178,641
9179,9179,640
9180,9180,639
9181,9181,639
9182,9182,638
9183,9183,637
9184,9184,637
9185,9185,636
9186,9186,636
9187,9187,635
9188,9188,636
9189,9189,635
9190,9190,634
9191,9191,634
9192,9192,633
9193,9193,633
9194,9194,632
9195,9195,632
9196,9196,631
9197,9197,630
9198,9198,631
9199,9199,630
9200,9200,630
9201,9201,630
9202,9202,630
9203,9203,629
9204,9204,629
9205,9205,630
9206,9206,630
9207,9207,629
9208,9208,629
9209,9209,628
9210,9210,627
9211,9211,627
9212,9212,626
9213,9213,625
9214,9214,627
9215,9215,627
9216,9216,627
9217,9217,627
9218,9218,626
9219,9219,625
9220,9220,626
9221,9221,626
9222,9222,625
9223,9223,625
9224,9224,624
9225,9225,623
9226,9226,623
9227,9227,623
9228,9228,624
9229,9229,624
9230,9230,624
9231,9231,624
9232,9232,624
9233,9233,625
9234,9234,625
9235,9235,625
9236,9236,625
9237,9237,626
9238,9238,626
9239,9239,626
9240,9240,628
9241,9241,629
9242,9242,629
9243,9243,630
9244,9244,630
9245,9245,630
9246,9246,631
9247,9247,632
9248,9248,632
9249,9249,633
9250,9250,633
9251,9251,635
9252,9252,636
9253,9253,636
9254,9254,636
9255,9255,636
9256,9256,638
9257,9257,638
9258,9258,639
9259,9259,641
9260,9260,641
9261,9261,641
9262,9262,642
9263,9263,642
9264,9264,642
9265,9265,642
9266,9266,643
9267,9267,643
9268,9268,643
9269,9269,643
9270,9270,644
9271,9271,644
9272,9272,644
9273,9273,645
9274,9274,645
9275,9275,645
9276,9276,645
9277,9277,648
9278,9278,648
9279,9279,648
9280,9280,650
9281,9281,650
9282,9282,650
9283,9283,650
9284,9284,651
9285,9285,651
9286,9286,652
9287,9287,652
9288,9288,653
9289,9289,653
9290,9290,653
9291,9291,653
9292,9292,656
9293,9293,656
9294,9294,657
9295,9295,658
9296,9296,658
9297,9297,658
9298,9298,658
9299,9299,658
9300,9300,658
9301,9301,658
9302,9302,658
9303,9303,658
9304,9304,659
9305,9305,660
9306,9306,660
9307,9307,660
9308,9308,660
9309,9309,661
9310,9310,661
9311,9311,661
9312,9312,662
9313,9313,664
9314,9314,664
9315,9315,664
9316,9316,664
9317,9317,665
9318,9318,665
9319,9319,665
9320,9320,666
9321,9321,667
9322,9322,669
9323,9323,669
9324,9324,670
9325,9325,670
9326,9326,671
9327,9327,671
9328,9328,671
9329,9329,671
9330,9330,672
9331,9331,672
9332,9332,672
9333,9333,674
9334,9334,674
9335,9335,675
9336,9336,675
9337,9337,675
9338,9338,675
9339,9339,676
9340,9340,676
9341,9341,676
9342,9342,676
9343,9343,676
9344,9344,677
9345,9345,677
9346,9346,677
9347,9347,678
9348,9348,679
9349,9349,679
9350,9350,679
9351,9351,679
9352,9352,680
9353,9353,681
9354,9354,681
9355,9355,682
9356,9356,682
9357,9357,682
9358,9358,683
9359,9359,683
9360,9360,683
9361,9361,683
9362,9362,684
9363,9363,684
9364,9364,684
9365,9365,684
9366,9366,684
9367,9367,684
9368,9368,685
9369,9369,685
9370,9370,685
9371,9371,685
9372,9372,686
9373,9373,687
9374,9374,687
9375,9375,689
9376,9376,689
9377,9377,690
9378,9378,690
9379,9379,690
9380,9380,690
9381,9381,690
9382,9382,690
9383,9383,691
9384,9384,691
9385,9385,692
9386,9386,692
9387,9387,692
9388,9388,692
9389,9389,693
9390,9390,694
9391,9391,694
9392,9392,694
9393,9393,694
9394,9394,694
9395,9395,694
9396,9396,695
9397,9397,695
9398,9398,695
9399,9399,697
9400,9400,697
9401,9401,697
9402,9402,697
9403,9403,697
9404,9404,697
9405,9405,698
9406,9406,698
9407,9407,698
9408,9408,698
9409,9409,698
9410,9410,700
9411,9411,700
9412,9412,700
9413,9413,701
9414,9414,701
9415,9415,701
9416,9416,702
9417,9417,702
9418,9418,702
9419,9419,702
9420,9420,702
9421,9421,702
9422,9422,703
9423,9423,703
9424,9424,703
9425,9425,703
9426,9426,704
9427,9427,706
9428,9428,706
9429,9429,706
9430,9430,706
9431,9431,706
9432,9432,706
9433,9433,707
9434,9434,707
9435,9435,707
9436,9436,707
9437,9437,707
9438,9438,707
9439,9439,708
9440,9440,708
9441,9441,708
9442,9442,708
9443,9443,708
9444,9444,708
9445,9445,709
9446,9446,710
9447,9447,710
9448,9448,710
9449,9449,710
9450,9450,710
9451,9451,710
9452,9452,710
9453,9453,711
9454,9454,712
9455,9455,712
9456,9456,712
9457,9457,713
9458,9458,713
9459,9459,713
9460,9460,713
9461,9461,713
9462,9462,713
9463,9463,713
9464,9464,714
9465,9465,715
9466,9466,715
9467,9467,715
9468,9468,715
9469,9469,715
9470,9470,716
9471,9471,716
9472,9472,716
9473,9473,716
9474,9474,716
9475,9475,716
9476,9476,716
9477,9477,716
9478,9478,716
9479,9479,716
9480,9480,717
9481,9481,718
9482,9482,718
9483,9483,719
9484,9484,719
9485,9485,719
9486,9486,719
9487,9487,719
9488,9488,719
9489,9489,721
9490,9490,721
9491,9491,721
9492,9492,721
9493,9493,721
9494,9494,721
9495,9495,722
9496,9496,723
9497,9497,723
9498,9498,724
9499,9499,724
9500,9500,724
9501,9501,725
9502,9502,725
9503,9503,727
9504,9504,727
9505,9505,727
9506,9506,727
9507,9507,728
9508,9508,728
9509,9509,728
9510,9510,729
9511,9511,730
9512,9512,730
9513,9513,730
9514,9514,730
9515,9515,730
9516,9516,730
9517,9517,730
9518,9518,731
9519,9519,731
9520,9520,731
9521,9521,732
9522,9522,732
9523,9523,732
9524,9524,732
9525,9525,733
9526,9526,733
9527,9527,733
9528,9528,733
9529,9529,733
9530,9530,733
9531,9531,734
9532,9532,735
9533,9533,735
9534,9534,735
9535,9535,736
9536,9536,737
9537,9537,738
9538,9538,739
9539,9539,739
9540,9540,740
9541,9541,740
9542,9542,740
9543,9543,740
9544,9544,740
9545,9545,740
9546,9546,741
9547,9547,741
9548,9548,741
9549,9549,741
9550,9550,741
9551,9551,741
9552,9552,741
9553,9553,743
9554,9554,743
9555,9555,743
9556,9556,743
9557,9557,743
9558,9558,743
9559,9559,743
9560,9560,743
9561,9561,744
9562,9562,744
9563,9563,745
9564,9564,745
9565,9565,745
9566,9566,745
9567,9567,745
9568,9568,745
9569,9569,745
9570,9570,745
9571,9571,745
9572,9572,745
9573,9573,745
9574,9574,746
9575,9575,746
9576,9576,746
9577,9577,746
9578,9578,746
9579,9579,746
9580,9580,746
9581,9581,746
9582,9582,746
9583,9583,747
9584,9584,747
9585,9585,748
9586,9586,748
9587,9587,748
9588,9588,748
9589,9589,749
9590,9590,749
9591,9591,749
9592,9592,750
9593,9593,750
9594,9594,750
9595,9595,750
9596,9596,750
9597,9597,750
9598,9598,751
9599,9599,751
9600,9600,752
9601,9601,752
9602,9602,752
9603,9603,752
9604,9604,752
9605,9605,752
9606,9606,752
9607,9607,752
9608,9608,752
9609,9609,752
9610,9610,752
9611,9611,752
9612,9612,752
9613,9613,752
9614,9614,754
9615,9615,754
9616,9616,754
9617,9617,754
9618,9618,754
9619,9619,754
9620,9620,754
9621,9621,754
9622,9622,754
9623,9623,755
9624,9624,755
9625,9625,755
9626,9626,755
9627,9627,755
9628,9628,755
9629,9629,755
9630,9630,755
9631,9631,756
9632,9632,757
9633,9633,759
9634,9634,759
9635,9635,759
9636,9636,759
9637,9637,759
9638,9638,760
9639,9639,760
9640,9640,760
9641,9641,760
9642,9642,760
9643,9643,760
9644,9644,760
9645,9645,760
9646,9646,760
9647,9647,760
9648,9648,760
9649,9649,760
9650,9650,761
9651,9651,761
9652,9652,761
9653,9653,761
9654,9654,761
9655,9655,761
9656,9656,762
9657,9657,762
9658,9658,762
9659,9659,762
9660,9660,762
9661,9661,762
9662,9662,762
9663,9663,763
9664,9664,763
9665,9665,763
9666,9666,764
9667,9667,764
9668,9668,764
9669,9669,765
9670,9670,765
9671,9671,765
9672,9672,765
9673,9673,766
9674,9674,766
9675,9675,766
9676,9676,767
9677,9677,767
9678,9678,767
9679,9679,767
9680,9680,767
9681,9681,768
9682,9682,768
9683,9683,769
9684,9684,769
9685,9685,769
9686,9686,769
9687,9687,769
9688,9688,769
9689,9689,770
9690,9690,771
9691,9691,771
9692,9692,771
9693,9693,772
9694,9694,772
9695,9695,772
9696,9696,772
9697,9697,773
9698,9698,773
9699,9699,773
9700,9700,773
9701,9701,774
9702,9702,775
9703,9703,775
9704,9704,776
9705,9705,777
9706,9706,777
9707,9707,778
9708,9708,778
9709,9709,778
9710,9710,778
9711,9711,778
9712,9712,779
9713,9713,778
9714,9714,778
9715,9715,778
9716,9716,778
9717,9717,778
9718,9718,778
9719,9719,778
9720,9720,779
9721,9721,779
9722,9722,779
9723,9723,779
9724,9724,779
9725,9725,779
9726,9726,780
9727,9727,780
9728,9728,780
9729,9729,780
9730,9730,780
9731,9731,781
9732,9732,781
9733,9733,781
9734,9734,781
9735,9735,781
9736,9736,781
9737,9737,781
9738,9738,781
9739,9739,782
9740,9740,782
9741,9741,784
9742,9742,784
9743,9743,784
9744,9744,785
9745,9745,786
9746,9746,787
9747,9747,787
9748,9748,788
9749,9749,788
9750,9750,788
9751,9751,788
9752,9752,788
9753,9753,788
9754,9754,788
9755,9755,788
9756,9756,789
9757,9757,789
9758,9758,789
9759,9759,789
9760,9760,789
9761,9761,789
9762,9762,789
9763,9763,788
9764,9764,788
9765,9765,788
9766,9766,788
9767,9767,788
9768,9768,788
9769,9769,788
9770,9770,788
9771,9771,788
9772,9772,788
9773,9773,788
9774,9774,788
9775,9775,788
9776,9776,788
9777,9777,788
9778,9778,789
9779,9779,789
9780,9780,789
9781,9781,789
9782,9782,789
9783,9783,789
9784,9784,789
9785,9785,790
9786,9786,790
9787,9787,790
9788,9788,790
9789,9789,790
9790,9790,790
9791,9791,790
9792,9792,790
9793,9793,790
9794,9794,789
9795,9795,789
9796,9796,789
9797,9797,789
9798,9798,789
9799,9799,789
9800,9800,789
9801,9801,789
9802,9802,789
9803,9803,789
9804,9804,789
9805,9805,790
9806,9806,790
9807,9807,790
9808,9808,790
9809,9809,790
9810,9810,790
9811,9811,791
9812,9812,791
9813,9813,791
9814,9814,791
9815,9815,791
9816,9816,791
9817,9817,791
9818,9818,790
9819,9819,790
9820,9820,790
9821,9821,790
9822,9822,790
9823,9823,791
9824,9824,791
9825,9825,791
9826,9826,791
9827,9827,791
9828,9828,792
9829,9829,792
9830,9830,792
9831,9831,792
9832,9832,792
9833,9833,792
9834,9834,793
9835,9835,793
9836,9836,793
9837,9837,793
9838,9838,792
9839,9839,792
9840,9840,792
9841,9841,792
9842,9842,792
9843,9843,792
9844,9844,792
9845,9845,792
9846,9846,793
9847,9847,793
9848,9848,793
9849,9849,794
9850,9850,794
9851,9851,795
9852,9852,795
9853,9853,796
9854,9854,796
9855,9855,795
9856,9856,795
9857,9857,795
9858,9858,795
9859,9859,796
9860,9860,796
9861,9861,796
9862,9862,796
9863,9863,796
9864,9864,796
9865,9865,796
9866,9866,796
9867,9867,797
9868,9868,798
9869,9869,799
9870,9870,799
9871,9871,798
9872,9872,798
9873,9873,798
9874,9874,798
9875,9875,798
9876,9876,798
9877,9877,798
9878,9878,797
9879,9879,797
9880,9880,797
9881,9881,797
9882,9882,798
9883,9883,798
9884,9884,798
9885,9885,798
9886,9886,797
9887,9887,797
9888,9888,797
9889,9889,797
9890,9890,797
9891,9891,797
9892,9892,797
9893,9893,796
9894,9894,796
9895,9895,796
9896,9896,796
9897,9897,798
9898,9898,798
9899,9899,798
9900,9900,797
9901,9901,797
9902,9902,798
9903,9903,798
9904,9904,798
9905,9905,798
9906,9906,798
9907,9907,798
9908,9908,798
9909,9909,798
9910,9910,798
9911,9911,798
9912,9912,799
9913,9913,800
9914,9914,800
9915,9915,800
9916,9916,800
9917,9917,800
9918,9918,800
9919,9919,800
9920,9920,801
9921,9921,801
9922,9922,801
9923,9923,801
9924,9924,801
9925,9925,801
9926,9926,801
9927,9927,801
9928,9928,802
9929,9929,802
9930,9930,802
9931,9931,802
9932,9932,801
9933,9933,801
9934,9934,801
9935,9935,801
9936,9936,801
9937,9937,801
9938,9938,801
9939,9939,801
9940,9940,800
9941,9941,801
9942,9942,802
9943,9943,802
9944,9944,804
9945,9945,804
9946,9946,803
9947,9947,803
9948,9948,804
9949,9949,805
9950,9950,805
9951,9951,805
9952,9952,805
9953,9953,805
9954,9954,806
9955,9955,806
9956,9956,806
9957,9957,806
9958,9958,806
9959,9959,806
9960,9960,806
9961,9961,806
9962,9962,806
9963,9963,806
9964,9964,807
9965,9965,807
9966,9966,806
9967,9967,806
9968,9968,806
9969,9969,806
9970,9970,806
9971,9971,807
9972,9972,807
9973,9973,806
9974,9974,806
9975,9975,806
9976,9976,807
9977,9977,807
9978,9978,807
9979,9979,806
9980,9980,806
9981,9981,806
9982,9982,806
9983,9983,806
9984,9984,806
9985,9985,806
9986,9986,805
9987,9987,805
9988,9988,805
9989,9989,805
9990,9990,805
9991,9991,805
9992,9992,804
9993,9993,804
9994,9994,804
9995,9995,806
9996,9996,806
9997,9997,806
9998,9998,807
9999,9999,807
10000,10000,806
10001,10001,806
10002,10002,806
10003,10003,807
10004,10004,806
10005,10005,806
10006,10006,807
10007,10007,807
10008,10008,807
10009,10009,808
10010,10010,808
10011,10011,807
10012,10012,808
10013,10013,809
10014,10014,809
10015,10015,809
10016,10016,809
10017,10017,809
10018,10018,808
10019,10019,807
10020,10020,807
10021,10021,807
10022,10022,807
10023,10023,806
10024,10024,807
10025,10025,807
10026,10026,807
10027,10027,807
10028,10028,807
10029,10029,806
10030,10030,807
10031,10031,807
10032,10032,807
10033,10033,807
10034,10034,807
10035,10035,806
10036,10036,805
10037,10037,805
10038,10038,805
10039,10039,805
10040,10040,805
10041,10041,805
10042,10042,804
10043,10043,805
10044,10044,805
10045,10045,805
10046,10046,805
10047,10047,806
10048,10048,806
10049,10049,806
10050,10050,806
10051,10051,807
10052,10052,807
10053,10053,807
10054,10054,806
10055,10055,806
10056,10056,806
10057,10057,806
10058,10058,806
10059,10059,806
10060,10060,806
10061,10061,806
10062,10062,806
10063,10063,806
10064,10064,807
10065,10065,806
10066,10066,806
10067,10067,806
10068,10068,806
10069,10069,806
10070,10070,807
10071,10071,806
10072,10072,806
10073,10073,805
10074,10074,804
10075,10075,804
10076,10076,804
10077,10077,803
10078,10078,803
10079,10079,802
10080,10080,801
10081,10081,801
10082,10082,800
10083,10083,800
10084,10084,800
10085,10085,799
10086,10086,798
10087,10087,798
10088,10088,797
10089,10089,796
10090,10090,796
10091,10091,795
10092,10092,794
10093,10093,793
10094,10094,793
10095,10095,792
10096,10096,791
10097,10097,790
10098,10098,790
10099,10099,789
10100,10100,788
10101,10101,787
10102,10102,787
10103,10103,787
10104,10104,786
10105,10105,785
10106,10106,785
10107,10107,786
10108,10108,785
10109,10109,784
10110,10110,783
10111,10111,782
10112,10112,783
10113,10113,782
10114,10114,782
10115,10115,781
10116,10116,780
10117,10117,779
10118,10118,780
10119,10119,779
10120,10120,778
10121,10121,777
10122,10122,777
10123,10123,776
10124,10124,776
10125,10125,776
10126,10126,775
10127,10127,774
10128,10128,774
10129,10129,773
10130,10130,772
10131,10131,772
10132,10132,772
10133,10133,771
10134,10134,771
10135,10135,770
10136,10136,770
10137,10137,770
10138,10138,770
10139,10139,769
10140,10140,768
10141,10141,767
10142,10142,767
10143,10143,766
10144,10144,766
10145,10145,765
10146,10146,764
10147,10147,763
10148,10148,763
10149,10149,762
10150,10150,761
10151,10151,760
10152,10152,760
10153,10153,760
10154,10154,759
10155,10155,758
10156,10156,757
10157,10157,756
10158,10158,757
10159,10159,756
10160,10160,756
10161,10161,755
10162,10162,755
10163,10163,756
10164,10164,755
10165,10165,754
10166,10166,753
10167,10167,752
10168,10168,752
10169,10169,751
10170,10170,751
10171,10171,751
10172,10172,752
10173,10173,754
10174,10174,753
10175,10175,753
10176,10176,752
10177,10177,752
10178,10178,751
10179,10179,750
10180,10180,749
10181,10181,749
10182,10182,748
10183,10183,747
10184,10184,746
10185,10185,747
10186,10186,746
10187,10187,745
10188,10188,745
10189,10189,745
10190,10190,745
10191,10191,744
10192,10192,744
10193,10193,744
10194,10194,743
10195,10195,742
10196,10196,741
10197,10197,741
10198,10198,741
10199,10199,740
10200,10200,740
10201,10201,740
10202,10202,740
10203,10203,739
10204,10204,738
10205,10205,739
10206,10206,738
10207,10207,737
10208,10208,736
10209,10209,736
10210,10210,735
10211,10211,734
10212,10212,734
10213,10213,734
10214,10214,733
10215,10215,732
10216,10216,732
10217,10217,732
10218,10218,731
10219,10219,732
10220,10220,732
10221,10221,731
10222,10222,730
10223,10223,730
10224,10224,729
10225,10225,729
10226,10226,729
10227,10227,728
10228,10228,727
10229,10229,727
10230,10230,727
10231,10231,726
10232,10232,726
10233,10233,726
10234,10234,726
10235,10235,725
10236,10236,726
10237,10237,726
10238,10238,725
10239,10239,726
10240,10240,725
10241,10241,725
10242,10242,725
10243,10243,724
10244,10244,724
10245,10245,724
10246,10246,724
10247,10247,724
10248,10248,724
10249,10249,724
10250,10250,724
10251,10251,724
10252,10252,724
10253,10253,725
10254,10254,725
10255,10255,725
10256,10256,726
10257,10257,726
10258,10258,726
10259,10259,727
10260,10260,727
10261,10261,727
10262,10262,727
10263,10263,729
10264,10264,729
10265,10265,729
10266,10266,730
10267,10267,730
10268,10268,730
10269,10269,731
10270,10270,732
10271,10271,732
10272,10272,732
10273,10273,733
10274,10274,733
10275,10275,733
10276,10276,734
10277,10277,734
10278,10278,734
10279,10279,735
10280,10280,736
10281,10281,736
10282,10282,737
10283,10283,738
10284,10284,738
10285,10285,739
10286,10286,739
10287,10287,739
10288,10288,739
10289,10289,739
10290,10290,739
10291,10291,739
10292,10292,739
10293,10293,740
10294,10294,740
10295,10295,741
10296,10296,741
10297,10297,742
10298,10298,743
10299,10299,743
10300,10300,743
10301,10301,744
10302,10302,745
10303,10303,745
10304,10304,745
10305,10305,746
10306,10306,746
10307,10307,746
10308,10308,746
10309,10309,747
10310,10310,747
10311,10311,747
10312,10312,748
10313,10313,749
10314,10314,749
10315,10315,749
10316,10316,751
10317,10317,751
10318,10318,750
10319,10319,751
10320,10320,752
10321,10321,752
10322,10322,752
10323,10323,752
10324,10324,752
10325,10325,752
10326,10326,753
10327,10327,755
10328,10328,755
10329,10329,755
10330,10330,755
10331,10331,756
10332,10332,756
10333,10333,756
10334,10334,757
10335,10335,758
10336,10336,759
10337,10337,759
10338,10338,759
10339,10339,759
10340,10340,760
10341,10341,760
10342,10342,761
10343,10343,761
10344,10344,762
10345,10345,762
10346,10346,763
10347,10347,765
10348,10348,766
10349,10349,766
10350,10350,766
10351,10351,767
10352,10352,767
10353,10353,768
10354,10354,768
10355,10355,768
10356,10356,769
10357,10357,769
10358,10358,770
10359,10359,770
10360,10360,770
10361,10361,771
10362,10362,772
10363,10363,772
10364,10364,772
10365,10365,772
10366,10366,772
10367,10367,772
10368,10368,772
10369,10369,772
10370,10370,772
10371,10371,772
10372,10372,772
10373,10373,773
10374,10374,773
10375,10375,773
10376,10376,773
10377,10377,773
10378,10378,774
10379,10379,775
10380,10380,775
10381,10381,775
10382,10382,775
10383,10383,776
10384,10384,777
10385,10385,777
10386,10386,777
10387,10387,777
10388,10388,778
10389,10389,778
10390,10390,779
10391,10391,779
10392,10392,780
10393,10393,780
10394,10394,780
10395,10395,781
10396,10396,781
10397,10397,781
10398,10398,781
10399,10399,781
10400,10400,781
10401,10401,781
10402,10402,781
10403,10403,781
10404,10404,781
10405,10405,783
10406,10406,783
10407,10407,783
10408,10408,783
10409,10409,783
10410,10410,783
10411,10411,783
10412,10412,783
10413,10413,783
10414,10414,783
10415,10415,784
10416,10416,784
10417,10417,784
10418,10418,784
10419,10419,784
10420,10420,784
10421,10421,784
10422,10422,785
10423,10423,786
10424,10424,787
10425,10425,788
10426,10426,788
10427,10427,789
10428,10428,789
10429,10429,789
10430,10430,789
10431,10431,789
10432,10432,790
10433,10433,790
10434,10434,791
10435,10435,791
10436,10436,792
10437,10437,792
10438,10438,792
10439,10439,794
10440,10440,795
10441,10441,795
10442,10442,795
10443,10443,797
10444,10444,798
10445,10445,798
10446,10446,798
10447,10447,799
10448,10448,799
10449,10449,799
10450,10450,799
10451,10451,800
10452,10452,800
10453,10453,800
10454,10454,800
10455,10455,800
10456,10456,801
10457,10457,800
10458,10458,800
10459,10459,800
10460,10460,800
10461,10461,800
10462,10462,800
10463,10463,800
10464,10464,800
10465,10465,800
10466,10466,800
10467,10467,800
10468,10468,800
10469,10469,801
10470,10470,801
10471,10471,801
10472,10472,801
10473,10473,801
10474,10474,801
10475,10475,802
10476,10476,802
10477,10477,802
10478,10478,802
10479,10479,802
10480,10480,802
10481,10481,803
10482,10482,803
10483,10483,803
10484,10484,803
10485,10485,803
10486,10486,803
10487,10487,804
10488,10488,804
10489,10489,804
10490,10490,804
10491,10491,804
10492,10492,804
10493,10493,804
10494,10494,805
10495,10495,805
10496,10496,805
10497,10497,805
10498,10498,805
10499,10499,805
10500,10500,805
10501,10501,805
10502,10502,805
10503,10503,805
10504,10504,805
10505,10505,805
10506,10506,805
10507,10507,805
10508,10508,805
10509,10509,805
10510,10510,805
10511,10511,805
10512,10512,805
10513,10513,805
10514,10514,806
10515,10515,806
10516,10516,806
10517,10517,806
10518,10518,806
10519,10519,806
10520,10520,807
10521,10521,807
10522,10522,807
10523,10523,807
10524,10524,807
10525,10525,807
10526,10526,807
10527,10527,807
10528,10528,808
10529,10529,808
10530,10530,808
10531,10531,808
10532,10532,808
10533,10533,808
10534,10534,808
10535,10535,808
10536,10536,808
10537,10537,808
10538,10538,808
10539,10539,808
10540,10540,808
10541,10541,808
10542,10542,808
10543,10543,808
10544,10544,808
10545,10545,808
10546,10546,808
10547,10547,808
10548,10548,808
10549,10549,808
10550,10550,808
10551,10551,808
10552,10552,808
10553,10553,808
10554,10554,808
10555,10555,808
10556,10556,808
10557,10557,808
10558,10558,808
10559,10559,808
10560,10560,808
10561,10561,809
10562,10562,809
10563,10563,809
10564,10564,809
10565,10565,809
10566,10566,809
10567,10567,809
10568,10568,810
10569,10569,810
10570,10570,810
10571,10571,810
10572,10572,810
10573,10573,810
10574,10574,810
10575,10575,810
10576,10576,810
10577,10577,810
10578,10578,810
10579,10579,810
10580,10580,810
10581,10581,810
10582,10582,810
10583,10583,810
10584,10584,810
10585,10585,810
10586,10586,810
10587,10587,810
10588,10588,810
10589,10589,810
10590,10590,810
10591,10591,810
10592,10592,810
10593,10593,810
10594,10594,810
10595,10595,810
10596,10596,810
10597,10597,810
10598,10598,810
10599,10599,810
10600,10600,810
10601,10601,810
10602,10602,810
10603,10603,811
10604,10604,811
10605,10605,810
10606,10606,810
10607,10607,810
10608,10608,810
10609,10609,810
10610,10610,810
10611,10611,810
10612,10612,810
10613,10613,810
10614,10614,810
10615,10615,810
10616,10616,810
10617,10617,811
10618,10618,811
10619,10619,811
10620,10620,811
10621,10621,811
10622,10622,811
10623,10623,811
10624,10624,811
10625,10625,811
10626,10626,811
10627,10627,811
10628,10628,811
10629,10629,811
10630,10630,811
10631,10631,811
10632,10632,811
10633,10633,811
10634,10634,811
10635,10635,811
10636,10636,811
10637,10637,811
10638,10638,811
10639,10639,811
10640,10640,811
10641,10641,811
10642,10642,811
10643,10643,811
10644,10644,811
10645,10645,811
10646,10646,811
10647,10647,811
10648,10648,811
10649,10649,811
10650,10650,811
10651,10651,811
10652,10652,811
10653,10653,811
10654,10654,811
10655,10655,811
10656,10656,811
10657,10657,811
10658,10658,811
10659,10659,811
10660,10660,810
10661,10661,810
10662,10662,810
10663,10663,810
10664,10664,810
10665,10665,810
10666,10666,810
10667,10667,810
10668,10668,810
10669,10669,810
10670,10670,810
10671,10671,810
10672,10672,810
10673,10673,810
10674,10674,811
10675,10675,811
10676,10676,811
10677,10677,811
10678,10678,811
10679,10679,811
10680,10680,811
10681,10681,811
10682,10682,812
10683,10683,812
10684,10684,811
10685,10685,811
10686,10686,811
10687,10687,811
10688,10688,811
10689,10689,811
10690,10690,811
10691,10691,811
10692,10692,811
10693,10693,811
10694,10694,811
10695,10695,811
10696,10696,811
10697,10697,812
10698,10698,812
10699,10699,812
10700,10700,812
10701,10701,812
10702,10702,812
10703,10703,812
10704,10704,812
10705,10705,812
10706,10706,812
10707,10707,812
10708,10708,812
10709,10709,812
10710,10710,812
10711,10711,812
10712,10712,811
10713,10713,811
10714,10714,811
10715,10715,811
10716,10716,811
10717,10717,811
10718,10718,811
10719,10719,811
10720,10720,811
10721,10721,811
10722,10722,811
10723,10723,811
10724,10724,811
10725,10725,811
10726,10726,811
10727,10727,812
10728,10728,812
10729,10729,812
10730,10730,812
10731,10731,812
10732,10732,812
10733,10733,812
10734,10734,812
10735,10735,812
10736,10736,812
10737,10737,813
10738,10738,812
10739,10739,812
10740,10740,812
10741,10741,812
10742,10742,812
10743,10743,812
10744,10744,812
10745,10745,812
10746,10746,812
10747,10747,812
10748,10748,812
10749,10749,812
10750,10750,812
10751,10751,812
10752,10752,813
10753,10753,812
10754,10754,812
10755,10755,812
10756,10756,812
10757,10757,812
10758,10758,812
10759,10759,812
10760,10760,812
10761,10761,812
10762,10762,812
10763,10763,812
10764,10764,812
10765,10765,812
10766,10766,812
10767,10767,812
10768,10768,812
10769,10769,812
10770,10770,812
10771,10771,811
10772,10772,811
10773,10773,811
10774,10774,811
10775,10775,811
10776,10776,811
10777,10777,811
10778,10778,811
10779,10779,811
10780,10780,811
10781,10781,811
10782,10782,811
10783,10783,811
10784,10784,811
10785,10785,811
10786,10786,811
10787,10787,811
10788,10788,811
10789,10789,811
10790,10790,811
10791,10791,811
10792,10792,811
10793,10793,811
10794,10794,811
10795,10795,811
10796,10796,811
10797,10797,811
10798,10798,811
10799,10799,811
10800,10800,811
10801,10801,811
10802,10802,811
10803,10803,811
10804,10804,811
10805,10805,811
10806,10806,810
10807,10807,810
10808,10808,810
10809,10809,810
10810,10810,810
10811,10811,810
10812,10812,810
10813,10813,810
10814,10814,810
10815,10815,810
10816,10816,810
10817,10817,810
10818,10818,810
10819,10819,810
10820,10820,810
10821,10821,810
10822,10822,810
10823,10823,810
10824,10824,810
10825,10825,810
10826,10826,810
10827,10827,810
10828,10828,810
10829,10829,810
10830,10830,810
10831,10831,810
10832,10832,810
10833,10833,810
10834,10834,810
10835,10835,810
10836,10836,810
10837,10837,810
10838,10838,810
10839,10839,810
10840,10840,811
10841,10841,810
10842,10842,810
10843,10843,810
10844,10844,810
10845,10845,810
10846,10846,810
10847,10847,810
10848,10848,810
10849,10849,810
10850,10850,810
10851,10851,810
10852,10852,810
10853,10853,810
10854,10854,810
10855,10855,810
10856,10856,810
10857,10857,810
10858,10858,810
10859,10859,810
10860,10860,810
10861,10861,810
10862,10862,809
10863,10863,809
10864,10864,809
10865,10865,809
10866,10866,809
10867,10867,809
10868,10868,809
10869,10869,809
10870,10870,809
10871,10871,809
10872,10872,809
10873,10873,809
10874,10874,809
10875,10875,809
10876,10876,809
10877,10877,809
10878,10878,809
10879,10879,809
10880,10880,809
10881,10881,809
10882,10882,809
10883,10883,809
10884,10884,809
10885,10885,809
10886,10886,809
10887,10887,809
10888,10888,808
10889,10889,808
10890,10890,808
10891,10891,808
10892,10892,808
10893,10893,808
10894,10894,807
10895,10895,807
10896,10896,807
10897,10897,807
10898,10898,807
10899,10899,807
10900,10900,807
10901,10901,807
10902,10902,807
10903,10903,807
10904,10904,807
10905,10905,807
10906,10906,807
10907,10907,807
10908,10908,807
10909,10909,807
10910,10910,807
10911,10911,806
10912,10912,806
10913,10913,806
10914,10914,806
10915,10915,806
10916,10916,806
10917,10917,805
10918,10918,805
10919,10919,805
10920,10920,805
10921,10921,805
10922,10922,805
10923,10923,805
10924,10924,805
10925,10925,805
10926,10926,804
10927,10927,804
10928,10928,804
10929,10929,804
10930,10930,804
10931,10931,804
10932,10932,803
10933,10933,802
10934,10934,802
10935,10935,802
10936,10936,802
10937,10937,802
10938,10938,802
10939,10939,802
10940,10940,802
10941,10941,801
10942,10942,801
10943,10943,801
10944,10944,801
10945,10945,801
10946,10946,801
10947,10947,800
10948,10948,800
10949,10949,800
10950,10950,800
10951,10951,800
10952,10952,800
10953,10953,800
10954,10954,799
10955,10955,799
10956,10956,799
10957,10957,799
10958,10958,799
10959,10959,799
10960,10960,799
10961,10961,799
10962,10962,798
10963,10963,798
10964,10964,798
10965,10965,798
10966,10966,798
10967,10967,798
10968,10968,798
10969,10969,797
10970,10970,797
10971,10971,797
10972,10972,797
10973,10973,797
10974,10974,797
10975,10975,797
10976,10976,796
10977,10977,796
10978,10978,796
10979,10979,796
10980,10980,796
10981,10981,796
10982,10982,796
10983,10983,796
10984,10984,796
10985,10985,796
10986,10986,796
10987,10987,796
10988,10988,796
10989,10989,796
10990,10990,796
10991,10991,796
10992,10992,796
10993,10993,796
10994,10994,796
10995,10995,796
10996,10996,796
10997,10997,796
10998,10998,796
10999,10999,795
11000,11000,795
11001,11001,795
11002,11002,795
11003,11003,795
11004,11004,795
11005,11005,795
11006,11006,794
11007,11007,793
11008,11008,793
11009,11009,793
11010,11010,793
11011,11011,793
11012,11012,793
11013,11013,792
11014,11014,792
11015,11015,792
11016,11016,792
11017,11017,792
11018,11018,792
11019,11019,791
11020,11020,791
11021,11021,791
11022,11022,791
11023,11023,791
11024,11024,791
11025,11025,790
11026,11026,789
11027,11027,789
11028,11028,789
11029,11029,789
11030,11030,789
11031,11031,789
11032,11032,788
11033,11033,788
11034,11034,788
11035,11035,788
11036,11036,788
11037,11037,787
11038,11038,786
11039,11039,786
11040,11040,786
11041,11041,786
11042,11042,786
11043,11043,786
11044,11044,786
11045,11045,785
11046,11046,785
11047,11047,785
11048,11048,785
11049,11049,785
11050,11050,785
11051,11051,784
11052,11052,783
11053,11053,783
11054,11054,783
11055,11055,783
11056,11056,783
11057,11057,782
11058,11058,782
11059,11059,782
11060,11060,782
11061,11061,782
11062,11062,782
11063,11063,781
11064,11064,780
11065,11065,780
11066,11066,780
11067,11067,780
11068,11068,780
11069,11069,780
11070,11070,779
11071,11071,779
11072,11072,779
11073,11073,779
11074,11074,779
11075,11075,778
11076,11076,777
11077,11077,777
11078,11078,777
11079,11079,777
11080,11080,777
11081,11081,776
11082,11082,775
11083,11083,775
11084,11084,775
11085,11085,775
11086,11086,775
11087,11087,774
11088,11088,774
11089,11089,774
11090,11090,774
11091,11091,774
11092,11092,774
11093,11093,773
11094,11094,772
11095,11095,772
11096,11096,772
11097,11097,772
11098,11098,771
11099,11099,770
11100,11100,770
11101,11101,770
11102,11102,770
11103,11103,770
11104,11104,770
11105,11105,769
11106,11106,769
11107,11107,769
11108,11108,769
11109,11109,769
11110,11110,769
11111,11111,769
11112,11112,769
11113,11113,768
11114,11114,767
11115,11115,766
11116,11116,765
11117,11117,764
11118,11118,764
11119,11119,763
11120,11120,762
11121,11121,761
11122,11122,760
11123,11123,760
11124,11124,759
11125,11125,758
11126,11126,757
11127,11127,756
11128,11128,756
11129,11129,755
11130,11130,754
11131,11131,753
11132,11132,752
11133,11133,752
11134,11134,751
11135,11135,750
11136,11136,749
11137,11137,748
11138,11138,748
11139,11139,747
11140,11140,746
11141,11141,745
11142,11142,744
11143,11143,743
11144,11144,743
11145,11145,742
11146,11146,741
11147,11147,740
11148,11148,739
11149,11149,739
11150,11150,738
11151,11151,737
11152,11152,736
11153,11153,735
11154,11154,735
11155,11155,734
11156,11156,733
11157,11157,732
11158,11158,731
11159,11159,731
11160,11160,730
11161,11161,729
11162,11162,728
11163,11163,727
11164,11164,727
11165,11165,726
11166,11166,725
11167,11167,724
11168,11168,723
11169,11169,722
11170,11170,722
11171,11171,721
11172,11172,720
11173,11173,719
11174,11174,718
11175,11175,718
11176,11176,717
11177,11177,716
11178,11178,715
11179,11179,714
11180,11180,714
11181,11181,713
11182,11182,712
11183,11183,711
11184,11184,710
11185,11185,710
11186,11186,709
11187,11187,708
11188,11188,707
11189,11189,706
11190,11190,706
11191,11191,705
11192,11192,704
11193,11193,703
11194,11194,702
11195,11195,702
11196,11196,701
11197,11197,700
11198,11198,699
11199,11199,699
11200,11200,698
11201,11201,697
11202,11202,696
11203,11203,695
11204,11204,695
11205,11205,694
11206,11206,693
11207,11207,692
11208,11208,692
11209,11209,691
11210,11210,690
11211,11211,689
11212,11212,688
11213,11213,688
11214,11214,687
11215,11215,686
11216,11216,685
11217,11217,685
11218,11218,684
11219,11219,683
11220,11220,682
11221,11221,682
11222,11222,681
11223,11223,680
11224,11224,679
11225,11225,679
11226,11226,678
11227,11227,677
11228,11228,676
11229,11229,676
11230,11230,675
11231,11231,674
11232,11232,674
11233,11233,673
11234,11234,672
11235,11235,671
11236,11236,671
11237,11237,670
11238,11238,669
11239,11239,668
11240,11240,668
11241,11241,667
11242,11242,666
11243,11243,666
11244,11244,665
11245,11245,664
11246,11246,663
11247,11247,663
11248,11248,662
11249,11249,661
11250,11250,661
11251,11251,660
11252,11252,659
11253,11253,658
11254,11254,658
11255,11255,657
11256,11256,656
11257,11257,656
11258,11258,655
11259,11259,654
11260,11260,654
11261,11261,653
11262,11262,652
11263,11263,652
11264,11264,651
11265,11265,650
11266,11266,649
11267,11267,649
11268,11268,648
11269,11269,647
11270,11270,647
11271,11271,646
11272,11272,645
11273,11273,645
11274,11274,644
11275,11275,643
11276,11276,643
11277,11277,642
11278,11278,641
11279,11279,641
11280,11280,640
11281,11281,639
11282,11282,639
11283,11283,638
11284,11284,637
11285,11285,637
11286,11286,637
11287,11287,637
11288,11288,637
11289,11289,637
11290,11290,637
11291,11291,638
11292,11292,638
11293,11293,638
11294,11294,638
11295,11295,639
11296,11296,639
11297,11297,639
11298,11298,640
11299,11299,640
11300,11300,640
11301,11301,641
11302,11302,641
11303,11303,641
11304,11304,642
11305,11305,642
11306,11306,642
11307,11307,643
11308,11308,643
11309,11309,643
11310,11310,643
11311,11311,644
11312,11312,644
11313,11313,644
11314,11314,645
11315,11315,645
11316,11316,645
11317,11317,646
11318,11318,646
11319,11319,646
11320,11320,647
11321,11321,647
11322,11322,647
11323,11323,647
11324,11324,648
11325,11325,648
11326,11326,648
11327,11327,649
11328,11328,649
11329,11329,649
11330,11330,649
11331,11331,650
11332,11332,650
11333,11333,650
11334,11334,651
11335,11335,651
11336,11336,651
11337,11337,651
11338,11338,652
11339,11339,652
11340,11340,652
11341,11341,652
11342,11342,653
11343,11343,653
11344,11344,653
11345,11345,653
11346,11346,654
11347,11347,654
11348,11348,654
11349,11349,655
11350,11350,655
11351,11351,655
11352,11352,655
11353,11353,655
11354,11354,656
11355,11355,656
11356,11356,656
11357,11357,657
11358,11358,657
11359,11359,657
11360,11360,657
11361,11361,657
11362,11362,658
11363,11363,658
11364,11364,658
11365,11365,659
11366,11366,659
11367,11367,659
11368,11368,659
11369,11369,659
11370,11370,660
11371,11371,660
11372,11372,660
11373,11373,660
11374,11374,660
11375,11375,660
11376,11376,660
11377,11377,660
11378,11378,660
11379,11379,660
11380,11380,660
11381,11381,660
11382,11382,660
11383,11383,660
11384,11384,661
11385,11385,661
11386,11386,661
11387,11387,661
11388,11388,662
11389,11389,662
11390,11390,662
11391,11391,662
11392,11392,662
11393,11393,663
11394,11394,663
11395,11395,663
11396,11396,663
11397,11397,664
11398,11398,664
11399,11399,664
11400,11400,664
11401,11401,664
11402,11402,665
11403,11403,665
11404,11404,665
11405,11405,665
11406,11406,665
11407,11407,666
11408,11408,666
11409,11409,666
11410,11410,666
11411,11411,667
11412,11412,667
11413,11413,667
11414,11414,667
11415,11415,667
11416,11416,668
11417,11417,668
11418,11418,668
11419,11419,668
11420,11420,669
11421,11421,669
11422,11422,669
11423,11423,669
11424,11424,669
11425,11425,669
11426,11426,670
11427,11427,670
11428,11428,670
11429,11429,670
11430,11430,670
11431,11431,671
11432,11432,671
11433,11433,671
11434,11434,671
11435,11435,671
11436,11436,672
11437,11437,672
11438,11438,672
11439,11439,672
11440,11440,672
11441,11441,672
11442,11442,673
11443,11443,673
11444,11444,673
11445,11445,673
11446,11446,674
11447,11447,674
11448,11448,674
11449,11449,674
11450,11450,674
11451,11451,674
11452,11452,675
11453,11453,675
11454,11454,675
11455,11455,675
11456,11456,675
11457,11457,675
11458,11458,676
11459,11459,676
11460,11460,676
11461,11461,676
11462,11462,676
11463,11463,677
11464,11464,677
11465,11465,677
11466,11466,677
11467,11467,677
11468,11468,678
11469,11469,678
11470,11470,678
11471,11471,678
11472,11472,678
11473,11473,678
11474,11474,679
11475,11475,679
11476,11476,679
11477,11477,679
11478,11478,679
11479,11479,679
11480,11480,680
11481,11481,680
11482,11482,680
11483,11483,680
11484,11484,680
11485,11485,680
11486,11486,680
11487,11487,680
11488,11488,680
11489,11489,680
11490,11490,680
11491,11491,680
11492,11492,680
11493,11493,680
11494,11494,680
11495,11495,680
11496,11496,680
11497,11497,680
11498,11498,681
11499,11499,681
11500,11500,681
11501,11501,681
11502,11502,681
11503,11503,681
11504,11504,682
11505,11505,682
11506,11506,682
11507,11507,682
11508,11508,682
11509,11509,682
11510,11510,683
11511,11511,683
11512,11512,683
11513,11513,683
11514,11514,683
11515,11515,683
11516,11516,684
11517,11517,683
11518,11518,683
11519,11519,683
11520,11520,683
11521,11521,683
11522,11522,683
11523,11523,683
11524,11524,683
11525,11525,683
11526,11526,683
11527,11527,683
11528,11528,683
11529,11529,684
11530,11530,684
11531,11531,684
11532,11532,684
11533,11533,684
11534,11534,684
11535,11535,684
11536,11536,685
11537,11537,685
11538,11538,685
11539,11539,685
11540,11540,685
11541,11541,685
11542,11542,686
11543,11543,686
11544,11544,686
11545,11545,686
11546,11546,686
11547,11547,686
11548,11548,686
11549,11549,687
11550,11550,687
11551,11551,687
11552,11552,687
11553,11553,687
11554,11554,687
11555,11555,687
11556,11556,687
11557,11557,688
11558,11558,687
11559,11559,687
11560,11560,687
11561,11561,687
11562,11562,687
11563,11563,687
11564,11564,687
11565,11565,687
11566,11566,687
11567,11567,687
11568,11568,687
11569,11569,688
11570,11570,688
11571,11571,688
11572,11572,688
11573,11573,688
11574,11574,688
11575,11575,688
11576,11576,689
11577,11577,689
11578,11578,689
11579,11579,689
11580,11580,689
11581,11581,689
11582,11582,689
11583,11583,689
11584,11584,689
11585,11585,689
11586,11586,689
11587,11587,689
11588,11588,689
11589,11589,689
11590,11590,689
11591,11591,689
11592,11592,689
11593,11593,689
11594,11594,689
11595,11595,689
11596,11596,689
11597,11597,689
11598,11598,689
11599,11599,689
11600,11600,689
11601,11601,689
11602,11602,689
11603,11603,689
11604,11604,689
11605,11605,689
11606,11606,689
11607,11607,689
11608,11608,689
11609,11609,689
11610,11610,690
11611,11611,690
11612,11612,690
11613,11613,690
11614,11614,690
11615,11615,690
11616,11616,690
11617,11617,690
11618,11618,691
11619,11619,691
11620,11620,691
11621,11621,691
11622,11622,691
11623,11623,691
11624,11624,691
11625,11625,691
11626,11626,692
11627,11627,691
11628,11628,691
11629,11629,691
11630,11630,691
11631,11631,691
11632,11632,691
11633,11633,691
11634,11634,691
11635,11635,691
11636,11636,691
11637,11637,691
11638,11638,691
11639,11639,692
11640,11640,692
11641,11641,691
11642,11642,691
11643,11643,691
11644,11644,691
11645,11645,691
11646,11646,691
11647,11647,691
11648,11648,691
11649,11649,691
11650,11650,691
11651,11651,691
11652,11652,691
11653,11653,691
11654,11654,691
11655,11655,691
11656,11656,691
11657,11657,691
11658,11658,691
11659,11659,691
11660,11660,691
11661,11661,691
11662,11662,691
11663,11663,691
11664,11664,691
11665,11665,691
11666,11666,691
11667,11667,691
11668,11668,691
11669,11669,691
11670,11670,691
11671,11671,691
11672,11672,691
11673,11673,691
11674,11674,691
11675,11675,691
11676,11676,691
11677,11677,691
11678,11678,691
11679,11679,691
11680,11680,691
11681,11681,691
11682,11682,691
11683,11683,691
11684,11684,691
11685,11685,691
11686,11686,691
11687,11687,691
11688,11688,691
11689,11689,691
11690,11690,691
11691,11691,691
11692,11692,691
11693,11693,691
11694,11694,691
11695,11695,692
11696,11696,692
11697,11697,692
11698,11698,692
11699,11699,692
11700,11700,692
11701,11701,692
11702,11702,692
11703,11703,692
11704,11704,692
11705,11705,692
11706,11706,692
11707,11707,692
11708,11708,692
11709,11709,692
11710,11710,692
11711,11711,692
11712,11712,692
11713,11713,692
11714,11714,692
11715,11715,692
11716,11716,692
11717,11717,692
11718,11718,693
11719,11719,693
11720,11720,693
11721,11721,693
11722,11722,693
11723,11723,693
11724,11724,693
11725,11725,693
11726,11726,693
11727,11727,693
11728,11728,693
11729,11729,693
11730,11730,693
11731,11731,693
11732,11732,693
11733,11733,693
11734,11734,692
11735,11735,692
11736,11736,692
11737,11737,692
11738,11738,692
11739,11739,692
11740,11740,692
11741,11741,692
11742,11742,692
11743,11743,692
11744,11744,692
11745,11745,692
11746,11746,692
11747,11747,693
11748,11748,693
11749,11749,693
11750,11750,693
11751,11751,693
11752,11752,693
11753,11753,693
11754,11754,693
11755,11755,693
11756,11756,694
11757,11757,694
11758,11758,694
11759,11759,693
11760,11760,693
11761,11761,693
11762,11762,693
11763,11763,693
11764,11764,693
11765,11765,693
11766,11766,693
11767,11767,693
11768,11768,693
11769,11769,693
11770,11770,693
11771,11771,693
11772,11772,694
11773,11773,694
11774,11774,694
11775,11775,694
11776,11776,694
11777,11777,694
11778,11778,694
11779,11779,694
11780,11780,694
11781,11781,694
11782,11782,695
11783,11783,695
11784,11784,695
11785,11785,695
11786,11786,695
11787,11787,695
11788,11788,695
11789,11789,695
11790,11790,695
11791,11791,695
11792,11792,695
11793,11793,696
11794,11794,696
11795,11795,696
11796,11796,696
11797,11797,696
11798,11798,696
11799,11799,696
11800,11800,696
11801,11801,696
11802,11802,696
11803,11803,696
11804,11804,696
11805,11805,696
11806,11806,696
11807,11807,696
11808,11808,696
11809,11809,696
11810,11810,696
11811,11811,696
11812,11812,696
11813,11813,696
11814,11814,696
11815,11815,696
11816,11816,696
11817,11817,696
11818,11818,696
11819,11819,697
11820,11820,697
11821,11821,697
11822,11822,697
11823,11823,697
11824,11824,697
11825,11825,697
11826,11826,697
11827,11827,697
11828,11828,697
11829,11829,697
11830,11830,697
11831,11831,697
11832,11832,697
11833,11833,696
11834,11834,696
11835,11835,696
11836,11836,696
11837,11837,696
11838,11838,696
11839,11839,696
11840,11840,696
11841,11841,696
11842,11842,696
11843,11843,696
11844,11844,696
11845,11845,696
11846,11846,696
11847,11847,696
11848,11848,696
11849,11849,696
11850,11850,696
11851,11851,696
11852,11852,696
11853,11853,696
11854,11854,696
11855,11855,696
11856,11856,696
11857,11857,696
11858,11858,696
11859,11859,696
11860,11860,696
11861,11861,696
11862,11862,696
11863,11863,696
11864,11864,696
11865,11865,696
11866,11866,696
11867,11867,696
11868,11868,696
11869,11869,696
11870,11870,696
11871,11871,696
11872,11872,696
11873,11873,696
11874,11874,696
11875,11875,696
11876,11876,696
11877,11877,696
11878,11878,696
11879,11879,696
11880,11880,696
11881,11881,696
11882,11882,696
11883,11883,696
11884,11884,696
11885,11885,696
11886,11886,696
11887,11887,696
11888,11888,696
11889,11889,695
11890,11890,695
11891,11891,695
11892,11892,695
11893,11893,695
11894,11894,695
11895,11895,695
11896,11896,695
11897,11897,695
11898,11898,695
11899,11899,695
11900,11900,695
11901,11901,695
11902,11902,695
11903,11903,695
11904,11904,695
11905,11905,695
11906,11906,695
11907,11907,695
11908,11908,695
11909,11909,695
11910,11910,695
11911,11911,695
11912,11912,695
11913,11913,695
11914,11914,695
11915,11915,695
11916,11916,695
11917,11917,695
11918,11918,694
11919,11919,694
11920,11920,694
11921,11921,694
11922,11922,694
11923,11923,694
11924,11924,694
11925,11925,694
11926,11926,694
11927,11927,694
11928,11928,694
11929,11929,694
11930,11930,693
11931,11931,693
11932,11932,693
11933,11933,693
11934,11934,693
11935,11935,693
11936,11936,693
11937,11937,693
11938,11938,693
11939,11939,693
11940,11940,693
11941,11941,693
11942,11942,693
11943,11943,693
11944,11944,693
11945,11945,693
11946,11946,693
11947,11947,693
11948,11948,693
11949,11949,693
11950,11950,693
11951,11951,692
11952,11952,692
11953,11953,692
11954,11954,692
11955,11955,692
11956,11956,692
11957,11957,692
11958,11958,692
11959,11959,692
11960,11960,692
11961,11961,692
11962,11962,692
11963,11963,692
11964,11964,692
11965,11965,692
11966,11966,692
11967,11967,692
11968,11968,693
11969,11969,693
11970,11970,692
11971,11971,692
11972,11972,692
11973,11973,692
11974,11974,692
11975,11975,692
11976,11976,692
11977,11977,692
11978,11978,692
11979,11979,692
11980,11980,692
11981,11981,692
11982,11982,692
11983,11983,692
11984,11984,692
11985,11985,692
11986,11986,692
11987,11987,691
11988,11988,691
11989,11989,691
11990,11990,691
11991,11991,691
11992,11992,691
11993,11993,691
11994,11994,691
11995,11995,691
11996,11996,691
11997,11997,691
11998,11998,690
11999,11999,690
12000,12000,690
12001,12001,690
12002,12002,690
12003,12003,690
12004,12004,690
12005,12005,690
12006,12006,690
12007,12007,690
12008,12008,690
12009,12009,690
12010,12010,690
12011,12011,690
12012,12012,690
12013,12013,690
12014,12014,690
12015,12015,689
12016,12016,689
12017,12017,689
12018,12018,689
12019,12019,689
12020,12020,689
12021,12021,689
12022,12022,689
12023,12023,689
12024,12024,689
12025,12025,689
12026,12026,689
12027,12027,689
12028,12028,689
12029,12029,689
12030,12030,689
12031,12031,689
12032,12032,689
12033,12033,689
12034,12034,689
12035,12035,689
12036,12036,689
12037,12037,689
12038,12038,689
12039,12039,689
12040,12040,689
12041,12041,688
12042,12042,688
12043,12043,688
12044,12044,688
12045,12045,688
12046,12046,688
12047,12047,688
12048,12048,688
12049,12049,688
12050,12050,687
12051,12051,687
12052,12052,687
12053,12053,687
12054,12054,687
12055,12055,687
12056,12056,687
12057,12057,687
12058,12058,687
12059,12059,687
12060,12060,687
12061,12061,687
12062,12062,686
12063,12063,686
12064,12064,686
12065,12065,686
12066,12066,686
12067,12067,685
12068,12068,685
12069,12069,685
12070,12070,685
12071,12071,685
12072,12072,685
12073,12073,685
12074,12074,685
12075,12075,685
12076,12076,684
12077,12077,684
12078,12078,684
12079,12079,684
12080,12080,684
12081,12081,684
12082,12082,683
12083,12083,683
12084,12084,683
12085,12085,683
12086,12086,683
12087,12087,683
12088,12088,683
12089,12089,683
12090,12090,683
12091,12091,683
12092,12092,683
12093,12093,682
12094,12094,682
12095,12095,682
12096,12096,682
12097,12097,682
12098,12098,682
12099,12099,682
12100,12100,682
12101,12101,682
12102,12102,682
12103,12103,682
12104,12104,682
12105,12105,682
12106,12106,682
12107,12107,682
12108,12108,682
12109,12109,682
12110,12110,682
12111,12111,682
12112,12112,682
12113,12113,682
12114,12114,682
12115,12115,681
12116,12116,680
12117,12117,680
12118,12118,679
12119,12119,679
12120,12120,678
12121,12121,678
12122,12122,677
12123,12123,677
12124,12124,676
12125,12125,675
12126,12126,675
12127,12127,674
12128,12128,674
12129,12129,673
12130,12130,672
12131,12131,672
12132,12132,671
12133,12133,671
12134,12134,670
12135,12135,669
12136,12136,669
12137,12137,668
12138,12138,667
12139,12139,667
12140,12140,666
12141,12141,666
12142,12142,665
12143,12143,664
12144,12144,664
12145,12145,663
12146,12146,662
12147,12147,662
12148,12148,661
12149,12149,660
12150,12150,660
12151,12151,659
12152,12152,658
12153,12153,658
12154,12154,657
12155,12155,656
12156,12156,655
12157,12157,655
12158,12158,654
12159,12159,653
12160,12160,653
12161,12161,652
12162,12162,651
12163,12163,650
12164,12164,650
12165,12165,649
12166,12166,648
12167,12167,647
12168,12168,647
12169,12169,646
12170,12170,645
12171,12171,644
12172,12172,643
12173,12173,643
12174,12174,642
12175,12175,641
12176,12176,640
12177,12177,639
12178,12178,639
12179,12179,638
12180,12180,637
12181,12181,636
12182,12182,635
12183,12183,634
12184,12184,633
12185,12185,633
12186,12186,632
12187,12187,631
12188,12188,630
12189,12189,629
12190,12190,628
12191,12191,627
12192,12192,627
12193,12193,626
12194,12194,625
12195,12195,624
12196,12196,623
12197,12197,622
12198,12198,622
12199,12199,621
12200,12200,620
12201,12201,619
12202,12202,618
12203,12203,617
12204,12204,616
12205,12205,616
12206,12206,615
12207,12207,614
12208,12208,613
12209,12209,612
12210,12210,611
12211,12211,611
12212,12212,610
12213,12213,609
12214,12214,608
12215,12215,607
12216,12216,606
12217,12217,606
12218,12218,605
12219,12219,604
12220,12220,603
12221,12221,602
12222,12222,601
12223,12223,601
12224,12224,600
12225,12225,599
12226,12226,598
12227,12227,597
12228,12228,597
12229,12229,596
12230,12230,595
12231,12231,594
12232,12232,593
12233,12233,593
12234,12234,592
12235,12235,591
12236,12236,590
12237,12237,589
12238,12238,589
12239,12239,588
12240,12240,587
12241,12241,586
12242,12242,585
12243,12243,585
12244,12244,584
12245,12245,583
12246,12246,582
12247,12247,582
12248,12248,581
12249,12249,580
12250,12250,579
12251,12251,578
12252,12252,578
12253,12253,577
12254,12254,576
12255,12255,575
12256,12256,575
12257,12257,574
12258,12258,573
12259,12259,572
12260,12260,572
12261,12261,571
12262,12262,570
12263,12263,569
12264,12264,568
12265,12265,568
12266,12266,567
12267,12267,566
12268,12268,565
12269,12269,565
12270,12270,564
12271,12271,563
12272,12272,563
12273,12273,562
12274,12274,561
12275,12275,560
12276,12276,560
12277,12277,559
12278,12278,558
12279,12279,557
12280,12280,557
12281,12281,556
12282,12282,555
12283,12283,554
12284,12284,554
12285,12285,553
12286,12286,552
12287,12287,552
12288,12288,551
12289,12289,550
12290,12290,549
12291,12291,549
12292,12292,548
12293,12293,547
12294,12294,547
12295,12295,546
12296,12296,545
12297,12297,544
12298,12298,544
12299,12299,543
12300,12300,542
12301,12301,542
12302,12302,541
12303,12303,540
12304,12304,539
12305,12305,539
12306,12306,538
12307,12307,537
12308,12308,537
12309,12309,536
12310,12310,535
12311,12311,535
12312,12312,534
12313,12313,533
12314,12314,533
12315,12315,532
12316,12316,531
12317,12317,531
12318,12318,530
12319,12319,529
12320,12320,528
12321,12321,528
12322,12322,527
12323,12323,526
12324,12324,526
12325,12325,525
12326,12326,524
12327,12327,524
12328,12328,524
12329,12329,524
12330,12330,524
12331,12331,524
12332,12332,524
12333,12333,524
12334,12334,524
12335,12335,524
12336,12336,524
12337,12337,525
12338,12338,525
12339,12339,525
12340,12340,526
12341,12341,526
12342,12342,526
12343,12343,527
12344,12344,526
12345,12345,526
12346,12346,526
12347,12347,526
12348,12348,526
12349,12349,526
12350,12350,526
12351,12351,526
12352,12352,527
12353,12353,527
12354,12354,527
12355,12355,527
12356,12356,528
12357,12357,528
12358,12358,528
12359,12359,529
12360,12360,529
12361,12361,529
12362,12362,529
12363,12363,530
12364,12364,530
12365,12365,530
12366,12366,531
12367,12367,531
12368,12368,531
12369,12369,532
12370,12370,532
12371,12371,532
12372,12372,532
12373,12373,532
12374,12374,532
12375,12375,532
12376,12376,532
12377,12377,532
12378,12378,532
12379,12379,532
12380,12380,532
12381,12381,532
12382,12382,533
12383,12383,533
12384,12384,533
12385,12385,533
12386,12386,534
12387,12387,534
12388,12388,534
12389,12389,534
12390,12390,535
12391,12391,535
12392,12392,535
12393,12393,536
12394,12394,536
12395,12395,536
12396,12396,536
12397,12397,537
12398,12398,537
12399,12399,537
12400,12400,537
12401,12401,538
12402,12402,538
12403,12403,538
12404,12404,538
12405,12405,539
12406,12406,539
12407,12407,539
12408,12408,539
12409,12409,540
12410,12410,540
12411,12411,540
12412,12412,540
12413,12413,541
12414,12414,541
12415,12415,541
12416,12416,541
12417,12417,542
12418,12418,542
12419,12419,542
12420,12420,542
12421,12421,542
12422,12422,543
12423,12423,543
12424,12424,543
12425,12425,543
12426,12426,544
12427,12427,544
12428,12428,544
12429,12429,544
12430,12430,545
12431,12431,545
12432,12432,545
12433,12433,545
12434,12434,546
12435,12435,546
12436,12436,546
12437,12437,546
12438,12438,546
12439,12439,546
12440,12440,546
12441,12441,546
12442,12442,546
12443,12443,546
12444,12444,546
12445,12445,546
12446,12446,546
12447,12447,546
12448,12448,546
12449,12449,546
12450,12450,547
12451,12451,547
12452,12452,547
12453,12453,547
12454,12454,548
12455,12455,548
12456,12456,548
12457,12457,548
12458,12458,548
12459,12459,549
12460,12460,549
12461,12461,549
12462,12462,549
12463,12463,550
12464,12464,550
12465,12465,550
12466,12466,550
12467,12467,550
12468,12468,551
12469,12469,551
12470,12470,551
12471,12471,551
12472,12472,551
12473,12473,552
12474,12474,552
12475,12475,552
12476,12476,552
12477,12477,552
12478,12478,553
12479,12479,553
12480,12480,553
12481,12481,553
12482,12482,553
12483,12483,554
12484,12484,554
12485,12485,554
12486,12486,554
12487,12487,554
12488,12488,555
12489,12489,555
12490,12490,555
12491,12491,555
12492,12492,555
12493,12493,555
12494,12494,556
12495,12495,556
12496,12496,556
12497,12497,556
12498,12498,556
12499,12499,557
12500,12500,557
12501,12501,557
12502,12502,557
12503,12503,557
12504,12504,558
12505,12505,558
12506,12506,558
12507,12507,558
12508,12508,558
12509,12509,558
12510,12510,559
12511,12511,558
12512,12512,558
12513,12513,558
12514,12514,558
12515,12515,558
12516,12516,558
12517,12517,558
12518,12518,558
12519,12519,558
12520,12520,558
12521,12521,558
12522,12522,559
12523,12523,559
12524,12524,559
12525,12525,559
12526,12526,559
12527,12527,560
12528,12528,560
12529,12529,560
12530,12530,560
12531,12531,560
12532,12532,560
12533,12533,561
12534,12534,561
12535,12535,561
12536,12536,561
12537,12537,561
12538,12538,561
12539,12539,562
12540,12540,562
12541,12541,562
12542,12542,562
12543,12543,562
12544,12544,562
12545,12545,563
12546,12546,563
12547,12547,563
12548,12548,563
12549,12549,563
12550,12550,563
12551,12551,564
12552,12552,564
12553,12553,564
12554,12554,564
12555,12555,564
12556,12556,564
12557,12557,564
12558,12558,565
12559,12559,565
12560,12560,565
12561,12561,565
12562,12562,565
12563,12563,565
12564,12564,566
12565,12565,566
12566,12566,566
12567,12567,566
12568,12568,566
12569,12569,566
12570,12570,566
12571,12571,567
12572,12572,567
12573,12573,567
12574,12574,567
12575,12575,567
12576,12576,567
12577,12577,568
12578,12578,568
12579,12579,568
12580,12580,568
12581,12581,568
12582,12582,568
12583,12583,568
12584,12584,569
12585,12585,569
12586,12586,569
12587,12587,569
12588,12588,569
12589,12589,569
12590,12590,569
12591,12591,570
12592,12592,570
12593,12593,569
12594,12594,569
12595,12595,569
12596,12596,569
12597,12597,569
12598,12598,569
12599,12599,569
12600,12600,569
12601,12601,569
12602,12602,569
12603,12603,569
12604,12604,570
12605,12605,570
12606,12606,570
12607,12607,570
12608,12608,570
12609,12609,570
12610,12610,570
12611,12611,571
12612,12612,571
12613,12613,571
12614,12614,571
12615,12615,571
12616,12616,571
12617,12617,571
12618,12618,572
12619,12619,571
12620,12620,571
12621,12621,571
12622,12622,571
12623,12623,571
12624,12624,571
12625,12625,571
12626,12626,571
12627,12627,571
12628,12628,571
12629,12629,571
12630,12630,572
12631,12631,572
12632,12632,572
12633,12633,572
12634,12634,572
12635,12635,572
12636,12636,572
12637,12637,572
12638,12638,573
12639,12639,573
12640,12640,573
12641,12641,573
12642,12642,573
12643,12643,573
12644,12644,573
12645,12645,573
12646,12646,574
12647,12647,574
12648,12648,574
12649,12649,574
12650,12650,574
12651,12651,574
12652,12652,574
12653,12653,574
12654,12654,575
12655,12655,575
12656,12656,575
12657,12657,575
12658,12658,575
12659,12659,575
12660,12660,575
12661,12661,575
12662,12662,576
12663,12663,576
12664,12664,576
12665,12665,576
12666,12666,576
12667,12667,576
12668,12668,576
12669,12669,576
12670,12670,577
12671,12671,577
12672,12672,577
12673,12673,577
12674,12674,577
12675,12675,577
12676,12676,577
12677,12677,577
12678,12678,578
12679,12679,578
12680,12680,578
12681,12681,578
12682,12682,578
12683,12683,578
12684,12684,578
12685,12685,578
12686,12686,578
12687,12687,578
12688,12688,578
12689,12689,578
12690,12690,578
12691,12691,578
12692,12692,578
12693,12693,578
12694,12694,578
12695,12695,578
12696,12696,578
12697,12697,578
12698,12698,578
12699,12699,578
12700,12700,578
12701,12701,578
12702,12702,578
12703,12703,578
12704,12704,578
12705,12705,578
12706,12706,578
12707,12707,578
12708,12708,578
12709,12709,578
12710,12710,578
12711,12711,578
12712,12712,578
12713,12713,578
12714,12714,578
12715,12715,579
12716,12716,579
12717,12717,579
12718,12718,579
12719,12719,579
12720,12720,579
12721,12721,579
12722,12722,579
12723,12723,579
12724,12724,580
12725,12725,580
12726,12726,580
12727,12727,580
12728,12728,580
12729,12729,580
12730,12730,580
12731,12731,580
12732,12732,580
12733,12733,580
12734,12734,580
12735,12735,580
12736,12736,580
12737,12737,580
12738,12738,580
12739,12739,580
12740,12740,580
12741,12741,580
12742,12742,580
12743,12743,580
12744,12744,580
12745,12745,580
12746,12746,580
12747,12747,580
12748,12748,580
12749,12749,580
12750,12750,580
12751,12751,580
12752,12752,580
12753,12753,580
12754,12754,580
12755,12755,580
12756,12756,580
12757,12757,580
12758,12758,580
12759,12759,580
12760,12760,580
12761,12761,580
12762,12762,580
12763,12763,580
12764,12764,580
12765,12765,580
12766,12766,580
12767,12767,580
12768,12768,580
12769,12769,580
12770,12770,580
12771,12771,580
12772,12772,580
12773,12773,580
12774,12774,580
12775,12775,580
12776,12776,581
12777,12777,580
12778,12778,580
12779,12779,580
12780,12780,580
12781,12781,580
12782,12782,580
12783,12783,580
12784,12784,580
12785,12785,580
12786,12786,580
12787,12787,580
12788,12788,580
12789,12789,580
12790,12790,580
12791,12791,581
12792,12792,581
12793,12793,581
12794,12794,581
12795,12795,581
12796,12796,581
12797,12797,581
12798,12798,581
12799,12799,581
12800,12800,581
12801,12801,581
12802,12802,582
12803,12803,582
12804,12804,582
12805,12805,582
12806,12806,582
12807,12807,582
12808,12808,582
12809,12809,582
12810,12810,582
12811,12811,582
12812,12812,582
12813,12813,582
12814,12814,582
12815,12815,582
12816,12816,582
12817,12817,582
12818,12818,582
12819,12819,582
12820,12820,582
12821,12821,582
12822,12822,582
12823,12823,582
12824,12824,582
12825,12825,582
12826,12826,582
12827,12827,582
12828,12828,583
12829,12829,583
12830,12830,583
12831,12831,583
12832,12832,583
12833,12833,583
12834,12834,583
12835,12835,583
12836,12836,583
12837,12837,583
12838,12838,583
12839,12839,583
12840,12840,583
12841,12841,583
12842,12842,583
12843,12843,583
12844,12844,582
12845,12845,582
12846,12846,582
12847,12847,582
12848,12848,582
12849,12849,582
12850,12850,582
12851,12851,582
12852,12852,582
12853,12853,582
12854,12854,582
12855,12855,582
12856,12856,582
12857,12857,582
12858,12858,582
12859,12859,583
12860,12860,583
12861,12861,583
12862,12862,583
12863,12863,583
12864,12864,583
12865,12865,583
12866,12866,583
12867,12867,583
12868,12868,583
12869,12869,583
12870,12870,583
12871,12871,583
12872,12872,583
12873,12873,583
12874,12874,583
12875,12875,582
12876,12876,582
12877,12877,582
12878,12878,582
12879,12879,582
12880,12880,582
12881,12881,582
12882,12882,582
12883,12883,582
12884,12884,582
12885,12885,582
12886,12886,582
12887,12887,582
12888,12888,582
12889,12889,582
12890,12890,582
12891,12891,582
12892,12892,581
12893,12893,581
12894,12894,581
12895,12895,581
12896,12896,581
12897,12897,581
12898,12898,581
12899,12899,581
12900,12900,580
12901,12901,580
12902,12902,580
12903,12903,580
12904,12904,580
12905,12905,580
12906,12906,580
12907,12907,580
12908,12908,580
12909,12909,580
12910,12910,580
12911,12911,580
12912,12912,580
12913,12913,580
12914,12914,580
12915,12915,580
12916,12916,580
12917,12917,580
12918,12918,579
12919,12919,579
12920,12920,579
12921,12921,579
12922,12922,579
12923,12923,579
12924,12924,579
12925,12925,578
12926,12926,578
12927,12927,578
12928,12928,578
12929,12929,578
12930,12930,578
12931,12931,578
12932,12932,578
12933,12933,578
12934,12934,578
12935,12935,577
12936,12936,577
12937,12937,577
12938,12938,577
12939,12939,577
12940,12940,577
12941,12941,577
12942,12942,576
12943,12943,576
12944,12944,576
12945,12945,576
12946,12946,576
12947,12947,576
12948,12948,576
12949,12949,576
12950,12950,576
12951,12951,576
12952,12952,576
12953,12953,576
12954,12954,576
12955,12955,576
12956,12956,576
12957,12957,576
12958,12958,576
12959,12959,575
12960,12960,575
12961,12961,575
12962,12962,575
12963,12963,575
12964,12964,575
12965,12965,575
12966,12966,574
12967,12967,574
12968,12968,574
12969,12969,574
12970,12970,574
12971,12971,574
12972,12972,574
12973,12973,574
12974,12974,574
12975,12975,573
12976,12976,573
12977,12977,573
12978,12978,573
12979,12979,573
12980,12980,573
12981,12981,572
12982,12982,572
12983,12983,572
12984,12984,572
12985,12985,572
12986,12986,572
12987,12987,572
12988,12988,572
12989,12989,571
12990,12990,571
12991,12991,571
12992,12992,571
12993,12993,571
12994,12994,571
12995,12995,571
12996,12996,571
12997,12997,570
12998,12998,570
12999,12999,570
13000,13000,570
13001,13001,570
13002,13002,570
13003,13003,570
13004,13004,569
13005,13005,569
13006,13006,569
13007,13007,569
13008,13008,569
13009,13009,569
13010,13010,569
13011,13011,569
13012,13012,568
13013,13013,568
13014,13014,568
13015,13015,568
13016,13016,568
13017,13017,568
13018,13018,568
13019,13019,567
13020,13020,567
13021,13021,567
13022,13022,567
13023,13023,567
13024,13024,567
13025,13025,567
13026,13026,567
13027,13027,567
13028,13028,567
13029,13029,567
13030,13030,567
13031,13031,567
13032,13032,567
13033,13033,567
13034,13034,567
13035,13035,567
13036,13036,567
13037,13037,567
13038,13038,567
13039,13039,567
13040,13040,567
13041,13041,567
13042,13042,567
13043,13043,567
13044,13044,566
13045,13045,566
13046,13046,566
13047,13047,566
13048,13048,566
13049,13049,565
13050,13050,565
13051,13051,565
13052,13052,565
13053,13053,565
13054,13054,565
13055,13055,565
13056,13056,565
13057,13057,564
13058,13058,564
13059,13059,564
13060,13060,564
13061,13061,564
13062,13062,564
13063,13063,563
13064,13064,563
13065,13065,563
13066,13066,563
13067,13067,563
13068,13068,563
13069,13069,563
13070,13070,563
13071,13071,562
13072,13072,562
13073,13073,562
13074,13074,562
13075,13075,562
13076,13076,562
13077,13077,561
13078,13078,561
13079,13079,561
13080,13080,561
13081,13081,561
13082,13082,561
13083,13083,561
13084,13084,560
13085,13085,560
13086,13086,560
13087,13087,560
13088,13088,560
13089,13089,560
13090,13090,559
13091,13091,558
13092,13092,558
13093,13093,558
13094,13094,558
13095,13095,558
13096,13096,558
13097,13097,557
13098,13098,557
13099,13099,557
13100,13100,557
13101,13101,557
13102,13102,557
13103,13103,556
13104,13104,556
13105,13105,556
13106,13106,556
13107,13107,556
13108,13108,556
13109,13109,555
13110,13110,555
13111,13111,555
13112,13112,555
13113,13113,555
13114,13114,555
13115,13115,555
13116,13116,554
13117,13117,553
13118,13118,553
13119,13119,553
13120,13120,553
13121,13121,553
13122,13122,552
13123,13123,552
13124,13124,552
13125,13125,552
13126,13126,552
13127,13127,552
13128,13128,551
13129,13129,551
13130,13130,551
13131,13131,551
13132,13132,551
13133,13133,550
13134,13134,549
13135,13135,549
13136,13136,549
13137,13137,549
13138,13138,549
13139,13139,549
13140,13140,548
13141,13141,548
13142,13142,548
13143,13143,548
13144,13144,548
13145,13145,548
13146,13146,547
13147,13147,546
13148,13148,546
13149,13149,546
13150,13150,546
13151,13151,546
13152,13152,545
13153,13153,545
13154,13154,545
13155,13155,545
13156,13156,545
13157,13157,544
13158,13158,543
13159,13159,543
13160,13160,543
13161,13161,543
13162,13162,543
13163,13163,543
13164,13164,542
13165,13165,542
13166,13166,542
13167,13167,542
13168,13168,542
13169,13169,541
13170,13170,540
13171,13171,540
13172,13172,540
13173,13173,540
13174,13174,540
13175,13175,540
13176,13176,539
13177,13177,539
13178,13178,539
13179,13179,539
13180,13180,539
13181,13181,539
13182,13182,538
13183,13183,537
13184,13184,536
13185,13185,536
13186,13186,535
13187,13187,534
13188,13188,534
13189,13189,533
13190,13190,532
13191,13191,531
13192,13192,531
13193,13193,530
13194,13194,529
13195,13195,529
13196,13196,528
13197,13197,527
13198,13198,526
13199,13199,525
13200,13200,525
13201,13201,524
13202,13202,523
13203,13203,522
13204,13204,521
13205,13205,521
13206,13206,520
13207,13207,519
13208,13208,518
13209,13209,517
13210,13210,517
13211,13211,516
13212,13212,515
13213,13213,514
13214,13214,513
13215,13215,512
13216,13216,512
13217,13217,511
13218,13218,510
13219,13219,509
13220,13220,508
13221,13221,508
13222,13222,507
13223,13223,506
13224,13224,505
13225,13225,504
13226,13226,503
13227,13227,503
13228,13228,502
13229,13229,501
13230,13230,500
13231,13231,499
13232,13232,499
13233,13233,498
13234,13234,497
13235,13235,496
13236,13236,495
13237,13237,494
13238,13238,494
13239,13239,493
13240,13240,492
13241,13241,491
13242,13242,490
13243,13243,490
13244,13244,489
13245,13245,488
13246,13246,487
13247,13247,486
13248,13248,485
13249,13249,485
13250,13250,484
13251,13251,483
13252,13252,482
13253,13253,481
13254,13254,481
13255,13255,480
13256,13256,479
13257,13257,478
13258,13258,477
13259,13259,477
13260,13260,476
13261,13261,475
13262,13262,474
13263,13263,473
13264,13264,473
13265,13265,472
13266,13266,471
13267,13267,470
13268,13268,470
13269,13269,469
13270,13270,468
13271,13271,467
13272,13272,466
13273,13273,466
13274,13274,465
13275,13275,464
13276,13276,463
13277,13277,463
13278,13278,462
13279,13279,461
13280,13280,460
13281,13281,460
13282,13282,459
13283,13283,458
13284,13284,457
13285,13285,456
13286,13286,456
13287,13287,455
13288,13288,454
13289,13289,453
13290,13290,453
13291,13291,452
13292,13292,451
13293,13293,450
13294,13294,450
13295,13295,449
13296,13296,448
13297,13297,448
13298,13298,447
13299,13299,446
13300,13300,445
13301,13301,445
13302,13302,444
13303,13303,443
13304,13304,442
13305,13305,442
13306,13306,441
13307,13307,440
13308,13308,439
13309,13309,439
13310,13310,438
13311,13311,437
13312,13312,437
13313,13313,436
13314,13314,435
13315,13315,434
13316,13316,434
13317,13317,433
13318,13318,432
13319,13319,432
13320,13320,431
13321,13321,430
13322,13322,429
13323,13323,429
13324,13324,428
13325,13325,427
13326,13326,427
13327,13327,426
13328,13328,425
13329,13329,425
13330,13330,424
13331,13331,423
13332,13332,422
13333,13333,422
13334,13334,421
13335,13335,420
13336,13336,420
13337,13337,419
13338,13338,418
13339,13339,418
13340,13340,417
13341,13341,416
13342,13342,416
13343,13343,415
13344,13344,414
13345,13345,414
13346,13346,414
13347,13347,414
13348,13348,414
13349,13349,414
13350,13350,414
13351,13351,414
13352,13352,415
13353,13353,415
13354,13354,415
13355,13355,415
13356,13356,416
13357,13357,416
13358,13358,416
13359,13359,417
13360,13360,417
13361,13361,417
13362,13362,417
13363,13363,418
13364,13364,418
13365,13365,418
13366,13366,418
13367,13367,418
13368,13368,418
13369,13369,418
13370,13370,418
13371,13371,418
13372,13372,418
13373,13373,418
13374,13374,418
13375,13375,419
13376,13376,419
13377,13377,419
13378,13378,419
13379,13379,420
13380,13380,420
13381,13381,420
13382,13382,421
13383,13383,421
13384,13384,421
13385,13385,422
13386,13386,422
13387,13387,422
13388,13388,422
13389,13389,423
13390,13390,423
13391,13391,423
13392,13392,423
13393,13393,424
13394,13394,424
13395,13395,424
13396,13396,425
13397,13397,425
13398,13398,425
13399,13399,425
13400,13400,426
13401,13401,426
13402,13402,426
13403,13403,426
13404,13404,427
13405,13405,427
13406,13406,427
13407,13407,427
13408,13408,428
13409,13409,428
13410,13410,428
13411,13411,428
13412,13412,429
13413,13413,429
13414,13414,429
13415,13415,429
13416,13416,430
13417,13417,430
13418,13418,430
13419,13419,430
13420,13420,431
13421,13421,431
13422,13422,431
13423,13423,431
13424,13424,432
13425,13425,432
13426,13426,432
13427,13427,432
13428,13428,433
13429,13429,433
13430,13430,433
13431,13431,433
13432,13432,434
13433,13433,434
13434,13434,434
13435,13435,434
13436,13436,434
13437,13437,435
13438,13438,435
13439,13439,435
13440,13440,435
13441,13441,435
13442,13442,436
13443,13443,436
13444,13444,436
13445,13445,437
13446,13446,437
13447,13447,436
13448,13448,436
13449,13449,436
13450,13450,436
13451,13451,436
13452,13452,436
13453,13453,436
13454,13454,436
13455,13455,436
13456,13456,437
13457,13457,437
13458,13458,437
13459,13459,437
13460,13460,437
13461,13461,438
13462,13462,438
13463,13463,438
13464,13464,438
13465,13465,438
13466,13466,438
13467,13467,438
13468,13468,438
13469,13469,438
13470,13470,438
13471,13471,438
13472,13472,438
13473,13473,438
13474,13474,438
13475,13475,438
13476,13476,439
13477,13477,439
13478,13478,439
13479,13479,439
13480,13480,439
13481,13481,440
13482,13482,440
13483,13483,440
13484,13484,440
13485,13485,440
13486,13486,441
13487,13487,441
13488,13488,441
13489,13489,441
13490,13490,441
13491,13491,441
13492,13492,442
13493,13493,442
13494,13494,442
13495,13495,442
13496,13496,443
13497,13497,443
13498,13498,443
13499,13499,443
13500,13500,443
13501,13501,443
13502,13502,444
13503,13503,444
13504,13504,444
13505,13505,444
13506,13506,444
13507,13507,444
13508,13508,445
13509,13509,445
13510,13510,445
13511,13511,445
13512,13512,446
13513,13513,445
13514,13514,445
13515,13515,445
13516,13516,445
13517,13517,445
13518,13518,445
13519,13519,445
13520,13520,445
13521,13521,445
13522,13522,445
13523,13523,445
13524,13524,446
13525,13525,446
13526,13526,446
13527,13527,446
13528,13528,446
13529,13529,446
13530,13530,446
13531,13531,446
13532,13532,446
13533,13533,446
13534,13534,446
13535,13535,446
13536,13536,446
13537,13537,446
13538,13538,446
13539,13539,446
13540,13540,446
13541,13541,447
13542,13542,447
13543,13543,447
13544,13544,447
13545,13545,447
13546,13546,447
13547,13547,447
13548,13548,448
13549,13549,448
13550,13550,448
13551,13551,448
13552,13552,448
13553,13553,448
13554,13554,449
13555,13555,449
13556,13556,449
13557,13557,449
13558,13558,449
13559,13559,449
13560,13560,449
13561,13561,449
13562,13562,449
13563,13563,449
13564,13564,449
13565,13565,449
13566,13566,449
13567,13567,449
13568,13568,449
13569,13569,449
13570,13570,449
13571,13571,449
13572,13572,449
13573,13573,449
13574,13574,449
13575,13575,449
13576,13576,449
13577,13577,449
13578,13578,449
13579,13579,449
13580,13580,449
13581,13581,449
13582,13582,449
13583,13583,449
13584,13584,450
13585,13585,450
13586,13586,450
13587,13587,450
13588,13588,450
13589,13589,450
13590,13590,450
13591,13591,450
13592,13592,450
13593,13593,450
13594,13594,450
13595,13595,450
13596,13596,450
13597,13597,450
13598,13598,450
13599,13599,450
13600,13600,450
13601,13601,450
13602,13602,450
13603,13603,451
13604,13604,451
13605,13605,451
13606,13606,451
13607,13607,451
13608,13608,451
13609,13609,451
13610,13610,451
13611,13611,451
13612,13612,451
13613,13613,451
13614,13614,451
13615,13615,451
13616,13616,451
13617,13617,451
13618,13618,451
13619,13619,451
13620,13620,451
13621,13621,451
13622,13622,452
13623,13623,452
13624,13624,452
13625,13625,452
13626,13626,452
13627,13627,452
13628,13628,452
13629,13629,452
13630,13630,452
13631,13631,452
13632,13632,452
13633,13633,452
13634,13634,452
13635,13635,452
13636,13636,452
13637,13637,452
13638,13638,452
13639,13639,452
13640,13640,452
13641,13641,453
13642,13642,453
13643,13643,453
13644,13644,453
13645,13645,453
13646,13646,453
13647,13647,453
13648,13648,453
13649,13649,453
13650,13650,454
13651,13651,453
13652,13652,453
13653,13653,453
13654,13654,453
13655,13655,453
13656,13656,453
13657,13657,453
13658,13658,453
13659,13659,453
13660,13660,453
13661,13661,453
13662,13662,454
13663,13663,454
13664,13664,454
13665,13665,454
13666,13666,454
13667,13667,454
13668,13668,454
13669,13669,454
13670,13670,454
13671,13671,454
13672,13672,454
13673,13673,454
13674,13674,454
13675,13675,454
13676,13676,454
13677,13677,454
13678,13678,454
13679,13679,454
13680,13680,454
13681,13681,454
13682,13682,454
13683,13683,454
13684,13684,455
13685,13685,455
13686,13686,455
13687,13687,455
13688,13688,455
13689,13689,455
13690,13690,455
13691,13691,456
13692,13692,456
13693,13693,456
13694,13694,456
13695,13695,456
13696,13696,456
13697,13697,456
13698,13698,456
13699,13699,456
13700,13700,456
13701,13701,456
13702,13702,456
13703,13703,456
13704,13704,456
13705,13705,456
13706,13706,456
13707,13707,456
13708,13708,456
13709,13709,456
13710,13710,456
13711,13711,456
13712,13712,456
13713,13713,456
13714,13714,456
13715,13715,456
13716,13716,456
13717,13717,456
13718,13718,456
13719,13719,456
13720,13720,456
13721,13721,456
13722,13722,456
13723,13723,456
13724,13724,456
13725,13725,456
13726,13726,456
13727,13727,457
13728,13728,457
13729,13729,457
13730,13730,457
13731,13731,457
13732,13732,457
13733,13733,457
13734,13734,457
13735,13735,458
13736,13736,458
13737,13737,458
13738,13738,458
13739,13739,458
13740,13740,458
13741,13741,458
13742,13742,458
13743,13743,458
13744,13744,458
13745,13745,458
13746,13746,458
13747,13747,458
13748,13748,458
13749,13749,458
13750,13750,458
13751,13751,458
13752,13752,458
13753,13753,458
13754,13754,458
13755,13755,458
13756,13756,458
13757,13757,458
13758,13758,458
13759,13759,458
13760,13760,458
13761,13761,458
13762,13762,458
13763,13763,458
13764,13764,458
13765,13765,458
13766,13766,458
13767,13767,458
13768,13768,458
13769,13769,458
13770,13770,458
13771,13771,458
13772,13772,458
13773,13773,458
13774,13774,458
13775,13775,458
13776,13776,458
13777,13777,458
13778,13778,458
13779,13779,458
13780,13780,458
13781,13781,458
13782,13782,458
13783,13783,458
13784,13784,458
13785,13785,458
13786,13786,458
13787,13787,458
13788,13788,458
13789,13789,458
13790,13790,458
13791,13791,458
13792,13792,458
13793,13793,458
13794,13794,458
13795,13795,458
13796,13796,458
13797,13797,458
13798,13798,458
13799,13799,458
13800,13800,458
13801,13801,458
13802,13802,458
13803,13803,458
13804,13804,458
13805,13805,458
13806,13806,458
13807,13807,458
13808,13808,458
13809,13809,458
13810,13810,458
13811,13811,458
13812,13812,458
13813,13813,458
13814,13814,458
13815,13815,458
13816,13816,458
13817,13817,458
13818,13818,458
13819,13819,458
13820,13820,458
13821,13821,458
13822,13822,458
13823,13823,458
13824,13824,458
13825,13825,458
13826,13826,458
13827,13827,458
13828,13828,458
13829,13829,458
13830,13830,458
13831,13831,458
13832,13832,458
13833,13833,458
13834,13834,458
13835,13835,458
13836,13836,458
13837,13837,458
13838,13838,458
13839,13839,458
13840,13840,458
13841,13841,458
13842,13842,458
13843,13843,458
13844,13844,458
13845,13845,458
13846,13846,458
13847,13847,458
13848,13848,458
13849,13849,458
13850,13850,458
13851,13851,458
13852,13852,457
13853,13853,457
13854,13854,457
13855,13855,457
13856,13856,457
13857,13857,457
13858,13858,457
13859,13859,457
13860,13860,457
13861,13861,457
13862,13862,457
13863,13863,457
13864,13864,457
13865,13865,457
13866,13866,458
13867,13867,458
13868,13868,458
13869,13869,458
13870,13870,458
13871,13871,458
13872,13872,458
13873,13873,458
13874,13874,458
13875,13875,458
13876,13876,458
13877,13877,458
13878,13878,458
13879,13879,458
13880,13880,458
13881,13881,458
13882,13882,458
13883,13883,458
13884,13884,458
13885,13885,458
13886,13886,458
13887,13887,458
13888,13888,458
13889,13889,458
13890,13890,458
13891,13891,458
13892,13892,458
13893,13893,458
13894,13894,458
13895,13895,458
13896,13896,458
13897,13897,458
13898,13898,458
13899,13899,457
13900,13900,457
13901,13901,457
13902,13902,457
13903,13903,457
13904,13904,457
13905,13905,457
13906,13906,457
13907,13907,457
13908,13908,457
13909,13909,457
13910,13910,457
13911,13911,457
13912,13912,458
13913,13913,458
13914,13914,457
13915,13915,457
13916,13916,457
13917,13917,457
13918,13918,457
13919,13919,457
13920,13920,457
13921,13921,457
13922,13922,457
13923,13923,457
13924,13924,457
13925,13925,457
13926,13926,457
13927,13927,457
13928,13928,457
13929,13929,457
13930,13930,457
13931,13931,457
13932,13932,457
13933,13933,456
13934,13934,456
13935,13935,456
13936,13936,456
13937,13937,456
13938,13938,456
13939,13939,456
13940,13940,456
13941,13941,456
13942,13942,456
13943,13943,456
13944,13944,456
13945,13945,456
13946,13946,456
13947,13947,456
13948,13948,456
13949,13949,456
13950,13950,456
13951,13951,456
13952,13952,456
13953,13953,456
13954,13954,456
13955,13955,456
13956,13956,455
13957,13957,455
13958,13958,455
13959,13959,455
13960,13960,455
13961,13961,455
13962,13962,455
13963,13963,455
13964,13964,455
13965,13965,454
13966,13966,454
13967,13967,454
13968,13968,454
13969,13969,454
13970,13970,454
13971,13971,454
13972,13972,454
13973,13973,454
13974,13974,454
13975,13975,454
13976,13976,454
13977,13977,454
13978,13978,454
13979,13979,454
13980,13980,454
13981,13981,454
13982,13982,454
13983,13983,454
13984,13984,454
13985,13985,454
13986,13986,454
13987,13987,454
13988,13988,453
13989,13989,453
13990,13990,453
13991,13991,453
13992,13992,453
13993,13993,453
13994,13994,453
13995,13995,453
13996,13996,453
13997,13997,453
13998,13998,453
13999,13999,453
14000,14000,453
14001,14001,453
14002,14002,453
14003,14003,453
14004,14004,453
14005,14005,453
14006,14006,453
14007,14007,453
14008,14008,453
14009,14009,453
14010,14010,453
14011,14011,453
14012,14012,453
14013,14013,453
14014,14014,453
14015,14015,453
14016,14016,453
14017,14017,453
14018,14018,453
14019,14019,453
14020,14020,453
14021,14021,453
14022,14022,453
14023,14023,453
14024,14024,453
14025,14025,453
14026,14026,453
14027,14027,452
14028,14028,452
14029,14029,452
14030,14030,452
14031,14031,452
14032,14032,452
14033,14033,452
14034,14034,451
14035,14035,451
14036,14036,451
14037,14037,451
14038,14038,451
14039,14039,451
14040,14040,451
14041,14041,451
14042,14042,451
14043,14043,451
14044,14044,451
14045,14045,451
14046,14046,451
14047,14047,451
14048,14048,451
14049,14049,451
14050,14050,451
14051,14051,451
14052,14052,451
14053,14053,451
14054,14054,451
14055,14055,451
14056,14056,450
14057,14057,450
14058,14058,450
14059,14059,450
14060,14060,450
14061,14061,450
14062,14062,449
14063,14063,449
14064,14064,449
14065,14065,449
14066,14066,449
14067,14067,449
14068,14068,449
14069,14069,449
14070,14070,449
14071,14071,449
14072,14072,449
14073,14073,449
14074,14074,448
14075,14075,448
14076,14076,448
14077,14077,448
14078,14078,448
14079,14079,448
14080,14080,448
14081,14081,448
14082,14082,448
14083,14083,448
14084,14084,448
14085,14085,448
14086,14086,448
14087,14087,448
14088,14088,448
14089,14089,448
14090,14090,448
14091,14091,448
14092,14092,447
14093,14093,447
14094,14094,447
14095,14095,447
14096,14096,447
14097,14097,447
14098,14098,447
14099,14099,446
14100,14100,445
14101,14101,445
14102,14102,445
14103,14103,445
14104,14104,445
14105,14105,445
14106,14106,444
14107,14107,444
14108,14108,444
14109,14109,444
14110,14110,444
14111,14111,444
14112,14112,443
14113,14113,443
14114,14114,443
14115,14115,443
14116,14116,443
14117,14117,443
14118,14118,443
14119,14119,442
14120,14120,442
14121,14121,442
14122,14122,442
14123,14123,442
14124,14124,442
14125,14125,441
14126,14126,440
14127,14127,440
14128,14128,440
14129,14129,440
14130,14130,440
14131,14131,440
14132,14132,440
14133,14133,440
14134,14134,440
14135,14135,440
14136,14136,440
14137,14137,440
14138,14138,440
14139,14139,440
14140,14140,440
14141,14141,440
14142,14142,440
14143,14143,440
14144,14144,440
14145,14145,440
14146,14146,440
14147,14147,439
14148,14148,439
14149,14149,439
14150,14150,439
14151,14151,439
14152,14152,439
14153,14153,438
14154,14154,437
14155,14155,437
14156,14156,437
14157,14157,437
14158,14158,437
14159,14159,437
14160,14160,436
14161,14161,436
14162,14162,436
14163,14163,436
14164,14164,436
14165,14165,435
14166,14166,434
14167,14167,434
14168,14168,434
14169,14169,434
14170,14170,434
14171,14171,434
14172,14172,434
14173,14173,434
14174,14174,433
14175,14175,433
14176,14176,433
14177,14177,433
14178,14178,433
14179,14179,433
14180,14180,433
14181,14181,433
14182,14182,433
14183,14183,433
14184,14184,433
14185,14185,433
14186,14186,433
14187,14187,433
14188,14188,433
14189,14189,433
14190,14190,433
14191,14191,433
14192,14192,433
14193,14193,432
14194,14194,431
14195,14195,431
14196,14196,431
14197,14197,431
14198,14198,431
14199,14199,431
14200,14200,431
14201,14201,431
14202,14202,431
14203,14203,430
14204,14204,429
14205,14205,428
14206,14206,428
14207,14207,427
14208,14208,426
14209,14209,426
14210,14210,425
14211,14211,424
14212,14212,423
14213,14213,423
14214,14214,422
14215,14215,421
14216,14216,420
14217,14217,420
14218,14218,419
14219,14219,418
14220,14220,417
14221,14221,417
14222,14222,416
14223,14223,415
14224,14224,414
14225,14225,413
14226,14226,413
14227,14227,412
14228,14228,411
14229,14229,410
14230,14230,409
14231,14231,408
14232,14232,408
14233,14233,407
14234,14234,406
14235,14235,405
14236,14236,404
14237,14237,403
14238,14238,403
14239,14239,402
14240,14240,401
14241,14241,400
14242,14242,399
14243,14243,399
14244,14244,398
14245,14245,397
14246,14246,396
14247,14247,395
14248,14248,394
14249,14249,394
14250,14250,393
14251,14251,392
14252,14252,391
14253,14253,390
14254,14254,389
14255,14255,389
14256,14256,388
14257,14257,387
14258,14258,386
14259,14259,385
14260,14260,385
14261,14261,384
14262,14262,383
14263,14263,382
14264,14264,381
14265,14265,380
14266,14266,380
14267,14267,379
14268,14268,378
14269,14269,377
14270,14270,376
14271,14271,375
14272,14272,375
14273,14273,374
14274,14274,373
14275,14275,372
14276,14276,371
14277,14277,371
14278,14278,370
14279,14279,369
14280,14280,368
14281,14281,367
14282,14282,366
14283,14283,366
14284,14284,365
14285,14285,364
14286,14286,363
14287,14287,362
14288,14288,362
14289,14289,361
14290,14290,360
14291,14291,359
14292,14292,358
14293,14293,357
14294,14294,357
14295,14295,356
14296,14296,355
14297,14297,354
14298,14298,353
14299,14299,353
14300,14300,352
14301,14301,351
14302,14302,350
14303,14303,349
14304,14304,349
14305,14305,348
14306,14306,347
14307,14307,346
14308,14308,346
14309,14309,345
14310,14310,344
14311,14311,343
14312,14312,342
14313,14313,342
14314,14314,341
14315,14315,340
14316,14316,339
14317,14317,339
14318,14318,338
14319,14319,337
14320,14320,336
14321,14321,335
14322,14322,335
14323,14323,334
14324,14324,333
14325,14325,332
14326,14326,332
14327,14327,331
14328,14328,330
14329,14329,329
14330,14330,329
14331,14331,328
14332,14332,327
14333,14333,326
14334,14334,326
14335,14335,325
14336,14336,324
14337,14337,323
14338,14338,323
14339,14339,322
14340,14340,321
14341,14341,321
14342,14342,320
14343,14343,319
14344,14344,318
14345,14345,318
14346,14346,317
14347,14347,316
14348,14348,315
14349,14349,315
14350,14350,314
14351,14351,313
14352,14352,313
14353,14353,312
14354,14354,311
14355,14355,310
14356,14356,310
14357,14357,309
14358,14358,308
14359,14359,308
14360,14360,307
14361,14361,306
14362,14362,305
14363,14363,305
14364,14364,304
14365,14365,303
14366,14366,303
14367,14367,302
14368,14368,301
14369,14369,301
14370,14370,300
14371,14371,299
14372,14372,298
14373,14373,298
14374,14374,297
14375,14375,296
14376,14376,296
14377,14377,295
14378,14378,294
14379,14379,294
14380,14380,293
14381,14381,292
14382,14382,292
14383,14383,291
14384,14384,290
14385,14385,290
14386,14386,289
14387,14387,288
14388,14388,288
14389,14389,287
14390,14390,286
14391,14391,286
14392,14392,285
14393,14393,284
14394,14394,284
14395,14395,284
14396,14396,284
14397,14397,284
14398,14398,284
14399,14399,284
14400,14400,284
14401,14401,284
14402,14402,284
14403,14403,284
14404,14404,285
14405,14405,285
14406,14406,286
14407,14407,286
14408,14408,286
14409,14409,287
14410,14410,287
14411,14411,287
14412,14412,288
14413,14413,288
14414,14414,288
14415,14415,288
14416,14416,289
14417,14417,289
14418,14418,289
14419,14419,290
14420,14420,290
14421,14421,290
14422,14422,291
14423,14423,291
14424,14424,291
14425,14425,292
14426,14426,292
14427,14427,292
14428,14428,292
14429,14429,293
14430,14430,293
14431,14431,293
14432,14432,294
14433,14433,294
14434,14434,294
14435,14435,294
14436,14436,295
14437,14437,295
14438,14438,295
14439,14439,296
14440,14440,296
14441,14441,296
14442,14442,296
14443,14443,296
14444,14444,296
14445,14445,296
14446,14446,296
14447,14447,296
14448,14448,296
14449,14449,296
14450,14450,296
14451,14451,296
14452,14452,296
14453,14453,297
14454,14454,297
14455,14455,297
14456,14456,298
14457,14457,298
14458,14458,298
14459,14459,298
14460,14460,299
14461,14461,299
14462,14462,299
14463,14463,299
14464,14464,300
14465,14465,300
14466,14466,300
14467,14467,300
14468,14468,301
14469,14469,301
14470,14470,301
14471,14471,302
14472,14472,302
14473,14473,302
14474,14474,302
14475,14475,303
14476,14476,303
14477,14477,303
14478,14478,303
14479,14479,304
14480,14480,304
14481,14481,304
14482,14482,304
14483,14483,304
14484,14484,305
14485,14485,305
14486,14486,305
14487,14487,305
14488,14488,306
14489,14489,306
14490,14490,306
14491,14491,306
14492,14492,307
14493,14493,307
14494,14494,307
14495,14495,307
14496,14496,307
14497,14497,307
14498,14498,307
14499,14499,307
14500,14500,307
14501,14501,307
14502,14502,307
14503,14503,307
14504,14504,307
14505,14505,307
14506,14506,307
14507,14507,308
14508,14508,308
14509,14509,308
14510,14510,308
14511,14511,309
14512,14512,309
14513,14513,309
14514,14514,309
14515,14515,309
14516,14516,310
14517,14517,310
14518,14518,310
14519,14519,310
14520,14520,311
14521,14521,311
14522,14522,311
14523,14523,311
14524,14524,311
14525,14525,312
14526,14526,312
14527,14527,312
14528,14528,312
14529,14529,312
14530,14530,313
14531,14531,313
14532,14532,313
14533,14533,313
14534,14534,313
14535,14535,314
14536,14536,314
14537,14537,314
14538,14538,314
14539,14539,315
14540,14540,315
14541,14541,315
14542,14542,315
14543,14543,315
14544,14544,316
14545,14545,316
14546,14546,316
14547,14547,316
14548,14548,316
14549,14549,316
14550,14550,317
14551,14551,317
14552,14552,317
14553,14553,317
14554,14554,317
14555,14555,317
14556,14556,317
14557,14557,317
14558,14558,317
14559,14559,317
14560,14560,317
14561,14561,317
14562,14562,317
14563,14563,317
14564,14564,317
14565,14565,317
14566,14566,318
14567,14567,318
14568,14568,318
14569,14569,318
14570,14570,318
14571,14571,319
14572,14572,318
14573,14573,318
14574,14574,318
14575,14575,318
14576,14576,318
14577,14577,318
14578,14578,318
14579,14579,318
14580,14580,318
14581,14581,318
14582,14582,318
14583,14583,319
14584,14584,319
14585,14585,319
14586,14586,319
14587,14587,319
14588,14588,320
14589,14589,320
14590,14590,320
14591,14591,320
14592,14592,320
14593,14593,320
14594,14594,321
14595,14595,321
14596,14596,321
14597,14597,321
14598,14598,321
14599,14599,321
14600,14600,322
14601,14601,322
14602,14602,322
14603,14603,322
14604,14604,322
14605,14605,323
14606,14606,323
14607,14607,323
14608,14608,323
14609,14609,323
14610,14610,323
14611,14611,323
14612,14612,324
14613,14613,324
14614,14614,324
14615,14615,324
14616,14616,324
14617,14617,325
14618,14618,325
14619,14619,325
14620,14620,325
14621,14621,325
14622,14622,325
14623,14623,325
14624,14624,325
14625,14625,325
14626,14626,325
14627,14627,325
14628,14628,325
14629,14629,325
14630,14630,325
14631,14631,325
14632,14632,325
14633,14633,325
14634,14634,325
14635,14635,326
14636,14636,326
14637,14637,326
14638,14638,326
14639,14639,326
14640,14640,326
14641,14641,326
14642,14642,327
14643,14643,327
14644,14644,327
14645,14645,327
14646,14646,327
14647,14647,327
14648,14648,327
14649,14649,328
14650,14650,328
14651,14651,328
14652,14652,328
14653,14653,328
14654,14654,328
14655,14655,329
14656,14656,329
14657,14657,329
14658,14658,329
14659,14659,329
14660,14660,329
14661,14661,329
14662,14662,330
14663,14663,330
14664,14664,330
14665,14665,330
14666,14666,330
14667,14667,330
14668,14668,330
14669,14669,331
14670,14670,331
14671,14671,331
14672,14672,331
14673,14673,331
14674,14674,331
14675,14675,331
14676,14676,332
14677,14677,332
14678,14678,332
14679,14679,332
14680,14680,332
14681,14681,332
14682,14682,332
14683,14683,332
14684,14684,332
14685,14685,332
14686,14686,332
14687,14687,332
14688,14688,332
14689,14689,332
14690,14690,332
14691,14691,332
14692,14692,332
14693,14693,332
14694,14694,332
14695,14695,332
14696,14696,333
14697,14697,333
14698,14698,333
14699,14699,333
14700,14700,333
14701,14701,333
14702,14702,333
14703,14703,334
14704,14704,334
14705,14705,334
14706,14706,334
14707,14707,334
14708,14708,334
14709,14709,334
14710,14710,334
14711,14711,334
14712,14712,334
14713,14713,334
14714,14714,334
14715,14715,334
14716,14716,334
14717,14717,334
14718,14718,334
14719,14719,334
14720,14720,334
14721,14721,334
14722,14722,334
14723,14723,334
14724,14724,335
14725,14725,335
14726,14726,335
14727,14727,335
14728,14728,335
14729,14729,335
14730,14730,335
14731,14731,335
14732,14732,336
14733,14733,336
14734,14734,336
14735,14735,336
14736,14736,336
14737,14737,336
14738,14738,336
14739,14739,336
14740,14740,337
14741,14741,337
14742,14742,337
14743,14743,337
14744,14744,337
14745,14745,337
14746,14746,337
14747,14747,337
14748,14748,338
14749,14749,337
14750,14750,337
14751,14751,337
14752,14752,337
14753,14753,337
14754,14754,337
14755,14755,337
14756,14756,337
14757,14757,337
14758,14758,337
14759,14759,337
14760,14760,337
14761,14761,337
14762,14762,338
14763,14763,338
14764,14764,338
14765,14765,338
14766,14766,338
14767,14767,338
14768,14768,338
14769,14769,338
14770,14770,339
14771,14771,339
14772,14772,339
14773,14773,339
14774,14774,339
14775,14775,339
14776,14776,339
14777,14777,339
14778,14778,339
14779,14779,339
14780,14780,339
14781,14781,339
14782,14782,339
14783,14783,339
14784,14784,339
14785,14785,339
14786,14786,339
14787,14787,339
14788,14788,339
14789,14789,339
14790,14790,339
14791,14791,339
14792,14792,339
14793,14793,340
14794,14794,340
14795,14795,340
14796,14796,340
14797,14797,340
14798,14798,340
14799,14799,340
14800,14800,340
14801,14801,340
14802,14802,341
14803,14803,341
14804,14804,341
14805,14805,341
14806,14806,341
14807,14807,341
14808,14808,341
14809,14809,341
14810,14810,341
14811,14811,342
14812,14812,342
14813,14813,342
14814,14814,342
14815,14815,342
14816,14816,342
14817,14817,342
14818,14818,342
14819,14819,342
14820,14820,342
14821,14821,342
14822,14822,342
14823,14823,342
14824,14824,342
14825,14825,342
14826,14826,342
14827,14827,342
14828,14828,342
14829,14829,342
14830,14830,342
14831,14831,342
14832,14832,342
14833,14833,342
14834,14834,342
14835,14835,343
14836,14836,343
14837,14837,343
14838,14838,343
14839,14839,343
14840,14840,343
14841,14841,343
14842,14842,343
14843,14843,343
14844,14844,343
14845,14845,343
14846,14846,343
14847,14847,343
14848,14848,343
14849,14849,343
14850,14850,343
14851,14851,343
14852,14852,343
14853,14853,343
14854,14854,343
14855,14855,343
14856,14856,343
14857,14857,343
14858,14858,343
14859,14859,343
14860,14860,343
14861,14861,343
14862,14862,343
14863,14863,343
14864,14864,343
14865,14865,343
14866,14866,343
14867,14867,343
14868,14868,343
14869,14869,343
14870,14870,343
14871,14871,343
14872,14872,343
14873,14873,343
14874,14874,344
14875,14875,344
14876,14876,344
14877,14877,344
14878,14878,344
14879,14879,344
14880,14880,344
14881,14881,344
14882,14882,344
14883,14883,344
14884,14884,344
14885,14885,344
14886,14886,344
14887,14887,344
14888,14888,344
14889,14889,344
14890,14890,344
14891,14891,344
14892,14892,344
14893,14893,344
14894,14894,344
14895,14895,344
14896,14896,344
14897,14897,344
14898,14898,344
14899,14899,344
14900,14900,345
14901,14901,345
14902,14902,344
14903,14903,344
14904,14904,344
14905,14905,344
14906,14906,344
14907,14907,344
14908,14908,344
14909,14909,344
14910,14910,344
14911,14911,344
14912,14912,344
14913,14913,344
14914,14914,344
14915,14915,344
14916,14916,344
14917,14917,344
14918,14918,344
14919,14919,344
14920,14920,344
14921,14921,344
14922,14922,344
14923,14923,344
14924,14924,344
14925,14925,344
14926,14926,344
14927,14927,344
14928,14928,344
14929,14929,344
14930,14930,344
14931,14931,344
14932,14932,344
14933,14933,344
14934,14934,344
14935,14935,344
14936,14936,344
14937,14937,344
14938,14938,344
14939,14939,344
14940,14940,344
14941,14941,344
14942,14942,344
14943,14943,344
14944,14944,344
14945,14945,344
14946,14946,344
14947,14947,344
14948,14948,344
14949,14949,344
14950,14950,343
14951,14951,343
14952,14952,343
14953,14953,343
14954,14954,343
14955,14955,343
14956,14956,343
14957,14957,343
14958,14958,343
14959,14959,343
14960,14960,343
14961,14961,343
14962,14962,343
14963,14963,343
14964,14964,343
14965,14965,343
14966,14966,343
14967,14967,344
14968,14968,344
14969,14969,344
14970,14970,344
14971,14971,344
14972,14972,344
14973,14973,344
14974,14974,344
14975,14975,344
14976,14976,344
14977,14977,344
14978,14978,344
14979,14979,344
14980,14980,344
14981,14981,344
14982,14982,344
14983,14983,344
14984,14984,344
14985,14985,344
14986,14986,344
14987,14987,344
14988,14988,344
14989,14989,344
14990,14990,344
14991,14991,344
14992,14992,344
14993,14993,344
14994,14994,344
14995,14995,344
14996,14996,344
14997,14997,344
14998,14998,344
14999,14999,344
15000,15000,344
15001,15001,344
15002,15002,344
15003,15003,344
15004,15004,344
15005,15005,344
15006,15006,344
15007,15007,344
15008,15008,344
15009,15009,344
15010,15010,344
15011,15011,344
15012,15012,344
15013,15013,344
15014,15014,344
15015,15015,344
15016,15016,344
15017,15017,344
15018,15018,344
15019,15019,344
15020,15020,344
15021,15021,344
15022,15022,344
15023,15023,344
15024,15024,344
15025,15025,344
15026,15026,344
15027,15027,344
15028,15028,344
15029,15029,344
15030,15030,344
15031,15031,344
15032,15032,344
15033,15033,344
15034,15034,344
15035,15035,344
15036,15036,344
15037,15037,344
15038,15038,344
15039,15039,344
15040,15040,344
15041,15041,344
15042,15042,344
15043,15043,344
15044,15044,344
15045,15045,344
15046,15046,344
15047,15047,344
15048,15048,343
15049,15049,343
15050,15050,343
15051,15051,343
15052,15052,343
15053,15053,343
15054,15054,343
15055,15055,343
15056,15056,343
15057,15057,343
15058,15058,343
15059,15059,343
15060,15060,343
15061,15061,343
15062,15062,343
15063,15063,343
15064,15064,343
15065,15065,343
15066,15066,343
15067,15067,343
15068,15068,343
15069,15069,343
15070,15070,343
15071,15071,343
15072,15072,343
15073,15073,343
15074,15074,343
15075,15075,343
15076,15076,343
15077,15077,343
15078,15078,343
15079,15079,343
15080,15080,343
15081,15081,344
15082,15082,344
15083,15083,344
15084,15084,344
15085,15085,344
15086,15086,344
15087,15087,344
15088,15088,344
15089,15089,344
15090,15090,344
15091,15091,344
15092,15092,343
15093,15093,343
15094,15094,343
15095,15095,343
15096,15096,343
15097,15097,343
15098,15098,343
15099,15099,343
15100,15100,343
15101,15101,343
15102,15102,343
15103,15103,343
15104,15104,343
15105,15105,343
15106,15106,342
15107,15107,342
15108,15108,342
15109,15109,342
15110,15110,342
15111,15111,342
15112,15112,342
15113,15113,342
15114,15114,342
15115,15115,342
15116,15116,342
15117,15117,342
15118,15118,342
15119,15119,342
15120,15120,341
15121,15121,341
15122,15122,341
15123,15123,341
15124,15124,341
15125,15125,341
15126,15126,341
15127,15127,340
15128,15128,340
15129,15129,340
15130,15130,340
15131,15131,340
15132,15132,340
15133,15133,340
15134,15134,339
15135,15135,339
15136,15136,339
15137,15137,339
15138,15138,339
15139,15139,339
15140,15140,339
15141,15141,338
15142,15142,338
15143,15143,338
15144,15144,338
15145,15145,338
15146,15146,338
15147,15147,337
15148,15148,337
15149,15149,337
15150,15150,337
15151,15151,337
15152,15152,337
15153,15153,336
15154,15154,336
15155,15155,336
15156,15156,336
15157,15157,336
15158,15158,336
15159,15159,336
15160,15160,335
15161,15161,335
15162,15162,335
15163,15163,335
15164,15164,335
15165,15165,335
15166,15166,334
15167,15167,334
15168,15168,334
15169,15169,334
15170,15170,334
15171,15171,334
15172,15172,334
15173,15173,333
15174,15174,333
15175,15175,333
15176,15176,333
15177,15177,333
15178,15178,332
15179,15179,332
15180,15180,332
15181,15181,332
15182,15182,332
15183,15183,332
15184,15184,332
15185,15185,331
15186,15186,331
15187,15187,330
15188,15188,330
15189,15189,330
15190,15190,330
15191,15191,330
15192,15192,330
15193,15193,330
15194,15194,330
15195,15195,330
15196,15196,330
15197,15197,330
15198,15198,330
15199,15199,330
15200,15200,330
15201,15201,330
15202,15202,330
15203,15203,330
15204,15204,330
15205,15205,330
15206,15206,330
15207,15207,329
15208,15208,329
15209,15209,329
15210,15210,329
15211,15211,329
15212,15212,328
15213,15213,328
15214,15214,328
15215,15215,328
15216,15216,328
15217,15217,328
15218,15218,328
15219,15219,327
15220,15220,327
15221,15221,327
15222,15222,327
15223,15223,327
15224,15224,327
15225,15225,327
15226,15226,327
15227,15227,326
15228,15228,325
15229,15229,325
15230,15230,324
15231,15231,324
15232,15232,323
15233,15233,323
15234,15234,322
15235,15235,322
15236,15236,321
15237,15237,321
15238,15238,320
15239,15239,319
15240,15240,319
15241,15241,318
15242,15242,318
15243,15243,317
15244,15244,317
15245,15245,316
15246,15246,315
15247,15247,315
15248,15248,314
15249,15249,313
15250,15250,313
15251,15251,312
15252,15252,312
15253,15253,311
15254,15254,310
15255,15255,310
15256,15256,309
15257,15257,308
15258,15258,308
15259,15259,307
15260,15260,306
15261,15261,306
15262,15262,305
15263,15263,304
15264,15264,304
15265,15265,303
15266,15266,302
15267,15267,302
15268,15268,301
15269,15269,300
15270,15270,299
15271,15271,299
15272,15272,298
15273,15273,297
15274,15274,297
15275,15275,296
15276,15276,295
15277,15277,294
15278,15278,294
15279,15279,293
15280,15280,292
15281,15281,291
15282,15282,290
15283,15283,290
15284,15284,289
15285,15285,288
15286,15286,287
15287,15287,286
15288,15288,286
15289,15289,285
15290,15290,284
15291,15291,283
15292,15292,282
15293,15293,281
15294,15294,280
15295,15295,280
15296,15296,279
15297,15297,278
15298,15298,277
15299,15299,276
15300,15300,275
15301,15301,274
15302,15302,274
15303,15303,273
15304,15304,272
15305,15305,271
15306,15306,270
15307,15307,269
15308,15308,268
15309,15309,268
15310,15310,267
15311,15311,266
15312,15312,265
15313,15313,264
15314,15314,263
15315,15315,263
15316,15316,262
15317,15317,261
15318,15318,260
15319,15319,259
15320,15320,258
15321,15321,258
15322,15322,257
15323,15323,256
15324,15324,255
15325,15325,254
15326,15326,253
15327,15327,253
15328,15328,252
15329,15329,251
15330,15330,250
15331,15331,249
15332,15332,248
15333,15333,248
15334,15334,247
15335,15335,246
15336,15336,245
15337,15337,244
15338,15338,244
15339,15339,243
15340,15340,242
15341,15341,241
15342,15342,240
15343,15343,240
15344,15344,239
15345,15345,238
15346,15346,237
15347,15347,236
15348,15348,236
15349,15349,235
15350,15350,234
15351,15351,233
15352,15352,232
15353,15353,232
15354,15354,231
15355,15355,230
15356,15356,229
15357,15357,229
15358,15358,228
15359,15359,227
15360,15360,226
15361,15361,225
15362,15362,225
15363,15363,224
15364,15364,223
15365,15365,222
15366,15366,222
15367,15367,221
15368,15368,220
15369,15369,219
15370,15370,219
15371,15371,218
15372,15372,217
15373,15373,216
15374,15374,216
15375,15375,215
15376,15376,214
15377,15377,213
15378,15378,213
15379,15379,212
15380,15380,211
15381,15381,210
15382,15382,210
15383,15383,209
15384,15384,208
15385,15385,207
15386,15386,207
15387,15387,206
15388,15388,205
15389,15389,204
15390,15390,204
15391,15391,203
15392,15392,202
15393,15393,202
15394,15394,201
15395,15395,200
15396,15396,199
15397,15397,199
15398,15398,198
15399,15399,197
15400,15400,196
15401,15401,196
15402,15402,195
15403,15403,194
15404,15404,194
15405,15405,193
15406,15406,192
15407,15407,192
15408,15408,191
15409,15409,190
15410,15410,189
15411,15411,189
15412,15412,188
15413,15413,187
15414,15414,187
15415,15415,186
15416,15416,185
15417,15417,185
15418,15418,184
15419,15419,183
15420,15420,182
15421,15421,182
15422,15422,181
15423,15423,180
15424,15424,180
15425,15425,179
15426,15426,178
15427,15427,178
15428,15428,177
15429,15429,176
15430,15430,176
15431,15431,175
15432,15432,175
15433,15433,175
15434,15434,175
15435,15435,175
15436,15436,175
15437,15437,175
15438,15438,175
15439,15439,176
15440,15440,176
15441,15441,176
15442,15442,176
15443,15443,177
15444,15444,177
15445,15445,178
15446,15446,178
15447,15447,178
15448,15448,178
15449,15449,179
15450,15450,179
15451,15451,179
15452,15452,180
15453,15453,180
15454,15454,180
15455,15455,180
15456,15456,181
15457,15457,181
15458,15458,181
15459,15459,182
15460,15460,182
15461,15461,182
15462,15462,183
15463,15463,183
15464,15464,183
15465,15465,183
15466,15466,184
15467,15467,184
15468,15468,184
15469,15469,185
15470,15470,185
15471,15471,185
15472,15472,185
15473,15473,186
15474,15474,186
15475,15475,186
15476,15476,187
15477,15477,187
15478,15478,187
15479,15479,187
15480,15480,188
15481,15481,188
15482,15482,188
15483,15483,188
15484,15484,189
15485,15485,189
15486,15486,189
15487,15487,189
15488,15488,189
15489,15489,189
15490,15490,189
15491,15491,189
15492,15492,189
15493,15493,189
15494,15494,189
15495,15495,189
15496,15496,189
15497,15497,189
15498,15498,190
15499,15499,190
15500,15500,190
15501,15501,190
15502,15502,191
15503,15503,191
15504,15504,191
15505,15505,191
15506,15506,192
15507,15507,192
15508,15508,192
15509,15509,193
15510,15510,193
15511,15511,193
15512,15512,193
15513,15513,193
15514,15514,194
15515,15515,194
15516,15516,194
15517,15517,194
15518,15518,195
15519,15519,195
15520,15520,195
15521,15521,195
15522,15522,196
15523,15523,196
15524,15524,196
15525,15525,196
15526,15526,197
15527,15527,197
15528,15528,197
15529,15529,197
15530,15530,197
15531,15531,198
15532,15532,198
15533,15533,198
15534,15534,198
15535,15535,198
15536,15536,199
15537,15537,199
15538,15538,199
15539,15539,199
15540,15540,200
15541,15541,200
15542,15542,200
15543,15543,200
15544,15544,200
15545,15545,201
15546,15546,201
15547,15547,201
15548,15548,201
15549,15549,202
15550,15550,202
15551,15551,202
15552,15552,202
15553,15553,202
15554,15554,203
15555,15555,203
15556,15556,203
15557,15557,203
15558,15558,204
15559,15559,204
15560,15560,204
15561,15561,204
15562,15562,204
15563,15563,204
15564,15564,205
15565,15565,205
15566,15566,205
15567,15567,205
15568,15568,205
15569,15569,206
15570,15570,206
15571,15571,206
15572,15572,206
15573,15573,206
15574,15574,207
15575,15575,207
15576,15576,207
15577,15577,207
15578,15578,207
15579,15579,207
15580,15580,208
15581,15581,208
15582,15582,208
15583,15583,208
15584,15584,208
15585,15585,209
15586,15586,209
15587,15587,209
15588,15588,209
15589,15589,209
15590,15590,209
15591,15591,209
15592,15592,209
15593,15593,209
15594,15594,209
15595,15595,209
15596,15596,209
15597,15597,209
15598,15598,209
15599,15599,209
15600,15600,209
15601,15601,209
15602,15602,210
15603,15603,210
15604,15604,210
15605,15605,210
15606,15606,211
15607,15607,211
15608,15608,211
15609,15609,211
15610,15610,211
15611,15611,211
15612,15612,211
15613,15613,212
15614,15614,212
15615,15615,212
15616,15616,212
15617,15617,212
15618,15618,213
15619,15619,213
15620,15620,213
15621,15621,213
15622,15622,213
15623,15623,213
15624,15624,214
15625,15625,214
15626,15626,213
15627,15627,213
15628,15628,213
15629,15629,213
15630,15630,213
15631,15631,213
15632,15632,213
15633,15633,213
15634,15634,213
15635,15635,213
15636,15636,214
15637,15637,214
15638,15638,214
15639,15639,214
15640,15640,214
15641,15641,214
15642,15642,215
15643,15643,214
15644,15644,214
15645,15645,214
15646,15646,214
15647,15647,214
15648,15648,214
15649,15649,214
15650,15650,214
15651,15651,214
15652,15652,214
15653,15653,214
15654,15654,215
15655,15655,215
15656,15656,215
15657,15657,215
15658,15658,215
15659,15659,215
15660,15660,215
15661,15661,215
15662,15662,215
15663,15663,215
15664,15664,215
15665,15665,215
15666,15666,215
15667,15667,215
15668,15668,215
15669,15669,215
15670,15670,215
15671,15671,215
15672,15672,215
15673,15673,216
15674,15674,216
15675,15675,216
15676,15676,216
15677,15677,216
15678,15678,216
15679,15679,217
15680,15680,217
15681,15681,217
15682,15682,217
15683,15683,217
15684,15684,217
15685,15685,217
15686,15686,218
15687,15687,218
15688,15688,218
15689,15689,218
15690,15690,218
15691,15691,218
15692,15692,218
15693,15693,218
15694,15694,218
15695,15695,218
15696,15696,218
15697,15697,218
15698,15698,218
15699,15699,218
15700,15700,218
15701,15701,218
15702,15702,218
15703,15703,218
15704,15704,218
15705,15705,218
15706,15706,219
15707,15707,219
15708,15708,219
15709,15709,219
15710,15710,219
15711,15711,219
15712,15712,219
15713,15713,219
15714,15714,219
15715,15715,219
15716,15716,219
15717,15717,219
15718,15718,219
15719,15719,219
15720,15720,219
15721,15721,219
15722,15722,219
15723,15723,219
15724,15724,219
15725,15725,219
15726,15726,220
15727,15727,220
15728,15728,220
15729,15729,220
15730,15730,220
15731,15731,220
15732,15732,220
15733,15733,221
15734,15734,221
15735,15735,221
15736,15736,221
15737,15737,221
15738,15738,221
15739,15739,221
15740,15740,221
15741,15741,221
15742,15742,221
15743,15743,221
15744,15744,221
15745,15745,221
15746,15746,221
15747,15747,221
15748,15748,221
15749,15749,221
15750,15750,221
15751,15751,221
15752,15752,221
15753,15753,221
15754,15754,221
15755,15755,221
15756,15756,221
15757,15757,221
15758,15758,221
15759,15759,221
15760,15760,221
15761,15761,221
15762,15762,221
15763,15763,221
15764,15764,221
15765,15765,221
15766,15766,221
15767,15767,221
15768,15768,221
15769,15769,221
15770,15770,221
15771,15771,221
15772,15772,221
15773,15773,221
15774,15774,221
15775,15775,221
15776,15776,221
15777,15777,221
15778,15778,221
15779,15779,221
15780,15780,221
15781,15781,222
15782,15782,222
15783,15783,222
15784,15784,222
15785,15785,222
15786,15786,222
15787,15787,222
15788,15788,222
15789,15789,223
15790,15790,223
15791,15791,223
15792,15792,223
15793,15793,223
15794,15794,223
15795,15795,223
15796,15796,223
15797,15797,223
15798,15798,223
15799,15799,223
15800,15800,223
15801,15801,223
15802,15802,223
15803,15803,223
15804,15804,223
15805,15805,223
15806,15806,223
15807,15807,223
15808,15808,223
15809,15809,223
15810,15810,223
15811,15811,223
15812,15812,223
15813,15813,223
15814,15814,223
15815,15815,223
15816,15816,223
15817,15817,223
15818,15818,223
15819,15819,223
15820,15820,223
15821,15821,223
15822,15822,223
15823,15823,223
15824,15824,223
15825,15825,223
15826,15826,224
15827,15827,224
15828,15828,224
15829,15829,224
15830,15830,224
15831,15831,224
15832,15832,224
15833,15833,224
15834,15834,224
15835,15835,225
15836,15836,225
15837,15837,225
15838,15838,225
15839,15839,225
15840,15840,225
15841,15841,225
15842,15842,225
15843,15843,225
15844,15844,225
15845,15845,225
15846,15846,225
15847,15847,225
15848,15848,225
15849,15849,224
15850,15850,224
15851,15851,224
15852,15852,224
15853,15853,224
15854,15854,224
15855,15855,224
15856,15856,224
15857,15857,224
15858,15858,224
15859,15859,224
15860,15860,224
15861,15861,224
15862,15862,224
15863,15863,225
15864,15864,225
15865,15865,225
15866,15866,225
15867,15867,225
15868,15868,225
15869,15869,225
15870,15870,225
15871,15871,225
15872,15872,225
15873,15873,226
15874,15874,226
15875,15875,226
15876,15876,226
15877,15877,226
15878,15878,226
15879,15879,226
15880,15880,226
15881,15881,226
15882,15882,226
15883,15883,226
15884,15884,226
15885,15885,226
15886,15886,226
15887,15887,226
15888,15888,226
15889,15889,226
15890,15890,225
15891,15891,225
15892,15892,225
15893,15893,225
15894,15894,225
15895,15895,225
15896,15896,225
15897,15897,225
15898,15898,225
15899,15899,225
15900,15900,225
15901,15901,225
15902,15902,226
15903,15903,226
15904,15904,225
15905,15905,225
15906,15906,225
15907,15907,225
15908,15908,225
15909,15909,225
15910,15910,225
15911,15911,225
15912,15912,225
15913,15913,225
15914,15914,225
15915,15915,225
15916,15916,225
15917,15917,226
15918,15918,226
15919,15919,226
15920,15920,226
15921,15921,226
15922,15922,226
15923,15923,226
15924,15924,226
15925,15925,226
15926,15926,226
15927,15927,226
15928,15928,226
15929,15929,226
15930,15930,226
15931,15931,225
15932,15932,225
15933,15933,225
15934,15934,225
15935,15935,225
15936,15936,225
15937,15937,225
15938,15938,225
15939,15939,225
15940,15940,225
15941,15941,225
15942,15942,225
15943,15943,225
15944,15944,225
15945,15945,225
15946,15946,225
15947,15947,225
15948,15948,226
15949,15949,226
15950,15950,226
15951,15951,226
15952,15952,226
15953,15953,226
15954,15954,226
15955,15955,226
15956,15956,226
15957,15957,226
15958,15958,226
15959,15959,226
15960,15960,226
15961,15961,225
15962,15962,225
15963,15963,225
15964,15964,225
15965,15965,225
15966,15966,225
15967,15967,225
15968,15968,225
15969,15969,225
15970,15970,225
15971,15971,225
15972,15972,225
15973,15973,225
15974,15974,225
15975,15975,225
15976,15976,225
15977,15977,225
15978,15978,225
15979,15979,225
15980,15980,224
15981,15981,224
15982,15982,224
15983,15983,224
15984,15984,224
15985,15985,224
15986,15986,224
15987,15987,224
15988,15988,223
15989,15989,223
15990,15990,223
15991,15991,223
15992,15992,223
15993,15993,223
15994,15994,223
15995,15995,223
15996,15996,223
15997,15997,222
15998,15998,222
15999,15999,222
16000,16000,222
16001,16001,222
16002,16002,222
16003,16003,222
16004,16004,222
16005,16005,222
16006,16006,222
16007,16007,222
16008,16008,222
16009,16009,222
16010,16010,222
16011,16011,222
16012,16012,222
16013,16013,222
16014,16014,222
16015,16015,222
16016,16016,222
16017,16017,222
16018,16018,222
16019,16019,222
16020,16020,222
16021,16021,222
16022,16022,222
16023,16023,222
16024,16024,222
16025,16025,222
16026,16026,222
16027,16027,222
16028,16028,222
16029,16029,222
16030,16030,222
16031,16031,222
16032,16032,222
16033,16033,222
16034,16034,222
16035,16035,222
16036,16036,222
16037,16037,222
16038,16038,222
16039,16039,222
16040,16040,222
16041,16041,222
16042,16042,222
16043,16043,223
16044,16044,222
16045,16045,222
16046,16046,222
16047,16047,222
16048,16048,222
16049,16049,222
16050,16050,222
16051,16051,222
16052,16052,222
16053,16053,222
16054,16054,222
16055,16055,222
16056,16056,222
16057,16057,222
16058,16058,222
16059,16059,222
16060,16060,222
16061,16061,221
16062,16062,221
16063,16063,221
16064,16064,221
16065,16065,221
16066,16066,221
16067,16067,221
16068,16068,221
16069,16069,220
16070,16070,220
16071,16071,220
16072,16072,220
16073,16073,220
16074,16074,220
16075,16075,220
16076,16076,220
16077,16077,219
16078,16078,219
16079,16079,219
16080,16080,219
16081,16081,219
16082,16082,219
16083,16083,219
16084,16084,218
16085,16085,218
16086,16086,218
16087,16087,218
16088,16088,218
16089,16089,218
16090,16090,218
16091,16091,218
16092,16092,218
16093,16093,217
16094,16094,217
16095,16095,217
16096,16096,217
16097,16097,217
16098,16098,217
16099,16099,216
16100,16100,216
16101,16101,216
16102,16102,216
16103,16103,216
16104,16104,216
16105,16105,216
16106,16106,216
16107,16107,216
16108,16108,215
16109,16109,215
16110,16110,215
16111,16111,215
16112,16112,215
16113,16113,215
16114,16114,214
16115,16115,214
16116,16116,214
16117,16117,214
16118,16118,214
16119,16119,214
16120,16120,214
16121,16121,214
16122,16122,214
16123,16123,214
16124,16124,214
16125,16125,214
16126,16126,214
16127,16127,214
16128,16128,214
16129,16129,214
16130,16130,214
16131,16131,214
16132,16132,214
16133,16133,214
16134,16134,214
16135,16135,214
16136,16136,214
16137,16137,214
16138,16138,214
16139,16139,213
16140,16140,213
16141,16141,213
16142,16142,213
16143,16143,213
16144,16144,213
16145,16145,213
16146,16146,212
16147,16147,212
16148,16148,212
16149,16149,212
16150,16150,212
16151,16151,212
16152,16152,212
16153,16153,212
16154,16154,211
16155,16155,211
16156,16156,211
16157,16157,211
16158,16158,211
16159,16159,211
16160,16160,211
16161,16161,210
16162,16162,210
16163,16163,210
16164,16164,210
16165,16165,210
16166,16166,210
16167,16167,210
16168,16168,209
16169,16169,208
16170,16170,208
16171,16171,208
16172,16172,208
16173,16173,207
16174,16174,207
16175,16175,207
16176,16176,207
16177,16177,207
16178,16178,207
16179,16179,207
16180,16180,206
16181,16181,206
16182,16182,206
16183,16183,206
16184,16184,206
16185,16185,206
16186,16186,206
16187,16187,205
16188,16188,204
16189,16189,204
16190,16190,204
16191,16191,204
16192,16192,204
16193,16193,204
16194,16194,203
16195,16195,203
16196,16196,203
16197,16197,203
16198,16198,203
16199,16199,203
16200,16200,202
16201,16201,202
16202,16202,202
16203,16203,202
16204,16204,202
16205,16205,202
16206,16206,202
16207,16207,202
16208,16208,202
16209,16209,202
16210,16210,202
16211,16211,202
16212,16212,202
16213,16213,202
16214,16214,202
16215,16215,202
16216,16216,201
16217,16217,201
16218,16218,201
16219,16219,201
16220,16220,201
16221,16221,201
16222,16222,201
16223,16223,200
16224,16224,200
16225,16225,200
16226,16226,200
16227,16227,200
16228,16228,200
16229,16229,199
16230,16230,199
16231,16231,199
16232,16232,199
16233,16233,199
16234,16234,199
16235,16235,198
16236,16236,197
16237,16237,197
16238,16238,197
16239,16239,197
16240,16240,197
16241,16241,196
16242,16242,196
16243,16243,196
16244,16244,196
16245,16245,196
16246,16246,196
16247,16247,196
16248,16248,195
16249,16249,195
16250,16250,195
16251,16251,195
16252,16252,195
16253,16253,194
16254,16254,193
16255,16255,193
16256,16256,193
16257,16257,193
16258,16258,193
16259,16259,192
16260,16260,192
16261,16261,192
16262,16262,192
16263,16263,192
16264,16264,192
16265,16265,191
16266,16266,190
16267,16267,190
16268,16268,190
16269,16269,190
16270,16270,190
16271,16271,190
16272,16272,189
16273,16273,188
16274,16274,188
16275,16275,188
16276,16276,188
16277,16277,187
16278,16278,187
16279,16279,187
16280,16280,187
16281,16281,187
16282,16282,186
16283,16283,185
16284,16284,185
16285,16285,185
16286,16286,185
16287,16287,185
16288,16288,185
16289,16289,185
16290,16290,185
16291,16291,185
16292,16292,184
16293,16293,183
16294,16294,182
16295,16295,182
16296,16296,181
16297,16297,180
16298,16298,179
16299,16299,178
16300,16300,178
16301,16301,177
16302,16302,176
16303,16303,175
16304,16304,175
16305,16305,174
16306,16306,173
16307,16307,172
16308,16308,171
16309,16309,170
16310,16310,170
16311,16311,169
16312,16312,168
16313,16313,167
16314,16314,166
16315,16315,166
16316,16316,165
16317,16317,164
16318,16318,163
16319,16319,162
16320,16320,162
16321,16321,161
16322,16322,160
16323,16323,159
16324,16324,158
16325,16325,157
16326,16326,157
16327,16327,156
16328,16328,155
16329,16329,154
16330,16330,153
16331,16331,153
16332,16332,152
16333,16333,151
16334,16334,150
16335,16335,149
16336,16336,149
16337,16337,148
16338,16338,147
16339,16339,146
16340,16340,145
16341,16341,144
16342,16342,144
16343,16343,143
16344,16344,142
16345,16345,141
16346,16346,140
16347,16347,140
16348,16348,139
16349,16349,138
16350,16350,137
16351,16351,136
16352,16352,136
16353,16353,135
16354,16354,134
16355,16355,133
16356,16356,132
16357,16357,131
16358,16358,131
16359,16359,130
16360,16360,129
16361,16361,128
16362,16362,127
16363,16363,127
16364,16364,126
16365,16365,125
16366,16366,124
16367,16367,123
16368,16368,123
16369,16369,122
16370,16370,121
16371,16371,120
16372,16372,119
16373,16373,119
16374,16374,118
16375,16375,117
16376,16376,116
16377,16377,115
16378,16378,115
16379,16379,114
16380,16380,113
16381,16381,112
16382,16382,112
16383,16383,111
16384,16384,110
16385,16385,109
16386,16386,108
16387,16387,108
16388,16388,107
16389,16389,106
16390,16390,105
16391,16391,105
16392,16392,104
16393,16393,103
16394,16394,102
16395,16395,102
16396,16396,101
16397,16397,100
16398,16398,99
16399,16399,98
16400,16400,98
16401,16401,97
16402,16402,96
16403,16403,95
16404,16404,95
16405,16405,94
16406,16406,93
16407,16407,93
16408,16408,92
16409,16409,91
16410,16410,90
16411,16411,90
16412,16412,89
16413,16413,88
16414,16414,87
16415,16415,87
16416,16416,86
16417,16417,85
16418,16418,84
16419,16419,84
16420,16420,83
16421,16421,82
16422,16422,82
16423,16423,81
16424,16424,80
16425,16425,79
16426,16426,79
16427,16427,78
16428,16428,77
16429,16429,77
16430,16430,76
16431,16431,75
16432,16432,74
16433,16433,74
16434,16434,73
16435,16435,72
16436,16436,72
16437,16437,71
16438,16438,70
16439,16439,69
16440,16440,69
16441,16441,68
16442,16442,67
16443,16443,67
16444,16444,66
16445,16445,65
16446,16446,65
16447,16447,64
16448,16448,63
16449,16449,63
16450,16450,62
16451,16451,61
16452,16452,60
16453,16453,60
16454,16454,59
16455,16455,58
16456,16456,58
16457,16457,57
16458,16458,56
16459,16459,56
16460,16460,55
16461,16461,54
16462,16462,54
16463,16463,54
16464,16464,54
16465,16465,54
16466,16466,54
16467,16467,54
16468,16468,54
16469,16469,54
16470,16470,54
16471,16471,54
16472,16472,54
16473,16473,55
16474,16474,55
16475,16475,55
16476,16476,56
16477,16477,56
16478,16478,57
16479,16479,57
16480,16480,57
16481,16481,57
16482,16482,58
16483,16483,58
16484,16484,58
16485,16485,59
16486,16486,59
16487,16487,59
16488,16488,59
16489,16489,60
16490,16490,60
16491,16491,60
16492,16492,61
16493,16493,61
16494,16494,61
16495,16495,62
16496,16496,62
16497,16497,62
16498,16498,62
16499,16499,62
16500,16500,62
16501,16501,62
16502,16502,62
16503,16503,62
16504,16504,62
16505,16505,62
16506,16506,62
16507,16507,62
16508,16508,63
16509,16509,63
16510,16510,63
16511,16511,63
16512,16512,64
16513,16513,64
16514,16514,64
16515,16515,65
16516,16516,65
16517,16517,65
16518,16518,66
16519,16519,66
16520,16520,66
16521,16521,66
16522,16522,67
16523,16523,67
16524,16524,67
16525,16525,67
16526,16526,68
16527,16527,68
16528,16528,68
16529,16529,68
16530,16530,68
16531,16531,68
16532,16532,68
16533,16533,68
16534,16534,68
16535,16535,68
16536,16536,68
16537,16537,68
16538,16538,68
16539,16539,68
16540,16540,69
16541,16541,69
16542,16542,69
16543,16543,69
16544,16544,70
16545,16545,70
16546,16546,70
16547,16547,70
16548,16548,71
16549,16549,71
16550,16550,71
16551,16551,71
16552,16552,71
16553,16553,72
16554,16554,72
16555,16555,72
16556,16556,72
16557,16557,73
16558,16558,73
16559,16559,73
16560,16560,73
16561,16561,74
16562,16562,74
16563,16563,74
16564,16564,74
16565,16565,75
16566,16566,75
16567,16567,75
16568,16568,75
16569,16569,76
16570,16570,76
16571,16571,76
16572,16572,76
16573,16573,76
16574,16574,77
16575,16575,77
16576,16576,77
16577,16577,77
16578,16578,77
16579,16579,78
16580,16580,78
16581,16581,78
16582,16582,78
16583,16583,78
16584,16584,78
16585,16585,78
16586,16586,78
16587,16587,78
16588,16588,78
16589,16589,78
16590,16590,78
16591,16591,78
16592,16592,78
16593,16593,78
16594,16594,79
16595,16595,79
16596,16596,79
16597,16597,79
16598,16598,80
16599,16599,80
16600,16600,80
16601,16601,80
16602,16602,80
16603,16603,81
16604,16604,81
16605,16605,81
16606,16606,81
16607,16607,81
16608,16608,82
16609,16609,82
16610,16610,82
16611,16611,82
16612,16612,82
16613,16613,83
16614,16614,83
16615,16615,83
16616,16616,83
16617,16617,83
16618,16618,84
16619,16619,84
16620,16620,84
16621,16621,84
16622,16622,84
16623,16623,84
16624,16624,85
16625,16625,85
16626,16626,85
16627,16627,85
16628,16628,86
16629,16629,86
16630,16630,86
16631,16631,86
16632,16632,86
16633,16633,86
16634,16634,87
16635,16635,87
16636,16636,87
16637,16637,87
16638,16638,87
16639,16639,87
16640,16640,88
16641,16641,88
16642,16642,88
16643,16643,88
16644,16644,88
16645,16645,89
16646,16646,89
16647,16647,89
16648,16648,89
16649,16649,89
16650,16650,89
16651,16651,89
16652,16652,89
16653,16653,89
16654,16654,89
16655,16655,89
16656,16656,89
16657,16657,89
16658,16658,89
16659,16659,89
16660,16660,89
16661,16661,89
16662,16662,90
16663,16663,90
16664,16664,90
16665,16665,90
16666,16666,90
16667,16667,90
16668,16668,91
16669,16669,91
16670,16670,91
16671,16671,91
16672,16672,91
16673,16673,91
16674,16674,91
16675,16675,92
16676,16676,92
16677,16677,92
16678,16678,92
16679,16679,92
16680,16680,92
16681,16681,93
16682,16682,93
16683,16683,93
16684,16684,93
16685,16685,93
16686,16686,94
16687,16687,94
16688,16688,94
16689,16689,94
16690,16690,94
16691,16691,94
16692,16692,95
16693,16693,95
16694,16694,95
16695,16695,95
16696,16696,95
16697,16697,95
16698,16698,95
16699,16699,96
16700,16700,96
16701,16701,96
16702,16702,96
16703,16703,96
16704,16704,96
16705,16705,96
16706,16706,97
16707,16707,96
16708,16708,96
16709,16709,96
16710,16710,96
16711,16711,96
16712,16712,96
16713,16713,96
16714,16714,96
16715,16715,96
16716,16716,96
16717,16717,96
16718,16718,97
16719,16719,97
16720,16720,97
16721,16721,97
16722,16722,97
16723,16723,97
16724,16724,97
16725,16725,97
16726,16726,97
16727,16727,97
16728,16728,97
16729,16729,97
16730,16730,97
16731,16731,97
16732,16732,97
16733,16733,97
16734,16734,97
16735,16735,97
16736,16736,97
16737,16737,97
16738,16738,98
16739,16739,98
16740,16740,98
16741,16741,98
16742,16742,98
16743,16743,98
16744,16744,99
16745,16745,99
16746,16746,99
16747,16747,99
16748,16748,99
16749,16749,99
16750,16750,99
16751,16751,100
16752,16752,99
16753,16753,99
16754,16754,99
16755,16755,99
16756,16756,99
16757,16757,99
16758,16758,99
16759,16759,99
16760,16760,99
16761,16761,99
16762,16762,99
16763,16763,99
16764,16764,100
16765,16765,100
16766,16766,100
16767,16767,100
16768,16768,100
16769,16769,100
16770,16770,100
16771,16771,100
16772,16772,101
16773,16773,101
16774,16774,101
16775,16775,101
16776,16776,101
16777,16777,101
16778,16778,101
16779,16779,102
16780,16780,102
16781,16781,101
16782,16782,101
16783,16783,101
16784,16784,101
16785,16785,101
16786,16786,101
16787,16787,101
16788,16788,101
16789,16789,101
16790,16790,101
16791,16791,101
16792,16792,101
16793,16793,102
16794,16794,102
16795,16795,102
16796,16796,102
16797,16797,102
16798,16798,102
16799,16799,102
16800,16800,102
16801,16801,102
16802,16802,102
16803,16803,102
16804,16804,102
16805,16805,102
16806,16806,102
16807,16807,102
16808,16808,102
16809,16809,102
16810,16810,102
16811,16811,102
16812,16812,102
16813,16813,102
16814,16814,102
16815,16815,102
16816,16816,102
16817,16817,102
16818,16818,102
16819,16819,102
16820,16820,102
16821,16821,102
16822,16822,102
16823,16823,102
16824,16824,102
16825,16825,102
16826,16826,102
16827,16827,103
16828,16828,103
16829,16829,103
16830,16830,103
16831,16831,103
16832,16832,103
16833,16833,103
16834,16834,103
16835,16835,103
16836,16836,104
16837,16837,104
16838,16838,104
16839,16839,104
16840,16840,104
16841,16841,104
16842,16842,104
16843,16843,104
16844,16844,104
16845,16845,104
16846,16846,104
16847,16847,104
16848,16848,104
16849,16849,104
16850,16850,104
16851,16851,104
16852,16852,104
16853,16853,104
16854,16854,104
16855,16855,104
16856,16856,104
16857,16857,104
16858,16858,105
16859,16859,105
16860,16860,105
16861,16861,105
16862,16862,105
16863,16863,105
16864,16864,105
16865,16865,105
16866,16866,105
16867,16867,106
16868,16868,106
16869,16869,106
16870,16870,106
16871,16871,106
16872,16872,106
16873,16873,106
16874,16874,106
16875,16875,106
16876,16876,107
16877,16877,107
16878,16878,107
16879,16879,107
16880,16880,107
16881,16881,107
16882,16882,107
16883,16883,107
16884,16884,107
16885,16885,108
16886,16886,107
16887,16887,107
16888,16888,107
16889,16889,107
16890,16890,107
16891,16891,107
16892,16892,107
16893,16893,107
16894,16894,107
16895,16895,107
16896,16896,107
16897,16897,107
16898,16898,107
16899,16899,107
16900,16900,108
16901,16901,108
16902,16902,108
16903,16903,108
16904,16904,108
16905,16905,108
16906,16906,108
16907,16907,108
16908,16908,108
16909,16909,108
16910,16910,108
16911,16911,108
16912,16912,108
16913,16913,108
16914,16914,108
16915,16915,108
16916,16916,108
16917,16917,108
16918,16918,108
16919,16919,108
16920,16920,108
16921,16921,108
16922,16922,108
16923,16923,108
16924,16924,108
16925,16925,108
16926,16926,108
16927,16927,108
16928,16928,108
16929,16929,108
16930,16930,108
16931,16931,108
16932,16932,108
16933,16933,108
16934,16934,108
16935,16935,108
16936,16936,108
16937,16937,108
16938,16938,108
16939,16939,108
16940,16940,108
16941,16941,108
16942,16942,108
16943,16943,108
16944,16944,108
16945,16945,108
16946,16946,108
16947,16947,108
16948,16948,108
16949,16949,108
16950,16950,108
16951,16951,108
16952,16952,108
16953,16953,108
16954,16954,108
16955,16955,108
16956,16956,108
16957,16957,108
16958,16958,108
16959,16959,108
16960,16960,108
16961,16961,108
16962,16962,108
16963,16963,108
16964,16964,108
16965,16965,108
16966,16966,108
16967,16967,108
16968,16968,108
16969,16969,109
16970,16970,109
16971,16971,108
16972,16972,108
16973,16973,108
16974,16974,108
16975,16975,108
16976,16976,108
16977,16977,108
16978,16978,108
16979,16979,108
16980,16980,108
16981,16981,108
16982,16982,108
16983,16983,108
16984,16984,108
16985,16985,108
16986,16986,108
16987,16987,108
16988,16988,108
16989,16989,108
16990,16990,108
16991,16991,108
16992,16992,108
16993,16993,108
16994,16994,108
16995,16995,108
16996,16996,108
16997,16997,108
16998,16998,108
16999,16999,108
17000,17000,108
17001,17001,108
17002,17002,108
17003,17003,108
17004,17004,108
17005,17005,108
17006,17006,108
17007,17007,108
17008,17008,108
17009,17009,108
17010,17010,108
17011,17011,108
17012,17012,108
17013,17013,108
17014,17014,108
17015,17015,108
17016,17016,108
17017,17017,107
17018,17018,107
17019,17019,107
17020,17020,107
17021,17021,107
17022,17022,107
17023,17023,107
17024,17024,107
17025,17025,107
17026,17026,107
17027,17027,107
17028,17028,107
17029,17029,107
17030,17030,107
17031,17031,107
17032,17032,107
17033,17033,107
17034,17034,107
17035,17035,107
17036,17036,107
17037,17037,107
17038,17038,107
17039,17039,107
17040,17040,107
17041,17041,106
17042,17042,106
17043,17043,106
17044,17044,106
17045,17045,106
17046,17046,106
17047,17047,106
17048,17048,106
17049,17049,106
17050,17050,106
17051,17051,106
17052,17052,106
17053,17053,106
17054,17054,106
17055,17055,106
17056,17056,106
17057,17057,106
17058,17058,107
17059,17059,107
17060,17060,107
17061,17061,107
17062,17062,107
17063,17063,107
17064,17064,107
17065,17065,107
17066,17066,107
17067,17067,107
17068,17068,107
17069,17069,107
17070,17070,107
17071,17071,107
17072,17072,107
17073,17073,107
17074,17074,107
17075,17075,106
17076,17076,106
17077,17077,106
17078,17078,106
17079,17079,106
17080,17080,106
17081,17081,106
17082,17082,106
17083,17083,106
17084,17084,106
17085,17085,106
17086,17086,106
17087,17087,106
17088,17088,106
17089,17089,106
17090,17090,106
17091,17091,106
17092,17092,106
17093,17093,106
17094,17094,106
17095,17095,106
17096,17096,106
17097,17097,106
17098,17098,106
17099,17099,106
17100,17100,106
17101,17101,106
17102,17102,106
17103,17103,106
17104,17104,106
17105,17105,106
17106,17106,106
17107,17107,105
17108,17108,105
17109,17109,105
17110,17110,105
17111,17111,105
17112,17112,105
17113,17113,105
17114,17114,105
17115,17115,105
17116,17116,105
17117,17117,105
17118,17118,104
17119,17119,104
17120,17120,104
17121,17121,104
17122,17122,104
17123,17123,104
17124,17124,104
17125,17125,104
17126,17126,104
17127,17127,104
17128,17128,104
17129,17129,104
17130,17130,104
17131,17131,104
17132,17132,104
17133,17133,104
17134,17134,104
17135,17135,104
17136,17136,104
17137,17137,104
17138,17138,104
17139,17139,104
17140,17140,104
17141,17141,103
17142,17142,103
17143,17143,103
17144,17144,103
17145,17145,103
17146,17146,103
17147,17147,102
17148,17148,102
17149,17149,102
17150,17150,102
17151,17151,102
17152,17152,102
17153,17153,102
17154,17154,102
17155,17155,102
17156,17156,102
17157,17157,102
17158,17158,102
17159,17159,102
17160,17160,102
17161,17161,102
17162,17162,102
17163,17163,102
17164,17164,102
17165,17165,102
17166,17166,102
17167,17167,102
17168,17168,102
17169,17169,101
17170,17170,101
17171,17171,101
17172,17172,101
17173,17173,101
17174,17174,101
17175,17175,100
17176,17176,100
17177,17177,100
17178,17178,100
17179,17179,100
17180,17180,100
17181,17181,100
17182,17182,100
17183,17183,100
17184,17184,100
17185,17185,100
17186,17186,100
17187,17187,99
17188,17188,99
17189,17189,99
17190,17190,99
17191,17191,99
17192,17192,99
17193,17193,99
17194,17194,99
17195,17195,99
17196,17196,99
17197,17197,99
17198,17198,99
17199,17199,99
17200,17200,99
17201,17201,100
17202,17202,100
17203,17203,99
17204,17204,99
17205,17205,99
17206,17206,99
17207,17207,99
17208,17208,99
17209,17209,99
17210,17210,99
17211,17211,99
17212,17212,99
17213,17213,99
17214,17214,99
17215,17215,99
17216,17216,99
17217,17217,99
17218,17218,99
17219,17219,99
17220,17220,99
17221,17221,99
17222,17222,99
17223,17223,98
17224,17224,98
17225,17225,98
17226,17226,98
17227,17227,98
17228,17228,98
17229,17229,97
17230,17230,97
17231,17231,97
17232,17232,97
17233,17233,97
17234,17234,97
17235,17235,97
17236,17236,97
17237,17237,97
17238,17238,97
17239,17239,97
17240,17240,97
17241,17241,97
17242,17242,97
17243,17243,96
17244,17244,96
17245,17245,96
17246,17246,96
17247,17247,96
17248,17248,95
17249,17249,95
17250,17250,95
17251,17251,95
17252,17252,95
17253,17253,95
17254,17254,95
17255,17255,95
17256,17256,94
17257,17257,94
17258,17258,94
17259,17259,94
17260,17260,94
17261,17261,93
17262,17262,93
17263,17263,93
17264,17264,93
17265,17265,93
17266,17266,93
17267,17267,92
17268,17268,92
17269,17269,92
17270,17270,92
17271,17271,92
17272,17272,92
17273,17273,91
17274,17274,90
17275,17275,90
17276,17276,90
17277,17277,90
17278,17278,90
17279,17279,90
17280,17280,89
17281,17281,89
17282,17282,89
17283,17283,89
17284,17284,89
17285,17285,89
17286,17286,88
17287,17287,88
17288,17288,88
17289,17289,88
17290,17290,88
17291,17291,87
17292,17292,86
17293,17293,86
17294,17294,86
17295,17295,86
17296,17296,86
17297,17297,86
17298,17298,85
17299,17299,85
17300,17300,85
17301,17301,85
17302,17302,85
17303,17303,85
17304,17304,85
17305,17305,85
17306,17306,84
17307,17307,83
17308,17308,83
17309,17309,82
17310,17310,82
17311,17311,81
17312,17312,80
17313,17313,80
17314,17314,79
17315,17315,78
17316,17316,78
17317,17317,77
17318,17318,77
17319,17319,76
17320,17320,75
17321,17321,75
17322,17322,74
17323,17323,73
17324,17324,73
17325,17325,72
17326,17326,71
17327,17327,71
17328,17328,70
17329,17329,69
17330,17330,68
17331,17331,68
17332,17332,67
17333,17333,66
17334,17334,66
17335,17335,65
17336,17336,64
17337,17337,63
17338,17338,63
17339,17339,62
17340,17340,61
17341,17341,60
17342,17342,60
17343,17343,59
17344,17344,58
17345,17345,57
17346,17346,56
17347,17347,56
17348,17348,55
17349,17349,54
17350,17350,53
17351,17351,52
17352,17352,51
17353,17353,51
17354,17354,50
17355,17355,49
17356,17356,48
17357,17357,47
17358,17358,46
17359,17359,46
17360,17360,45
17361,17361,44
17362,17362,43
17363,17363,42
17364,17364,41
17365,17365,41
17366,17366,40
17367,17367,39
17368,17368,38
17369,17369,37
17370,17370,36
17371,17371,36
17372,17372,35
17373,17373,34
17374,17374,33
17375,17375,32
17376,17376,31
17377,17377,31
17378,17378,30
17379,17379,29
17380,17380,28
17381,17381,27
17382,17382,26
17383,17383,26
17384,17384,25
17385,17385,24
17386,17386,23
17387,17387,22
17388,17388,21
17389,17389,21
17390,17390,20
17391,17391,19
17392,17392,18
17393,17393,17
17394,17394,16
17395,17395,16
17396,17396,15
17397,17397,14
17398,17398,13
17399,17399,12
17400,17400,11
17401,17401,11
17402,17402,10
17403,17403,9
17404,17404,8
17405,17405,7
17406,17406,7
17407,17407,6
17408,17408,5
17409,17409,4
17410,17410,3
17411,17411,3
17412,17412,2
17413,17413,1
17414,17414,0
17415,17415,0
17416,17416,0
17417,17417,0
17418,17418,0
17419,17419,0
17420,17420,0
17421,17421,0
17422,17422,0
17423,17423,0
17424,17424,0
17425,17425,0
17426,17426,0
17427,17427,0
17428,17428,0
17429,17429,0
17430,17430,0
17431,17431,0
17432,17432,0
17433,17433,0
17434,17434,0
17435,17435,0
17436,17436,0
17437,17437,0
17438,17438,0
17439,17439,0
17440,17440,0
17441,17441,0
17442,17442,0
17443,17443,0
17444,17444,0
17445,17445,0
17446,17446,0
17447,17447,0
17448,17448,0
17449,17449,0
17450,17450,0
17451,17451,0
17452,17452,0
17453,17453,0
17454,17454,0
17455,17455,0
17456,17456,0
17457,17457,0
17458,17458,0
17459,17459,0
17460,17460,0
17461,17461,0
17462,17462,0
17463,17463,0
17464,17464,0
17465,17465,0
17466,17466,0
17467,17467,0
17468,17468,0
17469,17469,0
17470,17470,0
17471,17471,0
17472,17472,0
17473,17473,0
17474,17474,0
17475,17475,0
17476,17476,0
17477,17477,0
17478,17478,0
17479,17479,0
17480,17480,0
17481,17481,0
17482,17482,0
17483,17483,0
17484,17484,0
17485,17485,0
17486,17486,0
17487,17487,0
17488,17488,0
17489,17489,0
17490,17490,0
17491,17491,0
17492,17492,0
17493,17493,0
17494,17494,0
17495,17495,0
17496,17496,0
17497,17497,0
17498,17498,0
17499,17499,0
17500,17500,0
17501,17501,0
17502,17502,0
17503,17503,0
17504,17504,0
17505,17505,0
17506,17506,0
17507,17507,0
17508,17508,0
17509,17509,0
17510,17510,0
17511,17511,0
17512,17512,0
17513,17513,0
17514,17514,0
17515,17515,0
17516,17516,0
17517,17517,0
17518,17518,0
17519,17519,0
17520,17520,0
17521,17521,0
17522,17522,0
17523,17523,0
17524,17524,0
17525,17525,0
17526,17526,0
17527,17527,0
17528,17528,0
17529,17529,0
17530,17530,0
17531,17531,0
17532,17532,0
17533,17533,0
17534,17534,0
17535,17535,0
17536,17536,0
17537,17537,0
17538,17538,0
17539,17539,0
17540,17540,0
17541,17541,0
17542,17542,0
17543,17543,0
17544,17544,0
17545,17545,0
17546,17546,0
17547,17547,0
17548,17548,0
17549,17549,0
17550,17550,0
17551,17551,0
17552,17552,0
17553,17553,0
17554,17554,0
17555,17555,0
17556,17556,0
17557,17557,0
17558,17558,0
17559,17559,0
17560,17560,0
17561,17561,0
17562,17562,0
17563,17563,0
17564,17564,0
17565,17565,0
17566,17566,0
17567,17567,0
17568,17568,0
17569,17569,0
17570,17570,0
17571,17571,0
17572,17572,0
17573,17573,0
17574,17574,0
17575,17575,0
17576,17576,0
17577,17577,0
17578,17578,0
17579,17579,0
17580,17580,0
17581,17581,0
17582,17582,0
17583,17583,0
17584,17584,0
17585,17585,0
17586,17586,0
17587,17587,0
17588,17588,0
17589,17589,0
17590,17590,0
17591,17591,0
17592,17592,0
17593,17593,0
17594,17594,0
17595,17595,0
17596,17596,0
17597,17597,0
17598,17598,0
17599,17599,0
17600,17600,0
17601,17601,0
17602,17602,0
17603,17603,0
17604,17604,0
17605,17605,0
17606,17606,0
17607,17607,0
17608,17608,0
17609,17609,0
17610,17610,0
17611,17611,0
17612,17612,0
17613,17613,0
17614,17614,0
17615,17615,0
17616,17616,0
17617,17617,0
17618,17618,0
17619,17619,0
17620,17620,0
17621,17621,0
17622,17622,0
17623,17623,0
17624,17624,0
17625,17625,0
17626,17626,0
17627,17627,0
17628,17628,0
17629,17629,0
17630,17630,0
17631,17631,0
17632,17632,0
17633,17633,0
17634,17634,0
17635,17635,0
17636,17636,0
17637,17637,0
17638,17638,0
17639,17639,0
17640,17640,0
17641,17641,0
17642,17642,0
17643,17643,0
17644,17644,0
17645,17645,0
17646,17646,0
17647,17647,0
17648,17648,0
17649,17649,0
17650,17650,0
17651,17651,0
17652,17652,0
17653,17653,0
17654,17654,0
17655,17655,0
17656,17656,0
17657,17657,0
17658,17658,0
17659,17659,0
17660,17660,0
17661,17661,0
17662,17662,0
17663,17663,0
17664,17664,0
17665,17665,0
17666,17666,0
17667,17667,0
17668,17668,0
17669,17669,0
17670,17670,0
17671,17671,0
17672,17672,0
17673,17673,0
17674,17674,0
17675,17675,0
17676,17676,0
17677,17677,0
17678,17678,0
17679,17679,0
17680,17680,0
17681,17681,0
17682,17682,0
17683,17683,0
17684,17684,0
17685,17685,0
17686,17686,0
17687,17687,0
17688,17688,0
17689,17689,0
17690,17690,0
17691,17691,0
17692,17692,0
17693,17693,0
17694,17694,0
17695,17695,0
17696,17696,0
17697,17697,0
17698,17698,0
17699,17699,0
17700,17700,0
17701,17701,0
17702,17702,0
17703,17703,0
17704,17704,0
17705,17705,0
17706,17706,0
17707,17707,0
17708,17708,0
17709,17709,0
17710,17710,0
17711,17711,0
17712,17712,0
17713,17713,0
17714,17714,0
17715,17715,0
17716,17716,0
17717,17717,0
17718,17718,0
17719,17719,0
17720,17720,0
17721,17721,0
17722,17722,0
17723,17723,0
17724,17724,0
17725,17725,0
17726,17726,0
17727,17727,0
17728,17728,0
17729,17729,0
17730,17730,0
17731,17731,0
17732,17732,0
17733,17733,0
17734,17734,0
17735,17735,0
17736,17736,0
17737,17737,0
17738,17738,0
17739,17739,0
17740,17740,0
17741,17741,0
17742,17742,0
17743,17743,0
17744,17744,0
17745,17745,0
17746,17746,0
17747,17747,0
17748,17748,0
17749,17749,0
17750,17750,0
17751,17751,0
17752,17752,0
17753,17753,0
17754,17754,0
17755,17755,0
17756,17756,0
17757,17757,0
17758,17758,0
17759,17759,0
17760,17760,0
17761,17761,0
17762,17762,0
17763,17763,0
17764,17764,0
17765,17765,0
17766,17766,0
17767,17767,0
17768,17768,0
17769,17769,0
17770,17770,0
17771,17771,0
17772,17772,0
17773,17773,0
17774,17774,0
17775,17775,0
17776,17776,0
17777,17777,0
17778,17778,0
17779,17779,0
17780,17780,0
17781,17781,0
17782,17782,0
17783,17783,0
17784,17784,0
17785,17785,0
17786,17786,0
17787,17787,0
17788,17788,0
17789,17789,0
17790,17790,0
17791,17791,0
17792,17792,0
17793,17793,0
17794,17794,0
17795,17795,0
17796,17796,0
17797,17797,0
17798,17798,0
17799,17799,0
17800,17800,0
17801,17801,0
17802,17802,0
17803,17803,0
17804,17804,0
17805,17805,0
17806,17806,0
17807,17807,0
17808,17808,0
17809,17809,0
17810,17810,0
17811,17811,0
17812,17812,0
17813,17813,0
17814,17814,0
17815,17815,0
17816,17816,0
17817,17817,0
17818,17818,0
17819,17819,0
17820,17820,0
17821,17821,0
17822,17822,0
17823,17823,0
17824,17824,0
17825,17825,0
17826,17826,0
17827,17827,0
17828,17828,0
17829,17829,0
17830,17830,0
17831,17831,0
17832,17832,0
17833,17833,0
17834,17834,0
17835,17835,0
17836,17836,0
17837,17837,0
17838,17838,0
17839,17839,0
17840,17840,0
17841,17841,0
17842,17842,0
17843,17843,0
17844,17844,0
17845,17845,0
17846,17846,0
17847,17847,0
17848,17848,0
17849,17849,0
17850,17850,0
17851,17851,0
17852,17852,0
17853,17853,0
17854,17854,0
17855,17855,0
17856,17856,0
17857,17857,0
17858,17858,0
17859,17859,0
17860,17860,0
17861,17861,0
17862,17862,0
17863,17863,0
17864,17864,0
17865,17865,0
17866,17866,0
17867,17867,0
17868,17868,0
17869,17869,0
17870,17870,0
17871,17871,0
17872,17872,0
17873,17873,0
17874,17874,0
17875,17875,0
17876,17876,0
17877,17877,0
17878,17878,0
17879,17879,0
17880,17880,0
17881,17881,0
17882,17882,0
17883,17883,0
17884,17884,0
17885,17885,0
17886,17886,0
17887,17887,0
17888,17888,0
17889,17889,0
17890,17890,0
17891,17891,0
17892,17892,0
17893,17893,0
17894,17894,0
17895,17895,0
17896,17896,0
17897,17897,0
17898,17898,0
17899,17899,0
17900,17900,0
17901,17901,0
17902,17902,0
17903,17903,0
17904,17904,0
17905,17905,0
17906,17906,0
17907,17907,0
17908,17908,0
17909,17909,0
17910,17910,0
17911,17911,0
17912,17912,0
17913,17913,0
17914,17914,0
17915,17915,0
17916,17916,0
17917,17917,0
17918,17918,0
17919,17919,0
17920,17920,0
17921,17921,0
17922,17922,0
17923,17923,0
17924,17924,0
17925,17925,0
17926,17926,0
17927,17927,0
17928,17928,0
17929,17929,0
17930,17930,0
17931,17931,0
17932,17932,0
17933,17933,0
17934,17934,0
17935,17935,0
17936,17936,0
17937,17937,0
17938,17938,0
17939,17939,0
17940,17940,0
17941,17941,0
17942,17942,0
17943,17943,0
17944,17944,0
17945,17945,0
17946,17946,0
17947,17947,0
17948,17948,0
17949,17949,0
17950,17950,0
17951,17951,0
17952,17952,0
17953,17953,0
17954,17954,0
17955,17955,0
17956,17956,0
17957,17957,0
17958,17958,0
17959,17959,0
17960,17960,0
17961,17961,0
17962,17962,0
17963,17963,0
17964,17964,0
17965,17965,0
17966,17966,0
17967,17967,0
17968,17968,0
17969,17969,0
17970,17970,0
17971,17971,0
17972,17972,0
17973,17973,0
17974,17974,0
17975,17975,0
17976,17976,0
17977,17977,0
17978,17978,0
17979,17979,0
17980,17980,0
17981,17981,0
17982,17982,0
17983,17983,0
17984,17984,0
17985,17985,0
17986,17986,0
17987,17987,0
17988,17988,0
17989,17989,0
17990,17990,0
17991,17991,0
17992,17992,0
17993,17993,0
17994,17994,0
17995,17995,0
17996,17996,0
17997,17997,0
17998,17998,0
17999,17999,0
18000,18000,0
18001,18001,0
18002,18002,0
18003,18003,0
18004,18004,0
18005,18005,0
18006,18006,0
18007,18007,0
18008,18008,0
18009,18009,0
18010,18010,0
18011,18011,0
18012,18012,0
18013,18013,0
18014,18014,0
18015,18015,0
18016,18016,0
18017,18017,0
18018,18018,0
18019,18019,0
18020,18020,0
18021,18021,0
18022,18022,0
18023,18023,0
18024,18024,0
18025,18025,0
18026,18026,0
18027,18027,0
18028,18028,0
18029,18029,0
18030,18030,0
18031,18031,0
18032,18032,0
18033,18033,0
18034,18034,0
18035,18035,0
18036,18036,0
18037,18037,0
18038,18038,0
18039,18039,0
18040,18040,0
18041,18041,0
18042,18042,0
18043,18043,0
18044,18044,0
18045,18045,0
18046,18046,0
18047,18047,0
18048,18048,0
18049,18049,0
18050,18050,0
18051,18051,0
18052,18052,0
18053,18053,0
18054,18054,0
18055,18055,0
18056,18056,0
18057,18057,0
18058,18058,0
18059,18059,0
18060,18060,0
18061,18061,0
18062,18062,0
18063,18063,0
18064,18064,0
18065,18065,0
18066,18066,0
18067,18067,0
18068,18068,0
18069,18069,0
18070,18070,0
18071,18071,0
18072,18072,0
18073,18073,0
18074,18074,0
18075,18075,0
18076,18076,0
18077,18077,0
18078,18078,0
18079,18079,0
18080,18080,0
18081,18081,0
18082,18082,0
18083,18083,0
18084,18084,0
18085,18085,0
18086,18086,0
18087,18087,0
18088,18088,0
18089,18089,0
18090,18090,0
18091,18091,0
18092,18092,0
18093,18093,0
18094,18094,0
18095,18095,0
18096,18096,0
18097,18097,0
18098,18098,0
18099,18099,0
18100,18100,0
18101,18101,0
18102,18102,0
18103,18103,0
18104,18104,0
18105,18105,0
18106,18106,0
18107,18107,0
18108,18108,0
18109,18109,0
18110,18110,0
18111,18111,0
18112,18112,0
18113,18113,0
18114,18114,0
18115,18115,0
18116,18116,0
18117,18117,0
18118,18118,0
18119,18119,0
18120,18120,0
18121,18121,0
18122,18122,0
18123,18123,0
18124,18124,0
18125,18125,0
18126,18126,0
18127,18127,0
18128,18128,0
18129,18129,0
18130,18130,0
18131,18131,0
18132,18132,0
18133,18133,0
18134,18134,0
18135,18135,0
18136,18136,0
18137,18137,0
18138,18138,0
18139,18139,0
18140,18140,0
18141,18141,0
18142,18142,0
18143,18143,0
18144,18144,0
18145,18145,0
18146,18146,0
18147,18147,0
18148,18148,0
18149,18149,0
18150,18150,0
18151,18151,0
18152,18152,0
18153,18153,0
18154,18154,0
18155,18155,0
18156,18156,0
18157,18157,0
18158,18158,0
18159,18159,0
18160,18160,0
18161,18161,0
18162,18162,0
18163,18163,0
18164,18164,0
18165,18165,0
18166,18166,0
18167,18167,0
18168,18168,0
18169,18169,0
18170,18170,0
18171,18171,0
18172,18172,0
18173,18173,0
18174,18174,0
18175,18175,0
18176,18176,0
18177,18177,0
18178,18178,0
18179,18179,0
18180,18180,0
18181,18181,0
18182,18182,0
18183,18183,0
18184,18184,0
18185,18185,0
18186,18186,0
18187,18187,0
18188,18188,0
18189,18189,0
18190,18190,0
18191,18191,0
18192,18192,0
18193,18193,0
18194,18194,0
18195,18195,0
18196,18196,0
18197,18197,0
18198,18198,0
18199,18199,0
18200,18200,0
18201,18201,0
18202,18202,0
18203,18203,0
18204,18204,0
18205,18205,0
18206,18206,0
18207,18207,0
18208,18208,0
18209,18209,0
18210,18210,0
18211,18211,0
18212,18212,0
18213,18213,0
18214,18214,0
18215,18215,0
18216,18216,0
18217,18217,0
18218,18218,0
18219,18219,0
18220,18220,0
18221,18221,0
18222,18222,0
18223,18223,0
18224,18224,0
18225,18225,0
18226,18226,0
18227,18227,0
18228,18228,0
18229,18229,0
18230,18230,0
18231,18231,0
18232,18232,0
18233,18233,0
18234,18234,0
18235,18235,0
18236,18236,0
18237,18237,0
18238,18238,0
18239,18239,0
18240,18240,0
18241,18241,0
18242,18242,0
18243,18243,0
18244,18244,0
18245,18245,0
18246,18246,0
18247,18247,0
18248,18248,0
18249,18249,0
18250,18250,0
18251,18251,0
18252,18252,0
18253,18253,0
18254,18254,0
18255,18255,0
18256,18256,0
18257,18257,0
18258,18258,0
18259,18259,0
18260,18260,0
18261,18261,0
18262,18262,0
18263,18263,0
18264,18264,0
18265,18265,0
18266,18266,0
18267,18267,0
18268,18268,0
18269,18269,0
18270,18270,0
18271,18271,0
18272,18272,0
18273,18273,0
18274,18274,0
18275,18275,0
18276,18276,0
18277,18277,0
18278,18278,0
18279,18279,0
18280,18280,0
18281,18281,0
18282,18282,0
18283,18283,0
18284,18284,0
18285,18285,0
18286,18286,0
18287,18287,0
18288,18288,0
18289,18289,0
18290,18290,0
18291,18291,0
18292,18292,0
18293,18293,0
18294,18294,0
18295,18295,0
18296,18296,0
18297,18297,0
18298,18298,0
18299,18299,0
18300,18300,0
18301,18301,0
18302,18302,0
18303,18303,0
18304,18304,0
18305,18305,0
18306,18306,0
18307,18307,0
18308,18308,0
18309,18309,0
18310,18310,0
18311,18311,0
18312,18312,0
18313,18313,0
18314,18314,0
18315,18315,0
18316,18316,0
18317,18317,0
18318,18318,0
18319,18319,0
18320,18320,0
18321,18321,0
18322,18322,0
18323,18323,0
18324,18324,0
18325,18325,0
18326,18326,0
18327,18327,0
18328,18328,0
18329,18329,0
18330,18330,0
18331,18331,0
18332,18332,0
18333,18333,0
18334,18334,0
18335,18335,0
18336,18336,0
18337,18337,0
18338,18338,0
18339,18339,0
18340,18340,0
18341,18341,0
18342,18342,0
18343,18343,0
18344,18344,0
18345,18345,0
18346,18346,0
18347,18347,0
18348,18348,0
18349,18349,0
18350,18350,0
18351,18351,0
18352,18352,0
18353,18353,0
18354,18354,0
18355,18355,0
18356,18356,0
18357,18357,0
18358,18358,0
18359,18359,0
18360,18360,0
18361,18361,0
18362,18362,0
18363,18363,0
18364,18364,0
18365,18365,0
18366,18366,0
18367,18367,0
18368,18368,0
18369,18369,0
18370,18370,0
18371,18371,0
18372,18372,0
18373,18373,0
18374,18374,0
18375,18375,0
18376,18376,0
18377,18377,0
18378,18378,0
18379,18379,0
18380,18380,0
18381,18381,0
18382,18382,0
18383,18383,0
18384,18384,0
18385,18385,0
18386,18386,0
18387,18387,0
18388,18388,0
18389,18389,0
18390,18390,0
18391,18391,0
18392,18392,0
18393,18393,0
18394,18394,0
18395,18395,0
18396,18396,0
18397,18397,0
18398,18398,0
18399,18399,0
18400,18400,0
18401,18401,0
18402,18402,0
18403,18403,0
18404,18404,0
18405,18405,0
18406,18406,0
18407,18407,0
18408,18408,0
18409,18409,0
18410,18410,0
18411,18411,0
18412,18412,0
18413,18413,0
18414,18414,0
