batch_id,timestamp,forward_mode,batch_size,num_tokens,token_usage,batch_num_tokens,gpu_num_reqs,gen_throughput,num_queue_reqs,num_retracted_reqs,pre_decode_batch_size,pre_decode_batch_num_tokens,pre_decode_batch_num_tokens_after_one_decode,pre_decode_num_tokens,pre_decode_token_usage,num_retracted_queue_reqs,num_total_queue_reqs,num_prev_completed_reqs,num_new_seqs,num_new_tokens,num_cached_tokens,cache_hit_rate
3,1778309392.6133702,decode,154,770308,0.9985002560064293,770154,154,0.0,39846,0,154,770000,770154,770154,0.9983006358033093,0,39846,0,0,0,0,0.0
4,1778309392.663825,decode,154,400240,0.5188051304984672,770308,154,0.0,39846,0,154,770154,770308,770308,0.9985002560064293,0,39846,0,0,0,0,0.0
5,1778309392.860615,decode,154,770240,0.9984121120206361,770462,154,0.0,39846,0,154,770308,770462,770462,0.9986998762095494,0,39846,74,74,0,0,0.0
7,1778309392.9481142,decode,154,770548,0.9988113524268761,770394,154,0.0,39772,0,154,770240,770394,770394,0.9986117322237561,0,39772,0,0,0,0,0.0
8,1778309392.994828,decode,154,570582,0.7396084073807626,770548,154,0.0,39772,0,154,770394,770548,770548,0.9988113524268761,0,39772,0,0,0,0,0.0
9,1778309393.0900638,decode,154,770582,0.9988554244197728,770702,154,0.0,39772,0,154,770548,770702,770702,0.9990109726299962,0,39772,40,40,0,0,0.0
11,1778309393.1766691,decode,154,770890,0.9992546648260129,770736,154,0.0,39732,0,154,770582,770736,770736,0.9990550446228929,0,39732,0,0,0,0,0.0
12,1778309393.2181735,decode,154,680990,0.8827231306669777,770890,154,0.0,39732,0,154,770736,770890,770890,0.9992546648260129,0,39732,0,0,0,0,0.0
13,1778309393.27733,decode,154,770990,0.9993842883345323,771044,154,0.0,39732,0,154,770890,771044,771044,0.9994542850291329,0,39732,18,18,0,0,0.0
15,1778309393.3679872,decode,154,370418,0.4801488077877804,771144,154,0.0,39714,0,154,770990,771144,771144,0.9995839085376524,0,39714,0,0,0,0,0.0
16,1778309393.5618112,decode,154,730402,0.9467726986966356,771298,154,0.0,39714,0,154,771144,771298,771298,0.9997835287407725,0,39714,80,80,0,0,0.0
19,1778309393.6907756,decode,154,770710,0.9990213425106778,770556,154,0.0,39626,0,154,770402,770556,770556,0.9988217223075577,0,39626,8,0,0,0,0.0
20,1778309393.7364135,decode,154,370352,0.4800632562721575,770710,154,0.0,39626,0,154,770556,770710,770710,0.9990213425106778,0,39626,0,0,0,0,0.0
21,1778309393.928355,decode,154,770352,0.9985572903501779,770864,154,0.0,39626,0,154,770710,770864,770864,0.9992209627137978,0,39626,80,80,0,0,0.0
23,1778309394.0136838,decode,154,770660,0.998956530756418,770506,154,0.0,39546,0,154,770352,770506,770506,0.998756910553298,0,39546,0,0,0,0,0.0
24,1778309394.0584989,decode,154,460452,0.5968540374482316,770660,154,0.0,39546,0,154,770506,770660,770660,0.998956530756418,0,39546,0,0,0,0,0.0
25,1778309394.201847,decode,154,770452,0.9986869138586975,770814,154,0.0,39546,0,154,770660,770814,770814,0.999156150959538,0,39546,62,62,0,0,0.0
27,1778309394.2860782,decode,154,770760,0.9990861542649375,770606,154,0.0,39484,0,154,770452,770606,770606,0.9988865340618175,0,39484,0,0,0,0,0.0
28,1778309394.32948,decode,154,575717,0.7462645745432391,770760,154,0.0,39484,0,154,770606,770760,770760,0.9990861542649375,0,39484,0,0,0,0,0.0
29,1778309394.419556,decode,154,770717,0.9990304161562741,770914,154,0.0,39484,0,154,770760,770914,770914,0.9992857744680576,0,39484,39,39,0,0,0.0
31,1778309394.5088549,decode,154,560563,0.7266214280621933,770871,154,0.0,39445,0,154,770717,770871,770871,0.9992300363593941,0,39445,0,0,0,0,0.0
32,1778309394.6095884,decode,154,680527,0.8821229738225325,771025,154,0.0,39445,0,154,770871,771025,771025,0.9994296565625141,0,39445,42,42,0,0,0.0
35,1778309394.756376,decode,154,770835,0.9991833718963271,770681,154,0.0,39385,0,154,770527,770681,770681,0.9989837516932071,0,39385,18,0,0,0,0.0
36,1778309394.8014274,decode,154,410453,0.5320435794235643,770835,154,0.0,39385,0,154,770681,770835,770835,0.9991833718963271,0,39385,0,0,0,0,0.0
37,1778309394.969191,decode,154,770453,0.9986882100937826,770989,154,0.0,39385,0,154,770835,770989,770989,0.9993829920994471,0,39385,72,72,0,0,0.0
39,1778309395.0515518,decode,154,770761,0.9990874505000227,770607,154,0.0,39313,0,154,770453,770607,770607,0.9988878302969026,0,39313,0,0,0,0,0.0
40,1778309395.097085,decode,154,395426,0.5125650547983382,770761,154,0.0,39313,0,154,770607,770761,770761,0.9990874505000227,0,39313,0,0,0,0,0.0
41,1778309395.2739797,decode,154,770426,0.9986532117464824,770915,154,0.0,39313,0,154,770761,770915,770915,0.9992870707031427,0,39313,75,75,0,0,0.0
43,1778309395.3637812,decode,154,770734,0.9990524521527224,770580,154,0.0,39238,0,154,770426,770580,770580,0.9988528319496024,0,39238,0,0,0,0,0.0
44,1778309395.4122539,decode,154,460534,0.5969603287252176,770734,154,0.0,39238,0,154,770580,770734,770734,0.9990524521527224,0,39238,0,0,0,0,0.0
45,1778309395.5565598,decode,154,770534,0.9987932051356834,770888,154,0.0,39238,0,154,770734,770888,770888,0.9992520723558425,0,39238,62,62,0,0,0.0
47,1778309395.6488907,decode,154,630534,0.8173202932083763,770688,154,0.0,39176,0,154,770534,770688,770688,0.9989928253388034,0,39176,0,0,0,0,0.0
48,1778309395.727255,decode,154,645484,0.8366990077320423,770842,154,0.0,39176,0,154,770688,770842,770842,0.9991924455419234,0,39176,28,28,0,0,0.0
51,1778309395.8883355,decode,154,770792,0.9991276337876638,770638,154,0.0,39123,0,154,770484,770638,770638,0.9989280135845436,0,39123,25,0,0,0,0.0
52,1778309395.9385104,decode,154,475529,0.6163973738277174,770792,154,0.0,39123,0,154,770638,770792,770792,0.9991276337876638,0,39123,0,0,0,0,0.0
53,1778309396.0775933,decode,154,770529,0.9987867239602575,770946,154,0.0,39123,0,154,770792,770946,770946,0.9993272539907838,0,39123,59,59,0,0,0.0
55,1778309396.1687796,decode,154,770837,0.9991859643664975,770683,154,0.0,39064,0,154,770529,770683,770683,0.9989863441633775,0,39064,0,0,0,0,0.0
56,1778309396.2188256,decode,154,465536,0.6034440966213632,770837,154,0.0,39064,0,154,770683,770837,770837,0.9991859643664975,0,39064,0,0,0,0,0.0
57,1778309396.3624508,decode,154,770536,0.9987957976058538,770991,154,0.0,39064,0,154,770837,770991,770991,0.9993855845696176,0,39064,61,61,0,0,0.0
59,1778309396.4540641,decode,154,770844,0.9991950380120939,770690,154,381.0501139666526,39003,0,154,770536,770690,770690,0.9989954178089738,0,39003,0,0,0,0,0.0
60,1778309396.504278,decode,154,475525,0.6163921888873766,770844,154,381.0501139666526,39003,0,154,770690,770844,770844,0.9991950380120939,0,39003,0,0,0,0,0.0
61,1778309396.6430228,decode,154,770525,0.9987815390199166,770998,154,381.0501139666526,39003,0,154,770844,770998,770998,0.9993946582152139,0,39003,59,59,0,0,0.0
63,1778309396.7369342,decode,154,650569,0.8432903631402591,770679,154,381.0501139666526,38944,0,154,770525,770679,770679,0.9989811592230367,0,38944,0,0,0,0,0.0
64,1778309396.8082933,decode,154,635515,0.8237768401677328,770833,154,381.0501139666526,38944,0,154,770679,770833,770833,0.9991807794261567,0,38944,24,24,0,0,0.0
67,1778309396.968765,decode,154,770823,0.9991678170753048,770669,154,381.0501139666526,38893,0,154,770515,770669,770669,0.9989681968721847,0,38893,27,0,0,0,0.0
68,1778309397.0153441,decode,154,530577,0.6877525227975345,770823,154,381.0501139666526,38893,0,154,770669,770823,770823,0.9991678170753048,0,38893,0,0,0,0,0.0
69,1778309397.128285,decode,154,770577,0.9988489432443468,770977,154,381.0501139666526,38893,0,154,770823,770977,770977,0.9993674372784248,0,38893,48,48,0,0,0.0
71,1778309397.2185643,decode,154,770885,0.9992481836505869,770731,154,381.0501139666526,38845,0,154,770577,770731,770731,0.9990485634474668,0,38845,0,0,0,0,0.0
72,1778309397.2682471,decode,154,455538,0.5904843382395831,770885,154,381.0501139666526,38845,0,154,770731,770885,770885,0.9992481836505869,0,38845,0,0,0,0,0.0
73,1778309397.415851,decode,154,770538,0.9987983900760242,771039,154,381.0501139666526,38845,0,154,770885,771039,771039,0.9994478038537069,0,38845,63,63,0,0,0.0
75,1778309397.4983797,decode,154,770846,0.9991976304822643,770692,154,381.0501139666526,38782,0,154,770538,770692,770692,0.9989980102791443,0,38782,0,0,0,0,0.0
76,1778309397.5443604,decode,154,425537,0.5515959894486464,770846,154,381.0501139666526,38782,0,154,770692,770846,770846,0.9991976304822643,0,38782,0,0,0,0,0.0
77,1778309397.70427,decode,154,770537,0.998797093840939,771000,154,381.0501139666526,38782,0,154,770846,771000,771000,0.9993972506853843,0,38782,69,69,0,0,0.0
79,1778309397.7907648,decode,154,595460,0.771856143830245,770691,154,381.0501139666526,38713,0,154,770537,770691,770691,0.998996714044059,0,38713,0,0,0,0,0.0
80,1778309397.8775861,decode,154,555374,0.7198952642051163,770845,154,381.0501139666526,38713,0,154,770691,770845,770845,0.999196334247179,0,38713,35,35,0,0,0.0
83,1778309398.0729134,decode,154,770682,0.9989850479282922,770528,154,381.0501139666526,38635,0,154,770374,770528,770528,0.9987854277251722,0,38635,43,0,0,0,0.0
84,1778309398.1225667,decode,154,455455,0.590376750727512,770682,154,381.0501139666526,38635,0,154,770528,770682,770682,0.9989850479282922,0,38635,0,0,0,0,0.0
85,1778309398.2694073,decode,154,770455,0.998690802563953,770836,154,381.0501139666526,38635,0,154,770682,770836,770836,0.9991846681314123,0,38635,63,63,0,0,0.0
87,1778309398.3545477,decode,154,770763,0.9990900429701931,770609,154,381.0501139666526,38572,0,154,770455,770609,770609,0.9988904227670731,0,38572,0,0,0,0,0.0
88,1778309398.4026911,decode,154,445514,0.5774908777455879,770763,154,381.0501139666526,38572,0,154,770609,770763,770763,0.9990900429701931,0,38572,0,0,0,0,0.0
89,1778309398.5548933,decode,154,770514,0.9987672804339796,770917,154,381.0501139666526,38572,0,154,770763,770917,770917,0.9992896631733131,0,38572,65,65,0,0,0.0
91,1778309398.646438,decode,154,770822,0.9991665208402196,770668,154,381.0501139666526,38507,0,154,770514,770668,770668,0.9989669006370996,0,38507,0,0,0,0,0.0
92,1778309398.6956532,decode,154,475591,0.6164777404029995,770822,154,381.0501139666526,38507,0,154,770668,770822,770822,0.9991665208402196,0,38507,0,0,0,0,0.0
93,1778309398.834141,decode,154,770591,0.9988670905355396,770976,154,381.0501139666526,38507,0,154,770822,770976,770976,0.9993661410433397,0,38507,59,59,0,0,0.0
95,1778309398.9271688,decode,154,575470,0.745944404477196,770745,154,381.0501139666526,38448,0,154,770591,770745,770745,0.9990667107386596,0,38448,0,0,0,0,0.0
96,1778309399.0241606,decode,154,625412,0.8106809771020073,770899,154,381.0501139666526,38448,0,154,770745,770899,770899,0.9992663309417796,0,38448,39,39,0,0,0.0
99,1778309399.19111,decode,154,770720,0.9990343048615297,770566,154,381.0501139666526,38380,0,154,770412,770566,770566,0.9988346846584096,0,38380,29,0,0,0,0.0
100,1778309399.2399585,decode,154,480508,0.6228513283169036,770720,154,381.0501139666526,38380,0,154,770566,770720,770720,0.9990343048615297,0,38380,0,0,0,0,0.0
101,1778309399.3736928,decode,154,770508,0.9987595030234684,770874,154,381.0501139666526,38380,0,154,770720,770874,770874,0.9992339250646497,0,38380,58,58,0,0,0.0
103,1778309399.459061,decode,154,770816,0.9991587434297085,770662,154,381.0501139666526,38322,0,154,770508,770662,770662,0.9989591232265884,0,38322,0,0,0,0,0.0
104,1778309399.5077252,decode,154,440516,0.5710122947897831,770816,154,381.0501139666526,38322,0,154,770662,770816,770816,0.9991587434297085,0,38322,0,0,0,0,0.0
105,1778309399.6613579,decode,154,770516,0.9987698729041499,770970,154,381.0501139666526,38322,0,154,770816,770970,770970,0.9993583636328285,0,38322,66,66,0,0,0.0
107,1778309399.7445135,decode,154,770824,0.9991691133103899,770670,154,381.0501139666526,38256,0,154,770516,770670,770670,0.9989694931072699,0,38256,0,0,0,0,0.0
108,1778309399.7929335,decode,154,410522,0.5321330196444427,770824,154,381.0501139666526,38256,0,154,770670,770824,770824,0.9991691133103899,0,38256,0,0,0,0,0.0
109,1778309399.9631388,decode,154,770522,0.998777650314661,770978,154,381.0501139666526,38256,0,154,770824,770978,770978,0.99936873351351,0,38256,72,72,0,0,0.0
111,1778309400.0513666,decode,154,600456,0.7783321343158796,770676,154,381.0501139666526,38184,0,154,770522,770676,770676,0.9989772705177811,0,38184,0,0,0,0,0.0
112,1778309400.1375122,decode,154,570376,0.7393413829532124,770830,154,381.0501139666526,38184,0,154,770676,770830,770830,0.9991768907209011,0,38184,34,34,0,0,0.0
115,1778309400.3199198,decode,154,770684,0.9989876403984627,770530,154,381.0501139666526,38110,0,154,770376,770530,770530,0.9987880201953426,0,38110,40,0,0,0,0.0
116,1778309400.3692214,decode,154,440448,0.5709241508039898,770684,154,381.0501139666526,38110,0,154,770530,770684,770684,0.9989876403984627,0,38110,0,0,0,0,0.0
117,1778309400.524259,decode,154,770448,0.9986817289183566,770838,154,1513.4376532848376,38110,0,154,770684,770838,770838,0.9991872606015827,0,38110,66,66,0,0,0.0
119,1778309400.6138735,decode,154,770756,0.9990809693245967,770602,154,1513.4376532848376,38044,0,154,770448,770602,770602,0.9988813491214766,0,38044,0,0,0,0,0.0
120,1778309400.6628346,decode,154,470538,0.6099278645175089,770756,154,1513.4376532848376,38044,0,154,770602,770756,770756,0.9990809693245967,0,38044,0,0,0,0,0.0
121,1778309400.804244,decode,154,770538,0.9987983900760242,770910,154,1513.4376532848376,38044,0,154,770756,770910,770910,0.9992805895277167,0,38044,60,60,0,0,0.0
123,1778309400.8912675,decode,154,770846,0.9991976304822643,770692,154,1513.4376532848376,37984,0,154,770538,770692,770692,0.9989980102791443,0,37984,0,0,0,0,0.0
124,1778309400.9396749,decode,154,455555,0.5905063742360315,770846,154,1513.4376532848376,37984,0,154,770692,770846,770846,0.9991976304822643,0,37984,0,0,0,0,0.0
125,1778309401.0877128,decode,154,770555,0.9988204260724725,771000,154,1513.4376532848376,37984,0,154,770846,771000,771000,0.9993972506853843,0,37984,63,63,0,0,0.0
127,1778309401.1772697,decode,154,610511,0.7913657780975157,770709,154,1513.4376532848376,37921,0,154,770555,770709,770709,0.9990200462755925,0,37921,0,0,0,0,0.0
128,1778309401.2598073,decode,154,650463,0.8431529622212285,770863,154,1513.4376532848376,37921,0,154,770709,770863,770863,0.9992196664787126,0,37921,32,32,0,0,0.0
131,1778309401.4118035,decode,154,770771,0.9991004128508746,770617,154,1513.4376532848376,37865,0,154,770463,770617,770617,0.9989007926477546,0,37865,24,0,0,0,0.0
132,1778309401.4584513,decode,154,470505,0.6098850887596975,770771,154,1513.4376532848376,37865,0,154,770617,770771,770771,0.9991004128508746,0,37865,0,0,0,0,0.0
133,1778309401.596243,decode,154,770505,0.9987556143182128,770925,154,1513.4376532848376,37865,0,154,770771,770925,770925,0.9993000330539946,0,37865,60,60,0,0,0.0
135,1778309401.6818378,decode,154,770813,0.9991548547244529,770659,154,1513.4376532848376,37805,0,154,770505,770659,770659,0.9989552345213328,0,37805,0,0,0,0,0.0
136,1778309401.7285082,decode,154,495570,0.6423752211701114,770813,154,1513.4376532848376,37805,0,154,770659,770813,770813,0.9991548547244529,0,37805,0,0,0,0,0.0
137,1778309401.853598,decode,154,770570,0.9988398695987504,770967,154,1513.4376532848376,37805,0,154,770813,770967,770967,0.9993544749275729,0,37805,55,55,0,0,0.0
139,1778309401.936324,decode,154,770878,0.9992391100049905,770724,154,1513.4376532848376,37750,0,154,770570,770724,770724,0.9990394898018705,0,37750,0,0,0,0,0.0
140,1778309401.9814343,decode,154,435519,0.5645350080690634,770878,154,1513.4376532848376,37750,0,154,770724,770878,770878,0.9992391100049905,0,37750,0,0,0,0,0.0
141,1778309402.1354952,decode,154,770519,0.9987737616094055,771032,154,1513.4376532848376,37750,0,154,770878,771032,771032,0.9994387302081106,0,37750,67,67,0,0,0.0
143,1778309402.22231,decode,154,640541,0.8302917177059231,770673,154,1513.4376532848376,37683,0,154,770519,770673,770673,0.9989733818125255,0,37683,0,0,0,0,0.0
144,1778309402.2926226,decode,154,630485,0.8172567776892017,770827,154,1513.4376532848376,37683,0,154,770673,770827,770827,0.9991730020156455,0,37683,26,26,0,0,0.0
147,1778309402.4502192,decode,154,770793,0.9991289300227489,770639,154,1513.4376532848376,37629,0,154,770485,770639,770639,0.9989293098196289,0,37629,28,0,0,0,0.0
148,1778309402.4976263,decode,154,465492,0.6033870622776146,770793,154,1513.4376532848376,37629,0,154,770639,770793,770793,0.9991289300227489,0,37629,0,0,0,0,0.0
149,1778309402.6388717,decode,154,770492,0.9987387632621052,770947,154,1513.4376532848376,37629,0,154,770793,770947,770947,0.999328550225869,0,37629,61,61,0,0,0.0
151,1778309402.7255166,decode,154,770800,0.9991380036683453,770646,154,1513.4376532848376,37568,0,154,770492,770646,770646,0.9989383834652252,0,37568,0,0,0,0,0.0
152,1778309402.773714,decode,154,495573,0.642379109875367,770800,154,1513.4376532848376,37568,0,154,770646,770800,770800,0.9991380036683453,0,37568,0,0,0,0,0.0
153,1778309402.8998268,decode,154,770573,0.9988437583040061,770954,154,1513.4376532848376,37568,0,154,770800,770954,770954,0.9993376238714653,0,37568,55,55,0,0,0.0
155,1778309402.9846861,decode,154,770881,0.9992429987102461,770727,154,1513.4376532848376,37513,0,154,770573,770727,770727,0.9990433785071261,0,37513,0,0,0,0,0.0
156,1778309403.0324667,decode,154,445528,0.5775090250367807,770881,154,1513.4376532848376,37513,0,154,770727,770881,770881,0.9992429987102461,0,37513,0,0,0,0,0.0
157,1778309403.1833344,decode,154,770528,0.9987854277251722,771035,154,1513.4376532848376,37513,0,154,770881,771035,771035,0.9994426189133662,0,37513,65,65,0,0,0.0
159,1778309403.2722025,decode,154,635539,0.8238079498097775,770682,154,1513.4376532848376,37448,0,154,770528,770682,770682,0.9989850479282922,0,37448,0,0,0,0,0.0
160,1778309403.3458881,decode,154,590467,0.7653840420498662,770836,154,1513.4376532848376,37448,0,154,770682,770836,770836,0.9991846681314123,0,37448,27,27,0,0,0.0
163,1778309403.5211518,decode,154,770775,0.9991055977912154,770621,154,1513.4376532848376,37385,0,154,770467,770621,770621,0.9989059775880954,0,37385,36,0,0,0,0.0
164,1778309403.5706837,decode,154,435464,0.5644637151393777,770775,154,1513.4376532848376,37385,0,154,770621,770775,770775,0.9991055977912154,0,37385,0,0,0,0,0.0
165,1778309403.7289896,decode,154,770464,0.9987024686797198,770929,154,1513.4376532848376,37385,0,154,770775,770929,770929,0.9993052179943355,0,37385,67,67,0,0,0.0
167,1778309403.818336,decode,154,770772,0.9991017090859599,770618,154,1513.4376532848376,37318,0,154,770464,770618,770618,0.9989020888828398,0,37318,0,0,0,0,0.0
168,1778309403.8664377,decode,154,470514,0.6098967548754642,770772,154,1513.4376532848376,37318,0,154,770618,770772,770772,0.9991017090859599,0,37318,0,0,0,0,0.0
169,1778309404.005288,decode,154,770514,0.9987672804339796,770926,154,1513.4376532848376,37318,0,154,770772,770926,770926,0.9993013292890799,0,37318,60,60,0,0,0.0
171,1778309404.0922182,decode,154,770822,0.9991665208402196,770668,154,1513.4376532848376,37258,0,154,770514,770668,770668,0.9989669006370996,0,37258,0,0,0,0,0.0
172,1778309404.1381047,decode,154,470564,0.609961566629724,770822,154,1513.4376532848376,37258,0,154,770668,770822,770822,0.9991665208402196,0,37258,0,0,0,0,0.0
173,1778309404.2743614,decode,154,770564,0.9988320921882392,770976,154,1513.4376532848376,37258,0,154,770822,770976,770976,0.9993661410433397,0,37258,60,60,0,0,0.0
175,1778309404.3627198,decode,154,625553,0.8108637462490197,770718,154,1604.805191162806,37198,0,154,770564,770718,770718,0.9990317123913594,0,37198,0,0,0,0,0.0
176,1778309404.4402223,decode,154,625495,0.8107885646140784,770872,154,1604.805191162806,37198,0,154,770718,770872,770872,0.9992313325944794,0,37198,29,29,0,0,0.0
179,1778309404.5966723,decode,154,770803,0.9991418923736008,770649,154,1604.805191162806,37140,0,154,770495,770649,770649,0.9989422721704808,0,37140,29,0,0,0,0.0
180,1778309404.642977,decode,154,445474,0.5774390283421801,770803,154,1604.805191162806,37140,0,154,770649,770803,770803,0.9991418923736008,0,37140,0,0,0,0,0.0
181,1778309404.791553,decode,154,770474,0.9987154310305717,770957,154,1604.805191162806,37140,0,154,770803,770957,770957,0.9993415125767209,0,37140,65,65,0,0,0.0
183,1778309404.8744426,decode,154,770782,0.9991146714368118,770628,154,1604.805191162806,37075,0,154,770474,770628,770628,0.9989150512336917,0,37075,0,0,0,0,0.0
184,1778309404.9187248,decode,154,495539,0.6423350378824704,770782,154,1604.805191162806,37075,0,154,770628,770782,770782,0.9991146714368118,0,37075,0,0,0,0,0.0
185,1778309405.0444472,decode,154,770539,0.9987996863111094,770936,154,1604.805191162806,37075,0,154,770782,770936,770936,0.9993142916399318,0,37075,55,55,0,0,0.0
187,1778309405.1258006,decode,154,770847,0.9991989267173494,770693,154,1604.805191162806,37020,0,154,770539,770693,770693,0.9989993065142294,0,37020,0,0,0,0,0.0
188,1778309405.1717312,decode,154,480579,0.6229433610079524,770847,154,1604.805191162806,37020,0,154,770693,770847,770847,0.9991989267173494,0,37020,0,0,0,0,0.0
189,1778309405.3049233,decode,154,770579,0.9988515357145172,771001,154,1604.805191162806,37020,0,154,770847,771001,771001,0.9993985469204695,0,37020,58,58,0,0,0.0
191,1778309405.3927217,decode,154,625568,0.8108831897752976,770733,154,1604.805191162806,36962,0,154,770579,770733,770733,0.9990511559176373,0,36962,0,0,0,0,0.0
192,1778309405.4718406,decode,154,600500,0.7783891686596282,770887,154,1604.805191162806,36962,0,154,770733,770887,770887,0.9992507761207573,0,36962,29,29,0,0,0.0
195,1778309405.6404161,decode,154,770808,0.9991483735490269,770654,154,1604.805191162806,36899,0,154,770500,770654,770654,0.9989487533459068,0,36899,34,0,0,0,0.0
196,1778309405.6884708,decode,154,430446,0.5579592074818689,770808,154,1604.805191162806,36899,0,154,770654,770808,770808,0.9991483735490269,0,36899,0,0,0,0,0.0
197,1778309405.8475106,decode,154,770446,0.9986791364481863,770962,154,1604.805191162806,36899,0,154,770808,770962,770962,0.9993479937521469,0,36899,68,68,0,0,0.0
199,1778309405.9336736,decode,154,770754,0.9990783768544264,770600,154,1604.805191162806,36831,0,154,770446,770600,770600,0.9988787566513063,0,36831,0,0,0,0,0.0
200,1778309405.9786723,decode,154,470504,0.6098837925246122,770754,154,1604.805191162806,36831,0,154,770600,770754,770754,0.9990783768544264,0,36831,0,0,0,0,0.0
201,1778309406.1139586,decode,154,770504,0.9987543180831275,770908,154,1604.805191162806,36831,0,154,770754,770908,770908,0.9992779970575464,0,36831,60,60,0,0,0.0
203,1778309406.1920474,decode,154,770812,0.9991535584893676,770658,154,1604.805191162806,36771,0,154,770504,770658,770658,0.9989539382862476,0,36771,0,0,0,0,0.0
204,1778309406.2331822,decode,154,470594,0.6100004536822798,770812,154,1604.805191162806,36771,0,154,770658,770812,770812,0.9991535584893676,0,36771,0,0,0,0,0.0
205,1778309406.36796,decode,154,770594,0.9988709792407952,770966,154,1604.805191162806,36771,0,154,770812,770966,770966,0.9993531786924876,0,36771,60,60,0,0,0.0
207,1778309406.4552178,decode,154,600528,0.7784254632420136,770748,154,1604.805191162806,36711,0,154,770594,770748,770748,0.9990705994439152,0,36711,0,0,0,0,0.0
208,1778309406.537101,decode,154,625470,0.8107561587369485,770902,154,1604.805191162806,36711,0,154,770748,770902,770902,0.9992702196470352,0,36711,34,34,0,0,0.0
211,1778309406.6896996,decode,154,770778,0.999109486496471,770624,154,1604.805191162806,36648,0,154,770470,770624,770624,0.998909866293351,0,36648,29,0,0,0,0.0
212,1778309406.732882,decode,154,450452,0.5838916865962811,770778,154,1604.805191162806,36648,0,154,770624,770778,770778,0.999109486496471,0,36648,0,0,0,0,0.0
213,1778309406.8766446,decode,154,770452,0.9986869138586975,770932,154,1604.805191162806,36648,0,154,770778,770932,770932,0.999309106699591,0,36648,64,64,0,0,0.0
215,1778309406.9570172,decode,154,770760,0.9990861542649375,770606,154,1604.805191162806,36584,0,154,770452,770606,770606,0.9988865340618175,0,36584,0,0,0,0,0.0
216,1778309406.999666,decode,154,485551,0.6293882418515422,770760,154,1604.805191162806,36584,0,154,770606,770760,770760,0.9990861542649375,0,36584,0,0,0,0,0.0
217,1778309407.1269102,decode,154,770551,0.9988152411321317,770914,154,1604.805191162806,36584,0,154,770760,770914,770914,0.9992857744680576,0,36584,57,57,0,0,0.0
219,1778309407.2077723,decode,154,770859,0.9992144815383718,770705,154,1604.805191162806,36527,0,154,770551,770705,770705,0.9990148613352517,0,36527,0,0,0,0,0.0
220,1778309407.2522955,decode,154,465582,0.6035037234352822,770859,154,1604.805191162806,36527,0,154,770705,770859,770859,0.9992144815383718,0,36527,0,0,0,0,0.0
221,1778309407.3913474,decode,154,770582,0.9988554244197728,771013,154,1604.805191162806,36527,0,154,770859,771013,771013,0.9994141017414918,0,36527,61,61,0,0,0.0
223,1778309407.4776692,decode,154,595505,0.7719144744090788,770736,154,1604.805191162806,36466,0,154,770582,770736,770736,0.9990550446228929,0,36466,0,0,0,0,0.0
224,1778309407.5647557,decode,154,620445,0.8042425774338434,770890,154,1604.805191162806,36466,0,154,770736,770890,770890,0.9992546648260129,0,36466,35,35,0,0,0.0
227,1778309407.725899,decode,154,770753,0.9990770806193411,770599,154,1604.805191162806,36401,0,154,770445,770599,770599,0.998877460416221,0,36401,30,0,0,0,0.0
228,1778309407.7732744,decode,154,415446,0.5385156812039431,770753,154,1604.805191162806,36401,0,154,770599,770753,770753,0.9990770806193411,0,36401,0,0,0,0,0.0
229,1778309407.940895,decode,154,770446,0.9986791364481863,770907,154,1604.805191162806,36401,0,154,770753,770907,770907,0.9992767008224611,0,36401,71,71,0,0,0.0
231,1778309408.0238404,decode,154,770754,0.9990783768544264,770600,154,1604.805191162806,36330,0,154,770446,770600,770600,0.9988787566513063,0,36330,0,0,0,0,0.0
232,1778309408.0705078,decode,154,465509,0.603409098274063,770754,154,1604.805191162806,36330,0,154,770600,770754,770754,0.9990783768544264,0,36330,0,0,0,0,0.0
233,1778309408.2102635,decode,154,770509,0.9987607992585535,770908,154,1601.0245637568792,36330,0,154,770754,770908,770908,0.9992779970575464,0,36330,61,61,0,0,0.0
235,1778309408.2932303,decode,154,770817,0.9991600396647936,770663,154,1601.0245637568792,36269,0,154,770509,770663,770663,0.9989604194616736,0,36269,0,0,0,0,0.0
236,1778309408.3402197,decode,154,445528,0.5775090250367807,770817,154,1601.0245637568792,36269,0,154,770663,770817,770817,0.9991600396647936,0,36269,0,0,0,0,0.0
237,1778309408.4909406,decode,154,770528,0.9987854277251722,770971,154,1601.0245637568792,36269,0,154,770817,770971,770971,0.9993596598679136,0,36269,65,65,0,0,0.0
239,1778309408.5794501,decode,154,645561,0.8367988178336023,770682,154,1601.0245637568792,36204,0,154,770528,770682,770682,0.9989850479282922,0,36204,0,0,0,0,0.0
240,1778309408.6478508,decode,154,620501,0.8043151665986144,770836,154,1601.0245637568792,36204,0,154,770682,770836,770836,0.9991846681314123,0,36204,25,25,0,0,0.0
243,1778309408.7973228,decode,154,770809,0.999149669784112,770655,154,1601.0245637568792,36149,0,154,770501,770655,770655,0.998950049580992,0,36149,30,0,0,0,0.0
244,1778309408.8410754,decode,154,430463,0.5579812434783172,770809,154,1601.0245637568792,36149,0,154,770655,770809,770809,0.999149669784112,0,36149,0,0,0,0,0.0
245,1778309408.9970086,decode,154,770463,0.9987011724446345,770963,154,1601.0245637568792,36149,0,154,770809,770963,770963,0.999349289987232,0,36149,68,68,0,0,0.0
247,1778309409.0773835,decode,154,770771,0.9991004128508746,770617,154,1601.0245637568792,36081,0,154,770463,770617,770617,0.9989007926477546,0,36081,0,0,0,0,0.0
248,1778309409.121804,decode,154,475532,0.616401262532973,770771,154,1601.0245637568792,36081,0,154,770617,770771,770771,0.9991004128508746,0,36081,0,0,0,0,0.0
249,1778309409.2550282,decode,154,770532,0.9987906126655131,770925,154,1601.0245637568792,36081,0,154,770771,770925,770925,0.9993000330539946,0,36081,59,59,0,0,0.0
251,1778309409.3345094,decode,154,770840,0.9991898530717531,770686,154,1601.0245637568792,36022,0,154,770532,770686,770686,0.9989902328686331,0,36022,0,0,0,0,0.0
252,1778309409.3802688,decode,154,415501,0.5385869741336289,770840,154,1601.0245637568792,36022,0,154,770686,770840,770840,0.9991898530717531,0,36022,0,0,0,0,0.0
253,1778309409.5444915,decode,154,770501,0.998750429377872,770994,154,1601.0245637568792,36022,0,154,770840,770994,770994,0.9993894732748732,0,36022,71,71,0,0,0.0
255,1778309409.6260784,decode,154,650545,0.8432592534982144,770655,154,1601.0245637568792,35951,0,154,770501,770655,770655,0.998950049580992,0,35951,0,0,0,0,0.0
256,1778309409.692572,decode,154,575467,0.7459405157719404,770809,154,1601.0245637568792,35951,0,154,770655,770809,770809,0.999149669784112,0,35951,24,24,0,0,0.0
259,1778309409.8568492,decode,154,770775,0.9991055977912154,770621,154,1601.0245637568792,35888,0,154,770467,770621,770621,0.9989059775880954,0,35888,39,0,0,0,0.0
260,1778309409.9005501,decode,154,420431,0.5449774131036405,770775,154,1601.0245637568792,35888,0,154,770621,770775,770775,0.9991055977912154,0,35888,0,0,0,0,0.0
261,1778309410.062695,decode,154,770431,0.9986596929219084,770929,154,1601.0245637568792,35888,0,154,770775,770929,770929,0.9993052179943355,0,35888,70,70,0,0,0.0
263,1778309410.1450615,decode,154,770739,0.9990589333281484,770585,154,1601.0245637568792,35818,0,154,770431,770585,770585,0.9988593131250284,0,35818,0,0,0,0,0.0
264,1778309410.1914227,decode,154,485538,0.6293713907954347,770739,154,1601.0245637568792,35818,0,154,770585,770739,770739,0.9990589333281484,0,35818,0,0,0,0,0.0
265,1778309410.3204339,decode,154,770538,0.9987983900760242,770893,154,1601.0245637568792,35818,0,154,770739,770893,770893,0.9992585535312685,0,35818,57,57,0,0,0.0
267,1778309410.4012833,decode,154,770846,0.9991976304822643,770692,154,1601.0245637568792,35761,0,154,770538,770692,770692,0.9989980102791443,0,35761,0,0,0,0,0.0
268,1778309410.446567,decode,154,480570,0.6229316948921857,770846,154,1601.0245637568792,35761,0,154,770692,770846,770846,0.9991976304822643,0,35761,0,0,0,0,0.0
269,1778309410.5783937,decode,154,770570,0.9988398695987504,771000,154,1601.0245637568792,35761,0,154,770846,771000,771000,0.9993972506853843,0,35761,58,58,0,0,0.0
271,1778309410.659002,decode,154,625559,0.8108715236595309,770724,154,1601.0245637568792,35703,0,154,770570,770724,770724,0.9990394898018705,0,35703,0,0,0,0,0.0
272,1778309410.7330465,decode,154,610495,0.7913450383361527,770878,154,1601.0245637568792,35703,0,154,770724,770878,770878,0.9992391100049905,0,35703,29,29,0,0,0.0
275,1778309410.8858652,decode,154,770803,0.9991418923736008,770649,154,1601.0245637568792,35642,0,154,770495,770649,770649,0.9989422721704808,0,35642,32,0,0,0,0.0
276,1778309410.9281988,decode,154,440471,0.5709539642109493,770803,154,1601.0245637568792,35642,0,154,770649,770803,770803,0.9991418923736008,0,35642,0,0,0,0,0.0
277,1778309411.0778694,decode,154,770471,0.9987115423253161,770957,154,1601.0245637568792,35642,0,154,770803,770957,770957,0.9993415125767209,0,35642,66,66,0,0,0.0
279,1778309411.157471,decode,154,770779,0.9991107827315562,770625,154,1601.0245637568792,35576,0,154,770471,770625,770625,0.9989111625284361,0,35576,0,0,0,0,0.0
280,1778309411.2028694,decode,154,450493,0.5839448322347741,770779,154,1601.0245637568792,35576,0,154,770625,770779,770779,0.9991107827315562,0,35576,0,0,0,0,0.0
281,1778309411.352289,decode,154,770493,0.9987400594971904,770933,154,1601.0245637568792,35576,0,154,770779,770933,770933,0.9993104029346762,0,35576,64,64,0,0,0.0
283,1778309411.4355547,decode,154,770801,0.9991392999034305,770647,154,1601.0245637568792,35512,0,154,770493,770647,770647,0.9989396797003105,0,35512,0,0,0,0,0.0
284,1778309411.4805698,decode,154,500585,0.6488758401223645,770801,154,1601.0245637568792,35512,0,154,770647,770801,770801,0.9991392999034305,0,35512,0,0,0,0,0.0
285,1778309411.6027708,decode,154,770585,0.9988593131250284,770955,154,1601.0245637568792,35512,0,154,770801,770955,770955,0.9993389201065506,0,35512,54,54,0,0,0.0
287,1778309411.6855247,decode,154,615552,0.797900099161984,770739,154,1601.0245637568792,35458,0,154,770585,770739,770739,0.9990589333281484,0,35458,0,0,0,0,0.0
288,1778309411.7632048,decode,154,605486,0.7848521967944107,770893,154,1601.0245637568792,35458,0,154,770739,770893,770893,0.9992585535312685,0,35458,31,31,0,0,0.0
291,1778309411.9198925,decode,154,770794,0.9991302262578341,770640,154,1601.0245637568792,35394,0,154,770486,770640,770640,0.9989306060547141,0,35394,33,0,0,0,0.0
292,1778309411.964501,decode,154,445489,0.5774584718684581,770794,154,1640.8120368289765,35394,0,154,770640,770794,770794,0.9991302262578341,0,35394,0,0,0,0,0.0
293,1778309412.1123426,decode,154,770489,0.9987348745568496,770948,154,1640.8120368289765,35394,0,154,770794,770948,770948,0.9993298464609541,0,35394,65,65,0,0,0.0
295,1778309412.1942718,decode,154,770797,0.9991341149630897,770643,154,1640.8120368289765,35329,0,154,770489,770643,770643,0.9989344947599696,0,35329,0,0,0,0,0.0
296,1778309412.2404156,decode,154,385432,0.4996104813568989,770797,154,1640.8120368289765,35329,0,154,770643,770797,770797,0.9991341149630897,0,35329,0,0,0,0,0.0
297,1778309412.423324,decode,154,770432,0.9986609891569935,770951,154,1640.8120368289765,35329,0,154,770797,770951,770951,0.9993337351662097,0,35329,77,77,0,0,0.0
299,1778309412.5048475,decode,154,770740,0.9990602295632336,770586,154,1640.8120368289765,35252,0,154,770432,770586,770586,0.9988606093601136,0,35252,0,0,0,0,0.0
300,1778309412.551139,decode,154,455537,0.590483042004498,770740,154,1640.8120368289765,35252,0,154,770586,770740,770740,0.9990602295632336,0,35252,0,0,0,0,0.0
301,1778309412.6953046,decode,154,770537,0.998797093840939,770894,154,1640.8120368289765,35252,0,154,770740,770894,770894,0.9992598497663536,0,35252,63,63,0,0,0.0
303,1778309412.7800493,decode,154,610493,0.7913424458659822,770691,154,1640.8120368289765,35189,0,154,770537,770691,770691,0.998996714044059,0,35189,0,0,0,0,0.0
304,1778309412.8597164,decode,154,600425,0.7782919510282384,770845,154,1640.8120368289765,35189,0,154,770691,770845,770845,0.999196334247179,0,35189,32,32,0,0,0.0
307,1778309413.0178246,decode,154,770733,0.9990511559176373,770579,154,1640.8120368289765,35123,0,154,770425,770579,770579,0.9988515357145172,0,35123,34,0,0,0,0.0
308,1778309413.061849,decode,154,490527,0.6358383076354728,770733,154,1640.8120368289765,35123,0,154,770579,770733,770733,0.9990511559176373,0,35123,0,0,0,0,0.0
309,1778309413.187189,decode,154,770527,0.998784131490087,770887,154,1640.8120368289765,35123,0,154,770733,770887,770887,0.9992507761207573,0,35123,56,56,0,0,0.0
311,1778309413.2657623,decode,154,770835,0.9991833718963271,770681,154,1640.8120368289765,35067,0,154,770527,770681,770681,0.9989837516932071,0,35067,0,0,0,0,0.0
312,1778309413.3092992,decode,154,465526,0.6034311342705113,770835,154,1640.8120368289765,35067,0,154,770681,770835,770835,0.9991833718963271,0,35067,0,0,0,0,0.0
313,1778309413.4458747,decode,154,770526,0.9987828352550019,770989,154,1640.8120368289765,35067,0,154,770835,770989,770989,0.9993829920994471,0,35067,61,61,0,0,0.0
315,1778309413.5217116,decode,154,770834,0.999182075661242,770680,154,1640.8120368289765,35006,0,154,770526,770680,770680,0.9989824554581219,0,35006,0,0,0,0,0.0
316,1778309413.5635052,decode,154,480582,0.622947249713208,770834,154,1640.8120368289765,35006,0,154,770680,770834,770834,0.999182075661242,0,35006,0,0,0,0,0.0
317,1778309413.690867,decode,154,770582,0.9988554244197728,770988,154,1640.8120368289765,35006,0,154,770834,770988,770988,0.999381695864362,0,35006,58,58,0,0,0.0
319,1778309413.7715487,decode,154,600516,0.7784099084209912,770736,154,1640.8120368289765,34948,0,154,770582,770736,770736,0.9990550446228929,0,34948,0,0,0,0,0.0
320,1778309413.8526719,decode,154,590444,0.7653542286429067,770890,154,1640.8120368289765,34948,0,154,770736,770890,770890,0.9992546648260129,0,34948,34,34,0,0,0.0
323,1778309414.019845,decode,154,770752,0.9990757843842559,770598,154,1640.8120368289765,34878,0,154,770444,770598,770598,0.9988761641811359,0,34878,36,0,0,0,0.0
324,1778309414.063274,decode,154,405447,0.5255546265870779,770752,154,1640.8120368289765,34878,0,154,770598,770752,770752,0.9990757843842559,0,34878,0,0,0,0,0.0
325,1778309414.232346,decode,154,770447,0.9986804326832714,770906,154,1640.8120368289765,34878,0,154,770752,770906,770906,0.999275404587376,0,34878,73,73,0,0,0.0
327,1778309414.3091094,decode,154,770755,0.9990796730895115,770601,154,1640.8120368289765,34805,0,154,770447,770601,770601,0.9988800528863915,0,34805,0,0,0,0,0.0
328,1778309414.3519866,decode,154,430449,0.5579630961871245,770755,154,1640.8120368289765,34805,0,154,770601,770755,770755,0.9990796730895115,0,34805,0,0,0,0,0.0
329,1778309414.5059302,decode,154,770449,0.9986830251534419,770909,154,1640.8120368289765,34805,0,154,770755,770909,770909,0.9992792932926315,0,34805,68,68,0,0,0.0
331,1778309414.5870802,decode,154,770757,0.9990822655596819,770603,154,1640.8120368289765,34737,0,154,770449,770603,770603,0.9988826453565619,0,34737,0,0,0,0,0.0
332,1778309414.6327765,decode,154,465552,0.6034648363827264,770757,154,1640.8120368289765,34737,0,154,770603,770757,770757,0.9990822655596819,0,34737,0,0,0,0,0.0
333,1778309414.7716382,decode,154,770552,0.9988165373672169,770911,154,1640.8120368289765,34737,0,154,770757,770911,770911,0.999281885762802,0,34737,61,61,0,0,0.0
335,1778309414.855611,decode,154,635563,0.8238390594518222,770706,154,1640.8120368289765,34676,0,154,770552,770706,770706,0.9990161575703369,0,34676,0,0,0,0,0.0
336,1778309414.9273376,decode,154,605497,0.7848664553803478,770860,154,1640.8120368289765,34676,0,154,770706,770860,770860,0.999215777773457,0,34676,27,27,0,0,0.0
339,1778309415.082404,decode,154,770805,0.9991444848437713,770651,154,1640.8120368289765,34616,0,154,770497,770651,770651,0.9989448646406512,0,34616,33,0,0,0,0.0
340,1778309415.1256115,decode,154,410447,0.5320358020130531,770805,154,1640.8120368289765,34616,0,154,770651,770805,770805,0.9991444848437713,0,34616,0,0,0,0,0.0
341,1778309415.2922418,decode,154,770447,0.9986804326832714,770959,154,1640.8120368289765,34616,0,154,770805,770959,770959,0.9993441050468913,0,34616,72,72,0,0,0.0
343,1778309415.3691368,decode,154,770755,0.9990796730895115,770601,154,1640.8120368289765,34544,0,154,770447,770601,770601,0.9988800528863915,0,34544,0,0,0,0,0.0
344,1778309415.4105074,decode,154,475500,0.6163597830102467,770755,154,1640.8120368289765,34544,0,154,770601,770755,770755,0.9990796730895115,0,34544,0,0,0,0,0.0
345,1778309415.5408106,decode,154,770500,0.9987491331427868,770909,154,1640.8120368289765,34544,0,154,770755,770909,770909,0.9992792932926315,0,34544,59,59,0,0,0.0
347,1778309415.6172729,decode,154,770808,0.9991483735490269,770654,154,1640.8120368289765,34485,0,154,770500,770654,770654,0.9989487533459068,0,34485,0,0,0,0,0.0
348,1778309415.6590536,decode,154,480564,0.6229239174816745,770808,154,1640.8120368289765,34485,0,154,770654,770808,770808,0.9991483735490269,0,34485,0,0,0,0,0.0
349,1778309415.7878628,decode,154,770564,0.9988320921882392,770962,154,1611.1511311825911,34485,0,154,770808,770962,770962,0.9993479937521469,0,34485,58,58,0,0,0.0
351,1778309415.8683224,decode,154,645597,0.8368454822966693,770718,154,1611.1511311825911,34427,0,154,770564,770718,770718,0.9990317123913594,0,34427,0,0,0,0,0.0
352,1778309415.934843,decode,154,615535,0.7978780631655357,770872,154,1611.1511311825911,34427,0,154,770718,770872,770872,0.9992313325944794,0,34427,25,25,0,0,0.0
355,1778309416.0855625,decode,154,770843,0.9991937417770087,770689,154,1611.1511311825911,34371,0,154,770535,770689,770689,0.9989941215738887,0,34371,31,0,0,0,0.0
356,1778309416.129507,decode,154,440463,0.5709435943302678,770843,154,1611.1511311825911,34371,0,154,770689,770843,770843,0.9991937417770087,0,34371,0,0,0,0,0.0
357,1778309416.2812726,decode,154,770463,0.9987011724446345,770997,154,1611.1511311825911,34371,0,154,770843,770997,770997,0.9993933619801287,0,34371,66,66,0,0,0.0
359,1778309416.3616264,decode,154,770771,0.9991004128508746,770617,154,1611.1511311825911,34305,0,154,770463,770617,770617,0.9989007926477546,0,34305,0,0,0,0,0.0
360,1778309416.4075384,decode,154,415480,0.5385597531968398,770771,154,1611.1511311825911,34305,0,154,770617,770771,770771,0.9991004128508746,0,34305,0,0,0,0,0.0
361,1778309416.5858843,decode,154,770480,0.9987232084410829,770925,154,1611.1511311825911,34305,0,154,770771,770925,770925,0.9993000330539946,0,34305,71,71,0,0,0.0
363,1778309416.6652915,decode,154,770788,0.9991224488473229,770634,154,1611.1511311825911,34234,0,154,770480,770634,770634,0.9989228286442029,0,34234,0,0,0,0,0.0
364,1778309416.7091417,decode,154,475549,0.6164232985294213,770788,154,1611.1511311825911,34234,0,154,770634,770788,770788,0.9991224488473229,0,34234,0,0,0,0,0.0
365,1778309416.841685,decode,154,770549,0.9988126486619613,770942,154,1611.1511311825911,34234,0,154,770788,770942,770942,0.999322069050443,0,34234,59,59,0,0,0.0
367,1778309416.9240797,decode,154,610505,0.7913580006870046,770703,154,1611.1511311825911,34175,0,154,770549,770703,770703,0.9990122688650813,0,34175,0,0,0,0,0.0
368,1778309417.0024436,decode,154,630449,0.8172101132261347,770857,154,1611.1511311825911,34175,0,154,770703,770857,770857,0.9992118890682015,0,34175,32,32,0,0,0.0
371,1778309417.1461713,decode,154,770757,0.9990822655596819,770603,154,1611.1511311825911,34115,0,154,770449,770603,770603,0.9988826453565619,0,34115,28,0,0,0,0.0
372,1778309417.18759,decode,154,515566,0.6682947379336717,770757,154,1611.1511311825911,34115,0,154,770603,770757,770757,0.9990822655596819,0,34115,0,0,0,0,0.0
373,1778309417.3005102,decode,154,770566,0.9988346846584096,770911,154,1611.1511311825911,34115,0,154,770757,770911,770911,0.999281885762802,0,34115,51,51,0,0,0.0
375,1778309417.3749595,decode,154,770874,0.9992339250646497,770720,154,1611.1511311825911,34064,0,154,770566,770720,770720,0.9990343048615297,0,34064,0,0,0,0,0.0
376,1778309417.4169579,decode,154,420506,0.5450746307350302,770874,154,1611.1511311825911,34064,0,154,770720,770874,770874,0.9992339250646497,0,34064,0,0,0,0,0.0
377,1778309417.5762613,decode,154,770506,0.998756910553298,771028,154,1611.1511311825911,34064,0,154,770874,771028,771028,0.9994335452677697,0,34064,70,70,0,0,0.0
379,1778309417.649869,decode,154,770814,0.999156150959538,770660,154,1611.1511311825911,33994,0,154,770506,770660,770660,0.998956530756418,0,33994,0,0,0,0,0.0
380,1778309417.6912665,decode,154,425513,0.5515648798066017,770814,154,1611.1511311825911,33994,0,154,770660,770814,770814,0.999156150959538,0,33994,0,0,0,0,0.0
381,1778309417.8481119,decode,154,770513,0.9987659841988943,770968,154,1611.1511311825911,33994,0,154,770814,770968,770968,0.9993557711626581,0,33994,69,69,0,0,0.0
383,1778309417.924222,decode,154,605458,0.7848159022120251,770667,154,1611.1511311825911,33925,0,154,770513,770667,770667,0.9989656044020143,0,33925,0,0,0,0,0.0
384,1778309418.0023613,decode,154,615396,0.7976978864886936,770821,154,1611.1511311825911,33925,0,154,770667,770821,770821,0.9991652246051343,0,33925,33,33,0,0,0.0
387,1778309418.1468227,decode,154,770704,0.9990135651001666,770550,154,1611.1511311825911,33861,0,154,770396,770550,770550,0.9988139448970466,0,33861,31,0,0,0,0.0
388,1778309418.185707,decode,154,500536,0.64881232460319,770704,154,1611.1511311825911,33861,0,154,770550,770704,770704,0.9990135651001666,0,33861,0,0,0,0,0.0
389,1778309418.3034368,decode,154,770536,0.9987957976058538,770858,154,1611.1511311825911,33861,0,154,770704,770858,770858,0.9992131853032866,0,33861,54,54,0,0,0.0
391,1778309418.3768141,decode,154,770844,0.9991950380120939,770690,154,1611.1511311825911,33807,0,154,770536,770690,770690,0.9989954178089738,0,33807,0,0,0,0,0.0
392,1778309418.4163988,decode,154,470562,0.6099589741595536,770844,154,1611.1511311825911,33807,0,154,770690,770844,770844,0.9991950380120939,0,33807,0,0,0,0,0.0
393,1778309418.5475821,decode,154,770562,0.9988294997180689,770998,154,1611.1511311825911,33807,0,154,770844,770998,770998,0.9993946582152139,0,33807,60,60,0,0,0.0
395,1778309418.6206167,decode,154,770870,0.999228740124309,770716,154,1611.1511311825911,33747,0,154,770562,770716,770716,0.9990291199211889,0,33747,0,0,0,0,0.0
396,1778309418.6616096,decode,154,435519,0.5645350080690634,770870,154,1611.1511311825911,33747,0,154,770716,770870,770870,0.999228740124309,0,33747,0,0,0,0,0.0
397,1778309418.8119564,decode,154,770519,0.9987737616094055,771024,154,1611.1511311825911,33747,0,154,770870,771024,771024,0.999428360327429,0,33747,67,67,0,0,0.0
399,1778309418.8888469,decode,154,620497,0.8043099816582735,770673,154,1611.1511311825911,33680,0,154,770519,770673,770673,0.9989733818125255,0,33680,0,0,0,0,0.0
400,1778309418.9617453,decode,154,590425,0.7653296001762879,770827,154,1611.1511311825911,33680,0,154,770673,770827,770827,0.9991730020156455,0,33680,30,30,0,0,0.0
403,1778309419.1177323,decode,154,770733,0.9990511559176373,770579,154,1611.1511311825911,33614,0,154,770425,770579,770579,0.9988515357145172,0,33614,36,0,0,0,0.0
404,1778309419.1583416,decode,154,460493,0.5969071830867246,770733,154,1611.1511311825911,33614,0,154,770579,770733,770733,0.9990511559176373,0,33614,0,0,0,0,0.0
405,1778309419.294091,decode,154,770493,0.9987400594971904,770887,154,1611.1511311825911,33614,0,154,770733,770887,770887,0.9992507761207573,0,33614,62,62,0,0,0.0
407,1778309419.3673713,decode,154,770801,0.9991392999034305,770647,154,1611.1511311825911,33552,0,154,770493,770647,770647,0.9989396797003105,0,33552,0,0,0,0,0.0
408,1778309419.407731,decode,154,460521,0.59694347766911,770801,154,1701.7118628326816,33552,0,154,770647,770801,770801,0.9991392999034305,0,33552,0,0,0,0,0.0
409,1778309419.5444787,decode,154,770521,0.9987763540795759,770955,154,1701.7118628326816,33552,0,154,770801,770955,770955,0.9993389201065506,0,33552,62,62,0,0,0.0
411,1778309419.6178305,decode,154,770829,0.9991755944858159,770675,154,1701.7118628326816,33490,0,154,770521,770675,770675,0.9989759742826959,0,33490,0,0,0,0,0.0
412,1778309419.6584625,decode,154,445540,0.577524579857803,770829,154,1701.7118628326816,33490,0,154,770675,770829,770829,0.9991755944858159,0,33490,0,0,0,0,0.0
413,1778309419.8037899,decode,154,770540,0.9988009825461945,770983,154,1701.7118628326816,33490,0,154,770829,770983,770983,0.999375214688936,0,33490,65,65,0,0,0.0
415,1778309419.8824472,decode,154,620518,0.8043372025950627,770694,154,1701.7118628326816,33425,0,154,770540,770694,770694,0.9990006027493146,0,33425,0,0,0,0,0.0
416,1778309419.9557734,decode,154,625460,0.8107431963860966,770848,154,1701.7118628326816,33425,0,154,770694,770848,770848,0.9992002229524346,0,33425,30,30,0,0,0.0
419,1778309420.0990193,decode,154,770768,0.999096524145619,770614,154,1701.7118628326816,33366,0,154,770460,770614,770614,0.998896903942499,0,33366,29,0,0,0,0.0
420,1778309420.141656,decode,154,475497,0.6163558943049912,770768,154,1701.7118628326816,33366,0,154,770614,770768,770768,0.999096524145619,0,33366,0,0,0,0,0.0
421,1778309420.27373,decode,154,770497,0.9987452444375312,770922,154,1701.7118628326816,33366,0,154,770768,770922,770922,0.999296144348739,0,33366,59,59,0,0,0.0
423,1778309420.351476,decode,154,770805,0.9991444848437713,770651,154,1701.7118628326816,33307,0,154,770497,770651,770651,0.9989448646406512,0,33307,0,0,0,0,0.0
424,1778309420.395137,decode,154,520585,0.6748005418262656,770805,154,1701.7118628326816,33307,0,154,770651,770805,770805,0.9991444848437713,0,33307,0,0,0,0,0.0
425,1778309420.5065746,decode,154,770585,0.9988593131250284,770959,154,1701.7118628326816,33307,0,154,770805,770959,770959,0.9993441050468913,0,33307,50,50,0,0,0.0
427,1778309420.5843396,decode,154,770893,0.9992585535312685,770739,154,1701.7118628326816,33257,0,154,770585,770739,770739,0.9990589333281484,0,33257,0,0,0,0,0.0
428,1778309420.6285012,decode,154,465576,0.6034959460247711,770893,154,1701.7118628326816,33257,0,154,770739,770893,770893,0.9992585535312685,0,33257,0,0,0,0,0.0
429,1778309420.7656791,decode,154,770576,0.9988476470092617,771047,154,1701.7118628326816,33257,0,154,770893,771047,771047,0.9994581737343885,0,33257,61,61,0,0,0.0
431,1778309420.8442962,decode,154,615543,0.7978884330462173,770730,154,1701.7118628326816,33196,0,154,770576,770730,770730,0.9990472672123817,0,33196,0,0,0,0,0.0
432,1778309420.920754,decode,154,630487,0.8172593701593721,770884,154,1701.7118628326816,33196,0,154,770730,770884,770884,0.9992468874155017,0,33196,31,31,0,0,0.0
435,1778309421.0631073,decode,154,770795,0.9991315224929194,770641,154,1701.7118628326816,33137,0,154,770487,770641,770641,0.9989319022897992,0,33137,28,0,0,0,0.0
436,1778309421.1056948,decode,154,435452,0.5644481603183553,770795,154,1701.7118628326816,33137,0,154,770641,770795,770795,0.9991315224929194,0,33137,0,0,0,0,0.0
437,1778309421.2574039,decode,154,770452,0.9986869138586975,770949,154,1701.7118628326816,33137,0,154,770795,770949,770949,0.9993311426960394,0,33137,67,67,0,0,0.0
439,1778309421.3312812,decode,154,770760,0.9990861542649375,770606,154,1701.7118628326816,33070,0,154,770452,770606,770606,0.9988865340618175,0,33070,0,0,0,0,0.0
440,1778309421.3720841,decode,154,495549,0.6423480002333223,770760,154,1701.7118628326816,33070,0,154,770606,770760,770760,0.9990861542649375,0,33070,0,0,0,0,0.0
441,1778309421.491554,decode,154,770549,0.9988126486619613,770914,154,1701.7118628326816,33070,0,154,770760,770914,770914,0.9992857744680576,0,33070,55,55,0,0,0.0
443,1778309421.5643852,decode,154,770857,0.9992118890682015,770703,154,1701.7118628326816,33015,0,154,770549,770703,770703,0.9990122688650813,0,33015,0,0,0,0,0.0
444,1778309421.6053715,decode,154,435546,0.5645700064163637,770857,154,1701.7118628326816,33015,0,154,770703,770857,770857,0.9992118890682015,0,33015,0,0,0,0,0.0
445,1778309421.755754,decode,154,770546,0.9988087599567057,771011,154,1701.7118628326816,33015,0,154,770857,771011,771011,0.9994115092713215,0,33015,67,67,0,0,0.0
447,1778309421.8324142,decode,154,625535,0.8108404140174862,770700,154,1701.7118628326816,32948,0,154,770546,770700,770700,0.9990083801598257,0,32948,0,0,0,0,0.0
448,1778309421.904501,decode,154,595465,0.771862625005671,770854,154,1701.7118628326816,32948,0,154,770700,770854,770854,0.9992080003629458,0,32948,29,29,0,0,0.0
451,1778309422.053319,decode,154,770773,0.999103005321045,770619,154,1701.7118628326816,32884,0,154,770465,770619,770619,0.998903385117925,0,32884,35,0,0,0,0.0
452,1778309422.0945096,decode,154,425424,0.5514495148840194,770773,154,1701.7118628326816,32884,0,154,770619,770773,770773,0.999103005321045,0,32884,0,0,0,0,0.0
453,1778309422.2495089,decode,154,770424,0.9986506192763119,770927,154,1701.7118628326816,32884,0,154,770773,770927,770927,0.999302625524165,0,32884,69,69,0,0,0.0
455,1778309422.3211997,decode,154,770732,0.999049859682552,770578,154,1701.7118628326816,32815,0,154,770424,770578,770578,0.998850239479432,0,32815,0,0,0,0,0.0
456,1778309422.3611066,decode,154,470538,0.6099278645175089,770732,154,1701.7118628326816,32815,0,154,770578,770732,770732,0.999049859682552,0,32815,0,0,0,0,0.0
457,1778309422.4921265,decode,154,770538,0.9987983900760242,770886,154,1701.7118628326816,32815,0,154,770732,770886,770886,0.999249479885672,0,32815,60,60,0,0,0.0
459,1778309422.5639226,decode,154,770846,0.9991976304822643,770692,154,1701.7118628326816,32755,0,154,770538,770692,770692,0.9989980102791443,0,32755,0,0,0,0,0.0
460,1778309422.6038587,decode,154,435543,0.5645661177111081,770846,154,1701.7118628326816,32755,0,154,770692,770846,770846,0.9991976304822643,0,32755,0,0,0,0,0.0
461,1778309422.7530997,decode,154,770543,0.9988048712514501,771000,154,1701.7118628326816,32755,0,154,770846,771000,771000,0.9993972506853843,0,32755,67,67,0,0,0.0
463,1778309422.8277953,decode,154,610499,0.7913502232764934,770697,154,1701.7118628326816,32688,0,154,770543,770697,770697,0.9990044914545702,0,32688,0,0,0,0,0.0
464,1778309422.9037504,decode,154,585425,0.7588484247503127,770851,154,1701.7118628326816,32688,0,154,770697,770851,770851,0.9992041116576902,0,32688,32,32,0,0,0.0
467,1778309423.0577505,decode,154,770733,0.9990511559176373,770579,154,1687.6668705259322,32619,0,154,770425,770579,770579,0.9988515357145172,0,32619,37,0,0,0,0.0
468,1778309423.0991008,decode,154,440449,0.570925447039075,770733,154,1687.6668705259322,32619,0,154,770579,770733,770733,0.9990511559176373,0,32619,0,0,0,0,0.0
469,1778309423.2483478,decode,154,770449,0.9986830251534419,770887,154,1687.6668705259322,32619,0,154,770733,770887,770887,0.9992507761207573,0,32619,66,66,0,0,0.0
471,1778309423.319584,decode,154,770757,0.9990822655596819,770603,154,1687.6668705259322,32553,0,154,770449,770603,770603,0.9988826453565619,0,32553,0,0,0,0,0.0
472,1778309423.3587656,decode,154,495546,0.6423441115280667,770757,154,1687.6668705259322,32553,0,154,770603,770757,770757,0.9990822655596819,0,32553,0,0,0,0,0.0
473,1778309423.4768572,decode,154,770546,0.9988087599567057,770911,154,1687.6668705259322,32553,0,154,770757,770911,770911,0.999281885762802,0,32553,55,55,0,0,0.0
475,1778309423.5473776,decode,154,770854,0.9992080003629458,770700,154,1687.6668705259322,32498,0,154,770546,770700,770700,0.9990083801598257,0,32498,0,0,0,0,0.0
476,1778309423.5866985,decode,154,460582,0.597022548009307,770854,154,1687.6668705259322,32498,0,154,770700,770854,770854,0.9992080003629458,0,32498,0,0,0,0,0.0
477,1778309423.7226026,decode,154,770582,0.9988554244197728,771008,154,1687.6668705259322,32498,0,154,770854,771008,771008,0.9994076205660659,0,32498,62,62,0,0,0.0
479,1778309423.7964988,decode,154,605527,0.7849053424329037,770736,154,1687.6668705259322,32436,0,154,770582,770736,770736,0.9990550446228929,0,32436,0,0,0,0,0.0
480,1778309423.8747199,decode,154,595457,0.7718522551249895,770890,154,1687.6668705259322,32436,0,154,770736,770890,770890,0.9992546648260129,0,32436,33,33,0,0,0.0
483,1778309424.0225554,decode,154,770765,0.9990926354403634,770611,154,1687.6668705259322,32368,0,154,770457,770611,770611,0.9988930152372434,0,32368,35,0,0,0,0.0
484,1778309424.0641234,decode,154,400409,0.5190241942278652,770765,154,1687.6668705259322,32368,0,154,770611,770765,770765,0.9990926354403634,0,32368,0,0,0,0,0.0
485,1778309424.2355626,decode,154,770409,0.998631175750034,770919,154,1687.6668705259322,32368,0,154,770765,770919,770919,0.9992922556434835,0,32368,74,74,0,0,0.0
487,1778309424.3039124,decode,154,770717,0.9990304161562741,770563,154,1687.6668705259322,32294,0,154,770409,770563,770563,0.998830795953154,0,32294,0,0,0,0,0.0
488,1778309424.3435037,decode,154,480513,0.6228578094923295,770717,154,1687.6668705259322,32294,0,154,770563,770717,770717,0.9990304161562741,0,32294,0,0,0,0,0.0
489,1778309424.469673,decode,154,770513,0.9987659841988943,770871,154,1687.6668705259322,32294,0,154,770717,770871,770871,0.9992300363593941,0,32294,58,58,0,0,0.0
491,1778309424.537037,decode,154,770821,0.9991652246051343,770667,154,1687.6668705259322,32236,0,154,770513,770667,770667,0.9989656044020143,0,32236,0,0,0,0,0.0
492,1778309424.5748334,decode,154,490591,0.6359212666809253,770821,154,1687.6668705259322,32236,0,154,770667,770821,770821,0.9991652246051343,0,32236,0,0,0,0,0.0
493,1778309424.6952565,decode,154,770591,0.9988670905355396,770975,154,1687.6668705259322,32236,0,154,770821,770975,770975,0.9993648448082544,0,32236,56,56,0,0,0.0
495,1778309424.7717712,decode,154,620569,0.8044033105844076,770745,154,1687.6668705259322,32180,0,154,770591,770745,770745,0.9990667107386596,0,32180,0,0,0,0,0.0
496,1778309424.8452063,decode,154,630513,0.8172930722715872,770899,154,1687.6668705259322,32180,0,154,770745,770899,770899,0.9992663309417796,0,32180,30,30,0,0,0.0
499,1778309424.9887545,decode,154,770821,0.9991652246051343,770667,154,1687.6668705259322,32122,0,154,770513,770667,770667,0.9989656044020143,0,32122,28,0,0,0,0.0
500,1778309425.0333118,decode,154,415450,0.538520866144284,770821,154,1687.6668705259322,32122,0,154,770667,770821,770821,0.9991652246051343,0,32122,0,0,0,0,0.0
501,1778309425.1969347,decode,154,770450,0.998684321388527,770975,154,1687.6668705259322,32122,0,154,770821,770975,770975,0.9993648448082544,0,32122,71,71,0,0,0.0
503,1778309425.272677,decode,154,770758,0.9990835617947671,770604,154,1687.6668705259322,32051,0,154,770450,770604,770604,0.9988839415916471,0,32051,0,0,0,0,0.0
504,1778309425.3151033,decode,154,465497,0.6033935434530406,770758,154,1687.6668705259322,32051,0,154,770604,770758,770758,0.9990835617947671,0,32051,0,0,0,0,0.0
505,1778309425.4505785,decode,154,770497,0.9987452444375312,770912,154,1687.6668705259322,32051,0,154,770758,770912,770912,0.9992831819978871,0,32051,61,61,0,0,0.0
507,1778309425.5239055,decode,154,770805,0.9991444848437713,770651,154,1687.6668705259322,31990,0,154,770497,770651,770651,0.9989448646406512,0,31990,0,0,0,0,0.0
508,1778309425.5647793,decode,154,460549,0.5969797722514956,770805,154,1687.6668705259322,31990,0,154,770651,770805,770805,0.9991444848437713,0,31990,0,0,0,0,0.0
509,1778309425.7025757,decode,154,770549,0.9988126486619613,770959,154,1687.6668705259322,31990,0,154,770805,770959,770959,0.9993441050468913,0,31990,62,62,0,0,0.0
511,1778309425.7767966,decode,154,640571,0.830330604758479,770703,154,1687.6668705259322,31928,0,154,770549,770703,770703,0.9990122688650813,0,31928,0,0,0,0,0.0
512,1778309425.8420436,decode,154,635517,0.8237794326379032,770857,154,1687.6668705259322,31928,0,154,770703,770857,770857,0.9992118890682015,0,31928,26,26,0,0,0.0
515,1778309425.9812446,decode,154,770825,0.9991704095454752,770671,154,1687.6668705259322,31875,0,154,770517,770671,770671,0.9989707893423552,0,31875,27,0,0,0,0.0
516,1778309426.0223563,decode,154,430463,0.5579812434783172,770825,154,1687.6668705259322,31875,0,154,770671,770825,770825,0.9991704095454752,0,31875,0,0,0,0,0.0
517,1778309426.1762724,decode,154,770463,0.9987011724446345,770979,154,1687.6668705259322,31875,0,154,770825,770979,770979,0.9993700297485952,0,31875,68,68,0,0,0.0
519,1778309426.246968,decode,154,770771,0.9991004128508746,770617,154,1687.6668705259322,31807,0,154,770463,770617,770617,0.9989007926477546,0,31807,0,0,0,0,0.0
520,1778309426.2863216,decode,154,465526,0.6034311342705113,770771,154,1687.6668705259322,31807,0,154,770617,770771,770771,0.9991004128508746,0,31807,0,0,0,0,0.0
521,1778309426.4193907,decode,154,770526,0.9987828352550019,770925,154,1687.6668705259322,31807,0,154,770771,770925,770925,0.9993000330539946,0,31807,61,61,0,0,0.0
523,1778309426.4907782,decode,154,770834,0.999182075661242,770680,154,1687.6668705259322,31746,0,154,770526,770680,770680,0.9989824554581219,0,31746,0,0,0,0,0.0
524,1778309426.530488,decode,154,425501,0.5515493249855794,770834,154,1773.8170802813652,31746,0,154,770680,770834,770834,0.999182075661242,0,31746,0,0,0,0,0.0
525,1778309426.6858318,decode,154,770501,0.998750429377872,770988,154,1773.8170802813652,31746,0,154,770834,770988,770988,0.999381695864362,0,31746,69,69,0,0,0.0
527,1778309426.7594042,decode,154,650545,0.8432592534982144,770655,154,1773.8170802813652,31677,0,154,770501,770655,770655,0.998950049580992,0,31677,0,0,0,0,0.0
528,1778309426.821691,decode,154,605479,0.7848431231488142,770809,154,1773.8170802813652,31677,0,154,770655,770809,770809,0.999149669784112,0,31677,24,24,0,0,0.0
531,1778309426.964997,decode,154,770787,0.9991211526122378,770633,154,1773.8170802813652,31620,0,154,770479,770633,770633,0.9989215324091177,0,31620,33,0,0,0,0.0
532,1778309427.0043302,decode,154,465486,0.6033792848671035,770787,154,1773.8170802813652,31620,0,154,770633,770787,770787,0.9991211526122378,0,31620,0,0,0,0,0.0
533,1778309427.1386094,decode,154,770486,0.998730985851594,770941,154,1773.8170802813652,31620,0,154,770787,770941,770941,0.9993207728153578,0,31620,61,61,0,0,0.0
535,1778309427.208132,decode,154,770794,0.9991302262578341,770640,154,1773.8170802813652,31559,0,154,770486,770640,770640,0.9989306060547141,0,31559,0,0,0,0,0.0
536,1778309427.2465801,decode,154,490564,0.6358862683336249,770794,154,1773.8170802813652,31559,0,154,770640,770794,770794,0.9991302262578341,0,31559,0,0,0,0,0.0
537,1778309427.3672192,decode,154,770564,0.9988320921882392,770948,154,1773.8170802813652,31559,0,154,770794,770948,770948,0.9993298464609541,0,31559,56,56,0,0,0.0
539,1778309427.4415329,decode,154,770872,0.9992313325944794,770718,154,1773.8170802813652,31503,0,154,770564,770718,770718,0.9990317123913594,0,31503,0,0,0,0,0.0
540,1778309427.4808385,decode,154,465555,0.603468725087982,770872,154,1773.8170802813652,31503,0,154,770718,770872,770872,0.9992313325944794,0,31503,0,0,0,0,0.0
541,1778309427.6141663,decode,154,770555,0.9988204260724725,771026,154,1773.8170802813652,31503,0,154,770872,771026,771026,0.9994309527975994,0,31503,61,61,0,0,0.0
543,1778309427.6860542,decode,154,620533,0.8043566461213406,770709,154,1773.8170802813652,31442,0,154,770555,770709,770709,0.9990200462755925,0,31442,0,0,0,0,0.0
544,1778309427.757961,decode,154,570453,0.7394411930547724,770863,154,1773.8170802813652,31442,0,154,770709,770863,770863,0.9992196664787126,0,31442,30,30,0,0,0.0
547,1778309427.9146016,decode,154,770761,0.9990874505000227,770607,154,1773.8170802813652,31372,0,154,770453,770607,770607,0.9988878302969026,0,31372,40,0,0,0,0.0
548,1778309427.9553103,decode,154,405440,0.5255455529414814,770761,154,1773.8170802813652,31372,0,154,770607,770761,770761,0.9990874505000227,0,31372,0,0,0,0,0.0
549,1778309428.1229722,decode,154,770440,0.9986713590376751,770915,154,1773.8170802813652,31372,0,154,770761,770915,770915,0.9992870707031427,0,31372,73,73,0,0,0.0
551,1778309428.1932273,decode,154,770748,0.9990705994439152,770594,154,1773.8170802813652,31299,0,154,770440,770594,770594,0.9988709792407952,0,31299,0,0,0,0,0.0
552,1778309428.232608,decode,154,440456,0.5709345206846713,770748,154,1773.8170802813652,31299,0,154,770594,770748,770748,0.9990705994439152,0,31299,0,0,0,0,0.0
553,1778309428.3785,decode,154,770456,0.9986920987990382,770902,154,1773.8170802813652,31299,0,154,770748,770902,770902,0.9992702196470352,0,31299,66,66,0,0,0.0
555,1778309428.4479523,decode,154,770764,0.9990913392052783,770610,154,1773.8170802813652,31233,0,154,770456,770610,770610,0.9988917190021582,0,31233,0,0,0,0,0.0
556,1778309428.485998,decode,154,505591,0.655364792958851,770764,154,1773.8170802813652,31233,0,154,770610,770764,770764,0.9990913392052783,0,31233,0,0,0,0,0.0
557,1778309428.5988703,decode,154,770591,0.9988670905355396,770918,154,1773.8170802813652,31233,0,154,770764,770918,770918,0.9992909594083983,0,31233,53,53,0,0,0.0
559,1778309428.6710742,decode,154,625580,0.8108987445963199,770745,154,1773.8170802813652,31180,0,154,770591,770745,770745,0.9990667107386596,0,31180,0,0,0,0,0.0
560,1778309428.7398636,decode,154,630524,0.8173073308575243,770899,154,1773.8170802813652,31180,0,154,770745,770899,770899,0.9992663309417796,0,31180,29,29,0,0,0.0
563,1778309428.871638,decode,154,770832,0.9991794831910715,770678,154,1773.8170802813652,31123,0,154,770524,770678,770678,0.9989798629879515,0,31123,28,0,0,0,0.0
564,1778309428.9102015,decode,154,450490,0.5839409435295185,770832,154,1773.8170802813652,31123,0,154,770678,770832,770832,0.9991794831910715,0,31123,0,0,0,0,0.0
565,1778309429.052386,decode,154,770490,0.9987361707919348,770986,154,1773.8170802813652,31123,0,154,770832,770986,770986,0.9993791033941916,0,31123,64,64,0,0,0.0
567,1778309429.1249833,decode,154,770798,0.999135411198175,770644,154,1773.8170802813652,31059,0,154,770490,770644,770644,0.9989357909950549,0,31059,0,0,0,0,0.0
568,1778309429.1671581,decode,154,450488,0.5839383510593481,770798,154,1773.8170802813652,31059,0,154,770644,770798,770798,0.999135411198175,0,31059,0,0,0,0,0.0
569,1778309429.3093784,decode,154,770488,0.9987335783217645,770952,154,1773.8170802813652,31059,0,154,770798,770952,770952,0.999335031401295,0,31059,64,64,0,0,0.0
571,1778309429.3817031,decode,154,770796,0.9991328187280045,770642,154,1773.8170802813652,30995,0,154,770488,770642,770642,0.9989331985248845,0,30995,0,0,0,0,0.0
572,1778309429.4216504,decode,154,480576,0.6229394723026969,770796,154,1773.8170802813652,30995,0,154,770642,770796,770796,0.9991328187280045,0,30995,0,0,0,0,0.0
573,1778309429.5479722,decode,154,770576,0.9988476470092617,770950,154,1773.8170802813652,30995,0,154,770796,770950,770950,0.9993324389311246,0,30995,58,58,0,0,0.0
575,1778309429.6228871,decode,154,615543,0.7978884330462173,770730,154,1773.8170802813652,30937,0,154,770576,770730,770730,0.9990472672123817,0,30937,0,0,0,0,0.0
576,1778309429.6969044,decode,154,600475,0.7783567627824982,770884,154,1773.8170802813652,30937,0,154,770730,770884,770884,0.9992468874155017,0,30937,31,31,0,0,0.0
579,1778309429.8433106,decode,154,770783,0.9991159676718969,770629,154,1773.8170802813652,30872,0,154,770475,770629,770629,0.9989163474687769,0,30872,34,0,0,0,0.0
580,1778309429.8830614,decode,154,485494,0.6293143564516861,770783,154,1773.8170802813652,30872,0,154,770629,770783,770783,0.9991159676718969,0,30872,0,0,0,0,0.0
581,1778309430.007116,decode,154,770494,0.9987413557322756,770937,154,1773.8170802813652,30872,0,154,770783,770937,770937,0.9993155878750171,0,30872,57,57,0,0,0.0
583,1778309430.0783782,decode,154,770802,0.9991405961385157,770648,154,1736.243302058335,30815,0,154,770494,770648,770648,0.9989409759353957,0,30815,0,0,0,0,0.0
584,1778309430.117487,decode,154,470528,0.6099149021666569,770802,154,1736.243302058335,30815,0,154,770648,770802,770802,0.9991405961385157,0,30815,0,0,0,0,0.0
585,1778309430.2480183,decode,154,770528,0.9987854277251722,770956,154,1736.243302058335,30815,0,154,770802,770956,770956,0.9993402163416357,0,30815,60,60,0,0,0.0
587,1778309430.3190236,decode,154,770836,0.9991846681314123,770682,154,1736.243302058335,30755,0,154,770528,770682,770682,0.9989850479282922,0,30755,0,0,0,0,0.0
588,1778309430.3590903,decode,154,480624,0.6230016915867862,770836,154,1736.243302058335,30755,0,154,770682,770836,770836,0.9991846681314123,0,30755,0,0,0,0,0.0
589,1778309430.4857392,decode,154,770624,0.998909866293351,770990,154,1736.243302058335,30755,0,154,770836,770990,770990,0.9993842883345323,0,30755,58,58,0,0,0.0
591,1778309430.559099,decode,154,560470,0.7265008781992702,770778,154,1736.243302058335,30697,0,154,770624,770778,770778,0.999109486496471,0,30697,0,0,0,0,0.0
592,1778309430.6514459,decode,154,620410,0.8041972092058616,770932,154,1736.243302058335,30697,0,154,770778,770932,770932,0.999309106699591,0,30697,42,42,0,0,0.0
595,1778309430.7857323,decode,154,770718,0.9990317123913594,770564,154,1736.243302058335,30625,0,154,770410,770564,770564,0.9988320921882392,0,30625,30,0,0,0,0.0
596,1778309430.8241646,decode,154,460462,0.5968669997990835,770718,154,1736.243302058335,30625,0,154,770564,770718,770718,0.9990317123913594,0,30625,0,0,0,0,0.0
597,1778309430.9590514,decode,154,770462,0.9986998762095494,770872,154,1736.243302058335,30625,0,154,770718,770872,770872,0.9992313325944794,0,30625,62,62,0,0,0.0
599,1778309431.0260255,decode,154,770770,0.9990991166157894,770616,154,1736.243302058335,30563,0,154,770462,770616,770616,0.9988994964126694,0,30563,0,0,0,0,0.0
600,1778309431.0640445,decode,154,490548,0.6358655285722619,770770,154,1736.243302058335,30563,0,154,770616,770770,770770,0.9990991166157894,0,30563,0,0,0,0,0.0
601,1778309431.184115,decode,154,770548,0.9988113524268761,770924,154,1736.243302058335,30563,0,154,770770,770924,770924,0.9992987368189095,0,30563,56,56,0,0,0.0
603,1778309431.2507195,decode,154,770856,0.9992105928331162,770702,154,1736.243302058335,30507,0,154,770548,770702,770702,0.9990109726299962,0,30507,0,0,0,0,0.0
604,1778309431.2877088,decode,154,500624,0.6489263932906872,770856,154,1736.243302058335,30507,0,154,770702,770856,770856,0.9992105928331162,0,30507,0,0,0,0,0.0
605,1778309431.4026926,decode,154,770624,0.998909866293351,771010,154,1736.243302058335,30507,0,154,770856,771010,771010,0.9994102130362362,0,30507,54,54,0,0,0.0
607,1778309431.4722648,decode,154,580514,0.7524826142469199,770778,154,1736.243302058335,30453,0,154,770624,770778,770778,0.999109486496471,0,30453,0,0,0,0,0.0
608,1778309431.5560682,decode,154,635460,0.8237055472380471,770932,154,1736.243302058335,30453,0,154,770778,770932,770932,0.999309106699591,0,30453,38,38,0,0,0.0
611,1778309431.685004,decode,154,770768,0.999096524145619,770614,154,1736.243302058335,30388,0,154,770460,770614,770614,0.998896903942499,0,30388,27,0,0,0,0.0
612,1778309431.7231905,decode,154,400444,0.519069562455847,770768,154,1736.243302058335,30388,0,154,770614,770768,770768,0.999096524145619,0,30388,0,0,0,0,0.0
613,1778309431.8918343,decode,154,770444,0.9986765439780159,770922,154,1736.243302058335,30388,0,154,770768,770922,770922,0.999296144348739,0,30388,74,74,0,0,0.0
615,1778309431.9598465,decode,154,770752,0.9990757843842559,770598,154,1736.243302058335,30314,0,154,770444,770598,770598,0.9988761641811359,0,30314,0,0,0,0,0.0
616,1778309431.998089,decode,154,450474,0.5839202037681553,770752,154,1736.243302058335,30314,0,154,770598,770752,770752,0.9990757843842559,0,30314,0,0,0,0,0.0
617,1778309432.137629,decode,154,770474,0.9987154310305717,770906,154,1736.243302058335,30314,0,154,770752,770906,770906,0.999275404587376,0,30314,64,64,0,0,0.0
619,1778309432.2039227,decode,154,770782,0.9991146714368118,770628,154,1736.243302058335,30250,0,154,770474,770628,770628,0.9989150512336917,0,30250,0,0,0,0,0.0
620,1778309432.2400134,decode,154,490552,0.6358707135126026,770782,154,1736.243302058335,30250,0,154,770628,770782,770782,0.9991146714368118,0,30250,0,0,0,0,0.0
621,1778309432.363901,decode,154,770552,0.9988165373672169,770936,154,1736.243302058335,30250,0,154,770782,770936,770936,0.9993142916399318,0,30250,56,56,0,0,0.0
623,1778309432.4332862,decode,154,655607,0.8498207954994718,770706,154,1736.243302058335,30194,0,154,770552,770706,770706,0.9990161575703369,0,30194,0,0,0,0,0.0
624,1778309432.4914973,decode,154,625549,0.810858561308679,770860,154,1736.243302058335,30194,0,154,770706,770860,770860,0.999215777773457,0,30194,23,23,0,0,0.0
627,1778309432.6212502,decode,154,770857,0.9992118890682015,770703,154,1736.243302058335,30142,0,154,770549,770703,770703,0.9990122688650813,0,30142,29,0,0,0,0.0
628,1778309432.6595173,decode,154,435490,0.5644974172515927,770857,154,1736.243302058335,30142,0,154,770703,770857,770857,0.9992118890682015,0,30142,0,0,0,0,0.0
629,1778309432.8080983,decode,154,770490,0.9987361707919348,771011,154,1736.243302058335,30142,0,154,770857,771011,771011,0.9994115092713215,0,30142,67,67,0,0,0.0
631,1778309432.8740506,decode,154,770798,0.999135411198175,770644,154,1736.243302058335,30075,0,154,770490,770644,770644,0.9989357909950549,0,30075,0,0,0,0,0.0
632,1778309432.9117599,decode,154,425465,0.5515026605225124,770798,154,1736.243302058335,30075,0,154,770644,770798,770798,0.999135411198175,0,30075,0,0,0,0,0.0
633,1778309433.0644386,decode,154,770465,0.998703764914805,770952,154,1736.243302058335,30075,0,154,770798,770952,770952,0.999335031401295,0,30075,69,69,0,0,0.0
635,1778309433.13026,decode,154,770773,0.999103005321045,770619,154,1736.243302058335,30006,0,154,770465,770619,770619,0.998903385117925,0,30006,0,0,0,0,0.0
636,1778309433.1680841,decode,154,425504,0.551553213690835,770773,154,1736.243302058335,30006,0,154,770619,770773,770773,0.999103005321045,0,30006,0,0,0,0,0.0
637,1778309433.3220668,decode,154,770504,0.9987543180831275,770927,154,1736.243302058335,30006,0,154,770773,770927,770927,0.999302625524165,0,30006,69,69,0,0,0.0
639,1778309433.3903954,decode,154,645537,0.8367677081915577,770658,154,1736.243302058335,29937,0,154,770504,770658,770658,0.9989539382862476,0,29937,0,0,0,0,0.0
640,1778309433.4515927,decode,154,600469,0.778348985371987,770812,154,1826.151263645004,29937,0,154,770658,770812,770812,0.9991535584893676,0,29937,25,25,0,0,0.0
643,1778309433.5905054,decode,154,770777,0.9991081902613858,770623,154,1826.151263645004,29878,0,154,770469,770623,770623,0.9989085700582657,0,29878,34,0,0,0,0.0
644,1778309433.6286545,decode,154,450475,0.5839215000032406,770777,154,1826.151263645004,29878,0,154,770623,770777,770777,0.9991081902613858,0,29878,0,0,0,0,0.0
645,1778309433.767076,decode,154,770475,0.9987167272656569,770931,154,1826.151263645004,29878,0,154,770777,770931,770931,0.9993078104645059,0,29878,64,64,0,0,0.0
647,1778309433.8332717,decode,154,770783,0.9991159676718969,770629,154,1826.151263645004,29814,0,154,770475,770629,770629,0.9989163474687769,0,29814,0,0,0,0,0.0
648,1778309433.8698738,decode,154,500559,0.6488421380101496,770783,154,1826.151263645004,29814,0,154,770629,770783,770783,0.9991159676718969,0,29814,0,0,0,0,0.0
649,1778309433.9847033,decode,154,770559,0.9988256110128133,770937,154,1826.151263645004,29814,0,154,770783,770937,770937,0.9993155878750171,0,29814,54,54,0,0,0.0
651,1778309434.0530105,decode,154,770867,0.9992248514190534,770713,154,1826.151263645004,29760,0,154,770559,770713,770713,0.9990252312159333,0,29760,0,0,0,0,0.0
652,1778309434.0917733,decode,154,465558,0.6034726137932376,770867,154,1826.151263645004,29760,0,154,770713,770867,770867,0.9992248514190534,0,29760,0,0,0,0,0.0
653,1778309434.2254035,decode,154,770558,0.998824314777728,771021,154,1826.151263645004,29760,0,154,770867,771021,771021,0.9994244716221734,0,29760,61,61,0,0,0.0
655,1778309434.2957904,decode,154,630558,0.817351402850421,770712,154,1826.151263645004,29699,0,154,770558,770712,770712,0.9990239349808481,0,29699,0,0,0,0,0.0
656,1778309434.3621905,decode,154,630502,0.81727881368565,770866,154,1826.151263645004,29699,0,154,770712,770866,770866,0.9992235551839682,0,29699,28,28,0,0,0.0
659,1778309434.4912403,decode,154,770810,0.9991509660191973,770656,154,1826.151263645004,29643,0,154,770502,770656,770656,0.9989513458160773,0,29643,28,0,0,0,0.0
660,1778309434.5297403,decode,154,440470,0.5709526679758641,770810,154,1826.151263645004,29643,0,154,770656,770810,770810,0.9991509660191973,0,29643,0,0,0,0,0.0
661,1778309434.6751308,decode,154,770470,0.998710246090231,770964,154,1826.151263645004,29643,0,154,770810,770964,770964,0.9993505862223173,0,29643,66,66,0,0,0.0
663,1778309434.7424717,decode,154,770778,0.999109486496471,770624,154,1826.151263645004,29577,0,154,770470,770624,770624,0.998909866293351,0,29577,0,0,0,0,0.0
664,1778309434.7808928,decode,154,450516,0.5839746456417336,770778,154,1826.151263645004,29577,0,154,770624,770778,770778,0.999109486496471,0,29577,0,0,0,0,0.0
665,1778309434.9247637,decode,154,770516,0.9987698729041499,770932,154,1826.151263645004,29577,0,154,770778,770932,770932,0.999309106699591,0,29577,64,64,0,0,0.0
667,1778309434.9926453,decode,154,770824,0.9991691133103899,770670,154,1826.151263645004,29513,0,154,770516,770670,770670,0.9989694931072699,0,29513,0,0,0,0,0.0
668,1778309435.031136,decode,154,450522,0.5839824230522448,770824,154,1826.151263645004,29513,0,154,770670,770824,770824,0.9991691133103899,0,29513,0,0,0,0,0.0
669,1778309435.1712797,decode,154,770522,0.998777650314661,770978,154,1826.151263645004,29513,0,154,770824,770978,770978,0.99936873351351,0,29513,64,64,0,0,0.0
671,1778309435.2398171,decode,154,635533,0.8238001723992663,770676,154,1826.151263645004,29449,0,154,770522,770676,770676,0.9989772705177811,0,29449,0,0,0,0,0.0
672,1778309435.3043597,decode,154,620473,0.8042788720162288,770830,154,1826.151263645004,29449,0,154,770676,770830,770830,0.9991768907209011,0,29449,27,27,0,0,0.0
675,1778309435.434302,decode,154,770781,0.9991133752017266,770627,154,1826.151263645004,29392,0,154,770473,770627,770627,0.9989137549986066,0,29392,30,0,0,0,0.0
676,1778309435.470023,decode,154,475518,0.6163831152417802,770781,154,1826.151263645004,29392,0,154,770627,770781,770781,0.9991133752017266,0,29392,0,0,0,0,0.0
677,1778309435.5948427,decode,154,770518,0.9987724653743203,770935,154,1826.151263645004,29392,0,154,770781,770935,770935,0.9993129954048466,0,29392,59,59,0,0,0.0
679,1778309435.6590486,decode,154,770826,0.9991717057805604,770672,154,1826.151263645004,29333,0,154,770518,770672,770672,0.9989720855774403,0,29333,0,0,0,0,0.0
680,1778309435.6961899,decode,154,445521,0.5774999513911843,770826,154,1826.151263645004,29333,0,154,770672,770826,770826,0.9991717057805604,0,29333,0,0,0,0,0.0
681,1778309435.8381753,decode,154,770521,0.9987763540795759,770980,154,1826.151263645004,29333,0,154,770826,770980,770980,0.9993713259836804,0,29333,65,65,0,0,0.0
683,1778309435.90219,decode,154,770829,0.9991755944858159,770675,154,1826.151263645004,29268,0,154,770521,770675,770675,0.9989759742826959,0,29268,0,0,0,0,0.0
684,1778309435.9402668,decode,154,430507,0.5580382778220658,770829,154,1826.151263645004,29268,0,154,770675,770829,770829,0.9991755944858159,0,29268,0,0,0,0,0.0
685,1778309436.0906103,decode,154,770507,0.9987582067883831,770983,154,1826.151263645004,29268,0,154,770829,770983,770983,0.999375214688936,0,29268,68,68,0,0,0.0
687,1778309436.1579335,decode,154,630507,0.817285294861076,770661,154,1826.151263645004,29200,0,154,770507,770661,770661,0.9989578269915032,0,29200,0,0,0,0,0.0
688,1778309436.222561,decode,154,635453,0.8236964735924507,770815,154,1826.151263645004,29200,0,154,770661,770815,770815,0.9991574471946232,0,29200,28,28,0,0,0.0
691,1778309436.345886,decode,154,770761,0.9990874505000227,770607,154,1826.151263645004,29145,0,154,770453,770607,770607,0.9988878302969026,0,29145,27,0,0,0,0.0
692,1778309436.3814898,decode,154,500537,0.6488136208382752,770761,154,1826.151263645004,29145,0,154,770607,770761,770761,0.9990874505000227,0,29145,0,0,0,0,0.0
693,1778309436.4944234,decode,154,770537,0.998797093840939,770915,154,1826.151263645004,29145,0,154,770761,770915,770915,0.9992870707031427,0,29145,54,54,0,0,0.0
695,1778309436.5577168,decode,154,770845,0.999196334247179,770691,154,1826.151263645004,29091,0,154,770537,770691,770691,0.998996714044059,0,29091,0,0,0,0,0.0
696,1778309436.5928833,decode,154,465568,0.6034855761440895,770845,154,1826.151263645004,29091,0,154,770691,770845,770845,0.999196334247179,0,29091,0,0,0,0,0.0
697,1778309436.7215686,decode,154,770568,0.9988372771285801,770999,154,1826.151263645004,29091,0,154,770845,770999,770999,0.999395954450299,0,29091,61,61,0,0,0.0
699,1778309436.7838676,decode,154,770876,0.9992365175348201,770722,154,1848.5881469792032,29030,0,154,770568,770722,770722,0.9990368973317001,0,29030,0,0,0,0,0.0
700,1778309436.8190715,decode,154,435501,0.5645116758375299,770876,154,1848.5881469792032,29030,0,154,770722,770876,770876,0.9992365175348201,0,29030,0,0,0,0,0.0
701,1778309436.963222,decode,154,770501,0.998750429377872,771030,154,1848.5881469792032,29030,0,154,770876,771030,771030,0.9994361377379402,0,29030,67,67,0,0,0.0
703,1778309437.0284703,decode,154,630501,0.8172775174505649,770655,154,1848.5881469792032,28963,0,154,770501,770655,770655,0.998950049580992,0,28963,0,0,0,0,0.0
704,1778309437.09256,decode,154,595431,0.7718185530127744,770809,154,1848.5881469792032,28963,0,154,770655,770809,770809,0.999149669784112,0,28963,28,28,0,0,0.0
707,1778309437.2248495,decode,154,770739,0.9990589333281484,770585,154,1848.5881469792032,28900,0,154,770431,770585,770585,0.9988593131250284,0,28900,35,0,0,0,0.0
708,1778309437.2596202,decode,154,475524,0.6163908926522914,770739,154,1848.5881469792032,28900,0,154,770585,770739,770739,0.9990589333281484,0,28900,0,0,0,0,0.0
709,1778309437.3829875,decode,154,770524,0.9987802427848315,770893,154,1848.5881469792032,28900,0,154,770739,770893,770893,0.9992585535312685,0,28900,59,59,0,0,0.0
711,1778309437.445149,decode,154,770832,0.9991794831910715,770678,154,1848.5881469792032,28841,0,154,770524,770678,770678,0.9989798629879515,0,28841,0,0,0,0,0.0
712,1778309437.4807858,decode,154,440508,0.5710019249091015,770832,154,1848.5881469792032,28841,0,154,770678,770832,770832,0.9991794831910715,0,28841,0,0,0,0,0.0
713,1778309437.6235437,decode,154,770508,0.9987595030234684,770986,154,1848.5881469792032,28841,0,154,770832,770986,770986,0.9993791033941916,0,28841,66,66,0,0,0.0
715,1778309437.6868663,decode,154,770816,0.9991587434297085,770662,154,1848.5881469792032,28775,0,154,770508,770662,770662,0.9989591232265884,0,28775,0,0,0,0,0.0
716,1778309437.7221653,decode,154,465531,0.6034376154459373,770816,154,1848.5881469792032,28775,0,154,770662,770816,770816,0.9991587434297085,0,28775,0,0,0,0,0.0
717,1778309437.8520708,decode,154,770531,0.9987893164304278,770970,154,1848.5881469792032,28775,0,154,770816,770970,770970,0.9993583636328285,0,28775,61,61,0,0,0.0
719,1778309437.9179702,decode,154,630531,0.8173164045031207,770685,154,1848.5881469792032,28714,0,154,770531,770685,770685,0.9989889366335478,0,28714,0,0,0,0,0.0
720,1778309437.9826043,decode,154,620471,0.8042762795460585,770839,154,1848.5881469792032,28714,0,154,770685,770839,770839,0.9991885568366679,0,28714,28,28,0,0,0.0
723,1778309438.1096346,decode,154,770779,0.9991107827315562,770625,154,1848.5881469792032,28656,0,154,770471,770625,770625,0.9989111625284361,0,28656,30,0,0,0,0.0
724,1778309438.1449542,decode,154,525562,0.6812519038452813,770779,154,1848.5881469792032,28656,0,154,770625,770779,770779,0.9991107827315562,0,28656,0,0,0,0,0.0
725,1778309438.2457108,decode,154,770562,0.9988294997180689,770933,154,1848.5881469792032,28656,0,154,770779,770933,770933,0.9993104029346762,0,28656,49,49,0,0,0.0
727,1778309438.3045669,decode,154,770870,0.999228740124309,770716,154,1848.5881469792032,28607,0,154,770562,770716,770716,0.9990291199211889,0,28607,0,0,0,0,0.0
728,1778309438.338034,decode,154,465545,0.60345576273713,770870,154,1848.5881469792032,28607,0,154,770716,770870,770870,0.999228740124309,0,28607,0,0,0,0,0.0
729,1778309438.4662879,decode,154,770545,0.9988074637216205,771024,154,1848.5881469792032,28607,0,154,770870,771024,771024,0.999428360327429,0,28607,61,61,0,0,0.0
731,1778309438.5264752,decode,154,770853,0.9992067041278606,770699,154,1848.5881469792032,28546,0,154,770545,770699,770699,0.9990070839247406,0,28546,0,0,0,0,0.0
732,1778309438.5587835,decode,154,500597,0.6488913949433869,770853,154,1848.5881469792032,28546,0,154,770699,770853,770853,0.9992067041278606,0,28546,0,0,0,0,0.0
733,1778309438.6698916,decode,154,770597,0.9988748679460507,771007,154,1848.5881469792032,28546,0,154,770853,771007,771007,0.9994063243309806,0,28546,54,54,0,0,0.0
735,1778309438.7376714,decode,154,585498,0.7589430499115319,770751,154,1848.5881469792032,28492,0,154,770597,770751,770751,0.9990744881491708,0,28492,0,0,0,0,0.0
736,1778309438.818405,decode,154,630442,0.8172010395805384,770905,154,1848.5881469792032,28492,0,154,770751,770905,770905,0.9992741083522908,0,28492,37,37,0,0,0.0
739,1778309438.9457142,decode,154,770750,0.9990731919140855,770596,154,1848.5881469792032,28427,0,154,770442,770596,770596,0.9988735717109655,0,28427,28,0,0,0,0.0
740,1778309438.9818413,decode,154,470524,0.6099097172263162,770750,154,1848.5881469792032,28427,0,154,770596,770750,770750,0.9990731919140855,0,28427,0,0,0,0,0.0
741,1778309439.1091866,decode,154,770524,0.9987802427848315,770904,154,1848.5881469792032,28427,0,154,770750,770904,770904,0.9992728121172055,0,28427,60,60,0,0,0.0
743,1778309439.1715813,decode,154,770832,0.9991794831910715,770678,154,1848.5881469792032,28367,0,154,770524,770678,770678,0.9989798629879515,0,28367,0,0,0,0,0.0
744,1778309439.2071304,decode,154,465499,0.6033961359232111,770832,154,1848.5881469792032,28367,0,154,770678,770832,770832,0.9991794831910715,0,28367,0,0,0,0,0.0
745,1778309439.3367584,decode,154,770499,0.9987478369077016,770986,154,1848.5881469792032,28367,0,154,770832,770986,770986,0.9993791033941916,0,28367,61,61,0,0,0.0
747,1778309439.3980742,decode,154,770807,0.9991470773139417,770653,154,1848.5881469792032,28306,0,154,770499,770653,770653,0.9989474571108217,0,28306,0,0,0,0,0.0
748,1778309439.431777,decode,154,485582,0.6294284251391833,770807,154,1848.5881469792032,28306,0,154,770653,770807,770807,0.9991470773139417,0,28306,0,0,0,0,0.0
749,1778309439.54962,decode,154,770582,0.9988554244197728,770961,154,1848.5881469792032,28306,0,154,770807,770961,770961,0.9993466975170617,0,28306,57,57,0,0,0.0
751,1778309439.6131964,decode,154,620560,0.8043916444686409,770736,154,1848.5881469792032,28249,0,154,770582,770736,770736,0.9990550446228929,0,28249,0,0,0,0,0.0
752,1778309439.679447,decode,154,620500,0.8043138703635291,770890,154,1848.5881469792032,28249,0,154,770736,770890,770890,0.9992546648260129,0,28249,30,30,0,0,0.0
755,1778309439.8009958,decode,154,770808,0.9991483735490269,770654,154,1848.5881469792032,28189,0,154,770500,770654,770654,0.9989487533459068,0,28189,30,0,0,0,0.0
756,1778309439.8358924,decode,154,455477,0.5904052678993862,770808,154,1848.5881469792032,28189,0,154,770654,770808,770808,0.9991483735490269,0,28189,0,0,0,0,0.0
757,1778309439.9702446,decode,154,770477,0.9987193197358273,770962,154,1933.2354221252285,28189,0,154,770808,770962,770962,0.9993479937521469,0,28189,63,63,0,0,0.0
759,1778309440.0312939,decode,154,770785,0.9991185601420673,770631,154,1933.2354221252285,28126,0,154,770477,770631,770631,0.9989189399389473,0,28126,0,0,0,0,0.0
760,1778309440.066776,decode,154,465516,0.6034181719196593,770785,154,1933.2354221252285,28126,0,154,770631,770785,770785,0.9991185601420673,0,28126,0,0,0,0,0.0
761,1778309440.1973534,decode,154,770516,0.9987698729041499,770939,154,1933.2354221252285,28126,0,154,770785,770939,770939,0.9993181803451874,0,28126,61,61,0,0,0.0
763,1778309440.255962,decode,154,770824,0.9991691133103899,770670,154,1933.2354221252285,28065,0,154,770516,770670,770670,0.9989694931072699,0,28065,0,0,0,0,0.0
764,1778309440.2895124,decode,154,470582,0.6099848988612575,770824,154,1933.2354221252285,28065,0,154,770670,770824,770824,0.9991691133103899,0,28065,0,0,0,0,0.0
765,1778309440.4156346,decode,154,770582,0.9988554244197728,770978,154,1933.2354221252285,28065,0,154,770824,770978,770978,0.99936873351351,0,28065,60,60,0,0,0.0
767,1778309440.477682,decode,154,600516,0.7784099084209912,770736,154,1933.2354221252285,28005,0,154,770582,770736,770736,0.9990550446228929,0,28005,0,0,0,0,0.0
768,1778309440.5506446,decode,154,610452,0.7912893002274892,770890,154,1933.2354221252285,28005,0,154,770736,770890,770890,0.9992546648260129,0,28005,34,34,0,0,0.0
771,1778309440.6771069,decode,154,770760,0.9990861542649375,770606,154,1933.2354221252285,27939,0,154,770452,770606,770606,0.9988865340618175,0,27939,32,0,0,0,0.0
772,1778309440.7119908,decode,154,430454,0.5579695773625505,770760,154,1933.2354221252285,27939,0,154,770606,770760,770760,0.9990861542649375,0,27939,0,0,0,0,0.0
773,1778309440.8597724,decode,154,770454,0.9986895063288678,770914,154,1933.2354221252285,27939,0,154,770760,770914,770914,0.9992857744680576,0,27939,68,68,0,0,0.0
775,1778309440.9174874,decode,154,770762,0.9990887467351078,770608,154,1933.2354221252285,27871,0,154,770454,770608,770608,0.9988891265319878,0,27871,0,0,0,0,0.0
776,1778309440.9506526,decode,154,450500,0.5839539058803704,770762,154,1933.2354221252285,27871,0,154,770608,770762,770762,0.9990887467351078,0,27871,0,0,0,0,0.0
777,1778309441.0859358,decode,154,770500,0.9987491331427868,770916,154,1933.2354221252285,27871,0,154,770762,770916,770916,0.9992883669382279,0,27871,64,64,0,0,0.0
779,1778309441.143709,decode,154,770808,0.9991483735490269,770654,154,1933.2354221252285,27807,0,154,770500,770654,770654,0.9989487533459068,0,27807,0,0,0,0,0.0
780,1778309441.176109,decode,154,430534,0.5580732761693661,770808,154,1933.2354221252285,27807,0,154,770654,770808,770808,0.9991483735490269,0,27807,0,0,0,0,0.0
781,1778309441.3225517,decode,154,770534,0.9987932051356834,770962,154,1933.2354221252285,27807,0,154,770808,770962,770962,0.9993479937521469,0,27807,68,68,0,0,0.0
783,1778309441.3842766,decode,154,620512,0.8043294251845514,770688,154,1933.2354221252285,27739,0,154,770534,770688,770688,0.9989928253388034,0,27739,0,0,0,0,0.0
784,1778309441.4492314,decode,154,615450,0.7977678831832942,770842,154,1933.2354221252285,27739,0,154,770688,770842,770842,0.9991924455419234,0,27739,30,30,0,0,0.0
787,1778309441.5731642,decode,154,770758,0.9990835617947671,770604,154,1933.2354221252285,27678,0,154,770450,770604,770604,0.9988839415916471,0,27678,31,0,0,0,0.0
788,1778309441.6068993,decode,154,470476,0.6098474979422268,770758,154,1933.2354221252285,27678,0,154,770604,770758,770758,0.9990835617947671,0,27678,0,0,0,0,0.0
789,1778309441.7317805,decode,154,770476,0.9987180235007421,770912,154,1933.2354221252285,27678,0,154,770758,770912,770912,0.9992831819978871,0,27678,60,60,0,0,0.0
791,1778309441.7941782,decode,154,770784,0.9991172639069822,770630,154,1933.2354221252285,27618,0,154,770476,770630,770630,0.9989176437038622,0,27618,0,0,0,0,0.0
792,1778309441.8295462,decode,154,490578,0.6359044156248177,770784,154,1933.2354221252285,27618,0,154,770630,770784,770784,0.9991172639069822,0,27618,0,0,0,0,0.0
793,1778309441.9473598,decode,154,770578,0.998850239479432,770938,154,1933.2354221252285,27618,0,154,770784,770938,770938,0.9993168841101022,0,27618,56,56,0,0,0.0
795,1778309442.012182,decode,154,770886,0.999249479885672,770732,154,1933.2354221252285,27562,0,154,770578,770732,770732,0.999049859682552,0,27562,0,0,0,0,0.0
796,1778309442.0480576,decode,154,485573,0.6294167590234165,770886,154,1933.2354221252285,27562,0,154,770732,770886,770886,0.999249479885672,0,27562,0,0,0,0,0.0
797,1778309442.1693063,decode,154,770573,0.9988437583040061,771040,154,1933.2354221252285,27562,0,154,770886,771040,771040,0.9994491000887921,0,27562,57,57,0,0,0.0
799,1778309442.2347896,decode,154,605518,0.7848936763171369,770727,154,1933.2354221252285,27505,0,154,770573,770727,770727,0.9990433785071261,0,27505,0,0,0,0,0.0
800,1778309442.3081298,decode,154,610454,0.7912918926976596,770881,154,1933.2354221252285,27505,0,154,770727,770881,770881,0.9992429987102461,0,27505,33,33,0,0,0.0
803,1778309442.4376054,decode,154,770762,0.9990887467351078,770608,154,1933.2354221252285,27440,0,154,770454,770608,770608,0.9988891265319878,0,27440,32,0,0,0,0.0
804,1778309442.4715614,decode,154,480518,0.6228642906677555,770762,154,1933.2354221252285,27440,0,154,770608,770762,770762,0.9990887467351078,0,27440,0,0,0,0,0.0
805,1778309442.593845,decode,154,770518,0.9987724653743203,770916,154,1933.2354221252285,27440,0,154,770762,770916,770916,0.9992883669382279,0,27440,58,58,0,0,0.0
807,1778309442.6563098,decode,154,770826,0.9991717057805604,770672,154,1933.2354221252285,27382,0,154,770518,770672,770672,0.9989720855774403,0,27382,0,0,0,0,0.0
808,1778309442.691058,decode,154,455503,0.5904389700116013,770826,154,1933.2354221252285,27382,0,154,770672,770826,770826,0.9991717057805604,0,27382,0,0,0,0,0.0
809,1778309442.824072,decode,154,770503,0.9987530218480424,770980,154,1933.2354221252285,27382,0,154,770826,770980,770980,0.9993713259836804,0,27382,63,63,0,0,0.0
811,1778309442.8832812,decode,154,770811,0.9991522622542824,770657,154,1933.2354221252285,27319,0,154,770503,770657,770657,0.9989526420511624,0,27319,0,0,0,0,0.0
812,1778309442.916214,decode,154,480591,0.6229589158289748,770811,154,1933.2354221252285,27319,0,154,770657,770811,770811,0.9991522622542824,0,27319,0,0,0,0,0.0
813,1778309443.0356758,decode,154,770591,0.9988670905355396,770965,154,1933.2354221252285,27319,0,154,770811,770965,770965,0.9993518824574025,0,27319,58,58,0,0,0.0
815,1778309443.097755,decode,154,595514,0.7719261405248455,770745,154,1969.6083897781573,27261,0,154,770591,770745,770745,0.9990667107386596,0,27261,0,0,0,0,0.0
816,1778309443.1713474,decode,154,640462,0.8301893151341927,770899,154,1969.6083897781573,27261,0,154,770745,770899,770899,0.9992663309417796,0,27261,35,35,0,0,0.0
819,1778309443.2901013,decode,154,770770,0.9990991166157894,770616,154,1969.6083897781573,27200,0,154,770462,770616,770616,0.9988994964126694,0,27200,26,0,0,0,0.0
820,1778309443.3255472,decode,154,465493,0.6033883585126999,770770,154,1969.6083897781573,27200,0,154,770616,770770,770770,0.9990991166157894,0,27200,0,0,0,0,0.0
821,1778309443.4547625,decode,154,770493,0.9987400594971904,770924,154,1969.6083897781573,27200,0,154,770770,770924,770924,0.9992987368189095,0,27200,61,61,0,0,0.0
823,1778309443.516903,decode,154,770801,0.9991392999034305,770647,154,1969.6083897781573,27139,0,154,770493,770647,770647,0.9989396797003105,0,27139,0,0,0,0,0.0
824,1778309443.5519505,decode,154,465532,0.6034389116810225,770801,154,1969.6083897781573,27139,0,154,770647,770801,770801,0.9991392999034305,0,27139,0,0,0,0,0.0
825,1778309443.6806107,decode,154,770532,0.9987906126655131,770955,154,1969.6083897781573,27139,0,154,770801,770955,770955,0.9993389201065506,0,27139,61,61,0,0,0.0
827,1778309443.7400298,decode,154,770840,0.9991898530717531,770686,154,1969.6083897781573,27078,0,154,770532,770686,770686,0.9989902328686331,0,27078,0,0,0,0,0.0
828,1778309443.7736328,decode,154,490570,0.6358940457441361,770840,154,1969.6083897781573,27078,0,154,770686,770840,770840,0.9991898530717531,0,27078,0,0,0,0,0.0
829,1778309443.8895962,decode,154,770570,0.9988398695987504,770994,154,1969.6083897781573,27078,0,154,770840,770994,770994,0.9993894732748732,0,27078,56,56,0,0,0.0
831,1778309443.9512496,decode,154,615537,0.7978806556357061,770724,154,1969.6083897781573,27022,0,154,770570,770724,770724,0.9990394898018705,0,27022,0,0,0,0,0.0
832,1778309444.0187438,decode,154,615475,0.797800289060424,770878,154,1969.6083897781573,27022,0,154,770724,770878,770878,0.9992391100049905,0,27022,31,31,0,0,0.0
835,1778309444.1439066,decode,154,770783,0.9991159676718969,770629,154,1969.6083897781573,26960,0,154,770475,770629,770629,0.9989163474687769,0,26960,31,0,0,0,0.0
836,1778309444.1785052,decode,154,450505,0.5839603870557964,770783,154,1969.6083897781573,26960,0,154,770629,770783,770783,0.9991159676718969,0,26960,0,0,0,0,0.0
837,1778309444.3126304,decode,154,770505,0.9987556143182128,770937,154,1969.6083897781573,26960,0,154,770783,770937,770937,0.9993155878750171,0,26960,64,64,0,0,0.0
839,1778309444.3702457,decode,154,770813,0.9991548547244529,770659,154,1969.6083897781573,26896,0,154,770505,770659,770659,0.9989552345213328,0,26896,0,0,0,0,0.0
840,1778309444.4033878,decode,154,405452,0.5255611077625038,770813,154,1969.6083897781573,26896,0,154,770659,770813,770813,0.9991548547244529,0,26896,0,0,0,0,0.0
841,1778309444.56405,decode,154,770452,0.9986869138586975,770967,154,1969.6083897781573,26896,0,154,770813,770967,770967,0.9993544749275729,0,26896,73,73,0,0,0.0
843,1778309444.6204891,decode,154,770760,0.9990861542649375,770606,154,1969.6083897781573,26823,0,154,770452,770606,770606,0.9988865340618175,0,26823,0,0,0,0,0.0
844,1778309444.6524959,decode,154,435513,0.5645272306585523,770760,154,1969.6083897781573,26823,0,154,770606,770760,770760,0.9990861542649375,0,26823,0,0,0,0,0.0
845,1778309444.795996,decode,154,770513,0.9987659841988943,770914,154,1969.6083897781573,26823,0,154,770760,770914,770914,0.9992857744680576,0,26823,67,67,0,0,0.0
847,1778309444.8541594,decode,154,630513,0.8172930722715872,770667,154,1969.6083897781573,26756,0,154,770513,770667,770667,0.9989656044020143,0,26756,0,0,0,0,0.0
848,1778309444.9148803,decode,154,600445,0.7783178757299424,770821,154,1969.6083897781573,26756,0,154,770667,770821,770821,0.9991652246051343,0,26756,28,28,0,0,0.0
851,1778309445.0403686,decode,154,770753,0.9990770806193411,770599,154,1969.6083897781573,26694,0,154,770445,770599,770599,0.998877460416221,0,26694,34,0,0,0,0.0
852,1778309445.0719879,decode,154,470503,0.6098824962895271,770753,154,1969.6083897781573,26694,0,154,770599,770753,770753,0.9990770806193411,0,26694,0,0,0,0,0.0
853,1778309445.195289,decode,154,770503,0.9987530218480424,770907,154,1969.6083897781573,26694,0,154,770753,770907,770907,0.9992767008224611,0,26694,60,60,0,0,0.0
855,1778309445.2524946,decode,154,770811,0.9991522622542824,770657,154,1969.6083897781573,26634,0,154,770503,770657,770657,0.9989526420511624,0,26634,0,0,0,0,0.0
856,1778309445.2845304,decode,154,485546,0.6293817606761162,770811,154,1969.6083897781573,26634,0,154,770657,770811,770811,0.9991522622542824,0,26634,0,0,0,0,0.0
857,1778309445.4002936,decode,154,770546,0.9988087599567057,770965,154,1969.6083897781573,26634,0,154,770811,770965,770965,0.9993518824574025,0,26634,57,57,0,0,0.0
859,1778309445.4576719,decode,154,770854,0.9992080003629458,770700,154,1969.6083897781573,26577,0,154,770546,770700,770700,0.9990083801598257,0,26577,0,0,0,0,0.0
860,1778309445.4902246,decode,154,475567,0.6164466307609549,770854,154,1969.6083897781573,26577,0,154,770700,770854,770854,0.9992080003629458,0,26577,0,0,0,0,0.0
861,1778309445.6118474,decode,154,770567,0.9988359808934948,771008,154,1969.6083897781573,26577,0,154,770854,771008,771008,0.9994076205660659,0,26577,59,59,0,0,0.0
863,1778309445.6754417,decode,154,620545,0.804372200942363,770721,154,1969.6083897781573,26518,0,154,770567,770721,770721,0.9990356010966149,0,26518,0,0,0,0,0.0
864,1778309445.7428544,decode,154,610481,0.7913268910449599,770875,154,1969.6083897781573,26518,0,154,770721,770875,770875,0.999235221299735,0,26518,30,30,0,0,0.0
867,1778309445.8717146,decode,154,770789,0.9991237450824082,770635,154,1969.6083897781573,26456,0,154,770481,770635,770635,0.9989241248792881,0,26456,32,0,0,0,0.0
868,1778309445.9078777,decode,154,445476,0.5774416208123505,770789,154,1969.6083897781573,26456,0,154,770635,770789,770789,0.9991237450824082,0,26456,0,0,0,0,0.0
869,1778309446.047349,decode,154,770476,0.9987180235007421,770943,154,1969.6083897781573,26456,0,154,770789,770943,770943,0.9993233652855282,0,26456,65,65,0,0,0.0
871,1778309446.1061814,decode,154,770784,0.9991172639069822,770630,154,1969.6083897781573,26391,0,154,770476,770630,770630,0.9989176437038622,0,26391,0,0,0,0,0.0
872,1778309446.1391673,decode,154,470510,0.6098915699351234,770784,154,1969.6083897781573,26391,0,154,770630,770784,770784,0.9991172639069822,0,26391,0,0,0,0,0.0
873,1778309446.2650795,decode,154,770510,0.9987620954936387,770938,154,1944.864196514468,26391,0,154,770784,770938,770938,0.9993168841101022,0,26391,60,60,0,0,0.0
875,1778309446.3215308,decode,154,770818,0.9991613358998788,770664,154,1944.864196514468,26331,0,154,770510,770664,770664,0.9989617156967587,0,26331,0,0,0,0,0.0
876,1778309446.3534708,decode,154,465573,0.6034920573195155,770818,154,1944.864196514468,26331,0,154,770664,770818,770818,0.9991613358998788,0,26331,0,0,0,0,0.0
877,1778309446.4798114,decode,154,770573,0.9988437583040061,770972,154,1944.864196514468,26331,0,154,770818,770972,770972,0.9993609561029988,0,26331,61,61,0,0,0.0
879,1778309446.5416613,decode,154,615540,0.7978845443409617,770727,154,1944.864196514468,26270,0,154,770573,770727,770727,0.9990433785071261,0,26270,0,0,0,0,0.0
880,1778309446.6090524,decode,154,610476,0.7913204098695339,770881,154,1944.864196514468,26270,0,154,770727,770881,770881,0.9992429987102461,0,26270,31,31,0,0,0.0
883,1778309446.7350154,decode,154,770784,0.9991172639069822,770630,154,1944.864196514468,26207,0,154,770476,770630,770630,0.9989176437038622,0,26207,32,0,0,0,0.0
884,1778309446.7702765,decode,154,425443,0.551474143350638,770784,154,1944.864196514468,26207,0,154,770630,770784,770784,0.9991172639069822,0,26207,0,0,0,0,0.0
885,1778309446.9201176,decode,154,770443,0.9986752477429307,770938,154,1944.864196514468,26207,0,154,770784,770938,770938,0.9993168841101022,0,26207,69,69,0,0,0.0
887,1778309446.9763052,decode,154,770751,0.9990744881491708,770597,154,1944.864196514468,26138,0,154,770443,770597,770597,0.9988748679460507,0,26138,0,0,0,0,0.0
888,1778309447.008397,decode,154,460511,0.5969305153182581,770751,154,1944.864196514468,26138,0,154,770597,770751,770751,0.9990744881491708,0,26138,0,0,0,0,0.0
889,1778309447.1364763,decode,154,770511,0.998763391728724,770905,154,1944.864196514468,26138,0,154,770751,770905,770905,0.9992741083522908,0,26138,62,62,0,0,0.0
891,1778309447.193046,decode,154,770819,0.999162632134964,770665,154,1944.864196514468,26076,0,154,770511,770665,770665,0.998963011931844,0,26076,0,0,0,0,0.0
892,1778309447.2263224,decode,154,475564,0.6164427420556993,770819,154,1944.864196514468,26076,0,154,770665,770819,770819,0.999162632134964,0,26076,0,0,0,0,0.0
893,1778309447.3481505,decode,154,770564,0.9988320921882392,770973,154,1944.864196514468,26076,0,154,770819,770973,770973,0.9993622523380841,0,26076,59,59,0,0,0.0
895,1778309447.410753,decode,154,620542,0.8043683122371074,770718,154,1944.864196514468,26017,0,154,770564,770718,770718,0.9990317123913594,0,26017,0,0,0,0,0.0
896,1778309447.4769673,decode,154,640490,0.8302256097165782,770872,154,1944.864196514468,26017,0,154,770718,770872,770872,0.9992313325944794,0,26017,30,30,0,0,0.0
899,1778309447.593648,decode,154,770798,0.999135411198175,770644,154,1944.864196514468,25961,0,154,770490,770644,770644,0.9989357909950549,0,25961,26,0,0,0,0.0
900,1778309447.6286993,decode,154,455499,0.5904337850712605,770798,154,1944.864196514468,25961,0,154,770644,770798,770798,0.999135411198175,0,25961,0,0,0,0,0.0
901,1778309447.7619774,decode,154,770499,0.9987478369077016,770952,154,1944.864196514468,25961,0,154,770798,770952,770952,0.999335031401295,0,25961,63,63,0,0,0.0
903,1778309447.8206744,decode,154,770807,0.9991470773139417,770653,154,1944.864196514468,25898,0,154,770499,770653,770653,0.9989474571108217,0,25898,0,0,0,0,0.0
904,1778309447.8540168,decode,154,480531,0.622881141723863,770807,154,1944.864196514468,25898,0,154,770653,770807,770807,0.9991470773139417,0,25898,0,0,0,0,0.0
905,1778309447.9738147,decode,154,770531,0.9987893164304278,770961,154,1944.864196514468,25898,0,154,770807,770961,770961,0.9993466975170617,0,25898,58,58,0,0,0.0
907,1778309448.0323558,decode,154,770839,0.9991885568366679,770685,154,1944.864196514468,25840,0,154,770531,770685,770685,0.9989889366335478,0,25840,0,0,0,0,0.0
908,1778309448.0665781,decode,154,465546,0.6034570589722152,770839,154,1944.864196514468,25840,0,154,770685,770839,770839,0.9991885568366679,0,25840,0,0,0,0,0.0
909,1778309448.1947277,decode,154,770546,0.9988087599567057,770993,154,1944.864196514468,25840,0,154,770839,770993,770993,0.9993881770397879,0,25840,61,61,0,0,0.0
911,1778309448.2567058,decode,154,640568,0.8303267160532234,770700,154,1944.864196514468,25779,0,154,770546,770700,770700,0.9990083801598257,0,25779,0,0,0,0,0.0
912,1778309448.3178194,decode,154,610504,0.7913567044519194,770854,154,1944.864196514468,25779,0,154,770700,770854,770854,0.9992080003629458,0,25779,26,26,0,0,0.0
915,1778309448.4407816,decode,154,770812,0.9991535584893676,770658,154,1944.864196514468,25721,0,154,770504,770658,770658,0.9989539382862476,0,25721,32,0,0,0,0.0
916,1778309448.4737048,decode,154,440472,0.5709552604460345,770812,154,1944.864196514468,25721,0,154,770658,770812,770812,0.9991535584893676,0,25721,0,0,0,0,0.0
917,1778309448.614412,decode,154,770472,0.9987128385604013,770966,154,1944.864196514468,25721,0,154,770812,770966,770966,0.9993531786924876,0,25721,66,66,0,0,0.0
919,1778309448.6723673,decode,154,770780,0.9991120789666413,770626,154,1944.864196514468,25655,0,154,770472,770626,770626,0.9989124587635213,0,25655,0,0,0,0,0.0
920,1778309448.7056384,decode,154,470514,0.6098967548754642,770780,154,1944.864196514468,25655,0,154,770626,770780,770780,0.9991120789666413,0,25655,0,0,0,0,0.0
921,1778309448.8295317,decode,154,770514,0.9987672804339796,770934,154,1944.864196514468,25655,0,154,770780,770934,770934,0.9993116991697615,0,25655,60,60,0,0,0.0
923,1778309448.8842924,decode,154,770822,0.9991665208402196,770668,154,1944.864196514468,25595,0,154,770514,770668,770668,0.9989669006370996,0,25595,0,0,0,0,0.0
924,1778309448.915025,decode,154,435543,0.5645661177111081,770822,154,1944.864196514468,25595,0,154,770668,770822,770822,0.9991665208402196,0,25595,0,0,0,0,0.0
925,1778309449.055373,decode,154,770543,0.9988048712514501,770976,154,1944.864196514468,25595,0,154,770822,770976,770976,0.9993661410433397,0,25595,67,67,0,0,0.0
927,1778309449.1128643,decode,154,625532,0.8108365253122306,770697,154,1944.864196514468,25528,0,154,770543,770697,770697,0.9990044914545702,0,25528,0,0,0,0,0.0
928,1778309449.1745603,decode,154,590460,0.7653749684042698,770851,154,1944.864196514468,25528,0,154,770697,770851,770851,0.9992041116576902,0,25528,29,29,0,0,0.0
931,1778309449.3003018,decode,154,770768,0.999096524145619,770614,154,1944.864196514468,25463,0,154,770460,770614,770614,0.998896903942499,0,25463,36,0,0,0,0.0
932,1778309449.3326035,decode,154,420424,0.5449683394580441,770768,154,2008.1291098447616,25463,0,154,770614,770768,770768,0.999096524145619,0,25463,0,0,0,0,0.0
933,1778309449.481376,decode,154,770424,0.9986506192763119,770922,154,2008.1291098447616,25463,0,154,770768,770922,770922,0.999296144348739,0,25463,70,70,0,0,0.0
935,1778309449.5364087,decode,154,770732,0.999049859682552,770578,154,2008.1291098447616,25393,0,154,770424,770578,770578,0.998850239479432,0,25393,0,0,0,0,0.0
936,1778309449.5674045,decode,154,465527,0.6034324305055965,770732,154,2008.1291098447616,25393,0,154,770578,770732,770732,0.999049859682552,0,25393,0,0,0,0,0.0
937,1778309449.6928768,decode,154,770527,0.998784131490087,770886,154,2008.1291098447616,25393,0,154,770732,770886,770886,0.999249479885672,0,25393,61,61,0,0,0.0
939,1778309449.747297,decode,154,770835,0.9991833718963271,770681,154,2008.1291098447616,25332,0,154,770527,770681,770681,0.9989837516932071,0,25332,0,0,0,0,0.0
940,1778309449.7807488,decode,154,430537,0.5580771648746217,770835,154,2008.1291098447616,25332,0,154,770681,770835,770835,0.9991833718963271,0,25332,0,0,0,0,0.0
941,1778309449.9251702,decode,154,770537,0.998797093840939,770989,154,2008.1291098447616,25332,0,154,770835,770989,770989,0.9993829920994471,0,25332,68,68,0,0,0.0
943,1778309449.9852345,decode,154,615504,0.7978378798778947,770691,154,2008.1291098447616,25264,0,154,770537,770691,770691,0.998996714044059,0,25264,0,0,0,0,0.0
944,1778309450.0512507,decode,154,605438,0.7847899775103213,770845,154,2008.1291098447616,25264,0,154,770691,770845,770845,0.999196334247179,0,25264,31,31,0,0,0.0
947,1778309450.1724856,decode,154,770746,0.9990680069737448,770592,154,2008.1291098447616,25200,0,154,770438,770592,770592,0.9988683867706247,0,25200,33,0,0,0,0.0
948,1778309450.2042525,decode,154,440454,0.570931928214501,770746,154,2008.1291098447616,25200,0,154,770592,770746,770746,0.9990680069737448,0,25200,0,0,0,0,0.0
949,1778309450.342765,decode,154,770454,0.9986895063288678,770900,154,2008.1291098447616,25200,0,154,770746,770900,770900,0.9992676271768648,0,25200,66,66,0,0,0.0
951,1778309450.397412,decode,154,770762,0.9990887467351078,770608,154,2008.1291098447616,25134,0,154,770454,770608,770608,0.9988891265319878,0,25134,0,0,0,0,0.0
952,1778309450.4298444,decode,154,470544,0.6099356419280201,770762,154,2008.1291098447616,25134,0,154,770608,770762,770762,0.9990887467351078,0,25134,0,0,0,0,0.0
953,1778309450.5534174,decode,154,770544,0.9988061674865354,770916,154,2008.1291098447616,25134,0,154,770762,770916,770916,0.9992883669382279,0,25134,60,60,0,0,0.0
955,1778309450.6089122,decode,154,770852,0.9992054078927755,770698,154,2008.1291098447616,25074,0,154,770544,770698,770698,0.9990057876896554,0,25074,0,0,0,0,0.0
956,1778309450.6414082,decode,154,445531,0.5775129137420363,770852,154,2008.1291098447616,25074,0,154,770698,770852,770852,0.9992054078927755,0,25074,0,0,0,0,0.0
957,1778309450.7773433,decode,154,770531,0.9987893164304278,771006,154,2008.1291098447616,25074,0,154,770852,771006,771006,0.9994050280958955,0,25074,65,65,0,0,0.0
959,1778309450.8359094,decode,154,625520,0.8108209704912083,770685,154,2008.1291098447616,25009,0,154,770531,770685,770685,0.9989889366335478,0,25009,0,0,0,0,0.0
960,1778309450.8974996,decode,154,625462,0.810745788856267,770839,154,2008.1291098447616,25009,0,154,770685,770839,770839,0.9991885568366679,0,25009,29,29,0,0,0.0
963,1778309451.0088005,decode,154,770770,0.9990991166157894,770616,154,2008.1291098447616,24951,0,154,770462,770616,770616,0.9988994964126694,0,24951,29,0,0,0,0.0
964,1778309451.039245,decode,154,480510,0.6228539207870739,770770,154,2008.1291098447616,24951,0,154,770616,770770,770770,0.9990991166157894,0,24951,0,0,0,0,0.0
965,1778309451.1560252,decode,154,770510,0.9987620954936387,770924,154,2008.1291098447616,24951,0,154,770770,770924,770924,0.9992987368189095,0,24951,58,58,0,0,0.0
967,1778309451.2099679,decode,154,770818,0.9991613358998788,770664,154,2008.1291098447616,24893,0,154,770510,770664,770664,0.9989617156967587,0,24893,0,0,0,0,0.0
968,1778309451.241513,decode,154,455543,0.5904908194150091,770818,154,2008.1291098447616,24893,0,154,770664,770818,770818,0.9991613358998788,0,24893,0,0,0,0,0.0
969,1778309451.3722537,decode,154,770543,0.9988048712514501,770972,154,2008.1291098447616,24893,0,154,770818,770972,770972,0.9993609561029988,0,24893,63,63,0,0,0.0
971,1778309451.4265463,decode,154,770851,0.9992041116576902,770697,154,2008.1291098447616,24830,0,154,770543,770697,770697,0.9990044914545702,0,24830,0,0,0,0,0.0
972,1778309451.4571726,decode,154,450525,0.5839863117575004,770851,154,2008.1291098447616,24830,0,154,770697,770851,770851,0.9992041116576902,0,24830,0,0,0,0,0.0
973,1778309451.589118,decode,154,770525,0.9987815390199166,771005,154,2008.1291098447616,24830,0,154,770851,771005,771005,0.9994037318608103,0,24830,64,64,0,0,0.0
975,1778309451.6454306,decode,154,620503,0.8043177590687847,770679,154,2008.1291098447616,24766,0,154,770525,770679,770679,0.9989811592230367,0,24766,0,0,0,0,0.0
976,1778309451.7084713,decode,154,620443,0.804239984963673,770833,154,2008.1291098447616,24766,0,154,770679,770833,770833,0.9991807794261567,0,24766,30,30,0,0,0.0
979,1778309451.8219254,decode,154,770751,0.9990744881491708,770597,154,2008.1291098447616,24706,0,154,770443,770597,770597,0.9988748679460507,0,24706,30,0,0,0,0.0
980,1778309451.8539524,decode,154,480531,0.622881141723863,770751,154,2008.1291098447616,24706,0,154,770597,770751,770751,0.9990744881491708,0,24706,0,0,0,0,0.0
981,1778309451.9725993,decode,154,770531,0.9987893164304278,770905,154,2008.1291098447616,24706,0,154,770751,770905,770905,0.9992741083522908,0,24706,58,58,0,0,0.0
983,1778309452.0261889,decode,154,770839,0.9991885568366679,770685,154,2008.1291098447616,24648,0,154,770531,770685,770685,0.9989889366335478,0,24648,0,0,0,0,0.0
984,1778309452.0567422,decode,154,455524,0.5904661909483904,770839,154,2008.1291098447616,24648,0,154,770685,770839,770839,0.9991885568366679,0,24648,0,0,0,0,0.0
985,1778309452.1861365,decode,154,770524,0.9987802427848315,770993,154,2008.1291098447616,24648,0,154,770839,770993,770993,0.9993881770397879,0,24648,63,63,0,0,0.0
987,1778309452.2391863,decode,154,770832,0.9991794831910715,770678,154,2008.1291098447616,24585,0,154,770524,770678,770678,0.9989798629879515,0,24585,0,0,0,0,0.0
988,1778309452.2705393,decode,154,415501,0.5385869741336289,770832,154,2008.1291098447616,24585,0,154,770678,770832,770832,0.9991794831910715,0,24585,0,0,0,0,0.0
989,1778309452.4233363,decode,154,770501,0.998750429377872,770986,154,1993.0621779260084,24585,0,154,770832,770986,770986,0.9993791033941916,0,24585,71,71,0,0,0.0
991,1778309452.4808874,decode,154,635512,0.8237729514624772,770655,154,1993.0621779260084,24514,0,154,770501,770655,770655,0.998950049580992,0,24514,0,0,0,0,0.0
992,1778309452.539376,decode,154,600444,0.7783165794948572,770809,154,1993.0621779260084,24514,0,154,770655,770809,770809,0.999149669784112,0,24514,27,27,0,0,0.0
995,1778309452.6620352,decode,154,770752,0.9990757843842559,770598,154,1993.0621779260084,24453,0,154,770444,770598,770598,0.9988761641811359,0,24453,34,0,0,0,0.0
996,1778309452.694034,decode,154,470486,0.6098604602930787,770752,154,1993.0621779260084,24453,0,154,770598,770752,770752,0.9990757843842559,0,24453,0,0,0,0,0.0
997,1778309452.819157,decode,154,770486,0.998730985851594,770906,154,1993.0621779260084,24453,0,154,770752,770906,770906,0.999275404587376,0,24453,60,60,0,0,0.0
999,1778309452.8756266,decode,154,770794,0.9991302262578341,770640,154,1993.0621779260084,24393,0,154,770486,770640,770640,0.9989306060547141,0,24393,0,0,0,0,0.0
1000,1778309452.9071174,decode,154,505581,0.6553518306079991,770794,154,1993.0621779260084,24393,0,154,770640,770794,770794,0.9991302262578341,0,24393,0,0,0,0,0.0
1001,1778309453.0145047,decode,154,770581,0.9988541281846876,770948,154,1993.0621779260084,24393,0,154,770794,770948,770948,0.9993298464609541,0,24393,53,53,0,0,0.0
1003,1778309453.0686095,decode,154,770889,0.9992533685909276,770735,154,1993.0621779260084,24340,0,154,770581,770735,770735,0.9990537483878076,0,24340,0,0,0,0,0.0
1004,1778309453.1002536,decode,154,465564,0.6034803912037487,770889,154,1993.0621779260084,24340,0,154,770735,770889,770889,0.9992533685909276,0,24340,0,0,0,0,0.0
1005,1778309453.2252517,decode,154,770564,0.9988320921882392,771043,154,1993.0621779260084,24340,0,154,770889,771043,771043,0.9994529887940476,0,24340,61,61,0,0,0.0
1007,1778309453.2820604,decode,154,615531,0.7978728782251949,770718,154,1993.0621779260084,24279,0,154,770564,770718,770718,0.9990317123913594,0,24279,0,0,0,0,0.0
1008,1778309453.3465638,decode,154,625473,0.8107600474422041,770872,154,1993.0621779260084,24279,0,154,770718,770872,770872,0.9992313325944794,0,24279,31,31,0,0,0.0
1011,1778309453.4580216,decode,154,770781,0.9991133752017266,770627,154,1993.0621779260084,24219,0,154,770473,770627,770627,0.9989137549986066,0,24219,29,0,0,0,0.0
1012,1778309453.4880624,decode,154,470491,0.6098669414685047,770781,154,1993.0621779260084,24219,0,154,770627,770781,770781,0.9991133752017266,0,24219,0,0,0,0,0.0
1013,1778309453.610107,decode,154,770491,0.99873746702702,770935,154,1993.0621779260084,24219,0,154,770781,770935,770935,0.9993129954048466,0,24219,60,60,0,0,0.0
1015,1778309453.6629925,decode,154,770799,0.9991367074332601,770645,154,1993.0621779260084,24159,0,154,770491,770645,770645,0.9989370872301401,0,24159,0,0,0,0,0.0
1016,1778309453.6925888,decode,154,475544,0.6164168173539953,770799,154,1993.0621779260084,24159,0,154,770645,770799,770799,0.9991367074332601,0,24159,0,0,0,0,0.0
1017,1778309453.811291,decode,154,770544,0.9988061674865354,770953,154,1993.0621779260084,24159,0,154,770799,770953,770953,0.9993363276363801,0,24159,59,59,0,0,0.0
1019,1778309453.862978,decode,154,770852,0.9992054078927755,770698,154,1993.0621779260084,24100,0,154,770544,770698,770698,0.9990057876896554,0,24100,0,0,0,0,0.0
1020,1778309453.8927605,decode,154,470570,0.6099693440402352,770852,154,1993.0621779260084,24100,0,154,770698,770852,770852,0.9992054078927755,0,24100,0,0,0,0,0.0
1021,1778309454.0141616,decode,154,770570,0.9988398695987504,771006,154,1993.0621779260084,24100,0,154,770852,771006,771006,0.9994050280958955,0,24100,60,60,0,0,0.0
1023,1778309454.069725,decode,154,605515,0.7848897876118813,770724,154,1993.0621779260084,24040,0,154,770570,770724,770724,0.9990394898018705,0,24040,0,0,0,0,0.0
1024,1778309454.1369083,decode,154,590443,0.7653529324078214,770878,154,1993.0621779260084,24040,0,154,770724,770878,770878,0.9992391100049905,0,24040,33,33,0,0,0.0
1027,1778309454.2584069,decode,154,770751,0.9990744881491708,770597,154,1993.0621779260084,23971,0,154,770443,770597,770597,0.9988748679460507,0,23971,36,0,0,0,0.0
1028,1778309454.287897,decode,154,470485,0.6098591640579936,770751,154,1993.0621779260084,23971,0,154,770597,770751,770751,0.9990744881491708,0,23971,0,0,0,0,0.0
1029,1778309454.4095728,decode,154,770485,0.9987296896165089,770905,154,1993.0621779260084,23971,0,154,770751,770905,770905,0.9992741083522908,0,23971,60,60,0,0,0.0
1031,1778309454.462942,decode,154,770793,0.9991289300227489,770639,154,1993.0621779260084,23911,0,154,770485,770639,770639,0.9989293098196289,0,23911,0,0,0,0,0.0
1032,1778309454.4946074,decode,154,465516,0.6034181719196593,770793,154,1993.0621779260084,23911,0,154,770639,770793,770793,0.9991289300227489,0,23911,0,0,0,0,0.0
1033,1778309454.6209242,decode,154,770516,0.9987698729041499,770947,154,1993.0621779260084,23911,0,154,770793,770947,770947,0.999328550225869,0,23911,61,61,0,0,0.0
1035,1778309454.6763775,decode,154,770824,0.9991691133103899,770670,154,1993.0621779260084,23850,0,154,770516,770670,770670,0.9989694931072699,0,23850,0,0,0,0,0.0
1036,1778309454.7082245,decode,154,500624,0.6489263932906872,770824,154,1993.0621779260084,23850,0,154,770670,770824,770824,0.9991691133103899,0,23850,0,0,0,0,0.0
1037,1778309454.8174844,decode,154,770624,0.998909866293351,770978,154,1993.0621779260084,23850,0,154,770824,770978,770978,0.99936873351351,0,23850,54,54,0,0,0.0
1039,1778309454.873916,decode,154,575503,0.7459871802350074,770778,154,1993.0621779260084,23796,0,154,770624,770778,770778,0.999109486496471,0,23796,0,0,0,0,0.0
1040,1778309454.953036,decode,154,625445,0.8107237528598187,770932,154,1993.0621779260084,23796,0,154,770778,770932,770932,0.999309106699591,0,23796,39,39,0,0,0.0
1043,1778309455.0645473,decode,154,770753,0.9990770806193411,770599,154,1993.0621779260084,23728,0,154,770445,770599,770599,0.998877460416221,0,23728,29,0,0,0,0.0
1044,1778309455.0963042,decode,154,410451,0.5320409869533939,770753,154,1993.0621779260084,23728,0,154,770599,770753,770753,0.9990770806193411,0,23728,0,0,0,0,0.0
1045,1778309455.252697,decode,154,770451,0.9986856176236122,770907,154,1993.0621779260084,23728,0,154,770753,770907,770907,0.9992767008224611,0,23728,72,72,0,0,0.0
1047,1778309455.3054702,decode,154,770759,0.9990848580298523,770605,154,1993.0621779260084,23656,0,154,770451,770605,770605,0.9988852378267322,0,23656,0,0,0,0,0.0
1048,1778309455.3377693,decode,154,440467,0.5709487792706085,770759,154,2113.623247118148,23656,0,154,770605,770759,770759,0.9990848580298523,0,23656,0,0,0,0,0.0
1049,1778309455.476755,decode,154,770467,0.9987063573849754,770913,154,2113.623247118148,23656,0,154,770759,770913,770913,0.9992844782329723,0,23656,66,66,0,0,0.0
1051,1778309455.5267208,decode,154,770775,0.9991055977912154,770621,154,2113.623247118148,23590,0,154,770467,770621,770621,0.9989059775880954,0,23590,0,0,0,0,0.0
1052,1778309455.5542567,decode,154,475552,0.6164271872346769,770775,154,2113.623247118148,23590,0,154,770621,770775,770775,0.9991055977912154,0,23590,0,0,0,0,0.0
1053,1778309455.6720796,decode,154,770552,0.9988165373672169,770929,154,2113.623247118148,23590,0,154,770775,770929,770929,0.9993052179943355,0,23590,59,59,0,0,0.0
1055,1778309455.7246442,decode,154,640574,0.8303344934637346,770706,154,2113.623247118148,23531,0,154,770552,770706,770706,0.9990161575703369,0,23531,0,0,0,0,0.0
1056,1778309455.7785397,decode,154,640522,0.8302670892393045,770860,154,2113.623247118148,23531,0,154,770706,770860,770860,0.999215777773457,0,23531,26,26,0,0,0.0
1059,1778309455.883858,decode,154,770830,0.9991768907209011,770676,154,2113.623247118148,23479,0,154,770522,770676,770676,0.9989772705177811,0,23479,26,0,0,0,0.0
1060,1778309455.9143813,decode,154,460502,0.5969188492024914,770830,154,2113.623247118148,23479,0,154,770676,770830,770830,0.9991768907209011,0,23479,0,0,0,0,0.0
1061,1778309456.040705,decode,154,770502,0.9987517256129572,770984,154,2113.623247118148,23479,0,154,770830,770984,770984,0.9993765109240211,0,23479,62,62,0,0,0.0
1063,1778309456.0906484,decode,154,770810,0.9991509660191973,770656,154,2113.623247118148,23417,0,154,770502,770656,770656,0.9989513458160773,0,23417,0,0,0,0,0.0
1064,1778309456.120166,decode,154,445513,0.5774895815105028,770810,154,2113.623247118148,23417,0,154,770656,770810,770810,0.9991509660191973,0,23417,0,0,0,0,0.0
1065,1778309456.2535732,decode,154,770513,0.9987659841988943,770964,154,2113.623247118148,23417,0,154,770810,770964,770964,0.9993505862223173,0,23417,65,65,0,0,0.0
1067,1778309456.303631,decode,154,770821,0.9991652246051343,770667,154,2113.623247118148,23352,0,154,770513,770667,770667,0.9989656044020143,0,23352,0,0,0,0,0.0
1068,1778309456.3326132,decode,154,450519,0.5839785343469892,770821,154,2113.623247118148,23352,0,154,770667,770821,770821,0.9991652246051343,0,23352,0,0,0,0,0.0
1069,1778309456.4629245,decode,154,770519,0.9987737616094055,770975,154,2113.623247118148,23352,0,154,770821,770975,770975,0.9993648448082544,0,23352,64,64,0,0,0.0
1071,1778309456.5157332,decode,154,635530,0.8237962836940107,770673,154,2113.623247118148,23288,0,154,770519,770673,770673,0.9989733818125255,0,23288,0,0,0,0,0.0
1072,1778309456.5716012,decode,154,610466,0.791307447518682,770827,154,2113.623247118148,23288,0,154,770673,770827,770827,0.9991730020156455,0,23288,27,27,0,0,0.0
1075,1778309456.684656,decode,154,770774,0.9991043015561302,770620,154,2113.623247118148,23229,0,154,770466,770620,770620,0.9989046813530101,0,23229,32,0,0,0,0.0
1076,1778309456.7129676,decode,154,510540,0.6617798603954813,770774,154,2113.623247118148,23229,0,154,770620,770774,770774,0.9991043015561302,0,23229,0,0,0,0,0.0
1077,1778309456.8143094,decode,154,770540,0.9988009825461945,770928,154,2113.623247118148,23229,0,154,770774,770928,770928,0.9993039217592502,0,23229,52,52,0,0,0.0
1079,1778309456.864,decode,154,770848,0.9992002229524346,770694,154,2113.623247118148,23177,0,154,770540,770694,770694,0.9990006027493146,0,23177,0,0,0,0,0.0
1080,1778309456.892045,decode,154,495565,0.6423687399946855,770848,154,2113.623247118148,23177,0,154,770694,770848,770848,0.9992002229524346,0,23177,0,0,0,0,0.0
1081,1778309457.000006,decode,154,770565,0.9988333884233245,771002,154,2113.623247118148,23177,0,154,770848,771002,771002,0.9993998431555547,0,23177,55,55,0,0,0.0
1083,1778309457.0502489,decode,154,770873,0.9992326288295645,770719,154,2113.623247118148,23122,0,154,770565,770719,770719,0.9990330086264445,0,23122,0,0,0,0,0.0
1084,1778309457.079232,decode,154,465588,0.6035115008457934,770873,154,2113.623247118148,23122,0,154,770719,770873,770873,0.9992326288295645,0,23122,0,0,0,0,0.0
1085,1778309457.20243,decode,154,770588,0.998863201830284,771027,154,2113.623247118148,23122,0,154,770873,771027,771027,0.9994322490326846,0,23122,61,61,0,0,0.0
1087,1778309457.2566404,decode,154,590500,0.7654268178076776,770742,154,2113.623247118148,23061,0,154,770588,770742,770742,0.999062822033404,0,23061,0,0,0,0,0.0
1088,1778309457.3292348,decode,154,625442,0.8107198641545631,770896,154,2113.623247118148,23061,0,154,770742,770896,770896,0.999262442236524,0,23061,36,36,0,0,0.0
1091,1778309457.4423778,decode,154,770750,0.9990731919140855,770596,154,2113.623247118148,22996,0,154,770442,770596,770596,0.9988735717109655,0,22996,29,0,0,0,0.0
1092,1778309457.4734805,decode,154,440458,0.5709371131548417,770750,154,2113.623247118148,22996,0,154,770596,770750,770750,0.9990731919140855,0,22996,0,0,0,0,0.0
1093,1778309457.6115801,decode,154,770458,0.9986946912692086,770904,154,2113.623247118148,22996,0,154,770750,770904,770904,0.9992728121172055,0,22996,66,66,0,0,0.0
1095,1778309457.664184,decode,154,770766,0.9990939316754487,770612,154,2113.623247118148,22930,0,154,770458,770612,770612,0.9988943114723287,0,22930,0,0,0,0,0.0
1096,1778309457.694621,decode,154,495547,0.642345407763152,770766,154,2113.623247118148,22930,0,154,770612,770766,770766,0.9990939316754487,0,22930,0,0,0,0,0.0
1097,1778309457.8035893,decode,154,770547,0.998810056191791,770920,154,2113.623247118148,22930,0,154,770766,770920,770920,0.9992935518785687,0,22930,55,55,0,0,0.0
1099,1778309457.8553343,decode,154,770855,0.999209296598031,770701,154,2113.623247118148,22875,0,154,770547,770701,770701,0.999009676394911,0,22875,0,0,0,0,0.0
1100,1778309457.8857298,decode,154,455564,0.5905180403517982,770855,154,2113.623247118148,22875,0,154,770701,770855,770855,0.999209296598031,0,22875,0,0,0,0,0.0
1101,1778309458.014414,decode,154,770564,0.9988320921882392,771009,154,2113.623247118148,22875,0,154,770855,771009,771009,0.9994089168011511,0,22875,63,63,0,0,0.0
1103,1778309458.069233,decode,154,620542,0.8043683122371074,770718,154,2113.623247118148,22812,0,154,770564,770718,770718,0.9990317123913594,0,22812,0,0,0,0,0.0
1104,1778309458.1312184,decode,154,580466,0.7524203949628304,770872,154,2113.623247118148,22812,0,154,770718,770872,770872,0.9992313325944794,0,22812,30,30,0,0,0.0
1107,1778309458.2524207,decode,154,770774,0.9991043015561302,770620,154,2113.4518256589804,22744,0,154,770466,770620,770620,0.9989046813530101,0,22744,38,0,0,0,0.0
1108,1778309458.2807603,decode,154,450440,0.5838761317752588,770774,154,2113.4518256589804,22744,0,154,770620,770774,770774,0.9991043015561302,0,22744,0,0,0,0,0.0
1109,1778309458.4106224,decode,154,770440,0.9986713590376751,770928,154,2113.4518256589804,22744,0,154,770774,770928,770928,0.9993039217592502,0,22744,64,64,0,0,0.0
1111,1778309458.4598484,decode,154,770748,0.9990705994439152,770594,154,2113.4518256589804,22680,0,154,770440,770594,770594,0.9988709792407952,0,22680,0,0,0,0,0.0
1112,1778309458.491218,decode,154,480536,0.622887622899289,770748,154,2113.4518256589804,22680,0,154,770594,770748,770748,0.9990705994439152,0,22680,0,0,0,0,0.0
1113,1778309458.6062624,decode,154,770536,0.9987957976058538,770902,154,2113.4518256589804,22680,0,154,770748,770902,770902,0.9992702196470352,0,22680,58,58,0,0,0.0
1115,1778309458.6559849,decode,154,770844,0.9991950380120939,770690,154,2113.4518256589804,22622,0,154,770536,770690,770690,0.9989954178089738,0,22622,0,0,0,0,0.0
1116,1778309458.684215,decode,154,490630,0.6359718198492479,770844,154,2113.4518256589804,22622,0,154,770690,770844,770844,0.9991950380120939,0,22622,0,0,0,0,0.0
1117,1778309458.7948956,decode,154,770630,0.9989176437038622,770998,154,2113.4518256589804,22622,0,154,770844,770998,770998,0.9993946582152139,0,22622,56,56,0,0,0.0
1119,1778309458.8473592,decode,154,565487,0.7330040896216938,770784,154,2113.4518256589804,22566,0,154,770630,770784,770784,0.9991172639069822,0,22566,0,0,0,0,0.0
1120,1778309458.9274683,decode,154,625429,0.8107030130984555,770938,154,2113.4518256589804,22566,0,154,770784,770938,770938,0.9993168841101022,0,22566,41,41,0,0,0.0
1123,1778309459.0320947,decode,154,770737,0.999056340857978,770583,154,2113.4518256589804,22496,0,154,770429,770583,770583,0.998856720654858,0,22496,29,0,0,0,0.0
1124,1778309459.0607278,decode,154,450459,0.5839007602418774,770737,154,2113.4518256589804,22496,0,154,770583,770737,770737,0.999056340857978,0,22496,0,0,0,0,0.0
1125,1778309459.1913314,decode,154,770459,0.9986959875042938,770891,154,2113.4518256589804,22496,0,154,770737,770891,770891,0.999255961061098,0,22496,64,64,0,0,0.0
1127,1778309459.241301,decode,154,770767,0.9990952279105338,770613,154,2113.4518256589804,22432,0,154,770459,770613,770613,0.9988956077074138,0,22432,0,0,0,0,0.0
1128,1778309459.2718525,decode,154,440507,0.5710006286740164,770767,154,2113.4518256589804,22432,0,154,770613,770767,770767,0.9990952279105338,0,22432,0,0,0,0,0.0
1129,1778309459.4095266,decode,154,770507,0.9987582067883831,770921,154,2113.4518256589804,22432,0,154,770767,770921,770921,0.9992948481136539,0,22432,66,66,0,0,0.0
1131,1778309459.4603271,decode,154,770815,0.9991574471946232,770661,154,2113.4518256589804,22366,0,154,770507,770661,770661,0.9989578269915032,0,22366,0,0,0,0,0.0
1132,1778309459.490245,decode,154,495588,0.6423985534016449,770815,154,2113.4518256589804,22366,0,154,770661,770815,770815,0.9991574471946232,0,22366,0,0,0,0,0.0
1133,1778309459.5999687,decode,154,770588,0.998863201830284,770969,154,2113.4518256589804,22366,0,154,770815,770969,770969,0.9993570673977432,0,22366,55,55,0,0,0.0
1135,1778309459.653168,decode,154,590500,0.7654268178076776,770742,154,2113.4518256589804,22311,0,154,770588,770742,770742,0.999062822033404,0,22311,0,0,0,0,0.0
1136,1778309459.724573,decode,154,645450,0.8366549357391456,770896,154,2113.4518256589804,22311,0,154,770742,770896,770896,0.999262442236524,0,22311,36,36,0,0,0.0
1139,1778309459.8256094,decode,154,770758,0.9990835617947671,770604,154,2113.4518256589804,22250,0,154,770450,770604,770604,0.9988839415916471,0,22250,25,0,0,0,0.0
1140,1778309459.8546345,decode,154,490544,0.6358603436319211,770758,154,2113.4518256589804,22250,0,154,770604,770758,770758,0.9990835617947671,0,22250,0,0,0,0,0.0
1141,1778309459.9654481,decode,154,770544,0.9988061674865354,770912,154,2113.4518256589804,22250,0,154,770758,770912,770912,0.9992831819978871,0,22250,56,56,0,0,0.0
1143,1778309460.0149102,decode,154,770852,0.9992054078927755,770698,154,2113.4518256589804,22194,0,154,770544,770698,770698,0.9990057876896554,0,22194,0,0,0,0,0.0
1144,1778309460.0446315,decode,154,435501,0.5645116758375299,770852,154,2113.4518256589804,22194,0,154,770698,770852,770852,0.9992054078927755,0,22194,0,0,0,0,0.0
1145,1778309460.1833417,decode,154,770501,0.998750429377872,771006,154,2113.4518256589804,22194,0,154,770852,771006,771006,0.9994050280958955,0,22194,67,67,0,0,0.0
1147,1778309460.2322834,decode,154,770809,0.999149669784112,770655,154,2113.4518256589804,22127,0,154,770501,770655,770655,0.998950049580992,0,22127,0,0,0,0,0.0
1148,1778309460.2610369,decode,154,420513,0.5450837043806265,770809,154,2113.4518256589804,22127,0,154,770655,770809,770809,0.999149669784112,0,22127,0,0,0,0,0.0
1149,1778309460.4065375,decode,154,770513,0.9987659841988943,770963,154,2113.4518256589804,22127,0,154,770809,770963,770963,0.999349289987232,0,22127,70,70,0,0,0.0
1151,1778309460.4574823,decode,154,620491,0.8043022042477623,770667,154,2113.4518256589804,22057,0,154,770513,770667,770667,0.9989656044020143,0,22057,0,0,0,0,0.0
1152,1778309460.5169394,decode,154,610427,0.7912568943503594,770821,154,2113.4518256589804,22057,0,154,770667,770821,770821,0.9991652246051343,0,22057,30,30,0,0,0.0
1155,1778309460.6252587,decode,154,770735,0.9990537483878076,770581,154,2113.4518256589804,21995,0,154,770427,770581,770581,0.9988541281846876,0,21995,32,0,0,0,0.0
1156,1778309460.652665,decode,154,460487,0.5968994056762135,770735,154,2113.4518256589804,21995,0,154,770581,770735,770735,0.9990537483878076,0,21995,0,0,0,0,0.0
1157,1778309460.7767992,decode,154,770487,0.9987322820866792,770889,154,2113.4518256589804,21995,0,154,770735,770889,770889,0.9992533685909276,0,21995,62,62,0,0,0.0
1159,1778309460.8245919,decode,154,770795,0.9991315224929194,770641,154,2113.4518256589804,21933,0,154,770487,770641,770641,0.9989319022897992,0,21933,0,0,0,0,0.0
1160,1778309460.8528187,decode,154,525586,0.6812830134873261,770795,154,2113.4518256589804,21933,0,154,770641,770795,770795,0.9991315224929194,0,21933,0,0,0,0,0.0
1161,1778309460.9468653,decode,154,770586,0.9988606093601136,770949,154,2113.4518256589804,21933,0,154,770795,770949,770949,0.9993311426960394,0,21933,49,49,0,0,0.0
1163,1778309460.994757,decode,154,770894,0.9992598497663536,770740,154,2113.4518256589804,21884,0,154,770586,770740,770740,0.9990602295632336,0,21884,0,0,0,0,0.0
1164,1778309461.0225694,decode,154,460558,0.5969914383672623,770894,154,2223.7113062973913,21884,0,154,770740,770894,770894,0.9992598497663536,0,21884,0,0,0,0,0.0
1165,1778309461.147854,decode,154,770558,0.998824314777728,771048,154,2223.7113062973913,21884,0,154,770894,771048,771048,0.9994594699694737,0,21884,62,62,0,0,0.0
1167,1778309461.198787,decode,154,635569,0.8238468368623334,770712,154,2223.7113062973913,21822,0,154,770558,770712,770712,0.9990239349808481,0,21822,0,0,0,0,0.0
1168,1778309461.2541049,decode,154,600501,0.7783904648947133,770866,154,2223.7113062973913,21822,0,154,770712,770866,770866,0.9992235551839682,0,21822,27,27,0,0,0.0
1171,1778309461.365781,decode,154,770809,0.999149669784112,770655,154,2223.7113062973913,21761,0,154,770501,770655,770655,0.998950049580992,0,21761,34,0,0,0,0.0
1172,1778309461.3936124,decode,154,455454,0.5903754544924268,770809,154,2223.7113062973913,21761,0,154,770655,770809,770809,0.999149669784112,0,21761,0,0,0,0,0.0
1173,1778309461.5205688,decode,154,770454,0.9986895063288678,770963,154,2223.7113062973913,21761,0,154,770809,770963,770963,0.999349289987232,0,21761,63,63,0,0,0.0
1175,1778309461.5677197,decode,154,770762,0.9990887467351078,770608,154,2223.7113062973913,21698,0,154,770454,770608,770608,0.9988891265319878,0,21698,0,0,0,0,0.0
1176,1778309461.594449,decode,154,500554,0.6488356568347236,770762,154,2223.7113062973913,21698,0,154,770608,770762,770762,0.9990887467351078,0,21698,0,0,0,0,0.0
1177,1778309461.6988351,decode,154,770554,0.9988191298373873,770916,154,2223.7113062973913,21698,0,154,770762,770916,770916,0.9992883669382279,0,21698,54,54,0,0,0.0
1179,1778309461.7442966,decode,154,770862,0.9992183702436274,770708,154,2223.7113062973913,21644,0,154,770554,770708,770708,0.9990187500405073,0,21644,0,0,0,0,0.0
1180,1778309461.770956,decode,154,470612,0.6100237859138133,770862,154,2223.7113062973913,21644,0,154,770708,770862,770862,0.9992183702436274,0,21644,0,0,0,0,0.0
1181,1778309461.8897722,decode,154,770612,0.9988943114723287,771016,154,2223.7113062973913,21644,0,154,770862,771016,771016,0.9994179904467474,0,21644,60,60,0,0,0.0
1183,1778309461.9412405,decode,154,580502,0.7524670594258975,770766,154,2223.7113062973913,21584,0,154,770612,770766,770766,0.9990939316754487,0,21584,0,0,0,0,0.0
1184,1778309462.015665,decode,154,630446,0.8172062245208791,770920,154,2223.7113062973913,21584,0,154,770766,770920,770920,0.9992935518785687,0,21584,38,38,0,0,0.0
1187,1778309462.1220474,decode,154,770754,0.9990783768544264,770600,154,2223.7113062973913,21518,0,154,770446,770600,770600,0.9988787566513063,0,21518,28,0,0,0,0.0
1188,1778309462.1520748,decode,154,410420,0.5320008036657529,770754,154,2223.7113062973913,21518,0,154,770600,770754,770754,0.9990783768544264,0,21518,0,0,0,0,0.0
1189,1778309462.3054109,decode,154,770420,0.9986454343359712,770908,154,2223.7113062973913,21518,0,154,770754,770908,770908,0.9992779970575464,0,21518,72,72,0,0,0.0
1191,1778309462.3555813,decode,154,770728,0.9990446747422113,770574,154,2223.7113062973913,21446,0,154,770420,770574,770574,0.9988450545390912,0,21446,0,0,0,0,0.0
1192,1778309462.3835318,decode,154,500544,0.6488226944838716,770728,154,2223.7113062973913,21446,0,154,770574,770728,770728,0.9990446747422113,0,21446,0,0,0,0,0.0
1193,1778309462.4891262,decode,154,770544,0.9988061674865354,770882,154,2223.7113062973913,21446,0,154,770728,770882,770882,0.9992442949453313,0,21446,54,54,0,0,0.0
1195,1778309462.5374904,decode,154,770852,0.9992054078927755,770698,154,2223.7113062973913,21392,0,154,770544,770698,770698,0.9990057876896554,0,21392,0,0,0,0,0.0
1196,1778309462.5653868,decode,154,495585,0.6423946646963893,770852,154,2223.7113062973913,21392,0,154,770698,770852,770852,0.9992054078927755,0,21392,0,0,0,0,0.0
1197,1778309462.672976,decode,154,770585,0.9988593131250284,771006,154,2223.7113062973913,21392,0,154,770852,771006,771006,0.9994050280958955,0,21392,55,55,0,0,0.0
1199,1778309462.724171,decode,154,630585,0.8173864011977212,770739,154,2223.7113062973913,21337,0,154,770585,770739,770739,0.9990589333281484,0,21337,0,0,0,0,0.0
1200,1778309462.7816799,decode,154,625527,0.8108300441368047,770893,154,2223.7113062973913,21337,0,154,770739,770893,770893,0.9992585535312685,0,21337,28,28,0,0,0.0
1203,1778309462.884339,decode,154,770835,0.9991833718963271,770681,154,2223.7113062973913,21280,0,154,770527,770681,770681,0.9989837516932071,0,21280,29,0,0,0,0.0
1204,1778309462.912834,decode,154,430465,0.5579838359484877,770835,154,2223.7113062973913,21280,0,154,770681,770835,770835,0.9991833718963271,0,21280,0,0,0,0,0.0
1205,1778309463.0539517,decode,154,770465,0.998703764914805,770989,154,2223.7113062973913,21280,0,154,770835,770989,770989,0.9993829920994471,0,21280,68,68,0,0,0.0
1207,1778309463.1008806,decode,154,770773,0.999103005321045,770619,154,2223.7113062973913,21212,0,154,770465,770619,770619,0.998903385117925,0,21212,0,0,0,0,0.0
1208,1778309463.1276493,decode,154,490511,0.6358175678741097,770773,154,2223.7113062973913,21212,0,154,770619,770773,770773,0.999103005321045,0,21212,0,0,0,0,0.0
1209,1778309463.2375963,decode,154,770511,0.998763391728724,770927,154,2223.7113062973913,21212,0,154,770773,770927,770927,0.999302625524165,0,21212,56,56,0,0,0.0
1211,1778309463.2843332,decode,154,770819,0.999162632134964,770665,154,2223.7113062973913,21156,0,154,770511,770665,770665,0.998963011931844,0,21156,0,0,0,0,0.0
1212,1778309463.3112867,decode,154,490597,0.6359290440914365,770819,154,2223.7113062973913,21156,0,154,770665,770819,770819,0.999162632134964,0,21156,0,0,0,0,0.0
1213,1778309463.4202209,decode,154,770597,0.9988748679460507,770973,154,2223.7113062973913,21156,0,154,770819,770973,770973,0.9993622523380841,0,21156,56,56,0,0,0.0
1215,1778309463.4685595,decode,154,625586,0.8109065220068311,770751,154,2223.7113062973913,21100,0,154,770597,770751,770751,0.9990744881491708,0,21100,0,0,0,0,0.0
1216,1778309463.5252116,decode,154,650538,0.8432501798526181,770905,154,2223.7113062973913,21100,0,154,770751,770905,770905,0.9992741083522908,0,21100,29,29,0,0,0.0
1219,1778309463.616773,decode,154,770846,0.9991976304822643,770692,154,2223.7113062973913,21047,0,154,770538,770692,770692,0.9989980102791443,0,21047,24,0,0,0,0.0
1220,1778309463.6433814,decode,154,410440,0.5320267283674567,770846,154,2223.7113062973913,21047,0,154,770692,770846,770846,0.9991976304822643,0,21047,0,0,0,0,0.0
1221,1778309463.793701,decode,154,770440,0.9986713590376751,771000,154,2223.7113062973913,21047,0,154,770846,771000,771000,0.9993972506853843,0,21047,72,72,0,0,0.0
1223,1778309463.840264,decode,154,770748,0.9990705994439152,770594,154,2186.1883047818033,20975,0,154,770440,770594,770594,0.9988709792407952,0,20975,0,0,0,0,0.0
1224,1778309463.8677983,decode,154,435493,0.5645013059568483,770748,154,2186.1883047818033,20975,0,154,770594,770748,770748,0.9990705994439152,0,20975,0,0,0,0,0.0
1225,1778309464.005843,decode,154,770493,0.9987400594971904,770902,154,2186.1883047818033,20975,0,154,770748,770902,770902,0.9992702196470352,0,20975,67,67,0,0,0.0
1227,1778309464.0543785,decode,154,770801,0.9991392999034305,770647,154,2186.1883047818033,20908,0,154,770493,770647,770647,0.9989396797003105,0,20908,0,0,0,0,0.0
1228,1778309464.083104,decode,154,440501,0.5709928512635052,770801,154,2186.1883047818033,20908,0,154,770647,770801,770801,0.9991392999034305,0,20908,0,0,0,0,0.0
1229,1778309464.2188892,decode,154,770501,0.998750429377872,770955,154,2186.1883047818033,20908,0,154,770801,770955,770955,0.9993389201065506,0,20908,66,66,0,0,0.0
1231,1778309464.270782,decode,154,650545,0.8432592534982144,770655,154,2186.1883047818033,20842,0,154,770501,770655,770655,0.998950049580992,0,20842,0,0,0,0,0.0
1232,1778309464.3235023,decode,154,605479,0.7848431231488142,770809,154,2186.1883047818033,20842,0,154,770655,770809,770809,0.999149669784112,0,20842,24,24,0,0,0.0
1235,1778309464.43604,decode,154,770787,0.9991211526122378,770633,154,2186.1883047818033,20785,0,154,770479,770633,770633,0.9989215324091177,0,20785,33,0,0,0,0.0
1236,1778309464.464542,decode,154,455504,0.5904402662466866,770787,154,2186.1883047818033,20785,0,154,770633,770787,770787,0.9991211526122378,0,20785,0,0,0,0,0.0
1237,1778309464.5935497,decode,154,770504,0.9987543180831275,770941,154,2186.1883047818033,20785,0,154,770787,770941,770941,0.9993207728153578,0,20785,63,63,0,0,0.0
1239,1778309464.6408558,decode,154,770812,0.9991535584893676,770658,154,2186.1883047818033,20722,0,154,770504,770658,770658,0.9989539382862476,0,20722,0,0,0,0,0.0
1240,1778309464.669915,decode,154,425495,0.5515415475750682,770812,154,2186.1883047818033,20722,0,154,770658,770812,770812,0.9991535584893676,0,20722,0,0,0,0,0.0
1241,1778309464.813103,decode,154,770495,0.9987426519673608,770966,154,2186.1883047818033,20722,0,154,770812,770966,770966,0.9993531786924876,0,20722,69,69,0,0,0.0
1243,1778309464.8626914,decode,154,770803,0.9991418923736008,770649,154,2186.1883047818033,20653,0,154,770495,770649,770649,0.9989422721704808,0,20653,0,0,0,0,0.0
1244,1778309464.8915033,decode,154,435492,0.5645000097217632,770803,154,2186.1883047818033,20653,0,154,770649,770803,770803,0.9991418923736008,0,20653,0,0,0,0,0.0
1245,1778309465.0297122,decode,154,770492,0.9987387632621052,770957,154,2186.1883047818033,20653,0,154,770803,770957,770957,0.9993415125767209,0,20653,67,67,0,0,0.0
1247,1778309465.077925,decode,154,645525,0.8367521533705353,770646,154,2186.1883047818033,20586,0,154,770492,770646,770646,0.9989383834652252,0,20586,0,0,0,0,0.0
1248,1778309465.1291091,decode,154,595455,0.771849662654819,770800,154,2186.1883047818033,20586,0,154,770646,770800,770800,0.9991380036683453,0,20586,25,25,0,0,0.0
1251,1778309465.237524,decode,154,770763,0.9990900429701931,770609,154,2186.1883047818033,20526,0,154,770455,770609,770609,0.9988904227670731,0,20526,35,0,0,0,0.0
1252,1778309465.2630434,decode,154,505542,0.6553012774396765,770763,154,2186.1883047818033,20526,0,154,770609,770763,770763,0.9990900429701931,0,20526,0,0,0,0,0.0
1253,1778309465.3637755,decode,154,770542,0.998803575016365,770917,154,2186.1883047818033,20526,0,154,770763,770917,770917,0.9992896631733131,0,20526,53,53,0,0,0.0
1255,1778309465.4082408,decode,154,770850,0.999202815422605,770696,154,2186.1883047818033,20473,0,154,770542,770696,770696,0.999003195219485,0,20473,0,0,0,0,0.0
1256,1778309465.4339805,decode,154,480550,0.6229057701904818,770850,154,2186.1883047818033,20473,0,154,770696,770850,770850,0.999202815422605,0,20473,0,0,0,0,0.0
1257,1778309465.5462997,decode,154,770550,0.9988139448970466,771004,154,2186.1883047818033,20473,0,154,770850,771004,771004,0.9994024356257251,0,20473,58,58,0,0,0.0
1259,1778309465.5907028,decode,154,770858,0.9992131853032866,770704,154,2186.1883047818033,20415,0,154,770550,770704,770704,0.9990135651001666,0,20415,0,0,0,0,0.0
1260,1778309465.6168342,decode,154,450564,0.584036864925823,770858,154,2186.1883047818033,20415,0,154,770704,770858,770858,0.9992131853032866,0,20415,0,0,0,0,0.0
1261,1778309465.7445211,decode,154,770564,0.9988320921882392,771012,154,2186.1883047818033,20415,0,154,770858,771012,771012,0.9994128055064067,0,20415,64,64,0,0,0.0
1263,1778309465.7919095,decode,154,600498,0.7783865761894577,770718,154,2186.1883047818033,20351,0,154,770564,770718,770718,0.9990317123913594,0,20351,0,0,0,0,0.0
1264,1778309465.8573253,decode,154,585424,0.7588471285152275,770872,154,2186.1883047818033,20351,0,154,770718,770872,770872,0.9992313325944794,0,20351,34,34,0,0,0.0
1267,1778309465.9697638,decode,154,770732,0.999049859682552,770578,154,2186.1883047818033,20280,0,154,770424,770578,770578,0.998850239479432,0,20280,37,0,0,0,0.0
1268,1778309465.9960978,decode,154,420436,0.5449838942790665,770732,154,2186.1883047818033,20280,0,154,770578,770732,770732,0.999049859682552,0,20280,0,0,0,0,0.0
1269,1778309466.1411586,decode,154,770436,0.9986661740973343,770886,154,2186.1883047818033,20280,0,154,770732,770886,770886,0.999249479885672,0,20280,70,70,0,0,0.0
1271,1778309466.1850178,decode,154,770744,0.9990654145035743,770590,154,2186.1883047818033,20210,0,154,770436,770590,770590,0.9988657943004543,0,20210,0,0,0,0,0.0
1272,1778309466.2107065,decode,154,475513,0.6163766340663542,770744,154,2186.1883047818033,20210,0,154,770590,770744,770744,0.9990654145035743,0,20210,0,0,0,0,0.0
1273,1778309466.3255677,decode,154,770513,0.9987659841988943,770898,154,2186.1883047818033,20210,0,154,770744,770898,770898,0.9992650347066944,0,20210,59,59,0,0,0.0
1275,1778309466.3707702,decode,154,770821,0.9991652246051343,770667,154,2186.1883047818033,20151,0,154,770513,770667,770667,0.9989656044020143,0,20151,0,0,0,0,0.0
1276,1778309466.3970704,decode,154,480585,0.6229511384184636,770821,154,2186.1883047818033,20151,0,154,770667,770821,770821,0.9991652246051343,0,20151,0,0,0,0,0.0
1277,1778309466.5106127,decode,154,770585,0.9988593131250284,770975,154,2186.1883047818033,20151,0,154,770821,770975,770975,0.9993648448082544,0,20151,58,58,0,0,0.0
1279,1778309466.5601182,decode,154,615552,0.797900099161984,770739,154,2186.1883047818033,20093,0,154,770585,770739,770739,0.9990589333281484,0,20093,0,0,0,0,0.0
1280,1778309466.6210635,decode,154,680516,0.8821087152365953,770893,154,2215.1925488204233,20093,0,154,770739,770893,770893,0.9992585535312685,0,20093,31,31,0,0,0.0
1283,1778309466.7075353,decode,154,770824,0.9991691133103899,770670,154,2215.1925488204233,20044,0,154,770516,770670,770670,0.9989694931072699,0,20044,18,0,0,0,0.0
1284,1778309466.7354407,decode,154,445487,0.5774558793982877,770824,154,2215.1925488204233,20044,0,154,770670,770824,770824,0.9991691133103899,0,20044,0,0,0,0,0.0
1285,1778309466.8681052,decode,154,770487,0.9987322820866792,770978,154,2215.1925488204233,20044,0,154,770824,770978,770978,0.99936873351351,0,20044,65,65,0,0,0.0
1287,1778309466.9200122,decode,154,770795,0.9991315224929194,770641,154,2215.1925488204233,19979,0,154,770487,770641,770641,0.9989319022897992,0,19979,0,0,0,0,0.0
1288,1778309466.9478965,decode,154,485554,0.6293921305567978,770795,154,2215.1925488204233,19979,0,154,770641,770795,770795,0.9991315224929194,0,19979,0,0,0,0,0.0
1289,1778309467.060846,decode,154,770554,0.9988191298373873,770949,154,2215.1925488204233,19979,0,154,770795,770949,770949,0.9993311426960394,0,19979,57,57,0,0,0.0
1291,1778309467.108152,decode,154,770862,0.9992183702436274,770708,154,2215.1925488204233,19922,0,154,770554,770708,770708,0.9990187500405073,0,19922,0,0,0,0,0.0
1292,1778309467.1362524,decode,154,395471,0.512623385377172,770862,154,2215.1925488204233,19922,0,154,770708,770862,770862,0.9992183702436274,0,19922,0,0,0,0,0.0
1293,1778309467.2962117,decode,154,770471,0.9987115423253161,771016,154,2215.1925488204233,19922,0,154,770862,771016,771016,0.9994179904467474,0,19922,75,75,0,0,0.0
1295,1778309467.3434947,decode,154,665548,0.8627066684813958,770625,154,2215.1925488204233,19847,0,154,770471,770625,770625,0.9989111625284361,0,19847,0,0,0,0,0.0
1296,1778309467.3895903,decode,154,575470,0.745944404477196,770779,154,2215.1925488204233,19847,0,154,770625,770779,770779,0.9991107827315562,0,19847,21,21,0,0,0.0
1299,1778309467.5045419,decode,154,770778,0.999109486496471,770624,154,2215.1925488204233,19787,0,154,770470,770624,770624,0.998909866293351,0,19787,39,0,0,0,0.0
1300,1778309467.5308402,decode,154,435443,0.5644364942025886,770778,154,2215.1925488204233,19787,0,154,770624,770778,770778,0.999109486496471,0,19787,0,0,0,0,0.0
1301,1778309467.6697798,decode,154,770443,0.9986752477429307,770932,154,2215.1925488204233,19787,0,154,770778,770932,770932,0.999309106699591,0,19787,67,67,0,0,0.0
1303,1778309467.7136445,decode,154,770751,0.9990744881491708,770597,154,2215.1925488204233,19720,0,154,770443,770597,770597,0.9988748679460507,0,19720,0,0,0,0,0.0
1304,1778309467.7393622,decode,154,475552,0.6164271872346769,770751,154,2215.1925488204233,19720,0,154,770597,770751,770751,0.9990744881491708,0,19720,0,0,0,0,0.0
1305,1778309467.8549397,decode,154,770552,0.9988165373672169,770905,154,2215.1925488204233,19720,0,154,770751,770905,770905,0.9992741083522908,0,19720,59,59,0,0,0.0
1307,1778309467.900595,decode,154,770860,0.999215777773457,770706,154,2215.1925488204233,19661,0,154,770552,770706,770706,0.9990161575703369,0,19661,0,0,0,0,0.0
1308,1778309467.9293666,decode,154,450534,0.5839979778732671,770860,154,2215.1925488204233,19661,0,154,770706,770860,770860,0.999215777773457,0,19661,0,0,0,0,0.0
1309,1778309468.0580266,decode,154,770534,0.9987932051356834,771014,154,2215.1925488204233,19661,0,154,770860,771014,771014,0.9994153979765771,0,19661,64,64,0,0,0.0
1311,1778309468.1050794,decode,154,625523,0.8108248591964639,770688,154,2215.1925488204233,19597,0,154,770534,770688,770688,0.9989928253388034,0,19597,0,0,0,0,0.0
1312,1778309468.1620564,decode,154,615461,0.7977821417692312,770842,154,2215.1925488204233,19597,0,154,770688,770842,770842,0.9991924455419234,0,19597,29,29,0,0,0.0
1315,1778309468.262431,decode,154,770769,0.9990978203807043,770615,154,2215.1925488204233,19537,0,154,770461,770615,770615,0.9988982001775842,0,19537,31,0,0,0,0.0
1316,1778309468.2872324,decode,154,505524,0.655277945208143,770769,154,2215.1925488204233,19537,0,154,770615,770769,770769,0.9990978203807043,0,19537,0,0,0,0,0.0
1317,1778309468.3883765,decode,154,770524,0.9987802427848315,770923,154,2215.1925488204233,19537,0,154,770769,770923,770923,0.9992974405838243,0,19537,53,53,0,0,0.0
1319,1778309468.4310417,decode,154,770832,0.9991794831910715,770678,154,2215.1925488204233,19484,0,154,770524,770678,770678,0.9989798629879515,0,19484,0,0,0,0,0.0
1320,1778309468.456203,decode,154,480564,0.6229239174816745,770832,154,2215.1925488204233,19484,0,154,770678,770832,770832,0.9991794831910715,0,19484,0,0,0,0,0.0
1321,1778309468.5687408,decode,154,770564,0.9988320921882392,770986,154,2215.1925488204233,19484,0,154,770832,770986,770986,0.9993791033941916,0,19484,58,58,0,0,0.0
1323,1778309468.6124089,decode,154,770872,0.9992313325944794,770718,154,2215.1925488204233,19426,0,154,770564,770718,770718,0.9990317123913594,0,19426,0,0,0,0,0.0
1324,1778309468.6377923,decode,154,475585,0.6164699629924884,770872,154,2215.1925488204233,19426,0,154,770718,770872,770872,0.9992313325944794,0,19426,0,0,0,0,0.0
1325,1778309468.7539198,decode,154,770585,0.9988593131250284,771026,154,2215.1925488204233,19426,0,154,770872,771026,771026,0.9994309527975994,0,19426,59,59,0,0,0.0
1327,1778309468.803097,decode,154,585486,0.7589274950905096,770739,154,2215.1925488204233,19367,0,154,770585,770739,770739,0.9990589333281484,0,19367,0,0,0,0,0.0
1328,1778309468.8743975,decode,154,635432,0.8236692526556616,770893,154,2215.1925488204233,19367,0,154,770739,770893,770893,0.9992585535312685,0,19367,37,37,0,0,0.0
1331,1778309468.9725041,decode,154,770740,0.9990602295632336,770586,154,2215.1925488204233,19303,0,154,770432,770586,770586,0.9988606093601136,0,19303,27,0,0,0,0.0
1332,1778309469.0006435,decode,154,460500,0.596916256732321,770740,154,2215.1925488204233,19303,0,154,770586,770740,770740,0.9990602295632336,0,19303,0,0,0,0,0.0
1333,1778309469.124967,decode,154,770500,0.9987491331427868,770894,154,2215.1925488204233,19303,0,154,770740,770894,770894,0.9992598497663536,0,19303,62,62,0,0,0.0
1335,1778309469.1716626,decode,154,770808,0.9991483735490269,770654,154,2215.1925488204233,19241,0,154,770500,770654,770654,0.9989487533459068,0,19241,0,0,0,0,0.0
1336,1778309469.1982477,decode,154,490538,0.63585256622141,770808,154,2215.1925488204233,19241,0,154,770654,770808,770808,0.9991483735490269,0,19241,0,0,0,0,0.0
1337,1778309469.3079097,decode,154,770538,0.9987983900760242,770962,154,2215.1925488204233,19241,0,154,770808,770962,770962,0.9993479937521469,0,19241,56,56,0,0,0.0
1339,1778309469.3521943,decode,154,770846,0.9991976304822643,770692,154,2255.47534161554,19185,0,154,770538,770692,770692,0.9989980102791443,0,19185,0,0,0,0,0.0
1340,1778309469.379046,decode,154,430540,0.5580810535798773,770846,154,2255.47534161554,19185,0,154,770692,770846,770846,0.9991976304822643,0,19185,0,0,0,0,0.0
1341,1778309469.5203998,decode,154,770540,0.9988009825461945,771000,154,2255.47534161554,19185,0,154,770846,771000,771000,0.9993972506853843,0,19185,68,68,0,0,0.0
1343,1778309469.5670679,decode,154,630540,0.8173280706188875,770694,154,2255.47534161554,19117,0,154,770540,770694,770694,0.9990006027493146,0,19117,0,0,0,0,0.0
1344,1778309469.623186,decode,154,590468,0.7653853382849514,770848,154,2255.47534161554,19117,0,154,770694,770848,770848,0.9992002229524346,0,19117,28,28,0,0,0.0
1347,1778309469.7310505,decode,154,770776,0.9991068940263006,770622,154,2255.47534161554,19053,0,154,770468,770622,770622,0.9989072738231806,0,19053,36,0,0,0,0.0
1348,1778309469.7568047,decode,154,430422,0.5579280978398242,770776,154,2255.47534161554,19053,0,154,770622,770776,770776,0.9991068940263006,0,19053,0,0,0,0,0.0
1349,1778309469.895723,decode,154,770422,0.9986480268061415,770930,154,2255.47534161554,19053,0,154,770776,770930,770930,0.9993065142294206,0,19053,68,68,0,0,0.0
1351,1778309469.9395354,decode,154,770730,0.9990472672123817,770576,154,2255.47534161554,18985,0,154,770422,770576,770576,0.9988476470092617,0,18985,0,0,0,0,0.0
1352,1778309469.964384,decode,154,510568,0.6618161549778668,770730,154,2255.47534161554,18985,0,154,770576,770730,770730,0.9990472672123817,0,18985,0,0,0,0,0.0
1353,1778309470.0621598,decode,154,770568,0.9988372771285801,770884,154,2255.47534161554,18985,0,154,770730,770884,770884,0.9992468874155017,0,18985,52,52,0,0,0.0
1355,1778309470.1071362,decode,154,770876,0.9992365175348201,770722,154,2255.47534161554,18933,0,154,770568,770722,770722,0.9990368973317001,0,18933,0,0,0,0,0.0
1356,1778309470.132373,decode,154,480600,0.6229705819447415,770876,154,2255.47534161554,18933,0,154,770722,770876,770876,0.9992365175348201,0,18933,0,0,0,0,0.0
1357,1778309470.2446215,decode,154,770600,0.9988787566513063,771030,154,2255.47534161554,18933,0,154,770876,771030,771030,0.9994361377379402,0,18933,58,58,0,0,0.0
1359,1778309470.2907393,decode,154,600534,0.7784332406525247,770754,154,2255.47534161554,18875,0,154,770600,770754,770754,0.9990783768544264,0,18875,0,0,0,0,0.0
1360,1778309470.3544571,decode,154,645484,0.8366990077320423,770908,154,2255.47534161554,18875,0,154,770754,770908,770908,0.9992779970575464,0,18875,34,34,0,0,0.0
1363,1778309470.4442644,decode,154,770792,0.9991276337876638,770638,154,2255.47534161554,18816,0,154,770484,770638,770638,0.9989280135845436,0,18816,25,0,0,0,0.0
1364,1778309470.46961,decode,154,430454,0.5579695773625505,770792,154,2255.47534161554,18816,0,154,770638,770792,770792,0.9991276337876638,0,18816,0,0,0,0,0.0
1365,1778309470.6082938,decode,154,770454,0.9986895063288678,770946,154,2255.47534161554,18816,0,154,770792,770946,770946,0.9993272539907838,0,18816,68,68,0,0,0.0
1367,1778309470.6518927,decode,154,770762,0.9990887467351078,770608,154,2255.47534161554,18748,0,154,770454,770608,770608,0.9988891265319878,0,18748,0,0,0,0,0.0
1368,1778309470.6757524,decode,154,495543,0.6423402228228111,770762,154,2255.47534161554,18748,0,154,770608,770762,770762,0.9990887467351078,0,18748,0,0,0,0,0.0
1369,1778309470.780603,decode,154,770543,0.9988048712514501,770916,154,2255.47534161554,18748,0,154,770762,770916,770916,0.9992883669382279,0,18748,55,55,0,0,0.0
1371,1778309470.8237774,decode,154,770851,0.9992041116576902,770697,154,2255.47534161554,18693,0,154,770543,770697,770697,0.9990044914545702,0,18693,0,0,0,0,0.0
1372,1778309470.8486402,decode,154,445546,0.5775323572683142,770851,154,2255.47534161554,18693,0,154,770697,770851,770851,0.9992041116576902,0,18693,0,0,0,0,0.0
1373,1778309470.9807453,decode,154,770546,0.9988087599567057,771005,154,2255.47534161554,18693,0,154,770851,771005,771005,0.9994037318608103,0,18693,65,65,0,0,0.0
1375,1778309471.0242856,decode,154,635557,0.8238312820413111,770700,154,2255.47534161554,18628,0,154,770546,770700,770700,0.9990083801598257,0,18628,0,0,0,0,0.0
1376,1778309471.077382,decode,154,580481,0.7524398384891083,770854,154,2255.47534161554,18628,0,154,770700,770854,770854,0.9992080003629458,0,18628,27,27,0,0,0.0
1379,1778309471.1866255,decode,154,770789,0.9991237450824082,770635,154,2255.47534161554,18563,0,154,770481,770635,770635,0.9989241248792881,0,18563,38,0,0,0,0.0
1380,1778309471.2139878,decode,154,410415,0.5319943224903269,770789,154,2255.47534161554,18563,0,154,770635,770789,770789,0.9991237450824082,0,18563,0,0,0,0,0.0
1381,1778309471.3656974,decode,154,770415,0.9986389531605452,770943,154,2255.47534161554,18563,0,154,770789,770943,770943,0.9993233652855282,0,18563,72,72,0,0,0.0
1383,1778309471.4102888,decode,154,770723,0.9990381935667852,770569,154,2255.47534161554,18491,0,154,770415,770569,770569,0.9988385733636652,0,18491,0,0,0,0,0.0
1384,1778309471.4359074,decode,154,495528,0.6423207792965332,770723,154,2255.47534161554,18491,0,154,770569,770723,770723,0.9990381935667852,0,18491,0,0,0,0,0.0
1385,1778309471.5416381,decode,154,770528,0.9987854277251722,770877,154,2255.47534161554,18491,0,154,770723,770877,770877,0.9992378137699053,0,18491,55,55,0,0,0.0
1387,1778309471.5850248,decode,154,770836,0.9991846681314123,770682,154,2255.47534161554,18436,0,154,770528,770682,770682,0.9989850479282922,0,18436,0,0,0,0,0.0
1388,1778309471.6111383,decode,154,490606,0.6359407102072032,770836,154,2255.47534161554,18436,0,154,770682,770836,770836,0.9991846681314123,0,18436,0,0,0,0,0.0
1389,1778309471.7215302,decode,154,770606,0.9988865340618175,770990,154,2255.47534161554,18436,0,154,770836,770990,770990,0.9993842883345323,0,18436,56,56,0,0,0.0
1391,1778309471.7675855,decode,154,610562,0.7914318860868607,770760,154,2255.47534161554,18380,0,154,770606,770760,770760,0.9990861542649375,0,18380,0,0,0,0,0.0
1392,1778309471.8298771,decode,154,600494,0.778381391249117,770914,154,2255.47534161554,18380,0,154,770760,770914,770914,0.9992857744680576,0,18380,32,32,0,0,0.0
1395,1778309471.9350932,decode,154,770802,0.9991405961385157,770648,154,2255.47534161554,18314,0,154,770494,770648,770648,0.9989409759353957,0,18314,34,0,0,0,0.0
1396,1778309471.9622476,decode,154,395411,0.5125456112720603,770802,154,2255.47534161554,18314,0,154,770648,770802,770802,0.9991405961385157,0,18314,0,0,0,0,0.0
1397,1778309472.1234875,decode,154,770411,0.9986337682202044,770956,154,2222.7920714328375,18314,0,154,770802,770956,770956,0.9993402163416357,0,18314,75,75,0,0,0.0
1399,1778309472.1636472,decode,154,770719,0.9990330086264445,770565,154,2222.7920714328375,18239,0,154,770411,770565,770565,0.9988333884233245,0,18239,0,0,0,0,0.0
1400,1778309472.1880553,decode,154,480491,0.6228292923204553,770719,154,2222.7920714328375,18239,0,154,770565,770719,770719,0.9990330086264445,0,18239,0,0,0,0,0.0
1401,1778309472.3004472,decode,154,770491,0.99873746702702,770873,154,2222.7920714328375,18239,0,154,770719,770873,770873,0.9992326288295645,0,18239,58,58,0,0,0.0
1403,1778309472.3411899,decode,154,770799,0.9991367074332601,770645,154,2222.7920714328375,18181,0,154,770491,770645,770645,0.9989370872301401,0,18181,0,0,0,0,0.0
1404,1778309472.3659606,decode,154,510621,0.6618848554373821,770799,154,2222.7920714328375,18181,0,154,770645,770799,770799,0.9991367074332601,0,18181,0,0,0,0,0.0
1405,1778309472.4633307,decode,154,770621,0.9989059775880954,770953,154,2222.7920714328375,18181,0,154,770799,770953,770953,0.9993363276363801,0,18181,52,52,0,0,0.0
1407,1778309472.5063522,decode,154,615588,0.797946763625051,770775,154,2222.7920714328375,18129,0,154,770621,770775,770775,0.9991055977912154,0,18129,0,0,0,0,0.0
1408,1778309472.5649383,decode,154,635534,0.8238014686343516,770929,154,2222.7920714328375,18129,0,154,770775,770929,770929,0.9993052179943355,0,18129,31,31,0,0,0.0
1411,1778309472.654199,decode,154,770842,0.9991924455419234,770688,154,2222.7920714328375,18071,0,154,770534,770688,770688,0.9989928253388034,0,18071,27,0,0,0,0.0
1412,1778309472.6787713,decode,154,455463,0.5903871206081935,770842,154,2222.7920714328375,18071,0,154,770688,770842,770842,0.9991924455419234,0,18071,0,0,0,0,0.0
1413,1778309472.8044047,decode,154,770463,0.9987011724446345,770996,154,2222.7920714328375,18071,0,154,770842,770996,770996,0.9993920657450435,0,18071,63,63,0,0,0.0
1415,1778309472.84421,decode,154,770771,0.9991004128508746,770617,154,2222.7920714328375,18008,0,154,770463,770617,770617,0.9989007926477546,0,18008,0,0,0,0,0.0
1416,1778309472.8685324,decode,154,460515,0.5969357002585989,770771,154,2222.7920714328375,18008,0,154,770617,770771,770771,0.9991004128508746,0,18008,0,0,0,0,0.0
1417,1778309472.9907415,decode,154,770515,0.9987685766690647,770925,154,2222.7920714328375,18008,0,154,770771,770925,770925,0.9993000330539946,0,18008,62,62,0,0,0.0
1419,1778309473.0305095,decode,154,770823,0.9991678170753048,770669,154,2222.7920714328375,17946,0,154,770515,770669,770669,0.9989681968721847,0,17946,0,0,0,0,0.0
1420,1778309473.054642,decode,154,475600,0.6164894065187663,770823,154,2222.7920714328375,17946,0,154,770669,770823,770823,0.9991678170753048,0,17946,0,0,0,0,0.0
1421,1778309473.167557,decode,154,770600,0.9988787566513063,770977,154,2222.7920714328375,17946,0,154,770823,770977,770977,0.9993674372784248,0,17946,59,59,0,0,0.0
1423,1778309473.212357,decode,154,580490,0.7524515046048751,770754,154,2222.7920714328375,17887,0,154,770600,770754,770754,0.9990783768544264,0,17887,0,0,0,0,0.0
1424,1778309473.285314,decode,154,640438,0.830158205492148,770908,154,2222.7920714328375,17887,0,154,770754,770908,770908,0.9992779970575464,0,17887,38,38,0,0,0.0
1427,1778309473.374847,decode,154,770746,0.9990680069737448,770592,154,2222.7920714328375,17823,0,154,770438,770592,770592,0.9988683867706247,0,17823,26,0,0,0,0.0
1428,1778309473.4001377,decode,154,475491,0.61634811689448,770746,154,2222.7920714328375,17823,0,154,770592,770746,770746,0.9990680069737448,0,17823,0,0,0,0,0.0
1429,1778309473.5146432,decode,154,770491,0.99873746702702,770900,154,2222.7920714328375,17823,0,154,770746,770900,770900,0.9992676271768648,0,17823,59,59,0,0,0.0
1431,1778309473.5573862,decode,154,770799,0.9991367074332601,770645,154,2222.7920714328375,17764,0,154,770491,770645,770645,0.9989370872301401,0,17764,0,0,0,0,0.0
1432,1778309473.5824912,decode,154,495564,0.6423674437596002,770799,154,2222.7920714328375,17764,0,154,770645,770799,770799,0.9991367074332601,0,17764,0,0,0,0,0.0
1433,1778309473.6878893,decode,154,770564,0.9988320921882392,770953,154,2222.7920714328375,17764,0,154,770799,770953,770953,0.9993363276363801,0,17764,55,55,0,0,0.0
1435,1778309473.7308934,decode,154,770872,0.9992313325944794,770718,154,2222.7920714328375,17709,0,154,770564,770718,770718,0.9990317123913594,0,17709,0,0,0,0,0.0
1436,1778309473.757292,decode,154,450570,0.5840446423363341,770872,154,2222.7920714328375,17709,0,154,770718,770872,770872,0.9992313325944794,0,17709,0,0,0,0,0.0
1437,1778309473.8869452,decode,154,770570,0.9988398695987504,771026,154,2222.7920714328375,17709,0,154,770872,771026,771026,0.9994309527975994,0,17709,64,64,0,0,0.0
1439,1778309473.9314704,decode,154,600504,0.7783943535999689,770724,154,2222.7920714328375,17645,0,154,770570,770724,770724,0.9990394898018705,0,17645,0,0,0,0,0.0
1440,1778309473.9957323,decode,154,605438,0.7847899775103213,770878,154,2222.7920714328375,17645,0,154,770724,770878,770878,0.9992391100049905,0,17645,34,34,0,0,0.0
1443,1778309474.0971472,decode,154,770746,0.9990680069737448,770592,154,2222.7920714328375,17578,0,154,770438,770592,770592,0.9988683867706247,0,17578,33,0,0,0,0.0
1444,1778309474.1230795,decode,154,395419,0.5125559811527418,770746,154,2222.7920714328375,17578,0,154,770592,770746,770746,0.9990680069737448,0,17578,0,0,0,0,0.0
1445,1778309474.283135,decode,154,770419,0.9986441381008859,770900,154,2222.7920714328375,17578,0,154,770746,770900,770900,0.9992676271768648,0,17578,75,75,0,0,0.0
1447,1778309474.3222919,decode,154,770727,0.9990433785071261,770573,154,2222.7920714328375,17503,0,154,770419,770573,770573,0.9988437583040061,0,17503,0,0,0,0,0.0
1448,1778309474.347375,decode,154,440491,0.5709798889126532,770727,154,2222.7920714328375,17503,0,154,770573,770727,770727,0.9990433785071261,0,17503,0,0,0,0,0.0
1449,1778309474.4793887,decode,154,770491,0.99873746702702,770881,154,2222.7920714328375,17503,0,154,770727,770881,770881,0.9992429987102461,0,17503,66,66,0,0,0.0
1451,1778309474.519229,decode,154,770799,0.9991367074332601,770645,154,2222.7920714328375,17437,0,154,770491,770645,770645,0.9989370872301401,0,17437,0,0,0,0,0.0
1452,1778309474.543579,decode,154,470525,0.6099110134614013,770799,154,2222.7920714328375,17437,0,154,770645,770799,770799,0.9991367074332601,0,17437,0,0,0,0,0.0
1453,1778309474.6602423,decode,154,770525,0.9987815390199166,770953,154,2222.7920714328375,17437,0,154,770799,770953,770953,0.9993363276363801,0,17437,60,60,0,0,0.0
1455,1778309474.7021105,decode,154,650569,0.8432903631402591,770679,154,2388.8647492297378,17377,0,154,770525,770679,770679,0.9989811592230367,0,17377,0,0,0,0,0.0
1456,1778309474.749319,decode,154,590497,0.765422929102422,770833,154,2388.8647492297378,17377,0,154,770679,770833,770833,0.9991807794261567,0,17377,24,24,0,0,0.0
1459,1778309474.8517087,decode,154,770805,0.9991444848437713,770651,154,2388.8647492297378,17317,0,154,770497,770651,770651,0.9989448646406512,0,17317,36,0,0,0,0.0
1460,1778309474.876989,decode,154,495530,0.6423233717667036,770805,154,2388.8647492297378,17317,0,154,770651,770805,770805,0.9991444848437713,0,17317,0,0,0,0,0.0
1461,1778309474.9807568,decode,154,770530,0.9987880201953426,770959,154,2388.8647492297378,17317,0,154,770805,770959,770959,0.9993441050468913,0,17317,55,55,0,0,0.0
1463,1778309475.0190003,decode,154,770838,0.9991872606015827,770684,154,2388.8647492297378,17262,0,154,770530,770684,770684,0.9989876403984627,0,17262,0,0,0,0,0.0
1464,1778309475.0441675,decode,154,460510,0.596929219083173,770838,154,2388.8647492297378,17262,0,154,770684,770838,770838,0.9991872606015827,0,17262,0,0,0,0,0.0
1465,1778309475.1644402,decode,154,770510,0.9987620954936387,770992,154,2388.8647492297378,17262,0,154,770838,770992,770992,0.9993868808047027,0,17262,62,62,0,0,0.0
1467,1778309475.2036188,decode,154,770818,0.9991613358998788,770664,154,2388.8647492297378,17200,0,154,770510,770664,770664,0.9989617156967587,0,17200,0,0,0,0,0.0
1468,1778309475.2276866,decode,154,485609,0.6294634234864835,770818,154,2388.8647492297378,17200,0,154,770664,770818,770818,0.9991613358998788,0,17200,0,0,0,0,0.0
1469,1778309475.3356824,decode,154,770609,0.9988904227670731,770972,154,2388.8647492297378,17200,0,154,770818,770972,770972,0.9993609561029988,0,17200,57,57,0,0,0.0
1471,1778309475.3787131,decode,154,580499,0.752463170720642,770763,154,2388.8647492297378,17143,0,154,770609,770763,770763,0.9990900429701931,0,17143,0,0,0,0,0.0
1472,1778309475.4490888,decode,154,625441,0.8107185679194778,770917,154,2388.8647492297378,17143,0,154,770763,770917,770917,0.9992896631733131,0,17143,38,38,0,0,0.0
1475,1778309475.5401866,decode,154,770749,0.9990718956790003,770595,154,2388.8647492297378,17076,0,154,770441,770595,770595,0.9988722754758803,0,17076,29,0,0,0,0.0
1476,1778309475.5644944,decode,154,470483,0.6098565715878231,770749,154,2388.8647492297378,17076,0,154,770595,770749,770749,0.9990718956790003,0,17076,0,0,0,0,0.0
1477,1778309475.6798127,decode,154,770483,0.9987270971463384,770903,154,2388.8647492297378,17076,0,154,770749,770903,770903,0.9992715158821204,0,17076,60,60,0,0,0.0
1479,1778309475.7202125,decode,154,770791,0.9991263375525785,770637,154,2388.8647492297378,17016,0,154,770483,770637,770637,0.9989267173494585,0,17016,0,0,0,0,0.0
1480,1778309475.744937,decode,154,445518,0.5774960626859287,770791,154,2388.8647492297378,17016,0,154,770637,770791,770791,0.9991263375525785,0,17016,0,0,0,0,0.0
1481,1778309475.8745787,decode,154,770518,0.9987724653743203,770945,154,2388.8647492297378,17016,0,154,770791,770945,770945,0.9993259577556985,0,17016,65,65,0,0,0.0
1483,1778309475.9133284,decode,154,770826,0.9991717057805604,770672,154,2388.8647492297378,16951,0,154,770518,770672,770672,0.9989720855774403,0,16951,0,0,0,0,0.0
1484,1778309475.9396224,decode,154,445561,0.5775518007945921,770826,154,2388.8647492297378,16951,0,154,770672,770826,770826,0.9991717057805604,0,16951,0,0,0,0,0.0
1485,1778309476.0685368,decode,154,770561,0.9988282034829836,770980,154,2388.8647492297378,16951,0,154,770826,770980,770980,0.9993713259836804,0,16951,65,65,0,0,0.0
1487,1778309476.1129704,decode,154,585462,0.7588963854484649,770715,154,2388.8647492297378,16886,0,154,770561,770715,770715,0.9990278236861038,0,16886,0,0,0,0,0.0
1488,1778309476.1814382,decode,154,640410,0.8301219109097626,770869,154,2388.8647492297378,16886,0,154,770715,770869,770869,0.9992274438892238,0,16886,37,37,0,0,0.0
1491,1778309476.271258,decode,154,770718,0.9990317123913594,770564,154,2388.8647492297378,16823,0,154,770410,770564,770564,0.9988320921882392,0,16823,26,0,0,0,0.0
1492,1778309476.296619,decode,154,490512,0.6358188641091949,770718,154,2388.8647492297378,16823,0,154,770564,770718,770718,0.9990317123913594,0,16823,0,0,0,0,0.0
1493,1778309476.403231,decode,154,770512,0.9987646879638091,770872,154,2388.8647492297378,16823,0,154,770718,770872,770872,0.9992313325944794,0,16823,56,56,0,0,0.0
1495,1778309476.444707,decode,154,770820,0.9991639283700492,770666,154,2388.8647492297378,16767,0,154,770512,770666,770666,0.9989643081669292,0,16767,0,0,0,0,0.0
1496,1778309476.469126,decode,154,505591,0.655364792958851,770820,154,2388.8647492297378,16767,0,154,770666,770820,770820,0.9991639283700492,0,16767,0,0,0,0,0.0
1497,1778309476.568307,decode,154,770591,0.9988670905355396,770974,154,2388.8647492297378,16767,0,154,770820,770974,770974,0.9993635485731692,0,16767,53,53,0,0,0.0
1499,1778309476.6080296,decode,154,770899,0.9992663309417796,770745,154,2388.8647492297378,16714,0,154,770591,770745,770745,0.9990667107386596,0,16714,0,0,0,0,0.0
1500,1778309476.6330228,decode,154,430537,0.5580771648746217,770899,154,2388.8647492297378,16714,0,154,770745,770899,770899,0.9992663309417796,0,16714,0,0,0,0,0.0
1501,1778309476.7694926,decode,154,770537,0.998797093840939,771053,154,2388.8647492297378,16714,0,154,770899,771053,771053,0.9994659511448997,0,16714,68,68,0,0,0.0
1503,1778309476.81067,decode,154,615504,0.7978378798778947,770691,154,2388.8647492297378,16646,0,154,770537,770691,770691,0.998996714044059,0,16646,0,0,0,0,0.0
1504,1778309476.868264,decode,154,575426,0.7458873701334474,770845,154,2388.8647492297378,16646,0,154,770691,770845,770845,0.999196334247179,0,16646,31,31,0,0,0.0
1507,1778309476.9759376,decode,154,770734,0.9990524521527224,770580,154,2388.8647492297378,16576,0,154,770426,770580,770580,0.9988528319496024,0,16576,39,0,0,0,0.0
1508,1778309477.0007162,decode,154,425433,0.5514611809997861,770734,154,2388.8647492297378,16576,0,154,770580,770734,770734,0.9990524521527224,0,16576,0,0,0,0,0.0
1509,1778309477.1394508,decode,154,770433,0.9986622853920787,770888,154,2388.8647492297378,16576,0,154,770734,770888,770888,0.9992520723558425,0,16576,69,69,0,0,0.0
1511,1778309477.178171,decode,154,770741,0.9990615257983188,770587,154,2388.8647492297378,16507,0,154,770433,770587,770587,0.9988619055951987,0,16507,0,0,0,0,0.0
1512,1778309477.202387,decode,154,495538,0.6423337416473852,770741,154,2388.8647492297378,16507,0,154,770587,770741,770741,0.9990615257983188,0,16507,0,0,0,0,0.0
1513,1778309477.307044,decode,154,770538,0.9987983900760242,770895,154,2364.760035868745,16507,0,154,770741,770895,770895,0.9992611460014388,0,16507,55,55,0,0,0.0
1515,1778309477.3460438,decode,154,770846,0.9991976304822643,770692,154,2364.760035868745,16452,0,154,770538,770692,770692,0.9989980102791443,0,16452,0,0,0,0,0.0
1516,1778309477.3697407,decode,154,500606,0.6489030610591537,770846,154,2364.760035868745,16452,0,154,770692,770846,770846,0.9991976304822643,0,16452,0,0,0,0,0.0
1517,1778309477.4714217,decode,154,770606,0.9988865340618175,771000,154,2364.760035868745,16452,0,154,770846,771000,771000,0.9993972506853843,0,16452,54,54,0,0,0.0
1519,1778309477.511986,decode,154,610562,0.7914318860868607,770760,154,2364.760035868745,16398,0,154,770606,770760,770760,0.9990861542649375,0,16398,0,0,0,0,0.0
1520,1778309477.572643,decode,154,625504,0.8108002307298452,770914,154,2364.760035868745,16398,0,154,770760,770914,770914,0.9992857744680576,0,16398,32,32,0,0,0.0
1523,1778309477.6612997,decode,154,770812,0.9991535584893676,770658,154,2364.760035868745,16337,0,154,770504,770658,770658,0.9989539382862476,0,16337,29,0,0,0,0.0
1524,1778309477.6858299,decode,154,465479,0.6033702112215071,770812,154,2364.760035868745,16337,0,154,770658,770812,770812,0.9991535584893676,0,16337,0,0,0,0,0.0
1525,1778309477.8041568,decode,154,770479,0.9987219122059977,770966,154,2364.760035868745,16337,0,154,770812,770966,770966,0.9993531786924876,0,16337,61,61,0,0,0.0
1527,1778309477.8418562,decode,154,770787,0.9991211526122378,770633,154,2364.760035868745,16276,0,154,770479,770633,770633,0.9989215324091177,0,16276,0,0,0,0,0.0
1528,1778309477.8671527,decode,154,460515,0.5969357002585989,770787,154,2364.760035868745,16276,0,154,770633,770787,770787,0.9991211526122378,0,16276,0,0,0,0,0.0
1529,1778309477.9866798,decode,154,770515,0.9987685766690647,770941,154,2364.760035868745,16276,0,154,770787,770941,770941,0.9993207728153578,0,16276,62,62,0,0,0.0
1531,1778309478.0242686,decode,154,770823,0.9991678170753048,770669,154,2364.760035868745,16214,0,154,770515,770669,770669,0.9989681968721847,0,16214,0,0,0,0,0.0
1532,1778309478.0488992,decode,154,485606,0.629459534781228,770823,154,2364.760035868745,16214,0,154,770669,770823,770823,0.9991678170753048,0,16214,0,0,0,0,0.0
1533,1778309478.157039,decode,154,770606,0.9988865340618175,770977,154,2364.760035868745,16214,0,154,770823,770977,770977,0.9993674372784248,0,16214,57,57,0,0,0.0
1535,1778309478.1990557,decode,154,580496,0.7524592820153864,770760,154,2364.760035868745,16157,0,154,770606,770760,770760,0.9990861542649375,0,16157,0,0,0,0,0.0
1536,1778309478.2676673,decode,154,650448,0.8431335186949506,770914,154,2364.760035868745,16157,0,154,770760,770914,770914,0.9992857744680576,0,16157,38,38,0,0,0.0
1539,1778309478.348415,decode,154,770756,0.9990809693245967,770602,154,2364.760035868745,16095,0,154,770448,770602,770602,0.9988813491214766,0,16095,24,0,0,0,0.0
1540,1778309478.3735163,decode,154,465495,0.6033909509828702,770756,154,2364.760035868745,16095,0,154,770602,770756,770756,0.9990809693245967,0,16095,0,0,0,0,0.0
1541,1778309478.4915888,decode,154,770495,0.9987426519673608,770910,154,2364.760035868745,16095,0,154,770756,770910,770910,0.9992805895277167,0,16095,61,61,0,0,0.0
1543,1778309478.5289733,decode,154,770803,0.9991418923736008,770649,154,2364.760035868745,16034,0,154,770495,770649,770649,0.9989422721704808,0,16034,0,0,0,0,0.0
1544,1778309478.5529394,decode,154,495552,0.6423518889385779,770803,154,2364.760035868745,16034,0,154,770649,770803,770803,0.9991418923736008,0,16034,0,0,0,0,0.0
1545,1778309478.6563902,decode,154,770552,0.9988165373672169,770957,154,2364.760035868745,16034,0,154,770803,770957,770957,0.9993415125767209,0,16034,55,55,0,0,0.0
1547,1778309478.6937644,decode,154,770860,0.999215777773457,770706,154,2364.760035868745,15979,0,154,770552,770706,770706,0.9990161575703369,0,15979,0,0,0,0,0.0
1548,1778309478.7184262,decode,154,455561,0.5905141516465426,770860,154,2364.760035868745,15979,0,154,770706,770860,770860,0.999215777773457,0,15979,0,0,0,0,0.0
1549,1778309478.8410547,decode,154,770561,0.9988282034829836,771014,154,2364.760035868745,15979,0,154,770860,771014,771014,0.9994153979765771,0,15979,63,63,0,0,0.0
1551,1778309478.8807824,decode,154,620539,0.8043644235318518,770715,154,2364.760035868745,15916,0,154,770561,770715,770715,0.9990278236861038,0,15916,0,0,0,0,0.0
1552,1778309478.9376473,decode,154,610475,0.7913191136344487,770869,154,2364.760035868745,15916,0,154,770715,770869,770869,0.9992274438892238,0,15916,30,30,0,0,0.0
1555,1778309479.0302575,decode,154,770783,0.9991159676718969,770629,154,2364.760035868745,15854,0,154,770475,770629,770629,0.9989163474687769,0,15854,32,0,0,0,0.0
1556,1778309479.0557964,decode,154,410433,0.5320176547218604,770783,154,2364.760035868745,15854,0,154,770629,770783,770783,0.9991159676718969,0,15854,0,0,0,0,0.0
1557,1778309479.202921,decode,154,770433,0.9986622853920787,770937,154,2364.760035868745,15854,0,154,770783,770937,770937,0.9993155878750171,0,15854,72,72,0,0,0.0
1559,1778309479.2405636,decode,154,770741,0.9990615257983188,770587,154,2364.760035868745,15782,0,154,770433,770587,770587,0.9988619055951987,0,15782,0,0,0,0,0.0
1560,1778309479.2655263,decode,154,445500,0.5774727304543952,770741,154,2364.760035868745,15782,0,154,770587,770741,770741,0.9990615257983188,0,15782,0,0,0,0,0.0
1561,1778309479.3939874,decode,154,770500,0.9987491331427868,770895,154,2364.760035868745,15782,0,154,770741,770895,770895,0.9992611460014388,0,15782,65,65,0,0,0.0
1563,1778309479.4321299,decode,154,770808,0.9991483735490269,770654,154,2364.760035868745,15717,0,154,770500,770654,770654,0.9989487533459068,0,15717,0,0,0,0,0.0
1564,1778309479.4568346,decode,154,460528,0.5969525513147065,770808,154,2364.760035868745,15717,0,154,770654,770808,770808,0.9991483735490269,0,15717,0,0,0,0,0.0
1565,1778309479.5792687,decode,154,770528,0.9987854277251722,770962,154,2364.760035868745,15717,0,154,770808,770962,770962,0.9993479937521469,0,15717,62,62,0,0,0.0
1567,1778309479.619082,decode,154,640550,0.8303033838216899,770682,154,2364.760035868745,15655,0,154,770528,770682,770682,0.9989850479282922,0,15655,0,0,0,0,0.0
1568,1778309479.6698232,decode,154,630494,0.8172684438049684,770836,154,2364.760035868745,15655,0,154,770682,770836,770836,0.9991846681314123,0,15655,26,26,0,0,0.0
1571,1778309479.7565818,decode,154,770802,0.9991405961385157,770648,154,2364.760035868745,15601,0,154,770494,770648,770648,0.9989409759353957,0,15601,28,0,0,0,0.0
1572,1778309479.7809265,decode,154,475523,0.6163895964172063,770802,154,2489.995053386491,15601,0,154,770648,770802,770802,0.9991405961385157,0,15601,0,0,0,0,0.0
1573,1778309479.8976185,decode,154,770523,0.9987789465497463,770956,154,2489.995053386491,15601,0,154,770802,770956,770956,0.9993402163416357,0,15601,59,59,0,0,0.0
1575,1778309479.93457,decode,154,770831,0.9991781869559864,770677,154,2489.995053386491,15542,0,154,770523,770677,770677,0.9989785667528663,0,15542,0,0,0,0,0.0
1576,1778309479.9590495,decode,154,480539,0.6228915116045446,770831,154,2489.995053386491,15542,0,154,770677,770831,770831,0.9991781869559864,0,15542,0,0,0,0,0.0
1577,1778309480.0706806,decode,154,770539,0.9987996863111094,770985,154,2489.995053386491,15542,0,154,770831,770985,770985,0.9993778071591064,0,15542,58,58,0,0,0.0
1579,1778309480.107071,decode,154,770847,0.9991989267173494,770693,154,2489.995053386491,15484,0,154,770539,770693,770693,0.9989993065142294,0,15484,0,0,0,0,0.0
1580,1778309480.132658,decode,154,445534,0.5775168024472919,770847,154,2489.995053386491,15484,0,154,770693,770847,770847,0.9991989267173494,0,15484,0,0,0,0,0.0
1581,1778309480.2598612,decode,154,770534,0.9987932051356834,771001,154,2489.995053386491,15484,0,154,770847,771001,771001,0.9993985469204695,0,15484,65,65,0,0,0.0
1583,1778309480.3013904,decode,154,635545,0.8238157272202886,770688,154,2489.995053386491,15419,0,154,770534,770688,770688,0.9989928253388034,0,15419,0,0,0,0,0.0
1584,1778309480.350345,decode,154,605479,0.7848431231488142,770842,154,2489.995053386491,15419,0,154,770688,770842,770842,0.9991924455419234,0,15419,27,27,0,0,0.0
1587,1778309480.443108,decode,154,770787,0.9991211526122378,770633,154,2489.995053386491,15359,0,154,770479,770633,770633,0.9989215324091177,0,15359,33,0,0,0,0.0
1588,1778309480.4679801,decode,154,475484,0.6163390432488837,770787,154,2489.995053386491,15359,0,154,770633,770787,770787,0.9991211526122378,0,15359,0,0,0,0,0.0
1589,1778309480.5799165,decode,154,770484,0.9987283933814236,770941,154,2489.995053386491,15359,0,154,770787,770941,770941,0.9993207728153578,0,15359,59,59,0,0,0.0
1591,1778309480.6163433,decode,154,770792,0.9991276337876638,770638,154,2489.995053386491,15300,0,154,770484,770638,770638,0.9989280135845436,0,15300,0,0,0,0,0.0
1592,1778309480.640382,decode,154,520580,0.6747940606508397,770792,154,2489.995053386491,15300,0,154,770638,770792,770792,0.9991276337876638,0,15300,0,0,0,0,0.0
1593,1778309480.7313843,decode,154,770580,0.9988528319496024,770946,154,2489.995053386491,15300,0,154,770792,770946,770946,0.9993272539907838,0,15300,50,50,0,0,0.0
1595,1778309480.768085,decode,154,770888,0.9992520723558425,770734,154,2489.995053386491,15250,0,154,770580,770734,770734,0.9990524521527224,0,15250,0,0,0,0,0.0
1596,1778309480.7922983,decode,154,495621,0.6424413291594564,770888,154,2489.995053386491,15250,0,154,770734,770888,770888,0.9992520723558425,0,15250,0,0,0,0,0.0
1597,1778309480.8950098,decode,154,770621,0.9989059775880954,771042,154,2489.995053386491,15250,0,154,770888,771042,771042,0.9994516925589625,0,15250,55,55,0,0,0.0
1599,1778309480.9347343,decode,154,590533,0.765469593565489,770775,154,2489.995053386491,15195,0,154,770621,770775,770775,0.9991055977912154,0,15195,0,0,0,0,0.0
1600,1778309481.000975,decode,154,615471,0.7977951041200833,770929,154,2489.995053386491,15195,0,154,770775,770929,770929,0.9993052179943355,0,15195,36,36,0,0,0.0
1603,1778309481.0909913,decode,154,770779,0.9991107827315562,770625,154,2489.995053386491,15128,0,154,770471,770625,770625,0.9989111625284361,0,15128,31,0,0,0,0.0
1604,1778309481.1168904,decode,154,435444,0.5644377904376737,770779,154,2489.995053386491,15128,0,154,770625,770779,770779,0.9991107827315562,0,15128,0,0,0,0,0.0
1605,1778309481.2488348,decode,154,770444,0.9986765439780159,770933,154,2489.995053386491,15128,0,154,770779,770933,770933,0.9993104029346762,0,15128,67,67,0,0,0.0
1607,1778309481.286637,decode,154,770752,0.9990757843842559,770598,154,2489.995053386491,15061,0,154,770444,770598,770598,0.9988761641811359,0,15061,0,0,0,0,0.0
1608,1778309481.3139489,decode,154,445495,0.5774662492789693,770752,154,2489.995053386491,15061,0,154,770598,770752,770752,0.9990757843842559,0,15061,0,0,0,0,0.0
1609,1778309481.4597008,decode,154,770495,0.9987426519673608,770906,154,2489.995053386491,15061,0,154,770752,770906,770906,0.999275404587376,0,15061,65,65,0,0,0.0
1611,1778309481.4968414,decode,154,770803,0.9991418923736008,770649,154,2489.995053386491,14996,0,154,770495,770649,770649,0.9989422721704808,0,14996,0,0,0,0,0.0
1612,1778309481.521494,decode,154,475588,0.6164738516977439,770803,154,2489.995053386491,14996,0,154,770649,770803,770803,0.9991418923736008,0,14996,0,0,0,0,0.0
1613,1778309481.6385334,decode,154,770588,0.998863201830284,770957,154,2489.995053386491,14996,0,154,770803,770957,770957,0.9993415125767209,0,14996,59,59,0,0,0.0
1615,1778309481.6854858,decode,154,590500,0.7654268178076776,770742,154,2489.995053386491,14937,0,154,770588,770742,770742,0.999062822033404,0,14937,0,0,0,0,0.0
1616,1778309481.7577338,decode,154,595430,0.7718172567776892,770896,154,2489.995053386491,14937,0,154,770742,770896,770896,0.999262442236524,0,14937,36,36,0,0,0.0
1619,1778309481.8556042,decode,154,770738,0.9990576370930632,770584,154,2489.995053386491,14866,0,154,770430,770584,770584,0.9988580168899431,0,14866,35,0,0,0,0.0
1620,1778309481.88065,decode,154,460474,0.5968825546201059,770738,154,2489.995053386491,14866,0,154,770584,770738,770738,0.9990576370930632,0,14866,0,0,0,0,0.0
1621,1778309481.9998062,decode,154,770474,0.9987154310305717,770892,154,2489.995053386491,14866,0,154,770738,770892,770892,0.9992572572961832,0,14866,62,62,0,0,0.0
1623,1778309482.0362759,decode,154,770782,0.9991146714368118,770628,154,2489.995053386491,14804,0,154,770474,770628,770628,0.9989150512336917,0,14804,0,0,0,0,0.0
1624,1778309482.06085,decode,154,470516,0.6098993473456346,770782,154,2489.995053386491,14804,0,154,770628,770782,770782,0.9991146714368118,0,14804,0,0,0,0,0.0
1625,1778309482.1748757,decode,154,770516,0.9987698729041499,770936,154,2489.995053386491,14804,0,154,770782,770936,770936,0.9993142916399318,0,14804,60,60,0,0,0.0
1627,1778309482.212149,decode,154,770824,0.9991691133103899,770670,154,2489.995053386491,14744,0,154,770516,770670,770670,0.9989694931072699,0,14744,0,0,0,0,0.0
1628,1778309482.2363381,decode,154,490618,0.6359562650282256,770824,154,2489.995053386491,14744,0,154,770670,770824,770824,0.9991691133103899,0,14744,0,0,0,0,0.0
1629,1778309482.340368,decode,154,770618,0.9989020888828398,770978,154,2406.783210069226,14744,0,154,770824,770978,770978,0.99936873351351,0,14744,56,56,0,0,0.0
1631,1778309482.3805027,decode,154,580508,0.7524748368364087,770772,154,2406.783210069226,14688,0,154,770618,770772,770772,0.9991017090859599,0,14688,0,0,0,0,0.0
1632,1778309482.449425,decode,154,620448,0.804246466139099,770926,154,2406.783210069226,14688,0,154,770772,770926,770926,0.9993013292890799,0,14688,38,38,0,0,0.0
1635,1778309482.5354753,decode,154,770756,0.9990809693245967,770602,154,2406.783210069226,14620,0,154,770448,770602,770602,0.9988813491214766,0,14620,30,0,0,0,0.0
1636,1778309482.560691,decode,154,425447,0.5514793282909789,770756,154,2406.783210069226,14620,0,154,770602,770756,770756,0.9990809693245967,0,14620,0,0,0,0,0.0
1637,1778309482.6971962,decode,154,770447,0.9986804326832714,770910,154,2406.783210069226,14620,0,154,770756,770910,770910,0.9992805895277167,0,14620,69,69,0,0,0.0
1639,1778309482.7331188,decode,154,770755,0.9990796730895115,770601,154,2406.783210069226,14551,0,154,770447,770601,770601,0.9988800528863915,0,14551,0,0,0,0,0.0
1640,1778309482.758159,decode,154,445490,0.5774597681035433,770755,154,2406.783210069226,14551,0,154,770601,770755,770755,0.9990796730895115,0,14551,0,0,0,0,0.0
1641,1778309482.8970728,decode,154,770490,0.9987361707919348,770909,154,2406.783210069226,14551,0,154,770755,770909,770909,0.9992792932926315,0,14551,65,65,0,0,0.0
1643,1778309482.9332993,decode,154,770798,0.999135411198175,770644,154,2406.783210069226,14486,0,154,770490,770644,770644,0.9989357909950549,0,14486,0,0,0,0,0.0
1644,1778309482.9578369,decode,154,475567,0.6164466307609549,770798,154,2406.783210069226,14486,0,154,770644,770798,770798,0.999135411198175,0,14486,0,0,0,0,0.0
1645,1778309483.0705757,decode,154,770567,0.9988359808934948,770952,154,2406.783210069226,14486,0,154,770798,770952,770952,0.999335031401295,0,14486,59,59,0,0,0.0
1647,1778309483.1090348,decode,154,615534,0.7978767669304505,770721,154,2406.783210069226,14427,0,154,770567,770721,770721,0.9990356010966149,0,14427,0,0,0,0,0.0
1648,1778309483.1645315,decode,154,640482,0.8302152398358966,770875,154,2406.783210069226,14427,0,154,770721,770875,770875,0.999235221299735,0,14427,31,31,0,0,0.0
1651,1778309483.2454782,decode,154,770790,0.9991250413174934,770636,154,2406.783210069226,14370,0,154,770482,770636,770636,0.9989254211143733,0,14370,26,0,0,0,0.0
1652,1778309483.2698443,decode,154,475511,0.6163740415961839,770790,154,2406.783210069226,14370,0,154,770636,770790,770790,0.9991250413174934,0,14370,0,0,0,0,0.0
1653,1778309483.3814054,decode,154,770511,0.998763391728724,770944,154,2406.783210069226,14370,0,154,770790,770944,770944,0.9993246615206134,0,14370,59,59,0,0,0.0
1655,1778309483.4179063,decode,154,770819,0.999162632134964,770665,154,2406.783210069226,14311,0,154,770511,770665,770665,0.998963011931844,0,14311,0,0,0,0,0.0
1656,1778309483.4423273,decode,154,485546,0.6293817606761162,770819,154,2406.783210069226,14311,0,154,770665,770819,770819,0.999162632134964,0,14311,0,0,0,0,0.0
1657,1778309483.5481288,decode,154,770546,0.9988087599567057,770973,154,2406.783210069226,14311,0,154,770819,770973,770973,0.9993622523380841,0,14311,57,57,0,0,0.0
1659,1778309483.5847144,decode,154,770854,0.9992080003629458,770700,154,2406.783210069226,14254,0,154,770546,770700,770700,0.9990083801598257,0,14254,0,0,0,0,0.0
1660,1778309483.6098928,decode,154,430540,0.5580810535798773,770854,154,2406.783210069226,14254,0,154,770700,770854,770854,0.9992080003629458,0,14254,0,0,0,0,0.0
1661,1778309483.7465448,decode,154,770540,0.9988009825461945,771008,154,2406.783210069226,14254,0,154,770854,771008,771008,0.9994076205660659,0,14254,68,68,0,0,0.0
1663,1778309483.78485,decode,154,620518,0.8043372025950627,770694,154,2406.783210069226,14186,0,154,770540,770694,770694,0.9990006027493146,0,14186,0,0,0,0,0.0
1664,1778309483.8396873,decode,154,620458,0.8042594284899509,770848,154,2406.783210069226,14186,0,154,770694,770848,770848,0.9992002229524346,0,14186,30,30,0,0,0.0
1667,1778309483.927246,decode,154,770766,0.9990939316754487,770612,154,2406.783210069226,14126,0,154,770458,770612,770612,0.9988943114723287,0,14126,30,0,0,0,0.0
1668,1778309483.9514377,decode,154,495483,0.6422624487176994,770766,154,2406.783210069226,14126,0,154,770612,770766,770766,0.9990939316754487,0,14126,0,0,0,0,0.0
1669,1778309484.0546286,decode,154,770483,0.9987270971463384,770920,154,2406.783210069226,14126,0,154,770766,770920,770920,0.9992935518785687,0,14126,55,55,0,0,0.0
1671,1778309484.0907187,decode,154,770791,0.9991263375525785,770637,154,2406.783210069226,14071,0,154,770483,770637,770637,0.9989267173494585,0,14071,0,0,0,0,0.0
1672,1778309484.1149135,decode,154,505610,0.6553894214254697,770791,154,2406.783210069226,14071,0,154,770637,770791,770791,0.9991263375525785,0,14071,0,0,0,0,0.0
1673,1778309484.2130616,decode,154,770610,0.9988917190021582,770945,154,2406.783210069226,14071,0,154,770791,770945,770945,0.9993259577556985,0,14071,53,53,0,0,0.0
1675,1778309484.249454,decode,154,770918,0.9992909594083983,770764,154,2406.783210069226,14018,0,154,770610,770764,770764,0.9990913392052783,0,14018,0,0,0,0,0.0
1676,1778309484.2739992,decode,154,465585,0.6035076121405378,770918,154,2406.783210069226,14018,0,154,770764,770918,770918,0.9992909594083983,0,14018,0,0,0,0,0.0
1677,1778309484.391776,decode,154,770585,0.9988593131250284,771072,154,2406.783210069226,14018,0,154,770918,771072,771072,0.9994905796115183,0,14018,61,61,0,0,0.0
1679,1778309484.4310534,decode,154,575464,0.7459366270666848,770739,154,2406.783210069226,13957,0,154,770585,770739,770739,0.9990589333281484,0,13957,0,0,0,0,0.0
1680,1778309484.5019474,decode,154,620404,0.8041894317953504,770893,154,2406.783210069226,13957,0,154,770739,770893,770893,0.9992585535312685,0,13957,39,39,0,0,0.0
1683,1778309484.5889635,decode,154,770712,0.9990239349808481,770558,154,2406.783210069226,13888,0,154,770404,770558,770558,0.998824314777728,0,13888,30,0,0,0,0.0
1684,1778309484.6138895,decode,154,450482,0.5839305736488369,770712,154,2406.783210069226,13888,0,154,770558,770712,770712,0.9990239349808481,0,13888,0,0,0,0,0.0
1685,1778309484.7376244,decode,154,770482,0.9987258009112533,770866,154,2406.783210069226,13888,0,154,770712,770866,770866,0.9992235551839682,0,13888,64,64,0,0,0.0
1687,1778309484.7731676,decode,154,770790,0.9991250413174934,770636,154,2406.783210069226,13824,0,154,770482,770636,770636,0.9989254211143733,0,13824,0,0,0,0,0.0
1688,1778309484.7980578,decode,154,450512,0.5839694607013928,770790,154,2506.40925205926,13824,0,154,770636,770790,770790,0.9991250413174934,0,13824,0,0,0,0,0.0
1689,1778309484.9207847,decode,154,770512,0.9987646879638091,770944,154,2506.40925205926,13824,0,154,770790,770944,770944,0.9993246615206134,0,13824,64,64,0,0,0.0
1691,1778309484.9559824,decode,154,770820,0.9991639283700492,770666,154,2506.40925205926,13760,0,154,770512,770666,770666,0.9989643081669292,0,13760,0,0,0,0,0.0
1692,1778309484.980227,decode,154,475549,0.6164232985294213,770820,154,2506.40925205926,13760,0,154,770666,770820,770820,0.9991639283700492,0,13760,0,0,0,0,0.0
1693,1778309485.090482,decode,154,770549,0.9988126486619613,770974,154,2506.40925205926,13760,0,154,770820,770974,770974,0.9993635485731692,0,13760,59,59,0,0,0.0
1695,1778309485.1283092,decode,154,625538,0.8108443027227418,770703,154,2506.40925205926,13701,0,154,770549,770703,770703,0.9990122688650813,0,13701,0,0,0,0,0.0
1696,1778309485.1805177,decode,154,630482,0.8172528889839461,770857,154,2506.40925205926,13701,0,154,770703,770857,770857,0.9992118890682015,0,13701,29,29,0,0,0.0
1699,1778309485.2613745,decode,154,770790,0.9991250413174934,770636,154,2506.40925205926,13644,0,154,770482,770636,770636,0.9989254211143733,0,13644,28,0,0,0,0.0
1700,1778309485.2855089,decode,154,480530,0.6228798454887778,770790,154,2506.40925205926,13644,0,154,770636,770790,770790,0.9991250413174934,0,13644,0,0,0,0,0.0
1701,1778309485.3928924,decode,154,770530,0.9987880201953426,770944,154,2506.40925205926,13644,0,154,770790,770944,770944,0.9993246615206134,0,13644,58,58,0,0,0.0
1703,1778309485.4283466,decode,154,770838,0.9991872606015827,770684,154,2506.40925205926,13586,0,154,770530,770684,770684,0.9989876403984627,0,13586,0,0,0,0,0.0
1704,1778309485.4535806,decode,154,440506,0.5709993324389311,770838,154,2506.40925205926,13586,0,154,770684,770838,770838,0.9991872606015827,0,13586,0,0,0,0,0.0
1705,1778309485.5819926,decode,154,770506,0.998756910553298,770992,154,2506.40925205926,13586,0,154,770838,770992,770992,0.9993868808047027,0,13586,66,66,0,0,0.0
1707,1778309485.6178343,decode,154,770814,0.999156150959538,770660,154,2506.40925205926,13520,0,154,770506,770660,770660,0.998956530756418,0,13520,0,0,0,0,0.0
1708,1778309485.641969,decode,154,450528,0.583990200462756,770814,154,2506.40925205926,13520,0,154,770660,770814,770814,0.999156150959538,0,13520,0,0,0,0,0.0
1709,1778309485.7647116,decode,154,770528,0.9987854277251722,770968,154,2506.40925205926,13520,0,154,770814,770968,770968,0.9993557711626581,0,13520,64,64,0,0,0.0
1711,1778309485.8022978,decode,154,625517,0.8108170817859527,770682,154,2506.40925205926,13456,0,154,770528,770682,770682,0.9989850479282922,0,13456,0,0,0,0,0.0
1712,1778309485.8537464,decode,154,615455,0.7977743643587201,770836,154,2506.40925205926,13456,0,154,770682,770836,770836,0.9991846681314123,0,13456,29,29,0,0,0.0
1715,1778309485.9409707,decode,154,770763,0.9990900429701931,770609,154,2506.40925205926,13396,0,154,770455,770609,770609,0.9988904227670731,0,13396,31,0,0,0,0.0
1716,1778309485.9656308,decode,154,460507,0.5969253303779173,770763,154,2506.40925205926,13396,0,154,770609,770763,770763,0.9990900429701931,0,13396,0,0,0,0,0.0
1717,1778309486.08413,decode,154,770507,0.9987582067883831,770917,154,2506.40925205926,13396,0,154,770763,770917,770917,0.9992896631733131,0,13396,62,62,0,0,0.0
1719,1778309486.118997,decode,154,770815,0.9991574471946232,770661,154,2506.40925205926,13334,0,154,770507,770661,770661,0.9989578269915032,0,13334,0,0,0,0,0.0
1720,1778309486.143877,decode,154,465522,0.6034259493301706,770815,154,2506.40925205926,13334,0,154,770661,770815,770815,0.9991574471946232,0,13334,0,0,0,0,0.0
1721,1778309486.260938,decode,154,770522,0.998777650314661,770969,154,2506.40925205926,13334,0,154,770815,770969,770969,0.9993570673977432,0,13334,61,61,0,0,0.0
1723,1778309486.296177,decode,154,770830,0.9991768907209011,770676,154,2506.40925205926,13273,0,154,770522,770676,770676,0.9989772705177811,0,13273,0,0,0,0,0.0
1724,1778309486.3202734,decode,154,460534,0.5969603287252176,770830,154,2506.40925205926,13273,0,154,770676,770830,770830,0.9991768907209011,0,13273,0,0,0,0,0.0
1725,1778309486.4373488,decode,154,770534,0.9987932051356834,770984,154,2506.40925205926,13273,0,154,770830,770984,770984,0.9993765109240211,0,13273,62,62,0,0,0.0
1727,1778309486.4742641,decode,154,640556,0.8303111612322011,770688,154,2506.40925205926,13211,0,154,770534,770688,770688,0.9989928253388034,0,13211,0,0,0,0,0.0
1728,1778309486.5224457,decode,154,590484,0.7654060780463144,770842,154,2506.40925205926,13211,0,154,770688,770842,770842,0.9991924455419234,0,13211,26,26,0,0,0.0
1731,1778309486.6170642,decode,154,770792,0.9991276337876638,770638,154,2506.40925205926,13149,0,154,770484,770638,770638,0.9989280135845436,0,13149,36,0,0,0,0.0
1732,1778309486.6424487,decode,154,435473,0.5644753812551444,770792,154,2506.40925205926,13149,0,154,770638,770792,770792,0.9991276337876638,0,13149,0,0,0,0,0.0
1733,1778309486.7739012,decode,154,770473,0.9987141347954865,770946,154,2506.40925205926,13149,0,154,770792,770946,770946,0.9993272539907838,0,13149,67,67,0,0,0.0
1735,1778309486.8083365,decode,154,770781,0.9991133752017266,770627,154,2506.40925205926,13082,0,154,770473,770627,770627,0.9989137549986066,0,13082,0,0,0,0,0.0
1736,1778309486.8334548,decode,154,440481,0.5709669265618013,770781,154,2506.40925205926,13082,0,154,770627,770781,770781,0.9991133752017266,0,13082,0,0,0,0,0.0
1737,1778309486.9645102,decode,154,770481,0.998724504676168,770935,154,2506.40925205926,13082,0,154,770781,770935,770935,0.9993129954048466,0,13082,66,66,0,0,0.0
1739,1778309486.998735,decode,154,770789,0.9991237450824082,770635,154,2506.40925205926,13016,0,154,770481,770635,770635,0.9989241248792881,0,13016,0,0,0,0,0.0
1740,1778309487.0233822,decode,154,465552,0.6034648363827264,770789,154,2506.40925205926,13016,0,154,770635,770789,770789,0.9991237450824082,0,13016,0,0,0,0,0.0
1741,1778309487.1388092,decode,154,770552,0.9988165373672169,770943,154,2506.40925205926,13016,0,154,770789,770943,770943,0.9993233652855282,0,13016,61,61,0,0,0.0
1743,1778309487.1757538,decode,154,625541,0.8108481914279974,770706,154,2506.40925205926,12955,0,154,770552,770706,770706,0.9990161575703369,0,12955,0,0,0,0,0.0
1744,1778309487.2280574,decode,154,585467,0.758902866623891,770860,154,2506.40925205926,12955,0,154,770706,770860,770860,0.999215777773457,0,12955,29,29,0,0,0.0
1747,1778309487.324985,decode,154,770775,0.9991055977912154,770621,154,2437.74570453372,12889,0,154,770467,770621,770621,0.9989059775880954,0,12889,37,0,0,0,0.0
1748,1778309487.3503602,decode,154,410449,0.5320383944832234,770775,154,2437.74570453372,12889,0,154,770621,770775,770775,0.9991055977912154,0,12889,0,0,0,0,0.0
1749,1778309487.4959965,decode,154,770449,0.9986830251534419,770929,154,2437.74570453372,12889,0,154,770775,770929,770929,0.9993052179943355,0,12889,72,72,0,0,0.0
1751,1778309487.5300615,decode,154,770757,0.9990822655596819,770603,154,2437.74570453372,12817,0,154,770449,770603,770603,0.9988826453565619,0,12817,0,0,0,0,0.0
1752,1778309487.5546248,decode,154,465480,0.6033715074565923,770757,154,2437.74570453372,12817,0,154,770603,770757,770757,0.9990822655596819,0,12817,0,0,0,0,0.0
1753,1778309487.6692927,decode,154,770480,0.9987232084410829,770911,154,2437.74570453372,12817,0,154,770757,770911,770911,0.999281885762802,0,12817,61,61,0,0,0.0
1755,1778309487.703271,decode,154,770788,0.9991224488473229,770634,154,2437.74570453372,12756,0,154,770480,770634,770634,0.9989228286442029,0,12756,0,0,0,0,0.0
1756,1778309487.7271552,decode,154,505591,0.655364792958851,770788,154,2437.74570453372,12756,0,154,770634,770788,770788,0.9991224488473229,0,12756,0,0,0,0,0.0
1757,1778309487.823293,decode,154,770591,0.9988670905355396,770942,154,2437.74570453372,12756,0,154,770788,770942,770942,0.999322069050443,0,12756,53,53,0,0,0.0
1759,1778309487.8598294,decode,154,635602,0.8238896126201448,770745,154,2437.74570453372,12703,0,154,770591,770745,770745,0.9990667107386596,0,12703,0,0,0,0,0.0
1760,1778309487.9066288,decode,154,670562,0.8692059911985638,770899,154,2437.74570453372,12703,0,154,770745,770899,770899,0.9992663309417796,0,12703,27,27,0,0,0.0
1763,1778309487.9738944,decode,154,770870,0.999228740124309,770716,154,2437.74570453372,12656,0,154,770562,770716,770716,0.9990291199211889,0,12656,20,0,0,0,0.0
1764,1778309487.9992251,decode,154,425481,0.5515234002838755,770870,154,2437.74570453372,12656,0,154,770716,770870,770870,0.999228740124309,0,12656,0,0,0,0,0.0
1765,1778309488.1365383,decode,154,770481,0.998724504676168,771024,154,2437.74570453372,12656,0,154,770870,771024,771024,0.999428360327429,0,12656,69,69,0,0,0.0
1767,1778309488.1704862,decode,154,770789,0.9991237450824082,770635,154,2437.74570453372,12587,0,154,770481,770635,770635,0.9989241248792881,0,12587,0,0,0,0,0.0
1768,1778309488.1950924,decode,154,460501,0.5969175529674061,770789,154,2437.74570453372,12587,0,154,770635,770789,770789,0.9991237450824082,0,12587,0,0,0,0,0.0
1769,1778309488.3144505,decode,154,770501,0.998750429377872,770943,154,2437.74570453372,12587,0,154,770789,770943,770943,0.9993233652855282,0,12587,62,62,0,0,0.0
1771,1778309488.3484683,decode,154,770809,0.999149669784112,770655,154,2437.74570453372,12525,0,154,770501,770655,770655,0.998950049580992,0,12525,0,0,0,0,0.0
1772,1778309488.3744607,decode,154,455510,0.5904480436571977,770809,154,2437.74570453372,12525,0,154,770655,770809,770809,0.999149669784112,0,12525,0,0,0,0,0.0
1773,1778309488.4936335,decode,154,770510,0.9987620954936387,770963,154,2437.74570453372,12525,0,154,770809,770963,770963,0.999349289987232,0,12525,63,63,0,0,0.0
1775,1778309488.5296721,decode,154,670598,0.8692526556616308,770664,154,2437.74570453372,12462,0,154,770510,770664,770664,0.9989617156967587,0,12462,0,0,0,0,0.0
1776,1778309488.5687118,decode,154,605532,0.7849118236083296,770818,154,2437.74570453372,12462,0,154,770664,770818,770818,0.9991613358998788,0,12462,20,20,0,0,0.0
1779,1778309488.6575286,decode,154,770840,0.9991898530717531,770686,154,2437.74570453372,12409,0,154,770532,770686,770686,0.9989902328686331,0,12409,33,0,0,0,0.0
1780,1778309488.6827512,decode,154,440484,0.5709708152670568,770840,154,2437.74570453372,12409,0,154,770686,770840,770840,0.9991898530717531,0,12409,0,0,0,0,0.0
1781,1778309488.8109856,decode,154,770484,0.9987283933814236,770994,154,2437.74570453372,12409,0,154,770840,770994,770994,0.9993894732748732,0,12409,66,66,0,0,0.0
1783,1778309488.8443458,decode,154,770792,0.9991276337876638,770638,154,2437.74570453372,12343,0,154,770484,770638,770638,0.9989280135845436,0,12343,0,0,0,0,0.0
1784,1778309488.8695383,decode,154,470510,0.6098915699351234,770792,154,2437.74570453372,12343,0,154,770638,770792,770792,0.9991276337876638,0,12343,0,0,0,0,0.0
1785,1778309488.9950936,decode,154,770510,0.9987620954936387,770946,154,2437.74570453372,12343,0,154,770792,770946,770946,0.9993272539907838,0,12343,60,60,0,0,0.0
1787,1778309489.031242,decode,154,770818,0.9991613358998788,770664,154,2437.74570453372,12283,0,154,770510,770664,770664,0.9989617156967587,0,12283,0,0,0,0,0.0
1788,1778309489.056281,decode,154,445537,0.5775206911525474,770818,154,2437.74570453372,12283,0,154,770664,770818,770818,0.9991613358998788,0,12283,0,0,0,0,0.0
1789,1778309489.1819916,decode,154,770537,0.998797093840939,770972,154,2437.74570453372,12283,0,154,770818,770972,770972,0.9993609561029988,0,12283,65,65,0,0,0.0
1791,1778309489.218042,decode,154,640559,0.8303150499374566,770691,154,2437.74570453372,12218,0,154,770537,770691,770691,0.998996714044059,0,12218,0,0,0,0,0.0
1792,1778309489.2644787,decode,154,655513,0.8496989494014634,770845,154,2437.74570453372,12218,0,154,770691,770845,770845,0.999196334247179,0,12218,26,26,0,0,0.0
1795,1778309489.3347106,decode,154,770821,0.9991652246051343,770667,154,2437.74570453372,12169,0,154,770513,770667,770667,0.9989656044020143,0,12169,23,0,0,0,0.0
1796,1778309489.3595505,decode,154,445476,0.5774416208123505,770821,154,2437.74570453372,12169,0,154,770667,770821,770821,0.9991652246051343,0,12169,0,0,0,0,0.0
1797,1778309489.4849696,decode,154,770476,0.9987180235007421,770975,154,2437.74570453372,12169,0,154,770821,770975,770975,0.9993648448082544,0,12169,65,65,0,0,0.0
1799,1778309489.518258,decode,154,770784,0.9991172639069822,770630,154,2437.74570453372,12104,0,154,770476,770630,770630,0.9989176437038622,0,12104,0,0,0,0,0.0
1800,1778309489.5423267,decode,154,500576,0.6488641740065978,770784,154,2437.74570453372,12104,0,154,770630,770784,770784,0.9991172639069822,0,12104,0,0,0,0,0.0
1801,1778309489.640292,decode,154,770576,0.9988476470092617,770938,154,2437.74570453372,12104,0,154,770784,770938,770938,0.9993168841101022,0,12104,54,54,0,0,0.0
1803,1778309489.6735756,decode,154,770884,0.9992468874155017,770730,154,2437.74570453372,12050,0,154,770576,770730,770730,0.9990472672123817,0,12050,0,0,0,0,0.0
1804,1778309489.6988654,decode,154,425495,0.5515415475750682,770884,154,2594.906667535066,12050,0,154,770730,770884,770884,0.9992468874155017,0,12050,0,0,0,0,0.0
1805,1778309489.8334303,decode,154,770495,0.9987426519673608,771038,154,2594.906667535066,12050,0,154,770884,771038,771038,0.9994465076186217,0,12050,69,69,0,0,0.0
1807,1778309489.8686552,decode,154,660561,0.8562423441115281,770649,154,2594.906667535066,11981,0,154,770495,770649,770649,0.9989422721704808,0,11981,0,0,0,0,0.0
1808,1778309489.9087188,decode,154,600493,0.7783800950140317,770803,154,2594.906667535066,11981,0,154,770649,770803,770803,0.9991418923736008,0,11981,22,22,0,0,0.0
1811,1778309489.9950907,decode,154,770801,0.9991392999034305,770647,154,2594.906667535066,11925,0,154,770493,770647,770647,0.9989396797003105,0,11925,34,0,0,0,0.0
1812,1778309490.0203846,decode,154,455478,0.5904065641344715,770801,154,2594.906667535066,11925,0,154,770647,770801,770801,0.9991392999034305,0,11925,0,0,0,0,0.0
1813,1778309490.1387477,decode,154,770478,0.9987206159709124,770955,154,2594.906667535066,11925,0,154,770801,770955,770955,0.9993389201065506,0,11925,63,63,0,0,0.0
1815,1778309490.1737037,decode,154,770786,0.9991198563771526,770632,154,2594.906667535066,11862,0,154,770478,770632,770632,0.9989202361740325,0,11862,0,0,0,0,0.0
1816,1778309490.1984658,decode,154,465541,0.6034505777967892,770786,154,2594.906667535066,11862,0,154,770632,770786,770786,0.9991198563771526,0,11862,0,0,0,0,0.0
1817,1778309490.3121212,decode,154,770541,0.9988022787812798,770940,154,2594.906667535066,11862,0,154,770786,770940,770940,0.9993194765802726,0,11862,61,61,0,0,0.0
1819,1778309490.3459241,decode,154,770849,0.9992015191875199,770695,154,2594.906667535066,11801,0,154,770541,770695,770695,0.9990018989843998,0,11801,0,0,0,0,0.0
1820,1778309490.3715305,decode,154,420513,0.5450837043806265,770849,154,2594.906667535066,11801,0,154,770695,770849,770849,0.9992015191875199,0,11801,0,0,0,0,0.0
1821,1778309490.5097106,decode,154,770513,0.9987659841988943,771003,154,2594.906667535066,11801,0,154,770849,771003,771003,0.9994011393906399,0,11801,70,70,0,0,0.0
1823,1778309490.546074,decode,154,625502,0.8107976382596748,770667,154,2594.906667535066,11731,0,154,770513,770667,770667,0.9989656044020143,0,11731,0,0,0,0,0.0
1824,1778309490.5974107,decode,154,600434,0.7783036171440052,770821,154,2594.906667535066,11731,0,154,770667,770821,770821,0.9991652246051343,0,11731,29,29,0,0,0.0
1827,1778309490.6859806,decode,154,770742,0.999062822033404,770588,154,2594.906667535066,11668,0,154,770434,770588,770588,0.998863201830284,0,11668,34,0,0,0,0.0
1828,1778309490.7106063,decode,154,465481,0.6033728036916776,770742,154,2594.906667535066,11668,0,154,770588,770742,770742,0.999062822033404,0,11668,0,0,0,0,0.0
1829,1778309490.8238316,decode,154,770481,0.998724504676168,770896,154,2594.906667535066,11668,0,154,770742,770896,770896,0.999262442236524,0,11668,61,61,0,0,0.0
1831,1778309490.856515,decode,154,770789,0.9991237450824082,770635,154,2594.906667535066,11607,0,154,770481,770635,770635,0.9989241248792881,0,11607,0,0,0,0,0.0
1832,1778309490.8810384,decode,154,470555,0.6099499005139573,770789,154,2594.906667535066,11607,0,154,770635,770789,770789,0.9991237450824082,0,11607,0,0,0,0,0.0
1833,1778309490.990775,decode,154,770555,0.9988204260724725,770943,154,2594.906667535066,11607,0,154,770789,770943,770943,0.9993233652855282,0,11607,60,60,0,0,0.0
1835,1778309491.0233324,decode,154,770863,0.9992196664787126,770709,154,2594.906667535066,11547,0,154,770555,770709,770709,0.9990200462755925,0,11547,0,0,0,0,0.0
1836,1778309491.048831,decode,154,410513,0.532121353528676,770863,154,2594.906667535066,11547,0,154,770709,770863,770863,0.9992196664787126,0,11547,0,0,0,0,0.0
1837,1778309491.1913364,decode,154,770513,0.9987659841988943,771017,154,2594.906667535066,11547,0,154,770863,771017,771017,0.9994192866818327,0,11547,72,72,0,0,0.0
1839,1778309491.2268054,decode,154,615480,0.79780677023585,770667,154,2594.906667535066,11475,0,154,770513,770667,770667,0.9989656044020143,0,11475,0,0,0,0,0.0
1840,1778309491.2801077,decode,154,605414,0.7847588678682766,770821,154,2594.906667535066,11475,0,154,770667,770821,770821,0.9991652246051343,0,11475,31,31,0,0,0.0
1843,1778309491.3648353,decode,154,770722,0.9990368973317001,770568,154,2594.906667535066,11411,0,154,770414,770568,770568,0.9988372771285801,0,11411,33,0,0,0,0.0
1844,1778309491.388569,decode,154,525513,0.6811883883261068,770722,154,2594.906667535066,11411,0,154,770568,770722,770722,0.9990368973317001,0,11411,0,0,0,0,0.0
1845,1778309491.4731288,decode,154,770513,0.9987659841988943,770876,154,2594.906667535066,11411,0,154,770722,770876,770876,0.9992365175348201,0,11411,49,49,0,0,0.0
1847,1778309491.5054734,decode,154,770821,0.9991652246051343,770667,154,2594.906667535066,11362,0,154,770513,770667,770667,0.9989656044020143,0,11362,0,0,0,0,0.0
1848,1778309491.529323,decode,154,520633,0.6748627611103549,770821,154,2594.906667535066,11362,0,154,770667,770821,770821,0.9991652246051343,0,11362,0,0,0,0,0.0
1849,1778309491.6156006,decode,154,770633,0.9989215324091177,770975,154,2594.906667535066,11362,0,154,770821,770975,770975,0.9993648448082544,0,11362,50,50,0,0,0.0
1851,1778309491.6480255,decode,154,770941,0.9993207728153578,770787,154,2594.906667535066,11312,0,154,770633,770787,770787,0.9991211526122378,0,11312,0,0,0,0,0.0
1852,1778309491.6725469,decode,154,465600,0.6035270556668157,770941,154,2594.906667535066,11312,0,154,770787,770941,770941,0.9993207728153578,0,11312,0,0,0,0,0.0
1853,1778309491.7849884,decode,154,770600,0.9988787566513063,771095,154,2594.906667535066,11312,0,154,770941,771095,771095,0.9995203930184778,0,11312,61,61,0,0,0.0
1855,1778309491.8212206,decode,154,560446,0.7264697685572256,770754,154,2594.906667535066,11251,0,154,770600,770754,770754,0.9990783768544264,0,11251,0,0,0,0,0.0
1856,1778309491.893101,decode,154,640394,0.8301011711483994,770908,154,2594.906667535066,11251,0,154,770754,770908,770908,0.9992779970575464,0,11251,42,42,0,0,0.0
1859,1778309491.965683,decode,154,770702,0.9990109726299962,770548,154,2594.906667535066,11183,0,154,770394,770548,770548,0.9988113524268761,0,11183,26,0,0,0,0.0
1860,1778309491.9891953,decode,154,530528,0.68768900727836,770702,154,2594.906667535066,11183,0,154,770548,770702,770702,0.9990109726299962,0,11183,0,0,0,0,0.0
1861,1778309492.0709212,decode,154,770528,0.9987854277251722,770856,154,2594.906667535066,11183,0,154,770702,770856,770856,0.9992105928331162,0,11183,48,48,0,0,0.0
1863,1778309492.1030433,decode,154,770836,0.9991846681314123,770682,154,2562.202444418703,11135,0,154,770528,770682,770682,0.9989850479282922,0,11135,0,0,0,0,0.0
1864,1778309492.126721,decode,154,510610,0.661870596851445,770836,154,2562.202444418703,11135,0,154,770682,770836,770836,0.9991846681314123,0,11135,0,0,0,0,0.0
1865,1778309492.2175333,decode,154,770610,0.9988917190021582,770990,154,2562.202444418703,11135,0,154,770836,770990,770990,0.9993842883345323,0,11135,52,52,0,0,0.0
1867,1778309492.2518384,decode,154,770918,0.9992909594083983,770764,154,2562.202444418703,11083,0,154,770610,770764,770764,0.9990913392052783,0,11083,0,0,0,0,0.0
1868,1778309492.2750387,decode,154,495627,0.6424491065699676,770918,154,2562.202444418703,11083,0,154,770764,770918,770918,0.9992909594083983,0,11083,0,0,0,0,0.0
1869,1778309492.3727434,decode,154,770627,0.9989137549986066,771072,154,2562.202444418703,11083,0,154,770918,771072,771072,0.9994905796115183,0,11083,55,55,0,0,0.0
1871,1778309492.4085424,decode,154,555462,0.7200093328926134,770781,154,2562.202444418703,11028,0,154,770627,770781,770781,0.9991133752017266,0,11028,0,0,0,0,0.0
1872,1778309492.48254,decode,154,640410,0.8301219109097626,770935,154,2562.202444418703,11028,0,154,770781,770935,770935,0.9993129954048466,0,11028,43,43,0,0,0.0
1875,1778309492.5549743,decode,154,770718,0.9990317123913594,770564,154,2562.202444418703,10959,0,154,770410,770564,770564,0.9988320921882392,0,10959,26,0,0,0,0.0
1876,1778309492.5795681,decode,154,485509,0.629333799977964,770718,154,2562.202444418703,10959,0,154,770564,770718,770718,0.9990317123913594,0,10959,0,0,0,0,0.0
1877,1778309492.682569,decode,154,770509,0.9987607992585535,770872,154,2562.202444418703,10959,0,154,770718,770872,770872,0.9992313325944794,0,10959,57,57,0,0,0.0
1879,1778309492.7154174,decode,154,770817,0.9991600396647936,770663,154,2562.202444418703,10902,0,154,770509,770663,770663,0.9989604194616736,0,10902,0,0,0,0,0.0
1880,1778309492.7397833,decode,154,505556,0.6553194247308692,770817,154,2562.202444418703,10902,0,154,770663,770817,770817,0.9991600396647936,0,10902,0,0,0,0,0.0
1881,1778309492.8334846,decode,154,770556,0.9988217223075577,770971,154,2562.202444418703,10902,0,154,770817,770971,770971,0.9993596598679136,0,10902,53,53,0,0,0.0
1883,1778309492.8664932,decode,154,770864,0.9992209627137978,770710,154,2562.202444418703,10849,0,154,770556,770710,770710,0.9990213425106778,0,10849,0,0,0,0,0.0
1884,1778309492.8909461,decode,154,480612,0.6229861367657639,770864,154,2562.202444418703,10849,0,154,770710,770864,770864,0.9992209627137978,0,10849,0,0,0,0,0.0
1885,1778309492.9965575,decode,154,770612,0.9988943114723287,771018,154,2562.202444418703,10849,0,154,770864,771018,771018,0.9994205829169178,0,10849,58,58,0,0,0.0
1887,1778309493.0326967,decode,154,590524,0.7654579274497223,770766,154,2562.202444418703,10791,0,154,770612,770766,770766,0.9990939316754487,0,10791,0,0,0,0,0.0
1888,1778309493.0944605,decode,154,625466,0.8107509737966078,770920,154,2562.202444418703,10791,0,154,770766,770920,770920,0.9992935518785687,0,10791,36,36,0,0,0.0
1891,1778309493.1717324,decode,154,770774,0.9991043015561302,770620,154,2562.202444418703,10726,0,154,770466,770620,770620,0.9989046813530101,0,10726,29,0,0,0,0.0
1892,1778309493.197853,decode,154,395415,0.5125507962124011,770774,154,2562.202444418703,10726,0,154,770620,770774,770774,0.9991043015561302,0,10726,0,0,0,0,0.0
1893,1778309493.348382,decode,154,770415,0.9986389531605452,770928,154,2562.202444418703,10726,0,154,770774,770928,770928,0.9993039217592502,0,10726,75,75,0,0,0.0
1895,1778309493.380209,decode,154,770723,0.9990381935667852,770569,154,2562.202444418703,10651,0,154,770415,770569,770569,0.9988385733636652,0,10651,0,0,0,0,0.0
1896,1778309493.404703,decode,154,475508,0.6163701528909283,770723,154,2562.202444418703,10651,0,154,770569,770723,770723,0.9990381935667852,0,10651,0,0,0,0,0.0
1897,1778309493.511529,decode,154,770508,0.9987595030234684,770877,154,2562.202444418703,10651,0,154,770723,770877,770877,0.9992378137699053,0,10651,59,59,0,0,0.0
1899,1778309493.5432942,decode,154,770816,0.9991587434297085,770662,154,2562.202444418703,10592,0,154,770508,770662,770662,0.9989591232265884,0,10592,0,0,0,0,0.0
1900,1778309493.5679524,decode,154,460552,0.5969836609567511,770816,154,2562.202444418703,10592,0,154,770662,770816,770816,0.9991587434297085,0,10592,0,0,0,0,0.0
1901,1778309493.6820865,decode,154,770552,0.9988165373672169,770970,154,2562.202444418703,10592,0,154,770816,770970,770970,0.9993583636328285,0,10592,62,62,0,0,0.0
1903,1778309493.7163615,decode,154,640574,0.8303344934637346,770706,154,2562.202444418703,10530,0,154,770552,770706,770706,0.9990161575703369,0,10530,0,0,0,0,0.0
1904,1778309493.7608354,decode,154,650526,0.8432346250315957,770860,154,2562.202444418703,10530,0,154,770706,770860,770860,0.999215777773457,0,10530,26,26,0,0,0.0
1907,1778309493.8292084,decode,154,770834,0.999182075661242,770680,154,2562.202444418703,10480,0,154,770526,770680,770680,0.9989824554581219,0,10480,24,0,0,0,0.0
1908,1778309493.8536794,decode,154,475491,0.61634811689448,770834,154,2562.202444418703,10480,0,154,770680,770834,770834,0.999182075661242,0,10480,0,0,0,0,0.0
1909,1778309493.9604518,decode,154,770491,0.99873746702702,770988,154,2562.202444418703,10480,0,154,770834,770988,770988,0.999381695864362,0,10480,59,59,0,0,0.0
1911,1778309493.9921687,decode,154,770799,0.9991367074332601,770645,154,2562.202444418703,10421,0,154,770491,770645,770645,0.9989370872301401,0,10421,0,0,0,0,0.0
1912,1778309494.0165908,decode,154,475568,0.61644792699604,770799,154,2562.202444418703,10421,0,154,770645,770799,770799,0.9991367074332601,0,10421,0,0,0,0,0.0
1913,1778309494.1236377,decode,154,770568,0.9988372771285801,770953,154,2562.202444418703,10421,0,154,770799,770953,770953,0.9993363276363801,0,10421,59,59,0,0,0.0
1915,1778309494.1556404,decode,154,770876,0.9992365175348201,770722,154,2562.202444418703,10362,0,154,770568,770722,770722,0.9990368973317001,0,10362,0,0,0,0,0.0
1916,1778309494.1805453,decode,154,455537,0.590483042004498,770876,154,2562.202444418703,10362,0,154,770722,770876,770876,0.9992365175348201,0,10362,0,0,0,0,0.0
1917,1778309494.2977602,decode,154,770537,0.998797093840939,771030,154,2562.202444418703,10362,0,154,770876,771030,771030,0.9994361377379402,0,10362,63,63,0,0,0.0
1919,1778309494.332021,decode,154,615504,0.7978378798778947,770691,154,2562.202444418703,10299,0,154,770537,770691,770691,0.998996714044059,0,10299,0,0,0,0,0.0
1920,1778309494.3851569,decode,154,620444,0.8042412811987583,770845,154,2699.2747485895543,10299,0,154,770691,770845,770845,0.999196334247179,0,10299,31,31,0,0,0.0
1923,1778309494.4621203,decode,154,770752,0.9990757843842559,770598,154,2699.2747485895543,10238,0,154,770444,770598,770598,0.9988761641811359,0,10238,30,0,0,0,0.0
1924,1778309494.4869654,decode,154,440500,0.5709915550284199,770752,154,2699.2747485895543,10238,0,154,770598,770752,770752,0.9990757843842559,0,10238,0,0,0,0,0.0
1925,1778309494.6113098,decode,154,770500,0.9987491331427868,770906,154,2699.2747485895543,10238,0,154,770752,770906,770906,0.999275404587376,0,10238,66,66,0,0,0.0
1927,1778309494.6428301,decode,154,770808,0.9991483735490269,770654,154,2699.2747485895543,10172,0,154,770500,770654,770654,0.9989487533459068,0,10172,0,0,0,0,0.0
1928,1778309494.667903,decode,154,435489,0.5644961210165076,770808,154,2699.2747485895543,10172,0,154,770654,770808,770808,0.9991483735490269,0,10172,0,0,0,0,0.0
1929,1778309494.7950706,decode,154,770489,0.9987348745568496,770962,154,2699.2747485895543,10172,0,154,770808,770962,770962,0.9993479937521469,0,10172,67,67,0,0,0.0
1931,1778309494.8267622,decode,154,770797,0.9991341149630897,770643,154,2699.2747485895543,10105,0,154,770489,770643,770643,0.9989344947599696,0,10105,0,0,0,0,0.0
1932,1778309494.851867,decode,154,430483,0.5580071681800212,770797,154,2699.2747485895543,10105,0,154,770643,770797,770797,0.9991341149630897,0,10105,0,0,0,0,0.0
1933,1778309494.9818268,decode,154,770483,0.9987270971463384,770951,154,2699.2747485895543,10105,0,154,770797,770951,770951,0.9993337351662097,0,10105,68,68,0,0,0.0
1935,1778309495.0151882,decode,154,665560,0.8627222233024181,770637,154,2699.2747485895543,10037,0,154,770483,770637,770637,0.9989267173494585,0,10037,0,0,0,0,0.0
1936,1778309495.0520952,decode,154,580484,0.7524437271943639,770791,154,2699.2747485895543,10037,0,154,770637,770791,770791,0.9991263375525785,0,10037,21,21,0,0,0.0
1939,1778309495.1423693,decode,154,770792,0.9991276337876638,770638,154,2699.2747485895543,9978,0,154,770484,770638,770638,0.9989280135845436,0,9978,38,0,0,0,0.0
1940,1778309495.1673336,decode,154,440484,0.5709708152670568,770792,154,2699.2747485895543,9978,0,154,770638,770792,770792,0.9991276337876638,0,9978,0,0,0,0,0.0
1941,1778309495.2916965,decode,154,770484,0.9987283933814236,770946,154,2699.2747485895543,9978,0,154,770792,770946,770946,0.9993272539907838,0,9978,66,66,0,0,0.0
1943,1778309495.3232002,decode,154,770792,0.9991276337876638,770638,154,2699.2747485895543,9912,0,154,770484,770638,770638,0.9989280135845436,0,9912,0,0,0,0,0.0
1944,1778309495.3488665,decode,154,395465,0.5126156079666608,770792,154,2699.2747485895543,9912,0,154,770638,770792,770792,0.9991276337876638,0,9912,0,0,0,0,0.0
1945,1778309495.500507,decode,154,770465,0.998703764914805,770946,154,2699.2747485895543,9912,0,154,770792,770946,770946,0.9993272539907838,0,9912,75,75,0,0,0.0
1947,1778309495.5319834,decode,154,770773,0.999103005321045,770619,154,2699.2747485895543,9837,0,154,770465,770619,770619,0.998903385117925,0,9837,0,0,0,0,0.0
1948,1778309495.5566595,decode,154,460501,0.5969175529674061,770773,154,2699.2747485895543,9837,0,154,770619,770773,770773,0.999103005321045,0,9837,0,0,0,0,0.0
1949,1778309495.6704006,decode,154,770501,0.998750429377872,770927,154,2699.2747485895543,9837,0,154,770773,770927,770927,0.999302625524165,0,9837,62,62,0,0,0.0
1951,1778309495.703971,decode,154,640523,0.8302683854743896,770655,154,2699.2747485895543,9775,0,154,770501,770655,770655,0.998950049580992,0,9775,0,0,0,0,0.0
1952,1778309495.7480483,decode,154,595453,0.7718470701846487,770809,154,2699.2747485895543,9775,0,154,770655,770809,770809,0.999149669784112,0,9775,26,26,0,0,0.0
1955,1778309495.8320134,decode,154,770761,0.9990874505000227,770607,154,2699.2747485895543,9714,0,154,770453,770607,770607,0.9988878302969026,0,9714,35,0,0,0,0.0
1956,1778309495.8560297,decode,154,505572,0.6553401644922323,770761,154,2699.2747485895543,9714,0,154,770607,770761,770761,0.9990874505000227,0,9714,0,0,0,0,0.0
1957,1778309495.9481983,decode,154,770572,0.9988424620689208,770915,154,2699.2747485895543,9714,0,154,770761,770915,770915,0.9992870707031427,0,9714,53,53,0,0,0.0
1959,1778309495.9793344,decode,154,770880,0.9992417024751609,770726,154,2699.2747485895543,9661,0,154,770572,770726,770726,0.9990420822720408,0,9661,0,0,0,0,0.0
1960,1778309496.0044405,decode,154,440492,0.5709811851477384,770880,154,2699.2747485895543,9661,0,154,770726,770880,770880,0.9992417024751609,0,9661,0,0,0,0,0.0
1961,1778309496.1285303,decode,154,770492,0.9987387632621052,771034,154,2699.2747485895543,9661,0,154,770880,771034,771034,0.9994413226782809,0,9661,66,66,0,0,0.0
1963,1778309496.1594965,decode,154,770800,0.9991380036683453,770646,154,2699.2747485895543,9595,0,154,770492,770646,770646,0.9989383834652252,0,9595,0,0,0,0,0.0
1964,1778309496.1840837,decode,154,470558,0.6099537892192128,770800,154,2699.2747485895543,9595,0,154,770646,770800,770800,0.9991380036683453,0,9595,0,0,0,0,0.0
1965,1778309496.2927363,decode,154,770558,0.998824314777728,770954,154,2699.2747485895543,9595,0,154,770800,770954,770954,0.9993376238714653,0,9595,60,60,0,0,0.0
1967,1778309496.3263588,decode,154,615525,0.7978651008146838,770712,154,2699.2747485895543,9535,0,154,770558,770712,770712,0.9990239349808481,0,9535,0,0,0,0,0.0
1968,1778309496.3775187,decode,154,650477,0.8431711095124211,770866,154,2699.2747485895543,9535,0,154,770712,770866,770866,0.9992235551839682,0,9535,31,31,0,0,0.0
1971,1778309496.44358,decode,154,770785,0.9991185601420673,770631,154,2699.2747485895543,9480,0,154,770477,770631,770631,0.9989189399389473,0,9480,24,0,0,0,0.0
1972,1778309496.4680605,decode,154,500537,0.6488136208382752,770785,154,2699.2747485895543,9480,0,154,770631,770785,770785,0.9991185601420673,0,9480,0,0,0,0,0.0
1973,1778309496.5624194,decode,154,770537,0.998797093840939,770939,154,2699.2747485895543,9480,0,154,770785,770939,770939,0.9993181803451874,0,9480,54,54,0,0,0.0
1975,1778309496.5933807,decode,154,770845,0.999196334247179,770691,154,2699.2747485895543,9426,0,154,770537,770691,770691,0.998996714044059,0,9426,0,0,0,0,0.0
1976,1778309496.6181734,decode,154,455546,0.5904947081202647,770845,154,2699.2747485895543,9426,0,154,770691,770845,770845,0.999196334247179,0,9426,0,0,0,0,0.0
1977,1778309496.734195,decode,154,770546,0.9988087599567057,770999,154,2699.2747485895543,9426,0,154,770845,770999,770999,0.999395954450299,0,9426,63,63,0,0,0.0
1979,1778309496.7650108,decode,154,770854,0.9992080003629458,770700,154,2588.3786417914234,9363,0,154,770546,770700,770700,0.9990083801598257,0,9363,0,0,0,0,0.0
1980,1778309496.7896664,decode,154,450528,0.583990200462756,770854,154,2588.3786417914234,9363,0,154,770700,770854,770854,0.9992080003629458,0,9363,0,0,0,0,0.0
1981,1778309496.9084888,decode,154,770528,0.9987854277251722,771008,154,2588.3786417914234,9363,0,154,770854,771008,771008,0.9994076205660659,0,9363,64,64,0,0,0.0
1983,1778309496.9420793,decode,154,615495,0.7978262137621279,770682,154,2588.3786417914234,9299,0,154,770528,770682,770682,0.9989850479282922,0,9299,0,0,0,0,0.0
1984,1778309496.993793,decode,154,605429,0.7847783113945546,770836,154,2588.3786417914234,9299,0,154,770682,770836,770836,0.9991846681314123,0,9299,31,31,0,0,0.0
1987,1778309497.0736375,decode,154,770737,0.999056340857978,770583,154,2588.3786417914234,9235,0,154,770429,770583,770583,0.998856720654858,0,9235,33,0,0,0,0.0
1988,1778309497.0977297,decode,154,495534,0.6423285567070444,770737,154,2588.3786417914234,9235,0,154,770583,770737,770737,0.999056340857978,0,9235,0,0,0,0,0.0
1989,1778309497.1941588,decode,154,770534,0.9987932051356834,770891,154,2588.3786417914234,9235,0,154,770737,770891,770891,0.999255961061098,0,9235,55,55,0,0,0.0
1991,1778309497.2249885,decode,154,770842,0.9991924455419234,770688,154,2588.3786417914234,9180,0,154,770534,770688,770688,0.9989928253388034,0,9180,0,0,0,0,0.0
1992,1778309497.250127,decode,154,460530,0.5969551437848768,770842,154,2588.3786417914234,9180,0,154,770688,770842,770842,0.9991924455419234,0,9180,0,0,0,0,0.0
1993,1778309497.3642967,decode,154,770530,0.9987880201953426,770996,154,2588.3786417914234,9180,0,154,770842,770996,770996,0.9993920657450435,0,9180,62,62,0,0,0.0
1995,1778309497.3956099,decode,154,770838,0.9991872606015827,770684,154,2588.3786417914234,9118,0,154,770530,770684,770684,0.9989876403984627,0,9118,0,0,0,0,0.0
1996,1778309497.4204144,decode,154,445549,0.5775362459735698,770838,154,2588.3786417914234,9118,0,154,770684,770838,770838,0.9991872606015827,0,9118,0,0,0,0,0.0
1997,1778309497.5416389,decode,154,770549,0.9988126486619613,770992,154,2588.3786417914234,9118,0,154,770838,770992,770992,0.9993868808047027,0,9118,65,65,0,0,0.0
1999,1778309497.5749283,decode,154,605494,0.7848625666750922,770703,154,2588.3786417914234,9053,0,154,770549,770703,770703,0.9990122688650813,0,9053,0,0,0,0,0.0
2000,1778309497.6302514,decode,154,600426,0.7782932472633237,770857,154,2588.3786417914234,9053,0,154,770703,770857,770857,0.9992118890682015,0,9053,33,33,0,0,0.0
2003,1778309497.7116988,decode,154,770734,0.9990524521527224,770580,154,2588.3786417914234,8986,0,154,770426,770580,770580,0.9988528319496024,0,8986,34,0,0,0,0.0
2004,1778309497.7366462,decode,154,445469,0.5774325471667542,770734,154,2588.3786417914234,8986,0,154,770580,770734,770734,0.9990524521527224,0,8986,0,0,0,0,0.0
2005,1778309497.8586638,decode,154,770469,0.9987089498551457,770888,154,2588.3786417914234,8986,0,154,770734,770888,770888,0.9992520723558425,0,8986,65,65,0,0,0.0
2007,1778309497.8890617,decode,154,770777,0.9991081902613858,770623,154,2588.3786417914234,8921,0,154,770469,770623,770623,0.9989085700582657,0,8921,0,0,0,0,0.0
2008,1778309497.9138055,decode,154,455518,0.5904584135378792,770777,154,2588.3786417914234,8921,0,154,770623,770777,770777,0.9991081902613858,0,8921,0,0,0,0,0.0
2009,1778309498.0294425,decode,154,770518,0.9987724653743203,770931,154,2588.3786417914234,8921,0,154,770777,770931,770931,0.9993078104645059,0,8921,63,63,0,0,0.0
2011,1778309498.059847,decode,154,770826,0.9991717057805604,770672,154,2588.3786417914234,8858,0,154,770518,770672,770672,0.9989720855774403,0,8858,0,0,0,0,0.0
2012,1778309498.0841918,decode,154,480558,0.6229161400711634,770826,154,2588.3786417914234,8858,0,154,770672,770826,770826,0.9991717057805604,0,8858,0,0,0,0,0.0
2013,1778309498.1876755,decode,154,770558,0.998824314777728,770980,154,2588.3786417914234,8858,0,154,770826,770980,770980,0.9993713259836804,0,8858,58,58,0,0,0.0
2015,1778309498.2209466,decode,154,620536,0.8043605348265962,770712,154,2588.3786417914234,8800,0,154,770558,770712,770712,0.9990239349808481,0,8800,0,0,0,0,0.0
2016,1778309498.2704515,decode,154,630480,0.8172502965137758,770866,154,2588.3786417914234,8800,0,154,770712,770866,770866,0.9992235551839682,0,8800,30,30,0,0,0.0
2019,1778309498.3412108,decode,154,770788,0.9991224488473229,770634,154,2588.3786417914234,8742,0,154,770480,770634,770634,0.9989228286442029,0,8742,28,0,0,0,0.0
2020,1778309498.365517,decode,154,485531,0.6293623171498383,770788,154,2588.3786417914234,8742,0,154,770634,770788,770788,0.9991224488473229,0,8742,0,0,0,0,0.0
2021,1778309498.466257,decode,154,770531,0.9987893164304278,770942,154,2588.3786417914234,8742,0,154,770788,770942,770942,0.999322069050443,0,8742,57,57,0,0,0.0
2023,1778309498.4964497,decode,154,770839,0.9991885568366679,770685,154,2588.3786417914234,8685,0,154,770531,770685,770685,0.9989889366335478,0,8685,0,0,0,0,0.0
2024,1778309498.5217555,decode,154,425498,0.5515454362803238,770839,154,2588.3786417914234,8685,0,154,770685,770839,770839,0.9991885568366679,0,8685,0,0,0,0,0.0
2025,1778309498.653947,decode,154,770498,0.9987465406726164,770993,154,2588.3786417914234,8685,0,154,770839,770993,770993,0.9993881770397879,0,8685,69,69,0,0,0.0
2027,1778309498.6840074,decode,154,770806,0.9991457810788564,770652,154,2588.3786417914234,8616,0,154,770498,770652,770652,0.9989461608757364,0,8616,0,0,0,0,0.0
2028,1778309498.7087934,decode,154,455531,0.5904752645939868,770806,154,2588.3786417914234,8616,0,154,770652,770806,770806,0.9991457810788564,0,8616,0,0,0,0,0.0
2029,1778309498.8246052,decode,154,770531,0.9987893164304278,770960,154,2588.3786417914234,8616,0,154,770806,770960,770960,0.9993454012819765,0,8616,63,63,0,0,0.0
2031,1778309498.8574133,decode,154,615498,0.7978301024673835,770685,154,2588.3786417914234,8553,0,154,770531,770685,770685,0.9989889366335478,0,8553,0,0,0,0,0.0
2032,1778309498.9083495,decode,154,620438,0.804233503788247,770839,154,2588.3786417914234,8553,0,154,770685,770839,770839,0.9991885568366679,0,8553,31,31,0,0,0.0
2035,1778309498.981499,decode,154,770746,0.9990680069737448,770592,154,2588.3786417914234,8492,0,154,770438,770592,770592,0.9988683867706247,0,8492,30,0,0,0,0.0
2036,1778309499.0053658,decode,154,510552,0.6617954152165036,770746,154,2588.3786417914234,8492,0,154,770592,770746,770746,0.9990680069737448,0,8492,0,0,0,0,0.0
2037,1778309499.095278,decode,154,770552,0.9988165373672169,770900,154,2643.4898841041377,8492,0,154,770746,770900,770900,0.9992676271768648,0,8492,52,52,0,0,0.0
2039,1778309499.1252346,decode,154,770860,0.999215777773457,770706,154,2643.4898841041377,8440,0,154,770552,770706,770706,0.9990161575703369,0,8440,0,0,0,0,0.0
2040,1778309499.149883,decode,154,460540,0.5969681061357288,770860,154,2643.4898841041377,8440,0,154,770706,770860,770860,0.999215777773457,0,8440,0,0,0,0,0.0
2041,1778309499.2629771,decode,154,770540,0.9988009825461945,771014,154,2643.4898841041377,8440,0,154,770860,771014,771014,0.9994153979765771,0,8440,62,62,0,0,0.0
2043,1778309499.292639,decode,154,770848,0.9992002229524346,770694,154,2643.4898841041377,8378,0,154,770540,770694,770694,0.9990006027493146,0,8378,0,0,0,0,0.0
2044,1778309499.317354,decode,154,465555,0.603468725087982,770848,154,2643.4898841041377,8378,0,154,770694,770848,770848,0.9992002229524346,0,8378,0,0,0,0,0.0
2045,1778309499.427705,decode,154,770555,0.9988204260724725,771002,154,2643.4898841041377,8378,0,154,770848,771002,771002,0.9993998431555547,0,8378,61,61,0,0,0.0
2047,1778309499.4605002,decode,154,605500,0.7848703440856034,770709,154,2643.4898841041377,8317,0,154,770555,770709,770709,0.9990200462755925,0,8317,0,0,0,0,0.0
2048,1778309499.5154316,decode,154,585426,0.7588497209853979,770863,154,2643.4898841041377,8317,0,154,770709,770863,770863,0.9992196664787126,0,8317,33,33,0,0,0.0
2051,1778309499.600884,decode,154,770734,0.9990524521527224,770580,154,2643.4898841041377,8247,0,154,770426,770580,770580,0.9988528319496024,0,8247,37,0,0,0,0.0
2052,1778309499.6252081,decode,154,475503,0.6163636717155023,770734,154,2643.4898841041377,8247,0,154,770580,770734,770734,0.9990524521527224,0,8247,0,0,0,0,0.0
2053,1778309499.7311919,decode,154,770503,0.9987530218480424,770888,154,2643.4898841041377,8247,0,154,770734,770888,770888,0.9992520723558425,0,8247,59,59,0,0,0.0
2055,1778309499.760665,decode,154,770811,0.9991522622542824,770657,154,2643.4898841041377,8188,0,154,770503,770657,770657,0.9989526420511624,0,8188,0,0,0,0,0.0
2056,1778309499.785611,decode,154,445498,0.5774701379842249,770811,154,2643.4898841041377,8188,0,154,770657,770811,770811,0.9991522622542824,0,8188,0,0,0,0,0.0
2057,1778309499.906828,decode,154,770498,0.9987465406726164,770965,154,2643.4898841041377,8188,0,154,770811,770965,770965,0.9993518824574025,0,8188,65,65,0,0,0.0
2059,1778309499.9364188,decode,154,770806,0.9991457810788564,770652,154,2643.4898841041377,8123,0,154,770498,770652,770652,0.9989461608757364,0,8123,0,0,0,0,0.0
2060,1778309499.96106,decode,154,465585,0.6035076121405378,770806,154,2643.4898841041377,8123,0,154,770652,770806,770806,0.9991457810788564,0,8123,0,0,0,0,0.0
2061,1778309500.0710883,decode,154,770585,0.9988593131250284,770960,154,2643.4898841041377,8123,0,154,770806,770960,770960,0.9993454012819765,0,8123,61,61,0,0,0.0
2063,1778309500.1039212,decode,154,585486,0.7589274950905096,770739,154,2643.4898841041377,8062,0,154,770585,770739,770739,0.9990589333281484,0,8062,0,0,0,0,0.0
2064,1778309500.1646144,decode,154,635432,0.8236692526556616,770893,154,2643.4898841041377,8062,0,154,770739,770893,770893,0.9992585535312685,0,8062,37,37,0,0,0.0
2067,1778309500.2324991,decode,154,770740,0.9990602295632336,770586,154,2643.4898841041377,7998,0,154,770432,770586,770586,0.9988606093601136,0,7998,27,0,0,0,0.0
2068,1778309500.256409,decode,154,505511,0.6552610941520354,770740,154,2643.4898841041377,7998,0,154,770586,770740,770740,0.9990602295632336,0,7998,0,0,0,0,0.0
2069,1778309500.3473246,decode,154,770511,0.998763391728724,770894,154,2643.4898841041377,7998,0,154,770740,770894,770894,0.9992598497663536,0,7998,53,53,0,0,0.0
2071,1778309500.3768325,decode,154,770819,0.999162632134964,770665,154,2643.4898841041377,7945,0,154,770511,770665,770665,0.998963011931844,0,7945,0,0,0,0,0.0
2072,1778309500.4008846,decode,154,490581,0.6359083043300733,770819,154,2643.4898841041377,7945,0,154,770665,770819,770819,0.999162632134964,0,7945,0,0,0,0,0.0
2073,1778309500.4984434,decode,154,770581,0.9988541281846876,770973,154,2643.4898841041377,7945,0,154,770819,770973,770973,0.9993622523380841,0,7945,56,56,0,0,0.0
2075,1778309500.5277855,decode,154,770889,0.9992533685909276,770735,154,2643.4898841041377,7889,0,154,770581,770735,770735,0.9990537483878076,0,7889,0,0,0,0,0.0
2076,1778309500.552639,decode,154,450579,0.5840563084521009,770889,154,2643.4898841041377,7889,0,154,770735,770889,770889,0.9992533685909276,0,7889,0,0,0,0,0.0
2077,1778309500.6711195,decode,154,770579,0.9988515357145172,771043,154,2643.4898841041377,7889,0,154,770889,771043,771043,0.9994529887940476,0,7889,64,64,0,0,0.0
2079,1778309500.7040343,decode,154,575458,0.7459288496561737,770733,154,2643.4898841041377,7825,0,154,770579,770733,770733,0.9990511559176373,0,7825,0,0,0,0,0.0
2080,1778309500.7683942,decode,154,610394,0.791214118592548,770887,154,2643.4898841041377,7825,0,154,770733,770887,770887,0.9992507761207573,0,7825,39,39,0,0,0.0
2083,1778309500.844402,decode,154,770702,0.9990109726299962,770548,154,2643.4898841041377,7754,0,154,770394,770548,770548,0.9988113524268761,0,7754,32,0,0,0,0.0
2084,1778309500.8685815,decode,154,485485,0.6293026903359193,770702,154,2643.4898841041377,7754,0,154,770548,770702,770702,0.9990109726299962,0,7754,0,0,0,0,0.0
2085,1778309500.9683754,decode,154,770485,0.9987296896165089,770856,154,2643.4898841041377,7754,0,154,770702,770856,770856,0.9992105928331162,0,7754,57,57,0,0,0.0
2087,1778309500.9978583,decode,154,770793,0.9991289300227489,770639,154,2643.4898841041377,7697,0,154,770485,770639,770639,0.9989293098196289,0,7697,0,0,0,0,0.0
2088,1778309501.021324,decode,154,530595,0.687775855029068,770793,154,2643.4898841041377,7697,0,154,770639,770793,770793,0.9991289300227489,0,7697,0,0,0,0,0.0
2089,1778309501.10115,decode,154,770595,0.9988722754758803,770947,154,2643.4898841041377,7697,0,154,770793,770947,770947,0.999328550225869,0,7697,48,48,0,0,0.0
2091,1778309501.1303222,decode,154,770903,0.9992715158821204,770749,154,2643.4898841041377,7649,0,154,770595,770749,770749,0.9990718956790003,0,7649,0,0,0,0,0.0
2092,1778309501.1545434,decode,154,490633,0.6359757085545035,770903,154,2643.4898841041377,7649,0,154,770749,770903,770903,0.9992715158821204,0,7649,0,0,0,0,0.0
2093,1778309501.252304,decode,154,770633,0.9989215324091177,771057,154,2643.4898841041377,7649,0,154,770903,771057,771057,0.9994711360852404,0,7649,56,56,0,0,0.0
2095,1778309501.2851555,decode,154,575512,0.7459988463507742,770787,154,2812.9359012513073,7593,0,154,770633,770787,770787,0.9991211526122378,0,7593,0,0,0,0,0.0
2096,1778309501.3498454,decode,154,620452,0.8042516510794397,770941,154,2812.9359012513073,7593,0,154,770787,770941,770941,0.9993207728153578,0,7593,39,39,0,0,0.0
2099,1778309501.4234993,decode,154,770760,0.9990861542649375,770606,154,2812.9359012513073,7524,0,154,770452,770606,770606,0.9988865340618175,0,7524,30,0,0,0,0.0
2100,1778309501.4490685,decode,154,420424,0.5449683394580441,770760,154,2812.9359012513073,7524,0,154,770606,770760,770760,0.9990861542649375,0,7524,0,0,0,0,0.0
2101,1778309501.5840647,decode,154,770424,0.9986506192763119,770914,154,2812.9359012513073,7524,0,154,770760,770914,770914,0.9992857744680576,0,7524,70,70,0,0,0.0
2103,1778309501.6139367,decode,154,770732,0.999049859682552,770578,154,2812.9359012513073,7454,0,154,770424,770578,770578,0.998850239479432,0,7454,0,0,0,0,0.0
2104,1778309501.6400807,decode,154,465511,0.6034116907442334,770732,154,2812.9359012513073,7454,0,154,770578,770732,770732,0.999049859682552,0,7454,0,0,0,0,0.0
2105,1778309501.7503283,decode,154,770511,0.998763391728724,770886,154,2812.9359012513073,7454,0,154,770732,770886,770886,0.999249479885672,0,7454,61,61,0,0,0.0
2107,1778309501.78026,decode,154,770819,0.999162632134964,770665,154,2812.9359012513073,7393,0,154,770511,770665,770665,0.998963011931844,0,7393,0,0,0,0,0.0
2108,1778309501.80447,decode,154,490597,0.6359290440914365,770819,154,2812.9359012513073,7393,0,154,770665,770819,770819,0.999162632134964,0,7393,0,0,0,0,0.0
2109,1778309501.9036276,decode,154,770597,0.9988748679460507,770973,154,2812.9359012513073,7393,0,154,770819,770973,770973,0.9993622523380841,0,7393,56,56,0,0,0.0
2111,1778309501.9369495,decode,154,600531,0.7784293519472691,770751,154,2812.9359012513073,7337,0,154,770597,770751,770751,0.9990744881491708,0,7337,0,0,0,0,0.0
2112,1778309501.9940884,decode,154,590459,0.7653736721691846,770905,154,2812.9359012513073,7337,0,154,770751,770905,770905,0.9992741083522908,0,7337,34,34,0,0,0.0
2115,1778309502.0765946,decode,154,770767,0.9990952279105338,770613,154,2812.9359012513073,7267,0,154,770459,770613,770613,0.9988956077074138,0,7267,36,0,0,0,0.0
2116,1778309502.101585,decode,154,445462,0.5774234735211577,770767,154,2812.9359012513073,7267,0,154,770613,770767,770767,0.9990952279105338,0,7267,0,0,0,0,0.0
2117,1778309502.2221918,decode,154,770462,0.9986998762095494,770921,154,2812.9359012513073,7267,0,154,770767,770921,770921,0.9992948481136539,0,7267,65,65,0,0,0.0
2119,1778309502.2512312,decode,154,770770,0.9990991166157894,770616,154,2812.9359012513073,7202,0,154,770462,770616,770616,0.9988994964126694,0,7202,0,0,0,0,0.0
2120,1778309502.2776868,decode,154,445481,0.5774481019877765,770770,154,2812.9359012513073,7202,0,154,770616,770770,770770,0.9990991166157894,0,7202,0,0,0,0,0.0
2121,1778309502.398205,decode,154,770481,0.998724504676168,770924,154,2812.9359012513073,7202,0,154,770770,770924,770924,0.9992987368189095,0,7202,65,65,0,0,0.0
2123,1778309502.427243,decode,154,770789,0.9991237450824082,770635,154,2812.9359012513073,7137,0,154,770481,770635,770635,0.9989241248792881,0,7137,0,0,0,0,0.0
2124,1778309502.4509535,decode,154,520633,0.6748627611103549,770789,154,2812.9359012513073,7137,0,154,770635,770789,770789,0.9991237450824082,0,7137,0,0,0,0,0.0
2125,1778309502.5349493,decode,154,770633,0.9989215324091177,770943,154,2812.9359012513073,7137,0,154,770789,770943,770943,0.9993233652855282,0,7137,50,50,0,0,0.0
2127,1778309502.5670476,decode,154,580523,0.7524942803626866,770787,154,2812.9359012513073,7087,0,154,770633,770787,770787,0.9991211526122378,0,7087,0,0,0,0,0.0
2128,1778309502.6287642,decode,154,635469,0.8237172133538139,770941,154,2812.9359012513073,7087,0,154,770787,770941,770941,0.9993207728153578,0,7087,38,38,0,0,0.0
2131,1778309502.6949291,decode,154,770777,0.9991081902613858,770623,154,2812.9359012513073,7022,0,154,770469,770623,770623,0.9989085700582657,0,7022,27,0,0,0,0.0
2132,1778309502.7198584,decode,154,460497,0.5969123680270654,770777,154,2812.9359012513073,7022,0,154,770623,770777,770777,0.9991081902613858,0,7022,0,0,0,0,0.0
2133,1778309502.8322237,decode,154,770497,0.9987452444375312,770931,154,2812.9359012513073,7022,0,154,770777,770931,770931,0.9993078104645059,0,7022,62,62,0,0,0.0
2135,1778309502.8610744,decode,154,770805,0.9991444848437713,770651,154,2812.9359012513073,6960,0,154,770497,770651,770651,0.9989448646406512,0,6960,0,0,0,0,0.0
2136,1778309502.885371,decode,154,475502,0.6163623754804172,770805,154,2812.9359012513073,6960,0,154,770651,770805,770805,0.9991444848437713,0,6960,0,0,0,0,0.0
2137,1778309502.9896665,decode,154,770502,0.9987517256129572,770959,154,2812.9359012513073,6960,0,154,770805,770959,770959,0.9993441050468913,0,6960,59,59,0,0,0.0
2139,1778309503.0183418,decode,154,770810,0.9991509660191973,770656,154,2812.9359012513073,6901,0,154,770502,770656,770656,0.9989513458160773,0,6901,0,0,0,0,0.0
2140,1778309503.042375,decode,154,505621,0.6554036800114069,770810,154,2812.9359012513073,6901,0,154,770656,770810,770810,0.9991509660191973,0,6901,0,0,0,0,0.0
2141,1778309503.132384,decode,154,770621,0.9989059775880954,770964,154,2812.9359012513073,6901,0,154,770810,770964,770964,0.9993505862223173,0,6901,53,53,0,0,0.0
2143,1778309503.1637638,decode,154,600555,0.7784604615893138,770775,154,2812.9359012513073,6848,0,154,770621,770775,770775,0.9991055977912154,0,6848,0,0,0,0,0.0
2144,1778309503.2184114,decode,154,635501,0.8237586928765401,770929,154,2812.9359012513073,6848,0,154,770775,770929,770929,0.9993052179943355,0,6848,34,34,0,0,0.0
2147,1778309503.2842374,decode,154,770809,0.999149669784112,770655,154,2812.9359012513073,6787,0,154,770501,770655,770655,0.998950049580992,0,6787,27,0,0,0,0.0
2148,1778309503.3092642,decode,154,440461,0.5709410018600973,770809,154,2812.9359012513073,6787,0,154,770655,770809,770809,0.999149669784112,0,6787,0,0,0,0,0.0
2149,1778309503.431463,decode,154,770461,0.9986985799744642,770963,154,2812.9359012513073,6787,0,154,770809,770963,770963,0.999349289987232,0,6787,66,66,0,0,0.0
2151,1778309503.459973,decode,154,770769,0.9990978203807043,770615,154,2812.9359012513073,6721,0,154,770461,770615,770615,0.9988982001775842,0,6721,0,0,0,0,0.0
2152,1778309503.4846592,decode,154,460505,0.596922737907747,770769,154,2812.9359012513073,6721,0,154,770615,770769,770769,0.9990978203807043,0,6721,0,0,0,0,0.0
2153,1778309503.5964897,decode,154,770505,0.9987556143182128,770923,154,2665.1389857898926,6721,0,154,770769,770923,770923,0.9992974405838243,0,6721,62,62,0,0,0.0
2155,1778309503.624858,decode,154,770813,0.9991548547244529,770659,154,2665.1389857898926,6659,0,154,770505,770659,770659,0.9989552345213328,0,6659,0,0,0,0,0.0
2156,1778309503.649246,decode,154,475582,0.6164660742872328,770813,154,2665.1389857898926,6659,0,154,770659,770813,770813,0.9991548547244529,0,6659,0,0,0,0,0.0
2157,1778309503.7533057,decode,154,770582,0.9988554244197728,770967,154,2665.1389857898926,6659,0,154,770813,770967,770967,0.9993544749275729,0,6659,59,59,0,0,0.0
2159,1778309503.7848325,decode,154,605527,0.7849053424329037,770736,154,2665.1389857898926,6600,0,154,770582,770736,770736,0.9990550446228929,0,6600,0,0,0,0,0.0
2160,1778309503.8377557,decode,154,620467,0.8042710946057177,770890,154,2665.1389857898926,6600,0,154,770736,770890,770890,0.9992546648260129,0,6600,33,33,0,0,0.0
2163,1778309503.907725,decode,154,770775,0.9991055977912154,770621,154,2665.1389857898926,6537,0,154,770467,770621,770621,0.9989059775880954,0,6537,30,0,0,0,0.0
2164,1778309503.9324777,decode,154,455476,0.590403971664301,770775,154,2665.1389857898926,6537,0,154,770621,770775,770775,0.9991055977912154,0,6537,0,0,0,0,0.0
2165,1778309504.0468616,decode,154,770476,0.9987180235007421,770929,154,2665.1389857898926,6537,0,154,770775,770929,770929,0.9993052179943355,0,6537,63,63,0,0,0.0
2167,1778309504.0752172,decode,154,770784,0.9991172639069822,770630,154,2665.1389857898926,6474,0,154,770476,770630,770630,0.9989176437038622,0,6474,0,0,0,0,0.0
2168,1778309504.0990155,decode,154,510550,0.6617928227463332,770784,154,2665.1389857898926,6474,0,154,770630,770784,770784,0.9991172639069822,0,6474,0,0,0,0,0.0
2169,1778309504.1869514,decode,154,770550,0.9988139448970466,770938,154,2665.1389857898926,6474,0,154,770784,770938,770938,0.9993168841101022,0,6474,52,52,0,0,0.0
2171,1778309504.2151983,decode,154,770858,0.9992131853032866,770704,154,2665.1389857898926,6422,0,154,770550,770704,770704,0.9990135651001666,0,6422,0,0,0,0,0.0
2172,1778309504.2395797,decode,154,470600,0.610008231092791,770858,154,2665.1389857898926,6422,0,154,770704,770858,770858,0.9992131853032866,0,6422,0,0,0,0,0.0
2173,1778309504.3458574,decode,154,770600,0.9988787566513063,771012,154,2665.1389857898926,6422,0,154,770858,771012,771012,0.9994128055064067,0,6422,60,60,0,0,0.0
2175,1778309504.3769567,decode,154,605545,0.7849286746644372,770754,154,2665.1389857898926,6362,0,154,770600,770754,770754,0.9990783768544264,0,6362,0,0,0,0,0.0
2176,1778309504.429241,decode,154,650497,0.8431970342141251,770908,154,2665.1389857898926,6362,0,154,770754,770908,770908,0.9992779970575464,0,6362,33,33,0,0,0.0
2179,1778309504.4895525,decode,154,770805,0.9991444848437713,770651,154,2665.1389857898926,6305,0,154,770497,770651,770651,0.9989448646406512,0,6305,24,0,0,0,0.0
2180,1778309504.5143826,decode,154,450447,0.5838852054208551,770805,154,2665.1389857898926,6305,0,154,770651,770805,770805,0.9991444848437713,0,6305,0,0,0,0,0.0
2181,1778309504.6307414,decode,154,770447,0.9986804326832714,770959,154,2665.1389857898926,6305,0,154,770805,770959,770959,0.9993441050468913,0,6305,64,64,0,0,0.0
2183,1778309504.658522,decode,154,770755,0.9990796730895115,770601,154,2665.1389857898926,6241,0,154,770447,770601,770601,0.9988800528863915,0,6241,0,0,0,0,0.0
2184,1778309504.6824915,decode,154,500579,0.6488680627118534,770755,154,2665.1389857898926,6241,0,154,770601,770755,770755,0.9990796730895115,0,6241,0,0,0,0,0.0
2185,1778309504.7745225,decode,154,770579,0.9988515357145172,770909,154,2665.1389857898926,6241,0,154,770755,770909,770909,0.9992792932926315,0,6241,54,54,0,0,0.0
2187,1778309504.8053281,decode,154,770887,0.9992507761207573,770733,154,2665.1389857898926,6187,0,154,770579,770733,770733,0.9990511559176373,0,6187,0,0,0,0,0.0
2188,1778309504.8277817,decode,154,435552,0.5645777838268748,770887,154,2665.1389857898926,6187,0,154,770733,770887,770887,0.9992507761207573,0,6187,0,0,0,0,0.0
2189,1778309504.952943,decode,154,770552,0.9988165373672169,771041,154,2665.1389857898926,6187,0,154,770887,771041,771041,0.9994503963238773,0,6187,67,67,0,0,0.0
2191,1778309504.9838245,decode,154,605497,0.7848664553803478,770706,154,2665.1389857898926,6120,0,154,770552,770706,770706,0.9990161575703369,0,6120,0,0,0,0,0.0
2192,1778309505.0362248,decode,154,625439,0.8107159754493075,770860,154,2665.1389857898926,6120,0,154,770706,770860,770860,0.999215777773457,0,6120,33,33,0,0,0.0
2195,1778309505.1038656,decode,154,770747,0.9990693032088299,770593,154,2665.1389857898926,6058,0,154,770439,770593,770593,0.9988696830057099,0,6058,29,0,0,0,0.0
2196,1778309505.128434,decode,154,465470,0.6033585451057404,770747,154,2665.1389857898926,6058,0,154,770593,770747,770747,0.9990693032088299,0,6058,0,0,0,0,0.0
2197,1778309505.236971,decode,154,770470,0.998710246090231,770901,154,2665.1389857898926,6058,0,154,770747,770901,770901,0.99926892341195,0,6058,61,61,0,0,0.0
2199,1778309505.26484,decode,154,770778,0.999109486496471,770624,154,2665.1389857898926,5997,0,154,770470,770624,770624,0.998909866293351,0,5997,0,0,0,0,0.0
2200,1778309505.2886395,decode,154,510592,0.6618472646199115,770778,154,2665.1389857898926,5997,0,154,770624,770778,770778,0.999109486496471,0,5997,0,0,0,0,0.0
2201,1778309505.3760781,decode,154,770592,0.9988683867706247,770932,154,2665.1389857898926,5997,0,154,770778,770932,770932,0.999309106699591,0,5997,52,52,0,0,0.0
2203,1778309505.403647,decode,154,770900,0.9992676271768648,770746,154,2665.1389857898926,5945,0,154,770592,770746,770746,0.9990680069737448,0,5945,0,0,0,0,0.0
2204,1778309505.42908,decode,154,415537,0.5386336385966959,770900,154,2665.1389857898926,5945,0,154,770746,770900,770900,0.9992676271768648,0,5945,0,0,0,0,0.0
2205,1778309505.56474,decode,154,770537,0.998797093840939,771054,154,2665.1389857898926,5945,0,154,770900,771054,771054,0.9994672473799848,0,5945,71,71,0,0,0.0
2207,1778309505.5954483,decode,154,610493,0.7913424458659822,770691,154,2665.1389857898926,5874,0,154,770537,770691,770691,0.998996714044059,0,5874,0,0,0,0,0.0
2208,1778309505.6466858,decode,154,610429,0.7912594868205298,770845,154,2665.1389857898926,5874,0,154,770691,770845,770845,0.999196334247179,0,5874,32,32,0,0,0.0
2211,1778309505.7188997,decode,154,770737,0.999056340857978,770583,154,2665.1389857898926,5810,0,154,770429,770583,770583,0.998856720654858,0,5810,32,0,0,0,0.0
2212,1778309505.7438576,decode,154,440437,0.5709098922180527,770737,154,2868.619903104574,5810,0,154,770583,770737,770737,0.999056340857978,0,5810,0,0,0,0,0.0
2213,1778309505.8650978,decode,154,770437,0.9986674703324195,770891,154,2868.619903104574,5810,0,154,770737,770891,770891,0.999255961061098,0,5810,66,66,0,0,0.0
2215,1778309505.8928137,decode,154,770745,0.9990667107386596,770591,154,2868.619903104574,5744,0,154,770437,770591,770591,0.9988670905355396,0,5744,0,0,0,0,0.0
2216,1778309505.916082,decode,154,545612,0.7072414173034421,770745,154,2868.619903104574,5744,0,154,770591,770745,770745,0.9990667107386596,0,5744,0,0,0,0,0.0
2217,1778309505.9889195,decode,154,770612,0.9988943114723287,770899,154,2868.619903104574,5744,0,154,770745,770899,770899,0.9992663309417796,0,5744,45,45,0,0,0.0
2219,1778309506.0166206,decode,154,770920,0.9992935518785687,770766,154,2868.619903104574,5699,0,154,770612,770766,770766,0.9990939316754487,0,5699,0,0,0,0,0.0
2220,1778309506.041392,decode,154,465579,0.6034998347300267,770920,154,2868.619903104574,5699,0,154,770766,770920,770920,0.9992935518785687,0,5699,0,0,0,0,0.0
2221,1778309506.1503134,decode,154,770579,0.9988515357145172,771074,154,2868.619903104574,5699,0,154,770920,771074,771074,0.9994931720816888,0,5699,61,61,0,0,0.0
2223,1778309506.1806252,decode,154,620557,0.8043877557633853,770733,154,2868.619903104574,5638,0,154,770579,770733,770733,0.9990511559176373,0,5638,0,0,0,0,0.0
2224,1778309506.2287717,decode,154,600489,0.778374910073691,770887,154,2868.619903104574,5638,0,154,770733,770887,770887,0.9992507761207573,0,5638,30,30,0,0,0.0
2227,1778309506.3053422,decode,154,770797,0.9991341149630897,770643,154,2868.619903104574,5574,0,154,770489,770643,770643,0.9989344947599696,0,5574,34,0,0,0,0.0
2228,1778309506.3312619,decode,154,405412,0.525509258359096,770797,154,2868.619903104574,5574,0,154,770643,770797,770797,0.9991341149630897,0,5574,0,0,0,0,0.0
2229,1778309506.474034,decode,154,770412,0.9986350644552896,770951,154,2868.619903104574,5574,0,154,770797,770951,770951,0.9993337351662097,0,5574,73,73,0,0,0.0
2231,1778309506.5020103,decode,154,770720,0.9990343048615297,770566,154,2868.619903104574,5501,0,154,770412,770566,770566,0.9988346846584096,0,5501,0,0,0,0,0.0
2232,1778309506.5265718,decode,154,470510,0.6098915699351234,770720,154,2868.619903104574,5501,0,154,770566,770720,770720,0.9990343048615297,0,5501,0,0,0,0,0.0
2233,1778309506.6330898,decode,154,770510,0.9987620954936387,770874,154,2868.619903104574,5501,0,154,770720,770874,770874,0.9992339250646497,0,5501,60,60,0,0,0.0
2235,1778309506.6610265,decode,154,770818,0.9991613358998788,770664,154,2868.619903104574,5441,0,154,770510,770664,770664,0.9989617156967587,0,5441,0,0,0,0,0.0
2236,1778309506.685435,decode,154,475579,0.6164621855819772,770818,154,2868.619903104574,5441,0,154,770664,770818,770818,0.9991613358998788,0,5441,0,0,0,0,0.0
2237,1778309506.7892299,decode,154,770579,0.9988515357145172,770972,154,2868.619903104574,5441,0,154,770818,770972,770972,0.9993609561029988,0,5441,59,59,0,0,0.0
2239,1778309506.8194027,decode,154,615546,0.7978923217514728,770733,154,2868.619903104574,5382,0,154,770579,770733,770733,0.9990511559176373,0,5382,0,0,0,0,0.0
2240,1778309506.8692055,decode,154,585472,0.7589093477993168,770887,154,2868.619903104574,5382,0,154,770733,770887,770887,0.9992507761207573,0,5382,31,31,0,0,0.0
2243,1778309506.9500613,decode,154,770780,0.9991120789666413,770626,154,2868.619903104574,5314,0,154,770472,770626,770626,0.9989124587635213,0,5314,37,0,0,0,0.0
2244,1778309506.9752917,decode,154,430442,0.5579540225415281,770780,154,2868.619903104574,5314,0,154,770626,770780,770780,0.9991120789666413,0,5314,0,0,0,0,0.0
2245,1778309507.1018896,decode,154,770442,0.9986739515078454,770934,154,2868.619903104574,5314,0,154,770780,770934,770934,0.9993116991697615,0,5314,68,68,0,0,0.0
2247,1778309507.129071,decode,154,770750,0.9990731919140855,770596,154,2868.619903104574,5246,0,154,770442,770596,770596,0.9988735717109655,0,5246,0,0,0,0,0.0
2248,1778309507.1534076,decode,154,480506,0.6228487358467332,770750,154,2868.619903104574,5246,0,154,770596,770750,770750,0.9990731919140855,0,5246,0,0,0,0,0.0
2249,1778309507.2541542,decode,154,770506,0.998756910553298,770904,154,2868.619903104574,5246,0,154,770750,770904,770904,0.9992728121172055,0,5246,58,58,0,0,0.0
2251,1778309507.281024,decode,154,770814,0.999156150959538,770660,154,2868.619903104574,5188,0,154,770506,770660,770660,0.998956530756418,0,5188,0,0,0,0,0.0
2252,1778309507.3049417,decode,154,510636,0.6619042989636601,770814,154,2868.619903104574,5188,0,154,770660,770814,770814,0.999156150959538,0,5188,0,0,0,0,0.0
2253,1778309507.391863,decode,154,770636,0.9989254211143733,770968,154,2868.619903104574,5188,0,154,770814,770968,770968,0.9993557711626581,0,5188,52,52,0,0,0.0
2255,1778309507.4220355,decode,154,590548,0.765489037091767,770790,154,2868.619903104574,5136,0,154,770636,770790,770790,0.9991250413174934,0,5136,0,0,0,0,0.0
2256,1778309507.4802556,decode,154,625490,0.8107820834386524,770944,154,2868.619903104574,5136,0,154,770790,770944,770944,0.9993246615206134,0,5136,36,36,0,0,0.0
2259,1778309507.5468717,decode,154,770798,0.999135411198175,770644,154,2868.619903104574,5071,0,154,770490,770644,770644,0.9989357909950549,0,5071,29,0,0,0,0.0
2260,1778309507.5723135,decode,154,410432,0.5320163584867752,770798,154,2868.619903104574,5071,0,154,770644,770798,770798,0.999135411198175,0,5071,0,0,0,0,0.0
2261,1778309507.709442,decode,154,770432,0.9986609891569935,770952,154,2868.619903104574,5071,0,154,770798,770952,770952,0.999335031401295,0,5071,72,72,0,0,0.0
2263,1778309507.7361703,decode,154,770740,0.9990602295632336,770586,154,2868.619903104574,4999,0,154,770432,770586,770586,0.9988606093601136,0,4999,0,0,0,0,0.0
2264,1778309507.760462,decode,154,485499,0.6293208376271121,770740,154,2868.619903104574,4999,0,154,770586,770740,770740,0.9990602295632336,0,4999,0,0,0,0,0.0
2265,1778309507.8586078,decode,154,770499,0.9987478369077016,770894,154,2868.619903104574,4999,0,154,770740,770894,770894,0.9992598497663536,0,4999,57,57,0,0,0.0
2267,1778309507.8855932,decode,154,770807,0.9991470773139417,770653,154,2868.619903104574,4942,0,154,770499,770653,770653,0.9989474571108217,0,4942,0,0,0,0,0.0
2268,1778309507.9091847,decode,154,520627,0.6748549836998438,770807,154,2868.619903104574,4942,0,154,770653,770807,770807,0.9991470773139417,0,4942,0,0,0,0,0.0
2269,1778309507.9912772,decode,154,770627,0.9989137549986066,770961,154,2740.9228151998504,4942,0,154,770807,770961,770961,0.9993466975170617,0,4942,50,50,0,0,0.0
2271,1778309508.0208805,decode,154,615594,0.7979545410355622,770781,154,2740.9228151998504,4892,0,154,770627,770781,770781,0.9991133752017266,0,4892,0,0,0,0,0.0
2272,1778309508.0687816,decode,154,635540,0.8238092460448627,770935,154,2740.9228151998504,4892,0,154,770781,770935,770935,0.9993129954048466,0,4892,31,31,0,0,0.0
2275,1778309508.1304536,decode,154,770848,0.9992002229524346,770694,154,2740.9228151998504,4834,0,154,770540,770694,770694,0.9990006027493146,0,4834,27,0,0,0,0.0
2276,1778309508.1559076,decode,154,420448,0.5449994491000888,770848,154,2740.9228151998504,4834,0,154,770694,770848,770848,0.9992002229524346,0,4834,0,0,0,0,0.0
2277,1778309508.2875795,decode,154,770448,0.9986817289183566,771002,154,2740.9228151998504,4834,0,154,770848,771002,771002,0.9993998431555547,0,4834,70,70,0,0,0.0
2279,1778309508.3142073,decode,154,770756,0.9990809693245967,770602,154,2740.9228151998504,4764,0,154,770448,770602,770602,0.9988813491214766,0,4764,0,0,0,0,0.0
2280,1778309508.339243,decode,154,440472,0.5709552604460345,770756,154,2740.9228151998504,4764,0,154,770602,770756,770756,0.9990809693245967,0,4764,0,0,0,0,0.0
2281,1778309508.4598906,decode,154,770472,0.9987128385604013,770910,154,2740.9228151998504,4764,0,154,770756,770910,770910,0.9992805895277167,0,4764,66,66,0,0,0.0
2283,1778309508.4864948,decode,154,770780,0.9991120789666413,770626,154,2740.9228151998504,4698,0,154,770472,770626,770626,0.9989124587635213,0,4698,0,0,0,0,0.0
2284,1778309508.5107572,decode,154,485579,0.6294245364339277,770780,154,2740.9228151998504,4698,0,154,770626,770780,770780,0.9991120789666413,0,4698,0,0,0,0,0.0
2285,1778309508.6086652,decode,154,770579,0.9988515357145172,770934,154,2740.9228151998504,4698,0,154,770780,770934,770934,0.9993116991697615,0,4698,57,57,0,0,0.0
2287,1778309508.6379254,decode,154,615546,0.7978923217514728,770733,154,2740.9228151998504,4641,0,154,770579,770733,770733,0.9990511559176373,0,4641,0,0,0,0,0.0
2288,1778309508.6859722,decode,154,625488,0.810779490968482,770887,154,2740.9228151998504,4641,0,154,770733,770887,770887,0.9992507761207573,0,4641,31,31,0,0,0.0
2291,1778309508.7505038,decode,154,770796,0.9991328187280045,770642,154,2740.9228151998504,4581,0,154,770488,770642,770642,0.9989331985248845,0,4581,29,0,0,0,0.0
2292,1778309508.7755656,decode,154,435477,0.5644805661954853,770796,154,2740.9228151998504,4581,0,154,770642,770796,770796,0.9991328187280045,0,4581,0,0,0,0,0.0
2293,1778309508.8989472,decode,154,770477,0.9987193197358273,770950,154,2740.9228151998504,4581,0,154,770796,770950,770950,0.9993324389311246,0,4581,67,67,0,0,0.0
2295,1778309508.9253361,decode,154,770785,0.9991185601420673,770631,154,2740.9228151998504,4514,0,154,770477,770631,770631,0.9989189399389473,0,4514,0,0,0,0,0.0
2296,1778309508.950799,decode,154,415470,0.5385467908459878,770785,154,2740.9228151998504,4514,0,154,770631,770785,770785,0.9991185601420673,0,4514,0,0,0,0,0.0
2297,1778309509.0865424,decode,154,770470,0.998710246090231,770939,154,2740.9228151998504,4514,0,154,770785,770939,770939,0.9993181803451874,0,4514,71,71,0,0,0.0
2299,1778309509.1128917,decode,154,770778,0.999109486496471,770624,154,2740.9228151998504,4443,0,154,770470,770624,770624,0.998909866293351,0,4443,0,0,0,0,0.0
2300,1778309509.1380265,decode,154,430504,0.5580343891168102,770778,154,2740.9228151998504,4443,0,154,770624,770778,770778,0.999109486496471,0,4443,0,0,0,0,0.0
2301,1778309509.264214,decode,154,770504,0.9987543180831275,770932,154,2740.9228151998504,4443,0,154,770778,770932,770932,0.999309106699591,0,4443,68,68,0,0,0.0
2303,1778309509.2930138,decode,154,635515,0.8237768401677328,770658,154,2740.9228151998504,4375,0,154,770504,770658,770658,0.9989539382862476,0,4375,0,0,0,0,0.0
2304,1778309509.3341389,decode,154,625457,0.810739307680841,770812,154,2740.9228151998504,4375,0,154,770658,770812,770812,0.9991535584893676,0,4375,27,27,0,0,0.0
2307,1778309509.3982227,decode,154,770765,0.9990926354403634,770611,154,2740.9228151998504,4319,0,154,770457,770611,770611,0.9988930152372434,0,4319,29,0,0,0,0.0
2308,1778309509.4223306,decode,154,490527,0.6358383076354728,770765,154,2740.9228151998504,4319,0,154,770611,770765,770765,0.9990926354403634,0,4319,0,0,0,0,0.0
2309,1778309509.518062,decode,154,770527,0.998784131490087,770919,154,2740.9228151998504,4319,0,154,770765,770919,770919,0.9992922556434835,0,4319,56,56,0,0,0.0
2311,1778309509.544441,decode,154,770835,0.9991833718963271,770681,154,2740.9228151998504,4263,0,154,770527,770681,770681,0.9989837516932071,0,4263,0,0,0,0,0.0
2312,1778309509.5690253,decode,154,465558,0.6034726137932376,770835,154,2740.9228151998504,4263,0,154,770681,770835,770835,0.9991833718963271,0,4263,0,0,0,0,0.0
2313,1778309509.6786568,decode,154,770558,0.998824314777728,770989,154,2740.9228151998504,4263,0,154,770835,770989,770989,0.9993829920994471,0,4263,61,61,0,0,0.0
2315,1778309509.70494,decode,154,770866,0.9992235551839682,770712,154,2740.9228151998504,4202,0,154,770558,770712,770712,0.9990239349808481,0,4202,0,0,0,0,0.0
2316,1778309509.7299328,decode,154,440510,0.5710045173792719,770866,154,2740.9228151998504,4202,0,154,770712,770866,770866,0.9992235551839682,0,4202,0,0,0,0,0.0
2317,1778309509.8514605,decode,154,770510,0.9987620954936387,771020,154,2740.9228151998504,4202,0,154,770866,771020,771020,0.9994231753870882,0,4202,66,66,0,0,0.0
2319,1778309509.880227,decode,154,630510,0.8172891835663316,770664,154,2740.9228151998504,4136,0,154,770510,770664,770664,0.9989617156967587,0,4136,0,0,0,0,0.0
2320,1778309509.923216,decode,154,595440,0.7718302191285411,770818,154,2740.9228151998504,4136,0,154,770664,770818,770818,0.9991613358998788,0,4136,28,28,0,0,0.0
2323,1778309509.9971795,decode,154,770748,0.9990705994439152,770594,154,2740.9228151998504,4073,0,154,770440,770594,770594,0.9988709792407952,0,4073,35,0,0,0,0.0
2324,1778309510.021294,decode,154,505535,0.65529220379408,770748,154,2740.9228151998504,4073,0,154,770594,770748,770748,0.9990705994439152,0,4073,0,0,0,0,0.0
2325,1778309510.1100807,decode,154,770535,0.9987945013707686,770902,154,2740.9228151998504,4073,0,154,770748,770902,770902,0.9992702196470352,0,4073,53,53,0,0,0.0
2327,1778309510.1361132,decode,154,770843,0.9991937417770087,770689,154,2740.9228151998504,4020,0,154,770535,770689,770689,0.9989941215738887,0,4020,0,0,0,0,0.0
2328,1778309510.1603513,decode,154,490557,0.6358771946880286,770843,154,2839.91691961869,4020,0,154,770689,770843,770843,0.9991937417770087,0,4020,0,0,0,0,0.0
2329,1778309510.2552998,decode,154,770557,0.9988230185426429,770997,154,2839.91691961869,4020,0,154,770843,770997,770997,0.9993933619801287,0,4020,56,56,0,0,0.0
2331,1778309510.2810943,decode,154,770865,0.999222258948883,770711,154,2839.91691961869,3964,0,154,770557,770711,770711,0.9990226387457629,0,3964,0,0,0,0,0.0
2332,1778309510.3053536,decode,154,485600,0.6294517573707168,770865,154,2839.91691961869,3964,0,154,770711,770865,770865,0.999222258948883,0,3964,0,0,0,0,0.0
2333,1778309510.4027328,decode,154,770600,0.9988787566513063,771019,154,2839.91691961869,3964,0,154,770865,771019,771019,0.999421879152003,0,3964,57,57,0,0,0.0
2335,1778309510.4317915,decode,154,590512,0.7654423726287,770754,154,2839.91691961869,3907,0,154,770600,770754,770754,0.9990783768544264,0,3907,0,0,0,0,0.0
2336,1778309510.4872735,decode,154,680476,0.8820568658331875,770908,154,2839.91691961869,3907,0,154,770754,770908,770908,0.9992779970575464,0,3907,36,36,0,0,0.0
2339,1778309510.5352015,decode,154,770784,0.9991172639069822,770630,154,2839.91691961869,3853,0,154,770476,770630,770630,0.9989176437038622,0,3853,18,0,0,0,0.0
2340,1778309510.559607,decode,154,475513,0.6163766340663542,770784,154,2839.91691961869,3853,0,154,770630,770784,770784,0.9991172639069822,0,3853,0,0,0,0,0.0
2341,1778309510.6618292,decode,154,770513,0.9987659841988943,770938,154,2839.91691961869,3853,0,154,770784,770938,770938,0.9993168841101022,0,3853,59,59,0,0,0.0
2343,1778309510.6875944,decode,154,770821,0.9991652246051343,770667,154,2839.91691961869,3794,0,154,770513,770667,770667,0.9989656044020143,0,3794,0,0,0,0,0.0
2344,1778309510.7117655,decode,154,490567,0.6358901570388805,770821,154,2839.91691961869,3794,0,154,770667,770821,770821,0.9991652246051343,0,3794,0,0,0,0,0.0
2345,1778309510.8071034,decode,154,770567,0.9988359808934948,770975,154,2839.91691961869,3794,0,154,770821,770975,770975,0.9993648448082544,0,3794,56,56,0,0,0.0
2347,1778309510.8328853,decode,154,770875,0.999235221299735,770721,154,2839.91691961869,3738,0,154,770567,770721,770721,0.9990356010966149,0,3738,0,0,0,0,0.0
2348,1778309510.8585534,decode,154,410501,0.5321057987076536,770875,154,2839.91691961869,3738,0,154,770721,770875,770875,0.999235221299735,0,3738,0,0,0,0,0.0
2349,1778309510.9952362,decode,154,770501,0.998750429377872,771029,154,2839.91691961869,3738,0,154,770875,771029,771029,0.999434841502855,0,3738,72,72,0,0,0.0
2351,1778309511.0234363,decode,154,640523,0.8302683854743896,770655,154,2839.91691961869,3666,0,154,770501,770655,770655,0.998950049580992,0,3666,0,0,0,0,0.0
2352,1778309511.0629418,decode,154,605457,0.78481460597694,770809,154,2839.91691961869,3666,0,154,770655,770809,770809,0.999149669784112,0,3666,26,26,0,0,0.0
2355,1778309511.134751,decode,154,770765,0.9990926354403634,770611,154,2839.91691961869,3607,0,154,770457,770611,770611,0.9988930152372434,0,3607,33,0,0,0,0.0
2356,1778309511.1596885,decode,154,445460,0.5774208810509874,770765,154,2839.91691961869,3607,0,154,770611,770765,770765,0.9990926354403634,0,3607,0,0,0,0,0.0
2357,1778309511.2770493,decode,154,770460,0.9986972837393789,770919,154,2839.91691961869,3607,0,154,770765,770919,770919,0.9992922556434835,0,3607,65,65,0,0,0.0
2359,1778309511.302554,decode,154,770768,0.999096524145619,770614,154,2839.91691961869,3542,0,154,770460,770614,770614,0.998896903942499,0,3542,0,0,0,0,0.0
2360,1778309511.3271203,decode,154,465555,0.603468725087982,770768,154,2839.91691961869,3542,0,154,770614,770768,770768,0.999096524145619,0,3542,0,0,0,0,0.0
2361,1778309511.4339962,decode,154,770555,0.9988204260724725,770922,154,2839.91691961869,3542,0,154,770768,770922,770922,0.999296144348739,0,3542,61,61,0,0,0.0
2363,1778309511.4594564,decode,154,770863,0.9992196664787126,770709,154,2839.91691961869,3481,0,154,770555,770709,770709,0.9990200462755925,0,3481,0,0,0,0,0.0
2364,1778309511.4849927,decode,154,410489,0.5320902438866313,770863,154,2839.91691961869,3481,0,154,770709,770863,770863,0.9992196664787126,0,3481,0,0,0,0,0.0
2365,1778309511.621601,decode,154,770489,0.9987348745568496,771017,154,2839.91691961869,3481,0,154,770863,771017,771017,0.9994192866818327,0,3481,72,72,0,0,0.0
2367,1778309511.649619,decode,154,635500,0.8237573966414549,770643,154,2839.91691961869,3409,0,154,770489,770643,770643,0.9989344947599696,0,3409,0,0,0,0,0.0
2368,1778309511.6906545,decode,154,585426,0.7588497209853979,770797,154,2839.91691961869,3409,0,154,770643,770797,770797,0.9991341149630897,0,3409,27,27,0,0,0.0
2371,1778309511.7667663,decode,154,770734,0.9990524521527224,770580,154,2839.91691961869,3345,0,154,770426,770580,770580,0.9988528319496024,0,3345,37,0,0,0,0.0
2372,1778309511.7914085,decode,154,450480,0.5839279811786665,770734,154,2839.91691961869,3345,0,154,770580,770734,770734,0.9990524521527224,0,3345,0,0,0,0,0.0
2373,1778309511.90589,decode,154,770480,0.9987232084410829,770888,154,2839.91691961869,3345,0,154,770734,770888,770888,0.9992520723558425,0,3345,64,64,0,0,0.0
2375,1778309511.9313173,decode,154,770788,0.9991224488473229,770634,154,2839.91691961869,3281,0,154,770480,770634,770634,0.9989228286442029,0,3281,0,0,0,0,0.0
2376,1778309511.9556062,decode,154,485547,0.6293830569112014,770788,154,2839.91691961869,3281,0,154,770634,770788,770788,0.9991224488473229,0,3281,0,0,0,0,0.0
2377,1778309512.0530674,decode,154,770547,0.998810056191791,770942,154,2839.91691961869,3281,0,154,770788,770942,770942,0.999322069050443,0,3281,57,57,0,0,0.0
2379,1778309512.0782409,decode,154,770855,0.999209296598031,770701,154,2839.91691961869,3224,0,154,770547,770701,770701,0.999009676394911,0,3224,0,0,0,0,0.0
2380,1778309512.103021,decode,154,450537,0.5840018665785227,770855,154,2839.91691961869,3224,0,154,770701,770855,770855,0.999209296598031,0,3224,0,0,0,0,0.0
2381,1778309512.2176201,decode,154,770537,0.998797093840939,771009,154,2839.91691961869,3224,0,154,770855,771009,771009,0.9994089168011511,0,3224,64,64,0,0,0.0
2383,1778309512.2452955,decode,154,635548,0.8238196159255442,770691,154,2839.91691961869,3160,0,154,770537,770691,770691,0.998996714044059,0,3160,0,0,0,0,0.0
2384,1778309512.2850566,decode,154,610484,0.7913307797502155,770845,154,2839.91691961869,3160,0,154,770691,770845,770845,0.999196334247179,0,3160,27,27,0,0,0.0
2387,1778309512.3521333,decode,154,770792,0.9991276337876638,770638,154,2810.4934622647397,3101,0,154,770484,770638,770638,0.9989280135845436,0,3101,32,0,0,0,0.0
2388,1778309512.3767242,decode,154,460480,0.596890332030617,770792,154,2810.4934622647397,3101,0,154,770638,770792,770792,0.9991276337876638,0,3101,0,0,0,0,0.0
2389,1778309512.4860868,decode,154,770480,0.9987232084410829,770946,154,2810.4934622647397,3101,0,154,770792,770946,770946,0.9993272539907838,0,3101,62,62,0,0,0.0
2391,1778309512.5113566,decode,154,770788,0.9991224488473229,770634,154,2810.4934622647397,3039,0,154,770480,770634,770634,0.9989228286442029,0,3039,0,0,0,0,0.0
2392,1778309512.535843,decode,154,475541,0.6164129286487398,770788,154,2810.4934622647397,3039,0,154,770634,770788,770788,0.9991224488473229,0,3039,0,0,0,0,0.0
2393,1778309512.63832,decode,154,770541,0.9988022787812798,770942,154,2810.4934622647397,3039,0,154,770788,770942,770942,0.999322069050443,0,3039,59,59,0,0,0.0
2395,1778309512.6635032,decode,154,770849,0.9992015191875199,770695,154,2810.4934622647397,2980,0,154,770541,770695,770695,0.9990018989843998,0,2980,0,0,0,0,0.0
2396,1778309512.688116,decode,154,460561,0.5969953270725179,770849,154,2810.4934622647397,2980,0,154,770695,770849,770849,0.9992015191875199,0,2980,0,0,0,0,0.0
2397,1778309512.7973802,decode,154,770561,0.9988282034829836,771003,154,2810.4934622647397,2980,0,154,770849,771003,771003,0.9994011393906399,0,2980,62,62,0,0,0.0
2399,1778309512.8253636,decode,154,610517,0.7913735555080269,770715,154,2810.4934622647397,2918,0,154,770561,770715,770715,0.9990278236861038,0,2918,0,0,0,0,0.0
2400,1778309512.8739867,decode,154,600449,0.7783230606702831,770869,154,2810.4934622647397,2918,0,154,770715,770869,770869,0.9992274438892238,0,2918,32,32,0,0,0.0
2403,1778309512.9437702,decode,154,770757,0.9990822655596819,770603,154,2810.4934622647397,2852,0,154,770449,770603,770603,0.9988826453565619,0,2852,34,0,0,0,0.0
2404,1778309512.9688387,decode,154,440465,0.5709461868004382,770757,154,2810.4934622647397,2852,0,154,770603,770757,770757,0.9990822655596819,0,2852,0,0,0,0,0.0
2405,1778309513.0890985,decode,154,770465,0.998703764914805,770911,154,2810.4934622647397,2852,0,154,770757,770911,770911,0.999281885762802,0,2852,66,66,0,0,0.0
2407,1778309513.1141224,decode,154,770773,0.999103005321045,770619,154,2810.4934622647397,2786,0,154,770465,770619,770619,0.998903385117925,0,2786,0,0,0,0,0.0
2408,1778309513.1384284,decode,154,480521,0.6228681793730111,770773,154,2810.4934622647397,2786,0,154,770619,770773,770773,0.999103005321045,0,2786,0,0,0,0,0.0
2409,1778309513.2375433,decode,154,770521,0.9987763540795759,770927,154,2810.4934622647397,2786,0,154,770773,770927,770927,0.999302625524165,0,2786,58,58,0,0,0.0
2411,1778309513.2623184,decode,154,770829,0.9991755944858159,770675,154,2810.4934622647397,2728,0,154,770521,770675,770675,0.9989759742826959,0,2728,0,0,0,0,0.0
2412,1778309513.2858403,decode,154,530615,0.687801779730772,770829,154,2810.4934622647397,2728,0,154,770675,770829,770829,0.9991755944858159,0,2728,0,0,0,0,0.0
2413,1778309513.362487,decode,154,770615,0.9988982001775842,770983,154,2810.4934622647397,2728,0,154,770829,770983,770983,0.999375214688936,0,2728,48,48,0,0,0.0
2415,1778309513.3900392,decode,154,615582,0.7979389862145398,770769,154,2810.4934622647397,2680,0,154,770615,770769,770769,0.9990978203807043,0,2680,0,0,0,0,0.0
2416,1778309513.434889,decode,154,685548,0.8886313701852968,770923,154,2810.4934622647397,2680,0,154,770769,770923,770923,0.9992974405838243,0,2680,31,31,0,0,0.0
2419,1778309513.4791086,decode,154,770856,0.9992105928331162,770702,154,2810.4934622647397,2632,0,154,770548,770702,770702,0.9990109726299962,0,2632,17,0,0,0,0.0
2420,1778309513.5038078,decode,154,460528,0.5969525513147065,770856,154,2810.4934622647397,2632,0,154,770702,770856,770856,0.9992105928331162,0,2632,0,0,0,0,0.0
2421,1778309513.6127226,decode,154,770528,0.9987854277251722,771010,154,2810.4934622647397,2632,0,154,770856,771010,771010,0.9994102130362362,0,2632,62,62,0,0,0.0
2423,1778309513.6375055,decode,154,770836,0.9991846681314123,770682,154,2810.4934622647397,2570,0,154,770528,770682,770682,0.9989850479282922,0,2570,0,0,0,0,0.0
2424,1778309513.6625524,decode,154,440488,0.5709760002073976,770836,154,2810.4934622647397,2570,0,154,770682,770836,770836,0.9991846681314123,0,2570,0,0,0,0,0.0
2425,1778309513.7819912,decode,154,770488,0.9987335783217645,770990,154,2810.4934622647397,2570,0,154,770836,770990,770990,0.9993842883345323,0,2570,66,66,0,0,0.0
2427,1778309513.8067064,decode,154,770796,0.9991328187280045,770642,154,2810.4934622647397,2504,0,154,770488,770642,770642,0.9989331985248845,0,2504,0,0,0,0,0.0
2428,1778309513.831569,decode,154,450510,0.5839668682312225,770796,154,2810.4934622647397,2504,0,154,770642,770796,770796,0.9991328187280045,0,2504,0,0,0,0,0.0
2429,1778309513.9454913,decode,154,770510,0.9987620954936387,770950,154,2810.4934622647397,2504,0,154,770796,770950,770950,0.9993324389311246,0,2504,64,64,0,0,0.0
2431,1778309513.97229,decode,154,655565,0.8497663536258936,770664,154,2810.4934622647397,2440,0,154,770510,770664,770664,0.9989617156967587,0,2440,0,0,0,0,0.0
2432,1778309514.0052102,decode,154,625507,0.8108041194351008,770818,154,2810.4934622647397,2440,0,154,770664,770818,770818,0.9991613358998788,0,2440,23,23,0,0,0.0
2435,1778309514.0666955,decode,154,770815,0.9991574471946232,770661,154,2810.4934622647397,2388,0,154,770507,770661,770661,0.9989578269915032,0,2388,29,0,0,0,0.0
2436,1778309514.0912504,decode,154,475520,0.6163857077119507,770815,154,2810.4934622647397,2388,0,154,770661,770815,770815,0.9991574471946232,0,2388,0,0,0,0,0.0
2437,1778309514.1933038,decode,154,770520,0.9987750578444907,770969,154,2810.4934622647397,2388,0,154,770815,770969,770969,0.9993570673977432,0,2388,59,59,0,0,0.0
2439,1778309514.2182796,decode,154,770828,0.9991742982507308,770674,154,2810.4934622647397,2329,0,154,770520,770674,770674,0.9989746780476108,0,2329,0,0,0,0,0.0
2440,1778309514.2427137,decode,154,485547,0.6293830569112014,770828,154,2810.4934622647397,2329,0,154,770674,770828,770828,0.9991742982507308,0,2329,0,0,0,0,0.0
2441,1778309514.339897,decode,154,770547,0.998810056191791,770982,154,2810.4934622647397,2329,0,154,770828,770982,770982,0.9993739184538508,0,2329,57,57,0,0,0.0
2443,1778309514.3647153,decode,154,770855,0.999209296598031,770701,154,2810.4934622647397,2272,0,154,770547,770701,770701,0.999009676394911,0,2272,0,0,0,0,0.0
2444,1778309514.3893828,decode,154,470549,0.6099421231034461,770855,154,3023.698820228885,2272,0,154,770701,770855,770855,0.999209296598031,0,2272,0,0,0,0,0.0
2445,1778309514.4939394,decode,154,770549,0.9988126486619613,771009,154,3023.698820228885,2272,0,154,770855,771009,771009,0.9994089168011511,0,2272,60,60,0,0,0.0
2447,1778309514.5212965,decode,154,635560,0.8238351707465666,770703,154,3023.698820228885,2212,0,154,770549,770703,770703,0.9990122688650813,0,2212,0,0,0,0,0.0
2448,1778309514.5608325,decode,154,610496,0.7913463345712378,770857,154,3023.698820228885,2212,0,154,770703,770857,770857,0.9992118890682015,0,2212,27,27,0,0,0.0
2451,1778309514.6270254,decode,154,770804,0.9991431886086861,770650,154,3023.698820228885,2153,0,154,770496,770650,770650,0.9989435684055661,0,2153,32,0,0,0,0.0
2452,1778309514.6516476,decode,154,470498,0.609876015114101,770804,154,3023.698820228885,2153,0,154,770650,770804,770804,0.9991431886086861,0,2153,0,0,0,0,0.0
2453,1778309514.7554348,decode,154,770498,0.9987465406726164,770958,154,3023.698820228885,2153,0,154,770804,770958,770958,0.9993428088118061,0,2153,60,60,0,0,0.0
2455,1778309514.779794,decode,154,770806,0.9991457810788564,770652,154,3023.698820228885,2093,0,154,770498,770652,770652,0.9989461608757364,0,2093,0,0,0,0,0.0
2456,1778309514.804068,decode,154,485533,0.6293649096200087,770806,154,3023.698820228885,2093,0,154,770652,770806,770806,0.9991457810788564,0,2093,0,0,0,0,0.0
2457,1778309514.9004352,decode,154,770533,0.9987919089005982,770960,154,3023.698820228885,2093,0,154,770806,770960,770960,0.9993454012819765,0,2093,57,57,0,0,0.0
2459,1778309514.9247563,decode,154,770841,0.9991911493068383,770687,154,3023.698820228885,2036,0,154,770533,770687,770687,0.9989915291037182,0,2036,0,0,0,0,0.0
2460,1778309514.9494212,decode,154,460585,0.5970264367145626,770841,154,3023.698820228885,2036,0,154,770687,770841,770841,0.9991911493068383,0,2036,0,0,0,0,0.0
2461,1778309515.0593214,decode,154,770585,0.9988593131250284,770995,154,3023.698820228885,2036,0,154,770841,770995,770995,0.9993907695099583,0,2036,62,62,0,0,0.0
2463,1778309515.0867386,decode,154,600519,0.7784137971262468,770739,154,3023.698820228885,1974,0,154,770585,770739,770739,0.9990589333281484,0,1974,0,0,0,0,0.0
2464,1778309515.1388588,decode,154,565437,0.7329392778674341,770893,154,3023.698820228885,1974,0,154,770739,770893,770893,0.9992585535312685,0,1974,34,34,0,0,0.0
2467,1778309515.2207022,decode,154,770745,0.9990667107386596,770591,154,3023.698820228885,1899,0,154,770437,770591,770591,0.9988670905355396,0,1899,41,0,0,0,0.0
2468,1778309515.2465558,decode,154,390391,0.5060385111443811,770745,154,3023.698820228885,1899,0,154,770591,770745,770745,0.9990667107386596,0,1899,0,0,0,0,0.0
2469,1778309515.393413,decode,154,770391,0.9986078435185005,770899,154,3023.698820228885,1899,0,154,770745,770899,770899,0.9992663309417796,0,1899,76,76,0,0,0.0
2471,1778309515.4175227,decode,154,770699,0.9990070839247406,770545,154,3023.698820228885,1823,0,154,770391,770545,770545,0.9988074637216205,0,1823,0,0,0,0,0.0
2472,1778309515.4421892,decode,154,460483,0.5968942207358726,770699,154,3023.698820228885,1823,0,154,770545,770699,770699,0.9990070839247406,0,1823,0,0,0,0,0.0
2473,1778309515.5507362,decode,154,770483,0.9987270971463384,770853,154,3023.698820228885,1823,0,154,770699,770853,770853,0.9992067041278606,0,1823,62,62,0,0,0.0
2475,1778309515.5747416,decode,154,770791,0.9991263375525785,770637,154,3023.698820228885,1761,0,154,770483,770637,770637,0.9989267173494585,0,1761,0,0,0,0,0.0
2476,1778309515.5985708,decode,154,515624,0.6683699195686129,770791,154,3023.698820228885,1761,0,154,770637,770791,770791,0.9991263375525785,0,1761,0,0,0,0,0.0
2477,1778309515.6808686,decode,154,770624,0.998909866293351,770945,154,3023.698820228885,1761,0,154,770791,770945,770945,0.9993259577556985,0,1761,51,51,0,0,0.0
2479,1778309515.7079017,decode,154,600558,0.7784643502945694,770778,154,3023.698820228885,1710,0,154,770624,770778,770778,0.999109486496471,0,1710,0,0,0,0,0.0
2480,1778309515.7584834,decode,154,645508,0.836730117374087,770932,154,3023.698820228885,1710,0,154,770778,770932,770932,0.999309106699591,0,1710,34,34,0,0,0.0
2483,1778309515.8118823,decode,154,770816,0.9991587434297085,770662,154,3023.698820228885,1651,0,154,770508,770662,770662,0.9989591232265884,0,1651,25,0,0,0,0.0
2484,1778309515.8363087,decode,154,475497,0.6163558943049912,770816,154,3023.698820228885,1651,0,154,770662,770816,770816,0.9991587434297085,0,1651,0,0,0,0,0.0
2485,1778309515.9371538,decode,154,770497,0.9987452444375312,770970,154,3023.698820228885,1651,0,154,770816,770970,770970,0.9993583636328285,0,1651,59,59,0,0,0.0
2487,1778309515.9609375,decode,154,770805,0.9991444848437713,770651,154,3023.698820228885,1592,0,154,770497,770651,770651,0.9989448646406512,0,1592,0,0,0,0,0.0
2488,1778309515.985436,decode,154,470523,0.609908420991231,770805,154,3023.698820228885,1592,0,154,770651,770805,770805,0.9991444848437713,0,1592,0,0,0,0,0.0
2489,1778309516.0888252,decode,154,770523,0.9987789465497463,770959,154,3023.698820228885,1592,0,154,770805,770959,770959,0.9993441050468913,0,1592,60,60,0,0,0.0
2491,1778309516.112568,decode,154,770831,0.9991781869559864,770677,154,3023.698820228885,1532,0,154,770523,770677,770677,0.9989785667528663,0,1532,0,0,0,0,0.0
2492,1778309516.1363962,decode,154,510621,0.6618848554373821,770831,154,3023.698820228885,1532,0,154,770677,770831,770831,0.9991781869559864,0,1532,0,0,0,0,0.0
2493,1778309516.220993,decode,154,770621,0.9989059775880954,770985,154,3023.698820228885,1532,0,154,770831,770985,770985,0.9993778071591064,0,1532,52,52,0,0,0.0
2495,1778309516.248182,decode,154,585522,0.7589741595535766,770775,154,3023.698820228885,1480,0,154,770621,770775,770775,0.9991055977912154,0,1480,0,0,0,0,0.0
2496,1778309516.3032944,decode,154,685488,0.8885535960801851,770929,154,3023.698820228885,1480,0,154,770775,770929,770929,0.9993052179943355,0,1480,37,37,0,0,0.0
2499,1778309516.3455186,decode,154,770796,0.9991328187280045,770642,154,3023.698820228885,1426,0,154,770488,770642,770642,0.9989331985248845,0,1426,17,0,0,0,0.0
2500,1778309516.3697557,decode,154,485531,0.6293623171498383,770796,154,3023.698820228885,1426,0,154,770642,770796,770796,0.9991328187280045,0,1426,0,0,0,0,0.0
2501,1778309516.4657419,decode,154,770531,0.9987893164304278,770950,154,3023.698820228885,1426,0,154,770796,770950,770950,0.9993324389311246,0,1426,57,57,0,0,0.0
2503,1778309516.4892774,decode,154,770839,0.9991885568366679,770685,154,2933.4664917075024,1369,0,154,770531,770685,770685,0.9989889366335478,0,1369,0,0,0,0,0.0
2504,1778309516.513224,decode,154,500559,0.6488421380101496,770839,154,2933.4664917075024,1369,0,154,770685,770839,770839,0.9991885568366679,0,1369,0,0,0,0,0.0
2505,1778309516.6021683,decode,154,770559,0.9988256110128133,770993,154,2933.4664917075024,1369,0,154,770839,770993,770993,0.9993881770397879,0,1369,54,54,0,0,0.0
2507,1778309516.6256464,decode,154,770867,0.9992248514190534,770713,154,2933.4664917075024,1315,0,154,770559,770713,770713,0.9990252312159333,0,1315,0,0,0,0,0.0
2508,1778309516.6500034,decode,154,480567,0.6229278061869301,770867,154,2933.4664917075024,1315,0,154,770713,770867,770867,0.9992248514190534,0,1315,0,0,0,0,0.0
2509,1778309516.7480807,decode,154,770567,0.9988359808934948,771021,154,2933.4664917075024,1315,0,154,770867,771021,771021,0.9994244716221734,0,1315,58,58,0,0,0.0
2511,1778309516.7740903,decode,154,630567,0.8173630689661877,770721,154,2933.4664917075024,1257,0,154,770567,770721,770721,0.9990356010966149,0,1257,0,0,0,0,0.0
2512,1778309516.8143704,decode,154,630511,0.8172904798014168,770875,154,2933.4664917075024,1257,0,154,770721,770875,770875,0.999235221299735,0,1257,28,28,0,0,0.0
2515,1778309516.8714366,decode,154,770819,0.999162632134964,770665,154,2933.4664917075024,1201,0,154,770511,770665,770665,0.998963011931844,0,1201,28,0,0,0,0.0
2516,1778309516.896114,decode,154,460491,0.5969045906165542,770819,154,2933.4664917075024,1201,0,154,770665,770819,770819,0.999162632134964,0,1201,0,0,0,0,0.0
2517,1778309517.0043037,decode,154,770491,0.99873746702702,770973,154,2933.4664917075024,1201,0,154,770819,770973,770973,0.9993622523380841,0,1201,62,62,0,0,0.0
2519,1778309517.0277593,decode,154,770799,0.9991367074332601,770645,154,2933.4664917075024,1139,0,154,770491,770645,770645,0.9989370872301401,0,1139,0,0,0,0,0.0
2520,1778309517.051875,decode,154,495540,0.6423363341175555,770799,154,2933.4664917075024,1139,0,154,770645,770799,770799,0.9991367074332601,0,1139,0,0,0,0,0.0
2521,1778309517.14309,decode,154,770540,0.9988009825461945,770953,154,2933.4664917075024,1139,0,154,770799,770953,770953,0.9993363276363801,0,1139,55,55,0,0,0.0
2523,1778309517.1665385,decode,154,770848,0.9992002229524346,770694,154,2933.4664917075024,1084,0,154,770540,770694,770694,0.9990006027493146,0,1084,0,0,0,0,0.0
2524,1778309517.1909614,decode,154,475585,0.6164699629924884,770848,154,2933.4664917075024,1084,0,154,770694,770848,770848,0.9992002229524346,0,1084,0,0,0,0,0.0
2525,1778309517.292751,decode,154,770585,0.9988593131250284,771002,154,2933.4664917075024,1084,0,154,770848,771002,771002,0.9993998431555547,0,1084,59,59,0,0,0.0
2527,1778309517.3188279,decode,154,615552,0.797900099161984,770739,154,2933.4664917075024,1025,0,154,770585,770739,770739,0.9990589333281484,0,1025,0,0,0,0,0.0
2528,1778309517.3644915,decode,154,600484,0.778368428898265,770893,154,2933.4664917075024,1025,0,154,770739,770893,770893,0.9992585535312685,0,1025,31,31,0,0,0.0
2531,1778309517.4314907,decode,154,770792,0.9991276337876638,770638,154,2933.4664917075024,960,0,154,770484,770638,770638,0.9989280135845436,0,960,34,0,0,0,0.0
2532,1778309517.4569442,decode,154,415429,0.5384936452074949,770792,154,2933.4664917075024,960,0,154,770638,770792,770792,0.9991276337876638,0,960,0,0,0,0,0.0
2533,1778309517.5889938,decode,154,770429,0.998657100451738,770946,154,2933.4664917075024,960,0,154,770792,770946,770946,0.9993272539907838,0,960,71,71,0,0,0.0
2535,1778309517.6121268,decode,154,770737,0.999056340857978,770583,154,2933.4664917075024,889,0,154,770429,770583,770583,0.998856720654858,0,889,0,0,0,0,0.0
2536,1778309517.6365402,decode,154,475506,0.6163675604207579,770737,154,2933.4664917075024,889,0,154,770583,770737,770737,0.999056340857978,0,889,0,0,0,0,0.0
2537,1778309517.7369165,decode,154,770506,0.998756910553298,770891,154,2933.4664917075024,889,0,154,770737,770891,770891,0.999255961061098,0,889,59,59,0,0,0.0
2539,1778309517.7599893,decode,154,770814,0.999156150959538,770660,154,2933.4664917075024,830,0,154,770506,770660,770660,0.998956530756418,0,830,0,0,0,0,0.0
2540,1778309517.7843206,decode,154,480594,0.6229628045342304,770814,154,2933.4664917075024,830,0,154,770660,770814,770814,0.999156150959538,0,830,0,0,0,0,0.0
2541,1778309517.8824422,decode,154,770594,0.9988709792407952,770968,154,2933.4664917075024,830,0,154,770814,770968,770968,0.9993557711626581,0,830,58,58,0,0,0.0
2543,1778309517.9084747,decode,154,610550,0.7914163312658383,770748,154,2933.4664917075024,772,0,154,770594,770748,770748,0.9990705994439152,0,772,0,0,0,0,0.0
2544,1778309517.9550612,decode,154,630494,0.8172684438049684,770902,154,2933.4664917075024,772,0,154,770748,770902,770902,0.9992702196470352,0,772,32,32,0,0,0.0
2547,1778309518.0111847,decode,154,770802,0.9991405961385157,770648,154,2933.4664917075024,712,0,154,770494,770648,770648,0.9989409759353957,0,712,28,0,0,0,0.0
2548,1778309518.0362265,decode,154,445457,0.5774169923457318,770802,154,2933.4664917075024,712,0,154,770648,770802,770802,0.9991405961385157,0,712,0,0,0,0,0.0
2549,1778309518.1520157,decode,154,770457,0.9986933950341234,770956,154,2933.4664917075024,712,0,154,770802,770956,770956,0.9993402163416357,0,712,65,65,0,0,0.0
2551,1778309518.1750329,decode,154,770765,0.9990926354403634,770611,154,2933.4664917075024,647,0,154,770457,770611,770611,0.9988930152372434,0,647,0,0,0,0,0.0
2552,1778309518.1997154,decode,154,460525,0.5969486626094509,770765,154,2933.4664917075024,647,0,154,770611,770765,770765,0.9990926354403634,0,647,0,0,0,0,0.0
2553,1778309518.307493,decode,154,770525,0.9987815390199166,770919,154,2933.4664917075024,647,0,154,770765,770919,770919,0.9992922556434835,0,647,62,62,0,0,0.0
2555,1778309518.3304613,decode,154,770833,0.9991807794261567,770679,154,2933.4664917075024,585,0,154,770525,770679,770679,0.9989811592230367,0,585,0,0,0,0,0.0
2556,1778309518.355051,decode,154,465564,0.6034803912037487,770833,154,2933.4664917075024,585,0,154,770679,770833,770833,0.9991807794261567,0,585,0,0,0,0,0.0
2557,1778309518.4602246,decode,154,770564,0.9988320921882392,770987,154,2933.4664917075024,585,0,154,770833,770987,770987,0.9993803996292767,0,585,61,61,0,0,0.0
2559,1778309518.4860826,decode,154,605509,0.7848820102013702,770718,154,2933.4664917075024,524,0,154,770564,770718,770718,0.9990317123913594,0,524,0,0,0,0,0.0
2560,1778309518.53508,decode,154,580433,0.752377619205019,770872,154,3011.0524643779922,524,0,154,770718,770872,770872,0.9992313325944794,0,524,33,33,0,0,0.0
2563,1778309518.6080894,decode,154,770741,0.9990615257983188,770587,154,3011.0524643779922,453,0,154,770433,770587,770587,0.9988619055951987,0,453,38,0,0,0,0.0
2564,1778309518.6321204,decode,154,495498,0.6422818922439774,770741,154,3011.0524643779922,453,0,154,770587,770741,770741,0.9990615257983188,0,453,0,0,0,0,0.0
2565,1778309518.7228339,decode,154,770498,0.9987465406726164,770895,154,3011.0524643779922,453,0,154,770741,770895,770895,0.9992611460014388,0,453,55,55,0,0,0.0
2567,1778309518.7455523,decode,154,770806,0.9991457810788564,770652,154,3011.0524643779922,398,0,154,770498,770652,770652,0.9989461608757364,0,398,0,0,0,0,0.0
2568,1778309518.7701728,decode,154,465529,0.6034350229757669,770806,154,3011.0524643779922,398,0,154,770652,770806,770806,0.9991457810788564,0,398,0,0,0,0,0.0
2569,1778309518.875745,decode,154,770529,0.9987867239602575,770960,154,3011.0524643779922,398,0,154,770806,770960,770960,0.9993454012819765,0,398,61,61,0,0,0.0
2571,1778309518.8984058,decode,154,770837,0.9991859643664975,770683,154,3011.0524643779922,337,0,154,770529,770683,770683,0.9989863441633775,0,337,0,0,0,0,0.0
2572,1778309518.9222393,decode,154,510651,0.661923742489938,770837,154,3011.0524643779922,337,0,154,770683,770837,770837,0.9991859643664975,0,337,0,0,0,0,0.0
2573,1778309519.0061324,decode,154,770651,0.9989448646406512,770991,154,3011.0524643779922,337,0,154,770837,770991,770991,0.9993855845696176,0,337,52,52,0,0,0.0
2575,1778309519.0326931,decode,154,545464,0.7070495745108333,770805,154,3011.0524643779922,285,0,154,770651,770805,770805,0.9991444848437713,0,285,0,0,0,0,0.0
2576,1778309519.1038287,decode,154,650416,0.8430920391722243,770959,154,3011.0524643779922,285,0,154,770805,770959,770959,0.9993441050468913,0,285,45,45,0,0,0.0
2579,1778309519.1537335,decode,154,770724,0.9990394898018705,770570,154,3011.0524643779922,216,0,154,770416,770570,770570,0.9988398695987504,0,216,24,0,0,0,0.0
2580,1778309519.1778395,decode,154,495513,0.6423013357702553,770724,154,3011.0524643779922,216,0,154,770570,770724,770724,0.9990394898018705,0,216,0,0,0,0,0.0
2581,1778309519.2682676,decode,154,770513,0.9987659841988943,770878,154,3011.0524643779922,216,0,154,770724,770878,770878,0.9992391100049905,0,216,55,55,0,0,0.0
2583,1778309519.2907312,decode,154,770821,0.9991652246051343,770667,154,3011.0524643779922,161,0,154,770513,770667,770667,0.9989656044020143,0,161,0,0,0,0,0.0
2584,1778309519.3153114,decode,154,465536,0.6034440966213632,770821,154,3011.0524643779922,161,0,154,770667,770821,770821,0.9991652246051343,0,161,0,0,0,0,0.0
2585,1778309519.4229002,decode,154,770536,0.9987957976058538,770975,154,3011.0524643779922,161,0,154,770821,770975,770975,0.9993648448082544,0,161,61,61,0,0,0.0
2587,1778309519.4454656,decode,154,770844,0.9991950380120939,770690,154,3011.0524643779922,100,0,154,770536,770690,770690,0.9989954178089738,0,100,0,0,0,0,0.0
2588,1778309519.4698968,decode,154,475597,0.6164855178135107,770844,154,3011.0524643779922,100,0,154,770690,770844,770844,0.9991950380120939,0,100,0,0,0,0,0.0
2589,1778309519.5695143,decode,154,770597,0.9988748679460507,770998,154,3011.0524643779922,100,0,154,770844,770998,770998,0.9993946582152139,0,100,59,59,0,0,0.0
2591,1778309519.5953662,decode,154,575476,0.7459521818877072,770751,154,3011.0524643779922,41,0,154,770597,770751,770751,0.9990744881491708,0,41,0,0,0,0,0.0
2592,1778309519.654612,decode,154,610412,0.7912374508240815,770905,154,3011.0524643779922,41,0,154,770751,770905,770905,0.9992741083522908,0,41,39,39,0,0,0.0
2595,1778309519.6769488,decode,124,620660,0.8045212679771604,620536,124,3011.0524643779922,0,0,124,620412,620536,620536,0.8043605348265962,0,0,32,0,0,0,0.0
2596,1778309519.698825,decode,124,285375,0.36991308743753765,620660,124,3011.0524643779922,0,0,124,620536,620660,620660,0.8045212679771604,0,0,0,0,0,0,0.0
2597,1778309519.7089274,decode,124,285432,0.3699869728373938,620784,57,3011.0524643779922,0,0,124,620660,620784,620784,0.8046820011277245,0,0,67,0,0,0,0.0
2598,1778309519.7179708,decode,57,285489,0.37006085823724993,285432,57,3011.0524643779922,0,0,57,285375,285432,285432,0.3699869728373938,0,0,0,0,0,0,0.0
2599,1778309519.729711,decode,57,135216,0.175271723279734,285489,57,3011.0524643779922,0,0,57,285432,285489,285489,0.37006085823724993,0,0,0,0,0,0,0.0
2600,1778309519.736011,decode,57,135243,0.17530672162703428,285546,27,3011.0524643779922,0,0,57,285489,285546,285546,0.370134743637106,0,0,30,0,0,0,0.0
2601,1778309519.7423146,decode,27,135270,0.17534171997433454,135243,27,3011.0524643779922,0,0,27,135216,135243,135243,0.17530672162703428,0,0,0,0,0,0,0.0
2602,1778309519.7509255,decode,27,0,0.0,135270,27,3011.0524643779922,0,0,27,135243,135270,135270,0.17534171997433454,0,0,0,0,0,0,0.0
2602,1778309519.7546313,decode,27,0,0.0,135297,27,3011.0524643779922,0,0,27,135270,135297,135297,0.17537671832163482,0,0,27,0,0,0,0.0
