rid,seqlen,extend_input_len,cached_tokens,finished_reason,finished_len,lb_entry_time,lb_entry_time_perf,decode_prealloc_queue_entry_time,decode_transfer_queue_entry_time,wait_queue_entry_time,forward_entry_time,completion_time,retraction_count,is_retracted,retracted_stain,kv_committed_len,kv_allocated_len,input_len,output_len,disagg_mode
5c78ae1a7b1b4db0ad24f3ce9f882212,12,5,0,"{""type"": ""length"", ""length"": 8}",8,1769715098.8770995,2083845.423882274,2083845.424703095,2083845.42551459,2083845.425910984,2083845.425970649,2083845.79732718,0,False,False,12,12,4,8,decode
d649f84b76fa4d1c92d08ef38a4b512a,31050,31001,0,"{""type"": ""length"", ""length"": 50}",50,1769715108.6176198,2083855.276508684,2083855.279122394,2083855.280249738,2083855.280644303,2083855.281040799,2083855.923898199,0,False,False,31050,31050,31000,50,decode
99e760c127a047e2ba2b07b25811814f,31050,31001,0,"{""type"": ""length"", ""length"": 50}",50,1769715108.731342,2083855.362054248,2083855.388424615,2083855.389260027,2083855.389567936,2083855.389950397,2083855.933785846,0,False,False,31050,31050,31000,50,decode
1ff23c07ab7248208b9c6f3531be1319,31050,31001,0,"{""type"": ""length"", ""length"": 50}",50,1769715108.8168283,2083855.453676869,2083855.580456436,2083855.581379952,2083855.582273363,2083855.582937793,2083855.940667505,0,False,False,31050,31050,31000,50,decode
3ce2afa2f23a48d7a642bc7489962104,31050,31001,0,"{""type"": ""length"", ""length"": 50}",50,1769715108.9087021,2083855.531351064,2083855.580544027,2083855.58192792,2083855.582301357,2083855.582938397,2083855.940685874,0,False,False,31050,31050,31000,50,decode
2ca11b5ef8e94120a34783ba0ea74b52,31050,31001,0,"{""type"": ""length"", ""length"": 50}",50,1769715108.9861858,2083855.61587668,2083855.621576456,2083855.622253571,2083855.622533344,2083855.622829843,2083855.982124062,0,False,False,31050,31050,31000,50,decode
efce1866bc7b4cea92f94ea2cc6cf345,31050,31001,0,"{""type"": ""length"", ""length"": 50}",50,1769715109.0706618,2083855.692255748,2083855.700283912,2083855.70094787,2083855.701253735,2083855.701635738,2083856.057555845,0,False,False,31050,31050,31000,50,decode
5eaedab408054ee2bb07edffc7791250,31050,31001,0,"{""type"": ""length"", ""length"": 50}",50,1769715109.1470613,2083855.768695692,2083855.770857363,2083855.771561835,2083855.771891265,2083855.772290313,2083856.119749913,0,False,False,31050,31050,31000,50,decode
322a1bc867da4653881fe75580afef20,31050,31001,0,"{""type"": ""length"", ""length"": 50}",50,1769715109.2235196,2083855.851829559,2083855.861161269,2083855.861850103,2083855.862156652,2083855.86254432,2083856.19035002,0,False,False,31050,31050,31000,50,decode
89586e97d7e04e33b849129004de77ff,31050,31001,0,"{""type"": ""length"", ""length"": 50}",50,1769715109.3066418,2083855.934895448,2083855.942984161,2083855.943699072,2083855.943992626,2083855.944290471,2083856.244537481,0,False,False,31050,31050,31000,50,decode
d2406502c64942cd871e32f3694bf3aa,31050,31001,0,"{""type"": ""length"", ""length"": 50}",50,1769715109.391646,2083856.015648961,2083856.018926209,2083856.01960532,2083856.019907336,2083856.020187527,2083856.311121048,0,False,False,31050,31050,31000,50,decode
1476744492214e10993643487c7ac0c3,31050,31001,0,"{""type"": ""length"", ""length"": 50}",50,1769715109.470444,2083856.098216034,2083856.100119385,2083856.100777092,2083856.10109679,2083856.101371803,2083856.382694368,0,False,False,31050,31050,31000,50,decode
e9460fbc3a1e481b88e18b7841d071d3,31050,31001,0,"{""type"": ""length"", ""length"": 50}",50,1769715109.604462,2083856.238913053,2083856.246049952,2083856.246862716,2083856.247166057,2083856.247446751,2083856.524674237,0,False,False,31050,31050,31000,50,decode
da46bb5e47964ed4ab93babe2ba3cb3d,31050,31001,0,"{""type"": ""length"", ""length"": 50}",50,1769715109.6937113,2083856.314807615,2083856.317610016,2083856.318291162,2083856.318581566,2083856.318862056,2083856.600171395,0,False,False,31050,31050,31000,50,decode
229ce538563544a18d59bcf46dfd5cde,31050,31001,0,"{""type"": ""length"", ""length"": 50}",50,1769715109.7695825,2083856.390352997,2083856.394021995,2083856.394704284,2083856.394999108,2083856.395297439,2083856.68137416,0,False,False,31050,31050,31000,50,decode
665f5b446ebc4fdd8743e385cc0a66af,31050,31001,0,"{""type"": ""length"", ""length"": 50}",50,1769715109.8451195,2083856.466337624,2083856.471774954,2083856.47243451,2083856.472720122,2083856.472992779,2083856.762520711,0,False,False,31050,31050,31000,50,decode
467dfb72dea64c3e953ae2b3e0856790,31050,31001,0,"{""type"": ""length"", ""length"": 50}",50,1769715109.9210966,2083856.547924143,2083856.553134444,2083856.553807588,2083856.554113496,2083856.554392921,2083856.843667196,0,False,False,31050,31050,31000,50,decode
d364c3d4bcd149108c826534e8b97c86,31050,31001,0,"{""type"": ""length"", ""length"": 50}",50,1769715110.0027013,2083856.626314438,2083856.628542216,2083856.629237343,2083856.629530598,2083856.629810685,2083856.919484017,0,False,False,31050,31050,31000,50,decode
ca7d3a09b60f4258ac7fd6e25681c7c5,31050,31001,0,"{""type"": ""length"", ""length"": 50}",50,1769715110.0810792,2083856.703932042,2083856.709753492,2083856.710419428,2083856.710712698,2083856.710986381,2083857.00066847,0,False,False,31050,31050,31000,50,decode
53afad7456d941d0a26684a41b6b9dea,31050,31001,0,"{""type"": ""length"", ""length"": 50}",50,1769715110.1587133,2083856.784924542,2083856.790873135,2083856.791522365,2083856.791806275,2083856.792092564,2083857.082394518,0,False,False,31050,31050,31000,50,decode
9bb77ad65f794d2aba594609bb70a4b4,31050,31001,0,"{""type"": ""length"", ""length"": 50}",50,1769715110.239682,2083856.859950683,2083856.866675958,2083856.86733634,2083856.867628845,2083856.867896332,2083857.158667721,0,False,False,31050,31050,31000,50,decode
034f0b3199ad4e519355b57a42b8267a,31050,31001,0,"{""type"": ""length"", ""length"": 50}",50,1769715110.3147435,2083856.940926213,2083856.947877918,2083856.948537266,2083856.948819214,2083856.94909577,2083857.240795481,0,False,False,31050,31050,31000,50,decode
fc4d07c89c0a447096e33a9b68b29d7f,31050,31001,0,"{""type"": ""length"", ""length"": 50}",50,1769715110.3957298,2083857.017122401,2083857.023749285,2083857.024411062,2083857.024723618,2083857.025009262,2083857.318507575,0,False,False,31050,31050,31000,50,decode
91837028bb8744e6ae18ed737ec97b3f,31050,31001,0,"{""type"": ""length"", ""length"": 50}",50,1769715110.4719243,2083857.094013072,2083857.10003704,2083857.100695173,2083857.100984079,2083857.101267636,2083857.395344471,0,False,False,31050,31050,31000,50,decode
c5fa563387a54ce681a37db02a1f9aed,31050,31001,0,"{""type"": ""length"", ""length"": 50}",50,1769715110.5487838,2083857.169508046,2083857.176264532,2083857.176924067,2083857.177213083,2083857.177487599,2083857.471629598,0,False,False,31050,31050,31000,50,decode
9d4301a189054800ad10abdf19650a49,31050,31001,0,"{""type"": ""length"", ""length"": 50}",50,1769715110.6242857,2083857.245113484,2083857.247744177,2083857.248428119,2083857.248707501,2083857.248987653,2083857.542173137,0,False,False,31050,31050,31000,50,decode
0c5f12043f9846eb8161864030bde2a8,31050,31001,0,"{""type"": ""length"", ""length"": 50}",50,1769715110.7017133,2083857.325018709,2083857.330824278,2083857.331491749,2083857.331784563,2083857.332058036,2083857.622976956,0,False,False,31050,31050,31000,50,decode
df51484b246a4f4d8b9641a2061020a4,31050,31001,0,"{""type"": ""length"", ""length"": 50}",50,1769715110.7797928,2083857.406586269,2083857.412959843,2083857.413615968,2083857.413901761,2083857.414186141,2083857.70377608,0,False,False,31050,31050,31000,50,decode
b1ff484597e54c57a4ecf58a1325e304,31050,31001,0,"{""type"": ""length"", ""length"": 50}",50,1769715110.8613656,2083857.483567159,2083857.489254002,2083857.489910418,2083857.490205379,2083857.490475183,2083857.779215252,0,False,False,31050,31050,31000,50,decode
bd516db99e1c4d38890f0e5e51c1157d,31050,31001,0,"{""type"": ""length"", ""length"": 50}",50,1769715110.9383261,2083857.572162486,2083857.575963468,2083857.576634233,2083857.576921994,2083857.577217025,2083857.865807399,0,False,False,31050,31050,31000,50,decode
80306c7cbad04b979e170483c179495f,31050,31001,0,"{""type"": ""length"", ""length"": 50}",50,1769715111.0269809,2083857.653904421,2083857.656774905,2083857.657453303,2083857.657735621,2083857.658020579,2083857.948571379,0,False,False,31050,31050,31000,50,decode
f9f59defc23b426d807bced25f368287,31050,31001,0,"{""type"": ""length"", ""length"": 50}",50,1769715111.108696,2083857.729110569,2083857.732224861,2083857.732890162,2083857.733183038,2083857.733453982,2083858.024471426,0,False,False,31050,31050,31000,50,decode
650e8d82d62c4249acdfc766dd698e97,31050,31001,0,"{""type"": ""length"", ""length"": 50}",50,1769715111.1838791,2083857.81050282,2083857.812981258,2083857.813660881,2083857.813947758,2083857.814235553,2083858.106218134,0,False,False,31050,31050,31000,50,decode
1a57235be558452d983515cc92e782af,31050,31001,0,"{""type"": ""length"", ""length"": 50}",50,1769715111.2652733,2083857.89128537,2083857.894248707,2083857.894946244,2083857.895255157,2083857.895543181,2083858.188456423,0,False,False,31050,31050,31000,50,decode
6b48d46908b6464d8689c295e3acc12c,31050,31001,0,"{""type"": ""length"", ""length"": 50}",50,1769715111.3460631,2083857.969565479,2083857.971635895,2083857.972332755,2083857.972627403,2083857.972909786,2083858.265213227,0,False,False,31050,31050,31000,50,decode
758b6d1f94af4465b88c4f6ab505b688,31050,31001,0,"{""type"": ""length"", ""length"": 50}",50,1769715111.424367,2083858.044568903,2083858.047575506,2083858.048268032,2083858.048540967,2083858.048821923,2083858.342890729,0,False,False,31050,31050,31000,50,decode
aa3ea9eb33b7417cba0321c9f41ee744,31050,31001,0,"{""type"": ""length"", ""length"": 50}",50,1769715111.4993465,2083858.119751764,2083858.12389667,2083858.124573239,2083858.124837537,2083858.125122258,2083858.42046583,0,False,False,31050,31050,31000,50,decode
d31a186156724d72859b31fd268b795e,31050,31001,0,"{""type"": ""length"", ""length"": 50}",50,1769715111.574521,2083858.194900455,2083858.200784494,2083858.201461741,2083858.20174212,2083858.202012403,2083858.498083345,0,False,False,31050,31050,31000,50,decode
53273d3af6444f01873b20ce79b05845,31050,31001,0,"{""type"": ""length"", ""length"": 50}",50,1769715111.649704,2083858.270273881,2083858.272089367,2083858.272772222,2083858.27307334,2083858.27336643,2083858.570362516,0,False,False,31050,31050,31000,50,decode
77f80738897944ac83a4014aa986630c,31050,31001,0,"{""type"": ""length"", ""length"": 50}",50,1769715111.7250524,2083858.345297529,2083858.349885449,2083858.350559984,2083858.350841082,2083858.351127705,2083858.64825198,0,False,False,31050,31050,31000,50,decode
2278d8f3f0474aa7a5c0d5a07a53544c,31050,31001,0,"{""type"": ""length"", ""length"": 50}",50,1769715111.8000386,2083858.421042573,2083858.427391258,2083858.428059761,2083858.42834321,2083858.42862824,2083858.726425241,0,False,False,31050,31050,31000,50,decode
646b0ced9ea74abca7ec659543b068ef,31050,31001,0,"{""type"": ""length"", ""length"": 50}",50,1769715111.875806,2083858.495308018,2083858.499533416,2083858.500211207,2083858.500493301,2083858.500774241,2083858.797414029,0,False,False,31050,31050,31000,50,decode
3d7476e2db18428291b6af1500f80886,31050,31001,0,"{""type"": ""length"", ""length"": 50}",50,1769715111.9501035,2083858.572735608,2083858.577343513,2083858.578065584,2083858.578366481,2083858.578651252,2083858.874210582,0,False,False,31050,31050,31000,50,decode
6c3c1c325ef94fa79ae1f7127b2e309c,31050,31001,0,"{""type"": ""length"", ""length"": 50}",50,1769715112.0356112,2083858.657480909,2083858.660542792,2083858.661234777,2083858.661514164,2083858.661782956,2083858.956766326,0,False,False,31050,31050,31000,50,decode
82dcb74dec6a4a32b9f52723a37d3cda,31050,31001,0,"{""type"": ""length"", ""length"": 50}",50,1769715112.1123188,2083858.732975122,2083858.738689443,2083858.739352348,2083858.739640873,2083858.739908535,2083859.034297825,0,False,False,31050,31050,31000,50,decode
b435be77ce984de2b987f5ae00bfa657,31050,31001,0,"{""type"": ""length"", ""length"": 50}",50,1769715112.1877534,2083858.807798681,2083858.809657746,2083858.810349665,2083858.810659665,2083858.810940327,2083859.105237679,0,False,False,31050,31050,31000,50,decode
95a7b94ba67e4e129eec753f75dc3c54,31050,31001,0,"{""type"": ""length"", ""length"": 50}",50,1769715112.2625988,2083858.881941214,2083858.886489598,2083858.88715085,2083858.887436981,2083858.887707237,2083859.181565483,0,False,False,31050,31050,31000,50,decode
2634916d4aff43c9aac84a599c503a7e,31050,31001,0,"{""type"": ""length"", ""length"": 50}",50,1769715112.3367474,2083858.959528792,2083858.963653678,2083858.964313844,2083858.964606848,2083858.964883229,2083859.257392322,0,False,False,31050,31050,31000,50,decode
35dcc3f1c3f24fff953fc723e476c68f,31050,31001,0,"{""type"": ""length"", ""length"": 50}",50,1769715112.4142883,2083859.040522972,2083859.046606066,2083859.047317225,2083859.047605996,2083859.047888358,2083859.339124086,0,False,False,31050,31050,31000,50,decode
b22b35745605428b9e7778b21fca688c,31050,31001,0,"{""type"": ""length"", ""length"": 50}",50,1769715112.4953036,2083859.12091183,2083859.122908433,2083859.123610352,2083859.123907463,2083859.124205984,2083859.415364146,0,False,False,31050,31050,31000,50,decode
2b1900f208654dafb02dde1086fdc607,31050,31001,0,"{""type"": ""length"", ""length"": 50}",50,1769715112.5756829,2083859.201560208,2083859.204624695,2083859.205294788,2083859.205578086,2083859.205848391,2083859.498830044,0,False,False,31050,31050,31000,50,decode
ded6a9293d9043ad8508af940596958d,31050,31001,0,"{""type"": ""length"", ""length"": 50}",50,1769715112.6563406,2083859.275832083,2083859.280542023,2083859.281252518,2083859.281542617,2083859.281820466,2083859.576425399,0,False,False,31050,31050,31000,50,decode
32cafac09be54c77b27e358f00d3dbda,31050,31001,0,"{""type"": ""length"", ""length"": 50}",50,1769715112.7324364,2083859.351932577,2083859.356780174,2083859.357446567,2083859.357721612,2083859.358017038,2083859.654541721,0,False,False,31050,31050,31000,50,decode
4728e64216514f18a93936855460eef2,31050,31001,0,"{""type"": ""length"", ""length"": 50}",50,1769715112.806711,2083859.42793893,2083859.433078144,2083859.433740738,2083859.43402701,2083859.434300275,2083859.732647491,0,False,False,31050,31050,31000,50,decode
5609fa0f980b4a539aa01d6e3485abe4,31050,31001,0,"{""type"": ""length"", ""length"": 50}",50,1769715112.8827171,2083859.501758896,2083859.5057501,2083859.506412507,2083859.506700816,2083859.506973833,2083859.804450644,0,False,False,31050,31050,31000,50,decode
f737b364c05344f688261d7b3b10c3fc,31050,31001,0,"{""type"": ""length"", ""length"": 50}",50,1769715112.9565277,2083859.575687016,2083859.577823271,2083859.578537378,2083859.578835102,2083859.579128077,2083859.876278536,0,False,False,31050,31050,31000,50,decode
907ed877afb34fdcb0fbc15adf00d39c,31050,31001,0,"{""type"": ""length"", ""length"": 50}",50,1769715113.03049,2083859.650037242,2083859.655888332,2083859.656561226,2083859.656841683,2083859.657133999,2083859.953217478,0,False,False,31050,31050,31000,50,decode
4cc6c78c56c94c878b8f561855b5c444,31050,31001,0,"{""type"": ""length"", ""length"": 50}",50,1769715113.104806,2083859.734085962,2083859.739608496,2083859.7402824,2083859.740594259,2083859.740880507,2083860.035931777,0,False,False,31050,31050,31000,50,decode
36180b0e973a4eadbee14ef6a8194089,31050,31001,0,"{""type"": ""length"", ""length"": 50}",50,1769715113.1891036,2083859.808977472,2083859.811417236,2083859.812111521,2083859.812407556,2083859.812695,2083860.108158518,0,False,False,31050,31050,31000,50,decode
10bf3715213342ed903a1b38f7ca4620,31050,31001,0,"{""type"": ""length"", ""length"": 50}",50,1769715113.2637553,2083859.882993748,2083859.888690162,2083859.889414587,2083859.889705451,2083859.889969507,2083860.185781084,0,False,False,31050,31050,31000,50,decode
d515e8762b6049038d84f41ea0d56cfd,31050,31001,0,"{""type"": ""length"", ""length"": 50}",50,1769715113.337752,2083859.959901919,2083859.965509404,2083859.966182159,2083859.966480926,2083859.966746691,2083860.265450834,0,False,False,31049,31049,31000,50,decode
42e4ac526e2f4b80b151ff8e4e1b5b35,31050,31001,0,"{""type"": ""length"", ""length"": 50}",50,1769715113.4146936,2083860.033887862,2083860.037314206,2083860.037989087,2083860.038315032,2083860.038588609,2083860.337925275,0,False,False,31049,31049,31000,50,decode
c4cc294570884ab49f450a5a581d095f,31050,31001,0,"{""type"": ""length"", ""length"": 50}",50,1769715113.4886763,2083860.108065257,2083860.11509506,2083860.115756061,2083860.116068928,2083860.116376425,2083860.416204844,0,False,False,31049,31049,31000,50,decode
3f0710c66b324fb79bfa4f03d174a1be,31050,31001,0,"{""type"": ""length"", ""length"": 50}",50,1769715113.5628295,2083860.181998263,2083860.187168744,2083860.187827983,2083860.188147186,2083860.188424654,2083860.488635697,0,False,False,31049,31049,31000,50,decode
9ea4b078e0234c9d94c971abdaf3c4f5,31050,31001,0,"{""type"": ""length"", ""length"": 50}",50,1769715113.6367853,2083860.255881484,2083860.260690626,2083860.26137667,2083860.261682692,2083860.261965296,2083860.561155289,0,False,False,31050,31050,31000,50,decode
d9498a87db784dd1a8a582669d80d29b,31050,31001,0,"{""type"": ""length"", ""length"": 50}",50,1769715113.7106612,2083860.330612307,2083860.333150834,2083860.333847964,2083860.334167988,2083860.334451099,2083860.633369981,0,False,False,31050,31050,31000,50,decode
61bfacc0df174377be0e9761afa82ff1,31050,31001,0,"{""type"": ""length"", ""length"": 50}",50,1769715113.785362,2083860.405745746,2083860.411435303,2083860.412117276,2083860.412417959,2083860.412707324,2083860.710965677,0,False,False,31050,31050,31000,50,decode
5701e007d168495aa5bff0404f43bd97,31050,31001,0,"{""type"": ""length"", ""length"": 50}",50,1769715113.8605294,2083860.481036397,2083860.483917091,2083860.484639066,2083860.484932364,2083860.48522976,2083860.783248005,0,False,False,31050,31050,31000,50,decode
ff29b81a208247a1aaee21f152a463fe,31050,31001,0,"{""type"": ""length"", ""length"": 50}",50,1769715113.935825,2083860.558380689,2083860.562712361,2083860.563440869,2083860.563769911,2083860.564073946,2083860.860777056,0,False,False,31050,31050,31000,50,decode
1f2ce64cb8164d049b30d9fb2dca0850,31050,31001,0,"{""type"": ""length"", ""length"": 50}",50,1769715114.0149674,2083860.635311029,2083860.640331157,2083860.640999372,2083860.641299336,2083860.641577833,2083860.938803859,0,False,False,31050,31050,31000,50,decode
2f0d402be3fd429d8527cfff5b13eb7f,31050,31001,0,"{""type"": ""length"", ""length"": 50}",50,1769715114.0900695,2083860.709890585,2083860.712346641,2083860.713049765,2083860.713363306,2083860.713649849,2083861.01256208,0,False,False,31050,31050,31000,50,decode
286e2580029947719dbd15fec5d6e7dc,31050,31001,0,"{""type"": ""length"", ""length"": 50}",50,1769715114.164702,2083860.784559905,2083860.790308773,2083860.790968761,2083860.791266208,2083860.791542019,2083861.090224628,0,False,False,31050,31050,31000,50,decode
c968e5af87894c96bbd7d832c184e5ad,31050,31001,0,"{""type"": ""length"", ""length"": 50}",50,1769715114.2393415,2083860.858915064,2083860.862249721,2083860.862916206,2083860.863209354,2083860.863489939,2083861.161988774,0,False,False,31050,31050,31000,50,decode
5e6fb5a1f0e241058d6073922ca42eeb,31050,31001,0,"{""type"": ""length"", ""length"": 50}",50,1769715114.3136995,2083860.934660905,2083860.940222861,2083860.940881511,2083860.941174665,2083860.941459108,2083861.254056297,0,False,False,31050,31050,31000,50,decode
e8ddada7550340cb9cc8a20154ff4622,31050,31001,0,"{""type"": ""length"", ""length"": 50}",50,1769715114.3894384,2083861.014126477,2083861.01951834,2083861.020193089,2083861.020465697,2083861.020744165,2083861.332093975,0,False,False,31050,31050,31000,50,decode
08a4130fc27c40f1935817c3dd6d57de,31050,31001,0,"{""type"": ""length"", ""length"": 50}",50,1769715114.4689157,2083861.095165714,2083861.097136202,2083861.097825935,2083861.098150266,2083861.098443457,2083861.410115828,0,False,False,31049,31049,31000,50,decode
0a12af9b38f34ad896937f18082b66a4,31050,31001,0,"{""type"": ""length"", ""length"": 50}",50,1769715114.5499525,2083861.171106067,2083861.174358743,2083861.189670058,2083861.190102878,2083861.190516043,2083861.488274763,0,False,False,31049,31049,31000,50,decode
72e1147938924162b02b23f563842581,31050,31001,0,"{""type"": ""length"", ""length"": 50}",50,1769715114.6258798,2083861.25144832,2083861.255709484,2083861.256380859,2083861.256679335,2083861.256954789,2083861.55477669,0,False,False,31050,31050,31000,50,decode
0595743c565e46f7b22970d3d9b8c6ab,31050,31001,0,"{""type"": ""length"", ""length"": 50}",50,1769715114.7062323,2083861.32758241,2083861.33349486,2083861.334156783,2083861.334480624,2083861.334765041,2083861.631508569,0,False,False,31050,31050,31000,50,decode
de2dafc2f63c4272a58516df54f88c81,31050,31001,0,"{""type"": ""length"", ""length"": 50}",50,1769715114.7823563,2083861.402842526,2083861.40535417,2083861.406046191,2083861.406339031,2083861.40661516,2083861.703181256,0,False,False,31050,31050,31000,50,decode
872859ba880a495eab68c0e882ce71d8,31050,31001,0,"{""type"": ""length"", ""length"": 50}",50,1769715114.8576365,2083861.479797809,2083861.48350694,2083861.484241503,2083861.484517987,2083861.484802589,2083861.781265469,0,False,False,31050,31050,31000,50,decode
caf1217cf92448298de7b3ffc36eefd7,31050,31001,0,"{""type"": ""length"", ""length"": 50}",50,1769715114.9345582,2083861.561761598,2083861.567083195,2083861.567779794,2083861.568060767,2083861.568356398,2083861.863891413,0,False,False,31050,31050,31000,50,decode
92cb31df494c42e48ba41c9e409fe089,31050,31001,0,"{""type"": ""length"", ""length"": 50}",50,1769715115.016521,2083861.636779225,2083861.638331523,2083861.639015709,2083861.639304938,2083861.639595272,2083861.934972561,0,False,False,31050,31050,31000,50,decode
192c8ea984974a3a88e251eacfdb3499,31050,31001,0,"{""type"": ""length"", ""length"": 50}",50,1769715115.0915627,2083861.711310359,2083861.715468205,2083861.716170901,2083861.716460483,2083861.71673903,2083862.011372956,0,False,False,31050,31050,31000,50,decode
d5c9aa5afb374a20aecb29372a1030c9,31050,31001,0,"{""type"": ""length"", ""length"": 50}",50,1769715115.1660752,2083861.789394231,2083861.793529747,2083861.794217511,2083861.794491698,2083861.794759379,2083862.087527048,0,False,False,31050,31050,31000,50,decode
ce6b09f320324c3fbcf8dc3fa1dd151f,31050,31001,0,"{""type"": ""length"", ""length"": 50}",50,1769715115.2441802,2083861.871043966,2083861.876331745,2083861.877078532,2083861.87738028,2083861.877666482,2083862.170124796,0,False,False,31050,31050,31000,50,decode
e14b8845b8024c61b6bb0f87037427c9,31050,31001,0,"{""type"": ""length"", ""length"": 50}",50,1769715115.32763,2083861.947717361,2083861.95258188,2083861.953262807,2083861.95354059,2083861.953819097,2083862.247572772,0,False,False,31050,31050,31000,50,decode
164d2c66420e4742b9e6312620ed3672,31050,31001,0,"{""type"": ""length"", ""length"": 50}",50,1769715115.402528,2083862.022484634,2083862.028982339,2083862.029648468,2083862.029956624,2083862.030244681,2083862.325088582,0,False,False,31050,31050,31000,50,decode
84f3ca5c5380494db6e6146b9b97c47a,31050,31001,0,"{""type"": ""length"", ""length"": 50}",50,1769715115.4772983,2083862.096766813,2083862.099787282,2083862.100489878,2083862.100760862,2083862.101038328,2083862.396727684,0,False,False,31050,31050,31000,50,decode
80a08342363e4f9a889640f2800e299c,31050,31001,0,"{""type"": ""length"", ""length"": 50}",50,1769715115.551573,2083862.172133523,2083862.17702373,2083862.177702231,2083862.177993999,2083862.17827887,2083862.474230565,0,False,False,31050,31050,31000,50,decode
504f27b655454f9080ee046cf48d9b40,31050,31001,0,"{""type"": ""length"", ""length"": 50}",50,1769715115.6269324,2083862.250558793,2083862.254527316,2083862.255214835,2083862.255492214,2083862.255792219,2083862.553588662,0,False,False,31050,31050,31000,50,decode
805ae56be40645afbedbebced01ff922,31050,31001,0,"{""type"": ""length"", ""length"": 50}",50,1769715115.7053428,2083862.324920816,2083862.331972369,2083862.332645506,2083862.332934526,2083862.333222259,2083862.63121146,0,False,False,31050,31050,31000,50,decode
fffb72aec08646c1a2a51a530f26a243,31050,31001,0,"{""type"": ""length"", ""length"": 50}",50,1769715115.7797482,2083862.401011892,2083862.403746244,2083862.404457601,2083862.404741243,2083862.405047809,2083862.702825846,0,False,False,31050,31050,31000,50,decode
86e86d6a69a5426d819064542f3d8a83,31050,31001,0,"{""type"": ""length"", ""length"": 50}",50,1769715115.8558195,2083862.478907993,2083862.481096285,2083862.481835729,2083862.482141476,2083862.482430416,2083862.779488732,0,False,False,31050,31050,31000,50,decode
99af205d407b47c68c42200aa0c0713f,31050,31001,0,"{""type"": ""length"", ""length"": 50}",50,1769715115.9337125,2083862.553772371,2083862.5605552,2083862.561238258,2083862.561518087,2083862.561807442,2083862.856138777,0,False,False,31050,31050,31000,50,decode
c47ba35b082f4dab853eede6000610e7,31050,31001,0,"{""type"": ""length"", ""length"": 50}",50,1769715116.010416,2083862.630989667,2083862.638136394,2083862.638792581,2083862.639087552,2083862.639391982,2083862.932993042,0,False,False,31050,31050,31000,50,decode
fd1b8f7afe944494a3b68a351810579b,31050,31001,0,"{""type"": ""length"", ""length"": 50}",50,1769715116.0858161,2083862.709242295,2083862.715213632,2083862.715861987,2083862.716148325,2083862.716435772,2083863.003284298,0,False,False,31050,31050,31000,50,decode
fe5d7eda72614428aec278742ef00237,31050,31001,0,"{""type"": ""length"", ""length"": 50}",50,1769715116.164046,2083862.785106425,2083862.791740555,2083862.79239744,2083862.792688542,2083862.792962248,2083863.075020217,0,False,False,31050,31050,31000,50,decode
5e54f7f6275048bebd764694ffc52a6a,31050,31001,0,"{""type"": ""length"", ""length"": 50}",50,1769715116.2399144,2083862.861938274,2083862.868448808,2083862.869130629,2083862.869434695,2083862.869724967,2083863.145791924,0,False,False,31050,31050,31000,50,decode
3e95fefc68d04927ab595df268d33b5f,31050,31001,0,"{""type"": ""length"", ""length"": 50}",50,1769715116.3688471,2083863.003744994,2083863.009797262,2083863.010594208,2083863.010907701,2083863.01121526,2083863.283625566,0,False,False,31050,31050,31000,50,decode
c106ac3536934c0089caabbfce4211b3,31050,31001,0,"{""type"": ""length"", ""length"": 50}",50,1769715116.4586663,2083863.084386656,2083863.086312398,2083863.087033139,2083863.087356518,2083863.087658104,2083863.362866482,0,False,False,31050,31050,31000,50,decode
2012c9ceb24945b6bd6a961a7f808449,31050,31001,0,"{""type"": ""length"", ""length"": 50}",50,1769715116.5391567,2083863.164161043,2083863.16691063,2083863.16759724,2083863.16789606,2083863.168184366,2083863.448492504,0,False,False,31050,31050,31000,50,decode
877e64bfefbe49cc80a1d3670b83b366,31050,31001,0,"{""type"": ""length"", ""length"": 50}",50,1769715116.6189487,2083863.252261351,2083863.254134077,2083863.254847819,2083863.255166698,2083863.255452708,2083863.540894892,0,False,False,31050,31050,31000,50,decode
92473f5c676a4bf3b7e9cd4db998b582,31050,31001,0,"{""type"": ""length"", ""length"": 50}",50,1769715116.7071455,2083863.327863837,2083863.333517544,2083863.334189822,2083863.334488955,2083863.334783975,2083863.622997727,0,False,False,31050,31050,31000,50,decode
095b51efdde84e69af127cd01e4906ea,31050,31001,0,"{""type"": ""length"", ""length"": 50}",50,1769715116.7827144,2083863.402323376,2083863.407507576,2083863.408214627,2083863.408520557,2083863.408820769,2083863.700595003,0,False,False,31050,31050,31000,50,decode
8ad592b0164c449ea7f6e65cd7bb56dc,31050,31001,0,"{""type"": ""length"", ""length"": 50}",50,1769715116.8571622,2083863.478317957,2083863.482297369,2083863.482982832,2083863.483276924,2083863.483563683,2083863.778119825,0,False,False,31050,31050,31000,50,decode
dbf2ba0592814f81bc0314484361b9b0,31050,31001,0,"{""type"": ""length"", ""length"": 50}",50,1769715116.9331439,2083863.552498411,2083863.558518897,2083863.559203447,2083863.559500755,2083863.559771962,2083863.856023246,0,False,False,31050,31050,31000,50,decode
5c1e4a867f50483dbe552b284bcffaf1,31050,31001,0,"{""type"": ""length"", ""length"": 50}",50,1769715117.0073283,2083863.626507589,2083863.629905928,2083863.630603653,2083863.630909327,2083863.631212609,2083863.928119937,0,False,False,31050,31050,31000,50,decode
6f9f886fd9224c77b268fac6e90dd016,31050,31001,0,"{""type"": ""length"", ""length"": 50}",50,1769715117.0813391,2083863.70082418,2083863.707579884,2083863.708260827,2083863.708527525,2083863.708830892,2083864.005929362,0,False,False,31050,31050,31000,50,decode
3e182f983cc8481091270ee64248c6df,31050,31001,0,"{""type"": ""length"", ""length"": 50}",50,1769715117.1556952,2083863.77573414,2083863.77956043,2083863.780216236,2083863.780524138,2083863.780819274,2083864.079626562,0,False,False,31050,31050,31000,50,decode
1f46e7b8da8147caa9eaf2836c578902,31050,31001,0,"{""type"": ""length"", ""length"": 50}",50,1769715117.2305894,2083863.850204204,2083863.857316419,2083863.85794687,2083863.858259168,2083863.858539146,2083864.15758839,0,False,False,31050,31050,31000,50,decode
b71a0c233e85482fbb06ebb1e6d18c59,31050,31001,0,"{""type"": ""length"", ""length"": 50}",50,1769715117.305048,2083863.924761461,2083863.929470368,2083863.930147815,2083863.930445318,2083863.930729433,2083864.229602447,0,False,False,31050,31050,31000,50,decode
027586e0747f4c748f24f8d602adb125,31050,31001,0,"{""type"": ""length"", ""length"": 50}",50,1769715117.379644,2083864.000632819,2083864.007250113,2083864.007926694,2083864.008253546,2083864.008542919,2083864.307436614,0,False,False,31050,31050,31000,50,decode
77a47bebda9f49d28ef782c58c11bf25,31050,31001,0,"{""type"": ""length"", ""length"": 50}",50,1769715117.4554791,2083864.075868589,2083864.081149575,2083864.081846508,2083864.082164547,2083864.082459016,2083864.379435632,0,False,False,31050,31050,31000,50,decode
03ed6301b712431f81c1283a3a5786a9,31050,31001,0,"{""type"": ""length"", ""length"": 50}",50,1769715117.5325499,2083864.152685272,2083864.15898329,2083864.159666352,2083864.159988985,2083864.160299256,2083864.457361905,0,False,False,31050,31050,31000,50,decode
8606daba76e9442a9e5d0a208e1319ba,31050,31001,0,"{""type"": ""length"", ""length"": 50}",50,1769715117.6075292,2083864.227671254,2083864.230959903,2083864.231645203,2083864.231945543,2083864.232239224,2083864.529374719,0,False,False,31050,31050,31000,50,decode
7913c1435d5944e2908a9d52fc19a4ed,31050,31001,0,"{""type"": ""length"", ""length"": 50}",50,1769715117.6824906,2083864.302735716,2083864.30873212,2083864.309399388,2083864.309694245,2083864.309973289,2083864.607311188,0,False,False,31049,31049,31000,50,decode
e38583d99bc94f60b81788c193b9329c,31050,31001,0,"{""type"": ""length"", ""length"": 50}",50,1769715117.757604,2083864.377094355,2083864.380782681,2083864.381455039,2083864.381747502,2083864.382040562,2083864.679606539,0,False,False,31050,31050,31000,50,decode
93f56293655e486baaa76282d49ae3ec,31050,31001,0,"{""type"": ""length"", ""length"": 50}",50,1769715117.8319209,2083864.451058056,2083864.458738372,2083864.459410562,2083864.459713407,2083864.460008371,2083864.757460984,0,False,False,31050,31050,31000,50,decode
f9a04c2330e64064a8d62d35c653552e,31050,31001,0,"{""type"": ""length"", ""length"": 50}",50,1769715117.9058986,2083864.525455734,2083864.530797285,2083864.531477827,2083864.531780539,2083864.532086471,2083864.831637828,0,False,False,31050,31050,31000,50,decode
adb2f5a965bc423481e87173ea16aff1,31050,31001,0,"{""type"": ""length"", ""length"": 50}",50,1769715117.9802942,2083864.599447994,2083864.602547572,2083864.603246641,2083864.603543143,2083864.603834098,2083864.903634005,0,False,False,31050,31050,31000,50,decode
9c05e82b6bad4fe78d3b09cfa58cd171,31050,31001,0,"{""type"": ""length"", ""length"": 50}",50,1769715118.0543363,2083864.675373932,2083864.680920774,2083864.681600893,2083864.681904619,2083864.682204515,2083864.981583656,0,False,False,31050,31050,31000,50,decode
2fe887f67d724f4498641b6b229690c2,31050,31001,0,"{""type"": ""length"", ""length"": 50}",50,1769715118.130431,2083864.752066022,2083864.758808233,2083864.759503926,2083864.759773474,2083864.760062923,2083865.05942615,0,False,False,31049,31049,31000,50,decode
7c38cd091a194f989162c6d81385890d,31050,31001,0,"{""type"": ""length"", ""length"": 50}",50,1769715118.2068696,2083864.826344659,2083864.833031975,2083864.833697045,2083864.833970748,2083864.834271004,2083865.13192639,0,False,False,31050,31050,31000,50,decode
ad2054689387437d83b66e2d366c4360,31050,31001,0,"{""type"": ""length"", ""length"": 50}",50,1769715118.281197,2083864.9006461,2083864.905058879,2083864.905731613,2083864.905996271,2083864.90629744,2083865.203976428,0,False,False,31050,31050,31000,50,decode
77d3b35025584e3e87939d35d43b1c75,31050,31001,0,"{""type"": ""length"", ""length"": 50}",50,1769715118.3554494,2083864.977039736,2083864.982896852,2083864.983576235,2083864.983841353,2083864.984135909,2083865.281929566,0,False,False,31049,31049,31000,50,decode
7be6ec2dc3e348e08b489e43cece05e6,31050,31001,0,"{""type"": ""length"", ""length"": 50}",50,1769715118.4318428,2083865.052258766,2083865.054622196,2083865.055405805,2083865.055697812,2083865.05601049,2083865.354254299,0,False,False,31050,31050,31000,50,decode
ad4389e36b1e4df4a6febd7ec59bc652,31050,31001,0,"{""type"": ""length"", ""length"": 50}",50,1769715118.507124,2083865.12667555,2083865.133250431,2083865.133947693,2083865.134223867,2083865.134512406,2083865.432197765,0,False,False,31049,31049,31000,50,decode
55084e14dc464a4fab43653916d73a66,31050,31001,0,"{""type"": ""length"", ""length"": 50}",50,1769715118.581567,2083865.200634957,2083865.205391952,2083865.206079329,2083865.206343895,2083865.206636567,2083865.504598633,0,False,False,31050,31050,31000,50,decode
e27bca4a145443599f1454e2b4c5455d,31050,31001,0,"{""type"": ""length"", ""length"": 50}",50,1769715118.655486,2083865.274443208,2083865.277214959,2083865.27791371,2083865.278201837,2083865.278490409,2083865.57834397,0,False,False,31050,31050,31000,50,decode
26a8f17264f64702b700e8240c116a47,31050,31001,0,"{""type"": ""length"", ""length"": 50}",50,1769715118.7293077,2083865.348798254,2083865.355691135,2083865.356411447,2083865.356689955,2083865.35697347,2083865.656140824,0,False,False,31049,31049,31000,50,decode
7267dec44a7c4ce8b89858a11c57670b,31050,31001,0,"{""type"": ""length"", ""length"": 50}",50,1769715118.8052769,2083865.424607407,2083865.427438153,2083865.428133154,2083865.428407909,2083865.428688914,2083865.728488309,0,False,False,31049,31049,31000,50,decode
7ecf7a2a945a4aa0b144dd263ac7cad9,31050,31001,0,"{""type"": ""length"", ""length"": 50}",50,1769715118.8794768,2083865.498423019,2083865.505904432,2083865.506579306,2083865.506843287,2083865.507137094,2083865.80670169,0,False,False,31049,31049,31000,50,decode
427294846fff4b769cb4b162a888ef8c,31050,31001,0,"{""type"": ""length"", ""length"": 50}",50,1769715118.9532743,2083865.572735116,2083865.579734615,2083865.58040614,2083865.580679987,2083865.58097589,2083865.879055882,0,False,False,31049,31049,31000,50,decode
6ba990272f5a4552938b928af88881c1,31050,31001,0,"{""type"": ""length"", ""length"": 50}",50,1769715119.0275831,2083865.64741369,2083865.651450747,2083865.65217019,2083865.652431395,2083865.652720364,2083865.951382534,0,False,False,31049,31049,31000,50,decode
6cd5227ae9554bb89f440d8799064b60,31050,31001,0,"{""type"": ""length"", ""length"": 50}",50,1769715119.102259,2083865.721667719,2083865.723660646,2083865.724361436,2083865.724624208,2083865.72491816,2083866.023803881,0,False,False,31050,31050,31000,50,decode
a864444af6d74010bbb7e85662a4ef72,31050,31001,0,"{""type"": ""length"", ""length"": 50}",50,1769715119.1765354,2083865.796014732,2083865.801886684,2083865.80254617,2083865.802821457,2083865.803116287,2083866.101871446,0,False,False,31049,31049,31000,50,decode
6249101d89d441a2ab9ae3bc58a48992,31050,31001,0,"{""type"": ""length"", ""length"": 50}",50,1769715119.2508838,2083865.870422301,2083865.874268073,2083865.874934151,2083865.875190532,2083865.875462173,2083866.174225124,0,False,False,31050,31050,31000,50,decode
8df1ccdd975a4c5d838f009524f45b6f,31050,31001,0,"{""type"": ""length"", ""length"": 50}",50,1769715119.3252647,2083865.943986406,2083865.946668309,2083865.947382097,2083865.947665633,2083865.947962956,2083866.246337547,0,False,False,31050,31050,31000,50,decode
32c3303475c248239d755a55e4521e69,31050,31001,0,"{""type"": ""length"", ""length"": 50}",50,1769715119.398839,2083866.017767342,2083866.025289857,2083866.025969014,2083866.026250555,2083866.026544285,2083866.324217819,0,False,False,31049,31049,31000,50,decode
4159ff5ed6d4451b820f58dc380839d4,31050,31001,0,"{""type"": ""length"", ""length"": 50}",50,1769715119.4744673,2083866.093881781,2083866.097092938,2083866.097783196,2083866.098070536,2083866.098354665,2083866.396535786,0,False,False,31050,31050,31000,50,decode
d057e274069448ca91bdf96bd6a11ee0,31050,31001,0,"{""type"": ""length"", ""length"": 50}",50,1769715119.5490339,2083866.168115826,2083866.175569187,2083866.176280583,2083866.176548069,2083866.176833151,2083866.474449001,0,False,False,31049,31049,31000,50,decode
c27fbe674d2f4de7a4f4942be8905703,31050,31001,0,"{""type"": ""length"", ""length"": 50}",50,1769715119.6229415,2083866.241721103,2083866.247675064,2083866.248353052,2083866.24862726,2083866.248913311,2083866.546835229,0,False,False,31049,31049,31000,50,decode
e8ebc077541d40e1a55c2aa52a68c359,31050,31001,0,"{""type"": ""length"", ""length"": 50}",50,1769715119.6965833,2083866.316374817,2083866.319553101,2083866.320252939,2083866.320524377,2083866.320825591,2083866.619178391,0,False,False,31049,31049,31000,50,decode
e36ecfbd20244b91ac0b99ea5af22be7,31050,31001,0,"{""type"": ""length"", ""length"": 50}",50,1769715119.77123,2083866.390616873,2083866.397942851,2083866.398621307,2083866.398888781,2083866.399198112,2083866.697968147,0,False,False,31049,31049,31000,50,decode
818124f194a644eb8fe5cca42b7c5c56,31050,31001,0,"{""type"": ""length"", ""length"": 50}",50,1769715119.8454633,2083866.464574002,2083866.469705423,2083866.470439612,2083866.470707998,2083866.470996774,2083866.770426799,0,False,False,31049,31049,31000,50,decode
7c35bab0b97b49d8ae838d9a3678ef91,31050,31001,0,"{""type"": ""length"", ""length"": 50}",50,1769715119.9194052,2083866.538404416,2083866.542043688,2083866.542724133,2083866.542987991,2083866.543278836,2083866.842796219,0,False,False,31050,31050,31000,50,decode
34b7e83839ba45e19103365cd1f1c9c7,31050,31001,0,"{""type"": ""length"", ""length"": 50}",50,1769715119.9932432,2083866.612110406,2083866.614387143,2083866.615128481,2083866.615420891,2083866.6157113,2083866.914999278,0,False,False,31050,31050,31000,50,decode
1fce18a2b05d4f8bb5c4f29dcea107dc,31050,31001,0,"{""type"": ""length"", ""length"": 50}",50,1769715120.0669029,2083866.688631429,2083866.692761798,2083866.694267044,2083866.694544257,2083866.69483566,2083866.992769386,0,False,False,31049,31049,31000,50,decode
ae37f6e84e2148409b0a31a4d543ff27,31050,31001,0,"{""type"": ""length"", ""length"": 50}",50,1769715120.143421,2083866.761981228,2083866.765740489,2083866.766474833,2083866.76674067,2083866.767048337,2083867.065240586,0,False,False,31050,31050,31000,50,decode
4db855d4538646c39be9e1f5fcd28962,31050,31001,0,"{""type"": ""length"", ""length"": 50}",50,1769715120.2167628,2083866.836404854,2083866.844147952,2083866.844845764,2083866.845123347,2083866.845403403,2083867.147024907,0,False,False,31050,31050,31000,50,decode
852723e0cbdb48ceafc7f59814e3f9a2,31050,31001,0,"{""type"": ""length"", ""length"": 50}",50,1769715120.2911956,2083866.90960337,2083866.916348784,2083866.91705068,2083866.917313628,2083866.917589298,2083867.220041705,0,False,False,31050,31050,31000,50,decode
700e95bc0c31411e877679bdc9635707,31050,31001,0,"{""type"": ""length"", ""length"": 50}",50,1769715120.3644066,2083866.98446361,2083866.988046096,2083866.988757977,2083866.989035663,2083866.989311546,2083867.293138773,0,False,False,31050,31050,31000,50,decode
412d93d767c543c58e4bac25e6368c97,31050,31001,0,"{""type"": ""length"", ""length"": 50}",50,1769715120.439257,2083867.059512331,2083867.066674693,2083867.067387846,2083867.067654925,2083867.067951778,2083867.371912975,0,False,False,31050,31050,31000,50,decode
e182df7579bb4b92ab83989028ea1b65,31050,31001,0,"{""type"": ""length"", ""length"": 50}",50,1769715120.514302,2083867.132082109,2083867.134138738,2083867.134889754,2083867.135181512,2083867.135490033,2083867.436682444,0,False,False,31049,31049,31000,50,decode
3ccf7dcebda345b8955154beeeb55760,31050,31001,0,"{""type"": ""length"", ""length"": 50}",50,1769715120.586882,2083867.204821497,2083867.207041952,2083867.207793363,2083867.208090102,2083867.208379306,2083867.508980695,0,False,False,31049,31049,31000,50,decode
d9011682033648d1b9ee366326098f56,31050,31001,0,"{""type"": ""length"", ""length"": 50}",50,1769715120.65964,2083867.277855742,2083867.280111973,2083867.280885111,2083867.281179791,2083867.281478086,2083867.581261749,0,False,False,31049,31049,31000,50,decode
44653c558c304d999f9090bb6117c655,31050,31001,0,"{""type"": ""length"", ""length"": 50}",50,1769715120.7345536,2083867.352830911,2083867.358989499,2083867.359708196,2083867.359984519,2083867.360275929,2083867.661682815,0,False,False,31050,31050,31000,50,decode
d2c8a4d8786e49df8619ddaeb6973942,31050,31001,0,"{""type"": ""length"", ""length"": 50}",50,1769715120.807643,2083867.426816173,2083867.432012549,2083867.432731279,2083867.432999899,2083867.433299664,2083867.734680984,0,False,False,31050,31050,31000,50,decode
ec0ff3fe6f5b4719b6fbc68e94cab6e5,31050,31001,0,"{""type"": ""length"", ""length"": 50}",50,1769715120.8816,2083867.500147025,2083867.504245745,2083867.5049208,2083867.505192496,2083867.505495183,2083867.80757091,0,False,False,31050,31050,31000,50,decode
03360b3acefc4cae87b602cc1bd423fd,31050,31001,0,"{""type"": ""length"", ""length"": 50}",50,1769715120.9549296,2083867.573210759,2083867.576550003,2083867.577282568,2083867.577560024,2083867.577841863,2083867.880468894,0,False,False,31050,31050,31000,50,decode
77fd21cba31a4a76ba3d8f414bb8a502,31050,31001,0,"{""type"": ""length"", ""length"": 50}",50,1769715121.028008,2083867.646220113,2083867.648754977,2083867.649496804,2083867.649780938,2083867.650072444,2083867.951100754,0,False,False,31049,31049,31000,50,decode
189a64bfcf4344dd9469819612e53ea4,31050,31001,0,"{""type"": ""length"", ""length"": 50}",50,1769715121.101009,2083867.718699114,2083867.721842714,2083867.722561537,2083867.722820706,2083867.723112602,2083868.027556729,0,False,False,31050,31050,31000,50,decode
d7101ee2472f494b8b9582840b2ac053,31050,31001,0,"{""type"": ""length"", ""length"": 50}",50,1769715121.1734967,2083867.792016085,2083867.794755895,2083867.795491175,2083867.79575727,2083867.796065802,2083868.100508071,0,False,False,31050,31050,31000,50,decode
009b30ac11374b288aec3ff57d22d8ce,31050,31001,0,"{""type"": ""length"", ""length"": 50}",50,1769715121.2468204,2083867.864441329,2083867.867673879,2083867.868395902,2083867.868657437,2083867.868955231,2083868.173508988,0,False,False,31050,31050,31000,50,decode
75e8f7ab96294bb9920cc0e38f57de53,31050,31001,0,"{""type"": ""length"", ""length"": 50}",50,1769715121.3192258,2083867.938901801,2083867.946357184,2083867.947066095,2083867.94733901,2083867.94763014,2083868.2529,0,False,False,31050,31050,31000,50,decode
d7b88ae7ee2549eb816e0bfe23c6a0fe,31050,31001,0,"{""type"": ""length"", ""length"": 50}",50,1769715121.393752,2083868.01119278,2083868.014604358,2083868.015325273,2083868.015590991,2083868.015879277,2083868.320034365,0,False,False,31050,31050,31000,50,decode
f449d559ef584eaabc46c50f2e2f8b77,31050,31001,0,"{""type"": ""length"", ""length"": 50}",50,1769715121.4659765,2083868.085216456,2083868.087563452,2083868.088278093,2083868.088557539,2083868.088843045,2083868.393041706,0,False,False,31050,31050,31000,50,decode
84bcb100705a4264acd6c54e2e34a564,31050,31001,0,"{""type"": ""length"", ""length"": 50}",50,1769715121.5400293,2083868.158180182,2083868.160668329,2083868.16138587,2083868.161664271,2083868.161965146,2083868.466077046,0,False,False,31050,31050,31000,50,decode
b69dbaa55da24df7bfda3bf33bc794e2,31050,31001,0,"{""type"": ""length"", ""length"": 50}",50,1769715121.6129742,2083868.23155312,2083868.233585803,2083868.234312376,2083868.234595252,2083868.234900813,2083868.539227247,0,False,False,31050,31050,31000,50,decode
e64f2401993b40de80cc9003c3ed9e8a,31050,31001,0,"{""type"": ""length"", ""length"": 50}",50,1769715121.6863582,2083868.305097883,2083868.307087594,2083868.307781405,2083868.308066749,2083868.308358584,2083868.609981278,0,False,False,31049,31049,31000,50,decode
3c6e7381af43435bac1db14d7ef4b867,31050,31001,0,"{""type"": ""length"", ""length"": 50}",50,1769715121.7599123,2083868.377102849,2083868.380159944,2083868.380852678,2083868.381120012,2083868.381403656,2083868.682402558,0,False,False,31049,31049,31000,50,decode
a9a1f102d6514d0b97ff9a5fb6efc2b1,31050,31001,0,"{""type"": ""length"", ""length"": 50}",50,1769715121.8319094,2083868.449742525,2083868.453253024,2083868.453923384,2083868.454195364,2083868.454472447,2083868.754768277,0,False,False,31049,31049,31000,50,decode
97cf7eb063344c8eb5d14dfcc122f156,31050,31001,0,"{""type"": ""length"", ""length"": 50}",50,1769715121.9045272,2083868.522484299,2083868.526377049,2083868.527132243,2083868.527417259,2083868.527731651,2083868.827110741,0,False,False,31049,31049,31000,50,decode
7fdac98208004b1aac8c213c7e41633d,31050,31001,0,"{""type"": ""length"", ""length"": 50}",50,1769715121.9788504,2083868.597767392,2083868.605243699,2083868.605947748,2083868.606225545,2083868.606527249,2083868.909323415,0,False,False,31050,31050,31000,50,decode
43d2307166564b2eaa87d8a7eadf8f3b,31050,31001,0,"{""type"": ""length"", ""length"": 50}",50,1769715122.0525546,2083868.670184314,2083868.677613209,2083868.678281755,2083868.67855316,2083868.67882952,2083868.982354234,0,False,False,31050,31050,31000,50,decode
66b9acb3cb1d4ebdb90f464e0349b9ff,31050,31001,0,"{""type"": ""length"", ""length"": 50}",50,1769715122.125015,2083868.74332706,2083868.749972696,2083868.750645764,2083868.75091017,2083868.751207329,2083869.055438912,0,False,False,31050,31050,31000,50,decode
202ab444fdbd4e03ba85ca7644a4e06d,31050,31001,0,"{""type"": ""length"", ""length"": 50}",50,1769715122.1981263,2083868.816310792,2083868.822351251,2083868.82303466,2083868.823295524,2083868.823580504,2083869.128522427,0,False,False,31050,31050,31000,50,decode
05d88c0a9e724c4d86e0b3897a3131a8,31050,31001,0,"{""type"": ""length"", ""length"": 50}",50,1769715122.2711008,2083868.889464955,2083868.894811621,2083868.895493621,2083868.895741343,2083868.896044563,2083869.201684196,0,False,False,31050,31050,31000,50,decode
a50330ae84254680bbaa539df395ccbf,31050,31001,0,"{""type"": ""length"", ""length"": 50}",50,1769715122.3442478,2083868.963243022,2083868.969559569,2083868.970238209,2083868.97049869,2083868.970797396,2083869.274768942,0,False,False,31050,31050,31000,50,decode
f58816e2fa084ae4aeaca724ec9151d9,31050,31001,0,"{""type"": ""length"", ""length"": 50}",50,1769715122.4180439,2083869.036837545,2083869.042538774,2083869.043209049,2083869.043471578,2083869.043752471,2083869.347807748,0,False,False,31050,31050,31000,50,decode
5e61f349d07b40c5958ec8562bc812be,31050,31001,0,"{""type"": ""length"", ""length"": 50}",50,1769715122.4916658,2083869.11020255,2083869.115636631,2083869.116325151,2083869.116592392,2083869.116878132,2083869.420847729,0,False,False,31050,31050,31000,50,decode
6508ef58d6db409b9222f5ca823362d4,31050,31001,0,"{""type"": ""length"", ""length"": 50}",50,1769715122.5650206,2083869.183730896,2083869.188800197,2083869.189500957,2083869.189780199,2083869.190080525,2083869.493927283,0,False,False,31050,31050,31000,50,decode
00f660fef7144abf9488869dc738c7b4,31050,31001,0,"{""type"": ""length"", ""length"": 50}",50,1769715122.6404004,2083869.258910109,2083869.261943119,2083869.262625578,2083869.26288579,2083869.26319856,2083869.566992274,0,False,False,31050,31050,31000,50,decode
cfcaa795459745aca25b61e1da2ceeb1,31050,31001,0,"{""type"": ""length"", ""length"": 50}",50,1769715122.7137764,2083869.332765835,2083869.334929248,2083869.335652079,2083869.335933031,2083869.336258703,2083869.637779514,0,False,False,31049,31049,31000,50,decode
5610c339776b40f9ba1eb1c9e8baf814,31050,31001,0,"{""type"": ""length"", ""length"": 50}",50,1769715122.7875938,2083869.405429329,2083869.407900653,2083869.408599019,2083869.40887096,2083869.409184525,2083869.710467739,0,False,False,31049,31049,31000,50,decode
26de09830cc542ca92408b7f883dde4b,31050,31001,0,"{""type"": ""length"", ""length"": 50}",50,1769715122.8602395,2083869.478593439,2083869.480970276,2083869.48167955,2083869.481953498,2083869.482251904,2083869.782899879,0,False,False,31049,31049,31000,50,decode
928fdc50b70b416991ca37001a37d6a9,31050,31001,0,"{""type"": ""length"", ""length"": 50}",50,1769715122.9334178,2083869.55187035,2083869.554044076,2083869.554754562,2083869.555044366,2083869.555338326,2083869.855537467,0,False,False,31050,31050,31000,50,decode
830af7df348e4c9f982e3ffda5d6de3b,31050,31001,0,"{""type"": ""length"", ""length"": 50}",50,1769715123.0067055,2083869.625699989,2083869.633077237,2083869.633752027,2083869.634023634,2083869.634328737,2083869.932355648,0,False,False,31050,31050,31000,50,decode
20842481c8064046a035e4b41d688125,31050,31001,0,"{""type"": ""length"", ""length"": 50}",50,1769715123.0805326,2083869.699973822,2083869.705781102,2083869.706529897,2083869.706797318,2083869.707102441,2083870.003289779,0,False,False,31050,31050,31000,50,decode
1864c18b16dd4194898eeedb71c0e084,31050,31001,0,"{""type"": ""length"", ""length"": 50}",50,1769715123.1547787,2083869.773188275,2083869.778239756,2083869.778975708,2083869.779259211,2083869.779565174,2083870.074268649,0,False,False,31050,31050,31000,50,decode
f02c2d019f7e4a9cb50e104a51700065,31050,31001,0,"{""type"": ""length"", ""length"": 50}",50,1769715123.2279968,2083869.864597653,2083869.867828607,2083869.868525949,2083869.868794226,2083869.869100508,2083870.162225452,0,False,False,31050,31050,31000,50,decode
5872b10490d84974b52dd426b3670b47,31050,31001,0,"{""type"": ""length"", ""length"": 50}",50,1769715123.319426,2083869.938148199,2083869.944679139,2083869.94538881,2083869.945653664,2083869.945930436,2083870.240180764,0,False,False,31049,31049,31000,50,decode
6c5883e0f6664658a31ebd6f824b9634,31050,31001,0,"{""type"": ""length"", ""length"": 50}",50,1769715123.3929722,2083870.011656578,2083870.015685344,2083870.016380703,2083870.016647563,2083870.016938441,2083870.312460746,0,False,False,31049,31049,31000,50,decode
d0b9307c06c2441a928b7f003fc4029a,31050,31001,0,"{""type"": ""length"", ""length"": 50}",50,1769715123.4664636,2083870.085451308,2083870.09198335,2083870.092644478,2083870.092905296,2083870.093198761,2083870.393020521,0,False,False,31050,31050,31000,50,decode
32dbeb4d4ada49e197e07da9924a1691,31050,31001,0,"{""type"": ""length"", ""length"": 50}",50,1769715123.540189,2083870.157883619,2083870.163603845,2083870.164276368,2083870.164534263,2083870.164813665,2083870.466181849,0,False,False,31050,31050,31000,50,decode
dc35d7ad5a8b417fbb5730c6e89f9d29,31050,31001,0,"{""type"": ""length"", ""length"": 50}",50,1769715123.6126907,2083870.231078664,2083870.235450774,2083870.23617092,2083870.236435214,2083870.236732027,2083870.539235004,0,False,False,31050,31050,31000,50,decode
347c158e39d544d087771c3514cb13a1,31050,31001,0,"{""type"": ""length"", ""length"": 50}",50,1769715123.6858795,2083870.303073193,2083870.307788453,2083870.308483388,2083870.308751295,2083870.309063708,2083870.609979871,0,False,False,31049,31049,31000,50,decode
6e88980d32fa47f9935df028bb1e007c,31050,31001,0,"{""type"": ""length"", ""length"": 50}",50,1769715123.7578778,2083870.375853442,2083870.380119324,2083870.380795127,2083870.381064676,2083870.381372006,2083870.682252777,0,False,False,31049,31049,31000,50,decode
8d009619d29f4ffda6c93aaf403e7283,31050,31001,0,"{""type"": ""length"", ""length"": 50}",50,1769715123.8306909,2083870.449422884,2083870.453235511,2083870.453959755,2083870.454253191,2083870.454551446,2083870.754476571,0,False,False,31049,31049,31000,50,decode
580723b948314a67a86f836f90e2f213,31050,31001,0,"{""type"": ""length"", ""length"": 50}",50,1769715123.9060605,2083870.524456261,2083870.526249051,2083870.526937534,2083870.52723637,2083870.527530679,2083870.826858526,0,False,False,31049,31049,31000,50,decode
831b89d6c95344d8b4a1050eb086ed5f,31050,31001,0,"{""type"": ""length"", ""length"": 50}",50,1769715123.979268,2083870.597973871,2083870.605215867,2083870.605877079,2083870.60614482,2083870.606429001,2083870.90930067,0,False,False,31050,31050,31000,50,decode
265c1d1008ca4dbdbfb80a849727f3b6,31050,31001,0,"{""type"": ""length"", ""length"": 50}",50,1769715124.052789,2083870.671498639,2083870.67758492,2083870.678259651,2083870.678524363,2083870.678820838,2083870.982257601,0,False,False,31050,31050,31000,50,decode
88039dcd7d9b43308a08da7c33250593,31050,31001,0,"{""type"": ""length"", ""length"": 50}",50,1769715124.1262813,2083870.744518665,2083870.749801124,2083870.750512415,2083870.750780873,2083870.751083118,2083871.055197319,0,False,False,31050,31050,31000,50,decode
0b2541e6a6e4438990d4f8e5fd8209c3,31050,31001,0,"{""type"": ""length"", ""length"": 50}",50,1769715124.1993241,2083870.817489504,2083870.82211045,2083870.822777896,2083870.823046741,2083870.823335928,2083871.128164563,0,False,False,31050,31050,31000,50,decode
c651e58784e84f9ead507509444699ee,31050,31001,0,"{""type"": ""length"", ""length"": 50}",50,1769715124.272297,2083870.891640652,2083870.894446984,2083870.895121515,2083870.89538369,2083870.895670246,2083871.201108312,0,False,False,31050,31050,31000,50,decode
d802bf13029b48b9b9b78e57f1baccfe,31050,31001,0,"{""type"": ""length"", ""length"": 50}",50,1769715124.3464289,2083870.963840836,2083870.969377722,2083870.97004684,2083870.970320546,2083870.970614795,2083871.274151888,0,False,False,31050,31050,31000,50,decode
3c22bccfec694a59b798393ad8aafe35,31050,31001,0,"{""type"": ""length"", ""length"": 50}",50,1769715124.4186606,2083871.037270742,2083871.042357535,2083871.04305042,2083871.043300452,2083871.043606713,2083871.344833242,0,False,False,31049,31049,31000,50,decode
dfa231aa12ae4b96881dbf1c9c04e19b,31050,31001,0,"{""type"": ""length"", ""length"": 50}",50,1769715124.4921052,2083871.112597293,2083871.115477411,2083871.116170151,2083871.116408196,2083871.116710183,2083871.417097671,0,False,False,31049,31049,31000,50,decode
78a7b733d47e4772bdfbbc49e0a449bc,31050,31001,0,"{""type"": ""length"", ""length"": 50}",50,1769715124.5674694,2083871.185857953,2083871.188200001,2083871.188897993,2083871.189180833,2083871.189471241,2083871.489348746,0,False,False,31049,31049,31000,50,decode
f02e207796b7499aa4c32fb26cb3a920,31050,31001,0,"{""type"": ""length"", ""length"": 50}",50,1769715124.640668,2083871.258680933,2083871.261181616,2083871.26187481,2083871.262143646,2083871.262427368,2083871.561714395,0,False,False,31049,31049,31000,50,decode
d40134586d35461fb0d68798f8bba165,31050,31001,0,"{""type"": ""length"", ""length"": 50}",50,1769715124.713522,2083871.333019156,2083871.340112582,2083871.340775736,2083871.341032358,2083871.341321985,2083871.63985206,0,False,False,31049,31049,31000,50,decode
c5199348a8f842bc89674f22542cec43,31050,31001,0,"{""type"": ""length"", ""length"": 50}",50,1769715124.7877734,2083871.406328401,2083871.412422439,2083871.413080888,2083871.41332232,2083871.413623628,2083871.712061643,0,False,False,31049,31049,31000,50,decode
e3ebfc8dc28b42348abf922aa2e60f13,31050,31001,0,"{""type"": ""length"", ""length"": 50}",50,1769715124.8611357,2083871.481643415,2083871.484733924,2083871.485395943,2083871.485656299,2083871.485952571,2083871.784534449,0,False,False,31049,31049,31000,50,decode
48cee74c15864419a3d94fa14d41edd6,31050,31001,0,"{""type"": ""length"", ""length"": 50}",50,1769715124.9363716,2083871.554472406,2083871.556940229,2083871.557649638,2083871.557898609,2083871.558205971,2083871.856933751,0,False,False,31049,31049,31000,50,decode
e4fac893e6d34692a2a32a2f51dac09a,31050,31001,0,"{""type"": ""length"", ""length"": 50}",50,1769715125.009227,2083871.628307298,2083871.635074508,2083871.635743931,2083871.636021399,2083871.636305699,2083871.939789866,0,False,False,31050,31050,31000,50,decode
8dd6f7fec1444ec5aece8fe4ef17c2f7,31050,31001,0,"{""type"": ""length"", ""length"": 50}",50,1769715125.083142,2083871.700723664,2083871.707419457,2083871.70810859,2083871.708387376,2083871.708679939,2083872.012822646,0,False,False,31050,31050,31000,50,decode
78635b2c807d4ad6ad8c27eebf967ab3,31050,31001,0,"{""type"": ""length"", ""length"": 50}",50,1769715125.1571271,2083871.775426722,2083871.779893222,2083871.780577114,2083871.780844837,2083871.781149499,2083872.085779874,0,False,False,31050,31050,31000,50,decode
bd1353f2d3e84ab585df2cbff98f7834,31050,31001,0,"{""type"": ""length"", ""length"": 50}",50,1769715125.2302449,2083871.848194713,2083871.852256189,2083871.852991622,2083871.853318414,2083871.853629216,2083872.158854115,0,False,False,31050,31050,31000,50,decode
f4fac2c19cad4f84bb1f3adccd8d6d6e,31050,31001,0,"{""type"": ""length"", ""length"": 50}",50,1769715125.3029952,2083871.920644302,2083871.926390798,2083871.927941092,2083871.92826,2083871.928550617,2083872.231793963,0,False,False,31050,31050,31000,50,decode
21117846a0cb404ab83efe20e1cf714c,31050,31001,0,"{""type"": ""length"", ""length"": 50}",50,1769715125.3754609,2083871.993076198,2083871.999959095,2083872.000637452,2083872.000922321,2083872.00121777,2083872.304791212,0,False,False,31050,31050,31000,50,decode
4cf1f228e8a34f5aa9ab020e198485b8,31050,31001,0,"{""type"": ""length"", ""length"": 50}",50,1769715125.4478862,2083872.066078394,2083872.072898632,2083872.073632264,2083872.073920626,2083872.074232519,2083872.377863518,0,False,False,31050,31050,31000,50,decode
75aa508faa9945d188dc989fd87413b2,31050,31001,0,"{""type"": ""length"", ""length"": 50}",50,1769715125.520901,2083872.138935261,2083872.146037261,2083872.146757075,2083872.147047854,2083872.147360716,2083872.45082006,0,False,False,31050,31050,31000,50,decode
7fb0854eb0f442edac52b02d7b645d8f,31050,31001,0,"{""type"": ""length"", ""length"": 50}",50,1769715125.59375,2083872.211791521,2083872.218967068,2083872.219690413,2083872.219965427,2083872.220279331,2083872.523820193,0,False,False,31050,31050,31000,50,decode
4a12abd46e4e4a018dd6ce8940bf459f,31050,31001,0,"{""type"": ""length"", ""length"": 50}",50,1769715125.6666257,2083872.285919944,2083872.291927495,2083872.292647492,2083872.292936655,2083872.293234139,2083872.596780975,0,False,False,31050,31050,31000,50,decode
aac3ff15b00449988733fa8e3d69517f,31050,31001,0,"{""type"": ""length"", ""length"": 50}",50,1769715125.7407687,2083872.358899303,2083872.36491286,2083872.365648522,2083872.36593908,2083872.366237515,2083872.66977738,0,False,False,31050,31050,31000,50,decode
eba364a5f02d47df816b1e7520ffbf46,31050,31001,0,"{""type"": ""length"", ""length"": 50}",50,1769715125.815543,2083872.43403134,2083872.437996182,2083872.438717725,2083872.439010143,2083872.439304573,2083872.742765837,0,False,False,31050,31050,31000,50,decode
15fe81933e874d58b70123a795ba8c2b,31050,31001,0,"{""type"": ""length"", ""length"": 50}",50,1769715125.8888633,2083872.506639897,2083872.510973147,2083872.511705167,2083872.511987963,2083872.512308787,2083872.817448808,0,False,False,31050,31050,31000,50,decode
89bfa7f5c54342728a36a4a91d8f64ed,31050,31001,0,"{""type"": ""length"", ""length"": 50}",50,1769715125.961475,2083872.579687851,2083872.583964254,2083872.584686553,2083872.584970937,2083872.585283929,2083872.890482855,0,False,False,31050,31050,31000,50,decode
f544d4b3e6c842a68141325b359983b1,31050,31001,0,"{""type"": ""length"", ""length"": 50}",50,1769715126.0345106,2083872.652515272,2083872.656867089,2083872.657602083,2083872.657898015,2083872.658193818,2083872.963481136,0,False,False,31050,31050,31000,50,decode
99807725133449a0a0ae09da1359be02,31050,31001,0,"{""type"": ""length"", ""length"": 50}",50,1769715126.1073153,2083872.725530967,2083872.729848625,2083872.73055752,2083872.730860863,2083872.731149339,2083873.036354256,0,False,False,31050,31050,31000,50,decode
f6d7951697024ab8b42ea6d6ac87da5e,31050,31001,0,"{""type"": ""length"", ""length"": 50}",50,1769715126.1803417,2083872.798286401,2083872.80279394,2083872.803522586,2083872.803815475,2083872.804117795,2083873.109296883,0,False,False,31050,31050,31000,50,decode
07b87bc6701648f68d44903a15a8a944,31050,31001,0,"{""type"": ""length"", ""length"": 50}",50,1769715126.253097,2083872.871304824,2083872.877609982,2083872.87833903,2083872.878623478,2083872.878920651,2083873.182248066,0,False,False,31050,31050,31000,50,decode
e8e5ce665d5f4402b67fff0a020c9b21,31050,31001,0,"{""type"": ""length"", ""length"": 50}",50,1769715126.3261204,2083872.944130088,2083872.950640316,2083872.951408837,2083872.95172683,2083872.952047228,2083873.255191991,0,False,False,31050,31050,31000,50,decode
a2cf36993569414c8031257b02b2f6a2,31050,31001,0,"{""type"": ""length"", ""length"": 50}",50,1769715126.398909,2083873.01812975,2083873.023524511,2083873.024251146,2083873.024545361,2083873.024838449,2083873.328134418,0,False,False,31050,31050,31000,50,decode
2a5d360942f549d4b2449d09c3245485,31050,31001,0,"{""type"": ""length"", ""length"": 50}",50,1769715126.4729335,2083873.090688336,2083873.09641673,2083873.097123081,2083873.097410647,2083873.097685969,2083873.401065824,0,False,False,31050,31050,31000,50,decode
5ef84a2826614412bea529260d83d097,31050,31001,0,"{""type"": ""length"", ""length"": 50}",50,1769715126.5454884,2083873.164210428,2083873.16945558,2083873.170183385,2083873.170459374,2083873.170751545,2083873.473940591,0,False,False,31050,31050,31000,50,decode
81c0c06b028843729e666783b03ccada,31050,31001,0,"{""type"": ""length"", ""length"": 50}",50,1769715126.618987,2083873.235679803,2083873.242409723,2083873.243141886,2083873.243437943,2083873.243749082,2083873.546884469,0,False,False,31050,31050,31000,50,decode
d9ea23524f67436ebd67e0eaecc5cec9,31050,31001,0,"{""type"": ""length"", ""length"": 50}",50,1769715126.690485,2083873.308448033,2083873.315332568,2083873.316047519,2083873.316331304,2083873.316634112,2083873.619936466,0,False,False,31050,31050,31000,50,decode
1b07cda957dd48049fdf99bf24fef696,31050,31001,0,"{""type"": ""length"", ""length"": 50}",50,1769715126.7632627,2083873.381125944,2083873.388206162,2083873.388891859,2083873.389193349,2083873.389483211,2083873.692883382,0,False,False,31050,31050,31000,50,decode
de53c9dba4f245669479eeae2c5e84d8,31050,31001,0,"{""type"": ""length"", ""length"": 50}",50,1769715126.8359113,2083873.454136569,2083873.461053432,2083873.461763085,2083873.462075563,2083873.462353483,2083873.765772059,0,False,False,31050,31050,31000,50,decode
7de0833529cb450aae36cb8354a49d66,31050,31001,0,"{""type"": ""length"", ""length"": 50}",50,1769715126.90893,2083873.527595059,2083873.534016602,2083873.534712454,2083873.535008887,2083873.535300044,2083873.838768674,0,False,False,31050,31050,31000,50,decode
c179d7c09916489792f0ed1896479ede,31050,31001,0,"{""type"": ""length"", ""length"": 50}",50,1769715126.9823866,2083873.600368545,2083873.607155025,2083873.607878937,2083873.6081738,2083873.608477917,2083873.91171637,0,False,False,31050,31050,31000,50,decode
1ba8f7531b9f4cf9b067e217090d19d9,31050,31001,0,"{""type"": ""length"", ""length"": 50}",50,1769715127.056995,2083873.673600173,2083873.680101427,2083873.680799383,2083873.681101172,2083873.681409803,2083873.98479097,0,False,False,31050,31050,31000,50,decode
d9ac3697d4934f4ea11a0a6d592c4f2c,31050,31001,0,"{""type"": ""length"", ""length"": 50}",50,1769715127.1284308,2083873.746219044,2083873.752935735,2083873.7536117,2083873.753898748,2083873.754203921,2083874.05771087,0,False,False,31050,31050,31000,50,decode
c552b420509b445e92eadc09ba18d2de,31050,31001,0,"{""type"": ""length"", ""length"": 50}",50,1769715127.201007,2083873.819020886,2083873.825844585,2083873.826566447,2083873.826853567,2083873.827151728,2083874.130658641,0,False,False,31050,31050,31000,50,decode
57097e4e04ff4168a9628cfefef3dd95,31050,31001,0,"{""type"": ""length"", ""length"": 50}",50,1769715127.2738552,2083873.892565644,2083873.898889033,2083873.899563156,2083873.89984805,2083873.900153309,2083874.204136847,0,False,False,31050,31050,31000,50,decode
d95d3283691647e4a572a9bd9e4fddf9,31050,31001,0,"{""type"": ""length"", ""length"": 50}",50,1769715127.3473833,2083873.965281559,2083873.971965821,2083873.972665732,2083873.97294861,2083873.973266056,2083874.277120355,0,False,False,31050,31050,31000,50,decode
875b3fbee28c464db3b1ce4e4d6b2ef7,31050,31001,0,"{""type"": ""length"", ""length"": 50}",50,1769715127.4201074,2083874.038021151,2083874.044913324,2083874.045572247,2083874.045866177,2083874.046171892,2083874.350091715,0,False,False,31050,31050,31000,50,decode
d6fad1d7b26e49d181bfd116d89177a0,31050,31001,0,"{""type"": ""length"", ""length"": 50}",50,1769715127.4928322,2083874.110633858,2083874.117813378,2083874.118470171,2083874.118748084,2083874.119042629,2083874.423058869,0,False,False,31050,31050,31000,50,decode
7281f6a4087148cc9d1702c08f3f2800,31050,31001,0,"{""type"": ""length"", ""length"": 50}",50,1769715127.5654538,2083874.182721691,2083874.184811749,2083874.185532799,2083874.18582882,2083874.186130563,2083874.487938375,0,False,False,31049,31049,31000,50,decode
dff7334b7231467a93537853a2770fcd,31050,31001,0,"{""type"": ""length"", ""length"": 50}",50,1769715127.6375332,2083874.257619411,2083874.264246791,2083874.264942707,2083874.265231617,2083874.265522057,2083874.56844112,0,False,False,31050,31050,31000,50,decode
e004912e7e7a453284dbd1a1224d89c5,31050,31001,0,"{""type"": ""length"", ""length"": 50}",50,1769715127.7124574,2083874.330981952,2083874.337283218,2083874.337986571,2083874.338304776,2083874.33861498,2083874.641486343,0,False,False,31050,31050,31000,50,decode
20f0df7617a94432b294070879b88e1d,31050,31001,0,"{""type"": ""length"", ""length"": 50}",50,1769715127.7857966,2083874.403328712,2083874.41028844,2083874.411012038,2083874.411309402,2083874.411613505,2083874.714575605,0,False,False,31050,31050,31000,50,decode
c20fcff80fb3487a89de6bd4cedce84a,31050,31001,0,"{""type"": ""length"", ""length"": 50}",50,1769715127.8581743,2083874.47610721,2083874.483225937,2083874.483915457,2083874.484228274,2083874.484517213,2083874.789377175,0,False,False,31050,31050,31000,50,decode
f654ccb12b5644c08bb14365efcb0f29,31050,31001,0,"{""type"": ""length"", ""length"": 50}",50,1769715127.930909,2083874.551076809,2083874.555537608,2083874.556256721,2083874.556567708,2083874.556863917,2083874.862556954,0,False,False,31050,31050,31000,50,decode
a94d4599f2cb49c496ea0236a8814b81,31050,31001,0,"{""type"": ""length"", ""length"": 50}",50,1769715128.0058923,2083874.624138011,2083874.628602037,2083874.629307232,2083874.629606047,2083874.629897188,2083874.9356187,0,False,False,31050,31050,31000,50,decode
e4a8a20eea2d4882aa4e3c95ece152b0,31050,31001,0,"{""type"": ""length"", ""length"": 50}",50,1769715128.0789378,2083874.696665557,2083874.701720523,2083874.70241214,2083874.702707442,2083874.703025618,2083875.008669851,0,False,False,31050,31050,31000,50,decode
8cb52baf144940318b74132b866b765b,31050,31001,0,"{""type"": ""length"", ""length"": 50}",50,1769715128.151459,2083874.769648906,2083874.774805984,2083874.775529823,2083874.775846796,2083874.776157819,2083875.081693606,0,False,False,31050,31050,31000,50,decode
5532eb6342904133bf2aec17ecf8571e,31050,31001,0,"{""type"": ""length"", ""length"": 50}",50,1769715128.2244785,2083874.842501064,2083874.849664792,2083874.850381348,2083874.850686699,2083874.850994943,2083875.154770695,0,False,False,31050,31050,31000,50,decode
ce01e346473e4ffcb9e80bdd6aaded24,31050,31001,0,"{""type"": ""length"", ""length"": 50}",50,1769715128.2989435,2083874.916980149,2083874.922752035,2083874.92344526,2083874.92374819,2083874.924038972,2083875.227876726,0,False,False,31050,31050,31000,50,decode
eb1cae4916c54c48a21f262b07d2e25a,31050,31001,0,"{""type"": ""length"", ""length"": 50}",50,1769715128.3718286,2083874.988658975,2083874.995875921,2083874.996573848,2083874.99687452,2083874.997178709,2083875.300852316,0,False,False,31050,31050,31000,50,decode
054409ae53f846afb0577bcbf5d4ed68,31050,31001,0,"{""type"": ""length"", ""length"": 50}",50,1769715128.4435244,2083875.062377501,2083875.068925505,2083875.069663004,2083875.069961945,2083875.070277897,2083875.373872147,0,False,False,31050,31050,31000,50,decode
1548a5aed5fd4c349f116c23076c4684,31050,31001,0,"{""type"": ""length"", ""length"": 50}",50,1769715128.5171497,2083875.135070609,2083875.141968293,2083875.142692347,2083875.142994959,2083875.143308779,2083875.447619893,0,False,False,31050,31050,31000,50,decode
511c57d49d2641bcbd909f37e63c51dd,31050,31001,0,"{""type"": ""length"", ""length"": 50}",50,1769715128.5898323,2083875.210297365,2083875.215017071,2083875.215741522,2083875.216048328,2083875.216337829,2083875.521356131,0,False,False,31050,31050,31000,50,decode
2e0502a2907849cd89541217a5221c53,31050,31001,0,"{""type"": ""length"", ""length"": 50}",50,1769715128.665038,2083875.281823558,2083875.287977112,2083875.28868432,2083875.289009586,2083875.289291405,2083875.594345644,0,False,False,31050,31050,31000,50,decode
c1f62bbf33034616aec80a0fe98d7a0b,31050,31001,0,"{""type"": ""length"", ""length"": 50}",50,1769715128.7366197,2083875.353777553,2083875.361018039,2083875.361699552,2083875.36198756,2083875.362292886,2083875.667300466,0,False,False,31050,31050,31000,50,decode
4228e2f46bd64b64a4a11ad1b14d1704,31050,31001,0,"{""type"": ""length"", ""length"": 50}",50,1769715128.8085513,2083875.426477319,2083875.428272713,2083875.429038366,2083875.42935803,2083875.429679263,2083875.7321806,0,False,False,31049,31049,31000,50,decode
ff93f8a05753452ea7f6812454b8ce16,31050,31001,0,"{""type"": ""length"", ""length"": 50}",50,1769715128.8813138,2083875.499213048,2083875.502058226,2083875.502809083,2083875.503128412,2083875.503448052,2083875.804624439,0,False,False,31049,31049,31000,50,decode
2a13d9b49f3e4e2f85619dc38bf6d22e,31050,31001,0,"{""type"": ""length"", ""length"": 50}",50,1769715128.955838,2083875.574047958,2083875.581494935,2083875.582212956,2083875.582517352,2083875.58280981,2083875.885410458,0,False,False,31050,31050,31000,50,decode
ad209f09b5674d1caff3bfe3f15ea15f,31050,31001,0,"{""type"": ""length"", ""length"": 50}",50,1769715129.028862,2083875.647227403,2083875.654416839,2083875.655127091,2083875.655437605,2083875.655728577,2083875.958493191,0,False,False,31050,31050,31000,50,decode
079872c00ac5450e86dc1d712978d936,31050,31001,0,"{""type"": ""length"", ""length"": 50}",50,1769715129.102065,2083875.720416974,2083875.72749449,2083875.72821277,2083875.728516799,2083875.728802024,2083876.03164954,0,False,False,31050,31050,31000,50,decode
afb0b61fbb2f4281b513d7c811524c28,31050,31001,0,"{""type"": ""length"", ""length"": 50}",50,1769715129.175231,2083875.792877124,2083875.799941488,2083875.800690744,2083875.800989779,2083875.801294074,2083876.104972328,0,False,False,31050,31050,31000,50,decode
5ddc8f5188854043b7e99cbc77b882a7,31050,31001,0,"{""type"": ""length"", ""length"": 50}",50,1769715129.2477024,2083875.865827021,2083875.872576123,2083875.873308723,2083875.873605535,2083875.873908129,2083876.178077265,0,False,False,31050,31050,31000,50,decode
af65e5a415384cb084fa12e6647fbc37,31050,31001,0,"{""type"": ""length"", ""length"": 50}",50,1769715129.3206787,2083875.9391978,2083875.945589249,2083875.946314836,2083875.946608197,2083875.946899215,2083876.248838836,0,False,False,31049,31049,31000,50,decode
0e3f8d2822764af4a44de8ea06ed6518,31050,31001,0,"{""type"": ""length"", ""length"": 50}",50,1769715129.3939607,2083876.012228517,2083876.018743393,2083876.019464048,2083876.019759642,2083876.020064596,2083876.321242882,0,False,False,31049,31049,31000,50,decode
0fe9d3baf1b742f68f5d2dd785245fb4,31050,31001,0,"{""type"": ""length"", ""length"": 50}",50,1769715129.4669843,2083876.085221224,2083876.092046026,2083876.092772642,2083876.093096021,2083876.093390752,2083876.393696015,0,False,False,31049,31049,31000,50,decode
9fa1d8e0a46e43869764cae8ee198f68,31050,31001,0,"{""type"": ""length"", ""length"": 50}",50,1769715129.5400016,2083876.161726258,2083876.165255655,2083876.1659798,2083876.166298366,2083876.166597198,2083876.466168277,0,False,False,31049,31049,31000,50,decode
8eebe40a22284a2d88802cfa5df347b2,31050,31001,0,"{""type"": ""length"", ""length"": 50}",50,1769715129.6164758,2083876.237643018,2083876.244175844,2083876.244894844,2083876.245199608,2083876.245506616,2083876.544652588,0,False,False,31049,31049,31000,50,decode
5990dcd8748643279674f767124fffcd,31050,31001,0,"{""type"": ""length"", ""length"": 50}",50,1769715129.6923916,2083876.311994273,2083876.316578316,2083876.317315983,2083876.317620382,2083876.317912115,2083876.619437954,0,False,False,31050,31050,31000,50,decode
fc05a0cacd1749c6b71b35e61f7b56ce,31050,31001,0,"{""type"": ""length"", ""length"": 50}",50,1769715129.766749,2083876.387134932,2083876.388946027,2083876.389698552,2083876.390007848,2083876.390306652,2083876.692705142,0,False,False,31050,31050,31000,50,decode
9710099f0435430c874eeb166f48ccb1,31050,31001,0,"{""type"": ""length"", ""length"": 50}",50,1769715129.841897,2083876.459682263,2083876.461499479,2083876.46226052,2083876.462592098,2083876.462896197,2083876.767735697,0,False,False,31050,31050,31000,50,decode
c3994a3c2cbe4d32b09b12304db65d84,31050,31001,0,"{""type"": ""length"", ""length"": 50}",50,1769715129.9144633,2083876.532407544,2083876.539955022,2083876.540674509,2083876.540955479,2083876.54127149,2083876.847574043,0,False,False,31050,31050,31000,50,decode
0c505c699b0c43dab38b5e3d3a6a9f68,31050,31001,0,"{""type"": ""length"", ""length"": 50}",50,1769715129.9872425,2083876.604353474,2083876.606524793,2083876.607321287,2083876.607678854,2083876.607995137,2083876.915061272,0,False,False,31050,31050,31000,50,decode
bd3d8d885a754d5abaa363bc653fed3f,31050,31001,0,"{""type"": ""length"", ""length"": 50}",50,1769715130.0591056,2083876.676816316,2083876.679713275,2083876.680477318,2083876.680767615,2083876.681091868,2083876.988156671,0,False,False,31050,31050,31000,50,decode
7b5b17b2a60b4f228af53b98ee9e379a,31050,31001,0,"{""type"": ""length"", ""length"": 50}",50,1769715130.1316426,2083876.750492749,2083876.752938935,2083876.753672477,2083876.753977199,2083876.754285691,2083877.05915459,0,False,False,31049,31049,31000,50,decode
f1bbb8ba91fd4b4f9c754f131f85f7ec,31050,31001,0,"{""type"": ""length"", ""length"": 50}",50,1769715130.2071307,2083876.825981111,2083876.827921006,2083876.828699831,2083876.829025427,2083876.829339158,2083877.132035617,0,False,False,31049,31049,31000,50,decode
95713461f717481389c7c5706d63542a,31050,31001,0,"{""type"": ""length"", ""length"": 50}",50,1769715130.2807815,2083876.899320718,2083876.902290282,2083876.903018192,2083876.903320056,2083876.903625673,2083877.204558373,0,False,False,31049,31049,31000,50,decode
706ee65ed5414c4cae56243bd592c522,31050,31001,0,"{""type"": ""length"", ""length"": 50}",50,1769715130.3541176,2083876.973547163,2083876.975345004,2083876.976065438,2083876.976378678,2083876.976692739,2083877.276932543,0,False,False,31049,31049,31000,50,decode
777824068fe048e7ad853307dd7ba5d8,31050,31001,0,"{""type"": ""length"", ""length"": 50}",50,1769715130.4283514,2083877.047020671,2083877.054444079,2083877.055132265,2083877.055418606,2083877.055715911,2083877.357648882,0,False,False,31050,31050,31000,50,decode
6b896ae355fc484ebb985a1610932c42,31050,31001,0,"{""type"": ""length"", ""length"": 50}",50,1769715130.501816,2083877.119899335,2083877.126792894,2083877.12826282,2083877.128555499,2083877.128853006,2083877.42830707,0,False,False,31050,31050,31000,50,decode
53f58e547bbb4aeab16a3941b2746bae,31050,31001,0,"{""type"": ""length"", ""length"": 50}",50,1769715130.5746908,2083877.193327621,2083877.200010773,2083877.200689134,2083877.20097846,2083877.201278252,2083877.500160803,0,False,False,31050,31050,31000,50,decode
e369691b40ae4ec3b77ea6be630d5967,31050,31001,0,"{""type"": ""length"", ""length"": 50}",50,1769715130.648113,2083877.266564471,2083877.272263509,2083877.272993358,2083877.27329719,2083877.273604538,2083877.571068166,0,False,False,31050,31050,31000,50,decode
4c79d5af1dbb4e568200d541c0844c62,31050,31001,0,"{""type"": ""length"", ""length"": 50}",50,1769715130.7213628,2083877.338789658,2083877.344796909,2083877.345499752,2083877.345790201,2083877.346105857,2083877.642031143,0,False,False,31050,31050,31000,50,decode
88149c1bd5c04f539e247946051babc7,31050,31001,0,"{""type"": ""length"", ""length"": 50}",50,1769715130.7936208,2083877.433146583,2083877.435288971,2083877.436015094,2083877.436323518,2083877.436630095,2083877.73053882,0,False,False,31049,31049,31000,50,decode
060619c54b08462c8c13075046ce0d27,31050,31001,0,"{""type"": ""length"", ""length"": 50}",50,1769715130.8879774,2083877.506481101,2083877.512500812,2083877.513191348,2083877.513459602,2083877.513754165,2083877.813161753,0,False,False,31050,31050,31000,50,decode
178eb0750da54894986346c771e2d240,31050,31001,0,"{""type"": ""length"", ""length"": 50}",50,1769715130.961322,2083877.579386026,2083877.583444144,2083877.584158544,2083877.584450973,2083877.584732772,2083877.886296193,0,False,False,31050,31050,31000,50,decode
8f9027c0c54e4ee1a3b948ddd7948476,31050,31001,0,"{""type"": ""length"", ""length"": 50}",50,1769715131.0341854,2083877.651632958,2083877.654416426,2083877.655130856,2083877.655426544,2083877.655713497,2083877.959443079,0,False,False,31050,31050,31000,50,decode
b813732c1d1e408fa60918445051dfd5,31050,31001,0,"{""type"": ""length"", ""length"": 50}",50,1769715131.1064312,2083877.723731592,2083877.725750733,2083877.726463358,2083877.726771984,2083877.727071473,2083878.032565854,0,False,False,31050,31050,31000,50,decode
bdeb445cc3d14ced8601529ebf587bf3,31050,31001,0,"{""type"": ""length"", ""length"": 50}",50,1769715131.1785913,2083877.796495356,2083877.80025011,2083877.800980772,2083877.801300045,2083877.801596841,2083878.105694748,0,False,False,31050,31050,31000,50,decode
fa6d7751c9084ed988a43800b6b55784,31050,31001,0,"{""type"": ""length"", ""length"": 50}",50,1769715131.2513196,2083877.869713355,2083877.873443912,2083877.874150548,2083877.874484789,2083877.874787976,2083878.178819767,0,False,False,31050,31050,31000,50,decode
c2bd4e2995c04b60913f9563f8370658,31050,31001,0,"{""type"": ""length"", ""length"": 50}",50,1769715131.324532,2083877.942431406,2083877.946589644,2083877.947302466,2083877.94763338,2083877.947936167,2083878.251913871,0,False,False,31050,31050,31000,50,decode
6c85ee5bac9f47079452aa3dba83e7b0,31050,31001,0,"{""type"": ""length"", ""length"": 50}",50,1769715131.3972318,2083878.015365548,2083878.019767103,2083878.020514311,2083878.020836718,2083878.021145491,2083878.325023158,0,False,False,31050,31050,31000,50,decode
e444b8a6d7464e979043c7394a6a3385,31050,31001,0,"{""type"": ""length"", ""length"": 50}",50,1769715131.4718256,2083878.089885145,2083878.09276648,2083878.093480781,2083878.093811312,2083878.094107495,2083878.39822955,0,False,False,31050,31050,31000,50,decode
f137afeeb3a746acb40d5e7ab8712c19,31050,31001,0,"{""type"": ""length"", ""length"": 50}",50,1769715131.5447176,2083878.163274661,2083878.16602451,2083878.166742585,2083878.167060439,2083878.167358575,2083878.471293471,0,False,False,31050,31050,31000,50,decode
263ae6247798474bbfab0c09c7f95c5b,31050,31001,0,"{""type"": ""length"", ""length"": 50}",50,1769715131.6181488,2083878.235813723,2083878.239089221,2083878.239790385,2083878.24011137,2083878.240417636,2083878.54440573,0,False,False,31050,31050,31000,50,decode
de6179af13be47c69fc0ed0beffeafb2,31050,31001,0,"{""type"": ""length"", ""length"": 50}",50,1769715131.6906555,2083878.308790089,2083878.312158059,2083878.312873441,2083878.313192371,2083878.313493988,2083878.617468982,0,False,False,31050,31050,31000,50,decode
1f42292f12cd46a2a825061bd76a7a49,31050,31001,0,"{""type"": ""length"", ""length"": 50}",50,1769715131.7636402,2083878.381925449,2083878.385363505,2083878.386072277,2083878.386383937,2083878.386688552,2083878.692420968,0,False,False,31050,31050,31000,50,decode
7f64ddef520d4175b935bda2569893ef,31050,31001,0,"{""type"": ""length"", ""length"": 50}",50,1769715131.8367798,2083878.453988249,2083878.458356643,2083878.459041555,2083878.45935374,2083878.459630677,2083878.7654558,0,False,False,31050,31050,31000,50,decode
f69172266f524555ae09840060f83121,31050,31001,0,"{""type"": ""length"", ""length"": 50}",50,1769715131.9088008,2083878.526698267,2083878.531600081,2083878.532303236,2083878.532601022,2083878.532895765,2083878.838561061,0,False,False,31050,31050,31000,50,decode
9494f6ba50a347dcb57666cb06bf98f4,31050,31001,0,"{""type"": ""length"", ""length"": 50}",50,1769715131.9815238,2083878.599171768,2083878.604674494,2083878.605369577,2083878.605680252,2083878.605981778,2083878.911669273,0,False,False,31050,31050,31000,50,decode
2a1fb7873fc945a293b4655776b8b36a,31050,31001,0,"{""type"": ""length"", ""length"": 50}",50,1769715132.0540094,2083878.671718665,2083878.677815109,2083878.678550264,2083878.67888443,2083878.679206945,2083878.984806423,0,False,False,31050,31050,31000,50,decode
85abd9ce44044bfabe9c9489079eb5d8,31050,31001,0,"{""type"": ""length"", ""length"": 50}",50,1769715132.1283615,2083878.746448991,2083878.752634642,2083878.7533286,2083878.753639343,2083878.753937388,2083879.057916459,0,False,False,31050,31050,31000,50,decode
c87c875aafff49dd901e3df8ba4b8e7d,31050,31001,0,"{""type"": ""length"", ""length"": 50}",50,1769715132.2012672,2083878.819197446,2083878.825637836,2083878.82632392,2083878.826632667,2083878.826917921,2083879.131066134,0,False,False,31050,31050,31000,50,decode
e2af5421a6024ce38242c0544c148028,31050,31001,0,"{""type"": ""length"", ""length"": 50}",50,1769715132.274032,2083878.892385834,2083878.898895301,2083878.899610128,2083878.899907962,2083878.900211045,2083879.204200754,0,False,False,31050,31050,31000,50,decode
e2b945d2ac1c4bc0b4aa6c66b2566588,31050,31001,0,"{""type"": ""length"", ""length"": 50}",50,1769715132.3471968,2083878.965650627,2083878.971932418,2083878.972623446,2083878.972932092,2083878.973249629,2083879.277358538,0,False,False,31050,31050,31000,50,decode
23c8f0791ebd47d3b19e99c62bea744a,31050,31001,0,"{""type"": ""length"", ""length"": 50}",50,1769715132.420509,2083879.042140185,2083879.045135474,2083879.04588064,2083879.046192746,2083879.046500625,2083879.350497224,0,False,False,31050,31050,31000,50,decode
7277cd7b9fe54487b5c72d344af01a70,31050,31001,0,"{""type"": ""length"", ""length"": 50}",50,1769715132.496948,2083879.1147054,2083879.118229488,2083879.118926119,2083879.119236129,2083879.119531194,2083879.423600268,0,False,False,31050,31050,31000,50,decode
82c5414f1aa1408186804b9a3756312d,31050,31001,0,"{""type"": ""length"", ""length"": 50}",50,1769715132.569581,2083879.187472177,2083879.191252588,2083879.191949645,2083879.192231572,2083879.19250883,2083879.496703436,0,False,False,31050,31050,31000,50,decode
2da5f636946f429a9542fd434ebc01ab,31050,31001,0,"{""type"": ""length"", ""length"": 50}",50,1769715132.6422582,2083879.260275284,2083879.264548675,2083879.265313609,2083879.265636337,2083879.265940766,2083879.569887164,0,False,False,31050,31050,31000,50,decode
4487a747a38b45d2ae775a0850f4001c,31050,31001,0,"{""type"": ""length"", ""length"": 50}",50,1769715132.7151263,2083879.335063161,2083879.337676816,2083879.338436938,2083879.3387568,2083879.339070815,2083879.643012245,0,False,False,31050,31050,31000,50,decode
d3c47a5f9a184d19b15e164676526b35,31050,31001,0,"{""type"": ""length"", ""length"": 50}",50,1769715132.78992,2083879.408524576,2083879.410746992,2083879.411502796,2083879.411796077,2083879.412119775,2083879.716169596,0,False,False,31050,31050,31000,50,decode
150a88ee77ab4a8386b041a64e8d6cb0,31050,31001,0,"{""type"": ""length"", ""length"": 50}",50,1769715132.8633645,2083879.480452649,2083879.48391878,2083879.484654575,2083879.484958363,2083879.48526499,2083879.789210678,0,False,False,31050,31050,31000,50,decode
84536f43b0fe4e24876db2b635445499,31050,31001,0,"{""type"": ""length"", ""length"": 50}",50,1769715132.9353004,2083879.554161763,2083879.556964575,2083879.557674884,2083879.55797094,2083879.558265187,2083879.862310511,0,False,False,31050,31050,31000,50,decode
b486287b1c9e400584d41c4c71cc219c,31050,31001,0,"{""type"": ""length"", ""length"": 50}",50,1769715133.0090096,2083879.625990244,2083879.630242508,2083879.63094695,2083879.631252204,2083879.63154366,2083879.935509684,0,False,False,31050,31050,31000,50,decode
91a4b2529b7d410283c01743d7cc6432,31050,31001,0,"{""type"": ""length"", ""length"": 50}",50,1769715133.08079,2083879.699547773,2083879.703269996,2083879.703964469,2083879.704284815,2083879.704584029,2083880.010991465,0,False,False,31050,31050,31000,50,decode
6e6827075325454c9ab2f99e3042402e,31050,31001,0,"{""type"": ""length"", ""length"": 50}",50,1769715133.154435,2083879.772504349,2083879.776416688,2083879.777137506,2083879.77744599,2083879.777744886,2083880.084073456,0,False,False,31050,31050,31000,50,decode
742b350156f14e7eada859e6a59bd8d9,31050,31001,0,"{""type"": ""length"", ""length"": 50}",50,1769715133.227345,2083879.84529707,2083879.849473329,2083879.850179007,2083879.850493196,2083879.850788752,2083880.157155042,0,False,False,31050,31050,31000,50,decode
18b9249fe97c4c21ab45fdcf7f6dfe67,31050,31001,0,"{""type"": ""length"", ""length"": 50}",50,1769715133.3001387,2083879.917984543,2083879.922584616,2083879.923315931,2083879.923621812,2083879.923907221,2083880.230255509,0,False,False,31050,31050,31000,50,decode
592ce5a86376473abf5ec83a2f8aac41,31050,31001,0,"{""type"": ""length"", ""length"": 50}",50,1769715133.3746178,2083879.993146551,2083879.995803322,2083879.996546865,2083879.996863073,2083879.99717444,2083880.303252546,0,False,False,31050,31050,31000,50,decode
b980cc9d472a432a9b4f87536692a50b,31050,31001,0,"{""type"": ""length"", ""length"": 50}",50,1769715133.447976,2083880.065450915,2083880.071502759,2083880.072249267,2083880.072567788,2083880.07286719,2083880.376391172,0,False,False,31050,31050,31000,50,decode
50e1e860dddd4e2c8470ab2c2872e678,31050,31001,0,"{""type"": ""length"", ""length"": 50}",50,1769715133.5202858,2083880.13980462,2083880.144368357,2083880.14508924,2083880.145394067,2083880.145697509,2083880.449547859,0,False,False,31050,31050,31000,50,decode
91185503ef55435ea1d70574bbf17562,31050,31001,0,"{""type"": ""length"", ""length"": 50}",50,1769715133.594636,2083880.211442197,2083880.217562164,2083880.218257215,2083880.218554195,2083880.218853446,2083880.522664686,0,False,False,31050,31050,31000,50,decode
fc2ff1e9222e4aa7b8914eae5906d62b,31050,31001,0,"{""type"": ""length"", ""length"": 50}",50,1769715133.6662974,2083880.28508305,2083880.290428046,2083880.291117612,2083880.291412417,2083880.291697654,2083880.593431147,0,False,False,31049,31049,31000,50,decode
b165630f67f9491fbb62590991cd061d,31050,31001,0,"{""type"": ""length"", ""length"": 50}",50,1769715133.7399182,2083880.359120285,2083880.363619839,2083880.36433756,2083880.364642774,2083880.364937767,2083880.665887067,0,False,False,31049,31049,31000,50,decode
590770f980e3424c9633a5944a719f96,31050,31001,0,"{""type"": ""length"", ""length"": 50}",50,1769715133.813926,2083880.433148894,2083880.436734263,2083880.437454307,2083880.437803723,2083880.438117755,2083880.740186492,0,False,False,31049,31049,31000,50,decode
fc701a966f5645d995fc2ba062b36117,31050,31001,0,"{""type"": ""length"", ""length"": 50}",50,1769715133.8879697,2083880.507387584,2083880.50981384,2083880.510551436,2083880.5108381,2083880.511156929,2083880.812730617,0,False,False,31049,31049,31000,50,decode
38c788896590415f8e6726d08d0188be,31050,31001,0,"{""type"": ""length"", ""length"": 50}",50,1769715133.9621873,2083880.583302723,2083880.588824718,2083880.589531341,2083880.589816378,2083880.590119706,2083880.893499411,0,False,False,31050,31050,31000,50,decode
780d1f03d8c74836a2b38428b88a1f6c,31050,31001,0,"{""type"": ""length"", ""length"": 50}",50,1769715134.0381358,2083880.65733672,2083880.661161193,2083880.661859926,2083880.66219321,2083880.662470367,2083880.964351067,0,False,False,31049,31049,31000,50,decode
f2a3bbe9c9234ad39ad9c507c76dba07,31050,31001,0,"{""type"": ""length"", ""length"": 50}",50,1769715134.1121686,2083880.730690729,2083880.735545277,2083880.736247746,2083880.736564981,2083880.736868703,2083881.036919836,0,False,False,31049,31049,31000,50,decode
051a5f005ef842f9a7d22603684045e7,31050,31001,0,"{""type"": ""length"", ""length"": 50}",50,1769715134.185581,2083880.803258056,2083880.808075879,2083880.808801554,2083880.809119932,2083880.809428904,2083881.109440842,0,False,False,31049,31049,31000,50,decode
a3a5a4bde5e8493faf6131a6c29f2a92,31050,31001,0,"{""type"": ""length"", ""length"": 50}",50,1769715134.2580583,2083880.876188402,2083880.880645646,2083880.881364475,2083880.881669701,2083880.881970223,2083881.181933227,0,False,False,31049,31049,31000,50,decode
31bb69e9134a430e9537aa8351202bca,31050,31001,0,"{""type"": ""length"", ""length"": 50}",50,1769715134.331062,2083880.954778426,2083880.959712039,2083880.960418385,2083880.96071622,2083880.961028651,2083881.262736194,0,False,False,31050,31050,31000,50,decode
cdb9ff08cb7e4cbfa113ef674a17eb0d,31050,31001,0,"{""type"": ""length"", ""length"": 50}",50,1769715134.4098022,2083881.027998723,2083881.032211926,2083881.032979231,2083881.033262679,2083881.033557995,2083881.335916624,0,False,False,31050,31050,31000,50,decode
70392a7875c34a5ba9cdf8e9b5f577b3,31050,31001,0,"{""type"": ""length"", ""length"": 50}",50,1769715134.4828844,2083881.099748286,2083881.104751054,2083881.105493242,2083881.105768735,2083881.1060827,2083881.409025663,0,False,False,31050,31050,31000,50,decode
b566ae1ed1c94a4ebe7d4c56e1e7c7b4,31050,31001,0,"{""type"": ""length"", ""length"": 50}",50,1769715134.5546043,2083881.172361215,2083881.177369715,2083881.178138543,2083881.178444239,2083881.178754422,2083881.482185473,0,False,False,31050,31050,31000,50,decode
328598f9cef94a859265794aa405be3f,31050,31001,0,"{""type"": ""length"", ""length"": 50}",50,1769715134.6288495,2083881.246383209,2083881.249923176,2083881.250677902,2083881.25098321,2083881.251289843,2083881.555264224,0,False,False,31050,31050,31000,50,decode
b828e377ba0a4b2f8492736c9fe905d8,31050,31001,0,"{""type"": ""length"", ""length"": 50}",50,1769715134.7012293,2083881.319582018,2083881.323074767,2083881.323828932,2083881.324168283,2083881.324477082,2083881.630159991,0,False,False,31050,31050,31000,50,decode
61047b3d70f548bf94f60c8ad51a1b90,31050,31001,0,"{""type"": ""length"", ""length"": 50}",50,1769715134.77447,2083881.392943628,2083881.396142017,2083881.396896513,2083881.397180108,2083881.397470335,2083881.703228839,0,False,False,31050,31050,31000,50,decode
04da07356c304dc285cfdcabf0a8b5b1,31050,31001,0,"{""type"": ""length"", ""length"": 50}",50,1769715134.8478236,2083881.465819488,2083881.469345538,2083881.470078284,2083881.470359169,2083881.470660727,2083881.776255194,0,False,False,31050,31050,31000,50,decode
150ac41bc46d4a9ca79af44a41d767e0,31050,31001,0,"{""type"": ""length"", ""length"": 50}",50,1769715134.9206836,2083881.537997016,2083881.542455617,2083881.543168431,2083881.543444685,2083881.543750889,2083881.850083646,0,False,False,31050,31050,31000,50,decode
07456bb479114a34846f40f40079849e,31050,31001,0,"{""type"": ""length"", ""length"": 50}",50,1769715134.9928713,2083881.61085419,2083881.615605629,2083881.616319625,2083881.616597629,2083881.616905193,2083881.923765732,0,False,False,31050,31050,31000,50,decode
7eb40ad4362b4edda1daeab3d6b35803,31050,31001,0,"{""type"": ""length"", ""length"": 50}",50,1769715135.0657294,2083881.683700885,2083881.690422588,2083881.691157007,2083881.691441582,2083881.691736614,2083881.99743819,0,False,False,31050,31050,31000,50,decode
9637871d9d794992bbc8b42022560c89,31050,31001,0,"{""type"": ""length"", ""length"": 50}",50,1769715135.1385622,2083881.75618678,2083881.763392413,2083881.76410763,2083881.764388987,2083881.764673064,2083882.071127199,0,False,False,31050,31050,31000,50,decode
d62ae5573bae44fd9b5aeb1912d963bc,31050,31001,0,"{""type"": ""length"", ""length"": 50}",50,1769715135.211032,2083881.827947929,2083881.83076098,2083881.831528786,2083881.831826809,2083881.832153183,2083882.138300016,0,False,False,31050,31050,31000,50,decode
63089b393f7b44b585d53b60d3ef040f,31050,31001,0,"{""type"": ""length"", ""length"": 50}",50,1769715135.2846916,2083881.901985516,2083881.904526714,2083881.905292908,2083881.905619595,2083881.905922762,2083882.211434072,0,False,False,31050,31050,31000,50,decode
25aa5d0450cf4e5cb8a5a861e0b054e4,31050,31001,0,"{""type"": ""length"", ""length"": 50}",50,1769715135.3568587,2083881.974885056,2083881.978203557,2083881.978945097,2083881.979249073,2083881.979564691,2083882.284508254,0,False,False,31050,31050,31000,50,decode
19d65629935042b2b9844d9d800c7236,31050,31001,0,"{""type"": ""length"", ""length"": 50}",50,1769715135.4297194,2083882.047478394,2083882.051873265,2083882.052606895,2083882.05290568,2083882.053209556,2083882.361759536,0,False,False,31050,31050,31000,50,decode
6ef3542ebb414e8d9a5d78db61fdf57d,31050,31001,0,"{""type"": ""length"", ""length"": 50}",50,1769715135.502349,2083882.120105449,2083882.125395338,2083882.126124129,2083882.126410756,2083882.126693567,2083882.435573464,0,False,False,31050,31050,31000,50,decode
f1522e6efccc4ec582e230727a29bbaa,31050,31001,0,"{""type"": ""length"", ""length"": 50}",50,1769715135.574973,2083882.193058733,2083882.198561001,2083882.199342663,2083882.199635601,2083882.199940667,2083882.50914339,0,False,False,31050,31050,31000,50,decode
78dd9c299796433c8e2920d49d87ba68,31050,31001,0,"{""type"": ""length"", ""length"": 50}",50,1769715135.64793,2083882.265730904,2083882.271673654,2083882.272421655,2083882.272715704,2083882.273035491,2083882.582827309,0,False,False,31050,31050,31000,50,decode
aae1910672634fc3abed0ed4107fc31c,31050,31001,0,"{""type"": ""length"", ""length"": 50}",50,1769715135.7206008,2083882.338128849,2083882.344797195,2083882.350279525,2083882.350617654,2083882.350938491,2083882.658174116,0,False,False,31050,31050,31000,50,decode
05f582a28b3c4fc48ba74921e6b7d35b,31050,31001,0,"{""type"": ""length"", ""length"": 50}",50,1769715135.793017,2083882.410995923,2083882.416354569,2083882.417100232,2083882.417421823,2083882.417723863,2083882.723042265,0,False,False,31049,31049,31000,50,decode
9dc53b7b4fb5440e9174fb2610efc33b,31050,31001,0,"{""type"": ""length"", ""length"": 50}",50,1769715135.865863,2083882.485205742,2083882.489805659,2083882.490540419,2083882.490847153,2083882.491142682,2083882.795462511,0,False,False,31049,31049,31000,50,decode
072dd046b8b046bdb4fa0adbfc42d9e0,31050,31001,0,"{""type"": ""length"", ""length"": 50}",50,1769715135.9400861,2083882.557586571,2083882.563679104,2083882.564410262,2083882.564695286,2083882.564992642,2083882.867771681,0,False,False,31049,31049,31000,50,decode
00c1f106537843f38b497f668ff1005f,31050,31001,0,"{""type"": ""length"", ""length"": 50}",50,1769715136.0124388,2083882.630157755,2083882.637112152,2083882.637825799,2083882.638114925,2083882.638423977,2083882.940123582,0,False,False,31049,31049,31000,50,decode
63081fafd92b47218778bbeefdf670d6,31050,31001,0,"{""type"": ""length"", ""length"": 50}",50,1769715136.0850296,2083882.713463261,2083882.718400378,2083882.719145167,2083882.719451851,2083882.719757603,2083883.020725921,0,False,False,31050,31050,31000,50,decode
b2633a94c8b549fb8eb0f046dd12e6db,31050,31001,0,"{""type"": ""length"", ""length"": 50}",50,1769715136.168393,2083882.785445807,2083882.790839864,2083882.791583195,2083882.791882127,2083882.792186187,2083883.093785727,0,False,False,31050,31050,31000,50,decode
c710e8e3c88e4fcc8f31c4e2dcf0f8de,31050,31001,0,"{""type"": ""length"", ""length"": 50}",50,1769715136.2403069,2083882.858349244,2083882.863043532,2083882.863844627,2083882.864153605,2083882.864434508,2083883.166879578,0,False,False,31050,31050,31000,50,decode
e6190e141c1e43299f10a1e79607e9ad,31050,31001,0,"{""type"": ""length"", ""length"": 50}",50,1769715136.3132155,2083882.931789574,2083882.935502389,2083882.936219128,2083882.936499316,2083882.936809448,2083883.239883427,0,False,False,31050,31050,31000,50,decode
d02355f1944c45228f41103c78258877,31050,31001,0,"{""type"": ""length"", ""length"": 50}",50,1769715136.3866663,2083883.004739154,2083883.007926556,2083883.008689935,2083883.00898678,2083883.009302738,2083883.312850026,0,False,False,31050,31050,31000,50,decode
fd2a095c1601414dae48c8df9b508040,31050,31001,0,"{""type"": ""length"", ""length"": 50}",50,1769715136.4596117,2083883.077704757,2083883.080978573,2083883.081742389,2083883.082063117,2083883.082386326,2083883.385827437,0,False,False,31050,31050,31000,50,decode
f1e56a3837ea409aa72e3f71f875d933,31050,31001,0,"{""type"": ""length"", ""length"": 50}",50,1769715136.5346115,2083883.151951156,2083883.154008813,2083883.154744979,2083883.155070277,2083883.155382614,2083883.45885187,0,False,False,31050,31050,31000,50,decode
bb749f265dc34fbf8ca981e4ccd5c56b,31050,31001,0,"{""type"": ""length"", ""length"": 50}",50,1769715136.6068304,2083883.224584268,2083883.22691598,2083883.227705864,2083883.228012427,2083883.228307212,2083883.531798387,0,False,False,31050,31050,31000,50,decode
db5fee2785994a8a9ebae1d12d027b2d,31050,31001,0,"{""type"": ""length"", ""length"": 50}",50,1769715136.6794207,2083883.296918664,2083883.300102186,2083883.300846976,2083883.301150641,2083883.301448686,2083883.604788049,0,False,False,31050,31050,31000,50,decode
db41225dab17407ab15f196b80b826e8,31050,31001,0,"{""type"": ""length"", ""length"": 50}",50,1769715136.7517726,2083883.369541177,2083883.373069248,2083883.373799607,2083883.374100225,2083883.374402074,2083883.677798529,0,False,False,31050,31050,31000,50,decode
a678675b010c4205b0e287d9eb69626b,31050,31001,0,"{""type"": ""length"", ""length"": 50}",50,1769715136.8244123,2083883.442232006,2083883.446064075,2083883.446827477,2083883.447121594,2083883.447420087,2083883.750902543,0,False,False,31050,31050,31000,50,decode
f5239fdf95484819b8e5a406f68cd189,31050,31001,0,"{""type"": ""length"", ""length"": 50}",50,1769715136.8970976,2083883.515255872,2083883.51901365,2083883.519753286,2083883.520079611,2083883.520374116,2083883.823897263,0,False,False,31050,31050,31000,50,decode
0b4aedd2bf5f4c59a237a94da5173504,31050,31001,0,"{""type"": ""length"", ""length"": 50}",50,1769715136.9700844,2083883.587949222,2083883.591886385,2083883.592600548,2083883.592900461,2083883.593195438,2083883.896906833,0,False,False,31050,31050,31000,50,decode
3cc8a3d96408422983aaa1cdc510b729,31050,31001,0,"{""type"": ""length"", ""length"": 50}",50,1769715137.0427635,2083883.659847622,2083883.664951302,2083883.665676147,2083883.665965334,2083883.666267943,2083883.969896388,0,False,False,31050,31050,31000,50,decode
c2ed9b040410414db5bd1efa82e4e43c,31050,31001,0,"{""type"": ""length"", ""length"": 50}",50,1769715137.114712,2083883.73422619,2083883.738065501,2083883.738782217,2083883.739063404,2083883.739368819,2083884.043189466,0,False,False,31050,31050,31000,50,decode
eb9ceed88d0843f0a7e3351a9aea96bb,31050,31001,0,"{""type"": ""length"", ""length"": 50}",50,1769715137.1891356,2083883.807027588,2083883.811088001,2083883.811823505,2083883.812128489,2083883.812433419,2083884.116146924,0,False,False,31050,31050,31000,50,decode
939987be1dcf4d6a8f93db650538dbde,31050,31001,0,"{""type"": ""length"", ""length"": 50}",50,1769715137.261891,2083883.880562831,2083883.884165294,2083883.884896761,2083883.885203916,2083883.885500221,2083884.189158573,0,False,False,31050,31050,31000,50,decode
651431f3a02d446ba93e27bd760b1f39,31050,31001,0,"{""type"": ""length"", ""length"": 50}",50,1769715137.33544,2083883.952486799,2083883.95701427,2083883.957775035,2083883.958073923,2083883.958367689,2083884.262099593,0,False,False,31050,31050,31000,50,decode
3136a923eaed48a581180fee98331675,31050,31001,0,"{""type"": ""length"", ""length"": 50}",50,1769715137.4073622,2083884.025330266,2083884.030410342,2083884.031152127,2083884.03140832,2083884.031704332,2083884.335244776,0,False,False,31050,31050,31000,50,decode
1b3eab0eaedb4c0394bc544753339ecf,31050,31001,0,"{""type"": ""length"", ""length"": 50}",50,1769715137.480162,2083884.097793047,2083884.103316902,2083884.104040865,2083884.104306938,2083884.104604647,2083884.408173131,0,False,False,31050,31050,31000,50,decode
fd4d656d49a64da99b8e05592a89d757,31050,31001,0,"{""type"": ""length"", ""length"": 50}",50,1769715137.5527127,2083884.170461192,2083884.17629858,2083884.177028122,2083884.177300345,2083884.177607007,2083884.481150955,0,False,False,31050,31050,31000,50,decode
5e1d369111a041dca0c4a1610d3a0f19,31050,31001,0,"{""type"": ""length"", ""length"": 50}",50,1769715137.6253295,2083884.243082826,2083884.249301488,2083884.250023269,2083884.250299402,2083884.250600517,2083884.554130355,0,False,False,31050,31050,31000,50,decode
66ab13d3c8d8430c88c60e7f3bd8999d,31050,31001,0,"{""type"": ""length"", ""length"": 50}",50,1769715137.6979487,2083884.315352361,2083884.322359233,2083884.323153213,2083884.323428507,2083884.32371446,2083884.628887874,0,False,False,31050,31050,31000,50,decode
c85b91f37ef14f5bbc75afd512e80b48,31050,31001,0,"{""type"": ""length"", ""length"": 50}",50,1769715137.771848,2083884.388491735,2083884.395431191,2083884.396130532,2083884.396390519,2083884.3966829,2083884.702537124,0,False,False,31050,31050,31000,50,decode
b289fd668c88462cbe1a395cf740dc73,31050,31001,0,"{""type"": ""length"", ""length"": 50}",50,1769715137.8433895,2083884.461213828,2083884.468346868,2083884.469077938,2083884.469353533,2083884.469658326,2083884.776128929,0,False,False,31050,31050,31000,50,decode
5dd4b980aedd4f09bd94ec98721c19ab,31050,31001,0,"{""type"": ""length"", ""length"": 50}",50,1769715137.9160745,2083884.535593942,2083884.541318618,2083884.542040677,2083884.54232428,2083884.542627101,2083884.849769069,0,False,False,31050,31050,31000,50,decode
f654303fbebb456c8967d0700579e177,31050,31001,0,"{""type"": ""length"", ""length"": 50}",50,1769715137.9907248,2083884.608545547,2083884.614357408,2083884.615075166,2083884.615342568,2083884.615643229,2083884.923313115,0,False,False,31050,31050,31000,50,decode
e0424a2432ec409eb541bc102f3bbc3a,31050,31001,0,"{""type"": ""length"", ""length"": 50}",50,1769715138.063453,2083884.680672694,2083884.683191967,2083884.683959303,2083884.684287149,2083884.684581778,2083884.990660818,0,False,False,31050,31050,31000,50,decode
e2797b862dcf46d2ac807b256385d467,31050,31001,0,"{""type"": ""length"", ""length"": 50}",50,1769715138.135521,2083884.753567121,2083884.757020968,2083884.757762066,2083884.758028749,2083884.758325471,2083885.061345534,0,False,False,31050,31050,31000,50,decode
75d5377599294ded8ed8c2fc755dab0d,31050,31001,0,"{""type"": ""length"", ""length"": 50}",50,1769715138.208439,2083884.825660089,2083884.830557319,2083884.831312174,2083884.831578176,2083884.831882416,2083885.132272204,0,False,False,31050,31050,31000,50,decode
cd52273d94bd4335be94955c12bedf70,31050,31001,0,"{""type"": ""length"", ""length"": 50}",50,1769715138.2805552,2083884.89758288,2083884.90413317,2083884.904832562,2083884.905116293,2083884.905414883,2083885.20312887,0,False,False,31050,31050,31000,50,decode
a4c96540c43d4b48bdd38b47c438e47f,31050,31001,0,"{""type"": ""length"", ""length"": 50}",50,1769715138.352468,2083884.970454773,2083884.977766174,2083884.978520382,2083884.978811355,2083884.979136517,2083885.273508246,0,False,False,31050,31050,31000,50,decode
9d8ec08737b04df596224de52415196f,31050,31001,0,"{""type"": ""length"", ""length"": 50}",50,1769715138.450508,2083885.068297714,2083885.073725967,2083885.0744915,2083885.074756359,2083885.075052186,2083885.367214899,0,False,False,31050,31050,31000,50,decode
e4aabd2661c7499da2d7a8081423aea1,31050,31001,0,"{""type"": ""length"", ""length"": 50}",50,1769715138.5231874,2083885.141309763,2083885.144651247,2083885.145400903,2083885.145679259,2083885.145971065,2083885.439312241,0,False,False,31050,31050,31000,50,decode
1ca798734168410f9d64f4e6ea0dde13,31050,31001,0,"{""type"": ""length"", ""length"": 50}",50,1769715138.5961905,2083885.213827606,2083885.220889245,2083885.221586862,2083885.221859999,2083885.222162252,2083885.519875043,0,False,False,31049,31049,31000,50,decode
a45a4073b2e74aa2b717503d2b87f180,31050,31001,0,"{""type"": ""length"", ""length"": 50}",50,1769715138.6687279,2083885.287629332,2083885.291331845,2083885.292024951,2083885.292288533,2083885.292584176,2083885.592211485,0,False,False,31049,31049,31000,50,decode
9c2601adc41f4598a3023e6f1f47f36c,31050,31001,0,"{""type"": ""length"", ""length"": 50}",50,1769715138.7425182,2083885.36118838,2083885.368634575,2083885.369312187,2083885.369579224,2083885.369855967,2083885.674474174,0,False,False,31050,31050,31000,50,decode
dd85ebf89f4d4aa9b5dea5dcd22cfc47,31050,31001,0,"{""type"": ""length"", ""length"": 50}",50,1769715138.8161077,2083885.434319444,2083885.441361643,2083885.442219245,2083885.442549057,2083885.442938919,2083885.747384188,0,False,False,31050,31050,31000,50,decode
ce7639c2f13c44d3ab17765222c9f524,31050,31001,0,"{""type"": ""length"", ""length"": 50}",50,1769715138.889214,2083885.508288341,2083885.515259521,2083885.515938769,2083885.516212138,2083885.516515042,2083885.820325699,0,False,False,31050,31050,31000,50,decode
016a4abef21942c09c1cd9b427394e75,31050,31001,0,"{""type"": ""length"", ""length"": 50}",50,1769715138.9631855,2083885.5807732,2083885.587673169,2083885.588399277,2083885.588663654,2083885.588973347,2083885.893941304,0,False,False,31050,31050,31000,50,decode
64b106c1d84b4da9a51c833f02d61fb9,31050,31001,0,"{""type"": ""length"", ""length"": 50}",50,1769715139.0356677,2083885.655221038,2083885.661686895,2083885.662415906,2083885.662688614,2083885.662990623,2083885.966957143,0,False,False,31050,31050,31000,50,decode
73c96ef560734a5ca7d1144daa1d3946,31050,31001,0,"{""type"": ""length"", ""length"": 50}",50,1769715139.1101048,2083885.727446778,2083885.734528802,2083885.735214098,2083885.735478878,2083885.735768003,2083886.040039577,0,False,False,31050,31050,31000,50,decode
a21f5d47821443beafffc89cdc680464,31050,31001,0,"{""type"": ""length"", ""length"": 50}",50,1769715139.1823223,2083885.800267808,2083885.807579221,2083885.808288398,2083885.808551237,2083885.808855507,2083886.113098927,0,False,False,31050,31050,31000,50,decode
7346a3ef8d6845f9ba913af4c2d22e64,31050,31001,0,"{""type"": ""length"", ""length"": 50}",50,1769715139.2551532,2083885.872745144,2083885.874619206,2083885.875356722,2083885.875651337,2083885.875971872,2083886.17802183,0,False,False,31049,31049,31000,50,decode
d9b8979cb0254fd092576cecac2d872d,31050,31001,0,"{""type"": ""length"", ""length"": 50}",50,1769715139.3276227,2083885.94698233,2083885.954163177,2083885.954862385,2083885.955131308,2083885.955435761,2083886.258963006,0,False,False,31050,31050,31000,50,decode
13ee2b13e49d47e3bf857718e4b30cd7,31050,31001,0,"{""type"": ""length"", ""length"": 50}",50,1769715139.4018896,2083886.02159907,2083886.02720836,2083886.027907295,2083886.028181639,2083886.028479948,2083886.329790664,0,False,False,31049,31049,31000,50,decode
6566a76f8e0a4443b6621bc87f738eef,31050,31001,0,"{""type"": ""length"", ""length"": 50}",50,1769715139.4765048,2083886.095631855,2083886.100173221,2083886.100850841,2083886.101157298,2083886.101440483,2083886.402173148,0,False,False,31049,31049,31000,50,decode
28fc46eaafc1422fb12a1c4a448e128c,31050,31001,0,"{""type"": ""length"", ""length"": 50}",50,1769715139.5504959,2083886.169248239,2083886.173453457,2083886.174190326,2083886.174468277,2083886.174776863,2083886.474662834,0,False,False,31049,31049,31000,50,decode
fe86fb4f73314105be6bacaf2e0ff100,31050,31001,0,"{""type"": ""length"", ""length"": 50}",50,1769715139.624139,2083886.242193569,2083886.246103048,2083886.246885537,2083886.24719311,2083886.247511574,2083886.547086505,0,False,False,31049,31049,31000,50,decode
548464b90daa4e7aba5aebc30c3b0b40,31050,31001,0,"{""type"": ""length"", ""length"": 50}",50,1769715139.6989079,2083886.317943601,2083886.325154675,2083886.325849907,2083886.326123275,2083886.326421577,2083886.629947396,0,False,False,31050,31050,31000,50,decode
f360be2fc61b41029952973c60492d29,31050,31001,0,"{""type"": ""length"", ""length"": 50}",50,1769715139.773117,2083886.390817824,2083886.397541748,2083886.398266348,2083886.39853565,2083886.398844421,2083886.703610628,0,False,False,31050,31050,31000,50,decode
67ce40b1f7ab4607bb44b292cc5443a7,31050,31001,0,"{""type"": ""length"", ""length"": 50}",50,1769715139.845736,2083886.462929317,2083886.469874673,2083886.470555734,2083886.470817763,2083886.471114931,2083886.777293616,0,False,False,31050,31050,31000,50,decode
0c007d2e47e84fdd99c2a5ef8db7fefc,31050,31001,0,"{""type"": ""length"", ""length"": 50}",50,1769715139.9178228,2083886.535283904,2083886.542461308,2083886.543169796,2083886.543433326,2083886.543729737,2083886.850914816,0,False,False,31050,31050,31000,50,decode
ab8fa04ef0b94590867dd7653d0608d9,31050,31001,0,"{""type"": ""length"", ""length"": 50}",50,1769715139.9901485,2083886.607550561,2083886.610743831,2083886.611469832,2083886.611742884,2083886.612061443,2083886.918116916,0,False,False,31050,31050,31000,50,decode
bf67fd972921473db29456660fb42452,31050,31001,0,"{""type"": ""length"", ""length"": 50}",50,1769715140.0624156,2083886.680105653,2083886.684367822,2083886.685077037,2083886.685394969,2083886.685704332,2083886.991273657,0,False,False,31050,31050,31000,50,decode
7d7eb44548724f4d835557b66af22234,31050,31001,0,"{""type"": ""length"", ""length"": 50}",50,1769715140.1349893,2083886.753614032,2083886.757992148,2083886.758717837,2083886.759046132,2083886.759349595,2083887.064365237,0,False,False,31050,31050,31000,50,decode
b745dbcf96fc4939a9e89cc692e6058c,31050,31001,0,"{""type"": ""length"", ""length"": 50}",50,1769715140.2084744,2083886.826332175,2083886.831566204,2083886.832273393,2083886.83256424,2083886.832846259,2083887.137442873,0,False,False,31050,31050,31000,50,decode
d125245ac0c441dd80d33ef060cf1c1d,31050,31001,0,"{""type"": ""length"", ""length"": 50}",50,1769715140.2811863,2083886.901132798,2083886.905324602,2083886.906062366,2083886.906358313,2083886.906659143,2083887.210481603,0,False,False,31050,31050,31000,50,decode
879c9f1d1bf4430fa27961b1b3084aef,31050,31001,0,"{""type"": ""length"", ""length"": 50}",50,1769715140.3560367,2083886.973859356,2083886.978417476,2083886.979128543,2083886.979418993,2083886.979723753,2083887.283764048,0,False,False,31050,31050,31000,50,decode
1ee43efdc1654790bf4f0d09e51c5c03,31050,31001,0,"{""type"": ""length"", ""length"": 50}",50,1769715140.4287434,2083887.046603891,2083887.051591793,2083887.052320916,2083887.052630966,2083887.052933592,2083887.357724005,0,False,False,31050,31050,31000,50,decode
10f224f620ad4a549b53bd92467229d7,31050,31001,0,"{""type"": ""length"", ""length"": 50}",50,1769715140.5014613,2083887.1189816,2083887.124668953,2083887.125394653,2083887.125685136,2083887.125984608,2083887.431380938,0,False,False,31050,31050,31000,50,decode
d45c62584d8a444b89d71cd07ed11c19,31050,31001,0,"{""type"": ""length"", ""length"": 50}",50,1769715140.5738678,2083887.191321741,2083887.1975861,2083887.198278995,2083887.198561653,2083887.198844767,2083887.505449173,0,False,False,31050,31050,31000,50,decode
a3c78fda14494e9b9d77777e650dce94,31050,31001,0,"{""type"": ""length"", ""length"": 50}",50,1769715140.6462033,2083887.264114113,2083887.270845022,2083887.271566789,2083887.271856313,2083887.272175536,2083887.579770042,0,False,False,31050,31050,31000,50,decode
8983dd59380246669b44ed7a70d5199d,31050,31001,0,"{""type"": ""length"", ""length"": 50}",50,1769715140.718969,2083887.336542602,2083887.338383286,2083887.339168105,2083887.339492891,2083887.339812097,2083887.647141098,0,False,False,31050,31050,31000,50,decode
5a64e3f7eb4d4b7ea749b34d4decfa49,31050,31001,0,"{""type"": ""length"", ""length"": 50}",50,1769715140.7913935,2083887.408557184,2083887.412218127,2083887.412953023,2083887.413251442,2083887.413555626,2083887.72032139,0,False,False,31050,31050,31000,50,decode
2e1ce855712a4fcdb9703574b11218d0,31050,31001,0,"{""type"": ""length"", ""length"": 50}",50,1769715140.863452,2083887.480372603,2083887.486150366,2083887.486906735,2083887.487213683,2083887.48752175,2083887.793547075,0,False,False,31050,31050,31000,50,decode
bd4948836085418c904783c4140592df,31050,31001,0,"{""type"": ""length"", ""length"": 50}",50,1769715140.9368176,2083887.555743198,2083887.559934532,2083887.561447807,2083887.561723871,2083887.562015747,2083887.866566602,0,False,False,31050,31050,31000,50,decode
af973f6896404d2189b1f5b8dc849bca,31050,31001,0,"{""type"": ""length"", ""length"": 50}",50,1769715141.0106606,2083887.629026753,2083887.63429692,2083887.635045888,2083887.635337993,2083887.635637254,2083887.939610906,0,False,False,31050,31050,31000,50,decode
fa424ae23d144976bfa3b7ac81d06bab,31050,31001,0,"{""type"": ""length"", ""length"": 50}",50,1769715141.0838807,2083887.701803376,2083887.707506874,2083887.708234218,2083887.708519451,2083887.708830434,2083888.013587998,0,False,False,31050,31050,31000,50,decode
799428e9b69c470e95d06dfa367a98a4,31050,31001,0,"{""type"": ""length"", ""length"": 50}",50,1769715141.1566834,2083887.773998181,2083887.780761292,2083887.781493027,2083887.781784107,2083887.782096524,2083888.087298674,0,False,False,31050,31050,31000,50,decode
ea1e70f13ebd4345b8d91a3321104565,31050,31001,0,"{""type"": ""length"", ""length"": 50}",50,1769715141.228876,2083887.847037316,2083887.853773504,2083887.854506672,2083887.854780853,2083887.855095811,2083888.161040924,0,False,False,31050,31050,31000,50,decode
dcf906cee9eb4246bdbd7e425cb98ab1,31050,31001,0,"{""type"": ""length"", ""length"": 50}",50,1769715141.3019152,2083887.919542884,2083887.926716685,2083887.927441296,2083887.927736222,2083887.928025383,2083888.234702129,0,False,False,31050,31050,31000,50,decode
949e76d4ad2741c58a29cf273fa6d059,31050,31001,0,"{""type"": ""length"", ""length"": 50}",50,1769715141.3743997,2083887.992570705,2083888.000444086,2083888.001355637,2083888.001751938,2083888.002164239,2083888.308322021,0,False,False,31050,31050,31000,50,decode
4556dac7cabf431cafa3c34f7b335c69,31050,31001,0,"{""type"": ""length"", ""length"": 50}",50,1769715141.4474847,2083888.06499769,2083888.068063024,2083888.068805425,2083888.069110953,2083888.069419829,2083888.375471807,0,False,False,31050,31050,31000,50,decode
5412a1b9de494b0fb45760a6ffa0e8ff,31050,31001,0,"{""type"": ""length"", ""length"": 50}",50,1769715141.5198894,2083888.137144764,2083888.141870637,2083888.142641142,2083888.142954957,2083888.143271224,2083888.448495094,0,False,False,31050,31050,31000,50,decode
96d2693ec1c040da97e50cd43fe11990,31050,31001,0,"{""type"": ""length"", ""length"": 50}",50,1769715141.5938094,2083888.211972146,2083888.215511139,2083888.216262735,2083888.216568782,2083888.216871493,2083888.523339637,0,False,False,31050,31050,31000,50,decode
86a113030ab7474bbe552539319edb4d,31050,31001,0,"{""type"": ""length"", ""length"": 50}",50,1769715141.666837,2083888.284959711,2083888.288963261,2083888.289688361,2083888.289984485,2083888.290265364,2083888.596370557,0,False,False,31050,31050,31000,50,decode
bd510199ee04425f8695bbd34d01a51d,31050,31001,0,"{""type"": ""length"", ""length"": 50}",50,1769715141.739886,2083888.357897926,2083888.362612574,2083888.363318275,2083888.36361983,2083888.363921791,2083888.66945779,0,False,False,31050,31050,31000,50,decode
91aaa056326d464884f1917afad0ad78,31050,31001,0,"{""type"": ""length"", ""length"": 50}",50,1769715141.812793,2083888.430885749,2083888.435673454,2083888.436417011,2083888.436736019,2083888.437055932,2083888.743239765,0,False,False,31050,31050,31000,50,decode
3d77cf46189d497780de2fcfd331a897,31050,31001,0,"{""type"": ""length"", ""length"": 50}",50,1769715141.8857791,2083888.50344432,2083888.508775129,2083888.509513488,2083888.509808319,2083888.510121375,2083888.816231564,0,False,False,31050,31050,31000,50,decode
44e92c5d1d9b48459bc97751f4cb287b,31050,31001,0,"{""type"": ""length"", ""length"": 50}",50,1769715141.9582982,2083888.576089092,2083888.583594948,2083888.584322272,2083888.584618222,2083888.584919592,2083888.889913914,0,False,False,31050,31050,31000,50,decode
0a864f5cb9134021a325b37ab8d3a882,31050,31001,0,"{""type"": ""length"", ""length"": 50}",50,1769715142.0310278,2083888.64911492,2083888.656662658,2083888.657360023,2083888.657635338,2083888.657920715,2083888.963486921,0,False,False,31050,31050,31000,50,decode
454fc3deda6a4d68956ff432cc2d16b3,31050,31001,0,"{""type"": ""length"", ""length"": 50}",50,1769715142.1040254,2083888.721740182,2083888.723875486,2083888.724657362,2083888.724996001,2083888.725332265,2083889.030614663,0,False,False,31050,31050,31000,50,decode
7a514a930676446cb3a43126edb88fbc,31050,31001,0,"{""type"": ""length"", ""length"": 50}",50,1769715142.1766763,2083888.795832181,2083888.803435533,2083888.804158174,2083888.804453299,2083888.804750255,2083889.110026541,0,False,False,31050,31050,31000,50,decode
cc70ef5a9cdf4dad98fe6c02fc19560b,31050,31001,0,"{""type"": ""length"", ""length"": 50}",50,1769715142.25076,2083888.86826492,2083888.870656374,2083888.871447677,2083888.871760565,2083888.872081947,2083889.177226332,0,False,False,31050,31050,31000,50,decode
49fc830524604480b0b2c23ebfdd2c5b,31050,31001,0,"{""type"": ""length"", ""length"": 50}",50,1769715142.3231401,2083888.940387861,2083888.944298445,2083888.945034267,2083888.945324697,2083888.945631817,2083889.25026397,0,False,False,31050,31050,31000,50,decode
ad29c363f4014a328a3072b8e6587098,31050,31001,0,"{""type"": ""length"", ""length"": 50}",50,1769715142.395285,2083889.0123614,2083889.017745733,2083889.018457994,2083889.018754589,2083889.019040606,2083889.323283605,0,False,False,31050,31050,31000,50,decode
0b65e606b4d347b78fdeea72a94f224d,31050,31001,0,"{""type"": ""length"", ""length"": 50}",50,1769715142.4672635,2083889.084375619,2083889.090818817,2083889.091543693,2083889.091834485,2083889.092140819,2083889.396558065,0,False,False,31050,31050,31000,50,decode
f191f86fb8eb424f817b0558bfd3042b,31050,31001,0,"{""type"": ""length"", ""length"": 50}",50,1769715142.5392623,2083889.159183721,2083889.164356179,2083889.165091428,2083889.165399415,2083889.165708151,2083889.469695756,0,False,False,31050,31050,31000,50,decode
35dca7b89e1c453ebf35d04779d7417f,31050,31001,0,"{""type"": ""length"", ""length"": 50}",50,1769715142.6140885,2083889.232040915,2083889.237462848,2083889.238203553,2083889.238521419,2083889.238825874,2083889.544648185,0,False,False,31050,31050,31000,50,decode
0b44ca4b090b48b2997a3f250b54dcf5,31050,31001,0,"{""type"": ""length"", ""length"": 50}",50,1769715142.6869261,2083889.305036999,2083889.310515715,2083889.311250591,2083889.31155578,2083889.31186184,2083889.617773996,0,False,False,31050,31050,31000,50,decode
459fc0960d0a4f36ba5d732201f67e3a,31050,31001,0,"{""type"": ""length"", ""length"": 50}",50,1769715142.759952,2083889.37833834,2083889.383604467,2083889.384362318,2083889.384661506,2083889.384940909,2083889.69090422,0,False,False,31050,31050,31000,50,decode
cc07373d826741ad80d95357a27addb5,31050,31001,0,"{""type"": ""length"", ""length"": 50}",50,1769715142.8350923,2083889.452879488,2083889.456856851,2083889.457594369,2083889.457884381,2083889.458190252,2083889.763968548,0,False,False,31050,31050,31000,50,decode
ed34a85e2ca7466fb20db68aeffc4e70,31050,31001,0,"{""type"": ""length"", ""length"": 50}",50,1769715142.9077928,2083889.524847467,2083889.529951181,2083889.530690817,2083889.530978231,2083889.531295957,2083889.837019653,0,False,False,31050,31050,31000,50,decode
8ea57138272849b8bb8066229edef267,31050,31001,0,"{""type"": ""length"", ""length"": 50}",50,1769715142.9797544,2083889.598559126,2083889.604967962,2083889.605695429,2083889.605990501,2083889.606301761,2083889.907847322,0,False,False,31049,31049,31000,50,decode
97012c4af8de4781bc586add31237681,31050,31001,0,"{""type"": ""length"", ""length"": 50}",50,1769715143.053461,2083889.672369489,2083889.678074147,2083889.678793705,2083889.679103599,2083889.679409935,2083889.980391294,0,False,False,31049,31049,31000,50,decode
6b60bfc8513349ab95ba2d1e13c6bc18,31050,31001,0,"{""type"": ""length"", ""length"": 50}",50,1769715143.1272635,2083889.744992884,2083889.751067271,2083889.751785631,2083889.752106402,2083889.752384849,2083890.05280909,0,False,False,31049,31049,31000,50,decode
acc79f87fdb346099030f882ea9845d1,31050,31001,0,"{""type"": ""length"", ""length"": 50}",50,1769715143.199915,2083889.821784179,2083889.824198019,2083889.824974297,2083889.825310906,2083889.825635169,2083890.125272987,0,False,False,31049,31049,31000,50,decode
9b98b32e8a184a35ab9504643dd2424a,31050,31001,0,"{""type"": ""length"", ""length"": 50}",50,1769715143.276856,2083889.895837493,2083889.903193054,2083889.903916266,2083889.904212813,2083889.904519356,2083890.206023462,0,False,False,31050,31050,31000,50,decode
37c657aa8a38445e89ad76fb936d9c80,31050,31001,0,"{""type"": ""length"", ""length"": 50}",50,1769715143.3507445,2083889.968184266,2083889.975763419,2083889.976494013,2083889.976774959,2083889.977090601,2083890.279153063,0,False,False,31050,31050,31000,50,decode
5ebeb0563be947378479912e0e8183f2,31050,31001,0,"{""type"": ""length"", ""length"": 50}",50,1769715143.4230886,2083890.042950379,2083890.048172773,2083890.048872958,2083890.049165384,2083890.049469328,2083890.352267389,0,False,False,31050,31050,31000,50,decode
3ff0f39794784dc3ad1e03a69266ba8a,31050,31001,0,"{""type"": ""length"", ""length"": 50}",50,1769715143.4978592,2083890.115658872,2083890.120691959,2083890.121399679,2083890.121680101,2083890.121969493,2083890.423055874,0,False,False,31050,31050,31000,50,decode
5d15182b4d174658a7af45f88946dfaa,31050,31001,0,"{""type"": ""length"", ""length"": 50}",50,1769715143.5705738,2083890.189339912,2083890.193227925,2083890.193929569,2083890.194223604,2083890.194529107,2083890.494932964,0,False,False,31050,31050,31000,50,decode
f8ef0686575844a9a44bf646b6a0bccb,31050,31001,0,"{""type"": ""length"", ""length"": 50}",50,1769715143.6442409,2083890.263756298,2083890.266316488,2083890.267072256,2083890.267383087,2083890.267698132,2083890.565727069,0,False,False,31050,31050,31000,50,decode
4e4b1384f83b4f9990d1815f40d18066,31050,31001,0,"{""type"": ""length"", ""length"": 50}",50,1769715143.7186763,2083890.336344424,2083890.339494009,2083890.340241294,2083890.340536201,2083890.34084548,2083890.634760594,0,False,False,31050,31050,31000,50,decode
2dfaff2cc43341df8f3df53d270244d9,31050,31001,0,"{""type"": ""length"", ""length"": 50}",50,1769715143.7912545,2083890.427709592,2083890.43011631,2083890.430868725,2083890.431173663,2083890.431522483,2083890.720804559,0,False,False,31050,31050,31000,50,decode
8be7acc037dc4168b470987d172bfff3,31050,31001,0,"{""type"": ""length"", ""length"": 50}",50,1769715143.8833606,2083890.521791551,2083890.528977304,2083890.529723911,2083890.530030751,2083890.530352078,2083890.819962714,0,False,False,31050,31050,31000,50,decode
2c078073ab1c4271bcfb3e0b009b4d05,31050,31001,0,"{""type"": ""length"", ""length"": 50}",50,1769715143.9767473,2083890.59521282,2083890.59973128,2083890.60042982,2083890.600700136,2083890.60099815,2083890.892111012,0,False,False,31050,31050,31000,50,decode
dedd142c8e3a40c3adb597681ff2b392,31050,31001,0,"{""type"": ""length"", ""length"": 50}",50,1769715144.0501196,2083890.667821886,2083890.674063413,2083890.674752225,2083890.675061756,2083890.675367254,2083890.970143345,0,False,False,31049,31049,31000,50,decode
5bf48ee481a14c0cbc92df6e90e2ffd0,31050,31001,0,"{""type"": ""length"", ""length"": 50}",50,1769715144.124368,2083890.741696083,2083890.743939007,2083890.744673371,2083890.744987699,2083890.745310862,2083891.042683185,0,False,False,31049,31049,31000,50,decode
0dfd01f8e15440529633de1e14e90079,31050,31001,0,"{""type"": ""length"", ""length"": 50}",50,1769715144.1966171,2083890.815446044,2083890.82137327,2083890.822070381,2083890.822372868,2083890.822656609,2083891.123434623,0,False,False,31050,31050,31000,50,decode
bbac1340c142478794b12cbfd15453ea,31050,31001,0,"{""type"": ""length"", ""length"": 50}",50,1769715144.2703412,2083890.888123604,2083890.893620398,2083890.894352762,2083890.894635532,2083890.894927754,2083891.197020573,0,False,False,31050,31050,31000,50,decode
404044b36ac846e38e5de1d65470163b,31050,31001,0,"{""type"": ""length"", ""length"": 50}",50,1769715144.3430562,2083890.961430086,2083890.965531938,2083890.966261162,2083890.966547414,2083890.96684753,2083891.270104337,0,False,False,31050,31050,31000,50,decode
c42c12d08bb942bdb3234b31d318c94b,31050,31001,0,"{""type"": ""length"", ""length"": 50}",50,1769715144.4163399,2083891.034713986,2083891.038099873,2083891.038827221,2083891.03912353,2083891.039431293,2083891.343347383,0,False,False,31050,31050,31000,50,decode
31fe9969141745c6a02a753e687021c2,31050,31001,0,"{""type"": ""length"", ""length"": 50}",50,1769715144.4896557,2083891.107514231,2083891.110662826,2083891.111392818,2083891.111669498,2083891.111977983,2083891.416508094,0,False,False,31050,31050,31000,50,decode
f7c53452991a4dea8153ee815f1289fc,31050,31001,0,"{""type"": ""length"", ""length"": 50}",50,1769715144.562434,2083891.179633871,2083891.184107649,2083891.184803183,2083891.185106825,2083891.185386693,2083891.49147438,0,False,False,31050,31050,31000,50,decode
418e8d5ac5064e2b85c3848cb5aad024,31050,31001,0,"{""type"": ""length"", ""length"": 50}",50,1769715144.634529,2083891.252346262,2083891.257315053,2083891.258022917,2083891.258325392,2083891.258629848,2083891.564630258,0,False,False,31050,31050,31000,50,decode
080d9841ac594544820274983bca6211,31050,31001,0,"{""type"": ""length"", ""length"": 50}",50,1769715144.7072341,2083891.325664188,2083891.330546511,2083891.331293349,2083891.331597454,2083891.3319239,2083891.637731091,0,False,False,31050,31050,31000,50,decode
e9085c94ca584767895f1ae58cdbd380,31050,31001,0,"{""type"": ""length"", ""length"": 50}",50,1769715144.7823937,2083891.40076394,2083891.403686082,2083891.404460662,2083891.404759753,2083891.405069197,2083891.710768514,0,False,False,31050,31050,31000,50,decode
f81fce038a6f4f7e91f8f6d6c5852a30,31050,31001,0,"{""type"": ""length"", ""length"": 50}",50,1769715144.8556793,2083891.473385798,2083891.476871928,2083891.477574078,2083891.47786123,2083891.478176438,2083891.783967185,0,False,False,31050,31050,31000,50,decode
6a6e12c7912b491495fc8ccb9ae84063,31050,31001,0,"{""type"": ""length"", ""length"": 50}",50,1769715144.928277,2083891.545561223,2083891.551753791,2083891.552441476,2083891.55271221,2083891.552987262,2083891.857072256,0,False,False,31050,31050,31000,50,decode
04530d2fa13349d1a958900dd3e44275,31050,31001,0,"{""type"": ""length"", ""length"": 50}",50,1769715145.0004516,2083891.617776521,2083891.624947071,2083891.625641165,2083891.625931901,2083891.626241894,2083891.930226219,0,False,False,31050,31050,31000,50,decode
c90076dfe1374badb9a91cb2f1af3cd1,31050,31001,0,"{""type"": ""length"", ""length"": 50}",50,1769715145.0726876,2083891.690628062,2083891.697947266,2083891.698669352,2083891.698951198,2083891.69926664,2083892.003321954,0,False,False,31050,31050,31000,50,decode
2d7ea47198d24929b2bd7fddff926243,31050,31001,0,"{""type"": ""length"", ""length"": 50}",50,1769715145.1455252,2083891.763733777,2083891.771139214,2083891.771866728,2083891.772143063,2083891.772452068,2083892.076421009,0,False,False,31050,31050,31000,50,decode
2b7e4deb34b14acbb09500db23200a73,31050,31001,0,"{""type"": ""length"", ""length"": 50}",50,1769715145.2186546,2083891.836735927,2083891.844309548,2083891.845047417,2083891.845316708,2083891.845617261,2083892.147189779,0,False,False,31049,31049,31000,50,decode
129e26a93fbd4b9d8252ab764b393147,31050,31001,0,"{""type"": ""length"", ""length"": 50}",50,1769715145.2916744,2083891.910606961,2083891.917357983,2083891.918083575,2083891.918356446,2083891.918646337,2083892.21976817,0,False,False,31049,31049,31000,50,decode
ba371478000d46cfb075c0a6636cef71,31050,31001,0,"{""type"": ""length"", ""length"": 50}",50,1769715145.3655071,2083891.985427631,2083891.990536516,2083891.991240795,2083891.991502897,2083891.991801861,2083892.29229339,0,False,False,31049,31049,31000,50,decode
005dd6c1a0cd4232b62532268b5fa7ac,31050,31001,0,"{""type"": ""length"", ""length"": 50}",50,1769715145.4403436,2083892.059068968,2083892.063590797,2083892.064286653,2083892.064557212,2083892.064863233,2083892.364757844,0,False,False,31049,31049,31000,50,decode
0f5a59ddd23741d98daba0e6a2dd6c52,31050,31001,0,"{""type"": ""length"", ""length"": 50}",50,1769715145.513967,2083892.137039214,2083892.142594468,2083892.143303329,2083892.143572183,2083892.143880789,2083892.445425058,0,False,False,31050,31050,31000,50,decode
aa7f9eccc95b4bcca4c2d13c66285492,31050,31001,0,"{""type"": ""length"", ""length"": 50}",50,1769715145.5919435,2083892.209012975,2083892.215149012,2083892.215838751,2083892.216128596,2083892.216433018,2083892.51853922,0,False,False,31050,31050,31000,50,decode
50ddd9f8486b4802822075793b6bfee6,31050,31001,0,"{""type"": ""length"", ""length"": 50}",50,1769715145.6639168,2083892.281326164,2083892.287607905,2083892.288304556,2083892.288562703,2083892.288838972,2083892.591887974,0,False,False,31050,31050,31000,50,decode
1b3645a909e545fc93ec6a829670f68a,31050,31001,0,"{""type"": ""length"", ""length"": 50}",50,1769715145.736244,2083892.354065089,2083892.360132005,2083892.360833502,2083892.361103831,2083892.361405708,2083892.662797191,0,False,False,31050,31050,31000,50,decode
d1aa2bb003364ec59acc5f01b374d0d7,31050,31001,0,"{""type"": ""length"", ""length"": 50}",50,1769715145.8089683,2083892.427353942,2083892.432619711,2083892.433318871,2083892.433583517,2083892.433888625,2083892.727868414,0,False,False,31050,31050,31000,50,decode
2606a6bd031d433683e884b1e0dc1656,31050,31001,0,"{""type"": ""length"", ""length"": 50}",50,1769715145.8822682,2083892.500929298,2083892.505738076,2083892.506431454,2083892.506703936,2083892.507018686,2083892.787122388,0,False,False,31050,31050,31000,50,decode
26050f1e117741d6b09f9e44b68530b3,31050,31001,0,"{""type"": ""length"", ""length"": 50}",50,1769715145.9558368,2083892.573630848,2083892.57899289,2083892.579729031,2083892.580013441,2083892.580334248,2083892.842135513,0,False,False,31050,31050,31000,50,decode
