rid,seqlen,extend_input_len,cached_tokens,finished_reason,finished_len,lb_entry_time,lb_entry_time_perf,decode_prealloc_queue_entry_time,decode_transfer_queue_entry_time,wait_queue_entry_time,forward_entry_time,completion_time,retraction_count,is_retracted,retracted_stain,kv_committed_len,kv_allocated_len,input_len,output_len,disagg_mode
5ae7405f3f5343b1955c1ea1b0553484,12,5,0,"{""type"": ""length"", ""length"": 8}",8,1769709217.5570922,2077964.104335585,2077964.105344876,2077964.10620882,2077964.106584677,2077964.106650489,2077964.477164853,0,False,False,12,12,4,8,decode
54e27c5831ed4ef4a7cd30897699e988,2020,21,0,"{""type"": ""length"", ""length"": 2000}",2000,1769709222.2661338,2077968.812908879,2077968.813448962,2077968.814232545,2077968.814515756,2077968.814575414,2077983.133305805,0,False,False,2020,2020,20,2000,decode
1d12d72e914f41378cf60e11fa459456,2020,21,0,"{""type"": ""length"", ""length"": 2000}",2000,1769709222.2669914,2077968.813637838,2077968.815399754,2077968.815852538,2077968.816260562,2077968.816358326,2077983.133325176,0,False,False,2020,2020,20,2000,decode
11e598d2fee148f3b9b62d1d6390dd94,2020,21,0,"{""type"": ""length"", ""length"": 2000}",2000,1769709222.2675898,2077968.814207248,2077968.815474104,2077968.816074778,2077968.816286322,2077968.816358607,2077983.133338426,0,False,False,2020,2020,20,2000,decode
9c15652323bf4772a0d26df666306e58,2020,21,0,"{""type"": ""length"", ""length"": 2000}",2000,1769709222.2689543,2077968.815573839,2077968.817233025,2077968.817744359,2077968.818350874,2077968.818795236,2077983.133350281,0,False,False,2020,2020,20,2000,decode
34011226a74d43b1ad1f60aa51dfcbb5,2020,21,0,"{""type"": ""length"", ""length"": 2000}",2000,1769709222.2695186,2077968.816137186,2077968.817306023,2077968.817957437,2077968.818376722,2077968.818795751,2077983.133361903,0,False,False,2020,2020,20,2000,decode
adcda7a459284e45b0da1cd55bc4269b,2020,21,0,"{""type"": ""length"", ""length"": 2000}",2000,1769709222.2699826,2077968.816592015,2077968.817367541,2077968.81816597,2077968.818400368,2077968.818796041,2077983.133373184,0,False,False,2020,2020,20,2000,decode
20d302ddc5394c0384baa2b5dcc2fe44,2020,21,0,"{""type"": ""length"", ""length"": 2000}",2000,1769709222.2704306,2077968.817036359,2077968.819651209,2077968.820145035,2077968.820726978,2077968.8209777,2077983.133384843,0,False,False,2020,2020,20,2000,decode
ec93a4ae1be645848514986063aa45d3,2020,21,0,"{""type"": ""length"", ""length"": 2000}",2000,1769709222.271071,2077968.817691783,2077968.819721362,2077968.820356041,2077968.820752826,2077968.820978054,2077983.133395985,0,False,False,2020,2020,20,2000,decode
180ddb9777b044cebeebb683f9b63546,2020,21,0,"{""type"": ""length"", ""length"": 2000}",2000,1769709222.272337,2077968.818946945,2077968.81977909,2077968.820549938,2077968.820775925,2077968.820978307,2077983.13340734,0,False,False,2020,2020,20,2000,decode
06554d033afd43c8a0e04c69c400a8a7,2020,21,0,"{""type"": ""length"", ""length"": 2000}",2000,1769709222.2728784,2077968.819490878,2077968.821780966,2077968.822193597,2077968.82256415,2077968.822768629,2077983.133418498,0,False,False,2020,2020,20,2000,decode
0740b21fc75443ad89cc8902bcaa7704,2020,21,0,"{""type"": ""length"", ""length"": 2000}",2000,1769709222.2734175,2077968.820035325,2077968.82184563,2077968.822394148,2077968.822589131,2077968.822768922,2077983.133429568,0,False,False,2020,2020,20,2000,decode
43c1c9dec132467588ebe2389ec25565,2020,21,0,"{""type"": ""length"", ""length"": 2000}",2000,1769709222.2760763,2077968.822688637,2077968.823509634,2077968.823865395,2077968.824047173,2077968.824218958,2077983.133440798,0,False,False,2020,2020,20,2000,decode
dcd1f233c55443d1a61d1441525c6fc1,2020,21,0,"{""type"": ""length"", ""length"": 2000}",2000,1769709222.2781706,2077968.824785337,2077969.093322543,2077969.099206101,2077969.115980872,2077969.118842814,2077983.144105856,0,False,False,2020,2020,20,2000,decode
8810d698a6c844c4b527543583a63d37,2020,21,0,"{""type"": ""length"", ""length"": 2000}",2000,1769709222.2788541,2077968.825460601,2077969.093416137,2077969.099453432,2077969.11601429,2077969.118843314,2077983.144121263,0,False,False,2020,2020,20,2000,decode
b2f3f6cadf4b45f7a329b8376c25a3da,2020,21,0,"{""type"": ""length"", ""length"": 2000}",2000,1769709222.2795944,2077968.826201079,2077969.093483523,2077969.099656271,2077969.116039054,2077969.118843531,2077983.144133755,0,False,False,2020,2020,20,2000,decode
f2755c078cf0479593e1f44424ea7773,2020,21,0,"{""type"": ""length"", ""length"": 2000}",2000,1769709222.2800407,2077968.826634628,2077969.093545001,2077969.099849496,2077969.11606271,2077969.118843735,2077983.144145823,0,False,False,2020,2020,20,2000,decode
906ee18bf29846b28b496f3c3971f208,2020,21,0,"{""type"": ""length"", ""length"": 2000}",2000,1769709222.2805374,2077968.827145292,2077969.093607446,2077969.100047944,2077969.11608621,2077969.11884389,2077983.14415701,0,False,False,2020,2020,20,2000,decode
3e95a263316c45e68159297f6cbe92cf,2020,21,0,"{""type"": ""length"", ""length"": 2000}",2000,1769709222.2811007,2077968.827712677,2077969.093664839,2077969.100242258,2077969.116110185,2077969.118844052,2077983.144168327,0,False,False,2020,2020,20,2000,decode
3f245323076c43758a59762f76605756,2020,21,0,"{""type"": ""length"", ""length"": 2000}",2000,1769709222.2816935,2077968.828297492,2077969.093722947,2077969.100430607,2077969.11613367,2077969.118844207,2077983.144179677,0,False,False,2020,2020,20,2000,decode
1f9693bc47254644a5c7e135fe24dc20,2020,21,0,"{""type"": ""length"", ""length"": 2000}",2000,1769709222.2823257,2077968.828927459,2077969.093782584,2077969.100618973,2077969.116156435,2077969.118844356,2077983.144190974,0,False,False,2020,2020,20,2000,decode
74a9f71b8d874ef3a2b1ddba229e6fb1,2020,21,0,"{""type"": ""length"", ""length"": 2000}",2000,1769709222.2828832,2077968.82948366,2077969.093840372,2077969.100806432,2077969.11617994,2077969.118844507,2077983.144201782,0,False,False,2020,2020,20,2000,decode
584d86382322486f8e98ea339cd56257,2020,21,0,"{""type"": ""length"", ""length"": 2000}",2000,1769709222.283432,2077968.830033236,2077969.093895774,2077969.10099321,2077969.11620398,2077969.118844694,2077983.144213085,0,False,False,2020,2020,20,2000,decode
3823bc56b05f4806b32bfedf2e9fda76,2020,21,0,"{""type"": ""length"", ""length"": 2000}",2000,1769709222.2848988,2077968.831533575,2077969.093953787,2077969.101194196,2077969.116227125,2077969.118844848,2077983.144223733,0,False,False,2020,2020,20,2000,decode
7ed2525d38664a01af809763b1008cb0,2020,21,0,"{""type"": ""length"", ""length"": 2000}",2000,1769709222.2855306,2077968.832158733,2077969.094016806,2077969.101381826,2077969.116250309,2077969.118844996,2077983.144234184,0,False,False,2020,2020,20,2000,decode
8206ba8925cf41b0a1622ee4a5775562,2020,21,0,"{""type"": ""length"", ""length"": 2000}",2000,1769709222.28613,2077968.832748825,2077969.09407334,2077969.101567059,2077969.116274057,2077969.11884513,2077983.144244495,0,False,False,2020,2020,20,2000,decode
2441e5f2c86f4d33a3ed3992b9288f2c,2020,21,0,"{""type"": ""length"", ""length"": 2000}",2000,1769709222.2867196,2077968.833412336,2077969.094129745,2077969.101755099,2077969.116297502,2077969.118845278,2077983.144254718,0,False,False,2020,2020,20,2000,decode
8ea99a621d314e9295e00a625a67b8f3,2020,21,0,"{""type"": ""length"", ""length"": 2000}",2000,1769709222.2873733,2077968.833984587,2077969.094184254,2077969.10194152,2077969.116320568,2077969.118845436,2077983.14426566,0,False,False,2020,2020,20,2000,decode
41cd7af633a84d349ab1f6cb1b67100b,2020,21,0,"{""type"": ""length"", ""length"": 2000}",2000,1769709222.2879336,2077968.834541082,2077969.094238638,2077969.102143081,2077969.116343895,2077969.11884559,2077983.1442768,0,False,False,2020,2020,20,2000,decode
dd3359c8052840609c0fcfe091c94f9e,2020,21,0,"{""type"": ""length"", ""length"": 2000}",2000,1769709222.2884786,2077968.835164729,2077969.094297144,2077969.102336102,2077969.116367226,2077969.11884573,2077983.14428773,0,False,False,2020,2020,20,2000,decode
8a1cefd054834bbd8e2a7ba2c891da26,2020,21,0,"{""type"": ""length"", ""length"": 2000}",2000,1769709222.2891016,2077968.835720265,2077969.094470141,2077969.102527173,2077969.116390628,2077969.11884587,2077983.144298645,0,False,False,2020,2020,20,2000,decode
8f972b0b4fc441629dd9aac1eb7f389b,2020,21,0,"{""type"": ""length"", ""length"": 2000}",2000,1769709222.2896814,2077968.836295109,2077969.094537836,2077969.102714609,2077969.116413999,2077969.118846024,2077983.14430955,0,False,False,2020,2020,20,2000,decode
7f91f80a76184e84ad546f65c0f95b9a,2020,21,0,"{""type"": ""length"", ""length"": 2000}",2000,1769709222.2902381,2077968.836844124,2077969.094598504,2077969.102923269,2077969.116437943,2077969.118846201,2077983.144320573,0,False,False,2020,2020,20,2000,decode
356a8924a20a4c0581f9276e05bf5106,2020,21,0,"{""type"": ""length"", ""length"": 2000}",2000,1769709222.2908664,2077968.837469016,2077969.094653945,2077969.103122096,2077969.116461059,2077969.118846345,2077983.144331489,0,False,False,2020,2020,20,2000,decode
8ae8d331798042f89ec3527cd000a35f,2020,21,0,"{""type"": ""length"", ""length"": 2000}",2000,1769709222.2913532,2077968.837953151,2077969.09470859,2077969.103311223,2077969.116483447,2077969.118846492,2077983.144342388,0,False,False,2020,2020,20,2000,decode
9de4b411d76c44ada94b65971794e6f4,2020,21,0,"{""type"": ""length"", ""length"": 2000}",2000,1769709222.2937386,2077968.840340576,2077969.094768135,2077969.103498661,2077969.11650693,2077969.118846632,2077983.144353276,0,False,False,2020,2020,20,2000,decode
d5fe4e2824d14f299a66b39ee566ffa7,2020,21,0,"{""type"": ""length"", ""length"": 2000}",2000,1769709222.295438,2077968.842062076,2077969.094823937,2077969.103685156,2077969.11652977,2077969.118846769,2077983.144364689,0,False,False,2020,2020,20,2000,decode
dfa7347970a74a27af2567a8c98d723c,2020,21,0,"{""type"": ""length"", ""length"": 2000}",2000,1769709222.2960222,2077968.842630403,2077969.094881411,2077969.103872276,2077969.116553183,2077969.118846953,2077983.14437608,0,False,False,2020,2020,20,2000,decode
9d341c26cb4140beae9f8ecfa4b869cb,2020,21,0,"{""type"": ""length"", ""length"": 2000}",2000,1769709222.2965193,2077968.843132687,2077969.094938623,2077969.104066346,2077969.116575759,2077969.118847092,2077983.144386866,0,False,False,2020,2020,20,2000,decode
8ff385f7eb4a495f82542cfe39013a5f,2020,21,0,"{""type"": ""length"", ""length"": 2000}",2000,1769709222.2978463,2077968.844451859,2077969.09499291,2077969.104259428,2077969.116598771,2077969.118847231,2077983.144397858,0,False,False,2020,2020,20,2000,decode
f7f69a51ac254b5a906654897b36ae51,2020,21,0,"{""type"": ""length"", ""length"": 2000}",2000,1769709222.2983809,2077968.844985491,2077969.095054709,2077969.104444218,2077969.116620512,2077969.118847375,2077983.144409085,0,False,False,2020,2020,20,2000,decode
945622c3827e44af82e44cddf133f1c7,2020,21,0,"{""type"": ""length"", ""length"": 2000}",2000,1769709222.2988083,2077968.845401911,2077969.095111847,2077969.104629855,2077969.116642549,2077969.118847509,2077983.144419929,0,False,False,2020,2020,20,2000,decode
ad55f72d718d47cf96b833d78b2df1e4,2020,21,0,"{""type"": ""length"", ""length"": 2000}",2000,1769709222.2994063,2077968.846012419,2077969.09516678,2077969.104816985,2077969.116664153,2077969.118847652,2077983.144431041,0,False,False,2020,2020,20,2000,decode
b30033db15d94c4b8b55857c2a4f0583,2020,21,0,"{""type"": ""length"", ""length"": 2000}",2000,1769709222.299902,2077968.846508184,2077969.095220678,2077969.105010207,2077969.116686186,2077969.118847792,2077983.144442287,0,False,False,2020,2020,20,2000,decode
f4c6632e705045dfae67bfba64b88736,2020,21,0,"{""type"": ""length"", ""length"": 2000}",2000,1769709222.3013682,2077968.847982119,2077969.095281716,2077969.105201695,2077969.116708328,2077969.118847928,2077983.144453259,0,False,False,2020,2020,20,2000,decode
caa8bcd4001e4469bf02040a845eecf3,2020,21,0,"{""type"": ""length"", ""length"": 2000}",2000,1769709222.301943,2077968.848542394,2077969.095341504,2077969.105389492,2077969.11673045,2077969.118848062,2077983.144464604,0,False,False,2020,2020,20,2000,decode
9089aa244bf940688f579396418d9b50,2020,21,0,"{""type"": ""length"", ""length"": 2000}",2000,1769709222.3033247,2077968.84993329,2077969.095396992,2077969.105576662,2077969.116752168,2077969.118848208,2077983.144475617,0,False,False,2020,2020,20,2000,decode
1ce5288a48a44e789d5a771f045332df,2020,21,0,"{""type"": ""length"", ""length"": 2000}",2000,1769709222.3038678,2077968.850464026,2077969.095454711,2077969.105761322,2077969.116773868,2077969.118848358,2077983.144486845,0,False,False,2020,2020,20,2000,decode
383e2d5231604103bbdabe0f948f1779,2020,21,0,"{""type"": ""length"", ""length"": 2000}",2000,1769709222.3043575,2077968.850966889,2077969.095509701,2077969.105946259,2077969.116795703,2077969.118848503,2077983.144497869,0,False,False,2020,2020,20,2000,decode
25ff08941eb74b7a9e66d61d1cfc6d97,2020,21,0,"{""type"": ""length"", ""length"": 2000}",2000,1769709222.3049538,2077968.851560863,2077969.095563386,2077969.106154768,2077969.11681762,2077969.118848642,2077983.144508817,0,False,False,2020,2020,20,2000,decode
296ddc40e9574098b1120ea221854353,2020,21,0,"{""type"": ""length"", ""length"": 2000}",2000,1769709222.3054566,2077968.852061484,2077969.095619876,2077969.106344184,2077969.116839245,2077969.118848778,2077983.144519633,0,False,False,2020,2020,20,2000,decode
b34f0eb26953480eabb2ce0d56053dcc,2020,21,0,"{""type"": ""length"", ""length"": 2000}",2000,1769709222.3078272,2077968.854426163,2077969.095674302,2077969.106536476,2077969.11686119,2077969.118848905,2077983.144530662,0,False,False,2020,2020,20,2000,decode
3e80ffd85f1b4798bb976eac6f5f5659,2020,21,0,"{""type"": ""length"", ""length"": 2000}",2000,1769709222.3091917,2077968.855789737,2077969.095729349,2077969.106724855,2077969.116882608,2077969.118849064,2077983.14454155,0,False,False,2020,2020,20,2000,decode
fc62a96498844cf1b496b1e3bb03251b,2020,21,0,"{""type"": ""length"", ""length"": 2000}",2000,1769709222.3126447,2077968.859257162,2077969.095788441,2077969.106909626,2077969.116904684,2077969.118849203,2077983.144552869,0,False,False,2020,2020,20,2000,decode
0b67338f5a7d441facbd7972d20bc66b,2020,21,0,"{""type"": ""length"", ""length"": 2000}",2000,1769709222.3154192,2077968.862040614,2077969.095843779,2077969.107102953,2077969.116926287,2077969.118849351,2077983.144563812,0,False,False,2020,2020,20,2000,decode
2eb92f2b8d214fc68350fe00775c0493,2020,21,0,"{""type"": ""length"", ""length"": 2000}",2000,1769709222.3159244,2077968.862529214,2077969.095897328,2077969.107290039,2077969.116948165,2077969.118849505,2077983.144574995,0,False,False,2020,2020,20,2000,decode
be671b4704e94c60929f5bc676a07091,2020,21,0,"{""type"": ""length"", ""length"": 2000}",2000,1769709222.3190126,2077968.865621361,2077969.095953904,2077969.107472603,2077969.116969739,2077969.118849643,2077983.144585684,0,False,False,2020,2020,20,2000,decode
3079c649330142d4a3619c082a00c8ba,2020,21,0,"{""type"": ""length"", ""length"": 2000}",2000,1769709222.319682,2077968.866284061,2077969.096013585,2077969.107654582,2077969.116991952,2077969.11884979,2077983.144596408,0,False,False,2020,2020,20,2000,decode
aff07c1127584d18a1dc5bc0c4e77d6a,2020,21,0,"{""type"": ""length"", ""length"": 2000}",2000,1769709222.32012,2077968.866717227,2077969.096068121,2077969.107837826,2077969.117017985,2077969.118849926,2077983.144607537,0,False,False,2020,2020,20,2000,decode
fcbcd9d216e14b57a97985d388e3ce33,2020,21,0,"{""type"": ""length"", ""length"": 2000}",2000,1769709222.3205402,2077968.867134227,2077969.096124238,2077969.108026996,2077969.117039945,2077969.118850059,2077983.144618561,0,False,False,2020,2020,20,2000,decode
a0b036a9e878475998d06cf5afd43b1c,2020,21,0,"{""type"": ""length"", ""length"": 2000}",2000,1769709222.321808,2077968.86842681,2077969.096177858,2077969.108215685,2077969.11706166,2077969.118850203,2077983.144629472,0,False,False,2020,2020,20,2000,decode
2f7b89546bb349f4a5974adbe462259c,2020,21,0,"{""type"": ""length"", ""length"": 2000}",2000,1769709222.3222735,2077968.868873436,2077969.09623221,2077969.108399063,2077969.117084193,2077969.118850385,2077983.144640332,0,False,False,2020,2020,20,2000,decode
f41bfe32877641089fac1007594f068f,2020,21,0,"{""type"": ""length"", ""length"": 2000}",2000,1769709222.32272,2077968.869321265,2077969.09628728,2077969.108583378,2077969.117105925,2077969.118850531,2077983.144651078,0,False,False,2020,2020,20,2000,decode
29abb16a5f3f468881ae08d4e48ec7ae,2020,21,0,"{""type"": ""length"", ""length"": 2000}",2000,1769709222.3232765,2077968.869886219,2077969.0963414,2077969.108766929,2077969.117127804,2077969.118850685,2077983.144662046,0,False,False,2020,2020,20,2000,decode
846723f81b934c5793c25e814868a76b,2020,21,0,"{""type"": ""length"", ""length"": 2000}",2000,1769709222.323905,2077968.870506731,2077969.096393708,2077969.108949785,2077969.117149267,2077969.118850822,2077983.144673328,0,False,False,2020,2020,20,2000,decode
f7e56706a3ad4102b27e53eb26d08efe,2020,21,0,"{""type"": ""length"", ""length"": 2000}",2000,1769709222.324476,2077968.87109652,2077969.096449365,2077969.109142343,2077969.117171207,2077969.118850976,2077983.144684483,0,False,False,2020,2020,20,2000,decode
a9d3ba0e5fe44a6782ed06202d4a9d6d,2020,21,0,"{""type"": ""length"", ""length"": 2000}",2000,1769709222.3250494,2077968.871653266,2077969.096503342,2077969.109357213,2077969.117193015,2077969.118851113,2077983.144695765,0,False,False,2020,2020,20,2000,decode
b8655303d9664a5b9a409f2504f65bdd,2020,21,0,"{""type"": ""length"", ""length"": 2000}",2000,1769709222.325676,2077968.872279851,2077969.096557651,2077969.109557925,2077969.117215064,2077969.11885125,2077983.14470674,0,False,False,2020,2020,20,2000,decode
ee48a0483a4f4bec8bd0a854050e3c68,2020,21,0,"{""type"": ""length"", ""length"": 2000}",2000,1769709222.3262334,2077968.872829836,2077969.096615754,2077969.109742781,2077969.117236728,2077969.118851386,2077983.144717506,0,False,False,2020,2020,20,2000,decode
737d6f4abada45afa26db7e13457397f,2020,21,0,"{""type"": ""length"", ""length"": 2000}",2000,1769709222.3267124,2077968.873308996,2077969.096671737,2077969.109925929,2077969.117259036,2077969.118851523,2077983.144728782,0,False,False,2020,2020,20,2000,decode
39e09bed1b554d43a0123fa20ff58e26,2020,21,0,"{""type"": ""length"", ""length"": 2000}",2000,1769709222.3289669,2077968.875565778,2077969.096725817,2077969.110120726,2077969.117280567,2077969.118851664,2077983.144739662,0,False,False,2020,2020,20,2000,decode
2a6d00aaa6204d54b155f1bb766471dd,2020,21,0,"{""type"": ""length"", ""length"": 2000}",2000,1769709222.3308609,2077968.877469344,2077969.096785125,2077969.110305974,2077969.117302844,2077969.118851797,2077983.144750594,0,False,False,2020,2020,20,2000,decode
ee4d51410e704691a27b8218e82c0018,2020,21,0,"{""type"": ""length"", ""length"": 2000}",2000,1769709222.3313837,2077968.878030604,2077969.096841297,2077969.110489071,2077969.11732465,2077969.118851927,2077983.14476171,0,False,False,2020,2020,20,2000,decode
85c1fd2b1a9547c686856486d6ddf3a3,2020,21,0,"{""type"": ""length"", ""length"": 2000}",2000,1769709222.3319423,2077968.878538102,2077969.096895175,2077969.110672104,2077969.117347413,2077969.118852111,2077983.144772639,0,False,False,2020,2020,20,2000,decode
9169730ea5f5483a8c5b80e68af6c9d9,2020,21,0,"{""type"": ""length"", ""length"": 2000}",2000,1769709222.332486,2077968.879092769,2077969.096951606,2077969.110855158,2077969.117369078,2077969.118852249,2077983.144783615,0,False,False,2020,2020,20,2000,decode
ebcc28bdb645465eaad65015add46de4,2020,21,0,"{""type"": ""length"", ""length"": 2000}",2000,1769709222.3338225,2077968.880416783,2077969.097011159,2077969.111051127,2077969.117390624,2077969.118852387,2077983.144794921,0,False,False,2020,2020,20,2000,decode
97a1675658254f3e81de35bcf7f7d7bf,2020,21,0,"{""type"": ""length"", ""length"": 2000}",2000,1769709222.3354294,2077968.882044047,2077969.097066865,2077969.111244866,2077969.117412249,2077969.118852531,2077983.14480576,0,False,False,2020,2020,20,2000,decode
a8d993eba7ec4275b8f5bb0e893e0b73,2020,21,0,"{""type"": ""length"", ""length"": 2000}",2000,1769709222.3375974,2077968.884201149,2077969.097126364,2077969.111428519,2077969.117434506,2077969.118852663,2077983.144816759,0,False,False,2020,2020,20,2000,decode
cfd875ddbeb44de4b10412c9c8eb1809,2020,21,0,"{""type"": ""length"", ""length"": 2000}",2000,1769709222.3381326,2077968.884733749,2077969.097180169,2077969.111611958,2077969.117456504,2077969.118852833,2077983.14482808,0,False,False,2020,2020,20,2000,decode
e4e9f966fbcd40668d2013f7518939d7,2020,21,0,"{""type"": ""length"", ""length"": 2000}",2000,1769709222.3386352,2077968.885230225,2077969.097233834,2077969.111794254,2077969.117478466,2077969.118852973,2077983.144839136,0,False,False,2020,2020,20,2000,decode
6df9bc5a95104eeda40b2f1254446041,2020,21,0,"{""type"": ""length"", ""length"": 2000}",2000,1769709222.339059,2077968.88564304,2077969.097289389,2077969.111976887,2077969.117500488,2077969.118853107,2077983.144850277,0,False,False,2020,2020,20,2000,decode
8ed5ae6688f74cd39cb9c0d953baf114,2020,21,0,"{""type"": ""length"", ""length"": 2000}",2000,1769709222.3395994,2077968.886212013,2077969.09734355,2077969.112174104,2077969.117526657,2077969.118853243,2077983.144861336,0,False,False,2020,2020,20,2000,decode
5f97c4580baa49179f920516e6fb4f96,2020,21,0,"{""type"": ""length"", ""length"": 2000}",2000,1769709222.3428798,2077968.889485841,2077969.097400276,2077969.112357732,2077969.117548683,2077969.118853382,2077983.144872096,0,False,False,2020,2020,20,2000,decode
396b6a81983d469a8b5e68ae865cde60,2020,21,0,"{""type"": ""length"", ""length"": 2000}",2000,1769709222.3434823,2077968.89009333,2077969.097456659,2077969.112540502,2077969.117570852,2077969.118853524,2077983.14488288,0,False,False,2020,2020,20,2000,decode
eabaa05cec9b40d69aa3dcd6b19d0726,2020,21,0,"{""type"": ""length"", ""length"": 2000}",2000,1769709222.3439174,2077968.890512247,2077969.097563341,2077969.112722955,2077969.117592626,2077969.118853662,2077983.144894059,0,False,False,2020,2020,20,2000,decode
9d43b70ee5de45418e6b89871b5d5d99,2020,21,0,"{""type"": ""length"", ""length"": 2000}",2000,1769709222.344398,2077968.891013724,2077969.097620975,2077969.112904413,2077969.117614788,2077969.118853796,2077983.144905127,0,False,False,2020,2020,20,2000,decode
67201c27711748bf9de9368f4a0f996f,2020,21,0,"{""type"": ""length"", ""length"": 2000}",2000,1769709222.3448782,2077968.891470611,2077969.09767751,2077969.113094477,2077969.11763664,2077969.118853929,2077983.144916038,0,False,False,2020,2020,20,2000,decode
95d1b625ff0a492ab9c8dc2bea470234,2020,21,0,"{""type"": ""length"", ""length"": 2000}",2000,1769709222.34529,2077968.89188083,2077969.097731937,2077969.113279882,2077969.117658585,2077969.118854074,2077983.144927156,0,False,False,2020,2020,20,2000,decode
3836f3d564944ce69ebc232c7294d49c,2020,21,0,"{""type"": ""length"", ""length"": 2000}",2000,1769709222.345775,2077968.892441593,2077969.097785734,2077969.113460151,2077969.117680516,2077969.118854213,2077983.144937919,0,False,False,2020,2020,20,2000,decode
a4b8049512224755a0ea733130014876,2020,21,0,"{""type"": ""length"", ""length"": 2000}",2000,1769709222.3464744,2077968.893076487,2077969.097841274,2077969.113643156,2077969.117702975,2077969.118854346,2077983.144949202,0,False,False,2020,2020,20,2000,decode
18d65e9fd4374f5487d96b9e5504697e,2020,21,0,"{""type"": ""length"", ""length"": 2000}",2000,1769709222.3469796,2077968.893585622,2077969.097896981,2077969.113823803,2077969.117726155,2077969.118854481,2077983.144960423,0,False,False,2020,2020,20,2000,decode
8fc3e101f122424e8dcbaf841539b01d,2020,21,0,"{""type"": ""length"", ""length"": 2000}",2000,1769709222.347412,2077968.894012286,2077969.097951186,2077969.114011272,2077969.11774864,2077969.118854623,2077983.144971806,0,False,False,2020,2020,20,2000,decode
e259da6736eb49c38181a3b46a6bbe64,2020,21,0,"{""type"": ""length"", ""length"": 2000}",2000,1769709222.3482063,2077968.894799533,2077969.098011703,2077969.114197825,2077969.117770281,2077969.11885476,2077983.144982954,0,False,False,2020,2020,20,2000,decode
737b570917994027b69282c1156fbf41,2020,21,0,"{""type"": ""length"", ""length"": 2000}",2000,1769709222.349976,2077968.896576374,2077969.098068707,2077969.114379235,2077969.117792602,2077969.118854916,2077983.14499404,0,False,False,2020,2020,20,2000,decode
7f9bfe11218043eb954353b5355c25bb,2020,21,0,"{""type"": ""length"", ""length"": 2000}",2000,1769709222.3504503,2077968.897048175,2077969.098122116,2077969.114561581,2077969.117814248,2077969.118855055,2077983.145010531,0,False,False,2020,2020,20,2000,decode
97be50ded03a493983d50793090f2152,2020,21,0,"{""type"": ""length"", ""length"": 2000}",2000,1769709222.3515005,2077968.89812178,2077969.098178734,2077969.114742819,2077969.117836276,2077969.118855186,2077983.145021639,0,False,False,2020,2020,20,2000,decode
ff309962f8a24f069143e385e4283922,2020,21,0,"{""type"": ""length"", ""length"": 2000}",2000,1769709222.352088,2077968.898694767,2077969.098234186,2077969.114925565,2077969.117858404,2077969.118855371,2077983.145032758,0,False,False,2020,2020,20,2000,decode
75bb8681777f410e92bfe77dbdf9bda2,2020,21,0,"{""type"": ""length"", ""length"": 2000}",2000,1769709222.3542755,2077968.901621305,2077969.098287575,2077969.115116992,2077969.117880565,2077969.118855507,2077983.145043663,0,False,False,2020,2020,20,2000,decode
cbab440fcad14e0b8267a9edc1e9e06d,2020,21,0,"{""type"": ""length"", ""length"": 2000}",2000,1769709222.3555927,2077968.902203599,2077969.098344605,2077969.115301424,2077969.117902499,2077969.118855647,2077983.145054786,0,False,False,2020,2020,20,2000,decode
e34b996ba1d44ee9a08fb7a5a7bd221b,2020,21,0,"{""type"": ""length"", ""length"": 2000}",2000,1769709222.3560562,2077968.902656589,2077969.098399082,2077969.115484363,2077969.117924676,2077969.118857502,2077983.145065906,0,False,False,2020,2020,20,2000,decode
9512c784993c45b485fb72ded245663b,2020,21,0,"{""type"": ""length"", ""length"": 2000}",2000,1769709222.3564823,2077968.903087679,2077969.098451773,2077969.115665293,2077969.117946206,2077969.118857652,2077983.145076853,0,False,False,2020,2020,20,2000,decode
365443ea55194079bbebfe286bacd33c,2020,21,0,"{""type"": ""length"", ""length"": 2000}",2000,1769709236.8980699,2077983.444957701,2077983.445590697,2077983.446603925,2077983.446967888,2077983.447038685,2077997.577539849,0,False,False,2020,2020,20,2000,decode
a2e4a574f6804ae89ba9607e80812f3a,2020,21,0,"{""type"": ""length"", ""length"": 2000}",2000,1769709236.8989227,2077983.445596645,2077983.447876455,2077983.44852678,2077983.449370885,2077983.449539553,2077997.577558173,0,False,False,2020,2020,20,2000,decode
66039e27650d485097a43b4fc506ce95,2020,21,0,"{""type"": ""length"", ""length"": 2000}",2000,1769709236.8994315,2077983.44607392,2077983.447951528,2077983.448750614,2077983.449396752,2077983.449539912,2077997.577570567,0,False,False,2020,2020,20,2000,decode
ca9f5253887745c7a8d18ac5440ea94a,2020,21,0,"{""type"": ""length"", ""length"": 2000}",2000,1769709236.8999007,2077983.446535767,2077983.448020827,2077983.448948027,2077983.449420854,2077983.449540129,2077997.577582216,0,False,False,2020,2020,20,2000,decode
77cf4c0058074dccb1f7741185e67e8b,2020,21,0,"{""type"": ""length"", ""length"": 2000}",2000,1769709236.900362,2077983.446994359,2077983.448080777,2077983.449150066,2077983.449443515,2077983.449540299,2077997.57759391,0,False,False,2020,2020,20,2000,decode
32cd1f1d428645e8900a24c784ac4b17,2020,21,0,"{""type"": ""length"", ""length"": 2000}",2000,1769709236.9008267,2077983.448861105,2077983.450509129,2077983.451031375,2077983.451638929,2077983.451940073,2077997.577605035,0,False,False,2020,2020,20,2000,decode
397dcdb2cac34d448701e48ad0c9e3da,2020,21,0,"{""type"": ""length"", ""length"": 2000}",2000,1769709236.9027462,2077983.449390284,2077983.450576459,2077983.451238284,2077983.451664499,2077983.45194042,2077997.577616404,0,False,False,2020,2020,20,2000,decode
c4b0e22db57a45f08fd29b9a70472a12,2020,21,0,"{""type"": ""length"", ""length"": 2000}",2000,1769709236.9032366,2077983.449864097,2077983.450637427,2077983.451431357,2077983.451688946,2077983.451940695,2077997.577627801,0,False,False,2020,2020,20,2000,decode
71c1af77e60f4cecbdae241eeacac96b,2020,21,0,"{""type"": ""length"", ""length"": 2000}",2000,1769709236.9036984,2077983.450321705,2077983.45283614,2077983.453425591,2077983.454217031,2077983.4545135,2077997.577639161,0,False,False,2020,2020,20,2000,decode
15b342d028824b619d79af3e927551ba,2020,21,0,"{""type"": ""length"", ""length"": 2000}",2000,1769709236.90416,2077983.450789407,2077983.452908589,2077983.453628482,2077983.45424237,2077983.454513785,2077997.57765019,0,False,False,2020,2020,20,2000,decode
33355c6d4629472da088e2025d9dd201,2020,21,0,"{""type"": ""length"", ""length"": 2000}",2000,1769709236.9046197,2077983.451335808,2077983.452969195,2077983.453818783,2077983.45426855,2077983.45451399,2077997.577661535,0,False,False,2020,2020,20,2000,decode
8f6db61f00694b32bcc6910bd4143222,2020,21,0,"{""type"": ""length"", ""length"": 2000}",2000,1769709236.905177,2077983.451811637,2077983.453034285,2077983.454014133,2077983.454291056,2077983.454514192,2077997.577672582,0,False,False,2020,2020,20,2000,decode
e4df27b4bf6c4966bae0610fb8ff59a1,2020,21,0,"{""type"": ""length"", ""length"": 2000}",2000,1769709236.9092455,2077983.455913284,2077983.458193431,2077983.458608312,2077983.458820232,2077983.458865398,2077997.586297304,0,False,False,2020,2020,20,2000,decode
4f97cfe6c50a4bc89c84d38f3367f49b,2020,21,0,"{""type"": ""length"", ""length"": 2000}",2000,1769709236.9395223,2077983.486241368,2077983.48988857,2077983.490726658,2077983.491980485,2077983.49220345,2077997.643878887,0,False,False,2020,2020,20,2000,decode
13c664aef5a04655b1220a9417ab0fe8,2020,21,0,"{""type"": ""length"", ""length"": 2000}",2000,1769709236.9406798,2077983.487336971,2077983.489968656,2077983.490949726,2077983.492012234,2077983.49220373,2077997.643895482,0,False,False,2020,2020,20,2000,decode
c14b6c09bc044b27b40e9dedca5b4000,2020,21,0,"{""type"": ""length"", ""length"": 2000}",2000,1769709236.9411745,2077983.487816108,2077983.490040186,2077983.491163213,2077983.492035541,2077983.492203943,2077997.643908287,0,False,False,2020,2020,20,2000,decode
d7f0fd9ab8cf47039a8b73f318d6a3aa,2020,21,0,"{""type"": ""length"", ""length"": 2000}",2000,1769709236.9416485,2077983.488267881,2077983.490103453,2077983.491358106,2077983.492057888,2077983.492204267,2077997.643920005,0,False,False,2020,2020,20,2000,decode
102d4c5eb2bc4efd99f5b27fb532b1a3,2020,21,0,"{""type"": ""length"", ""length"": 2000}",2000,1769709236.9420922,2077983.488710459,2077983.490163691,2077983.491549281,2077983.492080089,2077983.492204492,2077997.643931348,0,False,False,2020,2020,20,2000,decode
d7c3f22307a7407585821ac754969391,2020,21,0,"{""type"": ""length"", ""length"": 2000}",2000,1769709236.94275,2077983.489383908,2077983.490223133,2077983.491736936,2077983.492102689,2077983.492204655,2077997.643943344,0,False,False,2020,2020,20,2000,decode
f283c5987a8a4497898b98ed7efee8dc,2020,21,0,"{""type"": ""length"", ""length"": 2000}",2000,1769709236.943243,2077983.489865718,2077983.493757468,2077983.494591206,2077983.496176622,2077983.496603184,2077997.643955907,0,False,False,2020,2020,20,2000,decode
0f3258fbab1f4e3ba4d842d6d4782ee4,2020,21,0,"{""type"": ""length"", ""length"": 2000}",2000,1769709236.9437091,2077983.490325515,2077983.493831533,2077983.494804972,2077983.49620301,2077983.496603622,2077997.643967826,0,False,False,2020,2020,20,2000,decode
9fa20d338e56433599213577c8dfcc23,2020,21,0,"{""type"": ""length"", ""length"": 2000}",2000,1769709236.9441943,2077983.490812006,2077983.493891931,2077983.49499983,2077983.496226755,2077983.496603857,2077997.643979243,0,False,False,2020,2020,20,2000,decode
9ff6711d1fa749e48daf7af9366a75b4,2020,21,0,"{""type"": ""length"", ""length"": 2000}",2000,1769709236.9446378,2077983.49124519,2077983.493949864,2077983.495208874,2077983.496249537,2077983.496604027,2077997.64399048,0,False,False,2020,2020,20,2000,decode
72a4116fb2fb44fea21b083f50bdc459,2020,21,0,"{""type"": ""length"", ""length"": 2000}",2000,1769709236.9451582,2077983.491783864,2077983.494012734,2077983.495400077,2077983.496272141,2077983.496604189,2077997.644006841,0,False,False,2020,2020,20,2000,decode
ac98b22ade724a449a947d0979493226,2020,21,0,"{""type"": ""length"", ""length"": 2000}",2000,1769709236.9456244,2077983.492244935,2077983.494070435,2077983.495586212,2077983.496295161,2077983.496604347,2077997.644018876,0,False,False,2020,2020,20,2000,decode
67821211da764866b815603f8f2c2243,2020,21,0,"{""type"": ""length"", ""length"": 2000}",2000,1769709236.946065,2077983.49267043,2077983.494125001,2077983.495772016,2077983.496317439,2077983.496604523,2077997.644029842,0,False,False,2020,2020,20,2000,decode
3c7f9ee3000f41d5ac6499cd6c4d9b41,2020,21,0,"{""type"": ""length"", ""length"": 2000}",2000,1769709236.9464858,2077983.493102891,2077983.494183754,2077983.495959962,2077983.496339993,2077983.496604678,2077997.644041197,0,False,False,2020,2020,20,2000,decode
fcc8864a523c4309bbd36d26c41da63c,2020,21,0,"{""type"": ""length"", ""length"": 2000}",2000,1769709236.9469166,2077983.493595816,2077983.497704531,2077983.498354635,2077983.499358859,2077983.499680068,2077997.644052591,0,False,False,2020,2020,20,2000,decode
58c2f0d310e54211a2b407c7f72438ca,2020,21,0,"{""type"": ""length"", ""length"": 2000}",2000,1769709236.9474123,2077983.494023053,2077983.497776425,2077983.498563401,2077983.499384412,2077983.499680482,2077997.644063739,0,False,False,2020,2020,20,2000,decode
57a74174968644ddaa53ffe3e9722437,2020,21,0,"{""type"": ""length"", ""length"": 2000}",2000,1769709236.947828,2077983.494426049,2077983.497835653,2077983.498756726,2077983.499407619,2077983.499680731,2077997.644074923,0,False,False,2020,2020,20,2000,decode
650d3f8f1b8d49b39496b667f082a15c,2020,21,0,"{""type"": ""length"", ""length"": 2000}",2000,1769709236.9500642,2077983.496703866,2077983.49789233,2077983.49894414,2077983.499430128,2077983.499680951,2077997.644086212,0,False,False,2020,2020,20,2000,decode
c8080b69c2764690b1afa8b9c3277249,2020,21,0,"{""type"": ""length"", ""length"": 2000}",2000,1769709236.9505324,2077983.497165922,2077983.49794951,2077983.499145541,2077983.499452603,2077983.49968113,2077997.644097277,0,False,False,2020,2020,20,2000,decode
3de55579ee7644719efc95041bab64cc,2020,21,0,"{""type"": ""length"", ""length"": 2000}",2000,1769709236.9509852,2077983.497597442,2077983.500646163,2077983.501353331,2077983.502525226,2077983.502870144,2077997.644108763,0,False,False,2020,2020,20,2000,decode
d1b2417aaf0f45118c56617811f79081,2020,21,0,"{""type"": ""length"", ""length"": 2000}",2000,1769709236.9514081,2077983.498021254,2077983.500718478,2077983.501559276,2077983.502550877,2077983.50287051,2077997.644120019,0,False,False,2020,2020,20,2000,decode
efd85657a1544c1caf80075118259749,2020,21,0,"{""type"": ""length"", ""length"": 2000}",2000,1769709236.9518356,2077983.498728046,2077983.500779343,2077983.50174902,2077983.502574732,2077983.502870719,2077997.644131129,0,False,False,2020,2020,20,2000,decode
fe347a6152d848608a7164a903bd3545,2020,21,0,"{""type"": ""length"", ""length"": 2000}",2000,1769709236.9525902,2077983.499214405,2077983.500839087,2077983.501935908,2077983.50259788,2077983.502870879,2077997.644142823,0,False,False,2020,2020,20,2000,decode
3adc26de3f224b05af6992e39954ef1e,2020,21,0,"{""type"": ""length"", ""length"": 2000}",2000,1769709236.9530494,2077983.499658701,2077983.500896747,2077983.502133538,2077983.502620564,2077983.502871043,2077997.644154136,0,False,False,2020,2020,20,2000,decode
5709e4769c2d46f3af8aa3ce17e48867,2020,21,0,"{""type"": ""length"", ""length"": 2000}",2000,1769709236.953482,2077983.500090475,2077983.500951355,2077983.50232138,2077983.502643981,2077983.502871202,2077997.644165685,0,False,False,2020,2020,20,2000,decode
5e12d0cf394a4aad8f5df191307a214f,2020,21,0,"{""type"": ""length"", ""length"": 2000}",2000,1769709236.9539058,2077983.50050821,2077983.503853492,2077983.504503953,2077983.505485625,2077983.505800048,2077997.644176831,0,False,False,2020,2020,20,2000,decode
c1e4d9581cea448dbd4b20751947098c,2020,21,0,"{""type"": ""length"", ""length"": 2000}",2000,1769709236.9543917,2077983.500995208,2077983.503925061,2077983.50470735,2077983.505511293,2077983.505800384,2077997.644188261,0,False,False,2020,2020,20,2000,decode
f95fee157d5a4b38b7fea95208deb17f,2020,21,0,"{""type"": ""length"", ""length"": 2000}",2000,1769709236.954818,2077983.501418229,2077983.503986042,2077983.504896324,2077983.505534603,2077983.505800596,2077997.64419996,0,False,False,2020,2020,20,2000,decode
3d292eca9ad54917889d4a2c73f25216,2020,21,0,"{""type"": ""length"", ""length"": 2000}",2000,1769709236.955236,2077983.501840048,2077983.504051057,2077983.505091318,2077983.505557682,2077983.505800761,2077997.644210937,0,False,False,2020,2020,20,2000,decode
dba6b1c7955d4877b0e0634d9ff04c3f,2020,21,0,"{""type"": ""length"", ""length"": 2000}",2000,1769709236.9556615,2077983.502254051,2077983.50410733,2077983.505279398,2077983.505583606,2077983.505800921,2077997.644221973,0,False,False,2020,2020,20,2000,decode
e6eff8d1708d443daef22702257fc401,2020,21,0,"{""type"": ""length"", ""length"": 2000}",2000,1769709236.9560783,2077983.503909916,2077983.506768627,2077983.507499451,2077983.508659821,2077983.509011211,2077997.644233063,0,False,False,2020,2020,20,2000,decode
ff2b9aa216084013996b4c1dbae15559,2020,21,0,"{""type"": ""length"", ""length"": 2000}",2000,1769709236.957782,2077983.504393211,2077983.506841935,2077983.507700966,2077983.508685837,2077983.509011621,2077997.644244181,0,False,False,2020,2020,20,2000,decode
f70bfe5438a44ee3a6345cc4606b91e1,2020,21,0,"{""type"": ""length"", ""length"": 2000}",2000,1769709236.9582343,2077983.504837612,2077983.506903487,2077983.507889305,2077983.508709356,2077983.509011821,2077997.644259367,0,False,False,2020,2020,20,2000,decode
f15b401c1d6e4882a7f7f98cbd2e5c74,2020,21,0,"{""type"": ""length"", ""length"": 2000}",2000,1769709236.9586744,2077983.505273139,2077983.506961786,2077983.508084101,2077983.508731818,2077983.50901199,2077997.644270751,0,False,False,2020,2020,20,2000,decode
d0b690de4d6c49349009380b6bf44085,2020,21,0,"{""type"": ""length"", ""length"": 2000}",2000,1769709236.9590952,2077983.505690719,2077983.507041891,2077983.50827442,2077983.508754277,2077983.509012172,2077997.644283287,0,False,False,2020,2020,20,2000,decode
653f20b90eb445d1aa5b79c6fbed043a,2020,21,0,"{""type"": ""length"", ""length"": 2000}",2000,1769709236.9595747,2077983.506181483,2077983.507100605,2077983.508459717,2077983.508776981,2077983.50901234,2077997.644294703,0,False,False,2020,2020,20,2000,decode
62a92f2d034c4957bcd691c1651f8afd,2020,21,0,"{""type"": ""length"", ""length"": 2000}",2000,1769709236.96001,2077983.506609192,2077983.510049877,2077983.510873112,2077983.512425025,2077983.512841682,2077997.64430577,0,False,False,2020,2020,20,2000,decode
9ddccd2ce05c49679d2cae72e706d1fe,2020,21,0,"{""type"": ""length"", ""length"": 2000}",2000,1769709236.9604256,2077983.507026719,2077983.510122365,2077983.511088047,2077983.512450808,2077983.512842112,2077997.644317075,0,False,False,2020,2020,20,2000,decode
c77418e708164e30935859aeb92fae26,2020,21,0,"{""type"": ""length"", ""length"": 2000}",2000,1769709236.9608376,2077983.507427861,2077983.510181284,2077983.511283964,2077983.512475382,2077983.512842333,2077997.644329978,0,False,False,2020,2020,20,2000,decode
0736194222fe441593583dc267aa6be5,2020,21,0,"{""type"": ""length"", ""length"": 2000}",2000,1769709236.9613092,2077983.507898842,2077983.5102373,2077983.511469779,2077983.51249865,2077983.512842489,2077997.644342731,0,False,False,2020,2020,20,2000,decode
a7ed3c4af230444088eb1f34d5805d92,2020,21,0,"{""type"": ""length"", ""length"": 2000}",2000,1769709236.9617364,2077983.508324057,2077983.510292817,2077983.511656275,2077983.51252162,2077983.512842673,2077997.644355619,0,False,False,2020,2020,20,2000,decode
8fd352e050fb48e9b7858d6ef9124e9a,2020,21,0,"{""type"": ""length"", ""length"": 2000}",2000,1769709236.9621375,2077983.508727936,2077983.510347963,2077983.51184032,2077983.512544337,2077983.512842833,2077997.644369227,0,False,False,2020,2020,20,2000,decode
105ceba67210461e82c5261cd3fdd835,2020,21,0,"{""type"": ""length"", ""length"": 2000}",2000,1769709236.9625447,2077983.509141707,2077983.510403509,2077983.512030386,2077983.512567323,2077983.512843004,2077997.644382395,0,False,False,2020,2020,20,2000,decode
1cbe71a8991c49db8bdb36efe61e4741,2020,21,0,"{""type"": ""length"", ""length"": 2000}",2000,1769709236.9629538,2077983.509612927,2077983.510459739,2077983.512218411,2077983.51259003,2077983.512843172,2077997.644394924,0,False,False,2020,2020,20,2000,decode
f255c282ebff4bb5b744ccaeca8220ec,2020,21,0,"{""type"": ""length"", ""length"": 2000}",2000,1769709236.9634275,2077983.510015937,2077983.514007667,2077983.515164457,2077983.517094196,2077983.517586494,2077997.64440794,0,False,False,2020,2020,20,2000,decode
a23b7ed22ab646cf81e9cb8e069f217c,2020,21,0,"{""type"": ""length"", ""length"": 2000}",2000,1769709236.9638224,2077983.510402418,2077983.514084678,2077983.515375036,2077983.517120916,2077983.517586823,2077997.644420528,0,False,False,2020,2020,20,2000,decode
4c27631844ab4419bdac06b043f26922,2020,21,0,"{""type"": ""length"", ""length"": 2000}",2000,1769709236.964201,2077983.510779156,2077983.514145524,2077983.515567212,2077983.517144513,2077983.517587051,2077997.644433077,0,False,False,2020,2020,20,2000,decode
7ed2fc2b66b04a2dad085f5bdcafaa7f,2020,21,0,"{""type"": ""length"", ""length"": 2000}",2000,1769709236.9646025,2077983.511189943,2077983.514201511,2077983.515754567,2077983.517168439,2077983.517587271,2077997.644445885,0,False,False,2020,2020,20,2000,decode
cd1cf1f0dcc146ecb3578cc7cc71555a,2020,21,0,"{""type"": ""length"", ""length"": 2000}",2000,1769709236.9650843,2077983.511673159,2077983.514256866,2077983.515941378,2077983.517191727,2077983.51758745,2077997.644458427,0,False,False,2020,2020,20,2000,decode
6266fe4d2a9f4e6aada9dc5b124bb609,2020,21,0,"{""type"": ""length"", ""length"": 2000}",2000,1769709236.9654808,2077983.512071189,2077983.514311458,2077983.516136798,2077983.517215878,2077983.517587639,2077997.644469521,0,False,False,2020,2020,20,2000,decode
882808e4acfd4ddda150f102c94332d0,2020,21,0,"{""type"": ""length"", ""length"": 2000}",2000,1769709236.9658709,2077983.512447873,2077983.514367897,2077983.516323109,2077983.517239041,2077983.517587839,2077997.644480802,0,False,False,2020,2020,20,2000,decode
db6f8ec6ea2f472dbf286cbf47f89dae,2020,21,0,"{""type"": ""length"", ""length"": 2000}",2000,1769709236.9662426,2077983.512819883,2077983.514605151,2077983.51650518,2077983.517262418,2077983.51758802,2077997.644493483,0,False,False,2020,2020,20,2000,decode
5c121131ef784cdbaa6967b8e3d76834,2020,21,0,"{""type"": ""length"", ""length"": 2000}",2000,1769709236.966705,2077983.513303653,2077983.514677177,2077983.516689304,2077983.517285074,2077983.517588217,2077997.644506358,0,False,False,2020,2020,20,2000,decode
a75cff9dfa724b81bd7e2c512248cedc,2020,21,0,"{""type"": ""length"", ""length"": 2000}",2000,1769709236.967139,2077983.513731984,2077983.514734668,2077983.516871738,2077983.517308343,2077983.517588381,2077997.644517919,0,False,False,2020,2020,20,2000,decode
6fa8f7e4e87d49dfb7af3686d85515f2,2020,21,0,"{""type"": ""length"", ""length"": 2000}",2000,1769709236.967544,2077983.514144034,2077983.518826835,2077983.51983681,2077983.521950186,2077983.522480956,2077997.644530263,0,False,False,2020,2020,20,2000,decode
eb7d4eb936e54e60a50233b786d67743,2020,21,0,"{""type"": ""length"", ""length"": 2000}",2000,1769709236.9679594,2077983.514543709,2077983.518898695,2077983.52004991,2077983.52197645,2077983.522481348,2077997.644541496,0,False,False,2020,2020,20,2000,decode
ef5ef26072ef455c85c51b34193eccdc,2020,21,0,"{""type"": ""length"", ""length"": 2000}",2000,1769709236.9684143,2077983.515009439,2077983.518958928,2077983.520247144,2077983.522005391,2077983.522481589,2077997.644552847,0,False,False,2020,2020,20,2000,decode
9d0cef3ae72d441d97b600e1ec8dad12,2020,21,0,"{""type"": ""length"", ""length"": 2000}",2000,1769709236.9688191,2077983.515402043,2077983.519021813,2077983.520434686,2077983.522028752,2077983.522481778,2077997.644565792,0,False,False,2020,2020,20,2000,decode
774fb53d3a7e4415b9288f569f791809,2020,21,0,"{""type"": ""length"", ""length"": 2000}",2000,1769709236.969211,2077983.51580095,2077983.519077884,2077983.520619687,2077983.522051644,2077983.522481982,2077997.644578309,0,False,False,2020,2020,20,2000,decode
92d45cb67c6b4d13afd7df21a91c6c9c,2020,21,0,"{""type"": ""length"", ""length"": 2000}",2000,1769709236.9696214,2077983.516210322,2077983.51913356,2077983.520804241,2077983.522074644,2077983.522482147,2077997.644589986,0,False,False,2020,2020,20,2000,decode
72e28a5d463447b69d3bb4f0638e9056,2020,21,0,"{""type"": ""length"", ""length"": 2000}",2000,1769709236.9700146,2077983.516674476,2077983.519187324,2077983.520988606,2077983.522097259,2077983.522482306,2077997.644602542,0,False,False,2020,2020,20,2000,decode
540d0949bcc145dca4737b807303d4ce,2020,21,0,"{""type"": ""length"", ""length"": 2000}",2000,1769709236.9704807,2077983.517076627,2077983.51924186,2077983.52118378,2077983.522121736,2077983.522482536,2077997.644615123,0,False,False,2020,2020,20,2000,decode
349f2585ed7b454498f08b648a390830,2020,21,0,"{""type"": ""length"", ""length"": 2000}",2000,1769709236.9708776,2077983.517459472,2077983.519297246,2077983.521367996,2077983.52214424,2077983.522482711,2077997.644628043,0,False,False,2020,2020,20,2000,decode
75942de8ac90444aa375d11ca52c7ad6,2020,21,0,"{""type"": ""length"", ""length"": 2000}",2000,1769709236.971262,2077983.51784003,2077983.51935278,2077983.521549941,2077983.52216679,2077983.522482871,2077997.644641317,0,False,False,2020,2020,20,2000,decode
884bb49a1f1a45e988cbc3a13124bdb0,2020,21,0,"{""type"": ""length"", ""length"": 2000}",2000,1769709236.9716449,2077983.518228016,2077983.519407914,2077983.5217331,2077983.522189166,2077983.522483029,2077997.644652796,0,False,False,2020,2020,20,2000,decode
a3a15ec74ce84dfca81fa4f5954a308f,2020,21,0,"{""type"": ""length"", ""length"": 2000}",2000,1769709236.9721167,2077983.518698972,2077983.523771121,2077983.524829886,2077983.527139571,2077983.527706151,2077997.644665291,0,False,False,2020,2020,20,2000,decode
50d51e17cdd34b01a0822350d05fc1ec,2020,21,0,"{""type"": ""length"", ""length"": 2000}",2000,1769709236.9725125,2077983.519102426,2077983.523839994,2077983.52504417,2077983.527166557,2077983.527706525,2077997.644676544,0,False,False,2020,2020,20,2000,decode
b309f01477ae495db17a431207028bd5,2020,21,0,"{""type"": ""length"", ""length"": 2000}",2000,1769709236.9729116,2077983.5194888,2077983.523898909,2077983.525240885,2077983.527191169,2077983.527706769,2077997.644688943,0,False,False,2020,2020,20,2000,decode
7f87b6f7af6f4312a722c852cf485162,2020,21,0,"{""type"": ""length"", ""length"": 2000}",2000,1769709236.973287,2077983.519871118,2077983.523954148,2077983.525428645,2077983.527214278,2077983.527706973,2077997.644700453,0,False,False,2020,2020,20,2000,decode
a12862daae7b457cb722ae3293ea77de,2020,21,0,"{""type"": ""length"", ""length"": 2000}",2000,1769709236.973765,2077983.520350864,2077983.524016545,2077983.52561323,2077983.527237622,2077983.527707172,2077997.644711837,0,False,False,2020,2020,20,2000,decode
2441491cf95246aabe248b98b2181036,2020,21,0,"{""type"": ""length"", ""length"": 2000}",2000,1769709236.9741642,2077983.520747638,2077983.52407292,2077983.525797256,2077983.527261267,2077983.527707345,2077997.64472409,0,False,False,2020,2020,20,2000,decode
6a4bcb2edd0c4ffbaa136dd7cb7a7f51,2020,21,0,"{""type"": ""length"", ""length"": 2000}",2000,1769709236.9745498,2077983.521139847,2077983.524128462,2077983.525980959,2077983.527284835,2077983.527707512,2077997.644735323,0,False,False,2020,2020,20,2000,decode
e865fdb36be84295b80382473a455772,2020,21,0,"{""type"": ""length"", ""length"": 2000}",2000,1769709236.9749413,2077983.521515471,2077983.52418313,2077983.526178195,2077983.527308029,2077983.527707748,2077997.644747918,0,False,False,2020,2020,20,2000,decode
47a0dad9d0414d00be23d5e6fd958cc4,2020,21,0,"{""type"": ""length"", ""length"": 2000}",2000,1769709236.9753838,2077983.521977124,2077983.524238304,2077983.526362484,2077983.527331679,2077983.527707912,2077997.644760555,0,False,False,2020,2020,20,2000,decode
26cc959d65784699bdeaaf8ff267b2ce,2020,21,0,"{""type"": ""length"", ""length"": 2000}",2000,1769709236.9758139,2077983.522405551,2077983.524292741,2077983.526547124,2077983.527355182,2077983.52770808,2077997.644771703,0,False,False,2020,2020,20,2000,decode
13d560c5ea58462f8b5ba303d4cc0193,2020,21,0,"{""type"": ""length"", ""length"": 2000}",2000,1769709236.976227,2077983.522813881,2077983.524346493,2077983.526730494,2077983.527379107,2077983.527708252,2077997.644782794,0,False,False,2020,2020,20,2000,decode
cc161e490ff0403ea7a3ba7bab2204ed,2020,21,0,"{""type"": ""length"", ""length"": 2000}",2000,1769709236.976636,2077983.523217893,2077983.524399798,2077983.526914355,2077983.527402388,2077983.52770841,2077997.644794563,0,False,False,2020,2020,20,2000,decode
c79b88a7eb304698be8ac4acf20b769e,2020,21,0,"{""type"": ""length"", ""length"": 2000}",2000,1769709236.977024,2077983.523671342,2077983.529021885,2077983.529992588,2077983.531945887,2077983.532452578,2077997.644807395,0,False,False,2020,2020,20,2000,decode
b23f47477aab47659ec9422eb0efdffc,2020,21,0,"{""type"": ""length"", ""length"": 2000}",2000,1769709236.9774826,2077983.52407103,2077983.529096172,2077983.530214635,2077983.531972236,2077983.532452986,2077997.64481883,0,False,False,2020,2020,20,2000,decode
3589ed2db0e84f1586020b1e7921e217,2020,21,0,"{""type"": ""length"", ""length"": 2000}",2000,1769709236.9778876,2077983.524480766,2077983.529156688,2077983.530407177,2077983.531996513,2077983.532453238,2077997.644831388,0,False,False,2020,2020,20,2000,decode
1c8881fabaf94f8ca994e89e39527a2e,2020,21,0,"{""type"": ""length"", ""length"": 2000}",2000,1769709236.9782915,2077983.524878711,2077983.529214034,2077983.530594468,2077983.532025807,2077983.53245342,2077997.644845176,0,False,False,2020,2020,20,2000,decode
74b79c141b224206b21a13ecd00ba0cc,2020,21,0,"{""type"": ""length"", ""length"": 2000}",2000,1769709236.978693,2077983.525277781,2077983.529270516,2077983.530779733,2077983.532049392,2077983.532453624,2077997.644856854,0,False,False,2020,2020,20,2000,decode
ceb132ac1826489cba5c16e6809034cf,2020,21,0,"{""type"": ""length"", ""length"": 2000}",2000,1769709236.9798634,2077983.526473147,2077983.52932566,2077983.530969364,2077983.532072748,2077983.532453799,2077997.64486963,0,False,False,2020,2020,20,2000,decode
247fd8f0d7564d39abfb9d8390c9902c,2020,21,0,"{""type"": ""length"", ""length"": 2000}",2000,1769709236.9803097,2077983.526901341,2077983.529379197,2077983.531164824,2077983.532095861,2077983.532453981,2077997.644881198,0,False,False,2020,2020,20,2000,decode
d421c6b93b4c41fa836bd71990f5687f,2020,21,0,"{""type"": ""length"", ""length"": 2000}",2000,1769709236.9807239,2077983.527310718,2077983.529434228,2077983.531356414,2077983.532118898,2077983.532454173,2077997.644894342,0,False,False,2020,2020,20,2000,decode
5a2c8c7c65954378914b514821d8abc2,2020,21,0,"{""type"": ""length"", ""length"": 2000}",2000,1769709236.9811254,2077983.527713019,2077983.529489201,2077983.53154287,2077983.532141974,2077983.532454366,2077997.644906687,0,False,False,2020,2020,20,2000,decode
e002c3c069d34aad8ff6e08df0466d9b,2020,21,0,"{""type"": ""length"", ""length"": 2000}",2000,1769709236.9815936,2077983.528181537,2077983.529543022,2077983.531726564,2077983.532164824,2077983.532454531,2077997.644919419,0,False,False,2020,2020,20,2000,decode
56bef93055c248978f4f1d1ca5d43cd1,2020,21,0,"{""type"": ""length"", ""length"": 2000}",2000,1769709251.1192348,2077997.666186202,2077997.666665032,2077997.667303636,2077997.66762776,2077997.667681783,2078011.634955383,0,False,False,2020,2020,20,2000,decode
eeb70011cdd947ad9bd0832d69d7efb5,2020,21,0,"{""type"": ""length"", ""length"": 2000}",2000,1769709251.1205056,2077997.667195343,2077997.668412097,2077997.668909023,2077997.669348896,2077997.66944354,2078011.634972859,0,False,False,2020,2020,20,2000,decode
272fcdf15e4447c2b10edf9c3ee82b7e,2020,21,0,"{""type"": ""length"", ""length"": 2000}",2000,1769709251.1210825,2077997.667728353,2077997.668485807,2077997.669133739,2077997.66937398,2077997.669443809,2078011.634985855,0,False,False,2020,2020,20,2000,decode
68387616dab64047b77e7630c367a720,2020,21,0,"{""type"": ""length"", ""length"": 2000}",2000,1769709251.1216068,2077997.668243409,2077997.670279635,2077997.670839791,2077997.671463716,2077997.671741666,2078011.634997512,0,False,False,2020,2020,20,2000,decode
84094497c16a47f68c7759bdca9554a7,2020,21,0,"{""type"": ""length"", ""length"": 2000}",2000,1769709251.1221082,2077997.668734624,2077997.6703521,2077997.671056773,2077997.671488957,2077997.671742031,2078011.635014465,0,False,False,2020,2020,20,2000,decode
849e8d2981b54b528785acb96691579e,2020,21,0,"{""type"": ""length"", ""length"": 2000}",2000,1769709251.1225977,2077997.669220152,2077997.67041252,2077997.671254828,2077997.671512121,2077997.671742207,2078011.635025962,0,False,False,2020,2020,20,2000,decode
cda0ca381e334f13908b4874477e8583,2020,21,0,"{""type"": ""length"", ""length"": 2000}",2000,1769709251.1248553,2077997.671524675,2077997.67258357,2077997.673077427,2077997.673508843,2077997.673726804,2078011.63503754,0,False,False,2020,2020,20,2000,decode
0db3377fb05e4c56b96f75b33568dc3e,2020,21,0,"{""type"": ""length"", ""length"": 2000}",2000,1769709251.1254275,2077997.672083022,2077997.672654149,2077997.673298315,2077997.673534537,2077997.673727109,2078011.635048436,0,False,False,2020,2020,20,2000,decode
da165fd89df54f5480b594b832085b54,2020,21,0,"{""type"": ""length"", ""length"": 2000}",2000,1769709251.1259668,2077997.672599969,2077997.67452671,2077997.675129986,2077997.675927301,2077997.676213246,2078011.635060087,0,False,False,2020,2020,20,2000,decode
e1b93ce86d814a2fb19a469017c88c63,2020,21,0,"{""type"": ""length"", ""length"": 2000}",2000,1769709251.1264663,2077997.673105673,2077997.674594604,2077997.6753412,2077997.675953591,2077997.676213582,2078011.635071077,0,False,False,2020,2020,20,2000,decode
3ec31131404148c3b6db3bb5757e73e2,2020,21,0,"{""type"": ""length"", ""length"": 2000}",2000,1769709251.1269727,2077997.6735982,2077997.67465359,2077997.675533686,2077997.675976924,2077997.676213798,2078011.635082016,0,False,False,2020,2020,20,2000,decode
035070284c7f4bf6b9765b74370b1992,2020,21,0,"{""type"": ""length"", ""length"": 2000}",2000,1769709251.1275494,2077997.674183189,2077997.674710399,2077997.67572221,2077997.675999504,2077997.676214016,2078011.635093135,0,False,False,2020,2020,20,2000,decode
ccc02166de8249b2af2cd2e92a054ae6,2020,21,0,"{""type"": ""length"", ""length"": 2000}",2000,1769709251.1281724,2077997.674820047,2077997.677031193,2077997.677425776,2077997.677621406,2077997.677787996,2078011.635104376,0,False,False,2020,2020,20,2000,decode
d55efabe14564e7799c23dec3235e177,2020,21,0,"{""type"": ""length"", ""length"": 2000}",2000,1769709251.377222,2077997.923944703,2077997.927126037,2077997.927733493,2077997.928034429,2077997.928084364,2078012.17303589,0,False,False,2020,2020,20,2000,decode
71d55ceb26044d0e839473a68822604c,2020,21,0,"{""type"": ""length"", ""length"": 2000}",2000,1769709251.408783,2077997.955495088,2077997.959702654,2077997.960532201,2077997.961803405,2077997.962032816,2078012.241798625,0,False,False,2020,2020,20,2000,decode
80a9999e532542c3ae9ec4f66c14cfb3,2020,21,0,"{""type"": ""length"", ""length"": 2000}",2000,1769709251.4100006,2077997.956659123,2077997.959780229,2077997.960757186,2077997.961830599,2077997.962033112,2078012.241814798,0,False,False,2020,2020,20,2000,decode
181044094cf84137873849c179c2e2cb,2020,21,0,"{""type"": ""length"", ""length"": 2000}",2000,1769709251.4105308,2077997.957171897,2077997.959843307,2077997.9609578,2077997.961854265,2077997.96203336,2078012.241827595,0,False,False,2020,2020,20,2000,decode
c9884aec1d194594a0005cd17c494bc1,2020,21,0,"{""type"": ""length"", ""length"": 2000}",2000,1769709251.4110384,2077997.957674248,2077997.959902025,2077997.961171037,2077997.961877109,2077997.96203352,2078012.241839607,0,False,False,2020,2020,20,2000,decode
4e15c7f69a6444a49ce42894a17738e3,2020,21,0,"{""type"": ""length"", ""length"": 2000}",2000,1769709251.4115407,2077997.958175445,2077997.959959966,2077997.961369705,2077997.961899692,2077997.962033744,2078012.241851143,0,False,False,2020,2020,20,2000,decode
0a6d35be2e24476babec348ae138a811,2020,21,0,"{""type"": ""length"", ""length"": 2000}",2000,1769709251.412345,2077997.958980373,2077997.960023859,2077997.961559438,2077997.961922703,2077997.962033905,2078012.241863047,0,False,False,2020,2020,20,2000,decode
574559800fdf421186e9ebef4399aa53,2020,21,0,"{""type"": ""length"", ""length"": 2000}",2000,1769709251.4128532,2077997.959476941,2077997.963595806,2077997.96443307,2077997.965999297,2077997.966437651,2078012.241874795,0,False,False,2020,2020,20,2000,decode
12cb882b262847ebb8e90dbb8a2a73c3,2020,21,0,"{""type"": ""length"", ""length"": 2000}",2000,1769709251.4133253,2077997.959943577,2077997.963670956,2077997.96464005,2077997.966031908,2077997.966438076,2078012.241885842,0,False,False,2020,2020,20,2000,decode
f53512f0819f468bad36d1f4f5427dae,2020,21,0,"{""type"": ""length"", ""length"": 2000}",2000,1769709251.413801,2077997.960412182,2077997.963732687,2077997.96483136,2077997.966056284,2077997.966438306,2078012.241898591,0,False,False,2020,2020,20,2000,decode
0adcb58c711d40b99a4aa3fa120417a0,2020,21,0,"{""type"": ""length"", ""length"": 2000}",2000,1769709251.414258,2077997.960867166,2077997.963790664,2077997.965027326,2077997.966079626,2077997.966438506,2078012.241909944,0,False,False,2020,2020,20,2000,decode
743b8d58663d4b8bba5461fb8506e14c,2020,21,0,"{""type"": ""length"", ""length"": 2000}",2000,1769709251.4148223,2077997.961457165,2077997.963848828,2077997.96522284,2077997.966102903,2077997.966438703,2078012.241921093,0,False,False,2020,2020,20,2000,decode
754506e784584f4db404cf2d2e55064a,2020,21,0,"{""type"": ""length"", ""length"": 2000}",2000,1769709251.4153287,2077997.961954092,2077997.963907142,2077997.96540995,2077997.966126416,2077997.966438867,2078012.241931996,0,False,False,2020,2020,20,2000,decode
9bcef07c65684028bcdb2740ad8e07d9,2020,21,0,"{""type"": ""length"", ""length"": 2000}",2000,1769709251.41582,2077997.96244103,2077997.963964195,2077997.965595141,2077997.966149532,2077997.966439056,2078012.241943266,0,False,False,2020,2020,20,2000,decode
f0be092e209a4e03a3366774c2d652b0,2020,21,0,"{""type"": ""length"", ""length"": 2000}",2000,1769709251.4162855,2077997.962898774,2077997.964028057,2077997.965779396,2077997.966172549,2077997.96643921,2078012.241954536,0,False,False,2020,2020,20,2000,decode
d399e81ee4384693b98fa6187999602b,2020,21,0,"{""type"": ""length"", ""length"": 2000}",2000,1769709251.4168246,2077997.963437716,2077997.967562464,2077997.968274147,2077997.969468816,2077997.969821304,2078012.241965802,0,False,False,2020,2020,20,2000,decode
ffaa6f407f984491a3c1db47e5c676bd,2020,21,0,"{""type"": ""length"", ""length"": 2000}",2000,1769709251.417275,2077997.963882412,2077997.967634737,2077997.96848437,2077997.969494529,2077997.96982167,2078012.241976794,0,False,False,2020,2020,20,2000,decode
0dbd47236ae641f2a9fba270fffcbf58,2020,21,0,"{""type"": ""length"", ""length"": 2000}",2000,1769709251.4177425,2077997.964364266,2077997.967694926,2077997.968678115,2077997.969518074,2077997.969821872,2078012.241987702,0,False,False,2020,2020,20,2000,decode
ffb953d070204a0d94cec60c650dec6b,2020,21,0,"{""type"": ""length"", ""length"": 2000}",2000,1769709251.4182122,2077997.964828524,2077997.967754396,2077997.968866926,2077997.969541069,2077997.969822034,2078012.241998472,0,False,False,2020,2020,20,2000,decode
56d98146f31e4bb28b51d65560611c36,2020,21,0,"{""type"": ""length"", ""length"": 2000}",2000,1769709251.418673,2077997.965278109,2077997.967810627,2077997.969062556,2077997.969563912,2077997.969822211,2078012.242021849,0,False,False,2020,2020,20,2000,decode
d2d729f2f0084778a0029c678ee9a7dd,2020,21,0,"{""type"": ""length"", ""length"": 2000}",2000,1769709251.4192014,2077997.96581043,2077997.967866,2077997.969254967,2077997.969586894,2077997.969822395,2078012.24203329,0,False,False,2020,2020,20,2000,decode
5182cb306e2d4bba8df616bf80e0d0d4,2020,21,0,"{""type"": ""length"", ""length"": 2000}",2000,1769709251.4215376,2077997.968191968,2077997.97082252,2077997.971474314,2077997.972481488,2077997.972794799,2078012.242044207,0,False,False,2020,2020,20,2000,decode
33edda05992649aeaaf47a1840e9806d,2020,21,0,"{""type"": ""length"", ""length"": 2000}",2000,1769709251.4220629,2077997.968694777,2077997.970894574,2077997.971680783,2077997.972507685,2077997.972795115,2078012.242054981,0,False,False,2020,2020,20,2000,decode
63dc73eacd54482b84597eb49bedf940,2020,21,0,"{""type"": ""length"", ""length"": 2000}",2000,1769709251.4225452,2077997.969179808,2077997.970955398,2077997.971872844,2077997.972530906,2077997.972795318,2078012.242066117,0,False,False,2020,2020,20,2000,decode
63ebcf3042774e4a9b8b25c48333598c,2020,21,0,"{""type"": ""length"", ""length"": 2000}",2000,1769709251.4230344,2077997.969650533,2077997.971019191,2077997.972069006,2077997.972554049,2077997.972795475,2078012.242077203,0,False,False,2020,2020,20,2000,decode
902cb869bb704cacad0104e8cc598321,2020,21,0,"{""type"": ""length"", ""length"": 2000}",2000,1769709251.4235015,2077997.970122516,2077997.971076223,2077997.972260517,2077997.972578733,2077997.972795632,2078012.242088617,0,False,False,2020,2020,20,2000,decode
adb1544639114f2da0fe0697e83dacfe,2020,21,0,"{""type"": ""length"", ""length"": 2000}",2000,1769709251.424285,2077997.970923193,2077997.973748327,2077997.974676743,2077997.975886408,2077997.976240546,2078012.242099801,0,False,False,2020,2020,20,2000,decode
612ebecac24747a5b49aa3901a59ad4d,2020,21,0,"{""type"": ""length"", ""length"": 2000}",2000,1769709251.4247994,2077997.971424216,2077997.973820701,2077997.974902627,2077997.975912331,2077997.976241228,2078012.242111043,0,False,False,2020,2020,20,2000,decode
380ba9239c3644d3892caee940d5f8d2,2020,21,0,"{""type"": ""length"", ""length"": 2000}",2000,1769709251.425278,2077997.971893068,2077997.973882623,2077997.975109063,2077997.975935979,2077997.976241449,2078012.24212237,0,False,False,2020,2020,20,2000,decode
3ce6cec17c484c97a0d5e804df68e91f,2020,21,0,"{""type"": ""length"", ""length"": 2000}",2000,1769709251.4257462,2077997.972358332,2077997.97393933,2077997.975302188,2077997.975958908,2077997.976241654,2078012.242133668,0,False,False,2020,2020,20,2000,decode
f046b909084c40aa8f12b4331d8c537e,2020,21,0,"{""type"": ""length"", ""length"": 2000}",2000,1769709251.4262762,2077997.972888141,2077997.973999311,2077997.975488556,2077997.975981871,2077997.976241816,2078012.242144699,0,False,False,2020,2020,20,2000,decode
b0c745dcb80e4aaeb65f1d13b042de0c,2020,21,0,"{""type"": ""length"", ""length"": 2000}",2000,1769709251.4267333,2077997.973337356,2077997.974062516,2077997.97567286,2077997.976011622,2077997.976242017,2078012.242155776,0,False,False,2020,2020,20,2000,decode
a9e7db6023fd4132a62bf85410957c11,2020,21,0,"{""type"": ""length"", ""length"": 2000}",2000,1769709251.4271805,2077997.973796874,2077997.97728473,2077997.978070893,2077997.979465783,2077997.979847612,2078012.242167055,0,False,False,2020,2020,20,2000,decode
1bca225384624357817b83a565f0b8e7,2020,21,0,"{""type"": ""length"", ""length"": 2000}",2000,1769709251.4276457,2077997.974254145,2077997.977359289,2077997.97828319,2077997.979491524,2077997.979847946,2078012.242178197,0,False,False,2020,2020,20,2000,decode
f6588a91a09a40a49e294d4236d85516,2020,21,0,"{""type"": ""length"", ""length"": 2000}",2000,1769709251.4280922,2077997.974696989,2077997.977419691,2077997.978477176,2077997.979515203,2077997.979848154,2078012.242189371,0,False,False,2020,2020,20,2000,decode
6e4afa66c8274b5a94218424c4e136aa,2020,21,0,"{""type"": ""length"", ""length"": 2000}",2000,1769709251.428634,2077997.975238043,2077997.977478661,2077997.978666333,2077997.979538103,2077997.979848363,2078012.242200399,0,False,False,2020,2020,20,2000,decode
ad71b016e5334f8e8f4070a73f8f31e8,2020,21,0,"{""type"": ""length"", ""length"": 2000}",2000,1769709251.4290628,2077997.975655312,2077997.977536391,2077997.978852029,2077997.979561018,2077997.97984855,2078012.242211638,0,False,False,2020,2020,20,2000,decode
d70848402c42459381e799f7a386ae93,2020,21,0,"{""type"": ""length"", ""length"": 2000}",2000,1769709251.429481,2077997.976088224,2077997.977592751,2077997.979044879,2077997.979584251,2077997.979848733,2078012.242222828,0,False,False,2020,2020,20,2000,decode
3707a2a3ffea40588fd0a01f30635176,2020,21,0,"{""type"": ""length"", ""length"": 2000}",2000,1769709251.4299233,2077997.976519002,2077997.97765092,2077997.979235169,2077997.979606834,2077997.979848908,2078012.242234116,0,False,False,2020,2020,20,2000,decode
a667da2b003f4844a4b22d6c36ead92a,2020,21,0,"{""type"": ""length"", ""length"": 2000}",2000,1769709251.431651,2077997.978278285,2077997.980915867,2077997.981632802,2077997.98283833,2077997.983191817,2078012.242245586,0,False,False,2020,2020,20,2000,decode
00a1976270cd427eb00cef55f9a9732a,2020,21,0,"{""type"": ""length"", ""length"": 2000}",2000,1769709251.4321408,2077997.978746249,2077997.980988149,2077997.981837347,2077997.982864257,2077997.983192205,2078012.242257121,0,False,False,2020,2020,20,2000,decode
ad18d92c14394c45b0311fd614317372,2020,21,0,"{""type"": ""length"", ""length"": 2000}",2000,1769709251.4325995,2077997.979199914,2077997.981058678,2077997.982047696,2077997.98288792,2077997.983192407,2078012.242268355,0,False,False,2020,2020,20,2000,decode
0a016350c42946a8afca9be6765c1f60,2020,21,0,"{""type"": ""length"", ""length"": 2000}",2000,1769709251.4330297,2077997.979623102,2077997.981116064,2077997.982244247,2077997.982910755,2077997.983192572,2078012.242279379,0,False,False,2020,2020,20,2000,decode
6d926336500045138cf2faec13ee1c7e,2020,21,0,"{""type"": ""length"", ""length"": 2000}",2000,1769709251.4335148,2077997.980116634,2077997.981173204,2077997.982430176,2077997.982933347,2077997.983192737,2078012.242290733,0,False,False,2020,2020,20,2000,decode
b689766db0704f3ba2819c5ecd31cba7,2020,21,0,"{""type"": ""length"", ""length"": 2000}",2000,1769709251.4339464,2077997.980539892,2077997.981228719,2077997.98261329,2077997.982956191,2077997.983192903,2078012.242301927,0,False,False,2020,2020,20,2000,decode
44d7526f614746a6b681a20f054ecd98,2020,21,0,"{""type"": ""length"", ""length"": 2000}",2000,1769709251.434366,2077997.980960798,2077997.984249141,2077997.985090579,2077997.986646579,2077997.987067247,2078012.242313028,0,False,False,2020,2020,20,2000,decode
fe31fafd74c641919fe2696462593988,2020,21,0,"{""type"": ""length"", ""length"": 2000}",2000,1769709251.4348032,2077997.981388829,2077997.984323384,2077997.985300089,2077997.986672372,2077997.987067652,2078012.242324487,0,False,False,2020,2020,20,2000,decode
eec870da35eb4d9a9736dccd9cdecc3e,2020,21,0,"{""type"": ""length"", ""length"": 2000}",2000,1769709251.4352105,2077997.981793081,2077997.98438317,2077997.985491854,2077997.986695946,2077997.987067841,2078012.242335707,0,False,False,2020,2020,20,2000,decode
b04a1543a8fb4a8cbd67e8a1257e4ecb,2020,21,0,"{""type"": ""length"", ""length"": 2000}",2000,1769709251.4357004,2077997.98228805,2077997.984438538,2077997.985679361,2077997.986718599,2077997.987068071,2078012.242347014,0,False,False,2020,2020,20,2000,decode
8443e8077ff147b59199c33d493e615f,2020,21,0,"{""type"": ""length"", ""length"": 2000}",2000,1769709251.4361024,2077997.98268253,2077997.984493303,2077997.985864549,2077997.986740999,2077997.987068218,2078012.242358688,0,False,False,2020,2020,20,2000,decode
9859049c3b8a4706b519b43c817dad30,2020,21,0,"{""type"": ""length"", ""length"": 2000}",2000,1769709251.4365058,2077997.983107987,2077997.984548816,2077997.986056836,2077997.986763875,2077997.987068379,2078012.24236984,0,False,False,2020,2020,20,2000,decode
3a7e3472484a455db22dcdafc2e6a45a,2020,21,0,"{""type"": ""length"", ""length"": 2000}",2000,1769709251.4369237,2077997.983512726,2077997.984604533,2077997.986245074,2077997.9867866,2077997.987068555,2078012.242381132,0,False,False,2020,2020,20,2000,decode
0c9162832a7d489facd16a9b6ca4f4d2,2020,21,0,"{""type"": ""length"", ""length"": 2000}",2000,1769709251.4373956,2077997.983984204,2077997.984661094,2077997.986429158,2077997.986809035,2077997.987068734,2078012.242392387,0,False,False,2020,2020,20,2000,decode
c1dc4d8ce49447128005fb017f0f4373,2020,21,0,"{""type"": ""length"", ""length"": 2000}",2000,1769709251.4378126,2077997.984396632,2077997.988223243,2077997.989131352,2077997.990883379,2077997.991342494,2078012.242403708,0,False,False,2020,2020,20,2000,decode
6fd05bde569b4738af1bde94ec85f7cb,2020,21,0,"{""type"": ""length"", ""length"": 2000}",2000,1769709251.4382145,2077997.984800058,2077997.988297055,2077997.989343311,2077997.9909084,2077997.991342859,2078012.242414747,0,False,False,2020,2020,20,2000,decode
f4cbb582316146469f883c180d28cbda,2020,21,0,"{""type"": ""length"", ""length"": 2000}",2000,1769709251.4386206,2077997.985203273,2077997.98835708,2077997.989535444,2077997.990931482,2077997.991343108,2078012.242426301,0,False,False,2020,2020,20,2000,decode
57cddddaf4e14df99a76349df86ac851,2020,21,0,"{""type"": ""length"", ""length"": 2000}",2000,1769709251.43909,2077997.985675405,2077997.988413845,2077997.989723658,2077997.99095402,2077997.99134334,2078012.242437697,0,False,False,2020,2020,20,2000,decode
fade1400980c4a9fb6b74c962a314c1e,2020,21,0,"{""type"": ""length"", ""length"": 2000}",2000,1769709251.4394848,2077997.986073315,2077997.988470483,2077997.989908856,2077997.990978618,2077997.991343536,2078012.242448626,0,False,False,2020,2020,20,2000,decode
04fd8bf6f7f64341b5415a57921ec98e,2020,21,0,"{""type"": ""length"", ""length"": 2000}",2000,1769709251.4398792,2077997.98645537,2077997.988526508,2077997.990103533,2077997.99100826,2077997.991343726,2078012.242459421,0,False,False,2020,2020,20,2000,decode
4a75220ec8c84b64b443c2e8293f995a,2020,21,0,"{""type"": ""length"", ""length"": 2000}",2000,1769709251.4402566,2077997.986834331,2077997.988581314,2077997.990292272,2077997.991030905,2077997.991343904,2078012.242470983,0,False,False,2020,2020,20,2000,decode
0ae4a2a3ae1e4874bacb859013bf9efb,2020,21,0,"{""type"": ""length"", ""length"": 2000}",2000,1769709251.440657,2077997.987313901,2077997.988637327,2077997.990475812,2077997.991053197,2077997.99134407,2078012.242481892,0,False,False,2020,2020,20,2000,decode
efc618ee1b5d46dc9cb83174a9411865,2020,21,0,"{""type"": ""length"", ""length"": 2000}",2000,1769709251.4411302,2077997.987712505,2077997.988693687,2077997.990658654,2077997.99107543,2077997.99134424,2078012.242493001,0,False,False,2020,2020,20,2000,decode
cb934f584ddb44a389f8fb4b8e75ef0c,2020,21,0,"{""type"": ""length"", ""length"": 2000}",2000,1769709251.4415147,2077997.988101185,2077997.992561524,2077997.993574,2077997.995710866,2077997.996246672,2078012.242504201,0,False,False,2020,2020,20,2000,decode
2434e96cb6b1445f90d9c73693b607ff,2020,21,0,"{""type"": ""length"", ""length"": 2000}",2000,1769709251.4419029,2077997.988479688,2077997.992634543,2077997.99377815,2077997.995736674,2077997.996247086,2078012.242515738,0,False,False,2020,2020,20,2000,decode
bbc24cbee0e44a2183e6c62659da180d,2020,21,0,"{""type"": ""length"", ""length"": 2000}",2000,1769709251.4422848,2077997.988862077,2077997.992694973,2077997.993969437,2077997.995761951,2077997.996247344,2078012.242527569,0,False,False,2020,2020,20,2000,decode
638fcf1e9fba4e5a8f97f51512edb82f,2020,21,0,"{""type"": ""length"", ""length"": 2000}",2000,1769709251.4427583,2077997.989356443,2077997.992751488,2077997.994182599,2077997.995784928,2077997.996247516,2078012.242539173,0,False,False,2020,2020,20,2000,decode
0a56afb68b4e4a6f8f3f29936055a9e9,2020,21,0,"{""type"": ""length"", ""length"": 2000}",2000,1769709251.4431775,2077997.989767781,2077997.992807445,2077997.994370696,2077997.995809678,2077997.996247699,2078012.242550375,0,False,False,2020,2020,20,2000,decode
6e7026c590a74670a825cae17ab9848c,2020,21,0,"{""type"": ""length"", ""length"": 2000}",2000,1769709251.4435883,2077997.990172859,2077997.992862138,2077997.994556074,2077997.995833023,2077997.996247902,2078012.242561324,0,False,False,2020,2020,20,2000,decode
3fc918f2d28640eea4804006828ed2ff,2020,21,0,"{""type"": ""length"", ""length"": 2000}",2000,1769709251.443983,2077997.990567142,2077997.992918295,2077997.994741185,2077997.995857372,2077997.996248087,2078012.242572398,0,False,False,2020,2020,20,2000,decode
526f6163281f4fc5968b1ab4f587f340,2020,21,0,"{""type"": ""length"", ""length"": 2000}",2000,1769709251.4444325,2077997.991022335,2077997.992973171,2077997.994924782,2077997.995880257,2077997.996248272,2078012.242583778,0,False,False,2020,2020,20,2000,decode
6941296afdff4dc9a44e3c94832fee4b,2020,21,0,"{""type"": ""length"", ""length"": 2000}",2000,1769709251.4448292,2077997.991417157,2077997.993035209,2077997.995120228,2077997.99590447,2077997.996248438,2078012.242594968,0,False,False,2020,2020,20,2000,decode
a7fb8114f093454f89f7f5668d41d762,2020,21,0,"{""type"": ""length"", ""length"": 2000}",2000,1769709251.445233,2077997.991815566,2077997.993091331,2077997.995305952,2077997.995927123,2077997.996248598,2078012.242606231,0,False,False,2020,2020,20,2000,decode
3c2c46d14ad94db0bb1ac7b748e41294,2020,21,0,"{""type"": ""length"", ""length"": 2000}",2000,1769709251.4456282,2077997.992206415,2077997.993148088,2077997.995489487,2077997.995950957,2077997.996248758,2078012.242617398,0,False,False,2020,2020,20,2000,decode
77f9662953ff4475a94a881d63f56a43,2020,21,0,"{""type"": ""length"", ""length"": 2000}",2000,1769709251.4460886,2077997.992683708,2077997.997571676,2077997.998791967,2077998.001120173,2077998.001682664,2078012.24262941,0,False,False,2020,2020,20,2000,decode
d90b47f8c36b4f54b2943c41a17e4a7f,2020,21,0,"{""type"": ""length"", ""length"": 2000}",2000,1769709251.4465044,2077997.993101243,2077997.997645663,2077997.998999318,2077998.001146455,2077998.001683034,2078012.242640817,0,False,False,2020,2020,20,2000,decode
dacc000ccaa448debbffa6068c7714bd,2020,21,0,"{""type"": ""length"", ""length"": 2000}",2000,1769709251.446915,2077997.993496439,2077997.997706051,2077997.999205668,2077998.001170102,2077998.00168325,2078012.242652147,0,False,False,2020,2020,20,2000,decode
65624630fb4444ffb9f6ad2aff9786fb,2020,21,0,"{""type"": ""length"", ""length"": 2000}",2000,1769709251.4473007,2077997.99388146,2077997.997763008,2077997.999394737,2077998.001195795,2077998.001683429,2078012.242663618,0,False,False,2020,2020,20,2000,decode
7c60ac83cffa43d8bc12f381def7b13c,2020,21,0,"{""type"": ""length"", ""length"": 2000}",2000,1769709251.4476874,2077997.994349422,2077997.997818985,2077997.999580986,2077998.00121881,2077998.001683679,2078012.242674818,0,False,False,2020,2020,20,2000,decode
4bd43502420b469db27778a042fc88c7,2020,21,0,"{""type"": ""length"", ""length"": 2000}",2000,1769709251.4482026,2077997.994791113,2077997.997985449,2077997.99976466,2077998.001241948,2077998.00168385,2078012.242685854,0,False,False,2020,2020,20,2000,decode
524f5997415941ab88864850be28f28f,2020,21,0,"{""type"": ""length"", ""length"": 2000}",2000,1769709251.44862,2077997.995202608,2077997.99806253,2077997.99994846,2077998.001264956,2077998.001684018,2078012.242697551,0,False,False,2020,2020,20,2000,decode
2f492d395e1c4bad8660e69a401859d5,2020,21,0,"{""type"": ""length"", ""length"": 2000}",2000,1769709251.449018,2077997.995596477,2077997.998120912,2077998.000144582,2077998.001287865,2077998.001684194,2078012.242708704,0,False,False,2020,2020,20,2000,decode
9b785227b64b48c89db36d1aa45600a7,2020,21,0,"{""type"": ""length"", ""length"": 2000}",2000,1769709251.449405,2077997.995984539,2077997.998183918,2077998.000329762,2077998.001310512,2077998.001684359,2078012.242719711,0,False,False,2020,2020,20,2000,decode
d22a98c503a141b892a8efc40d18b3f0,2020,21,0,"{""type"": ""length"", ""length"": 2000}",2000,1769709251.449871,2077997.996456435,2077997.998240836,2077998.00051316,2077998.001333585,2077998.001684518,2078012.242731077,0,False,False,2020,2020,20,2000,decode
b234512de3be490b837c26cd9b898de8,2020,21,0,"{""type"": ""length"", ""length"": 2000}",2000,1769709251.4502637,2077997.996842161,2077997.998294799,2077998.000696367,2077998.001356728,2077998.001684696,2078012.242743215,0,False,False,2020,2020,20,2000,decode
a6291877759c4dcb91dc01a2bb72fdff,2020,21,0,"{""type"": ""length"", ""length"": 2000}",2000,1769709251.4506664,2077997.99725304,2077997.998348965,2077998.000889437,2077998.001379302,2077998.00168485,2078012.242754289,0,False,False,2020,2020,20,2000,decode
83a776cbb0f048ef94e4474e6f974850,2020,21,0,"{""type"": ""length"", ""length"": 2000}",2000,1769709251.451059,2077997.997639999,2077998.002868418,2077998.003359231,2077998.003756147,2077998.003965602,2078012.242765866,0,False,False,2020,2020,20,2000,decode
2e52aef29098487a967897294e64b391,2020,21,0,"{""type"": ""length"", ""length"": 2000}",2000,1769709251.451517,2077997.99810646,2077998.002939282,2077998.003555283,2077998.003781735,2077998.003965873,2078012.242776724,0,False,False,2020,2020,20,2000,decode
fb003d0742c145b89b30d7000e1d3cf3,2020,21,0,"{""type"": ""length"", ""length"": 2000}",2000,1769709265.1835458,2078011.730375291,2078011.734478175,2078011.735445006,2078011.736800251,2078011.73703649,2078026.545382765,0,False,False,2020,2020,20,2000,decode
06b061f2edb4416ea57bc0ecca86dd8d,2020,21,0,"{""type"": ""length"", ""length"": 2000}",2000,1769709265.1847978,2078011.731523379,2078011.734559557,2078011.735679152,2078011.736826777,2078011.737036904,2078026.545401724,0,False,False,2020,2020,20,2000,decode
a5660b460108456f85bfebecfa8b9566,2020,21,0,"{""type"": ""length"", ""length"": 2000}",2000,1769709265.1854775,2078011.732168856,2078011.73462242,2078011.735882938,2078011.736855342,2078011.737037148,2078026.545415005,0,False,False,2020,2020,20,2000,decode
25333d2a8a4e4f07aa18f5ef65c2229b,2020,21,0,"{""type"": ""length"", ""length"": 2000}",2000,1769709265.1861007,2078011.732769963,2078011.734680472,2078011.736086824,2078011.736878163,2078011.737037392,2078026.545426641,0,False,False,2020,2020,20,2000,decode
05812805dd004b61b9812dfdc02ba734,2020,21,0,"{""type"": ""length"", ""length"": 2000}",2000,1769709265.186692,2078011.733354611,2078011.734737402,2078011.736289355,2078011.736900611,2078011.737037606,2078026.545438342,0,False,False,2020,2020,20,2000,decode
cfe1391ec14d4f0d8f627d16ea1ff80a,2020,21,0,"{""type"": ""length"", ""length"": 2000}",2000,1769709265.1872566,2078011.73391097,2078011.734794621,2078011.736481868,2078011.736923666,2078011.737037831,2078026.545449988,0,False,False,2020,2020,20,2000,decode
66d5e790d0514a66abc47c6911cb3084,2020,21,0,"{""type"": ""length"", ""length"": 2000}",2000,1769709265.1897984,2078011.736496821,2078011.742618532,2078011.743455789,2078011.744841888,2078011.745248044,2078026.545461745,0,False,False,2020,2020,20,2000,decode
8acca6a3d7e448bea72302111e8f9405,2020,21,0,"{""type"": ""length"", ""length"": 2000}",2000,1769709265.1904633,2078011.73714353,2078011.742691555,2078011.743667896,2078011.74486727,2078011.745248474,2078026.545473142,0,False,False,2020,2020,20,2000,decode
da0ac10f109f46acb26b9fa68a9cc28a,2020,21,0,"{""type"": ""length"", ""length"": 2000}",2000,1769709265.1910715,2078011.737741558,2078011.742754485,2078011.743862275,2078011.7448906,2078011.74524876,2078026.545484591,0,False,False,2020,2020,20,2000,decode
6e6ca5320ac94cf78649f0480feb44bf,2020,21,0,"{""type"": ""length"", ""length"": 2000}",2000,1769709265.1916697,2078011.738335449,2078011.742811305,2078011.744059589,2078011.744913548,2078011.745248929,2078026.545495907,0,False,False,2020,2020,20,2000,decode
a51c7237d54548fb983b968425b322a6,2020,21,0,"{""type"": ""length"", ""length"": 2000}",2000,1769709265.1922517,2078011.73891115,2078011.74286849,2078011.744252924,2078011.744936138,2078011.745249112,2078026.545507542,0,False,False,2020,2020,20,2000,decode
095044b2f1ec47b8be599416b84bddda,2020,21,0,"{""type"": ""length"", ""length"": 2000}",2000,1769709265.1929703,2078011.739657473,2078011.742925825,2078011.744439031,2078011.744959259,2078011.745249303,2078026.545518863,0,False,False,2020,2020,20,2000,decode
749d078095fc462bbe2a69c1c4cdc869,2020,21,0,"{""type"": ""length"", ""length"": 2000}",2000,1769709265.1937933,2078011.740480757,2078011.742981777,2078011.744623963,2078011.744981957,2078011.745249476,2078026.545530243,0,False,False,2020,2020,20,2000,decode
009b78ecd9f54cfb925aa87f2b610262,2020,21,0,"{""type"": ""length"", ""length"": 2000}",2000,1769709265.633402,2078012.180201069,2078012.182202113,2078012.182803423,2078012.183087559,2078012.1831399,2078027.029211259,0,False,False,2020,2020,20,2000,decode
a1307b4e8f824c3a844bba0e88f51f13,2020,21,0,"{""type"": ""length"", ""length"": 2000}",2000,1769709266.0230405,2078012.569803226,2078012.572914395,2078012.573487097,2078012.573742549,2078012.573793802,2078027.862219557,0,False,False,2020,2020,20,2000,decode
5b522412bd6d4bffb5b2b60f77eba6f2,2020,21,0,"{""type"": ""length"", ""length"": 2000}",2000,1769709266.0613077,2078012.608318937,2078012.610448891,2078012.610921646,2078012.611147146,2078012.611195846,2078027.950479893,0,False,False,2020,2020,20,2000,decode
0639fd9c9b394527b8ed4a9c5966c603,2020,21,0,"{""type"": ""length"", ""length"": 2000}",2000,1769709266.064105,2078012.611054284,2078012.614319182,2078012.614857268,2078012.615483856,2078012.615741483,2078027.950496588,0,False,False,2020,2020,20,2000,decode
0abf0050cbb54d66af6781653d540c75,2020,21,0,"{""type"": ""length"", ""length"": 2000}",2000,1769709266.0653226,2078012.612237222,2078012.614389925,2078012.615079751,2078012.615510639,2078012.615741846,2078027.950508882,0,False,False,2020,2020,20,2000,decode
5dfab892ca184bd68a6330901e5aa46c,2020,21,0,"{""type"": ""length"", ""length"": 2000}",2000,1769709266.066474,2078012.613364508,2078012.614451977,2078012.615287597,2078012.61553411,2078012.615742052,2078027.950520685,0,False,False,2020,2020,20,2000,decode
95deafb6393149e58cc21283114d395f,2020,21,0,"{""type"": ""length"", ""length"": 2000}",2000,1769709266.0676165,2078012.614493391,2078012.616571276,2078012.61703314,2078012.617433888,2078012.617646177,2078027.950532129,0,False,False,2020,2020,20,2000,decode
baf910d62ff24cc29dec820f9211112b,2020,21,0,"{""type"": ""length"", ""length"": 2000}",2000,1769709266.068738,2078012.615615152,2078012.616643011,2078012.617247671,2078012.61745883,2078012.617646467,2078027.950544158,0,False,False,2020,2020,20,2000,decode
09100224059e4f62b8737c178040c1de,2020,21,0,"{""type"": ""length"", ""length"": 2000}",2000,1769709266.0705369,2078012.617469255,2078012.618371422,2078012.618737214,2078012.618913243,2078012.619087169,2078027.950555643,0,False,False,2020,2020,20,2000,decode
17bf75bd611f4b03be80ef0832183a55,2020,21,0,"{""type"": ""length"", ""length"": 2000}",2000,1769709266.0717838,2078012.618657226,2078012.619756316,2078012.620149932,2078012.620334271,2078012.620504036,2078027.950566461,0,False,False,2020,2020,20,2000,decode
b400824f0b524af298801c52f3be61fe,2020,21,0,"{""type"": ""length"", ""length"": 2000}",2000,1769709266.0728567,2078012.61969985,2078012.621202237,2078012.621650053,2078012.62204667,2078012.62225139,2078027.950577653,0,False,False,2020,2020,20,2000,decode
4c043e8ed3784534ab75b779d3327e8c,2020,21,0,"{""type"": ""length"", ""length"": 2000}",2000,1769709266.0738807,2078012.620708461,2078012.62127287,2078012.621855939,2078012.622071895,2078012.622251713,2078027.950588567,0,False,False,2020,2020,20,2000,decode
c962646d5c324902b2ac36e2cedb6631,2020,21,0,"{""type"": ""length"", ""length"": 2000}",2000,1769709266.0748742,2078012.621913411,2078012.622961599,2078012.623347357,2078012.623539617,2078012.623712139,2078027.950599314,0,False,False,2020,2020,20,2000,decode
c21233b011f241a5ad190baab8718be8,2020,21,0,"{""type"": ""length"", ""length"": 2000}",2000,1769709266.07614,2078012.622980758,2078012.624398533,2078012.624842795,2078012.625235638,2078012.625440234,2078027.950610864,0,False,False,2020,2020,20,2000,decode
46d0a7d7fdcc436695cc0ce46c018afb,2020,21,0,"{""type"": ""length"", ""length"": 2000}",2000,1769709266.0771666,2078012.623990347,2078012.624467092,2078012.625053226,2078012.625260799,2078012.625440538,2078027.950622101,0,False,False,2020,2020,20,2000,decode
54877603b1fb42a0b9597d33be071672,2020,21,0,"{""type"": ""length"", ""length"": 2000}",2000,1769709266.0781245,2078012.624908588,2078012.626164941,2078012.626628247,2078012.627029276,2078012.627239764,2078027.950633198,0,False,False,2020,2020,20,2000,decode
a27211b7626844ebade8ecd1e6ba2fa1,2020,21,0,"{""type"": ""length"", ""length"": 2000}",2000,1769709266.0790062,2078012.625779513,2078012.626235863,2078012.626833614,2078012.627054874,2078012.627240101,2078027.950644434,0,False,False,2020,2020,20,2000,decode
4b66fa2981044542a9347facda8136a2,2020,21,0,"{""type"": ""length"", ""length"": 2000}",2000,1769709266.0800722,2078012.626882219,2078012.62795365,2078012.628337678,2078012.628515956,2078012.628682442,2078027.950655518,0,False,False,2020,2020,20,2000,decode
b3b41dc22c13401788a24225cf649fe4,2020,21,0,"{""type"": ""length"", ""length"": 2000}",2000,1769709266.0810287,2078012.627822357,2078012.629374276,2078012.629813911,2078012.630202474,2078012.63040934,2078027.950666806,0,False,False,2020,2020,20,2000,decode
3f89ba33e97741559a2d26eb0ee5d066,2020,21,0,"{""type"": ""length"", ""length"": 2000}",2000,1769709266.0819488,2078012.628736446,2078012.629440453,2078012.630023175,2078012.630228644,2078012.630409615,2078027.950678316,0,False,False,2020,2020,20,2000,decode
6d029648ad0e430fb29074fb6ab39b88,2020,21,0,"{""type"": ""length"", ""length"": 2000}",2000,1769709266.0828338,2078012.629583546,2078012.631153915,2078012.631608108,2078012.631996671,2078012.632212664,2078027.950689351,0,False,False,2020,2020,20,2000,decode
e1166c13d5094c7bbe9b3deb0612b3f6,2020,21,0,"{""type"": ""length"", ""length"": 2000}",2000,1769709266.0837803,2078012.630534286,2078012.631224752,2078012.631814324,2078012.632032831,2078012.632212994,2078027.950700781,0,False,False,2020,2020,20,2000,decode
70915d2b2a744e94822d2ba318f1ec66,2020,21,0,"{""type"": ""length"", ""length"": 2000}",2000,1769709266.0845985,2078012.631346526,2078012.632933433,2078012.633404632,2078012.633800688,2078012.634016953,2078027.950711788,0,False,False,2020,2020,20,2000,decode
834964869b38493bb162901a1225bcdf,2020,21,0,"{""type"": ""length"", ""length"": 2000}",2000,1769709266.0853646,2078012.632088327,2078012.633010967,2078012.633616474,2078012.633826111,2078012.634017314,2078027.950722725,0,False,False,2020,2020,20,2000,decode
c619ac50b7954989bae70e111223c55f,2020,21,0,"{""type"": ""length"", ""length"": 2000}",2000,1769709266.0861087,2078012.632854983,2078012.634754014,2078012.635208492,2078012.635585715,2078012.635791432,2078027.95073377,0,False,False,2020,2020,20,2000,decode
f7e0da009a2245c2a0651e0112ed6ac0,2020,21,0,"{""type"": ""length"", ""length"": 2000}",2000,1769709266.0868893,2078012.633619881,2078012.634819923,2078012.635408221,2078012.635612057,2078012.63579176,2078027.950744927,0,False,False,2020,2020,20,2000,decode
e78155276e8749829327aa7a5a74d36f,2020,21,0,"{""type"": ""length"", ""length"": 2000}",2000,1769709266.0877924,2078012.63452507,2078012.636527448,2078012.636912318,2078012.637110735,2078012.637279476,2078027.950756468,0,False,False,2020,2020,20,2000,decode
f6a91ec46e304dd2867c28c544cc73f9,2020,21,0,"{""type"": ""length"", ""length"": 2000}",2000,1769709266.091017,2078012.637782098,2078012.640675605,2078012.641313329,2078012.642202165,2078012.642349377,2078027.960011991,0,False,False,2020,2020,20,2000,decode
154dfc2a1d1c4e308b2e0859d4a2fd63,2020,21,0,"{""type"": ""length"", ""length"": 2000}",2000,1769709266.0918264,2078012.638564934,2078012.640752095,2078012.641529478,2078012.642227404,2078012.642349747,2078027.960028095,0,False,False,2020,2020,20,2000,decode
26c127cf0a74452c850c7b6cfb4ea721,2020,21,0,"{""type"": ""length"", ""length"": 2000}",2000,1769709266.092542,2078012.639259343,2078012.640816828,2078012.641726022,2078012.64225062,2078012.642349951,2078027.960040932,0,False,False,2020,2020,20,2000,decode
3391dee0efa246e9b62bbc8161a9fb34,2020,21,0,"{""type"": ""length"", ""length"": 2000}",2000,1769709266.0932255,2078012.639999888,2078012.640875802,2078012.641916625,2078012.642273031,2078012.642350149,2078027.960052459,0,False,False,2020,2020,20,2000,decode
e7c102d8a6b44a1a81eb8fed3c387e83,2020,21,0,"{""type"": ""length"", ""length"": 2000}",2000,1769709266.0940802,2078012.641321426,2078012.64471965,2078012.645389302,2078012.646394576,2078012.646709058,2078027.960063821,0,False,False,2020,2020,20,2000,decode
b5e0e416bebd404aa3debc05639066a8,2020,21,0,"{""type"": ""length"", ""length"": 2000}",2000,1769709266.095363,2078012.642114557,2078012.644796116,2078012.645600273,2078012.64642034,2078012.64670943,2078027.960075515,0,False,False,2020,2020,20,2000,decode
8a4cd27b86c64463950151887219f92b,2020,21,0,"{""type"": ""length"", ""length"": 2000}",2000,1769709266.0961025,2078012.642800527,2078012.644857708,2078012.645792483,2078012.646443659,2078012.646709601,2078027.960086839,0,False,False,2020,2020,20,2000,decode
b5a5b4a503054e12998ac4683425c487,2020,21,0,"{""type"": ""length"", ""length"": 2000}",2000,1769709266.096768,2078012.643458784,2078012.644915362,2078012.645978965,2078012.646466798,2078012.646709774,2078027.9600981,0,False,False,2020,2020,20,2000,decode
9d32f61c409c42249d2ad932f705ce10,2020,21,0,"{""type"": ""length"", ""length"": 2000}",2000,1769709266.0974102,2078012.644099736,2078012.644970725,2078012.646180547,2078012.64649003,2078012.646709964,2078027.960109136,0,False,False,2020,2020,20,2000,decode
449b44d5d2e94bbdb715212c523eedc8,2020,21,0,"{""type"": ""length"", ""length"": 2000}",2000,1769709266.0981705,2078012.644855576,2078012.64765484,2078012.648241358,2078012.649025581,2078012.649311608,2078027.960120872,0,False,False,2020,2020,20,2000,decode
aaf59909b1264c35bf37876c2e370c90,2020,21,0,"{""type"": ""length"", ""length"": 2000}",2000,1769709266.0988114,2078012.645476865,2078012.647728606,2078012.648440749,2078012.649051631,2078012.649312303,2078027.960131956,0,False,False,2020,2020,20,2000,decode
faffa9f173cb4de4a6b0dd81702de384,2020,21,0,"{""type"": ""length"", ""length"": 2000}",2000,1769709266.0994053,2078012.6460929,2078012.647790027,2078012.648627014,2078012.649075696,2078012.649312593,2078027.96014297,0,False,False,2020,2020,20,2000,decode
ee240af1b52446338ccac1163cd5e361,2020,21,0,"{""type"": ""length"", ""length"": 2000}",2000,1769709266.1000302,2078012.646704245,2078012.647846404,2078012.648811274,2078012.649098853,2078012.649312764,2078027.960154115,0,False,False,2020,2020,20,2000,decode
64fe5dae390b4e35bf06414ae32a5ed0,2020,21,0,"{""type"": ""length"", ""length"": 2000}",2000,1769709266.1006477,2078012.64744068,2078012.650213887,2078012.650858615,2078012.651850089,2078012.652169397,2078027.960164685,0,False,False,2020,2020,20,2000,decode
8482e33fd40744f8a7d336fb1f92bca4,2020,21,0,"{""type"": ""length"", ""length"": 2000}",2000,1769709266.1013625,2078012.648029461,2078012.650286189,2078012.65107318,2078012.65187561,2078012.652169786,2078027.960175763,0,False,False,2020,2020,20,2000,decode
749c36e55c324dacb19dd0378ce631da,2020,21,0,"{""type"": ""length"", ""length"": 2000}",2000,1769709266.1019273,2078012.648580844,2078012.650345475,2078012.651269983,2078012.651898701,2078012.652170011,2078027.960187507,0,False,False,2020,2020,20,2000,decode
27193998f17b494783dc3842ffb01b0d,2020,21,0,"{""type"": ""length"", ""length"": 2000}",2000,1769709266.102469,2078012.649125385,2078012.650402966,2078012.651457616,2078012.651921161,2078012.652170168,2078027.960198781,0,False,False,2020,2020,20,2000,decode
eca6b942a79245038ec1630197188999,2020,21,0,"{""type"": ""length"", ""length"": 2000}",2000,1769709266.1030295,2078012.649691544,2078012.650459368,2078012.651645208,2078012.651943697,2078012.652170331,2078027.960209646,0,False,False,2020,2020,20,2000,decode
4ea346c9a0b04905b59675c53f1c6bca,2020,21,0,"{""type"": ""length"", ""length"": 2000}",2000,1769709266.1055558,2078012.652249911,2078012.653030322,2078012.653413585,2078012.653607369,2078012.653775904,2078027.960220331,0,False,False,2020,2020,20,2000,decode
f8c66aaf28934eec9583b1fc88a67cd4,2020,21,0,"{""type"": ""length"", ""length"": 2000}",2000,1769709266.106186,2078012.652848702,2078012.654503654,2078012.655022633,2078012.655624558,2078012.655866882,2078027.960230966,0,False,False,2020,2020,20,2000,decode
39921e7e70ab4e039052a0ba9060918e,2020,21,0,"{""type"": ""length"", ""length"": 2000}",2000,1769709266.106771,2078012.653430091,2078012.654571435,2078012.655228354,2078012.655649754,2078012.655867225,2078027.960241452,0,False,False,2020,2020,20,2000,decode
bd930745dcb04054beadf297da816d69,2020,21,0,"{""type"": ""length"", ""length"": 2000}",2000,1769709266.1073282,2078012.653981809,2078012.654629568,2078012.655417077,2078012.655673074,2078012.655867438,2078027.960252743,0,False,False,2020,2020,20,2000,decode
1122b88912174c06b53b50fb75600177,2020,21,0,"{""type"": ""length"", ""length"": 2000}",2000,1769709266.1079905,2078012.654653456,2078012.65669926,2078012.657279748,2078012.658051778,2078012.658325356,2078027.960263598,0,False,False,2020,2020,20,2000,decode
6356c15d4b0e49dd855332de49809c05,2020,21,0,"{""type"": ""length"", ""length"": 2000}",2000,1769709266.1085727,2078012.655236049,2078012.656770642,2078012.657475203,2078012.65807727,2078012.658325723,2078027.960274418,0,False,False,2020,2020,20,2000,decode
e9da6b19a5414043a92a591bfff44bef,2020,21,0,"{""type"": ""length"", ""length"": 2000}",2000,1769709266.1091206,2078012.65575982,2078012.656830182,2078012.657661706,2078012.658100398,2078012.658325952,2078027.960285457,0,False,False,2020,2020,20,2000,decode
b05d17823b734ef7b830d695c6fb2cbe,2020,21,0,"{""type"": ""length"", ""length"": 2000}",2000,1769709266.10965,2078012.6562808,2078012.656886585,2078012.657846815,2078012.658122569,2078012.658326115,2078027.960296593,0,False,False,2020,2020,20,2000,decode
1fee8303da2b4ab494af52bac1328eac,2020,21,0,"{""type"": ""length"", ""length"": 2000}",2000,1769709266.1102393,2078012.656869865,2078012.65920412,2078012.659781521,2078012.660570031,2078012.660845985,2078027.960307527,0,False,False,2020,2020,20,2000,decode
ce6eaff25ceb4c7ea9f61f02eb471e97,2020,21,0,"{""type"": ""length"", ""length"": 2000}",2000,1769709266.1107526,2078012.657397252,2078012.659273989,2078012.65998103,2078012.660595159,2078012.66084634,2078027.960318552,0,False,False,2020,2020,20,2000,decode
134521e1e9494e3cb2f9636388523d70,2020,21,0,"{""type"": ""length"", ""length"": 2000}",2000,1769709266.111286,2078012.657919014,2078012.659333647,2078012.660182285,2078012.660618338,2078012.660846521,2078027.960329342,0,False,False,2020,2020,20,2000,decode
ee46b01f49ed470ba087b553a88f3b5d,2020,21,0,"{""type"": ""length"", ""length"": 2000}",2000,1769709266.1117988,2078012.658423754,2078012.659390673,2078012.660367996,2078012.660640904,2078012.660846728,2078027.960340142,0,False,False,2020,2020,20,2000,decode
32fc74cd19f74acf85e3567ccd99af82,2020,21,0,"{""type"": ""length"", ""length"": 2000}",2000,1769709266.1122708,2078012.658988888,2078012.661735251,2078012.662381686,2078012.663351453,2078012.663663246,2078027.960351116,0,False,False,2020,2020,20,2000,decode
c132f054477342feb534586ef22032f8,2020,21,0,"{""type"": ""length"", ""length"": 2000}",2000,1769709266.1128871,2078012.659522669,2078012.661805912,2078012.662577849,2078012.663377171,2078012.66366361,2078027.960362081,0,False,False,2020,2020,20,2000,decode
b6a4093f7aba4a26901af8678ee1fe92,2020,21,0,"{""type"": ""length"", ""length"": 2000}",2000,1769709266.113392,2078012.660025372,2078012.661866719,2078012.662765919,2078012.663401175,2078012.663663827,2078027.96037326,0,False,False,2020,2020,20,2000,decode
033196d5b32d4391a1b23947486e3232,2020,21,0,"{""type"": ""length"", ""length"": 2000}",2000,1769709266.1138864,2078012.660505963,2078012.661924412,2078012.662952771,2078012.66342402,2078012.663663997,2078027.960384504,0,False,False,2020,2020,20,2000,decode
4ad86e224d164af39496b73c568cea0d,2020,21,0,"{""type"": ""length"", ""length"": 2000}",2000,1769709266.1143532,2078012.660959901,2078012.661980184,2078012.663149452,2078012.663447039,2078012.663664171,2078027.960395468,0,False,False,2020,2020,20,2000,decode
9ed8b24e882545bb8f08a0ea3a905213,2020,21,0,"{""type"": ""length"", ""length"": 2000}",2000,1769709266.1149027,2078012.66153003,2078012.664626319,2078012.665337313,2078012.666494803,2078012.666836713,2078027.960406222,0,False,False,2020,2020,20,2000,decode
b719130c0865403985e01335ccd57a8e,2020,21,0,"{""type"": ""length"", ""length"": 2000}",2000,1769709266.115394,2078012.662019152,2078012.664696545,2078012.665540072,2078012.666520263,2078012.666837087,2078027.960417342,0,False,False,2020,2020,20,2000,decode
64d0c871eb9f474181fca0b18da34a28,2020,21,0,"{""type"": ""length"", ""length"": 2000}",2000,1769709266.1158762,2078012.662492727,2078012.664757664,2078012.665728578,2078012.666543512,2078012.666837304,2078027.960429046,0,False,False,2020,2020,20,2000,decode
397eb9a942b14164826e45282191eeb7,2020,21,0,"{""type"": ""length"", ""length"": 2000}",2000,1769709266.1163344,2078012.662940812,2078012.664814391,2078012.665912814,2078012.666566004,2078012.666837525,2078027.960440456,0,False,False,2020,2020,20,2000,decode
9b2722c24b344f288c3654a8ed0b7889,2020,21,0,"{""type"": ""length"", ""length"": 2000}",2000,1769709266.1168897,2078012.663510085,2078012.664869287,2078012.666108812,2078012.666588257,2078012.666837689,2078027.960451677,0,False,False,2020,2020,20,2000,decode
cbe2bb1d71db4a65b317c46cfb95c7f4,2020,21,0,"{""type"": ""length"", ""length"": 2000}",2000,1769709266.117373,2078012.663987687,2078012.664923264,2078012.666295712,2078012.666610676,2078012.666837853,2078027.960463657,0,False,False,2020,2020,20,2000,decode
034b34c148654122bb6ce0a063c643f7,2020,21,0,"{""type"": ""length"", ""length"": 2000}",2000,1769709266.1178453,2078012.664455788,2078012.667852752,2078012.66863442,2078012.669997999,2078012.670385245,2078027.960474866,0,False,False,2020,2020,20,2000,decode
bfb1582329c742c3a169484f7fa4d23f,2020,21,0,"{""type"": ""length"", ""length"": 2000}",2000,1769709266.1182952,2078012.664901575,2078012.667920643,2078012.668845424,2078012.6700321,2078012.670385593,2078027.960485689,0,False,False,2020,2020,20,2000,decode
6dd297e1f6f94ecd96b45b1f57220e41,2020,21,0,"{""type"": ""length"", ""length"": 2000}",2000,1769709266.118822,2078012.665425795,2078012.667979693,2078012.669047318,2078012.670055781,2078012.670385828,2078027.960496702,0,False,False,2020,2020,20,2000,decode
7b5908bed3d84eecad398cdce85474c1,2020,21,0,"{""type"": ""length"", ""length"": 2000}",2000,1769709266.11926,2078012.665861029,2078012.668042904,2078012.669240227,2078012.670078814,2078012.670386031,2078027.960507888,0,False,False,2020,2020,20,2000,decode
d743b5144a184f4cbec53dc727d01136,2020,21,0,"{""type"": ""length"", ""length"": 2000}",2000,1769709266.1196964,2078012.666305416,2078012.66809806,2078012.669425803,2078012.670101305,2078012.670386205,2078027.960519137,0,False,False,2020,2020,20,2000,decode
7815c4bf6705402ebea8dd49f7900de5,2020,21,0,"{""type"": ""length"", ""length"": 2000}",2000,1769709266.1201515,2078012.666754857,2078012.668152291,2078012.669608622,2078012.670124333,2078012.670386377,2078027.960530572,0,False,False,2020,2020,20,2000,decode
2ef9cefa2064423f9c29b829b562e017,2020,21,0,"{""type"": ""length"", ""length"": 2000}",2000,1769709266.1205916,2078012.667283808,2078012.668206549,2078012.669792248,2078012.670146639,2078012.67038659,2078027.960541423,0,False,False,2020,2020,20,2000,decode
a7c050ef6a8a46059e2b57cc7053d16d,2020,21,0,"{""type"": ""length"", ""length"": 2000}",2000,1769709266.1211205,2078012.667716788,2078012.671465821,2078012.672441152,2078012.674013853,2078012.674430821,2078027.96055255,0,False,False,2020,2020,20,2000,decode
a1ffd5e5931b414a8fcdf5e7f2df2c62,2020,21,0,"{""type"": ""length"", ""length"": 2000}",2000,1769709266.1215327,2078012.668138046,2078012.671538682,2078012.672650823,2078012.674039851,2078012.674431171,2078027.960563736,0,False,False,2020,2020,20,2000,decode
1e943dd33e7a49fcaf8752b8de11d89a,2020,21,0,"{""type"": ""length"", ""length"": 2000}",2000,1769709266.1219776,2078012.668579042,2078012.671597679,2078012.672843192,2078012.674063464,2078012.674431383,2078027.960575355,0,False,False,2020,2020,20,2000,decode
7f5d5f20ef544f27a6d964e2b56ecc37,2020,21,0,"{""type"": ""length"", ""length"": 2000}",2000,1769709266.1224055,2078012.669015862,2078012.671653163,2078012.673046267,2078012.674086448,2078012.674431547,2078027.960586184,0,False,False,2020,2020,20,2000,decode
6080f379b65f4243aceea7217e57c8ad,2020,21,0,"{""type"": ""length"", ""length"": 2000}",2000,1769709266.1229417,2078012.669540587,2078012.671829917,2078012.673243061,2078012.674109206,2078012.67443172,2078027.960597723,0,False,False,2020,2020,20,2000,decode
217ee4c14402407d857faa66dd95b8e2,2020,21,0,"{""type"": ""length"", ""length"": 2000}",2000,1769709266.1233587,2078012.669946696,2078012.671891605,2078012.673427816,2078012.674132192,2078012.674431955,2078027.960609405,0,False,False,2020,2020,20,2000,decode
4c873bd35bc7491db7eff54cffe0a83c,2020,21,0,"{""type"": ""length"", ""length"": 2000}",2000,1769709266.1237648,2078012.670350938,2078012.671947922,2078012.673611139,2078012.674154918,2078012.674432137,2078027.960620751,0,False,False,2020,2020,20,2000,decode
5af64219ae9b492790750d91ecc004a9,2020,21,0,"{""type"": ""length"", ""length"": 2000}",2000,1769709266.124163,2078012.670752705,2078012.672009529,2078012.673795702,2078012.674177652,2078012.674432292,2078027.960631602,0,False,False,2020,2020,20,2000,decode
d3c0f2a72e6144bbad95f2eeed77bd48,2020,21,0,"{""type"": ""length"", ""length"": 2000}",2000,1769709266.1246758,2078012.671275644,2078012.675481628,2078012.676096403,2078012.676886016,2078012.677174829,2078027.960642737,0,False,False,2020,2020,20,2000,decode
649f05594fc24a27b571c768bae782cb,2020,21,0,"{""type"": ""length"", ""length"": 2000}",2000,1769709266.1251066,2078012.671697543,2078012.675551138,2078012.676305472,2078012.676911457,2078012.677175224,2078027.960654292,0,False,False,2020,2020,20,2000,decode
2f4e34f9a44f42deaa7f794fdd7c0518,2020,21,0,"{""type"": ""length"", ""length"": 2000}",2000,1769709266.1255188,2078012.672117647,2078012.675609274,2078012.676496944,2078012.67693883,2078012.677175425,2078027.960666254,0,False,False,2020,2020,20,2000,decode
2eecd7c2029c474faa44e658a14e0965,2020,21,0,"{""type"": ""length"", ""length"": 2000}",2000,1769709266.1259277,2078012.672509263,2078012.675666053,2078012.676684504,2078012.676962432,2078012.677175617,2078027.960677309,0,False,False,2020,2020,20,2000,decode
730237b1b73043b4867bb81831e7e37b,2020,21,0,"{""type"": ""length"", ""length"": 2000}",2000,1769709280.1007743,2078026.647733357,2078026.653287948,2078026.65429245,2078026.655641789,2078026.655869777,2078045.63992757,0,False,False,2020,2020,20,2000,decode
402663956b554b6ab4f51d419c6b0a67,2020,21,0,"{""type"": ""length"", ""length"": 2000}",2000,1769709280.1031222,2078026.649853696,2078026.65336644,2078026.654532041,2078026.655669205,2078026.65587012,2078045.639945324,0,False,False,2020,2020,20,2000,decode
b1bc0c5e63b343bc9e051cbb27268d76,2020,21,0,"{""type"": ""length"", ""length"": 2000}",2000,1769709280.103719,2078026.650395217,2078026.653428406,2078026.654740172,2078026.655692914,2078026.655870341,2078045.639958281,0,False,False,2020,2020,20,2000,decode
2fedb2a71a31426f90fdc55e5bdb4428,2020,21,0,"{""type"": ""length"", ""length"": 2000}",2000,1769709280.1042361,2078026.65088177,2078026.653486547,2078026.654939377,2078026.655716128,2078026.655870622,2078045.639969832,0,False,False,2020,2020,20,2000,decode
1edee73af6804d89a0b7af82abc1e9ae,2020,21,0,"{""type"": ""length"", ""length"": 2000}",2000,1769709280.1047237,2078026.65137477,2078026.653543736,2078026.655148751,2078026.655738512,2078026.655870818,2078045.639981232,0,False,False,2020,2020,20,2000,decode
83e86a1552ef41d1adfd4eca42569740,2020,21,0,"{""type"": ""length"", ""length"": 2000}",2000,1769709280.1051986,2078026.651834604,2078026.653600735,2078026.655344811,2078026.655761283,2078026.655871086,2078045.639992563,0,False,False,2020,2020,20,2000,decode
73b3ced827964fb4950cc867af0a0ac5,2020,21,0,"{""type"": ""length"", ""length"": 2000}",2000,1769709280.1056812,2078026.654996371,2078026.661910962,2078026.662747854,2078026.664181844,2078026.664593344,2078045.640008461,0,False,False,2020,2020,20,2000,decode
be708840aa314243bc80490bff91d717,2020,21,0,"{""type"": ""length"", ""length"": 2000}",2000,1769709280.1088789,2078026.655536424,2078026.661984703,2078026.662961359,2078026.664208199,2078026.664593705,2078045.640020142,0,False,False,2020,2020,20,2000,decode
03fd385c2a4648ee9f942a38f0a34d4c,2020,21,0,"{""type"": ""length"", ""length"": 2000}",2000,1769709280.1093693,2078026.656023674,2078026.662053873,2078026.663179497,2078026.664231669,2078026.664593924,2078045.640031388,0,False,False,2020,2020,20,2000,decode
6fd46b37b4d0476f91dd6ccce8e48d5a,2020,21,0,"{""type"": ""length"", ""length"": 2000}",2000,1769709280.1098487,2078026.6564808,2078026.662110313,2078026.663374501,2078026.664254497,2078026.664594149,2078045.640042655,0,False,False,2020,2020,20,2000,decode
25cb800144ce4394b6684dc7f06f2a99,2020,21,0,"{""type"": ""length"", ""length"": 2000}",2000,1769709280.1103308,2078026.656975773,2078026.662168793,2078026.663564146,2078026.66427725,2078026.664594556,2078045.640053728,0,False,False,2020,2020,20,2000,decode
8c672c3be9064ef9b7733342c49dad83,2020,21,0,"{""type"": ""length"", ""length"": 2000}",2000,1769709280.1109066,2078026.657554371,2078026.662224651,2078026.663751166,2078026.664300463,2078026.664594757,2078045.640064883,0,False,False,2020,2020,20,2000,decode
ddb8b2c0d9d1434a81c90044f64d5bf9,2020,21,0,"{""type"": ""length"", ""length"": 2000}",2000,1769709280.1113992,2078026.658047078,2078026.662280256,2078026.663937961,2078026.664323348,2078026.664594961,2078045.640076461,0,False,False,2020,2020,20,2000,decode
4cd062e96602463aa2b070f165eace04,2020,21,0,"{""type"": ""length"", ""length"": 2000}",2000,1769709280.506237,2078027.053458301,2078027.057632717,2078027.058261548,2078027.058534102,2078027.058585385,2078046.106279798,0,False,False,2020,2020,20,2000,decode
0481ee86c5a1430982481038e5126f42,2020,21,0,"{""type"": ""length"", ""length"": 2000}",2000,1769709281.3287694,2078027.876103388,2078027.882193221,2078027.882823751,2078027.88314984,2078027.883201927,2078047.044964162,0,False,False,2020,2020,20,2000,decode
13b021658f244ef49aa0a76179200235,2020,21,0,"{""type"": ""length"", ""length"": 2000}",2000,1769709281.6821237,2078028.228877468,2078028.230990878,2078028.231754151,2078028.232727169,2078028.232885808,2078047.790142253,0,False,False,2020,2020,20,2000,decode
a2ab3b60ef904b3485a70a2d2fa12bfd,2020,21,0,"{""type"": ""length"", ""length"": 2000}",2000,1769709281.6827984,2078028.229450628,2078028.231079301,2078028.23199051,2078028.23275373,2078028.232886184,2078047.79015922,0,False,False,2020,2020,20,2000,decode
69aee25b421146f390bc49cd3206d121,2020,21,0,"{""type"": ""length"", ""length"": 2000}",2000,1769709281.683288,2078028.229923528,2078028.231144246,2078028.232209588,2078028.232777328,2078028.232886382,2078047.79017166,0,False,False,2020,2020,20,2000,decode
125eed7858db463695b854103d2b9083,2020,21,0,"{""type"": ""length"", ""length"": 2000}",2000,1769709281.683754,2078028.230374657,2078028.231204262,2078028.232407729,2078028.232800426,2078028.232886577,2078047.790183203,0,False,False,2020,2020,20,2000,decode
1241381551214221b8b1ee4038eb4fdd,2020,21,0,"{""type"": ""length"", ""length"": 2000}",2000,1769709281.6841974,2078028.230811747,2078028.235593843,2078028.236357106,2078028.237983166,2078028.238400975,2078047.790194864,0,False,False,2020,2020,20,2000,decode
8028cc21871f46e4bdd9864f83b456ba,2020,21,0,"{""type"": ""length"", ""length"": 2000}",2000,1769709281.6846359,2078028.232564277,2078028.235663504,2078028.23657007,2078028.238015171,2078028.238401341,2078047.790206615,0,False,False,2020,2020,20,2000,decode
e9bc76339d3946f59fbec775e34f009d,2020,21,0,"{""type"": ""length"", ""length"": 2000}",2000,1769709281.6864324,2078028.233067206,2078028.235721818,2078028.236765309,2078028.23803855,2078028.238401547,2078047.790217801,0,False,False,2020,2020,20,2000,decode
c0e2caf2e45b4439b6a55916d5dacae3,2020,21,0,"{""type"": ""length"", ""length"": 2000}",2000,1769709281.6869102,2078028.233528902,2078028.235778185,2078028.236957954,2078028.238061446,2078028.238401761,2078047.79022877,0,False,False,2020,2020,20,2000,decode
bd788e7267bf4fdaa1f673845bb31ea3,2020,21,0,"{""type"": ""length"", ""length"": 2000}",2000,1769709281.6873581,2078028.233972648,2078028.235834981,2078028.237162493,2078028.238083965,2078028.238401968,2078047.790239968,0,False,False,2020,2020,20,2000,decode
3a801aa5558e480fa705e4254e57016f,2020,21,0,"{""type"": ""length"", ""length"": 2000}",2000,1769709281.6878042,2078028.234437598,2078028.235892892,2078028.237352579,2078028.238106904,2078028.238402187,2078047.790250611,0,False,False,2020,2020,20,2000,decode
eff08351399f4af2a30fb58dda465940,2020,21,0,"{""type"": ""length"", ""length"": 2000}",2000,1769709281.688305,2078028.235025602,2078028.235947678,2078028.237540208,2078028.23812931,2078028.238402397,2078047.79026151,0,False,False,2020,2020,20,2000,decode
21766955b7ad4d5abf3755483b91bdfe,2020,21,0,"{""type"": ""length"", ""length"": 2000}",2000,1769709281.6888514,2078028.235463033,2078028.239549771,2078028.240414292,2078028.242175579,2078028.242637619,2078047.790272745,0,False,False,2020,2020,20,2000,decode
6b92f012512d4a4bae96ee7013ba70ff,2020,21,0,"{""type"": ""length"", ""length"": 2000}",2000,1769709281.6892886,2078028.235906697,2078028.239623934,2078028.240623719,2078028.242202079,2078028.242637952,2078047.790284456,0,False,False,2020,2020,20,2000,decode
5320119769974daa8996eeeee86eafbd,2020,21,0,"{""type"": ""length"", ""length"": 2000}",2000,1769709281.689736,2078028.236354896,2078028.239684702,2078028.240817088,2078028.242225537,2078028.242638176,2078047.790296006,0,False,False,2020,2020,20,2000,decode
f2380bcc4912427a92e53fbc943fc52d,2020,21,0,"{""type"": ""length"", ""length"": 2000}",2000,1769709281.690167,2078028.236776796,2078028.239740372,2078028.241014274,2078028.242248443,2078028.242638356,2078047.790307007,0,False,False,2020,2020,20,2000,decode
08bbcc8d2d334e33ae3183e459e90b7a,2020,21,0,"{""type"": ""length"", ""length"": 2000}",2000,1769709281.6906772,2078028.237284054,2078028.239796471,2078028.241208551,2078028.242275031,2078028.242638537,2078047.790318624,0,False,False,2020,2020,20,2000,decode
172b9f6f8ffe464f9d6f711ad647996f,2020,21,0,"{""type"": ""length"", ""length"": 2000}",2000,1769709281.691086,2078028.237690025,2078028.239852677,2078028.241396904,2078028.242298007,2078028.242638753,2078047.790330228,0,False,False,2020,2020,20,2000,decode
5f75d8b08fae4eb88f00a902ae05e096,2020,21,0,"{""type"": ""length"", ""length"": 2000}",2000,1769709281.6914911,2078028.238101683,2078028.239907354,2078028.241583619,2078028.242320332,2078028.242638926,2078047.790341389,0,False,False,2020,2020,20,2000,decode
13ac1a1f8c994e2cbe3a92d43ea80e5d,2020,21,0,"{""type"": ""length"", ""length"": 2000}",2000,1769709281.691922,2078028.238533487,2078028.239962227,2078028.241769101,2078028.242342616,2078028.242639127,2078047.790352323,0,False,False,2020,2020,20,2000,decode
39feadc8708f4cde9e66ad30d8f68c03,2020,21,0,"{""type"": ""length"", ""length"": 2000}",2000,1769709281.692423,2078028.239036022,2078028.240024352,2078028.241953946,2078028.242364795,2078028.242639302,2078047.790363421,0,False,False,2020,2020,20,2000,decode
e418728a6c80440ab318dd29c465db9e,2020,21,0,"{""type"": ""length"", ""length"": 2000}",2000,1769709281.692845,2078028.239453788,2078028.243769442,2078028.244394126,2078028.245379989,2078028.245693497,2078047.790374444,0,False,False,2020,2020,20,2000,decode
fb520232d6ad42ad8b3d471c2ee4b214,2020,21,0,"{""type"": ""length"", ""length"": 2000}",2000,1769709281.6932583,2078028.23986144,2078028.243842062,2078028.244592991,2078028.245406088,2078028.245693906,2078047.790385637,0,False,False,2020,2020,20,2000,decode
eb07712b9c1141d8b5b0d473277825a5,2020,21,0,"{""type"": ""length"", ""length"": 2000}",2000,1769709281.693669,2078028.240272787,2078028.243902457,2078028.244781633,2078028.245429448,2078028.245694131,2078047.790396896,0,False,False,2020,2020,20,2000,decode
6c88fe4c09b84d238e04e9a34535c0c0,2020,21,0,"{""type"": ""length"", ""length"": 2000}",2000,1769709281.6940897,2078028.240697513,2078028.243961254,2078028.244967766,2078028.24545278,2078028.245694304,2078047.790407905,0,False,False,2020,2020,20,2000,decode
4d0d5d768e6b4dfa97999116131989c1,2020,21,0,"{""type"": ""length"", ""length"": 2000}",2000,1769709281.6946073,2078028.241212813,2078028.244025065,2078028.245166075,2078028.245475219,2078028.245694493,2078047.790419309,0,False,False,2020,2020,20,2000,decode
e53c60839b6a4a98a8740a6f8e1e86e7,2020,21,0,"{""type"": ""length"", ""length"": 2000}",2000,1769709281.7073777,2078028.254069029,2078028.257604701,2078028.258033179,2078028.258257349,2078028.258301912,2078047.821086279,0,False,False,2020,2020,20,2000,decode
cfad4b0fc4ca4d98814dcbc3c46fb748,2020,21,0,"{""type"": ""length"", ""length"": 2000}",2000,1769709281.731662,2078028.278316142,2078028.283227975,2078028.284351252,2078028.28623945,2078028.286559625,2078047.86822323,0,False,False,2020,2020,20,2000,decode
83a350b290c4444faef0fc65c42e4dc1,2020,21,0,"{""type"": ""length"", ""length"": 2000}",2000,1769709281.732931,2078028.279560803,2078028.283307641,2078028.284591165,2078028.28626611,2078028.286559996,2078047.868239389,0,False,False,2020,2020,20,2000,decode
f92f666726ff42c7911f4c29d59454f9,2020,21,0,"{""type"": ""length"", ""length"": 2000}",2000,1769709281.733398,2078028.280025652,2078028.283374082,2078028.284791241,2078028.286289991,2078028.286560185,2078047.868252029,0,False,False,2020,2020,20,2000,decode
71f819dcd9c244e0a60d6da4ae66c611,2020,21,0,"{""type"": ""length"", ""length"": 2000}",2000,1769709281.7338624,2078028.280487004,2078028.283437492,2078028.284984553,2078028.286313158,2078028.286560346,2078047.868263834,0,False,False,2020,2020,20,2000,decode
b8a15783cf2647c2ba58491972384895,2020,21,0,"{""type"": ""length"", ""length"": 2000}",2000,1769709281.734315,2078028.280915126,2078028.283498012,2078028.285187846,2078028.286336125,2078028.286560509,2078047.868275126,0,False,False,2020,2020,20,2000,decode
be069a3b57754a6ab1285d711e9897e5,2020,21,0,"{""type"": ""length"", ""length"": 2000}",2000,1769709281.7350364,2078028.281640549,2078028.283555977,2078028.285382735,2078028.286360008,2078028.286560672,2078047.868286795,0,False,False,2020,2020,20,2000,decode
eec131ff71464091b66e2ce8171a99cd,2020,21,0,"{""type"": ""length"", ""length"": 2000}",2000,1769709281.7354689,2078028.282072585,2078028.28361399,2078028.285573143,2078028.286383096,2078028.286560846,2078047.868298702,0,False,False,2020,2020,20,2000,decode
910708fd3a6546f986471fb52ea5c27f,2020,21,0,"{""type"": ""length"", ""length"": 2000}",2000,1769709281.7358928,2078028.282490393,2078028.283671174,2078028.285763378,2078028.286406167,2078028.286561013,2078047.868309794,0,False,False,2020,2020,20,2000,decode
89444e96e1754c6383b798ea7a14ff04,2020,21,0,"{""type"": ""length"", ""length"": 2000}",2000,1769709281.7363198,2078028.282909664,2078028.283725843,2078028.28595297,2078028.286429036,2078028.286561175,2078047.868320987,0,False,False,2020,2020,20,2000,decode
120614c32df64507a576904310980a23,2020,21,0,"{""type"": ""length"", ""length"": 2000}",2000,1769709281.7367325,2078028.283325156,2078028.288078411,2078028.289059852,2078028.291249019,2078028.291784785,2078047.868332051,0,False,False,2020,2020,20,2000,decode
957bba01875f4450a93b7929f65ec1cf,2020,21,0,"{""type"": ""length"", ""length"": 2000}",2000,1769709281.7372243,2078028.283816073,2078028.288151158,2078028.289274282,2078028.291274836,2078028.291785072,2078047.868343519,0,False,False,2020,2020,20,2000,decode
f4c34b6862694b928efbfa82fb6a82ea,2020,21,0,"{""type"": ""length"", ""length"": 2000}",2000,1769709281.7376332,2078028.284226126,2078028.288211465,2078028.289469189,2078028.291298605,2078028.29178527,2078047.868354324,0,False,False,2020,2020,20,2000,decode
b3f451e922dc4754aca51c3ad9f7fda5,2020,21,0,"{""type"": ""length"", ""length"": 2000}",2000,1769709281.7380304,2078028.284616388,2078028.288268193,2078028.289658847,2078028.291321552,2078028.291785472,2078047.868365444,0,False,False,2020,2020,20,2000,decode
e31272833c824ae4a6153d08db7f322f,2020,21,0,"{""type"": ""length"", ""length"": 2000}",2000,1769709281.738424,2078028.285023207,2078028.288323924,2078028.289849846,2078028.291344166,2078028.291785659,2078047.868376916,0,False,False,2020,2020,20,2000,decode
dffc6db4dbcc4fceb406c79e2f4f2418,2020,21,0,"{""type"": ""length"", ""length"": 2000}",2000,1769709281.7389185,2078028.285514656,2078028.288377529,2078028.290044651,2078028.291367063,2078028.29178584,2078047.868387939,0,False,False,2020,2020,20,2000,decode
9b14337258c34fad8d27da9c6106d365,2020,21,0,"{""type"": ""length"", ""length"": 2000}",2000,1769709281.7393212,2078028.28590742,2078028.288432998,2078028.29023598,2078028.291389349,2078028.291786028,2078047.868399116,0,False,False,2020,2020,20,2000,decode
2b61d4bb3bb74dd8a450fd1efa8ae7e3,2020,21,0,"{""type"": ""length"", ""length"": 2000}",2000,1769709281.7397158,2078028.286304717,2078028.288487605,2078028.290422289,2078028.29141202,2078028.291786187,2078047.868410687,0,False,False,2020,2020,20,2000,decode
823fe23fe7f245a9ab5be9b022a4c3d4,2020,21,0,"{""type"": ""length"", ""length"": 2000}",2000,1769709281.740103,2078028.286683541,2078028.288542043,2078028.290607789,2078028.291434481,2078028.291786367,2078047.868421629,0,False,False,2020,2020,20,2000,decode
a44596ede2804c578ea996cc20bd6994,2020,21,0,"{""type"": ""length"", ""length"": 2000}",2000,1769709281.7405312,2078028.287225723,2078028.288596165,2078028.290790923,2078028.291457145,2078028.291786518,2078047.868432728,0,False,False,2020,2020,20,2000,decode
ebb5edbeb62741f08806e3589a3e2182,2020,21,0,"{""type"": ""length"", ""length"": 2000}",2000,1769709281.741073,2078028.287673306,2078028.2886506,2078028.290974782,2078028.291479597,2078028.291786719,2078047.868443827,0,False,False,2020,2020,20,2000,decode
d2c2290423c84159b37bc513a6fad06b,2020,21,0,"{""type"": ""length"", ""length"": 2000}",2000,1769709281.7414908,2078028.28808767,2078028.293042144,2078028.293734317,2078028.294945983,2078028.295310518,2078047.868454771,0,False,False,2020,2020,20,2000,decode
9d471b2040ee48beb26a0f9d4416ef13,2020,21,0,"{""type"": ""length"", ""length"": 2000}",2000,1769709281.7418964,2078028.288483277,2078028.293116371,2078028.293942406,2078028.294975448,2078028.295310866,2078047.868466233,0,False,False,2020,2020,20,2000,decode
92cc5a3d7d554b73a4af1c5c2501adeb,2020,21,0,"{""type"": ""length"", ""length"": 2000}",2000,1769709281.7422924,2078028.288880006,2078028.293176817,2078028.2941478,2078028.294998764,2078028.295311044,2078047.86847745,0,False,False,2020,2020,20,2000,decode
af25d31f275d47c1b9808d38b36fca62,2020,21,0,"{""type"": ""length"", ""length"": 2000}",2000,1769709281.7441926,2078028.290808545,2078028.293232849,2078028.294337465,2078028.295028163,2078028.295311207,2078047.86848894,0,False,False,2020,2020,20,2000,decode
eaba1e83ebe141bfb713bc85eafe5ae3,2020,21,0,"{""type"": ""length"", ""length"": 2000}",2000,1769709281.7456894,2078028.292303887,2078028.293288323,2078028.294524825,2078028.295050562,2078028.295311402,2078047.868500814,0,False,False,2020,2020,20,2000,decode
ef1098357c53437c865cfc6a97698804,2020,21,0,"{""type"": ""length"", ""length"": 2000}",2000,1769709281.746147,2078028.292753817,2078028.293342627,2078028.294713265,2078028.295073536,2078028.295311561,2078047.868511967,0,False,False,2020,2020,20,2000,decode
1aeab73befc5441e9bea8399e32ae665,2020,21,0,"{""type"": ""length"", ""length"": 2000}",2000,1769709281.7465918,2078028.293194854,2078028.296351097,2078028.297117947,2078028.298504479,2078028.298883162,2078047.868522974,0,False,False,2020,2020,20,2000,decode
c37114c583d04d41b0531be9ea88996c,2020,21,0,"{""type"": ""length"", ""length"": 2000}",2000,1769709281.7470193,2078028.293614511,2078028.296423818,2078028.297328369,2078028.298530245,2078028.298883505,2078047.868534151,0,False,False,2020,2020,20,2000,decode
14617b674abf414eaecf7c668953517b,2020,21,0,"{""type"": ""length"", ""length"": 2000}",2000,1769709281.7474246,2078028.29421933,2078028.296483896,2078028.29752099,2078028.298553509,2078028.298883704,2078047.868545151,0,False,False,2020,2020,20,2000,decode
ac5e92c113704e798bef0207527df630,2020,21,0,"{""type"": ""length"", ""length"": 2000}",2000,1769709281.7480416,2078028.294635688,2078028.296540864,2078028.297709056,2078028.298576333,2078028.298883888,2078047.868556146,0,False,False,2020,2020,20,2000,decode
88f2ade73ed348b4a9cf9be09b9b442c,2020,21,0,"{""type"": ""length"", ""length"": 2000}",2000,1769709281.7484462,2078028.295040656,2078028.296597145,2078028.297895271,2078028.29859893,2078028.298884042,2078047.868567207,0,False,False,2020,2020,20,2000,decode
319a388d958146ac81280f02352b214f,2020,21,0,"{""type"": ""length"", ""length"": 2000}",2000,1769709281.7488437,2078028.295425463,2078028.296652173,2078028.298088846,2078028.29862224,2078028.298884201,2078047.868578115,0,False,False,2020,2020,20,2000,decode
586d409a8f904e4a8bbb9348c16f20db,2020,21,0,"{""type"": ""length"", ""length"": 2000}",2000,1769709281.7492287,2078028.295815974,2078028.296708723,2078028.298276832,2078028.298644574,2078028.298884372,2078047.868589198,0,False,False,2020,2020,20,2000,decode
de098b3b83d74df6a813dd7e37ecbb59,2020,21,0,"{""type"": ""length"", ""length"": 2000}",2000,1769709281.7497215,2078028.29631739,2078028.29998724,2078028.300858339,2078028.302661788,2078028.303127934,2078047.868600606,0,False,False,2020,2020,20,2000,decode
5d4068d9bced496ea26ccc89c0b6dc0c,2020,21,0,"{""type"": ""length"", ""length"": 2000}",2000,1769709281.7501357,2078028.296723357,2078028.300064472,2078028.301077238,2078028.302688171,2078028.303128359,2078047.868612114,0,False,False,2020,2020,20,2000,decode
c165b6415d1042d1890190637f11d8f1,2020,21,0,"{""type"": ""length"", ""length"": 2000}",2000,1769709281.7505298,2078028.29711814,2078028.300123211,2078028.3012753,2078028.302712216,2078028.30312868,2078047.868623484,0,False,False,2020,2020,20,2000,decode
1125e39d422d43219b62e7a623a7e1a6,2020,21,0,"{""type"": ""length"", ""length"": 2000}",2000,1769709281.7509227,2078028.297505515,2078028.300178607,2078028.301465162,2078028.302735359,2078028.303128958,2078047.868634954,0,False,False,2020,2020,20,2000,decode
a798569934d94b75bf855c10a95c89a9,2020,21,0,"{""type"": ""length"", ""length"": 2000}",2000,1769709281.75138,2078028.297975849,2078028.300233833,2078028.301657133,2078028.302758655,2078028.303129133,2078047.868646231,0,False,False,2020,2020,20,2000,decode
d80a47bdb1674b188590601fc6f4119d,2020,21,0,"{""type"": ""length"", ""length"": 2000}",2000,1769709281.751794,2078028.298381986,2078028.300288204,2078028.301842479,2078028.30278216,2078028.303129346,2078047.868657516,0,False,False,2020,2020,20,2000,decode
dea054c1080740c293d242b90c06b3cd,2020,21,0,"{""type"": ""length"", ""length"": 2000}",2000,1769709281.7521892,2078028.298777011,2078028.300343296,2078028.30203442,2078028.302805094,2078028.303129534,2078047.86866884,0,False,False,2020,2020,20,2000,decode
7ec76936998248d8ae15b1c569011827,2020,21,0,"{""type"": ""length"", ""length"": 2000}",2000,1769709281.7525854,2078028.299169439,2078028.300399664,2078028.302223609,2078028.302827995,2078028.303129708,2078047.868680145,0,False,False,2020,2020,20,2000,decode
ffbed740dbef43fca62afed69738518d,2020,21,0,"{""type"": ""length"", ""length"": 2000}",2000,1769709281.7529662,2078028.299624266,2078028.300453977,2078028.30240781,2078028.302850589,2078028.303129896,2078047.868691655,0,False,False,2020,2020,20,2000,decode
5b5a8fe5ede4425d9dcd9ff367107c4b,2020,21,0,"{""type"": ""length"", ""length"": 2000}",2000,1769709281.7534487,2078028.300052517,2078028.304330732,2078028.305321038,2078028.30764365,2078028.308177383,2078047.86870308,0,False,False,2020,2020,20,2000,decode
668e04fa06c84c8995961fca310a5cd6,2020,21,0,"{""type"": ""length"", ""length"": 2000}",2000,1769709281.7538686,2078028.30045358,2078028.304403643,2078028.305532394,2078028.30766994,2078028.308177788,2078047.868714129,0,False,False,2020,2020,20,2000,decode
59d3f9b877954e7eaf5db502d9a4d72f,2020,21,0,"{""type"": ""length"", ""length"": 2000}",2000,1769709281.754262,2078028.300843679,2078028.304462749,2078028.305725408,2078028.30769399,2078028.308177985,2078047.868725271,0,False,False,2020,2020,20,2000,decode
b36c8f5b67334fc3b6fb4e8fb0e1185e,2020,21,0,"{""type"": ""length"", ""length"": 2000}",2000,1769709281.7546575,2078028.301239753,2078028.304518269,2078028.305914519,2078028.307717219,2078028.308178184,2078047.86873628,0,False,False,2020,2020,20,2000,decode
65d18487e95442248685732e7d9f50fd,2020,21,0,"{""type"": ""length"", ""length"": 2000}",2000,1769709281.7551105,2078028.301690723,2078028.304572834,2078028.306113536,2078028.307740691,2078028.308178342,2078047.868747381,0,False,False,2020,2020,20,2000,decode
976a5ed40a534e70afa7dd20a5083836,2020,21,0,"{""type"": ""length"", ""length"": 2000}",2000,1769709281.755489,2078028.302076093,2078028.304627116,2078028.306304731,2078028.307763809,2078028.308178576,2078047.868758742,0,False,False,2020,2020,20,2000,decode
881caedf897743a692f2be48db3905af,2020,21,0,"{""type"": ""length"", ""length"": 2000}",2000,1769709281.75589,2078028.302481691,2078028.304682288,2078028.306491128,2078028.307786945,2078028.308178778,2078047.868770069,0,False,False,2020,2020,20,2000,decode
eb603bf5a1574352ab50f3f6af12f034,2020,21,0,"{""type"": ""length"", ""length"": 2000}",2000,1769709281.7562928,2078028.302872245,2078028.304737586,2078028.306675714,2078028.307810072,2078028.308178938,2078047.868781435,0,False,False,2020,2020,20,2000,decode
cfc5011548dd43a885a752248b2af339,2020,21,0,"{""type"": ""length"", ""length"": 2000}",2000,1769709281.7567606,2078028.303341522,2078028.304794087,2078028.306861946,2078028.307833576,2078028.308179093,2078047.86879299,0,False,False,2020,2020,20,2000,decode
8be930af7fb94d2f955866becfdd65b5,2020,21,0,"{""type"": ""length"", ""length"": 2000}",2000,1769709281.7571464,2078028.30372094,2078028.304849119,2078028.307189789,2078028.307856399,2078028.308179317,2078047.868804329,0,False,False,2020,2020,20,2000,decode
92868a1085e240899e7bf1c60ba21d32,2020,21,0,"{""type"": ""length"", ""length"": 2000}",2000,1769709281.7575161,2078028.304095412,2078028.304902212,2078028.30740531,2078028.307879597,2078028.308179509,2078047.868815196,0,False,False,2020,2020,20,2000,decode
77b8fb3bb6c04278850cbd703a450730,2020,21,0,"{""type"": ""length"", ""length"": 2000}",2000,1769709281.7579036,2078028.304490557,2078028.309387846,2078028.310084541,2078028.311275238,2078028.311620271,2078047.868826169,0,False,False,2020,2020,20,2000,decode
d603a4428e9e441f976dfaef25efa2b6,2020,21,0,"{""type"": ""length"", ""length"": 2000}",2000,1769709281.7582917,2078028.304956164,2078028.309459303,2078028.310288611,2078028.311300705,2078028.311620621,2078047.868837129,0,False,False,2020,2020,20,2000,decode
2af50fa36d574255abab1c13bed16f7c,2020,21,0,"{""type"": ""length"", ""length"": 2000}",2000,1769709281.7587645,2078028.305349923,2078028.309518645,2078028.310478151,2078028.31132359,2078028.311620841,2078047.86884833,0,False,False,2020,2020,20,2000,decode
01e64e7d34a74110967b721ae603fe81,2020,21,0,"{""type"": ""length"", ""length"": 2000}",2000,1769709281.7591457,2078028.305724757,2078028.309574642,2078028.310664538,2078028.311345773,2078028.311621001,2078047.868859884,0,False,False,2020,2020,20,2000,decode
073100cfc45642a88d8d90db0cbd1c60,2020,21,0,"{""type"": ""length"", ""length"": 2000}",2000,1769709281.7595203,2078028.306100552,2078028.30963029,2078028.310849065,2078028.31136808,2078028.311621228,2078047.868871081,0,False,False,2020,2020,20,2000,decode
d1f47fe73fec411ab6add07a1a457b0f,2020,21,0,"{""type"": ""length"", ""length"": 2000}",2000,1769709281.759896,2078028.306474052,2078028.309684095,2078028.311041538,2078028.311390852,2078028.311621396,2078047.868882226,0,False,False,2020,2020,20,2000,decode
7962e5d3087b4d5383b2011cdc3070d0,2020,21,0,"{""type"": ""length"", ""length"": 2000}",2000,1769709299.1984625,2078045.74532903,2078045.755238525,2078045.756609075,2078045.759348388,2078045.759836511,2078063.447300236,0,False,False,2020,2020,20,2000,decode
920df2060f1540dcb3676de2f751a9a5,2020,21,0,"{""type"": ""length"", ""length"": 2000}",2000,1769709299.1994689,2078045.74615739,2078045.755322639,2078045.756853324,2078045.759374658,2078045.759836927,2078063.447318372,0,False,False,2020,2020,20,2000,decode
9e2a8e3d307446959bee8ad77dcb494a,2020,21,0,"{""type"": ""length"", ""length"": 2000}",2000,1769709299.200048,2078045.746706921,2078045.755386284,2078045.757070363,2078045.759398444,2078045.759837127,2078063.447331588,0,False,False,2020,2020,20,2000,decode
104aabde4c9b4cd78b5165851b842ccb,2020,21,0,"{""type"": ""length"", ""length"": 2000}",2000,1769709299.2011194,2078045.747786991,2078045.755444773,2078045.757274988,2078045.759421174,2078045.759837301,2078063.447343272,0,False,False,2020,2020,20,2000,decode
84454d81a0ba4b4e8207c44cd29f3b9d,2020,21,0,"{""type"": ""length"", ""length"": 2000}",2000,1769709299.2016926,2078045.748347205,2078045.755503351,2078045.757470345,2078045.759444213,2078045.75983749,2078063.447354653,0,False,False,2020,2020,20,2000,decode
7cfc0ae014f444eca44c17947129a18a,2020,21,0,"{""type"": ""length"", ""length"": 2000}",2000,1769709299.2022355,2078045.748879609,2078045.755560172,2078045.757665048,2078045.759467295,2078045.75983769,2078063.447366021,0,False,False,2020,2020,20,2000,decode
cb5664143b4745beb7ba4aa8e1a3b0a6,2020,21,0,"{""type"": ""length"", ""length"": 2000}",2000,1769709299.2044451,2078045.751132831,2078045.755618846,2078045.757857788,2078045.759489736,2078045.759837851,2078063.447377075,0,False,False,2020,2020,20,2000,decode
e024cd7456bf428b8e56fd9498ae1a23,2020,21,0,"{""type"": ""length"", ""length"": 2000}",2000,1769709299.205059,2078045.751722297,2078045.755676884,2078045.758055172,2078045.759512319,2078045.75983802,2078063.447388435,0,False,False,2020,2020,20,2000,decode
ca8662d84a0a4ae4a53e4f9daed450fa,2020,21,0,"{""type"": ""length"", ""length"": 2000}",2000,1769709299.205632,2078045.752286064,2078045.755733089,2078045.758251723,2078045.759534503,2078045.759838191,2078063.44739978,0,False,False,2020,2020,20,2000,decode
e23a0e8ac748435592426082cc6c12d6,2020,21,0,"{""type"": ""length"", ""length"": 2000}",2000,1769709299.206177,2078045.75282525,2078045.755787784,2078045.758444963,2078045.759556997,2078045.759838355,2078063.447411086,0,False,False,2020,2020,20,2000,decode
69072fbcb83d43539743270e20c1d030,2020,21,0,"{""type"": ""length"", ""length"": 2000}",2000,1769709299.2067242,2078045.753481777,2078045.755844286,2078045.758640259,2078045.759579133,2078045.759838559,2078063.447422056,0,False,False,2020,2020,20,2000,decode
0c540e1ca7934abca6de2b6522295d84,2020,21,0,"{""type"": ""length"", ""length"": 2000}",2000,1769709299.2073736,2078045.754029554,2078045.755899176,2078045.758833362,2078045.759601645,2078045.759838714,2078063.447434229,0,False,False,2020,2020,20,2000,decode
5711922162b14cc0b4d08e3e67b594aa,2020,21,0,"{""type"": ""length"", ""length"": 2000}",2000,1769709299.2079225,2078045.754584724,2078045.755957222,2078045.759032232,2078045.759624173,2078045.759838874,2078063.447446037,0,False,False,2020,2020,20,2000,decode
01a0515b02ff48fba4ca9caf9e17328e,2020,21,0,"{""type"": ""length"", ""length"": 2000}",2000,1769709299.573549,2078046.120717244,2078046.128234072,2078046.128880138,2078046.129168995,2078046.129220826,2078063.811795243,0,False,False,2020,2020,20,2000,decode
1624f782104741fc9e6b2bfcea6b99cd,2020,21,0,"{""type"": ""length"", ""length"": 2000}",2000,1769709300.5122747,2078047.059434193,2078047.067423748,2078047.068046302,2078047.06833523,2078047.06838501,2078064.734263939,0,False,False,2020,2020,20,2000,decode
a37ee9ec350448d5aa953cebcd2aa138,2020,21,0,"{""type"": ""length"", ""length"": 2000}",2000,1769709301.5246797,2078048.071586875,2078048.072999891,2078048.07373912,2078048.074495651,2078048.074620011,2078065.984923657,0,False,False,2020,2020,20,2000,decode
dd32175fdb2249f08003be79d50e3c94,2020,21,0,"{""type"": ""length"", ""length"": 2000}",2000,1769709301.5255115,2078048.072153363,2078048.07308663,2078048.073974023,2078048.074522059,2078048.074620299,2078065.984940823,0,False,False,2020,2020,20,2000,decode
cdd88dd1ebd24f8f873eb957f6090ed2,2020,21,0,"{""type"": ""length"", ""length"": 2000}",2000,1769709301.5259967,2078048.072623436,2078048.073149059,2078048.074194475,2078048.074545707,2078048.07462051,2078065.984953677,0,False,False,2020,2020,20,2000,decode
6701b272a8f5424dad4d9f239e3f5324,2020,21,0,"{""type"": ""length"", ""length"": 2000}",2000,1769709301.5264544,2078048.073068971,2078048.07736088,2078048.07786306,2078048.078301462,2078048.078537661,2078065.984965382,0,False,False,2020,2020,20,2000,decode
6635eebec4e544a5bd2c3e7d8b8d9456,2020,21,0,"{""type"": ""length"", ""length"": 2000}",2000,1769709301.5269008,2078048.073519141,2078048.07743206,2078048.078085059,2078048.078327374,2078048.078538008,2078065.984976781,0,False,False,2020,2020,20,2000,decode
e68fc9c65f9f4ad49aed2dcdfebafa0b,2020,21,0,"{""type"": ""length"", ""length"": 2000}",2000,1769709301.5273652,2078048.378115789,2078048.380948039,2078048.381815865,2078048.382936808,2078048.383131052,2078066.695641319,0,False,False,2020,2020,20,2000,decode
a1690e3d40a84be2b619a83fdce618f0,2020,21,0,"{""type"": ""length"", ""length"": 2000}",2000,1769709301.8321865,2078048.378869038,2078048.38103659,2078048.382056137,2078048.382963238,2078048.383131316,2078066.695658498,0,False,False,2020,2020,20,2000,decode
9759c0e3506b4e3198a27d665491ffc7,2020,21,0,"{""type"": ""length"", ""length"": 2000}",2000,1769709301.8327684,2078048.379393927,2078048.381104614,2078048.382269052,2078048.382986812,2078048.383131474,2078066.69567112,0,False,False,2020,2020,20,2000,decode
aace024dabae48bd946c2a3565ecf7c2,2020,21,0,"{""type"": ""length"", ""length"": 2000}",2000,1769709301.83326,2078048.379873324,2078048.381166009,2078048.382464641,2078048.383015403,2078048.383131634,2078066.695682643,0,False,False,2020,2020,20,2000,decode
deb815b1cbb340daa18ae6b39941d58e,2020,21,0,"{""type"": ""length"", ""length"": 2000}",2000,1769709301.833732,2078048.380421228,2078048.381224142,2078048.382661193,2078048.38303812,2078048.383131832,2078066.695694361,0,False,False,2020,2020,20,2000,decode
7d99f158a78346c39a869ed4fc6d3cb6,2020,21,0,"{""type"": ""length"", ""length"": 2000}",2000,1769709301.8342712,2078048.380876043,2078048.385581413,2078048.386552793,2078048.388502017,2078048.389008606,2078066.695705881,0,False,False,2020,2020,20,2000,decode
339d16ab5ac94f289b9c0de8c342957e,2020,21,0,"{""type"": ""length"", ""length"": 2000}",2000,1769709301.8347275,2078048.381330075,2078048.385655922,2078048.386762536,2078048.3885324,2078048.389008998,2078066.695717668,0,False,False,2020,2020,20,2000,decode
f7f38140b4c84f13be7263deda86add4,2020,21,0,"{""type"": ""length"", ""length"": 2000}",2000,1769709301.8351684,2078048.381763617,2078048.385718731,2078048.386962232,2078048.388556124,2078048.389009213,2078066.695729049,0,False,False,2020,2020,20,2000,decode
5f0836cacc284703a3814576e6a887f4,2020,21,0,"{""type"": ""length"", ""length"": 2000}",2000,1769709301.8355966,2078048.38227142,2078048.385777626,2078048.38716333,2078048.388579283,2078048.389009409,2078066.695740426,0,False,False,2020,2020,20,2000,decode
ceee128d127d4dd3b60fa36cfe977a58,2020,21,0,"{""type"": ""length"", ""length"": 2000}",2000,1769709301.8361294,2078048.382726741,2078048.385835976,2078048.387351217,2078048.388602534,2078048.389009605,2078066.695751269,0,False,False,2020,2020,20,2000,decode
e3791ae2ce8c4eab9e377887ae255f87,2020,21,0,"{""type"": ""length"", ""length"": 2000}",2000,1769709301.83656,2078048.383163173,2078048.385892784,2078048.387536906,2078048.388625576,2078048.389009785,2078066.695762398,0,False,False,2020,2020,20,2000,decode
57f30bcdb2b248b1b396992e23cf59ca,2020,21,0,"{""type"": ""length"", ""length"": 2000}",2000,1769709301.837011,2078048.383605715,2078048.38595052,2078048.387722197,2078048.388648707,2078048.389009975,2078066.695773704,0,False,False,2020,2020,20,2000,decode
fadc0c833d3a400d8bc0308acf19c38a,2020,21,0,"{""type"": ""length"", ""length"": 2000}",2000,1769709301.8374312,2078048.384101697,2078048.386016071,2078048.38790623,2078048.388671416,2078048.389010186,2078066.69578508,0,False,False,2020,2020,20,2000,decode
bd99f01f994c4a3ab53e739ac72de40d,2020,21,0,"{""type"": ""length"", ""length"": 2000}",2000,1769709301.8379257,2078048.384513494,2078048.386074973,2078048.388099983,2078048.388694323,2078048.389010354,2078066.695796498,0,False,False,2020,2020,20,2000,decode
0f4046b36f90423e885b63ffccdbfa49,2020,21,0,"{""type"": ""length"", ""length"": 2000}",2000,1769709301.8383331,2078048.384921999,2078048.386132321,2078048.388288895,2078048.388717272,2078048.389010534,2078066.695807855,0,False,False,2020,2020,20,2000,decode
6c8279cc13554e9cbab3240ac3afe9de,2020,21,0,"{""type"": ""length"", ""length"": 2000}",2000,1769709301.8387637,2078048.385364406,2078048.39021452,2078048.391194329,2078048.392570285,2078048.392955264,2078066.69581928,0,False,False,2020,2020,20,2000,decode
b71cf7f242af4597a40684aba6fccd70,2020,21,0,"{""type"": ""length"", ""length"": 2000}",2000,1769709301.839194,2078048.385866916,2078048.390287695,2078048.391402851,2078048.392596718,2078048.392955658,2078066.695830842,0,False,False,2020,2020,20,2000,decode
8628d39dad594d81bfe813882e4a1c91,2020,21,0,"{""type"": ""length"", ""length"": 2000}",2000,1769709301.839697,2078048.386286792,2078048.390348306,2078048.391598558,2078048.392621202,2078048.392955897,2078066.695842961,0,False,False,2020,2020,20,2000,decode
53ed78d59abc4d05a9b6940ba61365ac,2020,21,0,"{""type"": ""length"", ""length"": 2000}",2000,1769709301.8401005,2078048.386689159,2078048.390595059,2078048.391786608,2078048.392644243,2078048.392956083,2078066.69585414,0,False,False,2020,2020,20,2000,decode
240bdb2619ae4e27b95f9285aab14ba8,2020,21,0,"{""type"": ""length"", ""length"": 2000}",2000,1769709301.840505,2078048.387099476,2078048.390660741,2078048.391978766,2078048.392666896,2078048.392956241,2078066.695865329,0,False,False,2020,2020,20,2000,decode
b8b64cfe62354fe5addb4a7c1564d5a5,2020,21,0,"{""type"": ""length"", ""length"": 2000}",2000,1769709301.8409085,2078048.387567184,2078048.390719355,2078048.392177362,2078048.392690074,2078048.392956399,2078066.695877333,0,False,False,2020,2020,20,2000,decode
fdf57c24511d4d9a9054ecdd5341197e,2020,21,0,"{""type"": ""length"", ""length"": 2000}",2000,1769709301.8432674,2078048.389870764,2078048.390775324,2078048.392362838,2078048.392713,2078048.392956556,2078066.695888533,0,False,False,2020,2020,20,2000,decode
3934ec48bde04545847f946562188c0e,2020,21,0,"{""type"": ""length"", ""length"": 2000}",2000,1769709301.84373,2078048.390329615,2078048.394059183,2078048.394894684,2078048.396490327,2078048.396899818,2078066.695899793,0,False,False,2020,2020,20,2000,decode
1b8fb632550f46bf880b8345028ecdf0,2020,21,0,"{""type"": ""length"", ""length"": 2000}",2000,1769709301.844164,2078048.390756827,2078048.39413553,2078048.395114341,2078048.396516085,2078048.396900214,2078066.69591105,0,False,False,2020,2020,20,2000,decode
c6e865fc00b64c78907c37e58fa6ea48,2020,21,0,"{""type"": ""length"", ""length"": 2000}",2000,1769709301.844592,2078048.391188733,2078048.394199055,2078048.39531261,2078048.396539654,2078048.396900409,2078066.695922295,0,False,False,2020,2020,20,2000,decode
a632a50950d0496098450e7bbfb8e11a,2020,21,0,"{""type"": ""length"", ""length"": 2000}",2000,1769709301.8450224,2078048.391817724,2078048.394257577,2078048.395510322,2078048.39656225,2078048.396900624,2078066.695933613,0,False,False,2020,2020,20,2000,decode
c36fae60afc74041bd30331046aa0daf,2020,21,0,"{""type"": ""length"", ""length"": 2000}",2000,1769709301.845663,2078048.392261414,2078048.394314178,2078048.395701536,2078048.396584761,2078048.396900821,2078066.695944725,0,False,False,2020,2020,20,2000,decode
8908ac975948463bbc41b6a3717ff40c,2020,21,0,"{""type"": ""length"", ""length"": 2000}",2000,1769709301.8460855,2078048.392677861,2078048.394369822,2078048.395889484,2078048.396607591,2078048.396901025,2078066.695956117,0,False,False,2020,2020,20,2000,decode
e4de6c6b7430415c9f6490f6fbd36c2a,2020,21,0,"{""type"": ""length"", ""length"": 2000}",2000,1769709301.8464935,2078048.393095119,2078048.394425898,2078048.396083436,2078048.396630164,2078048.396901269,2078066.695967337,0,False,False,2020,2020,20,2000,decode
abb908c42f1c48e68197ca8b71eab393,2020,21,0,"{""type"": ""length"", ""length"": 2000}",2000,1769709301.8469143,2078048.393502693,2078048.394480919,2078048.396273748,2078048.396652201,2078048.396901468,2078066.695978399,0,False,False,2020,2020,20,2000,decode
4ff3c2336341475980a5c1cbdcc3f649,2020,21,0,"{""type"": ""length"", ""length"": 2000}",2000,1769709301.8474011,2078048.394007723,2078048.398051978,2078048.398944663,2078048.400689261,2078048.401148712,2078066.695989566,0,False,False,2020,2020,20,2000,decode
074c09661dca4e989ae72eee8e9a43eb,2020,21,0,"{""type"": ""length"", ""length"": 2000}",2000,1769709301.847843,2078048.394437233,2078048.398127225,2078048.399161864,2078048.400714947,2078048.40114908,2078066.696003453,0,False,False,2020,2020,20,2000,decode
6dbf51df33d54117a7167a4c9f1ffac2,2020,21,0,"{""type"": ""length"", ""length"": 2000}",2000,1769709301.8482583,2078048.394848646,2078048.398187619,2078048.399354041,2078048.400738298,2078048.401149299,2078066.696015251,0,False,False,2020,2020,20,2000,decode
19dc7943ffbe4ac2a6490f15ddbb9be4,2020,21,0,"{""type"": ""length"", ""length"": 2000}",2000,1769709301.8486736,2078048.395266723,2078048.398245993,2078048.399541226,2078048.400761037,2078048.401149462,2078066.696026979,0,False,False,2020,2020,20,2000,decode
336ac370dea747dfb6440ad600c416c4,2020,21,0,"{""type"": ""length"", ""length"": 2000}",2000,1769709301.8491518,2078048.395740421,2078048.398302491,2078048.399728106,2078048.400783355,2078048.401149719,2078066.696038947,0,False,False,2020,2020,20,2000,decode
2390fe135c0d4056b231b35ea1fcdaca,2020,21,0,"{""type"": ""length"", ""length"": 2000}",2000,1769709301.8495505,2078048.396144854,2078048.398358339,2078048.399914701,2078048.400806512,2078048.401149891,2078066.696050395,0,False,False,2020,2020,20,2000,decode
1f93a159a2b24989a12d724813516a19,2020,21,0,"{""type"": ""length"", ""length"": 2000}",2000,1769709301.849951,2078048.39653318,2078048.398413986,2078048.400110004,2078048.400829181,2078048.401150078,2078066.696061771,0,False,False,2020,2020,20,2000,decode
05d0828090e24e1980139ca698f105c6,2020,21,0,"{""type"": ""length"", ""length"": 2000}",2000,1769709301.850358,2078048.396959256,2078048.398469341,2078048.400297986,2078048.400851809,2078048.401150236,2078066.696072722,0,False,False,2020,2020,20,2000,decode
e46ae82136774b0491a8ac22e96e2e6c,2020,21,0,"{""type"": ""length"", ""length"": 2000}",2000,1769709301.8508658,2078048.397471811,2078048.398525771,2078048.400484252,2078048.400877699,2078048.401150408,2078066.696083684,0,False,False,2020,2020,20,2000,decode
14f9c80ee85d4da695313763e430e3c3,2020,21,0,"{""type"": ""length"", ""length"": 2000}",2000,1769709301.8513017,2078048.397901511,2078048.402314157,2078048.403154682,2078048.404711762,2078048.405133176,2078066.696094593,0,False,False,2020,2020,20,2000,decode
ac0b13cef64a471aac2cfbfd985527bc,2020,21,0,"{""type"": ""length"", ""length"": 2000}",2000,1769709301.8517299,2078048.398321186,2078048.402385508,2078048.403366407,2078048.404737418,2078048.405133554,2078066.696105762,0,False,False,2020,2020,20,2000,decode
ed7ccd5957b1484eb3782f3999714d4a,2020,21,0,"{""type"": ""length"", ""length"": 2000}",2000,1769709301.8521392,2078048.398724156,2078048.402445424,2078048.403561675,2078048.40476067,2078048.405133801,2078066.696116816,0,False,False,2020,2020,20,2000,decode
623b4966348240eaac743b280acc5db8,2020,21,0,"{""type"": ""length"", ""length"": 2000}",2000,1769709301.8526201,2078048.399220276,2078048.402501145,2078048.403749339,2078048.40478326,2078048.40513398,2078066.696127932,0,False,False,2020,2020,20,2000,decode
ac35dd83037b4f06bd366b26ddda3ada,2020,21,0,"{""type"": ""length"", ""length"": 2000}",2000,1769709301.8530686,2078048.399665008,2078048.40255623,2078048.403937817,2078048.404805696,2078048.405134186,2078066.696139343,0,False,False,2020,2020,20,2000,decode
7baaf0fdfa42423abb55faedc4d2806a,2020,21,0,"{""type"": ""length"", ""length"": 2000}",2000,1769709301.8535137,2078048.400111026,2078048.402611181,2078048.404132957,2078048.404828743,2078048.405134345,2078066.696150506,0,False,False,2020,2020,20,2000,decode
a4ce6c516ca4473e8be37a4b34b770a0,2020,21,0,"{""type"": ""length"", ""length"": 2000}",2000,1769709301.8539417,2078048.400528862,2078048.402666055,2078048.404318452,2078048.40485131,2078048.405134504,2078066.696161495,0,False,False,2020,2020,20,2000,decode
c5fa63cfbb434c76b055cb7df318bb7b,2020,21,0,"{""type"": ""length"", ""length"": 2000}",2000,1769709301.8552315,2078048.401836879,2078048.4027219,2078048.404502412,2078048.404873615,2078048.405134658,2078066.696172327,0,False,False,2020,2020,20,2000,decode
58eabe41976245bc87cc28f7e2fe8e40,2020,21,0,"{""type"": ""length"", ""length"": 2000}",2000,1769709301.8557038,2078048.402301874,2078048.406277914,2078048.407189766,2078048.408934299,2078048.409393761,2078066.696183087,0,False,False,2020,2020,20,2000,decode
b5a63d02e61044c494b48e5117020e58,2020,21,0,"{""type"": ""length"", ""length"": 2000}",2000,1769709301.8561342,2078048.402726651,2078048.406353418,2078048.407399342,2078048.408960554,2078048.409394131,2078066.696194063,0,False,False,2020,2020,20,2000,decode
4b080b62fe22406b94f1769fada6425a,2020,21,0,"{""type"": ""length"", ""length"": 2000}",2000,1769709301.8565483,2078048.403143372,2078048.406414911,2078048.407591878,2078048.408984268,2078048.409394328,2078066.696205565,0,False,False,2020,2020,20,2000,decode
82fd00d462c34363a8026952abe76d84,2020,21,0,"{""type"": ""length"", ""length"": 2000}",2000,1769709301.8570232,2078048.403613303,2078048.406472758,2078048.407778365,2078048.409012859,2078048.409394501,2078066.69621668,0,False,False,2020,2020,20,2000,decode
ffb6641aee574fd4b0fe5e6d32ce1c7c,2020,21,0,"{""type"": ""length"", ""length"": 2000}",2000,1769709301.8574448,2078048.404048899,2078048.406528948,2078048.407964636,2078048.40903544,2078048.409394672,2078066.696227547,0,False,False,2020,2020,20,2000,decode
d11d52f59ffd40d8a649cbcaecd93b95,2020,21,0,"{""type"": ""length"", ""length"": 2000}",2000,1769709301.8578806,2078048.404471268,2078048.406584138,2078048.408162311,2078048.409058381,2078048.40939485,2078066.696238814,0,False,False,2020,2020,20,2000,decode
9ae3ff3f3a554ccdbf8dd78502d2c800,2020,21,0,"{""type"": ""length"", ""length"": 2000}",2000,1769709301.8582997,2078048.40488557,2078048.406639923,2078048.408348207,2078048.409081116,2078048.409395008,2078066.696249801,0,False,False,2020,2020,20,2000,decode
c35011ad41d94456af8ca465c858e24b,2020,21,0,"{""type"": ""length"", ""length"": 2000}",2000,1769709301.85878,2078048.405367564,2078048.406695129,2078048.40853349,2078048.409103242,2078048.409395164,2078066.696260759,0,False,False,2020,2020,20,2000,decode
9ecdd7eb47e54fb99d71e63718619356,2020,21,0,"{""type"": ""length"", ""length"": 2000}",2000,1769709301.8591824,2078048.405762008,2078048.406750306,2078048.40871838,2078048.409125864,2078048.409395338,2078066.69627158,0,False,False,2020,2020,20,2000,decode
a5eb5cf174b0476fbc970ebc18aa51e5,2020,21,0,"{""type"": ""length"", ""length"": 2000}",2000,1769709301.859587,2078048.406169838,2078048.41057806,2078048.411647118,2078048.41360084,2078048.414092227,2078066.696282423,0,False,False,2020,2020,20,2000,decode
c3d6088b690740d29737f300d8ddb6c4,2020,21,0,"{""type"": ""length"", ""length"": 2000}",2000,1769709301.8599854,2078048.406565721,2078048.410649772,2078048.411869616,2078048.413626619,2078048.414092547,2078066.696293346,0,False,False,2020,2020,20,2000,decode
39519c2fb86e459d8cd382d0638d1324,2020,21,0,"{""type"": ""length"", ""length"": 2000}",2000,1769709301.8604453,2078048.407067432,2078048.410709298,2078048.412073226,2078048.413650391,2078048.414092758,2078066.696304381,0,False,False,2020,2020,20,2000,decode
d06deb30b98742108fc4cade8d3f9909,2020,21,0,"{""type"": ""length"", ""length"": 2000}",2000,1769709301.860892,2078048.40748479,2078048.410766771,2078048.412266024,2078048.41367308,2078048.414092922,2078066.696316079,0,False,False,2020,2020,20,2000,decode
a6db17f13df147e5afb1053fdea1e261,2020,21,0,"{""type"": ""length"", ""length"": 2000}",2000,1769709301.8613038,2078048.407889585,2078048.410821568,2078048.412451405,2078048.413695843,2078048.414093088,2078066.696327499,0,False,False,2020,2020,20,2000,decode
a713e08975af470f83a4980b1d3f5750,2020,21,0,"{""type"": ""length"", ""length"": 2000}",2000,1769709301.8617058,2078048.40828875,2078048.410876886,2078048.412636974,2078048.413719162,2078048.414093259,2078066.696338425,0,False,False,2020,2020,20,2000,decode
b979091b3d0342448efb4de3c9a0b437,2020,21,0,"{""type"": ""length"", ""length"": 2000}",2000,1769709301.8621488,2078048.408733112,2078048.410933618,2078048.41282123,2078048.413741755,2078048.414093413,2078066.696349343,0,False,False,2020,2020,20,2000,decode
6874ee8d607a464a8d1a19e4a7610074,2020,21,0,"{""type"": ""length"", ""length"": 2000}",2000,1769709301.8625638,2078048.409161793,2078048.410989309,2078048.413010971,2078048.413764199,2078048.414093573,2078066.696360914,0,False,False,2020,2020,20,2000,decode
1faee0e5d0ea4fabab9d592bfe54503d,2020,21,0,"{""type"": ""length"", ""length"": 2000}",2000,1769709301.8629847,2078048.409567481,2078048.411051119,2078048.413199002,2078048.413786643,2078048.414093732,2078066.696372175,0,False,False,2020,2020,20,2000,decode
0844f5e6a1564c9cb8200d6f20a55bff,2020,21,0,"{""type"": ""length"", ""length"": 2000}",2000,1769709301.8633811,2078048.409961896,2078048.411106497,2078048.413381823,2078048.413809494,2078048.414093898,2078066.696383265,0,False,False,2020,2020,20,2000,decode
2efb1dd524e64288a64788f05b5e480c,2020,21,0,"{""type"": ""length"", ""length"": 2000}",2000,1769709301.8638546,2078048.410439492,2078048.415353067,2078048.41643112,2078048.418735578,2078048.419307987,2078066.696394447,0,False,False,2020,2020,20,2000,decode
16c6c8d6ce3040cab114f2a35ac5e6b9,2020,21,0,"{""type"": ""length"", ""length"": 2000}",2000,1769709301.8642502,2078048.410829755,2078048.41542682,2078048.416635858,2078048.418761212,2078048.419308347,2078066.696405448,0,False,False,2020,2020,20,2000,decode
844eeee2198b453aa58f4ec0eafd60ea,2020,21,0,"{""type"": ""length"", ""length"": 2000}",2000,1769709301.864657,2078048.411244828,2078048.415487498,2078048.416826766,2078048.418785405,2078048.41930867,2078066.696416845,0,False,False,2020,2020,20,2000,decode
57821c197b084560b084b7bf5453ec2c,2020,21,0,"{""type"": ""length"", ""length"": 2000}",2000,1769709301.865064,2078048.411646414,2078048.415544177,2078048.417023286,2078048.418808593,2078048.419308893,2078066.696428141,0,False,False,2020,2020,20,2000,decode
41c1c82dd2034f7c9addf46b738ff6c5,2020,21,0,"{""type"": ""length"", ""length"": 2000}",2000,1769709301.8655238,2078048.412112368,2078048.415599159,2078048.417216911,2078048.418835816,2078048.419309067,2078066.696438935,0,False,False,2020,2020,20,2000,decode
2ee9f77832d14d848e6ea11b0c958c59,2020,21,0,"{""type"": ""length"", ""length"": 2000}",2000,1769709301.8659217,2078048.412502959,2078048.415654089,2078048.417403946,2078048.418859187,2078048.41930926,2078066.696450011,0,False,False,2020,2020,20,2000,decode
95fe7deb32594d638919a8859e19339f,2020,21,0,"{""type"": ""length"", ""length"": 2000}",2000,1769709301.8663142,2078048.412891108,2078048.41570896,2078048.417588787,2078048.418882694,2078048.419309424,2078066.696460947,0,False,False,2020,2020,20,2000,decode
03666e44c7ab4801968e40bd6f2ea992,2020,21,0,"{""type"": ""length"", ""length"": 2000}",2000,1769709301.8667088,2078048.413296964,2078048.415764005,2078048.417773853,2078048.418905924,2078048.419309607,2078066.696471949,0,False,False,2020,2020,20,2000,decode
fe9604fb874448e2aa12c6e612972e2a,2020,21,0,"{""type"": ""length"", ""length"": 2000}",2000,1769709301.8671746,2078048.41376369,2078048.415818999,2078048.41795765,2078048.418929315,2078048.419309765,2078066.696483185,0,False,False,2020,2020,20,2000,decode
2fd56172ce8c4535a8c80a0a61166601,2020,21,0,"{""type"": ""length"", ""length"": 2000}",2000,1769709301.8675828,2078048.41416671,2078048.415874058,2078048.418151484,2078048.418952267,2078048.419309917,2078066.696494403,0,False,False,2020,2020,20,2000,decode
67a4c8edbe4c4094bf88f6593541d3eb,2020,21,0,"{""type"": ""length"", ""length"": 2000}",2000,1769709301.867975,2078048.414553235,2078048.415929267,2078048.418335699,2078048.418975757,2078048.41931008,2078066.696505486,0,False,False,2020,2020,20,2000,decode
5791442b282b4e479443a02e918e9a02,2020,21,0,"{""type"": ""length"", ""length"": 2000}",2000,1769709301.8683589,2078048.414934123,2078048.415985271,2078048.4185194,2078048.418998692,2078048.419310235,2078066.696516457,0,False,False,2020,2020,20,2000,decode
d5b69b681a0a4107880cd588f4b13918,2020,21,0,"{""type"": ""length"", ""length"": 2000}",2000,1769709301.8688302,2078048.41542886,2078048.420495932,2078048.421009273,2078048.421417826,2078048.421632969,2078066.696527873,0,False,False,2020,2020,20,2000,decode
49bdf1cb78ac461d8c35b4d8cfd81edb,2020,21,0,"{""type"": ""length"", ""length"": 2000}",2000,1769709301.869254,2078048.415843143,2078048.420564481,2078048.421218124,2078048.42144371,2078048.421633314,2078066.696538891,0,False,False,2020,2020,20,2000,decode
9fb618be9200400b9cd0ae870568edbb,2020,21,0,"{""type"": ""length"", ""length"": 2000}",2000,1769709316.9952579,2078063.542062429,2078063.551148378,2078063.552574116,2078063.555257659,2078063.555727458,2078081.550818807,0,False,False,2020,2020,20,2000,decode
7dc1c0ecde5a45edab63da870b6b4a4f,2020,21,0,"{""type"": ""length"", ""length"": 2000}",2000,1769709316.9959903,2078063.542642865,2078063.551242961,2078063.552811545,2078063.555284421,2078063.555727836,2078081.550837998,0,False,False,2020,2020,20,2000,decode
e3c8a82a98ea46a2b04a72a1d48d9314,2020,21,0,"{""type"": ""length"", ""length"": 2000}",2000,1769709316.9964943,2078063.54313449,2078063.55131669,2078063.553024219,2078063.555307811,2078063.555728057,2078081.550852147,0,False,False,2020,2020,20,2000,decode
b02f73e67d2a4d6d86e6e7306815c96d,2020,21,0,"{""type"": ""length"", ""length"": 2000}",2000,1769709316.9969792,2078063.543597163,2078063.551381844,2078063.553233146,2078063.5553303,2078063.555728251,2078081.550864203,0,False,False,2020,2020,20,2000,decode
51c6ad9bd0bc4c8b91a5645ca2d2a32a,2020,21,0,"{""type"": ""length"", ""length"": 2000}",2000,1769709316.997438,2078063.544061983,2078063.551439548,2078063.553429032,2078063.555352682,2078063.555728442,2078081.55087598,0,False,False,2020,2020,20,2000,decode
684b326f8db04621a66542a2fd385051,2020,21,0,"{""type"": ""length"", ""length"": 2000}",2000,1769709316.9992776,2078063.545915101,2078063.55149612,2078063.553621943,2078063.555375778,2078063.555728636,2078081.550888527,0,False,False,2020,2020,20,2000,decode
ebf8548fdf8b4f71ac20ea2a45890468,2020,21,0,"{""type"": ""length"", ""length"": 2000}",2000,1769709316.9997811,2078063.546395047,2078063.551553689,2078063.553812534,2078063.555398676,2078063.555728819,2078081.550900703,0,False,False,2020,2020,20,2000,decode
96d64e9b7e1248af9d4f6ae9a888fec8,2020,21,0,"{""type"": ""length"", ""length"": 2000}",2000,1769709317.0002322,2078063.546839967,2078063.551611301,2078063.554010307,2078063.555421078,2078063.55572898,2078081.550912576,0,False,False,2020,2020,20,2000,decode
23ccbc5a31ad455ba4499a5fac162cb1,2020,21,0,"{""type"": ""length"", ""length"": 2000}",2000,1769709317.0006766,2078063.547280125,2078063.55166559,2078063.554207548,2078063.555443309,2078063.555729169,2078081.550925411,0,False,False,2020,2020,20,2000,decode
7e6c7f1fd5d54949b5ff44f1279e22e7,2020,21,0,"{""type"": ""length"", ""length"": 2000}",2000,1769709317.0011039,2078063.547799113,2078063.551720509,2078063.554396154,2078063.55546581,2078063.555729382,2078081.550937121,0,False,False,2020,2020,20,2000,decode
2e4b25e615b2480d86b035a991c8321b,2020,21,0,"{""type"": ""length"", ""length"": 2000}",2000,1769709317.0016327,2078063.548233261,2078063.551775683,2078063.5545853,2078063.555487985,2078063.555729541,2078081.550949709,0,False,False,2020,2020,20,2000,decode
7d4e64053fef4ebeb2fbeb03941e500e,2020,21,0,"{""type"": ""length"", ""length"": 2000}",2000,1769709317.002055,2078063.548664387,2078063.551830357,2078063.554773718,2078063.555510656,2078063.555729754,2078081.550961672,0,False,False,2020,2020,20,2000,decode
12ed9273bbbe47428e77a70b5ad6350a,2020,21,0,"{""type"": ""length"", ""length"": 2000}",2000,1769709317.0024953,2078063.549103789,2078063.551885044,2078063.554962522,2078063.555533331,2078063.555729915,2078081.550974031,0,False,False,2020,2020,20,2000,decode
ee011288f574428fa14aebe9ea375138,2020,21,0,"{""type"": ""length"", ""length"": 2000}",2000,1769709317.2776594,2078063.824788966,2078063.83337113,2078063.833953678,2078063.834259679,2078063.834311229,2078081.831512707,0,False,False,2020,2020,20,2000,decode
28a2d0230eca4d87a2514d94bc1ceb6e,2020,21,0,"{""type"": ""length"", ""length"": 2000}",2000,1769709318.20138,2078064.74851323,2078064.756483236,2078064.757121623,2078064.757410865,2078064.75746442,2078082.737992669,0,False,False,2020,2020,20,2000,decode
c27eefe5930a4378b7c2ec2245981f91,2020,21,0,"{""type"": ""length"", ""length"": 2000}",2000,1769709319.4639263,2078066.010690345,2078066.017987576,2078066.018880858,2078066.020027253,2078066.020215931,2078083.987112651,0,False,False,2020,2020,20,2000,decode
42a011eed447480a9107b3a64d61cb11,2020,21,0,"{""type"": ""length"", ""length"": 2000}",2000,1769709319.4647932,2078066.011464982,2078066.018076326,2078066.019123646,2078066.02005375,2078066.020216232,2078083.987130706,0,False,False,2020,2020,20,2000,decode
4e6172d4b68e414e973fa2a3dec5044b,2020,21,0,"{""type"": ""length"", ""length"": 2000}",2000,1769709319.4653518,2078066.012016244,2078066.018143888,2078066.019332793,2078066.020077277,2078066.020216468,2078083.98714362,0,False,False,2020,2020,20,2000,decode
26f17a44ae5644d2b6c70d3669f79c3c,2020,21,0,"{""type"": ""length"", ""length"": 2000}",2000,1769709319.4658825,2078066.012514253,2078066.018206437,2078066.019531224,2078066.020100175,2078066.020216683,2078083.987155578,0,False,False,2020,2020,20,2000,decode
035e118bee854d0e88584b19a4657ec0,2020,21,0,"{""type"": ""length"", ""length"": 2000}",2000,1769709319.466372,2078066.012998232,2078066.018265105,2078066.01972279,2078066.020122656,2078066.020216883,2078083.987167481,0,False,False,2020,2020,20,2000,decode
c80e8bc97bd64764a45fadffd9d05798,2020,21,0,"{""type"": ""length"", ""length"": 2000}",2000,1769709320.4811306,2078067.027892656,2078067.029169045,2078067.029830724,2078067.030373618,2078067.030461895,2078085.38171772,0,False,False,2020,2020,20,2000,decode
f577f300feb74dda85db734fb1585176,2020,21,0,"{""type"": ""length"", ""length"": 2000}",2000,1769709320.4819424,2078067.028601818,2078067.029250499,2078067.030068412,2078067.030399522,2078067.030462206,2078085.381735339,0,False,False,2020,2020,20,2000,decode
c7fc659d09434dc986819b16a7a52b06,2020,21,0,"{""type"": ""length"", ""length"": 2000}",2000,1769709320.5025148,2078067.049223858,2078067.053965266,2078067.054749191,2078067.056042433,2078067.056261899,2078085.437591222,0,False,False,2020,2020,20,2000,decode
6fa3d59a790542fea8ef52e3bf3aeee2,2020,21,0,"{""type"": ""length"", ""length"": 2000}",2000,1769709320.5041761,2078067.050848374,2078067.054049517,2078067.054973083,2078067.056068667,2078067.056262287,2078085.437607574,0,False,False,2020,2020,20,2000,decode
a03852ac85ad43df80758693a21fa083,2020,21,0,"{""type"": ""length"", ""length"": 2000}",2000,1769709320.5047672,2078067.05141802,2078067.054111522,2078067.055183906,2078067.056092095,2078067.056262508,2078085.437619967,0,False,False,2020,2020,20,2000,decode
38081eea194744a2b31f68bd7be572cf,2020,21,0,"{""type"": ""length"", ""length"": 2000}",2000,1769709320.5053139,2078067.051952781,2078067.054168559,2078067.055377725,2078067.056114712,2078067.056262768,2078085.437631945,0,False,False,2020,2020,20,2000,decode
a511037645c0444298288d42e49a1bc3,2020,21,0,"{""type"": ""length"", ""length"": 2000}",2000,1769709320.5058546,2078067.052492682,2078067.054224397,2078067.055570869,2078067.056137121,2078067.05626301,2078085.43764346,0,False,False,2020,2020,20,2000,decode
bc7b314b5b01471388e95db3fd9f8519,2020,21,0,"{""type"": ""length"", ""length"": 2000}",2000,1769709320.506803,2078067.053460191,2078067.054278843,2078067.05576332,2078067.05615987,2078067.056263167,2078085.437655497,0,False,False,2020,2020,20,2000,decode
edf13689cd174c1c93bbf88946b0369b,2020,21,0,"{""type"": ""length"", ""length"": 2000}",2000,1769709320.507378,2078067.054037607,2078067.058602015,2078067.059426515,2078067.061007807,2078067.061431107,2078085.43766724,0,False,False,2020,2020,20,2000,decode
bebe85a3e8064f59bca07788904778e3,2020,21,0,"{""type"": ""length"", ""length"": 2000}",2000,1769709320.5079317,2078067.054570329,2078067.058672312,2078067.059635903,2078067.061033633,2078067.061431474,2078085.437678671,0,False,False,2020,2020,20,2000,decode
7bea90645c98419bbf764001b29abeb5,2020,21,0,"{""type"": ""length"", ""length"": 2000}",2000,1769709320.5084586,2078067.055101812,2078067.058729543,2078067.059828009,2078067.061056908,2078067.061431703,2078085.437690378,0,False,False,2020,2020,20,2000,decode
c8b1337333a64f96b583e6ae722064f3,2020,21,0,"{""type"": ""length"", ""length"": 2000}",2000,1769709320.5089884,2078067.055617197,2078067.058785896,2078067.060024377,2078067.061079401,2078067.061431881,2078085.437701986,0,False,False,2020,2020,20,2000,decode
52f130e992bd4237a2540c8b794fa817,2020,21,0,"{""type"": ""length"", ""length"": 2000}",2000,1769709320.5095975,2078067.056228276,2078067.058839981,2078067.060220532,2078067.061101628,2078067.061432039,2078085.437713175,0,False,False,2020,2020,20,2000,decode
ab849c1c5423464fb532248f2797cb67,2020,21,0,"{""type"": ""length"", ""length"": 2000}",2000,1769709320.5101087,2078067.056734913,2078067.058896083,2078067.060406951,2078067.061124216,2078067.061432203,2078085.437724066,0,False,False,2020,2020,20,2000,decode
50a2cb79d3db4925aac6a4800ea72027,2020,21,0,"{""type"": ""length"", ""length"": 2000}",2000,1769709320.510614,2078067.05724336,2078067.058950985,2078067.060591242,2078067.061146214,2078067.061432448,2078085.437734909,0,False,False,2020,2020,20,2000,decode
35aa5070daa54af1b52fcb3e7c56a56b,2020,21,0,"{""type"": ""length"", ""length"": 2000}",2000,1769709320.5111353,2078067.057768215,2078067.059011942,2078067.060775046,2078067.061168416,2078067.061432598,2078085.437745648,0,False,False,2020,2020,20,2000,decode
6a1a5ae0d3eb41978206369469a98bf6,2020,21,0,"{""type"": ""length"", ""length"": 2000}",2000,1769709320.5117688,2078067.058401166,2078067.062575549,2078067.063405939,2078067.064990954,2078067.065418023,2078085.437756976,0,False,False,2020,2020,20,2000,decode
054ccf4397d84dcda37a6ba1f3ceab0a,2020,21,0,"{""type"": ""length"", ""length"": 2000}",2000,1769709320.5122836,2078067.058910627,2078067.062647413,2078067.063614123,2078067.065024944,2078067.065418484,2078085.437768595,0,False,False,2020,2020,20,2000,decode
4d9c469d87614319a6eadaa1720226a8,2020,21,0,"{""type"": ""length"", ""length"": 2000}",2000,1769709320.5128186,2078067.059472215,2078067.062706492,2078067.063814035,2078067.065048841,2078067.065418722,2078085.43777942,0,False,False,2020,2020,20,2000,decode
0106e7f7d5c747daad1bcb56a35592de,2020,21,0,"{""type"": ""length"", ""length"": 2000}",2000,1769709320.5133471,2078067.059969242,2078067.062763606,2078067.064014957,2078067.065072092,2078067.065418886,2078085.437790652,0,False,False,2020,2020,20,2000,decode
c88a6b5e08034dddaaf8bb11a0362aee,2020,21,0,"{""type"": ""length"", ""length"": 2000}",2000,1769709320.5138552,2078067.060634163,2078067.062820881,2078067.064209324,2078067.065094986,2078067.065419063,2078085.437801466,0,False,False,2020,2020,20,2000,decode
1d3dd68fc418419c84acb4e96b6b73b9,2020,21,0,"{""type"": ""length"", ""length"": 2000}",2000,1769709320.514526,2078067.061178878,2078067.062876009,2078067.064395321,2078067.06511808,2078067.065419249,2078085.437812225,0,False,False,2020,2020,20,2000,decode
7250da7c215a448d9ab9ee0e1ce97c1f,2020,21,0,"{""type"": ""length"", ""length"": 2000}",2000,1769709320.5150497,2078067.06167854,2078067.06293059,2078067.064581053,2078067.065140484,2078067.065419413,2078085.437824146,0,False,False,2020,2020,20,2000,decode
3b16153da3334f18ae7abdfeab6034a1,2020,21,0,"{""type"": ""length"", ""length"": 2000}",2000,1769709320.5155392,2078067.062164784,2078067.062985226,2078067.064768052,2078067.065163011,2078067.065419639,2078085.437835428,0,False,False,2020,2020,20,2000,decode
275b8f472fad4259bf3cc8d0be1480af,2020,21,0,"{""type"": ""length"", ""length"": 2000}",2000,1769709320.5160248,2078067.062645679,2078067.066538928,2078067.067303921,2078067.068679571,2078067.069067823,2078085.437847289,0,False,False,2020,2020,20,2000,decode
68642fc48317420fa47c05ab8b1c59a7,2020,21,0,"{""type"": ""length"", ""length"": 2000}",2000,1769709320.5166285,2078067.063249546,2078067.066610934,2078067.067506827,2078067.068705362,2078067.069068191,2078085.437858712,0,False,False,2020,2020,20,2000,decode
a4dc2e502bf54fc9986d5e94c0d4fafb,2020,21,0,"{""type"": ""length"", ""length"": 2000}",2000,1769709320.5171723,2078067.063787417,2078067.066672961,2078067.067697021,2078067.06872936,2078067.069068419,2078085.437870982,0,False,False,2020,2020,20,2000,decode
4d5a00ee48e0451584f350ce88ca60a0,2020,21,0,"{""type"": ""length"", ""length"": 2000}",2000,1769709320.5176597,2078067.064272039,2078067.066729428,2078067.067884739,2078067.068752447,2078067.069068615,2078085.437882374,0,False,False,2020,2020,20,2000,decode
ac199c80224347ea91f63f59b9a4a240,2020,21,0,"{""type"": ""length"", ""length"": 2000}",2000,1769709320.5181286,2078067.064729413,2078067.06678435,2078067.068081152,2078067.068775307,2078067.069068798,2078085.437893985,0,False,False,2020,2020,20,2000,decode
328d4c2ffd7e455881b2027d73f06db3,2020,21,0,"{""type"": ""length"", ""length"": 2000}",2000,1769709320.5187013,2078067.065410771,2078067.066839639,2078067.068272187,2078067.068798326,2078067.069068976,2078085.437904933,0,False,False,2020,2020,20,2000,decode
4f8a1f93a11d4404bab7b8e967107d67,2020,21,0,"{""type"": ""length"", ""length"": 2000}",2000,1769709320.5192997,2078067.065927466,2078067.066895238,2078067.0684581,2078067.068821154,2078067.069069161,2078085.437916335,0,False,False,2020,2020,20,2000,decode
0cc04e5842874aff952ad4c03f4cfc5e,2020,21,0,"{""type"": ""length"", ""length"": 2000}",2000,1769709320.519805,2078067.066432551,2078067.07010886,2078067.070951347,2078067.07196614,2078067.072304193,2078085.437928076,0,False,False,2020,2020,20,2000,decode
c4bce4be82b048dd8ef6cb333a0212ac,2020,21,0,"{""type"": ""length"", ""length"": 2000}",2000,1769709320.520298,2078067.06691011,2078067.070182195,2078067.071168063,2078067.071992131,2078067.072304589,2078085.437943285,0,False,False,2020,2020,20,2000,decode
413a08c32e4d4d47bc548b177e712969,2020,21,0,"{""type"": ""length"", ""length"": 2000}",2000,1769709320.5207744,2078067.067466965,2078067.070243521,2078067.071360132,2078067.07203724,2078067.07230485,2078085.437954622,0,False,False,2020,2020,20,2000,decode
f8fc6ebaa3e742af8105b5da0470d3c2,2020,21,0,"{""type"": ""length"", ""length"": 2000}",2000,1769709320.522689,2078067.069323637,2078067.070300605,2078067.071549503,2078067.072063721,2078067.072305041,2078085.437965841,0,False,False,2020,2020,20,2000,decode
c67355e1e18142049fb0870f06683238,2020,21,0,"{""type"": ""length"", ""length"": 2000}",2000,1769709320.5232012,2078067.069823209,2078067.070356653,2078067.071738227,2078067.072086408,2078067.072305204,2078085.437977196,0,False,False,2020,2020,20,2000,decode
92764c0dc36046d1ac8208a091919c53,2020,21,0,"{""type"": ""length"", ""length"": 2000}",2000,1769709320.523698,2078067.070312875,2078067.073258656,2078067.073968027,2078067.075166099,2078067.075508878,2078085.437988433,0,False,False,2020,2020,20,2000,decode
7b1fc78f08d1435592e979e0bc5acfde,2020,21,0,"{""type"": ""length"", ""length"": 2000}",2000,1769709320.5241578,2078067.070762032,2078067.073331999,2078067.074185723,2078067.075191648,2078067.075509212,2078085.437999927,0,False,False,2020,2020,20,2000,decode
a3569e9fac7945308520afd82a139c5a,2020,21,0,"{""type"": ""length"", ""length"": 2000}",2000,1769709320.524608,2078067.071439781,2078067.073394995,2078067.074376796,2078067.075215333,2078067.075509414,2078085.43801653,0,False,False,2020,2020,20,2000,decode
14f7a5e4292d41f3bab87cca28095f94,2020,21,0,"{""type"": ""length"", ""length"": 2000}",2000,1769709320.5253065,2078067.071925518,2078067.073450659,2078067.074561739,2078067.075238026,2078067.075509602,2078085.438027896,0,False,False,2020,2020,20,2000,decode
b9f19f386b7642e5b3ac0bfe4f457f3d,2020,21,0,"{""type"": ""length"", ""length"": 2000}",2000,1769709320.525783,2078067.072396359,2078067.073505378,2078067.07474843,2078067.07526049,2078067.075509824,2078085.438038949,0,False,False,2020,2020,20,2000,decode
804695756cba4fc48e2e0ed38b1c8658,2020,21,0,"{""type"": ""length"", ""length"": 2000}",2000,1769709320.526241,2078067.072845887,2078067.073559358,2078067.074931517,2078067.075283333,2078067.075509991,2078085.438050488,0,False,False,2020,2020,20,2000,decode
ea396e998dfd46acbf6da46fa29cb298,2020,21,0,"{""type"": ""length"", ""length"": 2000}",2000,1769709320.5267026,2078067.073298374,2078067.076510554,2078067.077267733,2078067.078637194,2078067.079019984,2078085.438061627,0,False,False,2020,2020,20,2000,decode
2c41a97cb09f4fd89c65605d3fd017ff,2020,21,0,"{""type"": ""length"", ""length"": 2000}",2000,1769709320.5272167,2078067.073820258,2078067.076575216,2078067.077469478,2078067.078663631,2078067.079020322,2078085.438072549,0,False,False,2020,2020,20,2000,decode
a46ea9cc61344cc6913983f8170015df,2020,21,0,"{""type"": ""length"", ""length"": 2000}",2000,1769709320.5277236,2078067.074356729,2078067.076632009,2078067.077659388,2078067.078687116,2078067.079020533,2078085.438083595,0,False,False,2020,2020,20,2000,decode
00df6b2371bb4e2aa4b72188bfb75ff2,2020,21,0,"{""type"": ""length"", ""length"": 2000}",2000,1769709320.5281935,2078067.07479701,2078067.076686822,2078067.077844879,2078067.078709832,2078067.079020702,2078085.438094557,0,False,False,2020,2020,20,2000,decode
a1ca7058b82643f09d3c9a284d9f7dd9,2020,21,0,"{""type"": ""length"", ""length"": 2000}",2000,1769709320.5286362,2078067.07523724,2078067.076741893,2078067.078036552,2078067.078732449,2078067.079020909,2078085.438105851,0,False,False,2020,2020,20,2000,decode
5d4bf9fbd5fb409dbc727f18aa372473,2020,21,0,"{""type"": ""length"", ""length"": 2000}",2000,1769709320.5291715,2078067.07578824,2078067.07679586,2078067.078231291,2078067.078755319,2078067.079021074,2078085.438116891,0,False,False,2020,2020,20,2000,decode
95c8c8b252604b81bfeb6d9dadafd469,2020,21,0,"{""type"": ""length"", ""length"": 2000}",2000,1769709320.529645,2078067.076269002,2078067.076848985,2078067.078419535,2078067.078777752,2078067.079021231,2078085.438128192,0,False,False,2020,2020,20,2000,decode
b2c63b8bd0b045339510c68b98b41a64,2020,21,0,"{""type"": ""length"", ""length"": 2000}",2000,1769709320.530122,2078067.076726793,2078067.080088521,2078067.08086413,2078067.082241436,2078067.082625089,2078085.438139504,0,False,False,2020,2020,20,2000,decode
81d4429bc0d64ab29f20e1131d096599,2020,21,0,"{""type"": ""length"", ""length"": 2000}",2000,1769709320.5305567,2078067.077183019,2078067.080161637,2078067.081078283,2078067.082267855,2078067.082625428,2078085.438151062,0,False,False,2020,2020,20,2000,decode
0734b699dbc942c2b2e734cb6e7cc884,2020,21,0,"{""type"": ""length"", ""length"": 2000}",2000,1769709320.5310264,2078067.077700772,2078067.080224878,2078067.081275096,2078067.082291309,2078067.082625651,2078085.438162461,0,False,False,2020,2020,20,2000,decode
7a68d360f9964bd9b31b2315d9d89203,2020,21,0,"{""type"": ""length"", ""length"": 2000}",2000,1769709320.5315135,2078067.078109253,2078067.080282959,2078067.081464367,2078067.08231438,2078067.082625807,2078085.438173389,0,False,False,2020,2020,20,2000,decode
701e501438194fd6a66018bc0ff08648,2020,21,0,"{""type"": ""length"", ""length"": 2000}",2000,1769709320.531915,2078067.078496253,2078067.080337112,2078067.081651379,2078067.082336864,2078067.082625984,2078085.438184397,0,False,False,2020,2020,20,2000,decode
c6cd739e54954c31983cdae12afcf5ec,2020,21,0,"{""type"": ""length"", ""length"": 2000}",2000,1769709320.5322926,2078067.078869814,2078067.080391594,2078067.081838069,2078067.082360254,2078067.082626186,2078085.438195798,0,False,False,2020,2020,20,2000,decode
69416138759e44429b6ff839b62bed2e,2020,21,0,"{""type"": ""length"", ""length"": 2000}",2000,1769709320.53268,2078067.079270262,2078067.080445908,2078067.082031598,2078067.082382905,2078067.082626348,2078085.438207127,0,False,False,2020,2020,20,2000,decode
aecd533cd265426c9898196dc10f3fc5,2020,21,0,"{""type"": ""length"", ""length"": 2000}",2000,1769709320.5344136,2078067.081029505,2078067.083675425,2078067.084412023,2078067.085602207,2078067.085951627,2078085.438218207,0,False,False,2020,2020,20,2000,decode
78420a1ed0d743dfb8d8ef739a9bc414,2020,21,0,"{""type"": ""length"", ""length"": 2000}",2000,1769709320.5348568,2078067.081449865,2078067.08374305,2078067.084619598,2078067.085628312,2078067.085951994,2078085.4382291,0,False,False,2020,2020,20,2000,decode
f6c580d034474b9e8d17302f83796e46,2020,21,0,"{""type"": ""length"", ""length"": 2000}",2000,1769709320.5352979,2078067.081908103,2078067.083801746,2078067.084811082,2078067.085652193,2078067.085952205,2078085.438240197,0,False,False,2020,2020,20,2000,decode
459281ed82a94412a3e09d329f92323b,2020,21,0,"{""type"": ""length"", ""length"": 2000}",2000,1769709320.5357442,2078067.082338651,2078067.083856998,2078067.08499893,2078067.085675361,2078067.085952376,2078085.43825132,0,False,False,2020,2020,20,2000,decode
e7f3582d68b147268bc1f17c5c1a6472,2020,21,0,"{""type"": ""length"", ""length"": 2000}",2000,1769709320.5362294,2078067.082824698,2078067.0839112,2078067.085203918,2078067.085698254,2078067.085952536,2078085.438262416,0,False,False,2020,2020,20,2000,decode
933d672aa5144a49b9d777724886a7a0,2020,21,0,"{""type"": ""length"", ""length"": 2000}",2000,1769709320.536668,2078067.083259311,2078067.08396675,2078067.085390197,2078067.08572174,2078067.085952702,2078085.438274173,0,False,False,2020,2020,20,2000,decode
66432233a9cb4e24be156c4cdff12d07,2020,21,0,"{""type"": ""length"", ""length"": 2000}",2000,1769709320.5370727,2078067.083668067,2078067.086986796,2078067.087835251,2078067.089430906,2078067.089852528,2078085.43828557,0,False,False,2020,2020,20,2000,decode
9195eaa0770f437d826ba62794fdb6fe,2020,21,0,"{""type"": ""length"", ""length"": 2000}",2000,1769709320.5374756,2078067.084074668,2078067.087065138,2078067.088053914,2078067.089456555,2078067.089852866,2078085.438296755,0,False,False,2020,2020,20,2000,decode
562c69cca2eb491fbd3100153336afff,2020,21,0,"{""type"": ""length"", ""length"": 2000}",2000,1769709320.5379531,2078067.084541567,2078067.087124006,2078067.08825295,2078067.089480729,2078067.089853085,2078085.438307854,0,False,False,2020,2020,20,2000,decode
aae9d85e75a0424ba29424a43f9131fe,2020,21,0,"{""type"": ""length"", ""length"": 2000}",2000,1769709320.538353,2078067.084936004,2078067.08717992,2078067.088441852,2078067.089504162,2078067.089853248,2078085.438319033,0,False,False,2020,2020,20,2000,decode
456bc65b91d0460ea45829db03f7d6d1,2020,21,0,"{""type"": ""length"", ""length"": 2000}",2000,1769709320.5387437,2078067.085331478,2078067.087235724,2078067.088634781,2078067.089529226,2078067.08985346,2078085.438330193,0,False,False,2020,2020,20,2000,decode
e4531674fa1140339ea50b8ffca5feff,2020,21,0,"{""type"": ""length"", ""length"": 2000}",2000,1769709320.5391543,2078067.085742622,2078067.087289534,2078067.08882246,2078067.089553019,2078067.089853688,2078085.438341042,0,False,False,2020,2020,20,2000,decode
292014447c0e41aa9ba8283882ac5607,2020,21,0,"{""type"": ""length"", ""length"": 2000}",2000,1769709320.5395553,2078067.0862279,2078067.087343673,2078067.089015226,2078067.089576041,2078067.089853921,2078085.4383524,0,False,False,2020,2020,20,2000,decode
88b1df67164a4eebad764eea53ff392a,2020,21,0,"{""type"": ""length"", ""length"": 2000}",2000,1769709320.54004,2078067.086622838,2078067.087397047,2078067.089205737,2078067.08959894,2078067.089854084,2078085.438363303,0,False,False,2020,2020,20,2000,decode
298ea548d4564e25aa443df4f82f79f0,2020,21,0,"{""type"": ""length"", ""length"": 2000}",2000,1769709320.540424,2078067.086999163,2078067.09099359,2078067.0918943,2078067.093664464,2078067.094132492,2078085.438375012,0,False,False,2020,2020,20,2000,decode
4e7a9b2675584f3c9f23921249262ab3,2020,21,0,"{""type"": ""length"", ""length"": 2000}",2000,1769709320.5408528,2078067.087456391,2078067.091074245,2078067.092114368,2078067.093690316,2078067.094132835,2078085.43838658,0,False,False,2020,2020,20,2000,decode
514d309dd69c44869e9a363884c86553,2020,21,0,"{""type"": ""length"", ""length"": 2000}",2000,1769709320.5412812,2078067.087872833,2078067.091132172,2078067.092311484,2078067.093715124,2078067.094133045,2078085.438397988,0,False,False,2020,2020,20,2000,decode
bc0a90ca1c6c43eb9a6a13cf32e909e1,2020,21,0,"{""type"": ""length"", ""length"": 2000}",2000,1769709320.5417845,2078067.088397886,2078067.091186804,2078067.092500924,2078067.093738409,2078067.094133218,2078085.438409428,0,False,False,2020,2020,20,2000,decode
6541c2da968944c4892cfed3b2a3f34c,2020,21,0,"{""type"": ""length"", ""length"": 2000}",2000,1769709320.5422235,2078067.088808858,2078067.091241067,2078067.092688221,2078067.093761338,2078067.094133381,2078085.438420608,0,False,False,2020,2020,20,2000,decode
3e66fa5907a242fe97c30472f70f5cb8,2020,21,0,"{""type"": ""length"", ""length"": 2000}",2000,1769709320.5426369,2078067.089230518,2078067.091294762,2078067.092873176,2078067.093784782,2078067.094133554,2078085.438431527,0,False,False,2020,2020,20,2000,decode
496d1729377c48f08e3bb87aa5f6faf0,2020,21,0,"{""type"": ""length"", ""length"": 2000}",2000,1769709320.5430586,2078067.089648563,2078067.091347833,2078067.093067607,2078067.093807941,2078067.094133728,2078085.438442824,0,False,False,2020,2020,20,2000,decode
22f3f341067a47fba0c8b56a36e4e661,2020,21,0,"{""type"": ""length"", ""length"": 2000}",2000,1769709320.5435476,2078067.09014379,2078067.091401377,2078067.093258703,2078067.093830909,2078067.094133893,2078085.438454309,0,False,False,2020,2020,20,2000,decode
9c29a6777a624751bf1fefe78f6da42f,2020,21,0,"{""type"": ""length"", ""length"": 2000}",2000,1769709320.543967,2078067.090551417,2078067.091455402,2078067.093443743,2078067.093854225,2078067.094134067,2078085.438466973,0,False,False,2020,2020,20,2000,decode
80dd8607b69c4c88a64b92af99b0c9bd,2020,21,0,"{""type"": ""length"", ""length"": 2000}",2000,1769709320.5443761,2078067.090961829,2078067.095171056,2078067.095583784,2078067.095785009,2078067.095957872,2078085.43847906,0,False,False,2020,2020,20,2000,decode
02fcde6eab284490aeb8da9067903369,2020,21,0,"{""type"": ""length"", ""length"": 2000}",2000,1769709335.0594373,2078081.60620325,2078081.613211339,2078081.614560316,2078081.616363522,2078081.616671451,2078101.529329329,0,False,False,2020,2020,20,2000,decode
21098f6383794bf6bb90cdb8555dbec7,2020,21,0,"{""type"": ""length"", ""length"": 2000}",2000,1769709335.0602505,2078081.606913272,2078081.613294828,2078081.61481661,2078081.616390989,2078081.616671729,2078101.529347784,0,False,False,2020,2020,20,2000,decode
9a59723a502043a3969e719ac0c2b59f,2020,21,0,"{""type"": ""length"", ""length"": 2000}",2000,1769709335.061089,2078081.607752975,2078081.613357566,2078081.615050045,2078081.61641532,2078081.616671983,2078101.529361186,0,False,False,2020,2020,20,2000,decode
f0e0873418c343cf8024e7f5d10225b6,2020,21,0,"{""type"": ""length"", ""length"": 2000}",2000,1769709335.0616758,2078081.608329777,2078081.613414787,2078081.615257145,2078081.61643877,2078081.616672189,2078101.529373373,0,False,False,2020,2020,20,2000,decode
615c5ed1419145c59063cf13d7ce1b4a,2020,21,0,"{""type"": ""length"", ""length"": 2000}",2000,1769709335.0622215,2078081.608898387,2078081.613470885,2078081.615453489,2078081.616461521,2078081.616672412,2078101.529385443,0,False,False,2020,2020,20,2000,decode
054d952aaf5940dfbbf21741b154386b,2020,21,0,"{""type"": ""length"", ""length"": 2000}",2000,1769709335.0627935,2078081.609435264,2078081.6135262,2078081.615648329,2078081.616484935,2078081.616672621,2078101.529396837,0,False,False,2020,2020,20,2000,decode
7e4f2052a4bd420b961075b9dcaaa71e,2020,21,0,"{""type"": ""length"", ""length"": 2000}",2000,1769709335.0652003,2078081.611874618,2078081.613583512,2078081.615842896,2078081.61650796,2078081.616672853,2078101.529408338,0,False,False,2020,2020,20,2000,decode
700908c14c2e4b81bc5b191a23ef224e,2020,21,0,"{""type"": ""length"", ""length"": 2000}",2000,1769709335.0658045,2078081.612459312,2078081.61363971,2078081.616044348,2078081.616530775,2078081.616673063,2078101.529419835,0,False,False,2020,2020,20,2000,decode
5218655bfd634810ae09a13cfacfa3a0,2020,21,0,"{""type"": ""length"", ""length"": 2000}",2000,1769709335.066356,2078081.612998455,2078081.622905129,2078081.623609959,2078081.624633136,2078081.624981756,2078101.529431334,0,False,False,2020,2020,20,2000,decode
277ab0ef0e5249ce9e1e590e6c75957f,2020,21,0,"{""type"": ""length"", ""length"": 2000}",2000,1769709335.0668938,2078081.613533028,2078081.622975694,2078081.623820213,2078081.624658395,2078081.624982207,2078101.529442624,0,False,False,2020,2020,20,2000,decode
5ded46e7c66042d8ab91010c458b5d61,2020,21,0,"{""type"": ""length"", ""length"": 2000}",2000,1769709335.0674155,2078081.614062171,2078081.623042863,2078081.624025335,2078081.624682151,2078081.624982473,2078101.529454422,0,False,False,2020,2020,20,2000,decode
bf575b59f6da444297fcf6cb5419de39,2020,21,0,"{""type"": ""length"", ""length"": 2000}",2000,1769709335.0680716,2078081.614725369,2078081.623101054,2078081.624223143,2078081.624704808,2078081.624982668,2078101.529465959,0,False,False,2020,2020,20,2000,decode
05a187b7c2444f81bf6c9f2571b9dda2,2020,21,0,"{""type"": ""length"", ""length"": 2000}",2000,1769709335.0686324,2078081.615321464,2078081.623155803,2078081.624412557,2078081.624727811,2078081.624982871,2078101.529477689,0,False,False,2020,2020,20,2000,decode
df40537c86bf4cc18afda5e99d04fe09,2020,21,0,"{""type"": ""length"", ""length"": 2000}",2000,1769709335.297537,2078081.84473539,2078081.852970164,2078081.853568622,2078081.853857181,2078081.853909786,2078101.766209459,0,False,False,2020,2020,20,2000,decode
d912f73cfab445cda39665d45496f5e4,2020,21,0,"{""type"": ""length"", ""length"": 2000}",2000,1769709336.2051532,2078082.752291933,2078082.760521141,2078082.761242649,2078082.761537025,2078082.761594827,2078102.645897335,0,False,False,2020,2020,20,2000,decode
396d1cff189540d8ae2a222f0be25ee4,2020,21,0,"{""type"": ""length"", ""length"": 2000}",2000,1769709337.4935317,2078084.040521551,2078084.051070249,2078084.051984521,2078084.053132943,2078084.05332772,2078103.900705182,0,False,False,2020,2020,20,2000,decode
1865d2f463a64adab2d5768ab865fb6a,2020,21,0,"{""type"": ""length"", ""length"": 2000}",2000,1769709337.49519,2078084.042073217,2078084.051151426,2078084.052238401,2078084.053159939,2078084.053328171,2078103.900724284,0,False,False,2020,2020,20,2000,decode
fea7c0d19f054257b058d017bba2fc57,2020,21,0,"{""type"": ""length"", ""length"": 2000}",2000,1769709337.4962382,2078084.043091476,2078084.05121237,2078084.052445589,2078084.053184106,2078084.053328432,2078103.900736947,0,False,False,2020,2020,20,2000,decode
8bc1b75b5a4c4a24b50a5510b35c0728,2020,21,0,"{""type"": ""length"", ""length"": 2000}",2000,1769709337.4972408,2078084.044084568,2078084.051269357,2078084.05264429,2078084.05320853,2078084.05332866,2078103.900748677,0,False,False,2020,2020,20,2000,decode
6a1d5d02ad5e47bd8f39a7abde423df6,2020,21,0,"{""type"": ""length"", ""length"": 2000}",2000,1769709337.498254,2078084.045083845,2078084.051326995,2078084.052836693,2078084.053230926,2078084.053328893,2078103.900760393,0,False,False,2020,2020,20,2000,decode
dcd1b84b42e348cdb68cfa11c6f7c12c,2020,21,0,"{""type"": ""length"", ""length"": 2000}",2000,1769709338.8607686,2078085.407910269,2078085.414789293,2078085.415561791,2078085.416098452,2078085.416192119,2078105.233445806,0,False,False,2020,2020,20,2000,decode
103a29583ff2434486246ab7f1f87abf,2020,21,0,"{""type"": ""length"", ""length"": 2000}",2000,1769709338.862635,2078085.409662187,2078085.414871102,2078085.415794948,2078085.416124929,2078085.416192499,2078105.233465513,0,False,False,2020,2020,20,2000,decode
82ebbfc5c66b4205a2c6f4a4acbc3333,2020,21,0,"{""type"": ""length"", ""length"": 2000}",2000,1769709339.2358456,2078085.782827051,2078085.787189747,2078085.787915578,2078085.788685467,2078085.788812553,2078106.011209917,0,False,False,2020,2020,20,2000,decode
62ae6f284c354a2598709b1ea24c7dca,2020,21,0,"{""type"": ""length"", ""length"": 2000}",2000,1769709339.237399,2078085.784293667,2078085.787269305,2078085.788169242,2078085.788713135,2078085.78881303,2078106.011227851,0,False,False,2020,2020,20,2000,decode
ccb6883682b24c39a98850b8dc039736,2020,21,0,"{""type"": ""length"", ""length"": 2000}",2000,1769709339.2384562,2078085.785326043,2078085.787332696,2078085.788384072,2078085.788738062,2078085.788813254,2078106.011241217,0,False,False,2020,2020,20,2000,decode
12b7aa57da4d4fd09d924c1cf1629ea5,2020,21,0,"{""type"": ""length"", ""length"": 2000}",2000,1769709339.247248,2078085.79424567,2078085.798677781,2078085.799222817,2078085.799456059,2078085.799502606,2078106.032474025,0,False,False,2020,2020,20,2000,decode
ccb4085e42af411496cca4375328ad46,2020,21,0,"{""type"": ""length"", ""length"": 2000}",2000,1769709339.252004,2078085.798977577,2078085.803511089,2078085.804209196,2078085.805044876,2078085.805339038,2078106.03249301,0,False,False,2020,2020,20,2000,decode
54329c901c5b4cadb7ba65806b929105,2020,21,0,"{""type"": ""length"", ""length"": 2000}",2000,1769709339.2532723,2078085.800189439,2078085.803583323,2078085.804425494,2078085.805071266,2078085.805339479,2078106.032506805,0,False,False,2020,2020,20,2000,decode
dc08cbcefa084a9a9515443b6f08f686,2020,21,0,"{""type"": ""length"", ""length"": 2000}",2000,1769709339.2544324,2078085.801325242,2078085.803644961,2078085.804623731,2078085.805095892,2078085.805339691,2078106.032519404,0,False,False,2020,2020,20,2000,decode
b0f298c8d8b54432b0531986b7ee8bd1,2020,21,0,"{""type"": ""length"", ""length"": 2000}",2000,1769709339.255566,2078085.802458853,2078085.803701485,2078085.804815761,2078085.80511889,2078085.805339864,2078106.032532083,0,False,False,2020,2020,20,2000,decode
c34102a006054e29955a1082d1ee9ad5,2020,21,0,"{""type"": ""length"", ""length"": 2000}",2000,1769709339.2566936,2078085.805084226,2078085.806190851,2078085.806624339,2078085.806828859,2078085.807025598,2078106.032544026,0,False,False,2020,2020,20,2000,decode
078819c8224d46788cf53dd5a1ef45d9,2020,21,0,"{""type"": ""length"", ""length"": 2000}",2000,1769709339.2595484,2078085.806472417,2078085.80773857,2078085.808186044,2078085.808395981,2078085.808567701,2078106.032557054,0,False,False,2020,2020,20,2000,decode
8de4d39401ee49faa83c0aca68fb2c7e,2020,21,0,"{""type"": ""length"", ""length"": 2000}",2000,1769709339.2607136,2078085.807574528,2078085.809275855,2078085.809771263,2078085.810179712,2078085.810382713,2078106.032569179,0,False,False,2020,2020,20,2000,decode
9529c9e01b1b4e5087f7cf46cee60b6c,2020,21,0,"{""type"": ""length"", ""length"": 2000}",2000,1769709339.261818,2078085.808658061,2078085.80934551,2078085.809976185,2078085.810205405,2078085.81038305,2078106.032583329,0,False,False,2020,2020,20,2000,decode
9f3aad8009ea482bace9b9100d2f4553,2020,21,0,"{""type"": ""length"", ""length"": 2000}",2000,1769709339.2627854,2078085.809613957,2078085.811111146,2078085.811622895,2078085.812039393,2078085.812259556,2078106.03259588,0,False,False,2020,2020,20,2000,decode
d6ff6bf626b0483d9aac718dfbe564e7,2020,21,0,"{""type"": ""length"", ""length"": 2000}",2000,1769709339.263916,2078085.810710627,2078085.811181107,2078085.811828875,2078085.812072345,2078085.812259893,2078106.03260786,0,False,False,2020,2020,20,2000,decode
2345addf706c49b79baa2bcd4a8fa033,2020,21,0,"{""type"": ""length"", ""length"": 2000}",2000,1769709339.2648554,2078085.811664903,2078085.812999176,2078085.813487534,2078085.813884605,2078085.81409625,2078106.032619779,0,False,False,2020,2020,20,2000,decode
5e1048b881214842b6481bfd33c1c5f2,2020,21,0,"{""type"": ""length"", ""length"": 2000}",2000,1769709339.2657547,2078085.812527125,2078085.813072898,2078085.81368755,2078085.813910079,2078085.81409659,2078106.032631471,0,False,False,2020,2020,20,2000,decode
6562510a91874629b68f5ce8017c03c8,2020,21,0,"{""type"": ""length"", ""length"": 2000}",2000,1769709339.2665963,2078085.813393359,2078085.81480655,2078085.815253626,2078085.815451202,2078085.815620022,2078106.032643173,0,False,False,2020,2020,20,2000,decode
4ac220b069ba49e3b9e28c3878fa728a,2020,21,0,"{""type"": ""length"", ""length"": 2000}",2000,1769709339.2674546,2078085.816442994,2078085.818478474,2078085.819072204,2078085.819695861,2078085.819809788,2078106.042964156,0,False,False,2019,2019,20,2000,decode
d610b9d2bb6448a7a4636a9218901e79,2020,21,0,"{""type"": ""length"", ""length"": 2000}",2000,1769709339.2705522,2078085.817332658,2078085.818550157,2078085.81928861,2078085.819722619,2078085.81981007,2078106.042980273,0,False,False,2019,2019,20,2000,decode
fe16136000ee4ad984c5809e8e3266ba,2020,21,0,"{""type"": ""length"", ""length"": 2000}",2000,1769709339.2714043,2078085.818168919,2078085.818608612,2078085.819485801,2078085.819745676,2078085.81981028,2078106.042992926,0,False,False,2019,2019,20,2000,decode
33850a07c48a4f339a7bb0d5910889c0,2020,21,0,"{""type"": ""length"", ""length"": 2000}",2000,1769709339.2722254,2078085.818999425,2078085.823224366,2078085.823954395,2078085.825157737,2078085.825499119,2078106.043010051,0,False,False,2019,2019,20,2000,decode
fc3aef2f570245179f5e5261061efc9c,2020,21,0,"{""type"": ""length"", ""length"": 2000}",2000,1769709339.2730584,2078085.819799813,2078085.823293272,2078085.824176681,2078085.825183066,2078085.825499441,2078106.043022435,0,False,False,2019,2019,20,2000,decode
856b62c595e74518aafc4a5070d38499,2020,21,0,"{""type"": ""length"", ""length"": 2000}",2000,1769709339.2739842,2078085.820715516,2078085.823351376,2078085.82437211,2078085.825206366,2078085.82549967,2078106.04303525,0,False,False,2019,2019,20,2000,decode
a0023b8cafda483dbfc7f8b105b83046,2020,21,0,"{""type"": ""length"", ""length"": 2000}",2000,1769709339.274727,2078085.821441246,2078085.823408776,2078085.824561025,2078085.825229,2078085.825499848,2078106.043047778,0,False,False,2019,2019,20,2000,decode
9ede1bd46d02471d85e13af429964c0f,2020,21,0,"{""type"": ""length"", ""length"": 2000}",2000,1769709339.2754545,2078085.822204904,2078085.823463383,2078085.824748509,2078085.825251341,2078085.825500011,2078106.043059383,0,False,False,2019,2019,20,2000,decode
cc2816fce92a4bd4b1c0c1a813333c61,2020,21,0,"{""type"": ""length"", ""length"": 2000}",2000,1769709339.2761831,2078085.822888208,2078085.823517545,2078085.824933941,2078085.825273998,2078085.82550017,2078106.043071053,0,False,False,2019,2019,20,2000,decode
d9c8804045d44c1dad926a705ea408d7,2020,21,0,"{""type"": ""length"", ""length"": 2000}",2000,1769709339.2770014,2078085.823728927,2078085.8264865,2078085.827101952,2078085.827899559,2078085.828197813,2078106.043082421,0,False,False,2019,2019,20,2000,decode
67fde506dc774b67af8b52962927ad24,2020,21,0,"{""type"": ""length"", ""length"": 2000}",2000,1769709339.2777104,2078085.824409744,2078085.826553408,2078085.827313227,2078085.827925324,2078085.828198189,2078106.043093498,0,False,False,2019,2019,20,2000,decode
1649508a67c241b0a16c1044da27725c,2020,21,0,"{""type"": ""length"", ""length"": 2000}",2000,1769709339.2783666,2078085.825069905,2078085.82661162,2078085.827507695,2078085.827952756,2078085.828198419,2078106.043104337,0,False,False,2019,2019,20,2000,decode
fa5300d559394d8999acb133fa404cb6,2020,21,0,"{""type"": ""length"", ""length"": 2000}",2000,1769709339.2790518,2078085.825751029,2078085.826667255,2078085.827696545,2078085.827975821,2078085.828198616,2078106.043115086,0,False,False,2019,2019,20,2000,decode
b030444d3efe47feb0e353cf8c8da9a3,2020,21,0,"{""type"": ""length"", ""length"": 2000}",2000,1769709339.2797372,2078085.826423189,2078085.829095662,2078085.829911075,2078085.830743822,2078085.831035952,2078106.043127224,0,False,False,2019,2019,20,2000,decode
ec10c4b336084780857614be29bf7a19,2020,21,0,"{""type"": ""length"", ""length"": 2000}",2000,1769709339.280534,2078085.8272265,2078085.829165189,2078085.830151813,2078085.830770449,2078085.831036333,2078106.043138541,0,False,False,2019,2019,20,2000,decode
0153cfff7991425e850c83eba02188ef,2020,21,0,"{""type"": ""length"", ""length"": 2000}",2000,1769709339.281163,2078085.827835838,2078085.829223751,2078085.830351561,2078085.83079525,2078085.831036542,2078106.043150172,0,False,False,2019,2019,20,2000,decode
80fc429fb4594e33b8e64e9189671dcc,2020,21,0,"{""type"": ""length"", ""length"": 2000}",2000,1769709339.2817702,2078085.828435245,2078085.829279264,2078085.830540168,2078085.830817971,2078085.831036759,2078106.043162188,0,False,False,2019,2019,20,2000,decode
ad14b9fae62b459293885785099a1c0c,2020,21,0,"{""type"": ""length"", ""length"": 2000}",2000,1769709339.2824736,2078085.829310318,2078085.831921283,2078085.832534592,2078085.833341792,2078085.833624781,2078106.04317431,0,False,False,2019,2019,20,2000,decode
8a4cc958299f49d58765624c4ceb9640,2020,21,0,"{""type"": ""length"", ""length"": 2000}",2000,1769709339.2835705,2078085.830298418,2078085.831993042,2078085.832742016,2078085.833367704,2078085.833625247,2078106.043186276,0,False,False,2019,2019,20,2000,decode
77620b35315548b0bab033ea52c6036d,2020,21,0,"{""type"": ""length"", ""length"": 2000}",2000,1769709339.28425,2078085.830931498,2078085.832060298,2078085.832933436,2078085.833391428,2078085.833625466,2078106.043197863,0,False,False,2019,2019,20,2000,decode
44f77da573924054b8aad5b0f69f4112,2020,21,0,"{""type"": ""length"", ""length"": 2000}",2000,1769709339.2848787,2078085.831551073,2078085.83211698,2078085.83313107,2078085.83341452,2078085.833625645,2078106.043209948,0,False,False,2019,2019,20,2000,decode
444b3aa97aac45a48ebce4ce44bbb1df,2020,21,0,"{""type"": ""length"", ""length"": 2000}",2000,1769709339.2854772,2078085.832155361,2078085.834501908,2078085.835132588,2078085.83592587,2078085.8362109,2078106.043221534,0,False,False,2019,2019,20,2000,decode
da81e91caeb6489094b979792fb16535,2020,21,0,"{""type"": ""length"", ""length"": 2000}",2000,1769709339.2860777,2078085.83287614,2078085.834571389,2078085.835344774,2078085.835951659,2078085.836211292,2078106.043233475,0,False,False,2019,2019,20,2000,decode
2bd56084ffde4a21b4331e3b8756826d,2020,21,0,"{""type"": ""length"", ""length"": 2000}",2000,1769709339.2868536,2078085.833522171,2078085.834629012,2078085.835536374,2078085.83597554,2078085.836211516,2078106.043245071,0,False,False,2019,2019,20,2000,decode
1441b5b11ed94941be0c4d3280657726,2020,21,0,"{""type"": ""length"", ""length"": 2000}",2000,1769709339.2874498,2078085.834121047,2078085.834684604,2078085.835722319,2078085.835998157,2078085.836211696,2078106.043257626,0,False,False,2019,2019,20,2000,decode
fca7952800da4549a7323bf1654ad2c9,2020,21,0,"{""type"": ""length"", ""length"": 2000}",2000,1769709339.2880406,2078085.83469532,2078085.837097117,2078085.837710444,2078085.838509925,2078085.838788615,2078106.043269755,0,False,False,2019,2019,20,2000,decode
6bcb829ced4a4da7ba1dd1afcacb4e79,2020,21,0,"{""type"": ""length"", ""length"": 2000}",2000,1769709339.2886362,2078085.835290189,2078085.837166865,2078085.837914936,2078085.838536211,2078085.838789002,2078106.043281626,0,False,False,2019,2019,20,2000,decode
1e087b35284b45e7ba4da703a8e38e88,2020,21,0,"{""type"": ""length"", ""length"": 2000}",2000,1769709339.2892926,2078085.83595124,2078085.837225156,2078085.838116874,2078085.838559942,2078085.838789213,2078106.043293515,0,False,False,2019,2019,20,2000,decode
03ccd66d10574d1988f774e75007dea8,2020,21,0,"{""type"": ""length"", ""length"": 2000}",2000,1769709339.289868,2078085.836514028,2078085.837281305,2078085.838308159,2078085.838583166,2078085.838789421,2078106.043304928,0,False,False,2019,2019,20,2000,decode
20e5c6de256a4d46abb619683936d784,2020,21,0,"{""type"": ""length"", ""length"": 2000}",2000,1769709339.290402,2078085.837052404,2078085.839677871,2078085.840345465,2078085.841330136,2078085.841641381,2078106.043316802,0,False,False,2019,2019,20,2000,decode
f1deabcaafcd42e9a04fff19f6668630,2020,21,0,"{""type"": ""length"", ""length"": 2000}",2000,1769709339.2909389,2078085.837597955,2078085.839743651,2078085.840551833,2078085.841355474,2078085.841641773,2078106.043328872,0,False,False,2019,2019,20,2000,decode
b5aa1de9e8a04a63bec49ae33047f485,2020,21,0,"{""type"": ""length"", ""length"": 2000}",2000,1769709339.291622,2078085.838284531,2078085.839800618,2078085.840743407,2078085.841378714,2078085.841641995,2078106.043340244,0,False,False,2019,2019,20,2000,decode
026c69ccc72b40c0a72b44320a494530,2020,21,0,"{""type"": ""length"", ""length"": 2000}",2000,1769709339.2921853,2078085.838823927,2078085.839856057,2078085.840931403,2078085.841401348,2078085.841642153,2078106.043351668,0,False,False,2019,2019,20,2000,decode
f6187a457e644682913b3738a398b8f4,2020,21,0,"{""type"": ""length"", ""length"": 2000}",2000,1769709339.2927146,2078085.839347574,2078085.839910418,2078085.84112981,2078085.8414237,2078085.841642316,2078106.043363148,0,False,False,2019,2019,20,2000,decode
ab6e62da5ec24e6f90fbff4964bcb83a,2020,21,0,"{""type"": ""length"", ""length"": 2000}",2000,1769709339.293222,2078085.839852727,2078085.842599659,2078085.843277661,2078085.84426574,2078085.844578031,2078106.043374998,0,False,False,2019,2019,20,2000,decode
c2b86045584a414cbf05a177cf80934c,2020,21,0,"{""type"": ""length"", ""length"": 2000}",2000,1769709339.2938614,2078085.840511715,2078085.842668581,2078085.843486111,2078085.844291467,2078085.844578449,2078106.043390519,0,False,False,2019,2019,20,2000,decode
bba6fbc69d22432792f9fd6fbe0e65b2,2020,21,0,"{""type"": ""length"", ""length"": 2000}",2000,1769709339.294426,2078085.84107537,2078085.842726488,2078085.843679066,2078085.844316029,2078085.84457862,2078106.043402469,0,False,False,2019,2019,20,2000,decode
91cf4455a9a2462eafce866b4e36f6b5,2020,21,0,"{""type"": ""length"", ""length"": 2000}",2000,1769709339.2949681,2078085.841599894,2078085.842782352,2078085.843865557,2078085.844338861,2078085.844578798,2078106.04341598,0,False,False,2019,2019,20,2000,decode
d539531a16c542d2ac8c09deeb39e405,2020,21,0,"{""type"": ""length"", ""length"": 2000}",2000,1769709339.2954652,2078085.84209333,2078085.842835733,2078085.844061773,2078085.844362015,2078085.844579003,2078106.043428177,0,False,False,2019,2019,20,2000,decode
41fae57cef71443bb5a62c41257cf137,2020,21,0,"{""type"": ""length"", ""length"": 2000}",2000,1769709339.2959576,2078085.842574859,2078085.845520116,2078085.84619493,2078085.847188351,2078085.847507103,2078106.043440186,0,False,False,2019,2019,20,2000,decode
79db7c96b2784818a88043534b5570d9,2020,21,0,"{""type"": ""length"", ""length"": 2000}",2000,1769709339.296539,2078085.843188289,2078085.845588786,2078085.846402199,2078085.847214398,2078085.847507471,2078106.043453385,0,False,False,2019,2019,20,2000,decode
3123e59c67db4f69b61654e9ea79429e,2020,21,0,"{""type"": ""length"", ""length"": 2000}",2000,1769709339.2970812,2078085.843708292,2078085.84564545,2078085.84659417,2078085.847238297,2078085.847507678,2078106.043466929,0,False,False,2019,2019,20,2000,decode
cf96f25fb47d429587acbf18f1659abc,2020,21,0,"{""type"": ""length"", ""length"": 2000}",2000,1769709339.2975862,2078085.844212712,2078085.845701528,2078085.84678337,2078085.847261007,2078085.847507851,2078106.043478705,0,False,False,2019,2019,20,2000,decode
ca019fe7ca23472bbdd21150d99ef9fe,2020,21,0,"{""type"": ""length"", ""length"": 2000}",2000,1769709339.2981105,2078085.844800766,2078085.845756788,2078085.846971042,2078085.847286438,2078085.847508016,2078106.04349198,0,False,False,2019,2019,20,2000,decode
b77fb979da434df4ba7412195be4e56d,2020,21,0,"{""type"": ""length"", ""length"": 2000}",2000,1769709339.2988844,2078085.845550326,2078085.848405809,2078085.848999822,2078085.849804871,2078085.850094252,2078106.043503675,0,False,False,2019,2019,20,2000,decode
e3d1d75911fd4c8e875cf48fe73fb658,2020,21,0,"{""type"": ""length"", ""length"": 2000}",2000,1769709339.299434,2078085.846078612,2078085.848468808,2078085.849216917,2078085.84983121,2078085.850094598,2078106.043516717,0,False,False,2019,2019,20,2000,decode
8bfb576bef2f46b2971c5b295b0edbb0,2020,21,0,"{""type"": ""length"", ""length"": 2000}",2000,1769709339.29995,2078085.846570244,2078085.848524796,2078085.849405879,2078085.849854849,2078085.850094801,2078106.043530666,0,False,False,2019,2019,20,2000,decode
5af345f6738b438db294398656c8716a,2020,21,0,"{""type"": ""length"", ""length"": 2000}",2000,1769709339.301281,2078085.847908715,2078085.848580333,2078085.849592462,2078085.84987778,2078085.850094962,2078106.043543918,0,False,False,2019,2019,20,2000,decode
981f834449d14975ab9baa0af7b8b2b4,2020,21,0,"{""type"": ""length"", ""length"": 2000}",2000,1769709339.3019505,2078085.848589647,2078085.850976948,2078085.851598968,2078085.852401571,2078085.852682985,2078106.043557418,0,False,False,2019,2019,20,2000,decode
55df778eac9b4cc5805099874107f7c7,2020,21,0,"{""type"": ""length"", ""length"": 2000}",2000,1769709339.3024764,2078085.849116576,2078085.851054201,2078085.851800793,2078085.852427082,2078085.852683273,2078106.043571759,0,False,False,2019,2019,20,2000,decode
aa1eafdef0d84625a4850c5ea6fbd375,2020,21,0,"{""type"": ""length"", ""length"": 2000}",2000,1769709339.3029752,2078085.84959433,2078085.851115411,2078085.851989345,2078085.852451247,2078085.852683468,2078106.043585276,0,False,False,2019,2019,20,2000,decode
124426f180f844bab7d0cc56e183486a,2020,21,0,"{""type"": ""length"", ""length"": 2000}",2000,1769709339.3034427,2078085.850064861,2078085.851172996,2078085.852191912,2078085.852474371,2078085.852683626,2078106.043597112,0,False,False,2019,2019,20,2000,decode
1d2f19bf40ab46359f75bdc0222929c1,2020,21,0,"{""type"": ""length"", ""length"": 2000}",2000,1769709339.3039098,2078085.851744217,2078085.853570602,2078085.854192169,2078085.854982564,2078085.855268748,2078106.043610221,0,False,False,2019,2019,20,2000,decode
fc1fa8c774f54e1c8f4f05056ef309d6,2020,21,0,"{""type"": ""length"", ""length"": 2000}",2000,1769709339.3056455,2078085.852277164,2078085.853642346,2078085.854395662,2078085.855014678,2078085.855269079,2078106.043623328,0,False,False,2019,2019,20,2000,decode
308f1db113d64a1683ef82304a32851c,2020,21,0,"{""type"": ""length"", ""length"": 2000}",2000,1769709339.306136,2078085.85275418,2078085.853701732,2078085.854586219,2078085.855038072,2078085.855269255,2078106.043636735,0,False,False,2019,2019,20,2000,decode
1c3bf64c2f79428c8979923f07c7bb48,2020,21,0,"{""type"": ""length"", ""length"": 2000}",2000,1769709339.3066096,2078085.853223066,2078085.853758895,2078085.854773783,2078085.855060859,2078085.855269401,2078106.043649941,0,False,False,2019,2019,20,2000,decode
c08d2a36ba3845d3ae06d1dac056cdde,2020,21,0,"{""type"": ""length"", ""length"": 2000}",2000,1769709339.3070667,2078085.853670903,2078085.856173903,2078085.856836764,2078085.857819924,2078085.858139001,2078106.043663471,0,False,False,2019,2019,20,2000,decode
70ef860776fe4a538136439ba5f10c7b,2020,21,0,"{""type"": ""length"", ""length"": 2000}",2000,1769709339.307615,2078085.854242056,2078085.856244489,2078085.857046234,2078085.857845973,2078085.858139361,2078106.043678625,0,False,False,2019,2019,20,2000,decode
a35105b204984cfa88989fe92305d229,2020,21,0,"{""type"": ""length"", ""length"": 2000}",2000,1769709339.308085,2078085.854694222,2078085.856304861,2078085.857240207,2078085.857869635,2078085.858139589,2078106.043691606,0,False,False,2019,2019,20,2000,decode
a72c4030e7ec4f708a9d4140461f0e35,2020,21,0,"{""type"": ""length"", ""length"": 2000}",2000,1769709339.308525,2078085.855137999,2078085.856362706,2078085.857428872,2078085.857892437,2078085.858139761,2078106.04370471,0,False,False,2019,2019,20,2000,decode
3a75c8f759ce4aed8398d3db344169fd,2020,21,0,"{""type"": ""length"", ""length"": 2000}",2000,1769709339.3089607,2078085.855558275,2078085.856417661,2078085.857613085,2078085.857914948,2078085.858139922,2078106.043718187,0,False,False,2019,2019,20,2000,decode
d2d33905708c4700addc400f7f8d5d21,2020,21,0,"{""type"": ""length"", ""length"": 2000}",2000,1769709355.0418577,2078101.588638019,2078101.589866103,2078101.590558012,2078101.590910433,2078101.5909729,2078119.591305146,0,False,False,2020,2020,20,2000,decode
a60915d341244c12bf91d0adc5739e44,2020,21,0,"{""type"": ""length"", ""length"": 2000}",2000,1769709355.0428894,2078101.589580257,2078101.599901787,2078101.601195101,2078101.603684067,2078101.604294558,2078119.591324714,0,False,False,2020,2020,20,2000,decode
8f1ce8cb54e240239a4cfef01332b45d,2020,21,0,"{""type"": ""length"", ""length"": 2000}",2000,1769709355.0434713,2078101.590133558,2078101.599979022,2078101.601432988,2078101.603709922,2078101.604295003,2078119.591337542,0,False,False,2020,2020,20,2000,decode
b9efb9960b994b8ba32c90939dcb8882,2020,21,0,"{""type"": ""length"", ""length"": 2000}",2000,1769709355.0440552,2078101.590699689,2078101.600048905,2078101.601635911,2078101.603733439,2078101.604295271,2078119.591349153,0,False,False,2020,2020,20,2000,decode
d9feb4741e8d4b9b97f74eb958719db2,2020,21,0,"{""type"": ""length"", ""length"": 2000}",2000,1769709355.0445638,2078101.591207957,2078101.600106674,2078101.601829641,2078101.603756052,2078101.604295459,2078119.59136053,0,False,False,2020,2020,20,2000,decode
7e8f45e770214403865ec47f5962e958,2020,21,0,"{""type"": ""length"", ""length"": 2000}",2000,1769709355.0450602,2078101.591678641,2078101.600162568,2078101.602034746,2078101.603778479,2078101.604295648,2078119.591372488,0,False,False,2020,2020,20,2000,decode
cf617ff5461f4051b14ae5bc6a7e08b2,2020,21,0,"{""type"": ""length"", ""length"": 2000}",2000,1769709355.0472732,2078101.593929993,2078101.60021846,2078101.602229299,2078101.603801913,2078101.60429587,2078119.59138426,0,False,False,2020,2020,20,2000,decode
f5ec05088c9c439b9db6f03fa8f0573b,2020,21,0,"{""type"": ""length"", ""length"": 2000}",2000,1769709355.0478237,2078101.594457073,2078101.600276606,2078101.602417726,2078101.603824743,2078101.604296043,2078119.591395351,0,False,False,2020,2020,20,2000,decode
8cd9ddd6b8ae4429a87fd0aaede3fcc4,2020,21,0,"{""type"": ""length"", ""length"": 2000}",2000,1769709355.048615,2078101.595252944,2078101.600330978,2078101.602605758,2078101.603847263,2078101.604296214,2078119.591406682,0,False,False,2020,2020,20,2000,decode
1fd88106622c45dcbcea358deb7ce98a,2020,21,0,"{""type"": ""length"", ""length"": 2000}",2000,1769709355.04911,2078101.595730697,2078101.600385685,2078101.602794746,2078101.603869703,2078101.604296438,2078119.591418409,0,False,False,2020,2020,20,2000,decode
9c11569d489746cdbc2f3f910957f3f6,2020,21,0,"{""type"": ""length"", ""length"": 2000}",2000,1769709355.0495825,2078101.596202562,2078101.600441168,2078101.603012167,2078101.60389258,2078101.604296635,2078119.591430148,0,False,False,2020,2020,20,2000,decode
727116a25b0b4b42b180bf00af9083ba,2020,21,0,"{""type"": ""length"", ""length"": 2000}",2000,1769709355.0502155,2078101.596862078,2078101.600497551,2078101.603212662,2078101.603915009,2078101.604296807,2078119.591441134,0,False,False,2020,2020,20,2000,decode
c63c690c995a426d8596e757686b8d88,2020,21,0,"{""type"": ""length"", ""length"": 2000}",2000,1769709355.05075,2078101.597381716,2078101.600552297,2078101.603402398,2078101.603937201,2078101.604296961,2078119.591452108,0,False,False,2020,2020,20,2000,decode
eac608fced42406790fb797fc79769ec,2020,21,0,"{""type"": ""length"", ""length"": 2000}",2000,1769709355.2326958,2078101.779810988,2078101.787140376,2078101.787785889,2078101.788066416,2078101.788120158,2078119.786024038,0,False,False,2020,2020,20,2000,decode
4db9d0f4df4341a099481798863d3f2c,2020,21,0,"{""type"": ""length"", ""length"": 2000}",2000,1769709356.1077516,2078102.654882334,2078102.657062272,2078102.657744329,2078102.658052768,2078102.658108927,2078120.653518656,0,False,False,2020,2020,20,2000,decode
3a3f1c292955431f961cc7a7a8524b32,2020,21,0,"{""type"": ""length"", ""length"": 2000}",2000,1769709357.4146192,2078103.961516209,2078103.963264937,2078103.964032518,2078103.964577759,2078103.964671854,2078121.956464972,0,False,False,2020,2020,20,2000,decode
402684ed32024b58b49d293d283a4c92,2020,21,0,"{""type"": ""length"", ""length"": 2000}",2000,1769709357.4156673,2078103.962454211,2078103.963344295,2078103.964284604,2078103.964604373,2078103.964672363,2078121.956483403,0,False,False,2020,2020,20,2000,decode
24e9f8387750477b9d0ce2513ee54f5d,2020,21,0,"{""type"": ""length"", ""length"": 2000}",2000,1769709357.4165134,2078103.96328947,2078103.973364322,2078103.973988929,2078103.974647461,2078103.974919177,2078121.956496096,0,False,False,2020,2020,20,2000,decode
ed9c74f5b79541f5b62c5478d88b311d,2020,21,0,"{""type"": ""length"", ""length"": 2000}",2000,1769709357.4173052,2078103.964037754,2078103.973437108,2078103.974218128,2078103.974672812,2078103.974919512,2078121.956508003,0,False,False,2020,2020,20,2000,decode
bd67d1e9975641e99bb2fbf4bc65875f,2020,21,0,"{""type"": ""length"", ""length"": 2000}",2000,1769709357.4180298,2078103.96473694,2078103.973497117,2078103.974414218,2078103.974696372,2078103.974919783,2078121.956519277,0,False,False,2020,2020,20,2000,decode
62efb357b5434adf90543dee790bcbf3,2020,21,0,"{""type"": ""length"", ""length"": 2000}",2000,1769709358.707815,2078105.254944126,2078105.255681811,2078105.256410678,2078105.256717669,2078105.256792764,2078123.235586053,0,False,False,2020,2020,20,2000,decode
26d4c9da475f4cee81f243c381e9c95e,2020,21,0,"{""type"": ""length"", ""length"": 2000}",2000,1769709358.7096446,2078105.256666665,2078105.266184273,2078105.26668613,2078105.26690366,2078105.267108593,2078123.235604205,0,False,False,2020,2020,20,2000,decode
d7b2e8ae8dbc415ab70b352605038508,2020,21,0,"{""type"": ""length"", ""length"": 2000}",2000,1769709359.4857256,2078106.032643518,2078106.035588149,2078106.036640816,2078106.037678537,2078106.03787546,2078124.009168664,0,False,False,2020,2020,20,2000,decode
50cf6598be6644bd8fc665fb274002d0,2020,21,0,"{""type"": ""length"", ""length"": 2000}",2000,1769709359.4869988,2078106.033811823,2078106.035711881,2078106.036985368,2078106.037721759,2078106.037876049,2078124.00918657,0,False,False,2020,2020,20,2000,decode
6df1a849731347928237b8f52e051822,2020,21,0,"{""type"": ""length"", ""length"": 2000}",2000,1769709359.487894,2078106.034671895,2078106.035808382,2078106.037303153,2078106.037761176,2078106.037876495,2078124.009199635,0,False,False,2020,2020,20,2000,decode
42f8fde11a70486aa47388bc4a9552f9,2020,21,0,"{""type"": ""length"", ""length"": 2000}",2000,1769709359.7145672,2078106.261310472,2078106.262320495,2078106.262994485,2078106.263562139,2078106.263652309,2078124.471957711,0,False,False,2020,2020,20,2000,decode
dff24d7af9454a40bb1152f7131728f3,2020,21,0,"{""type"": ""length"", ""length"": 2000}",2000,1769709359.7152276,2078106.261857827,2078106.262401163,2078106.263269487,2078106.263588027,2078106.263652639,2078124.471974818,0,False,False,2020,2020,20,2000,decode
108ffb59309e454ebfd17f218d91e5bd,2020,21,0,"{""type"": ""length"", ""length"": 2000}",2000,1769709359.7157016,2078106.262312715,2078106.267260181,2078106.26813973,2078106.269608475,2078106.270045435,2078124.47198758,0,False,False,2020,2020,20,2000,decode
41e4b2198275458384c54dc521ebf6aa,2020,21,0,"{""type"": ""length"", ""length"": 2000}",2000,1769709359.7161386,2078106.262743445,2078106.267337991,2078106.26836922,2078106.269634714,2078106.2700458,2078124.471999563,0,False,False,2020,2020,20,2000,decode
61a75c6e1ee641029079d1015db0330c,2020,21,0,"{""type"": ""length"", ""length"": 2000}",2000,1769709359.7165632,2078106.263166144,2078106.267401133,2078106.268568839,2078106.269658404,2078106.270046068,2078124.472016624,0,False,False,2020,2020,20,2000,decode
f3104f4456cd4476a9ca981767b2b168,2020,21,0,"{""type"": ""length"", ""length"": 2000}",2000,1769709359.7169845,2078106.265355653,2078106.267458876,2078106.268762294,2078106.269681396,2078106.270046236,2078124.47202813,0,False,False,2020,2020,20,2000,decode
fc4f62e4ffd9443a998a62052dbdc811,2020,21,0,"{""type"": ""length"", ""length"": 2000}",2000,1769709359.7192373,2078106.265902208,2078106.267514518,2078106.2689511,2078106.269704055,2078106.270046427,2078124.472040005,0,False,False,2020,2020,20,2000,decode
22d49ea08b7048fda565deaaaa9182dd,2020,21,0,"{""type"": ""length"", ""length"": 2000}",2000,1769709359.7197545,2078106.26636385,2078106.267568419,2078106.269157306,2078106.269727241,2078106.270046604,2078124.472051525,0,False,False,2020,2020,20,2000,decode
af63cb940744490398d7542049580fbd,2020,21,0,"{""type"": ""length"", ""length"": 2000}",2000,1769709359.7201917,2078106.266790338,2078106.267624016,2078106.269348207,2078106.269749804,2078106.270046761,2078124.472065218,0,False,False,2020,2020,20,2000,decode
04ca32d9cb6240c3b10b0d714465f8c9,2020,21,0,"{""type"": ""length"", ""length"": 2000}",2000,1769709359.720618,2078106.267214792,2078106.271301271,2078106.272060142,2078106.273285279,2078106.273661475,2078124.472076415,0,False,False,2020,2020,20,2000,decode
07717a123d164884bdf83829266978be,2020,21,0,"{""type"": ""length"", ""length"": 2000}",2000,1769709359.721034,2078106.267740301,2078106.271374536,2078106.272280404,2078106.273311232,2078106.273661887,2078124.472087829,0,False,False,2020,2020,20,2000,decode
637d9afb85fd4936826715f28b86221c,2020,21,0,"{""type"": ""length"", ""length"": 2000}",2000,1769709359.721611,2078106.268231995,2078106.271434194,2078106.272479796,2078106.273334694,2078106.273662109,2078124.472099009,0,False,False,2020,2020,20,2000,decode
40682e17b0a34c99a4c1758ac2678043,2020,21,0,"{""type"": ""length"", ""length"": 2000}",2000,1769709359.7220707,2078106.268671874,2078106.271489879,2078106.272672234,2078106.273357221,2078106.27366231,2078124.472110618,0,False,False,2020,2020,20,2000,decode
d3b10c1aa0224da8a7830e55956a4778,2020,21,0,"{""type"": ""length"", ""length"": 2000}",2000,1769709359.7224958,2078106.269098361,2078106.271544686,2078106.27286124,2078106.273379567,2078106.273662486,2078124.472122557,0,False,False,2020,2020,20,2000,decode
b67e8344eb734cbaa0ae6d058b371077,2020,21,0,"{""type"": ""length"", ""length"": 2000}",2000,1769709359.723597,2078106.270206691,2078106.271598315,2078106.273059437,2078106.273402291,2078106.273662659,2078124.472133962,0,False,False,2020,2020,20,2000,decode
68d3ee6e04d847a2b73c3e4e1e110fd6,2020,21,0,"{""type"": ""length"", ""length"": 2000}",2000,1769709359.7375603,2078106.284249047,2078106.28658076,2078106.287310229,2078106.2881915,2078106.288346006,2078124.504083201,0,False,False,2020,2020,20,2000,decode
359c0bc6c4954ee68cd38f621856560b,2020,21,0,"{""type"": ""length"", ""length"": 2000}",2000,1769709359.7385175,2078106.285163195,2078106.28665739,2078106.287538872,2078106.288218576,2078106.288346362,2078124.504100463,0,False,False,2020,2020,20,2000,decode
c5673f083445458f8da78ac9dfe5f3c3,2020,21,0,"{""type"": ""length"", ""length"": 2000}",2000,1769709359.739012,2078106.285622783,2078106.286718745,2078106.287740376,2078106.288242073,2078106.288346544,2078124.504113154,0,False,False,2020,2020,20,2000,decode
20907b58b3e74187ab5f2032906aabb2,2020,21,0,"{""type"": ""length"", ""length"": 2000}",2000,1769709359.7394454,2078106.286078344,2078106.286775743,2078106.287933956,2078106.288264834,2078106.288346702,2078124.504125166,0,False,False,2020,2020,20,2000,decode
4f72b70d79fb49ee99107c7f8faa7d40,2020,21,0,"{""type"": ""length"", ""length"": 2000}",2000,1769709359.7399073,2078106.286512757,2078106.29146074,2078106.292439681,2078106.294397542,2078106.29490708,2078124.504136875,0,False,False,2020,2020,20,2000,decode
3612edad18a6499684c4bc444e67a8b0,2020,21,0,"{""type"": ""length"", ""length"": 2000}",2000,1769709359.740332,2078106.286928237,2078106.291532079,2078106.292652471,2078106.294423628,2078106.294907473,2078124.50414851,0,False,False,2020,2020,20,2000,decode
cda10bb7af194540b7b9ed2d69ed5d42,2020,21,0,"{""type"": ""length"", ""length"": 2000}",2000,1769709359.7411947,2078106.28781334,2078106.291591066,2078106.292845145,2078106.294451874,2078106.294907712,2078124.504160513,0,False,False,2020,2020,20,2000,decode
b4c33aea15e6421db48d9f265d8de1be,2020,21,0,"{""type"": ""length"", ""length"": 2000}",2000,1769709359.7417066,2078106.28832516,2078106.291648194,2078106.293044399,2078106.294474821,2078106.294907903,2078124.504171974,0,False,False,2020,2020,20,2000,decode
52b2247b36064de8a288ec8564a4ab53,2020,21,0,"{""type"": ""length"", ""length"": 2000}",2000,1769709359.7421598,2078106.288762798,2078106.291703153,2078106.293237723,2078106.294497302,2078106.294908125,2078124.504183865,0,False,False,2020,2020,20,2000,decode
35f077b83b1b461d95481b81f0145596,2020,21,0,"{""type"": ""length"", ""length"": 2000}",2000,1769709359.7425964,2078106.289196504,2078106.291757218,2078106.293423621,2078106.294520136,2078106.294908295,2078124.504194822,0,False,False,2020,2020,20,2000,decode
69a83b77d74848d99a663b7c05edd927,2020,21,0,"{""type"": ""length"", ""length"": 2000}",2000,1769709359.7430112,2078106.289689077,2078106.291812181,2078106.293608874,2078106.294542547,2078106.294908453,2078124.504206345,0,False,False,2020,2020,20,2000,decode
2fee30f6f6b44f63989c30b501f74b07,2020,21,0,"{""type"": ""length"", ""length"": 2000}",2000,1769709359.7435102,2078106.290113828,2078106.291866184,2078106.293793145,2078106.294565237,2078106.294908617,2078124.504217718,0,False,False,2020,2020,20,2000,decode
15f455cb820b4879b9a4366f0030358f,2020,21,0,"{""type"": ""length"", ""length"": 2000}",2000,1769709359.74393,2078106.290522883,2078106.291919982,2078106.293974501,2078106.294587615,2078106.294908772,2078124.504229176,0,False,False,2020,2020,20,2000,decode
86a3222ef2334143ad7119ee7f81dccc,2020,21,0,"{""type"": ""length"", ""length"": 2000}",2000,1769709359.744336,2078106.29093523,2078106.291974551,2078106.294170932,2078106.294610393,2078106.294908933,2078124.504240749,0,False,False,2020,2020,20,2000,decode
95c12adf553a4108aef5edfd6ac52aa7,2020,21,0,"{""type"": ""length"", ""length"": 2000}",2000,1769709359.746021,2078106.292628054,2078106.296227815,2078106.297027893,2078106.298426488,2078106.298814882,2078124.50425189,0,False,False,2020,2020,20,2000,decode
141fe96bbfa949e3ac9cba8985336c13,2020,21,0,"{""type"": ""length"", ""length"": 2000}",2000,1769709359.746451,2078106.293048417,2078106.296303258,2078106.297242497,2078106.298452598,2078106.298815237,2078124.504263239,0,False,False,2020,2020,20,2000,decode
d26e80672cd440f9bc9a68156db69525,2020,21,0,"{""type"": ""length"", ""length"": 2000}",2000,1769709359.746861,2078106.293701148,2078106.296366106,2078106.297436654,2078106.298476021,2078106.298815463,2078124.504274593,0,False,False,2020,2020,20,2000,decode
7456b4a2cb324205aa8431288dd70092,2020,21,0,"{""type"": ""length"", ""length"": 2000}",2000,1769709359.7475457,2078106.294159319,2078106.296423066,2078106.297625155,2078106.298498538,2078106.298815664,2078124.504286232,0,False,False,2020,2020,20,2000,decode
c9f0c908f5f94ccd8125ead194f417b0,2020,21,0,"{""type"": ""length"", ""length"": 2000}",2000,1769709359.7479906,2078106.294589176,2078106.296479837,2078106.297811109,2078106.298520928,2078106.298815824,2078124.504298225,0,False,False,2020,2020,20,2000,decode
bc70d424eaa642de9c586fb43c5fd073,2020,21,0,"{""type"": ""length"", ""length"": 2000}",2000,1769709359.748409,2078106.294999533,2078106.296535898,2078106.297998116,2078106.298543401,2078106.298815997,2078124.504309267,0,False,False,2020,2020,20,2000,decode
1e6a36e0b9ef49499f59476d6776bdde,2020,21,0,"{""type"": ""length"", ""length"": 2000}",2000,1769709359.7488194,2078106.295405522,2078106.296591185,2078106.298203736,2078106.298565451,2078106.298816153,2078124.504320624,0,False,False,2020,2020,20,2000,decode
95caee95b6a1497a9ca3e77bbc4f5a78,2020,21,0,"{""type"": ""length"", ""length"": 2000}",2000,1769709359.7511432,2078106.297756399,2078106.299944617,2078106.300613728,2078106.301854227,2078106.302182005,2078124.504332036,0,False,False,2020,2020,20,2000,decode
28e91982aee545478b5b93cd590cf7fd,2020,21,0,"{""type"": ""length"", ""length"": 2000}",2000,1769709359.7516062,2078106.298206402,2078106.300024636,2078106.301033144,2078106.301880018,2078106.302182605,2078124.504343735,0,False,False,2020,2020,20,2000,decode
97ac19c95a2d4142a9879c5d432565cb,2020,21,0,"{""type"": ""length"", ""length"": 2000}",2000,1769709359.7520452,2078106.298642975,2078106.300084648,2078106.30125307,2078106.301903392,2078106.302182823,2078124.504355328,0,False,False,2020,2020,20,2000,decode
24ed106640f64af891b908d490fdc63e,2020,21,0,"{""type"": ""length"", ""length"": 2000}",2000,1769709359.7524672,2078106.299066972,2078106.300142189,2078106.301444292,2078106.301926121,2078106.302182998,2078124.504367585,0,False,False,2020,2020,20,2000,decode
78ce114f222d4f07a082e27e8b42f016,2020,21,0,"{""type"": ""length"", ""length"": 2000}",2000,1769709359.7529545,2078106.299553827,2078106.300199297,2078106.301634128,2078106.301948529,2078106.302183162,2078124.504379232,0,False,False,2020,2020,20,2000,decode
f741aecb7a0249fd8e2fa28bf4c0f799,2020,21,0,"{""type"": ""length"", ""length"": 2000}",2000,1769709359.7533908,2078106.299985221,2078106.303290839,2078106.304140716,2078106.30572622,2078106.306159228,2078124.504390627,0,False,False,2020,2020,20,2000,decode
eccb7fb497224ff8810c17ecece6f326,2020,21,0,"{""type"": ""length"", ""length"": 2000}",2000,1769709359.7538116,2078106.300398513,2078106.303364223,2078106.304357085,2078106.305752518,2078106.306159705,2078124.504402409,0,False,False,2020,2020,20,2000,decode
d42d9c5c2bbe4f76a5305bdf48e0c9eb,2020,21,0,"{""type"": ""length"", ""length"": 2000}",2000,1769709359.7542074,2078106.300792454,2078106.303424578,2078106.304553601,2078106.3057762,2078106.306159923,2078124.504414079,0,False,False,2020,2020,20,2000,decode
4492ab478934472987986bf32c63056e,2020,21,0,"{""type"": ""length"", ""length"": 2000}",2000,1769709359.7545989,2078106.301181716,2078106.303479913,2078106.304742379,2078106.305799116,2078106.306160081,2078124.504425374,0,False,False,2020,2020,20,2000,decode
7e732f832097493fbeaad3fb1697bf16,2020,21,0,"{""type"": ""length"", ""length"": 2000}",2000,1769709359.7550838,2078106.301684123,2078106.303535547,2078106.304930799,2078106.305822059,2078106.306160254,2078124.504436835,0,False,False,2020,2020,20,2000,decode
7e56749c8b63493894adf07cb92e6ae2,2020,21,0,"{""type"": ""length"", ""length"": 2000}",2000,1769709359.755508,2078106.302107803,2078106.303590232,2078106.305130568,2078106.305845219,2078106.306160412,2078124.504448585,0,False,False,2020,2020,20,2000,decode
76c14fe785a84ba89d393eaefe95979c,2020,21,0,"{""type"": ""length"", ""length"": 2000}",2000,1769709359.755922,2078106.302510882,2078106.303646233,2078106.305319972,2078106.305867614,2078106.306160614,2078124.504460413,0,False,False,2020,2020,20,2000,decode
98778901045848ddb0c9a60d9ec62289,2020,21,0,"{""type"": ""length"", ""length"": 2000}",2000,1769709359.7563133,2078106.302899633,2078106.303701013,2078106.305505715,2078106.305889978,2078106.306160772,2078124.504471717,0,False,False,2020,2020,20,2000,decode
f88ed335ee7a4e019b1c03583bd7ad59,2020,21,0,"{""type"": ""length"", ""length"": 2000}",2000,1769709359.7567968,2078106.303385149,2078106.307383161,2078106.308282925,2078106.310043427,2078106.310498408,2078124.504483335,0,False,False,2020,2020,20,2000,decode
5cb47a550cbf4492b94d88ac8bb6ad41,2020,21,0,"{""type"": ""length"", ""length"": 2000}",2000,1769709359.7571864,2078106.303767366,2078106.307454383,2078106.308494212,2078106.310069186,2078106.310498772,2078124.504495168,0,False,False,2020,2020,20,2000,decode
af2b6c1666aa4a5597ec1fad7f961848,2020,21,0,"{""type"": ""length"", ""length"": 2000}",2000,1769709359.7575648,2078106.304155392,2078106.307512948,2078106.308686237,2078106.310092457,2078106.31049899,2078124.504506249,0,False,False,2020,2020,20,2000,decode
4fe0d5b9e23a4c358167095a0629cef2,2020,21,0,"{""type"": ""length"", ""length"": 2000}",2000,1769709359.7579684,2078106.304552353,2078106.307567925,2078106.308873419,2078106.31011498,2078106.310499194,2078124.50451799,0,False,False,2020,2020,20,2000,decode
323b88d811fa4705b12e65e2a3f2e86b,2020,21,0,"{""type"": ""length"", ""length"": 2000}",2000,1769709359.758441,2078106.305033059,2078106.307622649,2078106.30906806,2078106.310139577,2078106.310499411,2078124.504529183,0,False,False,2020,2020,20,2000,decode
8958ccae2d4342219cc6a470a44c5939,2020,21,0,"{""type"": ""length"", ""length"": 2000}",2000,1769709359.7589183,2078106.305512086,2078106.307675916,2078106.309259037,2078106.310162923,2078106.310499623,2078124.504540618,0,False,False,2020,2020,20,2000,decode
3c0b1bbce823443499fb2c256e989a42,2020,21,0,"{""type"": ""length"", ""length"": 2000}",2000,1769709359.7593234,2078106.305907272,2078106.307729951,2078106.309444377,2078106.310185487,2078106.310499811,2078124.504553317,0,False,False,2020,2020,20,2000,decode
9bd109ae8b944ee6b9fa5fcbb819fe0f,2020,21,0,"{""type"": ""length"", ""length"": 2000}",2000,1769709359.7597327,2078106.306324955,2078106.307785288,2078106.309630832,2078106.310207894,2078106.310500021,2078124.504564551,0,False,False,2020,2020,20,2000,decode
f76207abcd8d4086a88e8f37afe67d26,2020,21,0,"{""type"": ""length"", ""length"": 2000}",2000,1769709359.7601721,2078106.306853089,2078106.307839402,2078106.309815414,2078106.310230118,2078106.310500259,2078124.504575885,0,False,False,2020,2020,20,2000,decode
ae8771b7c6424642b428940bc0152b6d,2020,21,0,"{""type"": ""length"", ""length"": 2000}",2000,1769709359.760674,2078106.307262249,2078106.311781675,2078106.312799041,2078106.314965352,2078106.315497525,2078124.50458726,0,False,False,2020,2020,20,2000,decode
68019fd56e834f75b2d5f88583677259,2020,21,0,"{""type"": ""length"", ""length"": 2000}",2000,1769709359.7610667,2078106.307648612,2078106.311852849,2078106.313022323,2078106.314991528,2078106.315497907,2078124.504598741,0,False,False,2020,2020,20,2000,decode
f6bdea8d9ff9472484faebf05f7b121b,2020,21,0,"{""type"": ""length"", ""length"": 2000}",2000,1769709359.7614453,2078106.308032672,2078106.311912658,2078106.313223621,2078106.315022574,2078106.315498121,2078124.504610406,0,False,False,2020,2020,20,2000,decode
80caa384d6e74277aa054579bfdc8981,2020,21,0,"{""type"": ""length"", ""length"": 2000}",2000,1769709359.7618494,2078106.308445556,2078106.311969168,2078106.31341537,2078106.31504525,2078106.315498326,2078124.504622125,0,False,False,2020,2020,20,2000,decode
342b8e4c1cfc46ddbac812092c997af7,2020,21,0,"{""type"": ""length"", ""length"": 2000}",2000,1769709359.7623413,2078106.308932258,2078106.312031488,2078106.313606504,2078106.315067535,2078106.315498513,2078124.504633527,0,False,False,2020,2020,20,2000,decode
f4f6f04c496d4bc2b6dcf463a2449c23,2020,21,0,"{""type"": ""length"", ""length"": 2000}",2000,1769709359.7627459,2078106.309335624,2078106.312085865,2078106.313794114,2078106.315090274,2078106.315498716,2078124.504644959,0,False,False,2020,2020,20,2000,decode
793333ed9981457bb3521e48c5a75106,2020,21,0,"{""type"": ""length"", ""length"": 2000}",2000,1769709359.7631347,2078106.309716592,2078106.312141231,2078106.313981039,2078106.315112933,2078106.315498894,2078124.504656537,0,False,False,2020,2020,20,2000,decode
0f3b6007850f45dd99cc4349a6cd4820,2020,21,0,"{""type"": ""length"", ""length"": 2000}",2000,1769709359.7635143,2078106.310110042,2078106.312195736,2078106.314182559,2078106.315135235,2078106.315499063,2078124.504668313,0,False,False,2020,2020,20,2000,decode
fa88e7bf977045dbb5bbae1a646c0238,2020,21,0,"{""type"": ""length"", ""length"": 2000}",2000,1769709359.764,2078106.310588156,2078106.312250506,2078106.314371168,2078106.315157711,2078106.315499231,2078124.504680101,0,False,False,2020,2020,20,2000,decode
fb05a28eb2ab43a0b46bba3ed54aafb9,2020,21,0,"{""type"": ""length"", ""length"": 2000}",2000,1769709359.7643945,2078106.310975325,2078106.312304038,2078106.314558798,2078106.315180137,2078106.315499405,2078124.504691666,0,False,False,2020,2020,20,2000,decode
4e7cf15856a04e8881bfea1068ebf661,2020,21,0,"{""type"": ""length"", ""length"": 2000}",2000,1769709359.7647872,2078106.311367686,2078106.312356524,2078106.314744158,2078106.315202435,2078106.315499556,2078124.504702852,0,False,False,2020,2020,20,2000,decode
39af0b6c9fd841d8b7816e50e1524c84,2020,21,0,"{""type"": ""length"", ""length"": 2000}",2000,1769709359.7651663,2078106.311746107,2078106.316779372,2078106.31754474,2078106.318737634,2078106.31909859,2078124.50471442,0,False,False,2020,2020,20,2000,decode
5d2b5e3296e5498fa052fc5a595f5016,2020,21,0,"{""type"": ""length"", ""length"": 2000}",2000,1769709359.7655487,2078106.312234869,2078106.316851926,2078106.31775417,2078106.318763954,2078106.31909892,2078124.504725509,0,False,False,2020,2020,20,2000,decode
dafabf4a459d423e8c5dda873756f829,2020,21,0,"{""type"": ""length"", ""length"": 2000}",2000,1769709359.7660503,2078106.312642136,2078106.316913167,2078106.317946462,2078106.318787858,2078106.31909909,2078124.504736925,0,False,False,2020,2020,20,2000,decode
8cd4a8044ee34f7e98791231fb259c9c,2020,21,0,"{""type"": ""length"", ""length"": 2000}",2000,1769709359.7664447,2078106.313034358,2078106.316970279,2078106.318146269,2078106.31881119,2078106.319099273,2078124.504748488,0,False,False,2020,2020,20,2000,decode
9b9b084a3c37459782a79c173046a878,2020,21,0,"{""type"": ""length"", ""length"": 2000}",2000,1769709359.7668445,2078106.313429885,2078106.317034002,2078106.31833593,2078106.318834033,2078106.319099447,2078124.504759535,0,False,False,2020,2020,20,2000,decode
fef50650923643668a57be2836d8c9ce,2020,21,0,"{""type"": ""length"", ""length"": 2000}",2000,1769709359.7672272,2078106.31380836,2078106.317089658,2078106.318523422,2078106.318857142,2078106.319099597,2078124.504770844,0,False,False,2020,2020,20,2000,decode
4196636df6f34001ba40d872da25f392,2020,21,0,"{""type"": ""length"", ""length"": 2000}",2000,1769709373.145533,2078119.692363662,2078119.700356656,2078119.701670268,2078119.703249258,2078119.703522213,2078140.072016213,0,False,False,2020,2020,20,2000,decode
41a63794743e4873882d1c70afcd03bf,2020,21,0,"{""type"": ""length"", ""length"": 2000}",2000,1769709373.1466677,2078119.693382212,2078119.700439983,2078119.70191791,2078119.70327723,2078119.703522531,2078140.072033879,0,False,False,2020,2020,20,2000,decode
0ff3fd6858cb4a39b2d8d3f0e2e9751a,2020,21,0,"{""type"": ""length"", ""length"": 2000}",2000,1769709373.1474376,2078119.694222671,2078119.700501404,2078119.70214025,2078119.703301517,2078119.703522751,2078140.072046412,0,False,False,2020,2020,20,2000,decode
3969b045a96947dcaab5b0aade1c8d39,2020,21,0,"{""type"": ""length"", ""length"": 2000}",2000,1769709373.1482618,2078119.695054236,2078119.700558588,2078119.702341796,2078119.703324513,2078119.703522945,2078140.072057986,0,False,False,2020,2020,20,2000,decode
3a3ce2e3bf3c47c886e99cf4c6dced7e,2020,21,0,"{""type"": ""length"", ""length"": 2000}",2000,1769709373.1491237,2078119.695898655,2078119.700614642,2078119.702537745,2078119.703347195,2078119.703523177,2078140.072069331,0,False,False,2020,2020,20,2000,decode
00771c047a7649569a7680aed0e115e0,2020,21,0,"{""type"": ""length"", ""length"": 2000}",2000,1769709373.1498864,2078119.696559828,2078119.700669904,2078119.702732375,2078119.703370331,2078119.703523395,2078140.072080317,0,False,False,2020,2020,20,2000,decode
5bf2170d70b34977bd7498d619d3daf0,2020,21,0,"{""type"": ""length"", ""length"": 2000}",2000,1769709373.1527927,2078119.69948725,2078119.700727277,2078119.702927533,2078119.703392954,2078119.703523614,2078140.072091655,0,False,False,2020,2020,20,2000,decode
31f77faf4edb44a29e0be07dc8d11b44,2020,21,0,"{""type"": ""length"", ""length"": 2000}",2000,1769709373.153426,2078119.700110915,2078119.709715482,2078119.710538011,2078119.711815755,2078119.712214863,2078140.07210273,0,False,False,2020,2020,20,2000,decode
cf2533d0f63b42609f0e324623b9c13e,2020,21,0,"{""type"": ""length"", ""length"": 2000}",2000,1769709373.1540217,2078119.700681912,2078119.709790285,2078119.710758485,2078119.711841143,2078119.712215212,2078140.072113662,0,False,False,2020,2020,20,2000,decode
0462113de76847a1b4c9dc5d6d34f479,2020,21,0,"{""type"": ""length"", ""length"": 2000}",2000,1769709373.1545987,2078119.701253505,2078119.709849721,2078119.710958757,2078119.711864218,2078119.712215438,2078140.072125016,0,False,False,2020,2020,20,2000,decode
c04ce64d8b4f483fa3323fb838a4ad67,2020,21,0,"{""type"": ""length"", ""length"": 2000}",2000,1769709373.155152,2078119.70180079,2078119.709906454,2078119.711168817,2078119.711891531,2078119.71221562,2078140.072136183,0,False,False,2020,2020,20,2000,decode
75731f4015d54b9aacf8d597d68e5d47,2020,21,0,"{""type"": ""length"", ""length"": 2000}",2000,1769709373.1586828,2078119.705436367,2078119.709966169,2078119.711363232,2078119.711914002,2078119.712215774,2078140.072147446,0,False,False,2020,2020,20,2000,decode
3c1d16d53b2448bd8e551f963acad043,2020,21,0,"{""type"": ""length"", ""length"": 2000}",2000,1769709373.1593876,2078119.706076336,2078119.710028396,2078119.711554492,2078119.711936576,2078119.712215957,2078140.072158322,0,False,False,2020,2020,20,2000,decode
51827e0f5edc497f85de246375de2f16,2020,21,0,"{""type"": ""length"", ""length"": 2000}",2000,1769709373.252955,2078119.800090978,2078119.806708443,2078119.807327501,2078119.807633272,2078119.807686404,2078140.170340668,0,False,False,2020,2020,20,2000,decode
d6ab65b2ea14499fbd64f1b998a177ad,2020,21,0,"{""type"": ""length"", ""length"": 2000}",2000,1769709374.1204824,2078120.667619685,2078120.67459962,2078120.675199186,2078120.675484743,2078120.675536577,2078141.00121371,0,False,False,2020,2020,20,2000,decode
62af8d12f4904c37a08049a5f02ee5bc,2020,21,0,"{""type"": ""length"", ""length"": 2000}",2000,1769709375.4613948,2078122.008531219,2078122.018699988,2078122.019596551,2078122.02082093,2078122.021020638,2078142.283257694,0,False,False,2020,2020,20,2000,decode
a7c7fc7dae9d43ea8e0cd0e2979e6638,2020,21,0,"{""type"": ""length"", ""length"": 2000}",2000,1769709375.4632144,2078122.010108919,2078122.018779953,2078122.019863471,2078122.020847249,2078122.021020955,2078142.283274622,0,False,False,2020,2020,20,2000,decode
c68f6959271e49dfa5956eeab1c633df,2020,21,0,"{""type"": ""length"", ""length"": 2000}",2000,1769709375.4642808,2078122.011150975,2078122.018842367,2078122.020096444,2078122.020871091,2078122.021021188,2078142.283287369,0,False,False,2020,2020,20,2000,decode
efa0b3ce43564c529abcc5c069b85808,2020,21,0,"{""type"": ""length"", ""length"": 2000}",2000,1769709375.4653027,2078122.012139444,2078122.018900679,2078122.020302755,2078122.020894274,2078122.021021411,2078142.283298807,0,False,False,2020,2020,20,2000,decode
e06f459f17fe469887e3a7ab3e3580af,2020,21,0,"{""type"": ""length"", ""length"": 2000}",2000,1769709375.4662914,2078122.01313099,2078122.018957189,2078122.020501818,2078122.020916938,2078122.021021642,2078142.283310263,0,False,False,2020,2020,20,2000,decode
6b0add9d9e7e437fb5b85fa6219c6c8c,2020,21,0,"{""type"": ""length"", ""length"": 2000}",2000,1769709376.7132528,2078123.260398126,2078123.267969369,2078123.268738235,2078123.269303153,2078123.269400092,2078143.449164394,0,False,False,2020,2020,20,2000,decode
485fb69836ad4cf09df5bfaecef9b24c,2020,21,0,"{""type"": ""length"", ""length"": 2000}",2000,1769709376.7150629,2078123.262090707,2078123.268058871,2078123.268982834,2078123.26932935,2078123.269400449,2078143.449181227,0,False,False,2020,2020,20,2000,decode
89c928c27ca744a09b6d4a15caeb0b86,2020,21,0,"{""type"": ""length"", ""length"": 2000}",2000,1769709377.4977288,2078124.044854344,2078124.052104078,2078124.052857045,2078124.053629955,2078124.053754417,2078144.172188526,0,False,False,2020,2020,20,2000,decode
a877d7773a8542bcbf78d350aac768e2,2020,21,0,"{""type"": ""length"", ""length"": 2000}",2000,1769709377.4995966,2078124.046605418,2078124.052188708,2078124.053115147,2078124.053656163,2078124.053754669,2078144.172206077,0,False,False,2020,2020,20,2000,decode
c10138bcf6c04f0fa6f23a9e90fa2ea2,2020,21,0,"{""type"": ""length"", ""length"": 2000}",2000,1769709377.501023,2078124.048025705,2078124.052249952,2078124.053325229,2078124.05367988,2078124.05375488,2078144.172218632,0,False,False,2020,2020,20,2000,decode
283dc88fa49c4285a40fbc6f23342cb1,2020,21,0,"{""type"": ""length"", ""length"": 2000}",2000,1769709378.1483967,2078124.695238762,2078124.697200749,2078124.697926233,2078124.698710084,2078124.69884034,2078144.900627491,0,False,False,2020,2020,20,2000,decode
9df5adabe88847c68c2c2c2db0e8805b,2020,21,0,"{""type"": ""length"", ""length"": 2000}",2000,1769709378.1492457,2078124.695948171,2078124.697281806,2078124.698184426,2078124.69873645,2078124.698840686,2078144.900644723,0,False,False,2020,2020,20,2000,decode
94f822ac1f7f4d59af68292b948655f0,2020,21,0,"{""type"": ""length"", ""length"": 2000}",2000,1769709378.1498988,2078124.696597731,2078124.697346667,2078124.698392724,2078124.698760319,2078124.698840901,2078144.900658368,0,False,False,2020,2020,20,2000,decode
a0ebebe4b0c848c690648e1b9b4118b0,2020,21,0,"{""type"": ""length"", ""length"": 2000}",2000,1769709378.1504989,2078124.697186274,2078124.702976387,2078124.703783727,2078124.705044746,2078124.705428703,2078144.900670149,0,False,False,2020,2020,20,2000,decode
1f15dfc0002a44cc8f97a3671dac5514,2020,21,0,"{""type"": ""length"", ""length"": 2000}",2000,1769709378.1510947,2078124.697776925,2078124.703054741,2078124.704012822,2078124.705070121,2078124.705429148,2078144.900681808,0,False,False,2020,2020,20,2000,decode
b0a7062701ca455eac2b05a01010ca1d,2020,21,0,"{""type"": ""length"", ""length"": 2000}",2000,1769709378.1517034,2078124.700842322,2078124.703117125,2078124.704217031,2078124.705093524,2078124.705429386,2078144.900693781,0,False,False,2020,2020,20,2000,decode
f382abbb90884948baea260239966dae,2020,21,0,"{""type"": ""length"", ""length"": 2000}",2000,1769709378.1548135,2078124.701506283,2078124.703175217,2078124.704413889,2078124.705116444,2078124.705429573,2078144.900705715,0,False,False,2020,2020,20,2000,decode
27f2c4e6aa954a47950cdc620da09fb3,2020,21,0,"{""type"": ""length"", ""length"": 2000}",2000,1769709378.1554217,2078124.702103319,2078124.703233224,2078124.704606333,2078124.705139253,2078124.705429747,2078144.900716723,0,False,False,2020,2020,20,2000,decode
9d16142f30594631b83475b7da29d7e3,2020,21,0,"{""type"": ""length"", ""length"": 2000}",2000,1769709378.1559837,2078124.702595408,2078124.703289345,2078124.704796348,2078124.705162377,2078124.705429989,2078144.900728237,0,False,False,2020,2020,20,2000,decode
30ce33e505304c23a299b5499b0b0086,2020,21,0,"{""type"": ""length"", ""length"": 2000}",2000,1769709378.1564288,2078124.703037612,2078124.706565259,2078124.707317477,2078124.708546806,2078124.7089166,2078144.900739233,0,False,False,2020,2020,20,2000,decode
ec58b24b27b14cbe8d4a4fdc7b2a0e40,2020,21,0,"{""type"": ""length"", ""length"": 2000}",2000,1769709378.1568635,2078124.703574001,2078124.706635865,2078124.707532953,2078124.708573225,2078124.708916967,2078144.90075037,0,False,False,2020,2020,20,2000,decode
4ec5ccd84a4b44cb8ea94bd9e6c68fc8,2020,21,0,"{""type"": ""length"", ""length"": 2000}",2000,1769709378.1574116,2078124.704027647,2078124.706695441,2078124.707729356,2078124.708597723,2078124.708917152,2078144.900761621,0,False,False,2020,2020,20,2000,decode
5cd0daa7efca4d19a9f7b083f46f3144,2020,21,0,"{""type"": ""length"", ""length"": 2000}",2000,1769709378.157858,2078124.704454285,2078124.706751902,2078124.707920606,2078124.708620807,2078124.708917338,2078144.900772857,0,False,False,2020,2020,20,2000,decode
8a426947b82c4c07a3511cc884f6f005,2020,21,0,"{""type"": ""length"", ""length"": 2000}",2000,1769709378.1582909,2078124.704912866,2078124.706807646,2078124.708127073,2078124.708644562,2078124.708917496,2078144.900784305,0,False,False,2020,2020,20,2000,decode
3765ced065c042008284aeae9196f509,2020,21,0,"{""type"": ""length"", ""length"": 2000}",2000,1769709378.158745,2078124.705337838,2078124.70686321,2078124.708321674,2078124.708668239,2078124.708917774,2078144.900795378,0,False,False,2020,2020,20,2000,decode
517d8dcdf83a4e41876562123219dd79,2020,21,0,"{""type"": ""length"", ""length"": 2000}",2000,1769709378.185326,2078124.732066827,2078124.733680713,2078124.734304202,2078124.734787769,2078124.734877395,2078144.943688036,0,False,False,2020,2020,20,2000,decode
9f83e3bf51914e9e9f18064ef19a58f5,2020,21,0,"{""type"": ""length"", ""length"": 2000}",2000,1769709378.1860654,2078124.73271082,2078124.733757753,2078124.734541126,2078124.734813918,2078124.734877846,2078144.943704146,0,False,False,2020,2020,20,2000,decode
da6b31dd34b5464d902b204bbbd460d2,2020,21,0,"{""type"": ""length"", ""length"": 2000}",2000,1769709378.202159,2078124.748883255,2078124.751331736,2078124.751993105,2078124.752693726,2078124.752816029,2078144.967646429,0,False,False,2020,2020,20,2000,decode
8e1e88b179d34c7faf10baee668d7a83,2020,21,0,"{""type"": ""length"", ""length"": 2000}",2000,1769709378.2037342,2078124.750426972,2078124.7514095,2078124.752248178,2078124.752720051,2078124.75281641,2078144.967662188,0,False,False,2020,2020,20,2000,decode
c4ea3e7ea7c143d2b8759379cef8957e,2020,21,0,"{""type"": ""length"", ""length"": 2000}",2000,1769709378.2043316,2078124.750987155,2078124.751472168,2078124.752451836,2078124.752743576,2078124.75281665,2078144.96767456,0,False,False,2020,2020,20,2000,decode
9e202b2a60f5446ba4ecc76eb4aed336,2020,21,0,"{""type"": ""length"", ""length"": 2000}",2000,1769709378.2049325,2078124.751587907,2078124.756735969,2078124.757622771,2078124.759244263,2078124.759680533,2078144.967685907,0,False,False,2020,2020,20,2000,decode
01200537848e4375b63c0f0008e51e1f,2020,21,0,"{""type"": ""length"", ""length"": 2000}",2000,1769709378.205474,2078124.752134048,2078124.756810372,2078124.757838624,2078124.759270015,2078124.759680973,2078144.967697488,0,False,False,2020,2020,20,2000,decode
3f1f5b8aa7cd45d89f365464f40dbffd,2020,21,0,"{""type"": ""length"", ""length"": 2000}",2000,1769709378.2066462,2078124.75329827,2078124.756880343,2078124.758068546,2078124.759293885,2078124.759681195,2078144.96770844,0,False,False,2020,2020,20,2000,decode
5c129ebdc09f4d2eac0e7679d6221133,2020,21,0,"{""type"": ""length"", ""length"": 2000}",2000,1769709378.2071884,2078124.753824406,2078124.756951612,2078124.758283013,2078124.759316935,2078124.759681392,2078144.967719961,0,False,False,2020,2020,20,2000,decode
fbe34363688f4a54a5c8c1103c7232c7,2020,21,0,"{""type"": ""length"", ""length"": 2000}",2000,1769709378.2077067,2078124.754339255,2078124.757020067,2078124.758475989,2078124.759339725,2078124.759681596,2078144.967730687,0,False,False,2020,2020,20,2000,decode
f3a016edefa64b14842531c724775c20,2020,21,0,"{""type"": ""length"", ""length"": 2000}",2000,1769709378.208203,2078124.754830704,2078124.75707776,2078124.758663161,2078124.759363087,2078124.759681801,2078144.967741776,0,False,False,2020,2020,20,2000,decode
1cb4c5f53df444d990c391911b34f344,2020,21,0,"{""type"": ""length"", ""length"": 2000}",2000,1769709378.2088003,2078124.755445754,2078124.757133711,2078124.758850968,2078124.75938605,2078124.759681954,2078144.96775275,0,False,False,2020,2020,20,2000,decode
a10ecd2239194554a7594c83a06064c7,2020,21,0,"{""type"": ""length"", ""length"": 2000}",2000,1769709378.209335,2078124.755969961,2078124.757187903,2078124.759045069,2078124.759409317,2078124.75968212,2078144.967764061,0,False,False,2020,2020,20,2000,decode
1c35ae70ba1646bcaf2a3c2836f74df3,2020,21,0,"{""type"": ""length"", ""length"": 2000}",2000,1769709378.2098465,2078124.756545456,2078124.760851562,2078124.761701265,2078124.763294102,2078124.763716312,2078144.967775303,0,False,False,2020,2020,20,2000,decode
cc2785cf9131415ea8a910681b944ae5,2020,21,0,"{""type"": ""length"", ""length"": 2000}",2000,1769709378.2104197,2078124.757057762,2078124.760923607,2078124.761914681,2078124.763320083,2078124.763716674,2078144.967786453,0,False,False,2020,2020,20,2000,decode
6bb68a4077ac487aa99f051f07f21365,2020,21,0,"{""type"": ""length"", ""length"": 2000}",2000,1769709378.2109213,2078124.757545432,2078124.760982475,2078124.762123869,2078124.763344678,2078124.763716902,2078144.967797694,0,False,False,2020,2020,20,2000,decode
b4819cf7946148e4a3b816be60fcb60b,2020,21,0,"{""type"": ""length"", ""length"": 2000}",2000,1769709378.211496,2078124.758154566,2078124.761046636,2078124.762319332,2078124.763367464,2078124.763717069,2078144.96780856,0,False,False,2020,2020,20,2000,decode
c81c4599a2f5408583353f3badbd1392,2020,21,0,"{""type"": ""length"", ""length"": 2000}",2000,1769709378.2120433,2078124.758670709,2078124.761102364,2078124.762510763,2078124.763390242,2078124.763717272,2078144.967819339,0,False,False,2020,2020,20,2000,decode
33e68535632f4ca2a0ce39ab747d40e8,2020,21,0,"{""type"": ""length"", ""length"": 2000}",2000,1769709378.2125397,2078124.759170486,2078124.76115708,2078124.762707724,2078124.76341328,2078124.763717453,2078144.967830504,0,False,False,2020,2020,20,2000,decode
120cd7238cca4852bf747ff534ef5153,2020,21,0,"{""type"": ""length"", ""length"": 2000}",2000,1769709378.2130294,2078124.759648828,2078124.761212617,2078124.762897256,2078124.763436012,2078124.763717654,2078144.96784166,0,False,False,2020,2020,20,2000,decode
741a89a9b1ce437fa2e47796014ea2cb,2020,21,0,"{""type"": ""length"", ""length"": 2000}",2000,1769709378.2136073,2078124.760229073,2078124.76126781,2078124.763093578,2078124.763458434,2078124.763717869,2078144.967853204,0,False,False,2020,2020,20,2000,decode
8965cc873a0e492792a531e7df1de7bf,2020,21,0,"{""type"": ""length"", ""length"": 2000}",2000,1769709378.2140925,2078124.760795199,2078124.764900117,2078124.765937053,2078124.767550603,2078124.767981379,2078144.967864128,0,False,False,2020,2020,20,2000,decode
c6279cf5ef104c5bb39e32af16855734,2020,21,0,"{""type"": ""length"", ""length"": 2000}",2000,1769709378.214684,2078124.761318545,2078124.764976912,2078124.766165181,2078124.767576363,2078124.767981716,2078144.967875019,0,False,False,2020,2020,20,2000,decode
f3d8a08adec34f3883bcb267642a89dd,2020,21,0,"{""type"": ""length"", ""length"": 2000}",2000,1769709378.2151792,2078124.761800031,2078124.765045893,2078124.766364571,2078124.767599698,2078124.767981943,2078144.967886029,0,False,False,2020,2020,20,2000,decode
a2adb27dd6ea4cd0ab9892cde11e3c7e,2020,21,0,"{""type"": ""length"", ""length"": 2000}",2000,1769709378.215663,2078124.762388932,2078124.765103069,2078124.766557389,2078124.767622312,2078124.767982126,2078144.967897018,0,False,False,2020,2020,20,2000,decode
604dd3ce45da4f2e84ee685cc5a581e7,2020,21,0,"{""type"": ""length"", ""length"": 2000}",2000,1769709378.2162452,2078124.762864523,2078124.765157902,2078124.766749632,2078124.767645422,2078124.76798234,2078144.967909015,0,False,False,2020,2020,20,2000,decode
38794226b9b4417f81d5d7ab63a127bb,2020,21,0,"{""type"": ""length"", ""length"": 2000}",2000,1769709378.216721,2078124.763336379,2078124.765213536,2078124.766941899,2078124.767668498,2078124.767982516,2078144.967920243,0,False,False,2020,2020,20,2000,decode
fc31415dbee44936809b31d515826a08,2020,21,0,"{""type"": ""length"", ""length"": 2000}",2000,1769709378.217197,2078124.76382741,2078124.765268528,2078124.767146016,2078124.76769127,2078124.767982731,2078144.967931847,0,False,False,2020,2020,20,2000,decode
07f5e1c7dfb245589dc555ab2531b9a8,2020,21,0,"{""type"": ""length"", ""length"": 2000}",2000,1769709378.217688,2078124.764311,2078124.765505862,2078124.767338937,2078124.767713756,2078124.767982916,2078144.967942938,0,False,False,2020,2020,20,2000,decode
9be53479f78d411a9f5c6afe9af6b6cc,2020,21,0,"{""type"": ""length"", ""length"": 2000}",2000,1769709378.2182581,2078124.764928215,2078124.769156703,2078124.769883413,2078124.771074517,2078124.771430708,2078144.967954058,0,False,False,2020,2020,20,2000,decode
d6feebed54a542109d0c916a8d258aa6,2020,21,0,"{""type"": ""length"", ""length"": 2000}",2000,1769709378.2187903,2078124.765411408,2078124.769229016,2078124.770100546,2078124.771100775,2078124.771431088,2078144.967965139,0,False,False,2020,2020,20,2000,decode
2dfaf6248e0446da91ac7692b1e94e6b,2020,21,0,"{""type"": ""length"", ""length"": 2000}",2000,1769709378.2192512,2078124.765861576,2078124.769288289,2078124.77029816,2078124.771124101,2078124.771431314,2078144.967976245,0,False,False,2020,2020,20,2000,decode
aed74d332ce844dbbd42a0ac9ad89690,2020,21,0,"{""type"": ""length"", ""length"": 2000}",2000,1769709378.2207177,2078124.767365092,2078124.769344954,2078124.770488012,2078124.771146703,2078124.771431476,2078144.967987454,0,False,False,2020,2020,20,2000,decode
2294599ab3fd47fbbc53c53efd61d18d,2020,21,0,"{""type"": ""length"", ""length"": 2000}",2000,1769709378.2212338,2078124.767862566,2078124.769401128,2078124.770675633,2078124.771168938,2078124.771431644,2078144.967998843,0,False,False,2020,2020,20,2000,decode
e4a74557479e4cc2902b0bc7905c82df,2020,21,0,"{""type"": ""length"", ""length"": 2000}",2000,1769709378.221946,2078124.768569922,2078124.769455469,2078124.770864467,2078124.771194314,2078124.771431806,2078144.968013917,0,False,False,2020,2020,20,2000,decode
bf05926f64a14afe96e303ca6d670c08,2020,21,0,"{""type"": ""length"", ""length"": 2000}",2000,1769709378.2224138,2078124.769107171,2078124.772485698,2078124.773284078,2078124.774671996,2078124.775089072,2078144.968024748,0,False,False,2020,2020,20,2000,decode
61cc0a1ebe774ec896bdb1a8c66f9f84,2020,21,0,"{""type"": ""length"", ""length"": 2000}",2000,1769709378.2229855,2078124.769614931,2078124.77255877,2078124.773491798,2078124.774698932,2078124.775089424,2078144.968038943,0,False,False,2020,2020,20,2000,decode
8701b89672f94d3c89facd1d5912b507,2020,21,0,"{""type"": ""length"", ""length"": 2000}",2000,1769709378.223467,2078124.770093459,2078124.772621048,2078124.773686727,2078124.774722671,2078124.775089655,2078144.968051498,0,False,False,2020,2020,20,2000,decode
e33550fb2e1743d783095ec03d910014,2020,21,0,"{""type"": ""length"", ""length"": 2000}",2000,1769709378.2239406,2078124.770642414,2078124.772679067,2078124.773879263,2078124.774745739,2078124.775089898,2078144.968065599,0,False,False,2020,2020,20,2000,decode
3347be383e55426db01d5e9b0233b682,2020,21,0,"{""type"": ""length"", ""length"": 2000}",2000,1769709378.2244759,2078124.771083085,2078124.772735711,2078124.774078741,2078124.774768414,2078124.775090076,2078144.968077988,0,False,False,2020,2020,20,2000,decode
e61d0bd15ba9499aaecc4ead6848752a,2020,21,0,"{""type"": ""length"", ""length"": 2000}",2000,1769709378.2249084,2078124.771507723,2078124.772792612,2078124.774272539,2078124.774791631,2078124.775090265,2078144.968090825,0,False,False,2020,2020,20,2000,decode
6ab62e17473342f5837fb73cd009aa13,2020,21,0,"{""type"": ""length"", ""length"": 2000}",2000,1769709378.2253246,2078124.771918041,2078124.772847474,2078124.774459156,2078124.774814245,2078124.775090474,2078144.968104632,0,False,False,2020,2020,20,2000,decode
c67514f0ac5149979bf4aaa71a105e39,2020,21,0,"{""type"": ""length"", ""length"": 2000}",2000,1769709378.2257388,2078124.772396674,2078124.776100425,2078124.776654507,2078124.777271311,2078124.777522098,2078144.968117867,0,False,False,2020,2020,20,2000,decode
e27b04f0a9d64ff3ae8d3ddc5b474220,2020,21,0,"{""type"": ""length"", ""length"": 2000}",2000,1769709378.2284408,2078124.775066096,2078124.776166496,2078124.776863447,2078124.777296312,2078124.777522453,2078144.968130767,0,False,False,2020,2020,20,2000,decode
6a5fb95e16c9425e94115ad811958f4b,2020,21,0,"{""type"": ""length"", ""length"": 2000}",2000,1769709378.2289114,2078124.775515787,2078124.776223662,2078124.777067721,2078124.777320094,2078124.777522706,2078144.968143306,0,False,False,2020,2020,20,2000,decode
21b4e246f2794aa99b9e46cbcac5b5fe,2020,21,0,"{""type"": ""length"", ""length"": 2000}",2000,1769709378.2293513,2078124.77597958,2078124.77839407,2078124.77906309,2078124.780058694,2078124.780372307,2078144.968156737,0,False,False,2020,2020,20,2000,decode
9f7af625894e4f159bf937337469cf34,2020,21,0,"{""type"": ""length"", ""length"": 2000}",2000,1769709378.22985,2078124.776464355,2078124.778458728,2078124.779273372,2078124.78008464,2078124.780372648,2078144.968169336,0,False,False,2020,2020,20,2000,decode
33387ff70c214fb2b1153f45db6ce149,2020,21,0,"{""type"": ""length"", ""length"": 2000}",2000,1769709378.230381,2078124.776981272,2078124.778516274,2078124.77946786,2078124.780108032,2078124.780372873,2078144.96818225,0,False,False,2020,2020,20,2000,decode
b3e1c4ecd7844337b24176a447bc810c,2020,21,0,"{""type"": ""length"", ""length"": 2000}",2000,1769709378.230825,2078124.777417421,2078124.77857217,2078124.779656266,2078124.780130724,2078124.780373056,2078144.968195191,0,False,False,2020,2020,20,2000,decode
ca5ab34820024ccea328eca5c9072cf1,2020,21,0,"{""type"": ""length"", ""length"": 2000}",2000,1769709378.2312303,2078124.777815346,2078124.778628124,2078124.77984613,2078124.780152975,2078124.780373233,2078144.968207731,0,False,False,2020,2020,20,2000,decode
cb51d1fd3596448198032e32eb1b45d9,2020,21,0,"{""type"": ""length"", ""length"": 2000}",2000,1769709378.2316308,2078124.778236054,2078124.781344909,2078124.782137551,2078124.783534787,2078124.783922282,2078144.968220203,0,False,False,2020,2020,20,2000,decode
7933bda15e53432e91a5982ad183a441,2020,21,0,"{""type"": ""length"", ""length"": 2000}",2000,1769709378.2320755,2078124.778737509,2078124.781407495,2078124.782350095,2078124.783560576,2078124.783922691,2078144.968231493,0,False,False,2020,2020,20,2000,decode
6b23d3aaf41245529b4bf381f05b91f0,2020,21,0,"{""type"": ""length"", ""length"": 2000}",2000,1769709378.2325513,2078124.779151725,2078124.781463578,2078124.782545369,2078124.783584411,2078124.783922911,2078144.96824362,0,False,False,2020,2020,20,2000,decode
ed32e522b67a43c183d5471e30a31abf,2020,21,0,"{""type"": ""length"", ""length"": 2000}",2000,1769709378.2329714,2078124.779555372,2078124.781517568,2078124.782735512,2078124.783607215,2078124.783923119,2078144.968256316,0,False,False,2020,2020,20,2000,decode
1eef90e0391c422a925b94e9f1839ae9,2020,21,0,"{""type"": ""length"", ""length"": 2000}",2000,1769709378.2334151,2078124.779997184,2078124.781571711,2078124.782923872,2078124.783629819,2078124.783923301,2078144.968269493,0,False,False,2020,2020,20,2000,decode
03106765e29c484fb74f43c791dfa6ce,2020,21,0,"{""type"": ""length"", ""length"": 2000}",2000,1769709378.2338061,2078124.780478039,2078124.781625424,2078124.783122575,2078124.783653156,2078124.783923551,2078144.968282256,0,False,False,2020,2020,20,2000,decode
5ba1fee472cf485cbc0fdad1e69b1a8d,2020,21,0,"{""type"": ""length"", ""length"": 2000}",2000,1769709378.234285,2078124.78087092,2078124.78168027,2078124.783317834,2078124.783675859,2078124.783923765,2078144.968293251,0,False,False,2020,2020,20,2000,decode
dc26069d1ea2444b808c833d65760eeb,2020,21,0,"{""type"": ""length"", ""length"": 2000}",2000,1769709378.234691,2078124.781333036,2078124.784935869,2078124.78550482,2078124.786132154,2078124.786385805,2078144.968305517,0,False,False,2020,2020,20,2000,decode
476f46fffbd049119859c1910f7cca25,2020,21,0,"{""type"": ""length"", ""length"": 2000}",2000,1769709378.2351665,2078124.781760069,2078124.785008805,2078124.785716324,2078124.786158233,2078124.786386138,2078144.968317987,0,False,False,2020,2020,20,2000,decode
863ec10e715248888f5019f3641c7b5f,2020,21,0,"{""type"": ""length"", ""length"": 2000}",2000,1769709378.2355819,2078124.782169756,2078124.785066408,2078124.785911515,2078124.786182173,2078124.786386385,2078144.968330705,0,False,False,2020,2020,20,2000,decode
