,Time (sec),request_completion
0,6.123224538338892,1
1,6.451941231354181,2
2,7.622136218106631,3
3,7.995640263173185,4
4,9.252377898213593,5
5,9.751748727140283,6
6,11.095056204230497,7
7,12.019937041836124,8
8,12.36935463832747,9
9,13.063125743686559,10
10,13.179812599129692,11
11,13.179812599129692,12
12,14.400678541360042,13
13,14.400678541360042,14
