Time (sec),throughput
0.0,0
0.26094422486822033,3
0.9975047344845716,9
1.1687539990577214,18
2.427521192537858,30
3.7892590310902436,45
4.231010881763643,63
4.828557096621368,84
5.014980881058895,108
5.653153680164038,135
6.123224538338892,165
6.451941231354181,197
7.622136218106631,231
7.995640263173185,267
9.252377898213593,305
9.751748727140283,345
11.095056204230497,387
12.019937041836124,431
12.36935463832747,477
13.063125743686559,525
13.179812599129692,575
14.400678541360042,626
