batch_id,timestamp,forward_mode,batch_size,num_tokens,token_usage,batch_num_tokens,gpu_num_reqs,gen_throughput,num_queue_reqs,num_retracted_reqs,pre_decode_batch_size,pre_decode_batch_num_tokens,pre_decode_batch_num_tokens_after_one_decode,pre_decode_num_tokens,pre_decode_token_usage,num_retracted_queue_reqs,num_total_queue_reqs,num_prev_completed_reqs,num_new_seqs,num_new_tokens,num_cached_tokens,cache_hit_rate
3,1778172911.7135098,decode,362,181222,0.9980613964554397,181362,361,0.0,99637,1,362,181000,181362,181362,0.998832431956117,1,99638,0,0,0,0,0.0
4,1778172911.8130493,decode,361,85510,0.47093746902089506,181222,360,0.0,99637,1,361,180861,181222,181222,0.9980613964554397,2,99639,0,0,0,0,0.0
5,1778172912.240125,decode,360,181511,0.9996530340246952,181080,360,0.0,99640,1,360,180720,181080,181080,0.9972793461618954,0,99640,190,192,0,0,0.0
7,1778172912.4425817,decode,361,180728,0.9953407426173351,181372,360,0.0,99448,1,361,181011,181372,181372,0.9988875059204512,1,99449,0,0,0,0,0.0
8,1778172912.5069995,decode,360,138558,0.7630938350204325,181231,360,0.0,99449,1,360,180871,181231,181231,0.9981109630233403,1,99450,1,1,0,0,0.0
11,1778172912.9387183,decode,360,181276,0.9983587958628438,181418,359,0.0,99363,1,360,181058,181418,181418,0.999140846156388,1,99364,85,0,0,0,0.0
12,1778172913.0341418,decode,359,70125,0.3862061748928811,181276,358,0.0,99363,1,359,180917,181276,181276,0.9983587958628438,2,99365,0,0,0,0,0.0
13,1778172913.5076118,decode,358,181126,0.9975326863978323,181132,358,0.0,99366,1,358,180774,181132,181132,0.9975657307764327,0,99366,219,222,0,0,0.0
15,1778172913.76508,decode,361,180843,0.9959740932071772,181487,360,0.0,99144,0,361,181126,181487,181487,0.9995208565102933,0,99144,0,0,0,0,0.0
16,1778172913.8994868,decode,360,77913,0.42909777831627877,181346,360,0.0,99145,1,360,180986,181346,181346,0.9987443136131825,0,99145,1,1,0,0,0.0
19,1778172914.5404189,decode,361,181133,0.9975712381728662,181274,360,0.0,98937,1,361,180913,181274,181274,0.998347781069977,1,98938,205,0,0,0,0.0
20,1778172914.6238341,decode,360,114922,0.6329210129203521,181133,360,0.0,98937,1,360,180773,181133,181133,0.9975712381728662,2,98939,0,0,0,0,0.0
21,1778172914.9296072,decode,360,181422,0.9991628757421217,181493,360,0.0,98939,0,360,181133,181493,181493,0.9995539008888937,0,98939,132,133,0,0,0.0
23,1778172915.1251123,decode,360,181140,0.9976097899479001,181282,359,0.0,98806,1,360,180922,181282,181282,0.9983918402414442,1,98807,0,0,0,0,0.0
24,1778172915.213121,decode,359,87346,0.48104904887263594,181140,359,0.0,98806,1,359,180781,181140,181140,0.9976097899479001,2,98808,0,0,0,0,0.0
25,1778172915.6168222,decode,359,181346,0.9987443136131825,181499,359,0.0,98808,0,359,181140,181499,181499,0.9995869452674943,0,98808,186,188,0,0,0.0
27,1778172915.8251204,decode,360,126194,0.6950003855177503,181206,360,0.0,98620,1,360,180846,181206,181206,0.9979732781125051,1,98621,0,0,0,0,0.0
28,1778172916.1021194,decode,360,128986,0.7103770363598313,181566,360,0.0,98621,0,360,181206,181566,181566,0.9999559408285327,0,98621,109,110,0,0,0.0
31,1778172916.5557597,decode,361,181206,0.9979732781125051,181347,360,0.0,98406,1,361,180986,181347,181347,0.998749821009616,1,98407,104,0,0,0,0.0
32,1778172916.6428773,decode,360,91209,0.502324121294899,181206,360,0.0,98406,1,360,180846,181206,181206,0.9979732781125051,2,98408,0,0,0,0,0.0
33,1778172917.032195,decode,360,181209,0.9979898003018053,181566,360,0.0,98408,0,360,181206,181566,181566,0.9999559408285327,0,98408,179,180,0,0,0.0
35,1778172917.2833464,decode,361,181429,0.9992014275171556,181570,360,0.0,98228,0,361,181209,181570,181570,0.9999779704142664,0,98228,0,0,0,0,0.0
36,1778172917.3733132,decode,360,93349,0.5141099496623966,181429,359,0.0,98228,1,360,181069,181429,181429,0.9992014275171556,1,98229,0,0,0,0,0.0
37,1778172917.7553904,decode,359,181350,0.9987663431989161,181286,359,0.0,98230,1,359,180927,181286,181286,0.998413869827178,0,98230,174,176,0,0,0.0
39,1778172917.9591937,decode,360,131283,0.7230275259673742,181210,360,0.0,98054,1,360,180850,181210,181210,0.9979953076982387,1,98055,0,0,0,0,0.0
40,1778172918.2202966,decode,360,134095,0.7385143247381233,181570,360,0.0,98055,0,360,181210,181570,181570,0.9999779704142664,0,98055,99,100,0,0,0.0
43,1778172918.706427,decode,361,181315,0.9985735843237468,181456,360,0.0,97861,0,361,181095,181456,181456,0.9993501272208576,0,97861,94,0,0,0,0.0
44,1778172918.7929838,decode,360,91706,0.5050612973223039,181315,359,0.0,97861,1,360,180955,181315,181315,0.9985735843237468,1,97862,0,0,0,0,0.0
45,1778172919.176281,decode,359,181207,0.9979787855089385,181172,359,0.0,97863,1,359,180813,181172,181172,0.9977860266337691,0,97863,177,179,0,0,0.0
47,1778172919.422956,decode,361,180924,0.9964201923182835,181568,360,0.0,97684,0,361,181207,181568,181568,0.9999669556213996,0,97684,0,0,0,0,0.0
48,1778172919.543742,decode,360,98696,0.5435579983918403,181427,360,0.0,97685,1,360,181067,181427,181427,0.9991904127242888,0,97685,1,1,0,0,0.0
51,1778172920.1508713,decode,361,181416,0.9991298313635212,181557,360,0.0,97519,0,361,181196,181557,181557,0.999906374260632,0,97519,164,0,0,0,0.0
52,1778172920.241143,decode,360,90726,0.499664048817562,181416,359,0.0,97519,1,360,181056,181416,181416,0.9991298313635212,1,97520,0,0,0,0,0.0
53,1778172920.631555,decode,359,181227,0.9980889334376067,181273,359,0.0,97521,1,359,180914,181273,181273,0.9983422736735436,0,97521,179,181,0,0,0.0
55,1778172920.8252916,decode,360,181447,0.9993005606529569,181087,360,0.0,97340,1,360,180727,181087,181087,0.9973178979369293,1,97341,0,0,0,0,0.0
56,1778172920.9156551,decode,360,86778,0.47792084769845905,181447,359,0.0,97340,0,360,181087,181447,181447,0.9993005606529569,1,97341,0,0,0,0,0.0
57,1778172921.3230135,decode,359,181279,0.9983753180521441,181304,359,0.0,97342,1,359,180945,181304,181304,0.9985130029629793,0,97342,187,189,0,0,0.0
59,1778172921.5230246,decode,360,137303,0.7561820524965028,181139,360,0.0,97153,1,360,180779,181139,181139,0.9976042825514666,1,97154,0,0,0,0,0.0
60,1778172921.7653835,decode,360,132609,0.730330333638076,181499,360,0.0,97154,0,360,181139,181499,181499,0.9995869452674943,0,97154,87,88,0,0,0.0
63,1778172922.2610226,decode,361,180821,0.9958529304856422,181470,360,467.3261048341367,96969,0,361,181109,181470,181470,0.9994272307709253,0,96969,97,0,0,0,0.0
64,1778172922.3945122,decode,360,88031,0.48482161542952185,181329,360,467.3261048341367,96970,1,360,180969,181329,181329,0.9986506878738145,0,96970,1,1,0,0,0.0
67,1778172922.9893138,decode,361,181251,0.9982211109520085,181392,360,467.3261048341367,96782,1,361,181031,181392,181392,0.9989976538491193,1,96783,185,0,0,0,0.0
68,1778172923.0682917,decode,360,131306,0.7231541960853426,181251,359,467.3261048341367,96782,1,360,180891,181251,181251,0.9982211109520085,2,96784,0,0,0,0,0.0
69,1778172923.3295796,decode,359,135677,0.747227025895778,181108,359,467.3261048341367,96785,1,359,180749,181108,181108,0.9974335532620309,0,96785,99,100,0,0,0.0
72,1778172923.8177605,decode,361,181397,0.9990251908312864,181538,360,467.3261048341367,96594,0,361,181177,181538,181538,0.9998017337283972,0,96594,90,0,0,0,0.0
73,1778172923.906891,decode,360,93820,0.5167039333825327,181397,359,467.3261048341367,96594,1,360,181037,181397,181397,0.9990251908312864,1,96595,0,0,0,0,0.0
74,1778172924.286839,decode,359,181321,0.9986066287023473,181254,359,467.3261048341367,96596,1,359,180895,181254,181254,0.9982376331413088,0,96596,173,175,0,0,0.0
76,1778172924.4855278,decode,360,137345,0.756413363146706,181181,360,467.3261048341367,96421,1,360,180821,181181,181181,0.9978355932016698,1,96422,0,0,0,0,0.0
77,1778172924.7251387,decode,360,133655,0.7360910703074228,181541,360,467.3261048341367,96422,0,360,181181,181541,181541,0.9998182559176975,0,96422,87,88,0,0,0.0
80,1778172925.2367742,decode,361,180867,0.9961062707215791,181516,360,467.3261048341367,96239,0,361,181155,181516,181516,0.9996805710068623,0,96239,95,0,0,0,0.0
81,1778172925.3608155,decode,360,90015,0.4957482899534074,181375,360,467.3261048341367,96240,1,360,181015,181375,181375,0.9989040281097514,0,96240,1,1,0,0,0.0
84,1778172925.9395382,decode,361,181235,0.998132992609074,181376,360,467.3261048341367,96056,1,361,181015,181376,181376,0.9989095355061848,1,96057,181,0,0,0,0.0
85,1778172926.0171835,decode,360,135314,0.7452278409904501,181235,359,467.3261048341367,96056,1,360,180875,181235,181235,0.998132992609074,2,96058,0,0,0,0,0.0
86,1778172926.2762585,decode,359,141769,0.7807780849681122,181092,359,467.3261048341367,96059,1,359,180733,181092,181092,0.9973454349190963,0,96059,91,92,0,0,0.0
89,1778172926.6907878,decode,360,180986,0.9967616508971548,181129,360,467.3261048341367,95888,1,360,180769,181129,181129,0.9975492085871325,1,95889,78,0,0,0,0.0
90,1778172926.817947,decode,360,89627,0.4936114201372443,181489,360,467.3261048341367,95889,0,360,181129,181489,181489,0.9995318713031601,0,95889,1,1,0,0,0.0
93,1778172927.4533799,decode,361,181347,0.998749821009616,181488,360,467.3261048341367,95705,0,361,181127,181488,181488,0.9995263639067268,0,95705,182,0,0,0,0.0
94,1778172927.5435517,decode,360,89706,0.4940465044554837,181347,359,467.3261048341367,95705,1,360,180987,181347,181347,0.998749821009616,1,95706,0,0,0,0,0.0
95,1778172927.9387922,decode,359,181207,0.9979787855089385,181204,359,467.3261048341367,95707,1,359,180845,181204,181204,0.9979622633196382,0,95707,181,183,0,0,0.0
97,1778172928.1865776,decode,361,180924,0.9964201923182835,181568,360,467.3261048341367,95524,0,361,181207,181568,181568,0.9999669556213996,0,95524,0,0,0,0,0.0
98,1778172928.3158863,decode,360,95152,0.5240397854318349,181427,360,467.3261048341367,95525,1,360,181067,181427,181427,0.9991904127242888,0,95525,1,1,0,0,0.0
101,1778172928.9440153,decode,361,181372,0.9988875059204512,181513,360,467.3261048341367,95352,0,361,181152,181513,181513,0.999664048817562,0,95352,171,0,0,0,0.0
102,1778172929.0335608,decode,360,88720,0.4886162115721414,181372,359,467.3261048341367,95352,1,360,181012,181372,181372,0.9988875059204512,1,95353,0,0,0,0,0.0
103,1778172929.4357002,decode,359,181221,0.9980558890590062,181229,359,467.3261048341367,95354,1,359,180870,181229,181229,0.9980999482304735,0,95354,183,185,0,0,0.0
105,1778172929.6293974,decode,360,181441,0.9992675162743565,181081,360,467.3261048341367,95169,1,360,180721,181081,181081,0.9972848535583289,1,95170,0,0,0,0,0.0
106,1778172929.7180667,decode,360,83739,0.46118386993732585,181441,359,467.3261048341367,95169,0,360,181081,181441,181441,0.9992675162743565,1,95170,0,0,0,0,0.0
107,1778172930.1398404,decode,359,181240,0.998160529591241,181298,359,467.3261048341367,95171,1,359,180939,181298,181298,0.9984799585843788,0,95171,193,195,0,0,0.0
109,1778172930.3379745,decode,360,140317,0.7727813453468008,181100,360,467.3261048341367,94976,1,360,180740,181100,181100,0.9973894940905637,1,94977,0,0,0,0,0.0
110,1778172930.58028,decode,360,134129,0.7387015762168593,181460,360,467.3261048341367,94977,0,360,181100,181460,181460,0.9993721568065913,0,94977,81,82,0,0,0.0
113,1778172931.0605962,decode,361,180841,0.9959630784143104,181490,360,467.3261048341367,94801,0,361,181129,181490,181490,0.9995373786995936,0,94801,94,0,0,0,0.0
114,1778172931.185919,decode,360,92564,0.5097866434621697,181349,360,467.3261048341367,94802,1,360,180989,181349,181349,0.9987608358024828,0,94802,1,1,0,0,0.0
117,1778172931.7666857,decode,361,181284,0.998402855034311,181425,360,467.3261048341367,94623,1,361,181064,181425,181425,0.9991793979314219,1,94624,176,0,0,0,0.0
118,1778172931.8456032,decode,360,135871,0.7482954608038596,181284,359,467.3261048341367,94623,1,360,180924,181284,181284,0.998402855034311,2,94625,0,0,0,0,0.0
119,1778172932.0921276,decode,359,131179,0.7224547567382995,181141,359,467.3261048341367,94626,1,359,180782,181141,181141,0.9976152973443334,0,94626,90,91,0,0,0.0
122,1778172932.5899,decode,361,181399,0.9990362056241532,181540,360,467.3261048341367,94435,0,361,181179,181540,181540,0.999812748521264,0,94435,99,0,0,0,0.0
123,1778172932.6779807,decode,360,96332,0.5305385132232588,181399,359,467.3261048341367,94435,1,360,181039,181399,181399,0.9990362056241532,1,94436,0,0,0,0,0.0
124,1778172933.052526,decode,359,181333,0.9986727174595482,181256,359,467.3261048341367,94437,1,359,180897,181256,181256,0.9982486479341756,0,94437,168,170,0,0,0.0
126,1778172933.2508328,decode,360,137362,0.756506988886074,181193,360,467.3261048341367,94267,1,360,180833,181193,181193,0.9979016819588707,1,94268,0,0,0,0,0.0
127,1778172933.4937642,decode,360,140700,0.7748906781807968,181553,360,467.3261048341367,94268,0,360,181193,181553,181553,0.9998843446748984,0,94268,87,88,0,0,0.0
130,1778172933.9609287,decode,361,180912,0.9963541035610826,181561,360,1231.0348361540898,94099,0,361,181200,181561,181561,0.9999284038463657,0,94099,81,0,0,0,0.0
131,1778172934.08822,decode,360,90030,0.49583090089990856,181420,360,1231.0348361540898,94100,1,360,181060,181420,181420,0.9991518609492549,0,94100,1,1,0,0,0.0
134,1778172934.679075,decode,361,181250,0.9982156035555751,181391,360,1231.0348361540898,93916,1,361,181030,181391,181391,0.998992146452686,1,93917,181,0,0,0,0.0
135,1778172934.7569678,decode,360,139861,0.7702699725731658,181250,359,1231.0348361540898,93916,1,360,180890,181250,181250,0.9982156035555751,2,93918,0,0,0,0,0.0
136,1778172934.9919977,decode,359,137253,0.7559066826748323,181107,359,1231.0348361540898,93919,1,359,180748,181107,181107,0.9974280458655975,0,93919,82,83,0,0,0.0
139,1778172935.4153936,decode,360,181473,0.9994437529602256,181113,360,1231.0348361540898,93748,1,360,180753,181113,181113,0.9974610902441979,1,93749,87,0,0,0,0.0
140,1778172935.5025244,decode,360,89832,0.4947404364060934,181473,359,1231.0348361540898,93748,0,360,181113,181473,181473,0.9994437529602256,1,93749,0,0,0,0,0.0
141,1778172935.9245179,decode,359,181333,0.9986727174595482,181330,359,1231.0348361540898,93750,1,359,180971,181330,181330,0.998656195270248,0,93750,181,183,0,0,0.0
143,1778172936.119039,decode,360,131261,0.7229063632458391,181193,360,1231.0348361540898,93567,1,360,180833,181193,181193,0.9979016819588707,1,93568,0,0,0,0,0.0
144,1778172936.3811367,decode,360,129555,0.7135107449304415,181553,360,1231.0348361540898,93568,0,360,181193,181553,181553,0.9998843446748984,0,93568,99,100,0,0,0.0
147,1778172936.8299716,decode,361,180767,0.995555531078238,181416,360,1231.0348361540898,93364,1,361,181055,181416,181416,0.9991298313635212,1,93365,103,0,0,0,0.0
148,1778172936.901839,decode,360,90015,0.4957482899534074,181275,360,1231.0348361540898,93365,1,360,180915,181275,181275,0.9983532884664104,1,93366,1,1,0,0,0.0
151,1778172937.4997222,decode,361,181235,0.998132992609074,181376,360,1231.0348361540898,93182,1,361,181015,181376,181376,0.9989095355061848,1,93183,181,0,0,0,0.0
152,1778172937.5769608,decode,360,136320,0.7507682818024607,181235,359,1231.0348361540898,93182,1,360,180875,181235,181235,0.998132992609074,2,93184,0,0,0,0,0.0
153,1778172937.8216941,decode,359,141775,0.7808111293467126,181092,359,1231.0348361540898,93185,1,359,180733,181092,181092,0.9973454349190963,0,93185,89,90,0,0,0.0
156,1778172938.2342303,decode,360,180992,0.9967946952757554,181135,360,1231.0348361540898,93016,1,360,180775,181135,181135,0.997582252965733,1,93017,78,0,0,0,0.0
157,1778172938.3617413,decode,360,91139,0.5019386035445603,181495,360,1231.0348361540898,93017,0,360,181135,181495,181495,0.9995649156817606,0,93017,1,1,0,0,0.0
160,1778172938.997597,decode,361,181359,0.9988159097668169,181500,360,1231.0348361540898,92836,0,361,181139,181500,181500,0.9995924526639276,0,92836,179,0,0,0,0.0
161,1778172939.0874002,decode,360,84175,0.4635850947822926,181359,359,1231.0348361540898,92836,1,360,180999,181359,181359,0.9988159097668169,1,92837,0,0,0,0,0.0
162,1778172939.502567,decode,359,181176,0.9978080562195027,181216,359,1231.0348361540898,92838,1,359,180857,181216,181216,0.9980283520768392,0,92838,192,194,0,0,0.0
164,1778172939.7449088,decode,361,181396,0.999019683434853,181537,360,1231.0348361540898,92644,0,361,181176,181537,181537,0.9997962263319639,0,92644,0,0,0,0,0.0
165,1778172939.833134,decode,360,90278,0.49719673521539426,181396,359,1231.0348361540898,92644,1,360,181036,181396,181396,0.999019683434853,1,92645,0,0,0,0,0.0
166,1778172940.228877,decode,359,181279,0.9983753180521441,181253,359,1231.0348361540898,92646,1,359,180894,181253,181253,0.9982321257448754,0,92646,180,182,0,0,0.0
168,1778172940.4226828,decode,360,140356,0.7729961338077037,181139,360,1231.0348361540898,92464,1,360,180779,181139,181139,0.9976042825514666,1,92465,0,0,0,0,0.0
169,1778172940.650878,decode,360,139188,0.7665634947734807,181499,360,1231.0348361540898,92465,0,360,181139,181499,181499,0.9995869452674943,0,92465,81,82,0,0,0.0
172,1778172941.121202,decode,361,180900,0.9962880148038816,181549,360,1231.0348361540898,92299,0,361,181188,181549,181549,0.9998623150891648,0,92299,84,0,0,0,0.0
173,1778172941.246312,decode,360,86032,0.47381232995913514,181408,360,1231.0348361540898,92300,1,360,181048,181408,181408,0.999085772192054,0,92300,1,1,0,0,0.0
176,1778172941.838336,decode,361,181252,0.998226618348442,181393,360,1231.0348361540898,92108,1,361,181032,181393,181393,0.9990031612455528,1,92109,189,0,0,0,0.0
177,1778172941.9129407,decode,360,134833,0.7425787833059799,181252,359,1231.0348361540898,92108,1,360,180892,181252,181252,0.998226618348442,2,92110,0,0,0,0,0.0
178,1778172942.1709328,decode,359,132662,0.7306222256490467,181109,359,1231.0348361540898,92111,1,359,180750,181109,181109,0.9974390606584643,0,92111,92,93,0,0,0.0
181,1778172942.657056,decode,361,180879,0.99617235947878,181523,360,1231.0348361540898,91921,0,361,181162,181523,181523,0.9997191227818961,0,91921,96,0,0,0,0.0
182,1778172942.7784545,decode,360,96171,0.5296518223974798,181382,360,1231.0348361540898,91922,1,360,181022,181382,181382,0.9989425798847853,0,91922,1,1,0,0,0.0
185,1778172943.3841581,decode,361,181391,0.998992146452686,181532,360,1231.0348361540898,91751,0,361,181171,181532,181532,0.9997686893497968,0,91751,169,0,0,0,0.0
186,1778172943.4743876,decode,360,83684,0.46088096313348825,181391,359,1231.0348361540898,91751,1,360,181031,181391,181391,0.998992146452686,1,91752,0,0,0,0,0.0
187,1778172943.8982894,decode,359,181185,0.9978576227874035,181248,359,1231.0348361540898,91753,1,359,180889,181248,181248,0.9982045887627083,0,91753,193,195,0,0,0.0
189,1778172944.1361377,decode,361,181405,0.9990692500027537,181546,360,1231.0348361540898,91558,0,361,181185,181546,181546,0.9998457928998645,0,91558,0,0,0,0,0.0
190,1778172944.2251477,decode,360,82209,0.4527575533942084,181405,359,1231.0348361540898,91558,1,360,181045,181405,181405,0.9990692500027537,1,91559,0,0,0,0,0.0
191,1778172944.6488116,decode,359,181210,0.9979953076982387,181262,359,1231.0348361540898,91560,1,359,180903,181262,181262,0.9982816923127761,0,91560,196,198,0,0,0.0
193,1778172944.8952658,decode,361,144346,0.7949706455770099,181571,360,1231.0348361540898,91362,0,361,181210,181571,181571,0.9999834778106997,0,91362,0,0,0,0,0.0
194,1778172945.1121974,decode,360,134158,0.7388612907134281,181430,360,1231.0348361540898,91363,1,360,181070,181430,181430,0.9992069349135889,0,91363,73,74,0,0,0.0
197,1778172945.5870857,decode,361,180870,0.9961227929108794,181519,360,1238.9305662509687,91195,0,361,181158,181519,181519,0.9996970931961624,0,91195,94,0,0,0,0.0
198,1778172945.7095058,decode,360,95083,0.5236597750779297,181378,360,1238.9305662509687,91196,1,360,181018,181378,181378,0.9989205502990516,0,91196,1,1,0,0,0.0
201,1778172946.3173134,decode,361,181303,0.9985074955665458,181444,360,1238.9305662509687,91023,0,361,181083,181444,181444,0.9992840384636567,0,91023,171,0,0,0,0.0
202,1778172946.3956,decode,360,134376,0.7400619031359116,181303,359,1238.9305662509687,91023,1,360,180943,181303,181303,0.9985074955665458,1,91024,0,0,0,0,0.0
203,1778172946.640868,decode,359,129663,0.7141055437452498,181160,359,1238.9305662509687,91025,1,359,180801,181160,181160,0.9977199378765682,0,91025,93,94,0,0,0.0
206,1778172947.1251051,decode,361,180880,0.9961778668752134,181524,360,1238.9305662509687,90828,0,361,181163,181524,181524,0.9997246301783295,0,90828,102,0,0,0,0.0
207,1778172947.243153,decode,360,90595,0.49894257988478524,181383,360,1238.9305662509687,90829,1,360,181023,181383,181383,0.9989480872812186,0,90829,1,1,0,0,0.0
210,1778172947.8592806,decode,361,181315,0.9985735843237468,181456,360,1238.9305662509687,90647,0,361,181095,181456,181456,0.9993501272208576,0,90647,180,0,0,0,0.0
211,1778172947.947167,decode,360,96776,0.5329837972396929,181315,359,1238.9305662509687,90647,1,360,180955,181315,181315,0.9985735843237468,1,90648,0,0,0,0,0.0
212,1778172948.3183608,decode,359,181277,0.9983643032592772,181172,359,1238.9305662509687,90649,1,359,180813,181172,181172,0.9977860266337691,0,90649,167,169,0,0,0.0
214,1778172948.502032,decode,360,181497,0.9995759304746274,181137,360,1238.9305662509687,90480,1,360,180777,181137,181137,0.9975932677585998,1,90481,0,0,0,0,0.0
215,1778172948.5907445,decode,360,87799,0.48354389945697074,181497,359,1238.9305662509687,90480,0,360,181137,181497,181497,0.9995759304746274,1,90481,0,0,0,0,0.0
216,1778172948.9861825,decode,359,181300,0.9984909733772457,181354,359,1238.9305662509687,90482,1,359,180995,181354,181354,0.9987883727846498,0,90482,185,187,0,0,0.0
218,1778172949.1780853,decode,360,134784,0.7423089208807429,181160,360,1238.9305662509687,90295,1,360,180800,181160,181160,0.9977199378765682,1,90296,0,0,0,0,0.0
219,1778172949.4186702,decode,360,135100,0.7440492581537004,181520,360,1238.9305662509687,90296,0,360,181160,181520,181520,0.9997026005925959,0,90296,92,93,0,0,0.0
222,1778172949.879529,decode,361,180812,0.9958033639177415,181461,360,1238.9305662509687,90111,0,361,181100,181461,181461,0.9993776642030247,0,90111,92,0,0,0,0.0
223,1778172949.996994,decode,360,96571,0.5318547809708438,181320,360,1238.9305662509687,90112,1,360,180960,181320,181320,0.9986011213059138,0,90112,1,1,0,0,0.0
226,1778172950.5379696,decode,361,181291,0.9984414068093449,181432,360,1238.9305662509687,89941,1,361,181071,181432,181432,0.9992179497064557,1,89942,168,0,0,0,0.0
227,1778172950.611472,decode,360,136879,0.7538469164087369,181291,359,1238.9305662509687,89941,1,360,180931,181291,181291,0.9984414068093449,2,89943,0,0,0,0,0.0
228,1778172950.8473148,decode,359,134229,0.7392523158602002,181148,359,1238.9305662509687,89944,1,359,180789,181148,181148,0.9976538491193673,0,89944,88,89,0,0,0.0
231,1778172951.2580884,decode,360,180946,0.9965413550398184,181089,360,1238.9305662509687,89761,1,360,180729,181089,181089,0.9973289127297961,1,89762,93,0,0,0,0.0
232,1778172951.379225,decode,360,82067,0.4519755031006642,181449,360,1238.9305662509687,89762,0,360,181089,181449,181449,0.9993115754458237,0,89762,1,1,0,0,0.0
235,1778172951.9675071,decode,361,181287,0.9984193772236113,181428,360,1238.9305662509687,89562,1,361,181067,181428,181428,0.9991959201207221,1,89563,197,0,0,0,0.0
236,1778172952.0518787,decode,360,90702,0.4995318713031601,181287,359,1238.9305662509687,89562,1,360,180927,181287,181287,0.9984193772236113,2,89564,0,0,0,0,0.0
237,1778172952.4326956,decode,359,181203,0.9979567559232049,181144,359,1238.9305662509687,89565,1,359,180785,181144,181144,0.9976318195336337,0,89565,179,181,0,0,0.0
239,1778172952.656269,decode,361,181423,0.999168383138555,181564,360,1238.9305662509687,89384,0,361,181203,181564,181564,0.9999449260356659,0,89384,0,0,0,0,0.0
240,1778172952.7384558,decode,360,95868,0.5279830812781565,181423,359,1238.9305662509687,89384,1,360,181063,181423,181423,0.999168383138555,1,89385,0,0,0,0,0.0
241,1778172953.0985794,decode,359,181369,0.9988709837311509,181280,359,1238.9305662509687,89386,1,359,180921,181280,181280,0.9983808254485774,0,89386,169,171,0,0,0.0
243,1778172953.2896109,decode,360,130292,0.7175696961018648,181229,359,1238.9305662509687,89215,1,360,180869,181229,181229,0.9980999482304735,1,89216,0,0,0,0,0.0
244,1778172953.5490625,decode,359,141132,0.77726987344003,181087,359,1238.9305662509687,89217,1,359,180728,181087,181087,0.9973178979369293,0,89217,100,102,0,0,0.0
247,1778172953.9884334,decode,361,180844,0.9959796006036107,181493,360,1238.9305662509687,89035,0,361,181132,181493,181493,0.9995539008888937,0,89035,80,0,0,0,0.0
248,1778172954.108512,decode,360,85514,0.4709594986066287,181352,360,1238.9305662509687,89036,1,360,180992,181352,181352,0.9987773579917829,0,89036,1,1,0,0,0.0
251,1778172954.688858,decode,361,181234,0.9981274852126406,181375,360,1238.9305662509687,88843,1,361,181014,181375,181375,0.9989040281097514,1,88844,190,0,0,0,0.0
252,1778172954.7618704,decode,360,134815,0.7424796501701786,181234,359,1238.9305662509687,88843,1,360,180874,181234,181234,0.9981274852126406,2,88845,0,0,0,0,0.0
253,1778172955.0009491,decode,359,136700,0.7528610924471565,181091,359,1238.9305662509687,88846,1,359,180732,181091,181091,0.997339927522663,0,88846,92,93,0,0,0.0
256,1778172955.4541771,decode,361,181420,0.9991518609492549,181561,360,1238.9305662509687,88664,0,361,181200,181561,181561,0.9999284038463657,0,88664,88,0,0,0,0.0
257,1778172955.5392647,decode,360,90332,0.4974941346227984,181420,359,1238.9305662509687,88664,1,360,181060,181420,181420,0.9991518609492549,1,88665,0,0,0,0,0.0
258,1778172955.921626,decode,359,181333,0.9986727174595482,181277,359,1238.9305662509687,88666,1,359,180918,181277,181277,0.9983643032592772,0,88666,180,182,0,0,0.0
260,1778172956.1081023,decode,360,131266,0.7229339002280062,181193,360,1238.9305662509687,88484,1,360,180833,181193,181193,0.9979016819588707,1,88485,0,0,0,0,0.0
261,1778172956.3551998,decode,360,145122,0.7992443852093362,181553,360,1238.9305662509687,88485,0,360,181193,181553,181553,0.9998843446748984,0,88485,99,100,0,0,0.0
264,1778172956.7743742,decode,361,180834,0.9959245266392766,181483,360,1287.3549456123735,88313,0,361,181122,181483,181483,0.9994988269245597,0,88313,72,0,0,0,0.0
265,1778172956.889965,decode,360,99108,0.5458270457224051,181342,360,1287.3549456123735,88314,1,360,180982,181342,181342,0.9987222840274489,0,88314,1,1,0,0,0.0
268,1778172957.4557543,decode,361,181328,0.9986451804773812,181469,360,1287.3549456123735,88149,0,361,181108,181469,181469,0.999421723374492,0,88149,163,0,0,0,0.0
269,1778172957.5254707,decode,360,143460,0.7900910923370086,181328,359,1287.3549456123735,88149,1,360,180968,181328,181328,0.9986451804773812,1,88150,0,0,0,0,0.0
270,1778172957.7396731,decode,359,126705,0.6978146650952228,181185,359,1287.3549456123735,88151,1,359,180826,181185,181185,0.9978576227874035,0,88151,75,76,0,0,0.0
273,1778172958.2133553,decode,361,181425,0.9991793979314219,181566,360,1287.3549456123735,87966,0,361,181205,181566,181566,0.9999559408285327,0,87966,108,0,0,0,0.0
274,1778172958.2952602,decode,360,90805,0.5000991331358013,181425,359,1287.3549456123735,87966,1,360,181065,181425,181425,0.9991793979314219,1,87967,0,0,0,0,0.0
275,1778172958.6717222,decode,359,181306,0.9985240177558461,181282,359,1287.3549456123735,87968,1,359,180923,181282,181282,0.9983918402414442,0,87968,179,181,0,0,0.0
277,1778172958.8561535,decode,360,136822,0.7535329948120325,181166,360,1287.3549456123735,87787,1,360,180806,181166,181166,0.9977529822551687,1,87788,0,0,0,0,0.0
278,1778172959.086013,decode,360,131122,0.7221408351415952,181526,360,1287.3549456123735,87788,0,360,181166,181526,181526,0.9997356449711963,0,87788,88,89,0,0,0.0
281,1778172959.5500927,decode,361,180834,0.9959245266392766,181483,360,1287.3549456123735,87599,0,361,181122,181483,181483,0.9994988269245597,0,87599,100,0,0,0,0.0
282,1778172959.6678014,decode,360,82989,0.4570533226122683,181342,360,1287.3549456123735,87600,1,360,180982,181342,181342,0.9987222840274489,0,87600,1,1,0,0,0.0
285,1778172960.2546306,decode,361,181209,0.9979898003018053,181350,360,1287.3549456123735,87402,1,361,180989,181350,181350,0.9987663431989161,1,87403,195,0,0,0,0.0
286,1778172960.3249683,decode,360,130258,0.7173824446231288,181209,360,1287.3549456123735,87402,1,360,180849,181209,181209,0.9979898003018053,2,87404,0,0,0,0,0.0
287,1778172960.577832,decode,360,141205,0.7776719133796689,181569,360,1287.3549456123735,87404,0,360,181209,181569,181569,0.9999724630178329,0,87404,102,102,0,0,0.0
290,1778172961.0110595,decode,361,181425,0.9991793979314219,181566,360,1287.3549456123735,87222,0,361,181205,181566,181566,0.9999559408285327,0,87222,79,0,0,0,0.0
291,1778172961.094447,decode,360,93340,0.5140603830944959,181425,359,1287.3549456123735,87222,1,360,181065,181425,181425,0.9991793979314219,1,87223,0,0,0,0,0.0
292,1778172961.4621453,decode,359,181341,0.9987167766310154,181282,359,1287.3549456123735,87224,1,359,180923,181282,181282,0.9983918402414442,0,87224,174,176,0,0,0.0
294,1778172961.6465473,decode,360,133301,0.7341414519699957,181201,360,1287.3549456123735,87048,1,360,180841,181201,181201,0.9979457411303381,1,87049,0,0,0,0,0.0
295,1778172961.8926663,decode,360,137125,0.7552017359313558,181561,360,1287.3549456123735,87049,0,360,181201,181561,181561,0.9999284038463657,0,87049,95,96,0,0,0.0
298,1778172962.3315175,decode,361,181345,0.998738806216749,181486,360,1287.3549456123735,86865,0,361,181125,181486,181486,0.9995153491138599,0,86865,88,0,0,0,0.0
299,1778172962.4151492,decode,360,84176,0.46359060217872605,181345,359,1287.3549456123735,86865,1,360,180985,181345,181345,0.998738806216749,1,86866,0,0,0,0,0.0
300,1778172962.8198102,decode,359,181177,0.9978135636159362,181202,359,1287.3549456123735,86867,1,359,180843,181202,181202,0.9979512485267714,0,86867,192,194,0,0,0.0
302,1778172963.035981,decode,361,180889,0.9962274334431142,181538,360,1287.3549456123735,86673,0,361,181177,181538,181538,0.9998017337283972,0,86673,0,0,0,0,0.0
303,1778172963.1484783,decode,360,86583,0.4768469053939441,181397,360,1287.3549456123735,86674,1,360,181037,181397,181397,0.9990251908312864,0,86674,1,1,0,0,0.0
306,1778172963.7503493,decode,361,181303,0.9985074955665458,181444,360,1287.3549456123735,86484,0,361,181083,181444,181444,0.9992840384636567,0,86484,188,0,0,0,0.0
307,1778172963.8304439,decode,360,97262,0.5356603919063302,181303,359,1287.3549456123735,86484,1,360,180943,181303,181303,0.9985074955665458,1,86485,0,0,0,0,0.0
308,1778172964.1847427,decode,359,181263,0.9982871997092094,181160,359,1287.3549456123735,86486,1,359,180801,181160,181160,0.9977199378765682,0,86486,166,168,0,0,0.0
310,1778172964.3599763,decode,360,180975,0.9967010695363874,181123,360,1287.3549456123735,86318,1,360,180763,181123,181123,0.9975161642085321,1,86319,0,0,0,0,0.0
311,1778172964.474028,decode,360,94681,0.5214458017116989,181483,360,1287.3549456123735,86319,0,360,181123,181483,181483,0.9994988269245597,0,86319,1,1,0,0,0.0
314,1778172965.0666575,decode,361,181401,0.9990472204170201,181542,360,1287.3549456123735,86145,0,361,181181,181542,181542,0.9998237633141309,0,86145,172,0,0,0,0.0
315,1778172965.151078,decode,360,82663,0.4552579113749766,181401,359,1287.3549456123735,86145,1,360,181041,181401,181401,0.9990472204170201,1,86146,0,0,0,0,0.0
316,1778172965.5632243,decode,359,181164,0.9977419674623019,181258,359,1287.3549456123735,86147,1,359,180899,181258,181258,0.9982596627270424,0,86147,195,197,0,0,0.0
318,1778172965.7855918,decode,361,180373,0.9933856168834745,181525,360,1287.3549456123735,85950,0,361,181164,181525,181525,0.9997301375747629,0,85950,0,0,0,0,0.0
319,1778172965.9026494,decode,360,83565,0.4602255829579125,181384,360,1287.3549456123735,85951,1,360,181024,181384,181384,0.9989535946776521,0,85951,2,2,0,0,0.0
322,1778172966.4836314,decode,361,181285,0.9984083624307445,181426,360,1287.3549456123735,85753,1,361,181065,181426,181426,0.9991849053278553,1,85754,194,0,0,0,0.0
323,1778172966.5653107,decode,360,95740,0.5272781345346801,181285,359,1287.3549456123735,85753,1,360,180925,181285,181285,0.9984083624307445,2,85755,0,0,0,0,0.0
324,1778172966.9242074,decode,359,181241,0.9981660369876745,181142,359,1287.3549456123735,85756,1,359,180783,181142,181142,0.9976208047407669,0,85756,169,171,0,0,0.0
326,1778172967.0962243,decode,360,180958,0.9966074437970194,181101,360,1287.3549456123735,85585,1,360,180741,181101,181101,0.997395001486997,1,85586,0,0,0,0,0.0
327,1778172967.209234,decode,360,95191,0.524254573892738,181461,360,1287.3549456123735,85586,0,360,181101,181461,181461,0.9993776642030247,0,85586,1,1,0,0,0.0
330,1778172967.7803133,decode,361,181411,0.9991022943813541,181552,360,1308.8386402835235,85413,0,361,181191,181552,181552,0.9998788372784649,0,85413,171,0,0,0,0.0
331,1778172967.8632975,decode,360,85676,0.47185169682884115,181411,359,1308.8386402835235,85413,1,360,181051,181411,181411,0.9991022943813541,1,85414,0,0,0,0,0.0
332,1778172968.2576544,decode,359,181177,0.9978135636159362,181268,359,1308.8386402835235,85415,1,359,180909,181268,181268,0.9983147366913765,0,85415,189,191,0,0,0.0
334,1778172968.4709466,decode,361,181397,0.9990251908312864,181538,360,1308.8386402835235,85224,0,361,181177,181538,181538,0.9998017337283972,0,85224,0,0,0,0,0.0
335,1778172968.5506945,decode,360,89293,0.49177194972848537,181397,359,1308.8386402835235,85224,1,360,181037,181397,181397,0.9990251908312864,1,85225,0,0,0,0,0.0
336,1778172968.9284692,decode,359,181294,0.9984579289986452,181254,359,1308.8386402835235,85226,1,359,180895,181254,181254,0.9982376331413088,0,85226,182,184,0,0,0.0
338,1778172969.1048157,decode,360,136815,0.7534944430369986,181154,360,1308.8386402835235,85042,1,360,180794,181154,181154,0.9976868934979678,1,85043,0,0,0,0,0.0
339,1778172969.3318183,decode,360,133625,0.7359258484144205,181514,360,1308.8386402835235,85043,0,360,181154,181514,181514,0.9996695562139954,0,85043,88,89,0,0,0.0
342,1778172969.7805731,decode,361,180837,0.9959410488285768,181486,360,1308.8386402835235,84859,0,361,181125,181486,181486,0.9995153491138599,0,84859,95,0,0,0,0.0
343,1778172969.8933063,decode,360,85512,0.47094848381376186,181345,360,1308.8386402835235,84860,1,360,180985,181345,181345,0.998738806216749,0,84860,1,1,0,0,0.0
346,1778172970.4600034,decode,361,181232,0.9981164704197738,181373,360,1308.8386402835235,84667,1,361,181012,181373,181373,0.9988930133168846,1,84668,190,0,0,0,0.0
347,1778172970.5319283,decode,360,135819,0.7480090761893222,181232,359,1308.8386402835235,84667,1,360,180872,181232,181232,0.9981164704197738,2,84669,0,0,0,0,0.0
348,1778172970.7625432,decode,359,137211,0.7556753720246291,181089,359,1308.8386402835235,84670,1,359,180730,181089,181089,0.9973289127297961,0,84670,90,91,0,0,0.0
351,1778172971.1949387,decode,361,181431,0.9992124423100224,181572,360,1308.8386402835235,84491,0,361,181211,181572,181572,0.9999889852071332,0,84491,87,0,0,0,0.0
352,1778172971.2754347,decode,360,93356,0.5141485014374305,181431,359,1308.8386402835235,84491,1,360,181071,181431,181431,0.9992124423100224,1,84492,0,0,0,0,0.0
353,1778172971.6385431,decode,359,181357,0.99880489497395,181288,359,1308.8386402835235,84493,1,359,180929,181288,181288,0.9984248846200448,0,84493,174,176,0,0,0.0
355,1778172971.8206422,decode,360,130275,0.7174760703624968,181217,359,1308.8386402835235,84317,1,360,180857,181217,181217,0.9980338594732726,1,84318,0,0,0,0,0.0
356,1778172972.0675712,decode,359,137099,0.7550585436240872,181075,359,1308.8386402835235,84319,1,359,180716,181075,181075,0.9972518091797283,0,84319,100,102,0,0,0.0
359,1778172972.4987192,decode,361,180811,0.9957978565213081,181460,360,1308.8386402835235,84129,0,361,181099,181460,181460,0.9993721568065913,0,84129,88,0,0,0,0.0
360,1778172972.6122649,decode,360,87017,0.479237115446044,181319,360,1308.8386402835235,84130,1,360,180959,181319,181319,0.9985956139094805,0,84130,1,1,0,0,0.0
363,1778172973.1693082,decode,361,181237,0.9981440074019408,181378,360,1308.8386402835235,83940,1,361,181017,181378,181378,0.9989205502990516,1,83941,187,0,0,0,0.0
364,1778172973.239909,decode,360,135316,0.745238855783317,181237,359,1308.8386402835235,83940,1,360,180877,181237,181237,0.9981440074019408,2,83942,0,0,0,0,0.0
365,1778172973.4708426,decode,359,138222,0.7612433498188067,181094,359,1308.8386402835235,83943,1,359,180735,181094,181094,0.9973564497119631,0,83943,91,92,0,0,0.0
368,1778172973.8458624,decode,360,180939,0.9965028032647846,181082,360,1308.8386402835235,83765,1,360,180722,181082,181082,0.9972903609547622,1,83766,85,0,0,0,0.0
369,1778172973.954001,decode,360,89645,0.4937105532730457,181442,360,1308.8386402835235,83766,0,360,181082,181442,181442,0.9992730236707899,0,83766,1,1,0,0,0.0
372,1778172974.534587,decode,361,181365,0.9988489541454173,181506,360,1308.8386402835235,83582,0,361,181145,181506,181506,0.9996254970425281,0,83582,182,0,0,0,0.0
373,1778172974.6134856,decode,360,81646,0.44965688920219854,181365,359,1308.8386402835235,83582,1,360,181005,181365,181365,0.9988489541454173,1,83583,0,0,0,0,0.0
374,1778172975.0193825,decode,359,181147,0.9976483417229339,181222,359,1308.8386402835235,83584,1,359,180863,181222,181222,0.9980613964554397,0,83584,197,199,0,0,0.0
376,1778172975.2309322,decode,361,181367,0.9988599689382841,181508,360,1308.8386402835235,83385,0,361,181147,181508,181508,0.9996365118353949,0,83385,0,0,0,0,0.0
377,1778172975.3102286,decode,360,95817,0.5277022040600526,181367,359,1308.8386402835235,83385,1,360,181007,181367,181367,0.9988599689382841,1,83386,0,0,0,0,0.0
378,1778172975.6655695,decode,359,181318,0.998590106513047,181224,359,1308.8386402835235,83387,1,359,180865,181224,181224,0.9980724112483065,0,83387,169,171,0,0,0.0
380,1778172975.8426337,decode,360,139379,0.7676154074922621,181178,360,1308.8386402835235,83216,1,360,180818,181178,181178,0.9978190710123697,1,83217,0,0,0,0,0.0
381,1778172976.0596766,decode,360,139211,0.7666901648914493,181538,360,1308.8386402835235,83217,0,360,181178,181538,181538,0.9998017337283972,0,83217,83,84,0,0,0.0
384,1778172976.478749,decode,361,180923,0.99641468492185,181572,360,1308.8386402835235,83049,0,361,181211,181572,181572,0.9999889852071332,0,83049,84,0,0,0,0.0
385,1778172976.5896726,decode,360,84002,0.4626323151993127,181431,360,1308.8386402835235,83050,1,360,181071,181431,181431,0.9992124423100224,0,83050,1,1,0,0,0.0
388,1778172977.155422,decode,361,181222,0.9980613964554397,181363,360,1308.8386402835235,82854,1,361,181002,181363,181363,0.9988379393525505,1,82855,193,0,0,0,0.0
389,1778172977.228959,decode,360,128767,0.7091709165409145,181222,359,1308.8386402835235,82854,1,360,180862,181222,181222,0.9980613964554397,2,82856,0,0,0,0,0.0
390,1778172977.4792247,decode,359,138173,0.7609734873935695,181079,359,1308.8386402835235,82857,1,359,180720,181079,181079,0.997273838765462,0,82857,104,105,0,0,0.0
393,1778172977.9013326,decode,361,180890,0.9962329408395475,181534,360,1308.8386402835235,82666,0,361,181173,181534,181534,0.9997797041426636,0,82666,85,0,0,0,0.0
394,1778172978.0118089,decode,360,96147,0.529519644883078,181393,360,1308.8386402835235,82667,1,360,181033,181393,181393,0.9990031612455528,0,82667,1,1,0,0,0.0
397,1778172978.5688655,decode,361,181367,0.9988599689382841,181508,360,1335.02671636654,82496,0,361,181147,181508,181508,0.9996365118353949,0,82496,169,0,0,0,0.0
398,1778172978.6476507,decode,360,92251,0.5080628283785124,181367,359,1335.02671636654,82496,1,360,181007,181367,181367,0.9988599689382841,1,82497,0,0,0,0,0.0
399,1778172979.0195265,decode,359,181252,0.998226618348442,181224,359,1335.02671636654,82498,1,359,180865,181224,181224,0.9980724112483065,0,82498,176,178,0,0,0.0
401,1778172979.1857505,decode,360,181472,0.9994382455637921,181112,360,1335.02671636654,82320,1,360,180752,181112,181112,0.9974555828477646,1,82321,0,0,0,0,0.0
402,1778172979.2670224,decode,360,81230,0.44736581228589994,181472,359,1335.02671636654,82320,0,360,181112,181472,181472,0.9994382455637921,1,82321,0,0,0,0,0.0
403,1778172979.6721845,decode,359,181231,0.9981109630233403,181329,359,1335.02671636654,82322,1,359,180970,181329,181329,0.9986506878738145,0,82322,198,200,0,0,0.0
405,1778172979.843568,decode,360,139795,0.7699064844085607,181091,360,1335.02671636654,82122,1,360,180731,181091,181091,0.997339927522663,1,82123,0,0,0,0,0.0
406,1778172980.0591025,decode,360,125071,0.6888155793230308,181451,360,1335.02671636654,82123,0,360,181091,181451,181451,0.9993225902386905,0,82123,82,83,0,0,0.0
409,1778172980.4780283,decode,361,180783,0.9956436494211727,181432,360,1335.02671636654,81927,1,361,181071,181432,181432,0.9992179497064557,1,81928,112,0,0,0,0.0
410,1778172980.5404131,decode,360,95553,0.5262482514016323,181291,360,1335.02671636654,81928,1,360,180931,181291,181291,0.9984414068093449,1,81929,1,1,0,0,0.0
413,1778172981.063946,decode,361,181273,0.9983422736735436,181414,360,1335.02671636654,81756,1,361,181053,181414,181414,0.9991188165706544,1,81757,170,0,0,0,0.0
414,1778172981.1344678,decode,360,138873,0.7648286648969567,181273,359,1335.02671636654,81756,1,360,180913,181273,181273,0.9983422736735436,2,81758,0,0,0,0,0.0
415,1778172981.356155,decode,359,137772,0.7587650214237721,181130,359,1335.02671636654,81759,1,359,180771,181130,181130,0.9975547159835659,0,81759,84,85,0,0,0.0
418,1778172981.7349823,decode,360,181492,0.9995483934924604,181132,360,1335.02671636654,81587,1,360,180772,181132,181132,0.9975657307764327,1,81588,86,0,0,0,0.0
419,1778172981.817032,decode,360,85772,0.4723804068864485,181492,359,1335.02671636654,81587,0,360,181132,181492,181492,0.9995483934924604,1,81588,0,0,0,0,0.0
420,1778172982.2148042,decode,359,181273,0.9983422736735436,181349,359,1335.02671636654,81589,1,359,180990,181349,181349,0.9987608358024828,0,81589,189,191,0,0,0.0
422,1778172982.388007,decode,360,136794,0.753378787711897,181133,360,1335.02671636654,81398,1,360,180773,181133,181133,0.9975712381728662,1,81399,0,0,0,0,0.0
423,1778172982.610716,decode,360,129588,0.7136924890127441,181493,360,1335.02671636654,81399,0,360,181133,181493,181493,0.9995539008888937,0,81399,88,89,0,0,0.0
426,1778172983.0537553,decode,361,180800,0.9957372751605406,181449,360,1335.02671636654,81207,0,361,181088,181449,181449,0.9993115754458237,0,81207,103,0,0,0,0.0
427,1778172983.162111,decode,360,87518,0.4819963210591825,181308,360,1335.02671636654,81208,1,360,180948,181308,181308,0.9985350325487129,0,81208,1,1,0,0,0.0
430,1778172983.7082736,decode,361,181238,0.9981495147983742,181379,360,1335.02671636654,81019,1,361,181018,181379,181379,0.998926057695485,1,81020,186,0,0,0,0.0
431,1778172983.7765281,decode,360,131298,0.7231101369138754,181238,359,1335.02671636654,81019,1,360,180878,181238,181238,0.9981495147983742,2,81021,0,0,0,0,0.0
432,1778172984.015612,decode,359,137697,0.7583519666912664,181095,359,1335.02671636654,81022,1,359,180736,181095,181095,0.9973619571083966,0,81022,99,100,0,0,0.0
435,1778172984.4355125,decode,361,180914,0.9963651183539494,181558,360,1335.02671636654,80835,0,361,181197,181558,181558,0.9999118816570655,0,80835,86,0,0,0,0.0
436,1778172984.5422745,decode,360,87607,0.482486479341756,181417,360,1335.02671636654,80836,1,360,181057,181417,181417,0.9991353387599546,0,80836,1,1,0,0,0.0
439,1778172985.1267047,decode,361,181327,0.9986396730809477,181468,360,1335.02671636654,80648,0,361,181107,181468,181468,0.9994162159780585,0,80648,186,0,0,0,0.0
440,1778172985.203731,decode,360,94233,0.5189784881095311,181327,359,1335.02671636654,80648,1,360,180967,181327,181327,0.9986396730809477,1,80649,0,0,0,0,0.0
441,1778172985.5584824,decode,359,181234,0.9981274852126406,181184,359,1335.02671636654,80650,1,359,180825,181184,181184,0.9978521153909701,0,80650,172,174,0,0,0.0
443,1778172985.7183697,decode,360,181454,0.9993391124279908,181094,360,1335.02671636654,80476,1,360,180734,181094,181094,0.9973564497119631,1,80477,0,0,0,0,0.0
444,1778172985.796065,decode,360,90844,0.5003139215967044,181454,359,1335.02671636654,80476,0,360,181094,181454,181454,0.9993391124279908,1,80477,0,0,0,0,0.0
445,1778172986.1620777,decode,359,181345,0.998738806216749,181311,359,1335.02671636654,80478,1,359,180952,181311,181311,0.9985515547380132,0,80478,179,181,0,0,0.0
447,1778172986.3320327,decode,360,129754,0.7146067168206902,181205,360,1335.02671636654,80297,1,360,180845,181205,181205,0.9979677707160717,1,80298,0,0,0,0,0.0
448,1778172986.5757518,decode,360,136576,0.7521781752894137,181565,360,1335.02671636654,80298,0,360,181205,181565,181565,0.9999504334320993,0,80298,102,103,0,0,0.0
451,1778172986.999384,decode,361,180788,0.9956711864033397,181437,360,1335.02671636654,80106,0,361,181076,181437,181437,0.9992454866886228,0,80106,89,0,0,0,0.0
452,1778172987.1051233,decode,360,97064,0.534569927412515,181296,360,1335.02671636654,80107,1,360,180936,181296,181296,0.998468943791512,0,80107,1,1,0,0,0.0
455,1778172987.6144645,decode,361,181284,0.998402855034311,181425,360,1335.02671636654,79937,1,361,181064,181425,181425,0.9991793979314219,1,79938,167,0,0,0,0.0
456,1778172987.6812031,decode,360,140901,0.7759976648639122,181284,359,1335.02671636654,79937,1,360,180924,181284,181284,0.998402855034311,2,79939,0,0,0,0,0.0
457,1778172987.8902419,decode,359,135772,0.747750228556952,181141,359,1335.02671636654,79940,1,359,180782,181141,181141,0.9976152973443334,0,79940,80,81,0,0,0.0
460,1778172988.2646484,decode,360,180989,0.9967781730864551,181132,360,1335.02671636654,79768,1,360,180772,181132,181132,0.9975657307764327,1,79769,90,0,0,0,0.0
461,1778172988.3700557,decode,360,88109,0.48525119235132785,181492,360,1335.02671636654,79769,0,360,181132,181492,181492,0.9995483934924604,0,79769,1,1,0,0,0.0
464,1778172988.9497721,decode,361,181329,0.9986506878738145,181470,360,1387.2579979985694,79582,0,361,181109,181470,181470,0.9994272307709253,0,79582,185,0,0,0,0.0
465,1778172989.0278528,decode,360,92223,0.5079086212783769,181329,359,1387.2579979985694,79582,1,360,180969,181329,181329,0.9986506878738145,1,79583,0,0,0,0,0.0
466,1778172989.3887088,decode,359,181224,0.9980724112483065,181186,359,1387.2579979985694,79584,1,359,180827,181186,181186,0.9978631301838369,0,79584,176,178,0,0,0.0
468,1778172989.5478864,decode,360,180941,0.9965138180576514,181084,360,1387.2579979985694,79406,1,360,180724,181084,181084,0.9973013757476291,1,79407,0,0,0,0,0.0
469,1778172989.6510088,decode,360,97172,0.5351647262273233,181444,360,1387.2579979985694,79407,0,360,181084,181444,181444,0.9992840384636567,0,79407,1,1,0,0,0.0
472,1778172990.1955469,decode,361,181392,0.9989976538491193,181533,360,1387.2579979985694,79238,0,361,181172,181533,181533,0.9997741967462301,0,79238,167,0,0,0,0.0
473,1778172990.2746835,decode,360,89726,0.4941566523841519,181392,359,1387.2579979985694,79238,1,360,181032,181392,181392,0.9989976538491193,1,79239,0,0,0,0,0.0
474,1778172990.6455724,decode,359,181227,0.9980889334376067,181249,359,1387.2579979985694,79240,1,359,180890,181249,181249,0.9982100961591417,0,79240,181,183,0,0,0.0
476,1778172990.810186,decode,360,180944,0.9965303402469516,181087,360,1387.2579979985694,79057,1,360,180727,181087,181087,0.9973178979369293,1,79058,0,0,0,0,0.0
477,1778172990.9147289,decode,360,94620,0.5211098505292608,181447,360,1387.2579979985694,79058,0,360,181087,181447,181447,0.9993005606529569,0,79058,1,1,0,0,0.0
480,1778172991.4607232,decode,361,181340,0.9987112692345821,181481,360,1387.2579979985694,78884,0,361,181120,181481,181481,0.9994878121316929,0,78884,172,0,0,0,0.0
481,1778172991.5343606,decode,360,98798,0.544119752828048,181340,359,1387.2579979985694,78884,1,360,180980,181340,181340,0.9987112692345821,1,78885,0,0,0,0,0.0
482,1778172991.8708878,decode,359,181299,0.9984854659808122,181197,359,1387.2579979985694,78886,1,359,180838,181197,181197,0.9979237115446044,0,78886,163,165,0,0,0.0
484,1778172992.0280228,decode,360,181519,0.9996970931961624,181159,360,1387.2579979985694,78721,1,360,180799,181159,181159,0.9977144304801349,1,78722,0,0,0,0,0.0
485,1778172992.106192,decode,360,86790,0.4779869364556599,181519,359,1387.2579979985694,78721,0,360,181159,181519,181519,0.9996970931961624,1,78722,0,0,0,0,0.0
486,1778172992.4889994,decode,359,181291,0.9984414068093449,181376,359,1387.2579979985694,78723,1,359,181017,181376,181376,0.9989095355061848,0,78723,187,189,0,0,0.0
488,1778172992.655074,decode,360,134780,0.7422868912950092,181151,360,1387.2579979985694,78534,1,360,180791,181151,181151,0.9976703713086675,1,78535,0,0,0,0,0.0
489,1778172992.8799026,decode,360,134594,0.741262515558395,181511,360,1387.2579979985694,78535,0,360,181151,181511,181511,0.9996530340246952,0,78535,92,93,0,0,0.0
492,1778172993.2938864,decode,361,180806,0.9957703195391411,181455,360,1387.2579979985694,78349,0,361,181094,181455,181455,0.9993446198244242,0,78349,93,0,0,0,0.0
493,1778172993.3968391,decode,360,93056,0.5124962825074074,181314,360,1387.2579979985694,78350,1,360,180954,181314,181314,0.9985680769273134,0,78350,1,1,0,0,0.0
496,1778172993.9150825,decode,361,181276,0.9983587958628438,181417,360,1387.2579979985694,78172,1,361,181056,181417,181417,0.9991353387599546,1,78173,175,0,0,0,0.0
497,1778172993.9848592,decode,360,140893,0.775953605692445,181276,359,1387.2579979985694,78172,1,360,180916,181276,181276,0.9983587958628438,2,78174,0,0,0,0,0.0
498,1778172994.1949508,decode,359,133736,0.7365371694185291,181133,359,1387.2579979985694,78175,1,359,180774,181133,181133,0.9975712381728662,0,78175,80,81,0,0,0.0
501,1778172994.571855,decode,360,180953,0.9965799068148523,181096,360,1387.2579979985694,77999,1,360,180736,181096,181096,0.9973674645048299,1,78000,94,0,0,0,0.0
502,1778172994.6743376,decode,360,88635,0.48814808287530154,181456,360,1387.2579979985694,78000,0,360,181096,181456,181456,0.9993501272208576,0,78000,1,1,0,0,0.0
505,1778172995.2407923,decode,361,181355,0.9987938801810832,181496,360,1387.2579979985694,77814,0,361,181135,181496,181496,0.999570423078194,0,77814,184,0,0,0,0.0
506,1778172995.3163273,decode,360,92712,0.5106017381343144,181355,359,1387.2579979985694,77814,1,360,180995,181355,181355,0.9987938801810832,1,77815,0,0,0,0,0.0
507,1778172995.6716428,decode,359,181213,0.998011829887539,181212,359,1387.2579979985694,77816,1,359,180853,181212,181212,0.9980063224911055,0,77816,175,177,0,0,0.0
509,1778172995.8677757,decode,361,180930,0.9964532366968839,181574,360,1387.2579979985694,77639,0,361,181213,181574,181574,1.0,0,77639,0,0,0,0,0.0
510,1778172995.9673057,decode,360,97196,0.5352969037417251,181433,360,1387.2579979985694,77640,1,360,181073,181433,181433,0.9992234571028892,0,77640,1,1,0,0,0.0
513,1778172996.4998724,decode,361,181416,0.9991298313635212,181557,360,1387.2579979985694,77471,0,361,181196,181557,181557,0.999906374260632,0,77471,167,0,0,0,0.0
514,1778172996.5772777,decode,360,80656,0.4442045667331226,181416,359,1387.2579979985694,77471,1,360,181056,181416,181416,0.9991298313635212,1,77472,0,0,0,0,0.0
515,1778172996.9803236,decode,359,181157,0.997703415687268,181273,359,1387.2579979985694,77473,1,359,180914,181273,181273,0.9983422736735436,0,77473,199,201,0,0,0.0
517,1778172997.2029293,decode,361,180874,0.996144822496613,181518,360,1387.2579979985694,77272,0,361,181157,181518,181518,0.999691585799729,0,77272,0,0,0,0,0.0
518,1778172997.3074374,decode,360,84550,0.4656503684448214,181377,360,1387.2579979985694,77273,1,360,181017,181377,181377,0.9989150429026182,0,77273,1,1,0,0,0.0
521,1778172997.8542898,decode,361,181270,0.9983257514842433,181411,360,1387.2579979985694,77078,1,361,181050,181411,181411,0.9991022943813541,1,77079,192,0,0,0,0.0
522,1778172997.9295728,decode,360,97269,0.5356989436813641,181270,359,1387.2579979985694,77078,1,360,180910,181270,181270,0.9983257514842433,2,77080,0,0,0,0,0.0
523,1778172998.2697241,decode,359,181270,0.9983257514842433,181127,359,1387.2579979985694,77081,1,359,180768,181127,181127,0.9975381937942657,0,77081,166,168,0,0,0.0
525,1778172998.4238544,decode,360,180987,0.9967671582935883,181130,360,1387.2579979985694,76913,1,360,180770,181130,181130,0.9975547159835659,1,76914,0,0,0,0,0.0
526,1778172998.5220182,decode,360,97680,0.5379624836154956,181490,360,1387.2579979985694,76914,0,360,181130,181490,181490,0.9995373786995936,0,76914,1,1,0,0,0.0
529,1778172999.0529633,decode,361,181400,0.9990417130205866,181541,360,1425.4907807917095,76746,0,361,181180,181541,181541,0.9998182559176975,0,76746,166,0,0,0,0.0
530,1778172999.129643,decode,360,89724,0.4941456375912851,181400,359,1425.4907807917095,76746,1,360,181040,181400,181400,0.9990417130205866,1,76747,0,0,0,0,0.0
531,1778172999.5056248,decode,359,181225,0.9980779186447399,181257,359,1425.4907807917095,76748,1,359,180898,181257,181257,0.998254155330609,0,76748,181,183,0,0,0.0
533,1778172999.6622608,decode,360,181445,0.9992895458600901,181085,360,1425.4907807917095,76565,1,360,180725,181085,181085,0.9973068831440625,1,76566,0,0,0,0,0.0
534,1778172999.7397475,decode,360,87772,0.48339519975326867,181445,359,1425.4907807917095,76565,0,360,181085,181445,181445,0.9992895458600901,1,76566,0,0,0,0,0.0
535,1778173000.1162882,decode,359,181273,0.9983422736735436,181302,359,1425.4907807917095,76567,1,359,180943,181302,181302,0.9985019881701125,0,76567,185,187,0,0,0.0
537,1778173000.2784002,decode,360,139329,0.7673400376705916,181133,360,1425.4907807917095,76380,1,360,180773,181133,181133,0.9975712381728662,1,76381,0,0,0,0,0.0
538,1778173000.4865177,decode,360,134643,0.741532377983632,181493,360,1425.4907807917095,76381,0,360,181133,181493,181493,0.9995539008888937,0,76381,83,84,0,0,0.0
541,1778173000.8897192,decode,361,180855,0.9960401819643782,181504,360,1425.4907807917095,76204,0,361,181143,181504,181504,0.9996144822496613,0,76204,93,0,0,0,0.0
542,1778173000.9886243,decode,360,89541,0.4931377840439711,181363,360,1425.4907807917095,76205,1,360,181003,181363,181363,0.9988379393525505,0,76205,1,1,0,0,0.0
545,1778173001.5076492,decode,361,181261,0.9982761849163426,181402,360,1425.4907807917095,76020,1,361,181041,181402,181402,0.9990527278134534,1,76021,182,0,0,0,0.0
546,1778173001.5724728,decode,360,137855,0.7592221353277452,181261,359,1425.4907807917095,76020,1,360,180901,181261,181261,0.9982761849163426,2,76022,0,0,0,0,0.0
547,1778173001.7852652,decode,359,134712,0.7419123883375374,181118,359,1425.4907807917095,76023,1,359,180759,181118,181118,0.997488627226365,0,76023,86,87,0,0,0.0
550,1778173002.1928713,decode,361,180929,0.9964477293004506,181573,360,1425.4907807917095,75843,0,361,181212,181573,181573,0.9999944926035665,0,75843,92,0,0,0,0.0
551,1778173002.291279,decode,360,92657,0.5102988313304768,181432,360,1425.4907807917095,75844,1,360,181072,181432,181432,0.9992179497064557,0,75844,1,1,0,0,0.0
554,1778173002.8307436,decode,361,181377,0.9989150429026182,181518,360,1425.4907807917095,75666,0,361,181157,181518,181518,0.999691585799729,0,75666,176,0,0,0,0.0
555,1778173002.9064434,decode,360,87694,0.48296562283146266,181377,359,1425.4907807917095,75666,1,360,181017,181377,181377,0.9989150429026182,1,75667,0,0,0,0,0.0
556,1778173003.27973,decode,359,181195,0.9979126967517375,181234,359,1425.4907807917095,75668,1,359,180875,181234,181234,0.9981274852126406,0,75668,185,187,0,0,0.0
558,1778173003.4796774,decode,361,181415,0.9991243239670878,181556,360,1425.4907807917095,75481,0,361,181195,181556,181556,0.9999008668641987,0,75481,0,0,0,0,0.0
559,1778173003.5583475,decode,360,93823,0.516720455571833,181415,359,1425.4907807917095,75481,1,360,181055,181415,181415,0.9991243239670878,1,75482,0,0,0,0,0.0
560,1778173003.909968,decode,359,181324,0.9986231508916474,181272,359,1425.4907807917095,75483,1,359,180913,181272,181272,0.9983367662771102,0,75483,173,175,0,0,0.0
562,1778173004.0677462,decode,360,136337,0.7508619075418287,181184,360,1425.4907807917095,75308,1,360,180824,181184,181184,0.9978521153909701,1,75309,0,0,0,0,0.0
563,1778173004.2808313,decode,360,142181,0.7830471322986772,181544,360,1425.4907807917095,75309,0,360,181184,181544,181544,0.9998347781069977,0,75309,89,90,0,0,0.0
566,1778173004.6582258,decode,361,180893,0.9962494630288478,181542,360,1425.4907807917095,75141,0,361,181181,181542,181542,0.9998237633141309,0,75141,78,0,0,0,0.0
567,1778173004.755861,decode,360,91552,0.5042131582715587,181401,360,1425.4907807917095,75142,1,360,181041,181401,181401,0.9990472204170201,0,75142,1,1,0,0,0.0
570,1778173005.2645743,decode,361,181272,0.9983367662771102,181413,360,1425.4907807917095,74961,1,361,181052,181413,181413,0.999113309174221,1,74962,178,0,0,0,0.0
571,1778173005.3324547,decode,360,130326,0.7177569475806007,181272,359,1425.4907807917095,74961,1,360,180912,181272,181272,0.9983367662771102,2,74963,0,0,0,0,0.0
572,1778173005.5672727,decode,359,133162,0.7333759238657517,181129,359,1425.4907807917095,74964,1,359,180770,181129,181129,0.9975492085871325,0,74964,101,102,0,0,0.0
575,1778173005.9756231,decode,361,181382,0.9989425798847853,181523,360,1425.4907807917095,74766,0,361,181162,181523,181523,0.9997191227818961,0,74766,95,0,0,0,0.0
576,1778173006.0500507,decode,360,85742,0.4722151849934462,181382,359,1425.4907807917095,74766,1,360,181022,181382,181382,0.9989425798847853,1,74767,0,0,0,0,0.0
577,1778173006.4273689,decode,359,181243,0.9981770517805413,181239,359,1425.4907807917095,74768,1,359,180880,181239,181239,0.9981550221948077,0,74768,189,191,0,0,0.0
579,1778173006.5848563,decode,360,142347,0.7839613601066232,181103,360,1425.4907807917095,74577,1,360,180743,181103,181103,0.9974060162798638,1,74578,0,0,0,0,0.0
580,1778173006.786012,decode,360,127131,0.7001608159758556,181463,360,1425.4907807917095,74578,0,360,181103,181463,181463,0.9993886789958915,0,74578,77,78,0,0,0.0
583,1778173007.210013,decode,361,180843,0.9959740932071772,181492,360,1425.4907807917095,74392,0,361,181131,181492,181492,0.9995483934924604,0,74392,108,0,0,0,0.0
584,1778173007.3081331,decode,360,88013,0.48472248229372045,181351,360,1425.4907807917095,74393,1,360,180991,181351,181351,0.9987718505953496,0,74393,1,1,0,0,0.0
587,1778173007.8280942,decode,361,181233,0.9981219778162072,181374,360,1425.4907807917095,74205,1,361,181013,181374,181374,0.998898520713318,1,74206,185,0,0,0,0.0
588,1778173007.8912532,decode,360,137324,0.7562977078216044,181233,359,1425.4907807917095,74205,1,360,180873,181233,181233,0.9981219778162072,2,74207,0,0,0,0,0.0
589,1778173008.1009765,decode,359,140258,0.7724564089572296,181090,359,1425.4907807917095,74208,1,359,180731,181090,181090,0.9973344201262295,0,74208,87,88,0,0,0.0
592,1778173008.4426682,decode,360,181478,0.9994712899423926,181118,360,1425.4907807917095,74038,1,360,180758,181118,181118,0.997488627226365,1,74039,81,0,0,0,0.0
593,1778173008.5156784,decode,360,93353,0.5141319792481303,181478,359,1425.4907807917095,74038,0,360,181118,181478,181478,0.9994712899423926,1,74039,0,0,0,0,0.0
594,1778173008.8660667,decode,359,181354,0.9987883727846498,181335,359,1467.5288156735737,74040,1,359,180976,181335,181335,0.998683732252415,0,74040,174,176,0,0,0.0
596,1778173009.0265856,decode,360,130779,0.7202517981649356,181214,360,1467.5288156735737,73864,1,360,180854,181214,181214,0.9980173372839724,1,73865,0,0,0,0,0.0
597,1778173009.2593696,decode,360,136601,0.752315860200249,181574,360,1467.5288156735737,73865,0,360,181214,181574,181574,1.0,0,73865,100,101,0,0,0.0
600,1778173009.6548092,decode,361,180813,0.995808871314175,181462,360,1467.5288156735737,73675,0,361,181101,181462,181462,0.9993831715994581,0,73675,89,0,0,0,0.0
601,1778173009.7547102,decode,360,90528,0.49857358432374677,181321,360,1467.5288156735737,73676,1,360,180961,181321,181321,0.9986066287023473,0,73676,1,1,0,0,0.0
604,1778173010.265678,decode,361,181248,0.9982045887627083,181389,360,1467.5288156735737,73493,1,361,181028,181389,181389,0.9989811316598192,1,73494,180,0,0,0,0.0
605,1778173010.328813,decode,360,133320,0.7342460925022305,181248,359,1467.5288156735737,73493,1,360,180888,181248,181248,0.9982045887627083,2,73495,0,0,0,0,0.0
606,1778173010.5513582,decode,359,138226,0.7612653794045403,181105,359,1467.5288156735737,73496,1,359,180746,181105,181105,0.9974170310727307,0,73496,95,96,0,0,0.0
609,1778173010.8963292,decode,360,180943,0.9965248328505183,181086,360,1467.5288156735737,73314,1,360,180726,181086,181086,0.9973123905404959,1,73315,85,0,0,0,0.0
610,1778173010.9921057,decode,360,92621,0.510100565058874,181446,360,1467.5288156735737,73315,0,360,181086,181446,181446,0.9992950532565235,0,73315,1,1,0,0,0.0
613,1778173011.5219975,decode,361,181341,0.9987167766310154,181482,360,1467.5288156735737,73137,0,361,181121,181482,181482,0.9994933195281263,0,73137,176,0,0,0,0.0
614,1778173011.5953107,decode,360,91239,0.5024893431879014,181341,359,1467.5288156735737,73137,1,360,180981,181341,181341,0.9987167766310154,1,73138,0,0,0,0,0.0
615,1778173011.9551346,decode,359,181240,0.998160529591241,181198,359,1467.5288156735737,73139,1,359,180839,181198,181198,0.9979292189410378,0,73139,178,180,0,0,0.0
617,1778173012.1028214,decode,360,181460,0.9993721568065913,181100,360,1467.5288156735737,72959,1,360,180740,181100,181100,0.9973894940905637,1,72960,0,0,0,0,0.0
618,1778173012.1786783,decode,360,82742,0.455692995693216,181460,359,1467.5288156735737,72959,0,360,181100,181460,181460,0.9993721568065913,1,72960,0,0,0,0,0.0
619,1778173012.5670738,decode,359,181243,0.9981770517805413,181317,359,1467.5288156735737,72961,1,359,180958,181317,181317,0.9985845991166136,0,72961,195,197,0,0,0.0
621,1778173012.7233205,decode,360,139299,0.7671748157775893,181103,360,1467.5288156735737,72764,1,360,180743,181103,181103,0.9974060162798638,1,72765,0,0,0,0,0.0
622,1778173012.9285758,decode,360,135115,0.7441318691002016,181463,360,1467.5288156735737,72765,0,360,181103,181463,181463,0.9993886789958915,0,72765,83,84,0,0,0.0
625,1778173013.3242724,decode,361,180827,0.9958859748642427,181476,360,1467.5288156735737,72589,0,361,181115,181476,181476,0.9994602751495258,0,72589,92,0,0,0,0.0
626,1778173013.42198,decode,360,93077,0.512611937832509,181335,360,1467.5288156735737,72590,1,360,180975,181335,181335,0.998683732252415,0,72590,1,1,0,0,0.0
629,1778173013.9613535,decode,361,181297,0.9984744511879454,181438,360,1467.5288156735737,72413,0,361,181077,181438,181438,0.9992509940850562,0,72413,175,0,0,0,0.0
630,1778173014.0242262,decode,360,143927,0.7926630464714111,181297,359,1467.5288156735737,72413,1,360,180937,181297,181297,0.9984744511879454,1,72414,0,0,0,0,0.0
631,1778173014.2216048,decode,359,129207,0.7115941709716149,181154,359,1467.5288156735737,72415,1,359,180795,181154,181154,0.9976868934979678,0,72415,74,75,0,0,0.0
634,1778173014.6343427,decode,361,180924,0.9964201923182835,181568,360,1467.5288156735737,72236,0,361,181207,181568,181568,0.9999669556213996,0,72236,103,0,0,0,0.0
635,1778173014.7305455,decode,360,98194,0.5407932853822683,181427,360,1467.5288156735737,72237,1,360,181067,181427,181427,0.9991904127242888,0,72237,1,1,0,0,0.0
638,1778173015.2433567,decode,361,181414,0.9991188165706544,181555,360,1467.5288156735737,72070,0,361,181194,181555,181555,0.9998953594677652,0,72070,165,0,0,0,0.0
639,1778173015.316857,decode,360,89718,0.49411259321268464,181414,359,1467.5288156735737,72070,1,360,181054,181414,181414,0.9991188165706544,1,72071,0,0,0,0,0.0
640,1778173015.6789744,decode,359,181219,0.9980448742661394,181271,359,1467.5288156735737,72072,1,359,180912,181271,181271,0.9983312588806768,0,72072,181,183,0,0,0.0
642,1778173015.8241313,decode,360,180936,0.9964862810754844,181079,360,1467.5288156735737,71889,1,360,180719,181079,181079,0.997273838765462,1,71890,0,0,0,0,0.0
643,1778173015.9205632,decode,360,87604,0.4824699571524558,181439,360,1467.5288156735737,71890,0,360,181079,181439,181439,0.9992565014814896,0,71890,1,1,0,0,0.0
646,1778173016.5071228,decode,361,181324,0.9986231508916474,181465,360,1467.5288156735737,71702,0,361,181104,181465,181465,0.9993996937887583,0,71702,186,0,0,0,0.0
647,1778173016.5778298,decode,360,95744,0.5273001641204137,181324,359,1467.5288156735737,71702,1,360,180964,181324,181324,0.9986231508916474,1,71703,0,0,0,0,0.0
648,1778173016.9154496,decode,359,181245,0.9981880665734081,181181,359,1467.5288156735737,71704,1,359,180822,181181,181181,0.9978355932016698,0,71704,169,171,0,0,0.0
650,1778173017.0566475,decode,360,181465,0.9993996937887583,181105,360,1467.5288156735737,71533,1,360,180745,181105,181105,0.9974170310727307,1,71534,0,0,0,0,0.0
651,1778173017.1257098,decode,360,94874,0.5225087292233469,181465,359,1467.5288156735737,71533,0,360,181105,181465,181465,0.9993996937887583,1,71534,0,0,0,0,0.0
652,1778173017.4651995,decode,359,181375,0.9989040281097514,181322,359,1467.5288156735737,71535,1,359,180963,181322,181322,0.9986121360987806,0,71535,171,173,0,0,0.0
654,1778173017.6208413,decode,360,128266,0.706411710927776,181235,359,1467.5288156735737,71362,1,360,180875,181235,181235,0.998132992609074,1,71363,0,0,0,0,0.0
655,1778173017.8586037,decode,359,137090,0.7550089770561864,181093,359,1467.5288156735737,71364,1,359,180734,181093,181093,0.9973509423155298,0,71364,104,106,0,0,0.0
658,1778173018.2460372,decode,361,180802,0.9957482899534075,181451,360,1467.5288156735737,71170,0,361,181090,181451,181451,0.9993225902386905,0,71170,88,0,0,0,0.0
659,1778173018.3406534,decode,360,93032,0.5123641049930056,181310,360,1467.5288156735737,71171,1,360,180950,181310,181310,0.9985460473415797,0,71171,1,1,0,0,0.0
662,1778173018.8377357,decode,361,181252,0.998226618348442,181393,360,1444.293054783984,70993,1,361,181032,181393,181393,0.9990031612455528,1,70994,175,0,0,0,0.0
663,1778173018.9004054,decode,360,139360,0.7675107669600273,181252,359,1444.293054783984,70993,1,360,180892,181252,181252,0.998226618348442,2,70995,0,0,0,0,0.0
664,1778173019.1034157,decode,359,139787,0.7698624252370934,181109,359,1444.293054783984,70996,1,359,180750,181109,181109,0.9974390606584643,0,70996,83,84,0,0,0.0
667,1778173019.4417005,decode,360,181507,0.9996310044389616,181147,360,1444.293054783984,70829,1,360,180787,181147,181147,0.9976483417229339,1,70830,82,0,0,0,0.0
668,1778173019.5145385,decode,360,91823,0.5057056627050128,181507,359,1444.293054783984,70829,0,360,181147,181507,181507,0.9996310044389616,1,70830,0,0,0,0,0.0
669,1778173019.8657691,decode,359,181324,0.9986231508916474,181364,359,1444.293054783984,70831,1,359,181005,181364,181364,0.9988434467489838,0,70831,177,179,0,0,0.0
671,1778173020.0182388,decode,360,134305,0.7396708779891394,181184,360,1444.293054783984,70652,1,360,180824,181184,181184,0.9978521153909701,1,70653,0,0,0,0,0.0
672,1778173020.2319832,decode,360,135623,0.7469296264883739,181544,360,1444.293054783984,70653,0,360,181184,181544,181544,0.9998347781069977,0,70653,93,94,0,0,0.0
675,1778173020.6128223,decode,361,180835,0.99593003403571,181484,360,1444.293054783984,70468,0,361,181123,181484,181484,0.9995043343209931,0,70468,91,0,0,0,0.0
676,1778173020.7042525,decode,360,85510,0.47093746902089506,181343,360,1444.293054783984,70469,1,360,180983,181343,181343,0.9987277914238822,0,70469,1,1,0,0,0.0
679,1778173021.2168734,decode,361,181230,0.9981054556269069,181371,360,1444.293054783984,70276,1,361,181010,181371,181371,0.9988819985240177,1,70277,190,0,0,0,0.0
680,1778173021.2779646,decode,360,133805,0.7369171797724344,181230,359,1444.293054783984,70276,1,360,180870,181230,181230,0.9981054556269069,2,70278,0,0,0,0,0.0
681,1778173021.4954224,decode,359,137704,0.7583905184663002,181087,359,1444.293054783984,70279,1,359,180728,181087,181087,0.9973178979369293,0,70279,94,95,0,0,0.0
684,1778173021.872571,decode,361,180921,0.9964036701289832,181565,360,1444.293054783984,70097,0,361,181204,181565,181565,0.9999504334320993,0,70097,86,0,0,0,0.0
685,1778173021.9656408,decode,360,94662,0.521341161179464,181424,360,1444.293054783984,70098,1,360,181064,181424,181424,0.9991738905349885,0,70098,1,1,0,0,0.0
688,1778173022.4858663,decode,361,181382,0.9989425798847853,181523,360,1444.293054783984,69924,0,361,181162,181523,181523,0.9997191227818961,0,69924,172,0,0,0,0.0
689,1778173022.559359,decode,360,86195,0.47471003557778096,181382,359,1444.293054783984,69924,1,360,181022,181382,181382,0.9989425798847853,1,69925,0,0,0,0,0.0
690,1778173022.934834,decode,359,181196,0.997918204148171,181239,359,1444.293054783984,69926,1,359,180880,181239,181239,0.9981550221948077,0,69926,188,190,0,0,0.0
692,1778173023.1168199,decode,361,181416,0.9991298313635212,181557,360,1444.293054783984,69736,0,361,181196,181557,181557,0.999906374260632,0,69736,0,0,0,0,0.0
693,1778173023.1906683,decode,360,85751,0.4722647515613469,181416,359,1444.293054783984,69736,1,360,181056,181416,181416,0.9991298313635212,1,69737,0,0,0,0,0.0
694,1778173023.5644941,decode,359,181252,0.998226618348442,181273,359,1444.293054783984,69738,1,359,180914,181273,181273,0.9983422736735436,0,69738,189,191,0,0,0.0
696,1778173023.713477,decode,360,140832,0.775617654510007,181112,360,1444.293054783984,69547,1,360,180752,181112,181112,0.9974555828477646,1,69548,0,0,0,0,0.0
697,1778173023.9074028,decode,360,140168,0.7719607432782226,181472,360,1444.293054783984,69548,0,360,181112,181472,181472,0.9994382455637921,0,69548,80,81,0,0,0.0
700,1778173024.2746627,decode,361,180880,0.9961778668752134,181529,360,1444.293054783984,69385,0,361,181168,181529,181529,0.9997521671604965,0,69385,82,0,0,0,0.0
701,1778173024.367834,decode,360,94591,0.5209501360326919,181388,360,1444.293054783984,69386,1,360,181028,181388,181388,0.9989756242633857,0,69386,1,1,0,0,0.0
704,1778173024.8844461,decode,361,181311,0.9985515547380132,181452,360,1444.293054783984,69212,0,361,181091,181452,181452,0.999328097635124,0,69212,172,0,0,0,0.0
705,1778173024.9468055,decode,360,134887,0.7428761827133841,181311,359,1444.293054783984,69212,1,360,180951,181311,181311,0.9985515547380132,1,69213,0,0,0,0,0.0
706,1778173025.1610944,decode,359,127139,0.7002048751473229,181168,359,1444.293054783984,69214,1,359,180809,181168,181168,0.9977639970480355,0,69214,92,93,0,0,0.0
709,1778173025.5633714,decode,361,180856,0.9960456893608116,181500,360,1444.293054783984,69013,0,361,181139,181500,181500,0.9995924526639276,0,69013,107,0,0,0,0.0
710,1778173025.6506708,decode,360,93613,0.5155639023208168,181359,360,1444.293054783984,69014,1,360,180999,181359,181359,0.9988159097668169,0,69014,1,1,0,0,0.0
713,1778173026.1621404,decode,361,181333,0.9986727174595482,181474,360,1444.293054783984,68838,0,361,181113,181474,181474,0.999449260356659,0,68838,174,0,0,0,0.0
714,1778173026.2332225,decode,360,95778,0.5274874155991497,181333,359,1444.293054783984,68838,1,360,180973,181333,181333,0.9986727174595482,1,68839,0,0,0,0,0.0
715,1778173026.5689156,decode,359,181279,0.9983753180521441,181190,359,1444.293054783984,68840,1,359,180831,181190,181190,0.9978851597695705,0,68840,169,171,0,0,0.0
717,1778173026.7134836,decode,360,181499,0.9995869452674943,181139,360,1444.293054783984,68669,1,360,180779,181139,181139,0.9976042825514666,1,68670,0,0,0,0,0.0
718,1778173026.787013,decode,360,81745,0.45020212144910615,181499,359,1444.293054783984,68669,0,360,181139,181499,181499,0.9995869452674943,1,68670,0,0,0,0,0.0
719,1778173027.1759672,decode,359,181246,0.9981935739698415,181356,359,1444.293054783984,68671,1,359,180997,181356,181356,0.9987993875775166,0,68671,197,199,0,0,0.0
721,1778173027.3266551,decode,360,137275,0.7560278453963674,181106,360,1444.293054783984,68472,1,360,180746,181106,181106,0.9974225384691641,1,68473,0,0,0,0,0.0
722,1778173027.5337358,decode,360,129067,0.7108231354709375,181466,360,1444.293054783984,68473,0,360,181106,181466,181466,0.9994052011851917,0,68473,87,88,0,0,0.0
725,1778173027.902975,decode,361,180779,0.995621619835439,181428,360,1444.293054783984,68280,1,361,181067,181428,181428,0.9991959201207221,1,68281,104,0,0,0,0.0
726,1778173027.9590852,decode,360,93556,0.5152499807241124,181287,360,1444.293054783984,68281,1,360,180927,181287,181287,0.9984193772236113,1,68282,1,1,0,0,0.0
729,1778173028.44093,decode,361,181276,0.9983587958628438,181417,360,1499.8128243281342,68105,1,361,181056,181417,181417,0.9991353387599546,1,68106,174,0,0,0,0.0
730,1778173028.501602,decode,360,140893,0.775953605692445,181276,359,1499.8128243281342,68105,1,360,180916,181276,181276,0.9983587958628438,2,68107,0,0,0,0,0.0
731,1778173028.697213,decode,359,134243,0.739329419410268,181133,359,1499.8128243281342,68108,1,359,180774,181133,181133,0.9975712381728662,0,68108,80,81,0,0,0.0
734,1778173029.0385783,decode,360,181463,0.9993886789958915,181103,360,1499.8128243281342,67933,1,360,180743,181103,181103,0.9974060162798638,1,67934,93,0,0,0,0.0
735,1778173029.108484,decode,360,93841,0.5168195887076343,181463,359,1499.8128243281342,67933,0,360,181103,181463,181463,0.9993886789958915,1,67934,0,0,0,0,0.0
736,1778173029.4519129,decode,359,181342,0.9987222840274489,181320,359,1499.8128243281342,67935,1,359,180961,181320,181320,0.9986011213059138,0,67935,173,175,0,0,0.0
738,1778173029.5962384,decode,360,133307,0.7341744963485962,181202,360,1499.8128243281342,67760,1,360,180842,181202,181202,0.9979512485267714,1,67761,0,0,0,0,0.0
739,1778173029.8101406,decode,360,142151,0.7828819104056748,181562,360,1499.8128243281342,67761,0,360,181202,181562,181562,0.9999339112427991,0,67761,95,96,0,0,0.0
742,1778173030.1631746,decode,361,180863,0.9960842411358455,181512,360,1499.8128243281342,67587,0,361,181151,181512,181512,0.9996585414211285,0,67587,78,0,0,0,0.0
743,1778173030.255791,decode,360,94564,0.5208014363289898,181371,360,1499.8128243281342,67588,1,360,181011,181371,181371,0.9988819985240177,0,67588,1,1,0,0,0.0
746,1778173030.7384112,decode,361,181284,0.998402855034311,181425,360,1499.8128243281342,67413,1,361,181064,181425,181425,0.9991793979314219,1,67414,172,0,0,0,0.0
747,1778173030.800896,decode,360,136374,0.7510656812098648,181284,359,1499.8128243281342,67413,1,360,180924,181284,181284,0.998402855034311,2,67415,0,0,0,0,0.0
748,1778173031.0117984,decode,359,133210,0.7336402788945554,181141,359,1499.8128243281342,67416,1,359,180782,181141,181141,0.9976152973443334,0,67416,89,90,0,0,0.0
751,1778173031.4035845,decode,361,180927,0.9964367145075836,181571,360,1499.8128243281342,67230,0,361,181210,181571,181571,0.9999834778106997,0,67230,95,0,0,0,0.0
752,1778173031.496394,decode,360,90105,0.49624395563241436,181430,360,1499.8128243281342,67231,1,360,181070,181430,181430,0.9992069349135889,0,67231,1,1,0,0,0.0
755,1778173032.0275753,decode,361,181325,0.9986286582880809,181466,360,1499.8128243281342,67048,0,361,181105,181466,181466,0.9994052011851917,0,67048,181,0,0,0,0.0
756,1778173032.0994976,decode,360,91736,0.5052265192153061,181325,359,1499.8128243281342,67048,1,360,180965,181325,181325,0.9986286582880809,1,67049,0,0,0,0,0.0
757,1778173032.4558372,decode,359,181237,0.9981440074019408,181182,359,1499.8128243281342,67050,1,359,180823,181182,181182,0.9978411005981033,0,67050,177,179,0,0,0.0
759,1778173032.5956476,decode,360,180954,0.9965854142112858,181097,360,1499.8128243281342,66871,1,360,180737,181097,181097,0.9973729719012634,1,66872,0,0,0,0,0.0
760,1778173032.6856425,decode,360,89113,0.49078061837047154,181457,360,1499.8128243281342,66872,0,360,181097,181457,181457,0.999355634617291,0,66872,1,1,0,0,0.0
763,1778173033.2268493,decode,361,181333,0.9986727174595482,181474,360,1499.8128243281342,66687,0,361,181113,181474,181474,0.999449260356659,0,66687,183,0,0,0,0.0
764,1778173033.2984798,decode,360,94742,0.5217817528941369,181333,359,1499.8128243281342,66687,1,360,180973,181333,181333,0.9986727174595482,1,66688,0,0,0,0,0.0
765,1778173033.643856,decode,359,181243,0.9981770517805413,181190,359,1499.8128243281342,66689,1,359,180831,181190,181190,0.9978851597695705,0,66689,171,173,0,0,0.0
767,1778173033.7860618,decode,360,181463,0.9993886789958915,181103,360,1499.8128243281342,66516,1,360,180743,181103,181103,0.9974060162798638,1,66517,0,0,0,0,0.0
768,1778173033.8584638,decode,360,90335,0.49751065681209866,181463,359,1499.8128243281342,66516,0,360,181103,181463,181463,0.9993886789958915,1,66517,0,0,0,0,0.0
769,1778173034.2194247,decode,359,181336,0.9986892396488484,181320,359,1499.8128243281342,66518,1,359,180961,181320,181320,0.9986011213059138,0,66518,180,182,0,0,0.0
771,1778173034.3710568,decode,360,130761,0.7201526650291341,181196,360,1499.8128243281342,66336,1,360,180836,181196,181196,0.997918204148171,1,66337,0,0,0,0,0.0
772,1778173034.5973456,decode,360,140097,0.7715697181314506,181556,360,1499.8128243281342,66337,0,360,181196,181556,181556,0.9999008668641987,0,66337,100,101,0,0,0.0
775,1778173034.9583263,decode,361,180809,0.9957868417284413,181458,360,1499.8128243281342,66154,0,361,181097,181458,181458,0.9993611420137244,0,66154,82,0,0,0,0.0
776,1778173035.0476756,decode,360,98586,0.5429521847841652,181317,360,1499.8128243281342,66155,1,360,180957,181317,181317,0.9985845991166136,0,66155,1,1,0,0,0.0
779,1778173035.5426717,decode,361,181306,0.9985240177558461,181447,360,1499.8128243281342,65989,0,361,181086,181447,181447,0.9993005606529569,0,65989,164,0,0,0,0.0
780,1778173035.6014562,decode,360,139917,0.7705783867734367,181306,359,1499.8128243281342,65989,1,360,180946,181306,181306,0.9985240177558461,1,65990,0,0,0,0,0.0
781,1778173035.8010907,decode,359,131732,0.7255003469659753,181163,359,1499.8128243281342,65991,1,359,180804,181163,181163,0.9977364600658685,0,65991,82,83,0,0,0.0
784,1778173036.1519055,decode,360,181452,0.999328097635124,181092,360,1499.8128243281342,65809,1,360,180732,181092,181092,0.9973454349190963,1,65810,98,0,0,0,0.0
785,1778173036.2215767,decode,360,91793,0.5055404408120105,181452,359,1499.8128243281342,65809,0,360,181092,181452,181452,0.999328097635124,1,65810,0,0,0,0,0.0
786,1778173036.5745738,decode,359,181294,0.9984579289986452,181309,359,1499.8128243281342,65811,1,359,180950,181309,181309,0.9985405399451464,0,65811,177,179,0,0,0.0
788,1778173036.7208977,decode,360,139858,0.7702534503838655,181154,360,1499.8128243281342,65632,1,360,180794,181154,181154,0.9976868934979678,1,65633,0,0,0,0,0.0
789,1778173036.920789,decode,360,137684,0.7582803705376321,181514,360,1499.8128243281342,65633,0,360,181154,181514,181514,0.9996695562139954,0,65633,82,83,0,0,0.0
792,1778173037.2928152,decode,361,180896,0.996265985218148,181545,360,1499.8128243281342,65463,0,361,181184,181545,181545,0.9998402855034311,0,65463,87,0,0,0,0.0
793,1778173037.3841977,decode,360,86525,0.4765274764008063,181404,360,1499.8128243281342,65464,1,360,181044,181404,181404,0.9990637426063202,0,65464,1,1,0,0,0.0
796,1778173037.8962634,decode,361,181245,0.9981880665734081,181386,360,1523.0547727633568,65273,1,361,181025,181386,181386,0.9989646094705189,1,65274,188,0,0,0,0.0
797,1778173037.9569283,decode,360,139851,0.7702148986088316,181245,359,1523.0547727633568,65273,1,360,180885,181245,181245,0.9981880665734081,2,65275,0,0,0,0,0.0
798,1778173038.1547844,decode,359,135722,0.7474748587352815,181102,359,1523.0547727633568,65276,1,359,180743,181102,181102,0.9974005088834305,0,65276,82,83,0,0,0.0
801,1778173038.5190153,decode,360,180939,0.9965028032647846,181082,360,1523.0547727633568,65102,1,360,180722,181082,181082,0.9972903609547622,1,65103,90,0,0,0,0.0
802,1778173038.6071086,decode,360,98711,0.5436406093383414,181442,360,1523.0547727633568,65103,0,360,181082,181442,181442,0.9992730236707899,0,65103,1,1,0,0,0.0
805,1778173039.10521,decode,361,181431,0.9992124423100224,181572,360,1523.0547727633568,64937,0,361,181211,181572,181572,0.9999889852071332,0,64937,164,0,0,0,0.0
806,1778173039.1790829,decode,360,88704,0.4885280932292068,181431,359,1523.0547727633568,64937,1,360,181071,181431,181431,0.9992124423100224,1,64938,0,0,0,0,0.0
807,1778173039.5576732,decode,359,181205,0.9979677707160717,181288,359,1523.0547727633568,64939,1,359,180929,181288,181288,0.9984248846200448,0,64939,183,185,0,0,0.0
809,1778173039.7300744,decode,361,181425,0.9991793979314219,181566,360,1523.0547727633568,64754,0,361,181205,181566,181566,0.9999559408285327,0,64754,0,0,0,0,0.0
810,1778173039.8012035,decode,360,91811,0.5056395739478119,181425,359,1523.0547727633568,64754,1,360,181065,181425,181425,0.9991793979314219,1,64755,0,0,0,0,0.0
811,1778173040.154421,decode,359,181312,0.9985570621344466,181282,359,1523.0547727633568,64756,1,359,180923,181282,181282,0.9983918402414442,0,64756,177,179,0,0,0.0
813,1778173040.300187,decode,360,136325,0.7507958187846278,181172,360,1523.0547727633568,64577,1,360,180812,181172,181172,0.9977860266337691,1,64578,0,0,0,0,0.0
814,1778173040.5110602,decode,360,138655,0.7636280524744732,181532,360,1523.0547727633568,64578,0,360,181172,181532,181532,0.9997686893497968,0,64578,89,90,0,0,0.0
817,1778173040.8782732,decode,361,180867,0.9961062707215791,181516,360,1523.0547727633568,64403,0,361,181155,181516,181516,0.9996805710068623,0,64403,85,0,0,0,0.0
818,1778173040.9680867,decode,360,88534,0.4875918358355271,181375,360,1523.0547727633568,64404,1,360,181015,181375,181375,0.9989040281097514,0,64404,1,1,0,0,0.0
821,1778173041.472363,decode,361,181254,0.9982376331413088,181395,360,1523.0547727633568,64217,1,361,181034,181395,181395,0.9990141760384196,1,64218,184,0,0,0,0.0
822,1778173041.5338616,decode,360,136847,0.7536706797228678,181254,359,1523.0547727633568,64217,1,360,180894,181254,181254,0.9982376331413088,2,64219,0,0,0,0,0.0
823,1778173041.7447705,decode,359,134704,0.74186832916607,181111,359,1523.0547727633568,64220,1,359,180752,181111,181111,0.9974500754513311,0,64220,88,89,0,0,0.0
826,1778173042.1224427,decode,361,181424,0.9991738905349885,181565,360,1523.0547727633568,64038,0,361,181204,181565,181565,0.9999504334320993,0,64038,92,0,0,0,0.0
827,1778173042.191523,decode,360,93344,0.5140824126802296,181424,359,1523.0547727633568,64038,1,360,181064,181424,181424,0.9991738905349885,1,64039,0,0,0,0,0.0
828,1778173042.5331223,decode,359,181345,0.998738806216749,181281,359,1523.0547727633568,64040,1,359,180922,181281,181281,0.9983863328450109,0,64040,174,176,0,0,0.0
830,1778173042.6771584,decode,360,132294,0.7285955037615518,181205,360,1523.0547727633568,63864,1,360,180845,181205,181205,0.9979677707160717,1,63865,0,0,0,0,0.0
831,1778173042.8971233,decode,360,137620,0.7579278971658938,181565,360,1523.0547727633568,63865,0,360,181205,181565,181565,0.9999504334320993,0,63865,97,98,0,0,0.0
834,1778173043.254311,decode,361,180832,0.9959135118464097,181481,360,1523.0547727633568,63680,0,361,181120,181481,181481,0.9994878121316929,0,63680,87,0,0,0,0.0
835,1778173043.3383374,decode,360,90532,0.49859561390948043,181340,360,1523.0547727633568,63681,1,360,180980,181340,181340,0.9987112692345821,0,63681,1,1,0,0,0.0
838,1778173043.825535,decode,361,181252,0.998226618348442,181393,360,1523.0547727633568,63498,1,361,181032,181393,181393,0.9990031612455528,1,63499,180,0,0,0,0.0
839,1778173043.8870273,decode,360,130306,0.7176467996519326,181252,359,1523.0547727633568,63498,1,360,180892,181252,181252,0.998226618348442,2,63500,0,0,0,0,0.0
840,1778173044.1147003,decode,359,137198,0.7556037758709947,181109,359,1523.0547727633568,63501,1,359,180750,181109,181109,0.9974390606584643,0,63501,101,102,0,0,0.0
843,1778173044.4830825,decode,361,181418,0.999140846156388,181559,360,1523.0547727633568,63311,0,361,181198,181559,181559,0.9999173890534988,0,63311,87,0,0,0,0.0
844,1778173044.5569558,decode,360,91281,0.5027206538381046,181418,359,1523.0547727633568,63311,1,360,181058,181418,181418,0.999140846156388,1,63312,0,0,0,0,0.0
845,1778173044.9153795,decode,359,181282,0.9983918402414442,181275,359,1523.0547727633568,63313,1,359,180916,181275,181275,0.9983532884664104,0,63313,178,180,0,0,0.0
847,1778173045.05925,decode,360,141370,0.7785806337911816,181142,360,1523.0547727633568,63133,1,360,180782,181142,181142,0.9976208047407669,1,63134,0,0,0,0,0.0
848,1778173045.2504287,decode,360,137696,0.7583464592948329,181502,360,1523.0547727633568,63134,0,360,181142,181502,181502,0.9996034674567945,0,63134,79,80,0,0,0.0
851,1778173045.616652,decode,361,180908,0.9963320739753488,181557,360,1523.0547727633568,62967,0,361,181196,181557,181557,0.999906374260632,0,62967,87,0,0,0,0.0
852,1778173045.706504,decode,360,86527,0.4765384911936731,181416,360,1523.0547727633568,62968,1,360,181056,181416,181416,0.9991298313635212,0,62968,1,1,0,0,0.0
855,1778173046.214594,decode,361,181247,0.9981990813662749,181388,360,1523.0547727633568,62777,1,361,181027,181388,181388,0.9989756242633857,1,62778,188,0,0,0,0.0
856,1778173046.2738135,decode,360,135829,0.7480641501536563,181247,359,1523.0547727633568,62777,1,360,180887,181247,181247,0.9981990813662749,2,62779,0,0,0,0,0.0
857,1778173046.4824653,decode,359,135193,0.7445614460220076,181104,359,1523.0547727633568,62780,1,359,180745,181104,181104,0.9974115236762973,0,62780,90,91,0,0,0.0
860,1778173046.8531733,decode,361,180910,0.9963430887682158,181554,360,1523.0547727633568,62597,0,361,181193,181554,181554,0.9998898520713319,0,62597,91,0,0,0,0.0
861,1778173046.9401603,decode,360,102201,0.5628614228909425,181413,360,1523.0547727633568,62598,1,360,181053,181413,181413,0.999113309174221,0,62598,1,1,0,0,0.0
864,1778173047.4174206,decode,361,181421,0.9991573683456882,181562,360,1512.8412149042333,62439,0,361,181201,181562,181562,0.9999339112427991,0,62439,157,0,0,0,0.0
865,1778173047.4860594,decode,360,90746,0.4997741967462302,181421,359,1512.8412149042333,62439,1,360,181061,181421,181421,0.9991573683456882,1,62440,0,0,0,0,0.0
866,1778173047.8638408,decode,359,181247,0.9981990813662749,181278,359,1512.8412149042333,62441,1,359,180919,181278,181278,0.9983698106557106,0,62441,179,181,0,0,0.0
868,1778173047.9943867,decode,360,180964,0.9966404881756199,181107,360,1512.8412149042333,62260,1,360,180747,181107,181107,0.9974280458655975,1,62261,0,0,0,0,0.0
869,1778173048.077523,decode,360,85067,0.4684976924008944,181467,360,1512.8412149042333,62261,0,360,181107,181467,181467,0.9994107085816252,0,62261,1,1,0,0,0.0
872,1778173048.5804982,decode,361,181287,0.9984193772236113,181428,360,1512.8412149042333,62067,1,361,181067,181428,181428,0.9991959201207221,1,62068,191,0,0,0,0.0
873,1778173048.6486733,decode,360,92231,0.5079526804498441,181287,359,1512.8412149042333,62067,1,360,180927,181287,181287,0.9984193772236113,2,62069,0,0,0,0,0.0
874,1778173048.995665,decode,359,181232,0.9981164704197738,181144,359,1512.8412149042333,62070,1,359,180785,181144,181144,0.9976318195336337,0,62070,176,178,0,0,0.0
876,1778173049.1298168,decode,360,180949,0.9965578772291187,181092,360,1512.8412149042333,61892,1,360,180732,181092,181092,0.9973454349190963,1,61893,0,0,0,0,0.0
877,1778173049.216591,decode,360,91136,0.5019220813552601,181452,360,1512.8412149042333,61893,0,360,181092,181452,181452,0.999328097635124,0,61893,1,1,0,0,0.0
880,1778173049.7312279,decode,361,181356,0.9987993875775166,181497,360,1512.8412149042333,61712,0,361,181136,181497,181497,0.9995759304746274,0,61712,179,0,0,0,0.0
881,1778173049.7994313,decode,360,90213,0.49683875444722264,181356,359,1512.8412149042333,61712,1,360,180996,181356,181356,0.9987993875775166,1,61713,0,0,0,0,0.0
882,1778173050.158547,decode,359,181214,0.9980173372839724,181213,359,1512.8412149042333,61714,1,359,180854,181213,181213,0.998011829887539,0,61714,180,182,0,0,0.0
884,1778173050.292483,decode,360,180931,0.9964587440933174,181074,360,1512.8412149042333,61532,1,360,180714,181074,181074,0.997246301783295,1,61533,0,0,0,0,0.0
885,1778173050.3781624,decode,360,96655,0.5323174022712502,181434,360,1512.8412149042333,61533,0,360,181074,181434,181434,0.9992289644993226,0,61533,1,1,0,0,0.0
888,1778173050.8761625,decode,361,181375,0.9989040281097514,181516,360,1512.8412149042333,61363,0,361,181155,181516,181516,0.9996805710068623,0,61363,168,0,0,0,0.0
889,1778173050.9442039,decode,360,99291,0.5468348992697193,181375,359,1512.8412149042333,61363,1,360,181015,181375,181375,0.9989040281097514,1,61364,0,0,0,0,0.0
890,1778173051.267488,decode,359,181292,0.9984469142057784,181232,359,1512.8412149042333,61365,1,359,180873,181232,181232,0.9981164704197738,0,61365,162,164,0,0,0.0
892,1778173051.398291,decode,360,181512,0.9996585414211285,181152,360,1512.8412149042333,61201,1,360,180792,181152,181152,0.997675878705101,1,61202,0,0,0,0,0.0
893,1778173051.4675603,decode,360,87814,0.4836265104034719,181512,359,1512.8412149042333,61201,0,360,181152,181512,181512,0.9996585414211285,1,61202,0,0,0,0,0.0
894,1778173051.8281424,decode,359,181315,0.9985735843237468,181369,359,1512.8412149042333,61203,1,359,181010,181369,181369,0.9988709837311509,0,61203,185,187,0,0,0.0
896,1778173051.9670713,decode,360,131756,0.7256325244803772,181175,360,1512.8412149042333,61016,1,360,180815,181175,181175,0.9978025488230694,1,61017,0,0,0,0,0.0
897,1778173052.184597,decode,360,134068,0.7383656250344213,181535,360,1512.8412149042333,61017,0,360,181175,181535,181535,0.999785211539097,0,61017,98,99,0,0,0.0
900,1778173052.5116036,decode,361,180780,0.9956271272318724,181429,360,1512.8412149042333,60823,1,361,181068,181429,181429,0.9992014275171556,1,60824,94,0,0,0,0.0
901,1778173052.5606375,decode,360,97066,0.5345809422053819,181288,360,1512.8412149042333,60824,1,360,180928,181288,181288,0.9984248846200448,1,60825,1,1,0,0,0.0
904,1778173053.0077415,decode,361,181286,0.998413869827178,181427,360,1512.8412149042333,60655,1,361,181066,181427,181427,0.9991904127242888,1,60656,167,0,0,0,0.0
905,1778173053.0628479,decode,360,134364,0.7399958143787106,181286,359,1512.8412149042333,60655,1,360,180926,181286,181286,0.998413869827178,2,60657,0,0,0,0,0.0
906,1778173053.268707,decode,359,135228,0.7447542048971769,181143,359,1512.8412149042333,60658,1,359,180784,181143,181143,0.9976263121372002,0,60658,93,94,0,0,0.0
909,1778173053.5932407,decode,360,181448,0.9993060680493904,181088,360,1512.8412149042333,60472,1,360,180728,181088,181088,0.9973234053333627,1,60473,91,0,0,0,0.0
910,1778173053.6607158,decode,360,83218,0.4583145163955192,181448,359,1512.8412149042333,60472,0,360,181088,181448,181448,0.9993060680493904,1,60473,0,0,0,0,0.0
911,1778173054.0344899,decode,359,181219,0.9980448742661394,181305,359,1512.8412149042333,60474,1,359,180946,181305,181305,0.9985185103594126,0,60474,194,196,0,0,0.0
913,1778173054.1718495,decode,360,143344,0.7894522343507331,181079,360,1512.8412149042333,60278,1,360,180719,181079,181079,0.997273838765462,1,60279,0,0,0,0,0.0
914,1778173054.3537269,decode,360,131646,0.725026710872702,181439,360,1512.8412149042333,60279,0,360,181079,181439,181439,0.9992565014814896,0,60279,75,76,0,0,0.0
917,1778173054.718282,decode,361,180858,0.9960567041536784,181507,360,1512.8412149042333,60104,0,361,181146,181507,181507,0.9996310044389616,0,60104,99,0,0,0,0.0
918,1778173054.8005555,decode,360,92556,0.5097425842907024,181366,360,1512.8412149042333,60105,1,360,181006,181366,181366,0.9988544615418508,0,60105,1,1,0,0,0.0
921,1778173055.2716324,decode,361,181276,0.9983587958628438,181417,360,1512.8412149042333,59926,1,361,181056,181417,181417,0.9991353387599546,1,59927,176,0,0,0,0.0
922,1778173055.3299332,decode,360,135360,0.7454811812263871,181276,359,1512.8412149042333,59926,1,360,180916,181276,181276,0.9983587958628438,2,59928,0,0,0,0,0.0
923,1778173055.5361013,decode,359,133196,0.7335631753444877,181133,359,1512.8412149042333,59929,1,359,180774,181133,181133,0.9975712381728662,0,59929,91,92,0,0,0.0
926,1778173055.9054816,decode,361,180913,0.9963596109575159,181557,360,1512.8412149042333,59741,0,361,181196,181557,181557,0.999906374260632,0,59741,95,0,0,0,0.0
927,1778173056.0056543,decode,360,89107,0.4907475739918711,181416,360,1512.8412149042333,59742,1,360,181056,181416,181416,0.9991298313635212,0,59742,1,1,0,0,0.0
930,1778173056.5097175,decode,361,181327,0.9986396730809477,181468,360,1583.8652779335732,59557,0,361,181107,181468,181468,0.9994162159780585,0,59557,183,0,0,0,0.0
931,1778173056.5733867,decode,360,93237,0.5134931212618546,181327,359,1583.8652779335732,59557,1,360,180967,181327,181327,0.9986396730809477,1,59558,0,0,0,0,0.0
932,1778173056.9072154,decode,359,181238,0.9981495147983742,181184,359,1583.8652779335732,59559,1,359,180825,181184,181184,0.9978521153909701,0,59559,174,176,0,0,0.0
934,1778173057.029914,decode,360,180955,0.9965909216077191,181098,360,1583.8652779335732,59383,1,360,180738,181098,181098,0.9973784792976969,1,59384,0,0,0,0,0.0
935,1778173057.1084657,decode,360,95660,0.5268375428200073,181458,360,1583.8652779335732,59384,0,360,181098,181458,181458,0.9993611420137244,0,59384,1,1,0,0,0.0
938,1778173057.5848017,decode,361,181380,0.9989315650919185,181521,360,1583.8652779335732,59212,0,361,181160,181521,181521,0.9997081079890293,0,59212,170,0,0,0,0.0
939,1778173057.6506681,decode,360,93245,0.513537180433322,181380,359,1583.8652779335732,59212,1,360,181020,181380,181380,0.9989315650919185,1,59213,0,0,0,0,0.0
940,1778173057.9882693,decode,359,181246,0.9981935739698415,181237,359,1583.8652779335732,59214,1,359,180878,181237,181237,0.9981440074019408,0,59214,174,176,0,0,0.0
942,1778173058.1156342,decode,360,181466,0.9994052011851917,181106,360,1583.8652779335732,59038,1,360,180746,181106,181106,0.9974225384691641,1,59039,0,0,0,0,0.0
943,1778173058.1830502,decode,360,86284,0.47520019386035445,181466,359,1583.8652779335732,59038,0,360,181106,181466,181466,0.9994052011851917,1,59039,0,0,0,0,0.0
944,1778173058.5468612,decode,359,181285,0.9984083624307445,181323,359,1583.8652779335732,59040,1,359,180964,181323,181323,0.9986176434952141,0,59040,188,190,0,0,0.0
946,1778173058.6811152,decode,360,135785,0.7478218247105863,181145,360,1583.8652779335732,58850,1,360,180785,181145,181145,0.9976373269300671,1,58851,0,0,0,0,0.0
947,1778173058.8800533,decode,360,140623,0.7744666086554243,181505,360,1583.8652779335732,58851,0,360,181145,181505,181505,0.9996199896460947,0,58851,90,91,0,0,0.0
950,1778173059.2107477,decode,361,180835,0.99593003403571,181484,360,1583.8652779335732,58679,0,361,181123,181484,181484,0.9995043343209931,0,58679,81,0,0,0,0.0
951,1778173059.2910063,decode,360,96097,0.5292442750614075,181343,360,1583.8652779335732,58680,1,360,180983,181343,181343,0.9987277914238822,0,58680,1,1,0,0,0.0
954,1778173059.7649987,decode,361,181317,0.9985845991166136,181458,360,1583.8652779335732,58509,0,361,181097,181458,181458,0.9993611420137244,0,58509,169,0,0,0,0.0
955,1778173059.8202102,decode,360,139420,0.767841210746032,181317,359,1583.8652779335732,58509,1,360,180957,181317,181317,0.9985845991166136,1,58510,0,0,0,0,0.0
956,1778173060.0102038,decode,359,127172,0.7003866192296254,181174,359,1583.8652779335732,58511,1,359,180815,181174,181174,0.9977970414266359,0,58511,83,84,0,0,0.0
959,1778173060.3836622,decode,361,180889,0.9962274334431142,181533,360,1583.8652779335732,58319,0,361,181172,181533,181533,0.9997741967462301,0,58319,107,0,0,0,0.0
960,1778173060.4634545,decode,360,98149,0.540545452542765,181392,360,1583.8652779335732,58320,1,360,181032,181392,181392,0.9989976538491193,0,58320,1,1,0,0,0.0
963,1778173060.936002,decode,361,181369,0.9988709837311509,181510,360,1583.8652779335732,58153,0,361,181149,181510,181510,0.9996475266282617,0,58153,165,0,0,0,0.0
964,1778173061.0008323,decode,360,98299,0.5413715620077765,181369,359,1583.8652779335732,58153,1,360,181009,181369,181369,0.9988709837311509,1,58154,0,0,0,0,0.0
965,1778173061.317912,decode,359,181300,0.9984909733772457,181226,359,1583.8652779335732,58155,1,359,180867,181226,181226,0.9980834260411733,0,58155,164,166,0,0,0.0
967,1778173061.4420424,decode,360,181520,0.9997026005925959,181160,360,1583.8652779335732,57989,1,360,180800,181160,181160,0.9977199378765682,1,57990,0,0,0,0,0.0
968,1778173061.5088658,decode,360,86781,0.47793736988775926,181520,359,1583.8652779335732,57989,0,360,181160,181520,181520,0.9997026005925959,1,57990,0,0,0,0,0.0
969,1778173061.8673415,decode,359,181282,0.9983918402414442,181377,359,1583.8652779335732,57991,1,359,181018,181377,181377,0.9989150429026182,0,57991,187,189,0,0,0.0
971,1778173062.0003347,decode,360,136798,0.7534008172976308,181142,360,1583.8652779335732,57802,1,360,180782,181142,181142,0.9976208047407669,1,57803,0,0,0,0,0.0
972,1778173062.1982672,decode,360,138126,0.7607146397611992,181502,360,1583.8652779335732,57803,0,360,181142,181502,181502,0.9996034674567945,0,57803,88,89,0,0,0.0
975,1778173062.534843,decode,361,180838,0.9959465562250102,181487,360,1583.8652779335732,57628,0,361,181126,181487,181487,0.9995208565102933,0,57628,86,0,0,0,0.0
976,1778173062.6155996,decode,360,91065,0.501531056208488,181346,360,1583.8652779335732,57629,1,360,180986,181346,181346,0.9987443136131825,0,57629,1,1,0,0,0.0
979,1778173063.0798116,decode,361,181285,0.9984083624307445,181426,360,1583.8652779335732,57447,1,361,181065,181426,181426,0.9991849053278553,1,57448,179,0,0,0,0.0
980,1778173063.135648,decode,360,133352,0.7344223291880996,181285,359,1583.8652779335732,57447,1,360,180925,181285,181285,0.9984083624307445,2,57449,0,0,0,0,0.0
981,1778173063.3450956,decode,359,130146,0.7167656162225869,181142,359,1583.8652779335732,57450,1,359,180783,181142,181142,0.9976208047407669,0,57450,95,96,0,0,0.0
984,1778173063.7090871,decode,361,181366,0.9988544615418508,181507,360,1583.8652779335732,57252,0,361,181146,181507,181507,0.9996310044389616,0,57252,101,0,0,0,0.0
985,1778173063.7735279,decode,360,94820,0.5222113298159428,181366,359,1583.8652779335732,57252,1,360,181006,181366,181366,0.9988544615418508,1,57253,0,0,0,0,0.0
986,1778173064.101578,decode,359,181321,0.9986066287023473,181223,359,1583.8652779335732,57254,1,359,180864,181223,181223,0.998066903851873,0,57254,171,173,0,0,0.0
988,1778173064.231653,decode,360,137858,0.7592386575170454,181181,360,1583.8652779335732,57081,1,360,180821,181181,181181,0.9978355932016698,1,57082,0,0,0,0,0.0
989,1778173064.4235375,decode,360,141700,0.7803980746142068,181541,360,1583.8652779335732,57082,0,360,181181,181541,181541,0.9998182559176975,0,57082,86,87,0,0,0.0
992,1778173064.740568,decode,361,180912,0.9963541035610826,181561,360,1583.8652779335732,56916,0,361,181200,181561,181561,0.9999284038463657,0,56916,79,0,0,0,0.0
993,1778173064.8181546,decode,360,87028,0.47929769680681156,181420,360,1583.8652779335732,56917,1,360,181060,181420,181420,0.9991518609492549,0,56917,1,1,0,0,0.0
996,1778173065.2913444,decode,361,181248,0.9982045887627083,181389,360,1640.0154281766272,56727,1,361,181028,181389,181389,0.9989811316598192,1,56728,187,0,0,0,0.0
997,1778173065.3446789,decode,360,134829,0.7425567537202463,181248,359,1640.0154281766272,56727,1,360,180888,181248,181248,0.9982045887627083,2,56729,0,0,0,0,0.0
998,1778173065.5505426,decode,359,134686,0.7417691960302687,181105,359,1640.0154281766272,56730,1,359,180746,181105,181105,0.9974170310727307,0,56730,92,93,0,0,0.0
1001,1778173065.8966858,decode,361,181406,0.9990747573991872,181547,360,1640.0154281766272,56544,0,361,181186,181547,181547,0.9998513002962979,0,56544,92,0,0,0,0.0
1002,1778173065.961208,decode,360,95353,0.5251467721149504,181406,359,1640.0154281766272,56544,1,360,181046,181406,181406,0.9990747573991872,1,56545,0,0,0,0,0.0
1003,1778173066.2866623,decode,359,181354,0.9987883727846498,181263,359,1640.0154281766272,56546,1,359,180904,181263,181263,0.9982871997092094,0,56546,170,172,0,0,0.0
1005,1778173066.4223804,decode,360,132811,0.7314428277176248,181214,360,1640.0154281766272,56374,1,360,180854,181214,181214,0.9980173372839724,1,56375,0,0,0,0,0.0
1006,1778173066.6279697,decode,360,143661,0.7911980790201241,181574,360,1640.0154281766272,56375,0,360,181214,181574,181574,1.0,0,56375,96,97,0,0,0.0
1009,1778173066.945308,decode,361,180873,0.9961393151001795,181522,360,1640.0154281766272,56203,0,361,181161,181522,181522,0.9997136153854627,0,56203,75,0,0,0,0.0
1010,1778173067.0250392,decode,360,92556,0.5097425842907024,181381,360,1640.0154281766272,56204,1,360,181021,181381,181381,0.9989370724883518,0,56204,1,1,0,0,0.0
1013,1778173067.4906156,decode,361,181276,0.9983587958628438,181417,360,1640.0154281766272,56025,1,361,181056,181417,181417,0.9991353387599546,1,56026,176,0,0,0,0.0
1014,1778173067.5451658,decode,360,139384,0.7676429444744292,181276,359,1640.0154281766272,56025,1,360,180916,181276,181276,0.9983587958628438,2,56027,0,0,0,0,0.0
1015,1778173067.7362618,decode,359,133220,0.7336953528588895,181133,359,1640.0154281766272,56028,1,359,180774,181133,181133,0.9975712381728662,0,56028,83,84,0,0,0.0
1018,1778173068.0547104,decode,360,181440,0.999262008877923,181080,360,1640.0154281766272,55848,1,360,180720,181080,181080,0.9972793461618954,1,55849,95,0,0,0,0.0
1019,1778173068.1177993,decode,360,96856,0.5334243889543657,181440,359,1640.0154281766272,55848,0,360,181080,181440,181440,0.999262008877923,1,55849,0,0,0,0,0.0
1020,1778173068.449443,decode,359,181357,0.99880489497395,181297,359,1640.0154281766272,55850,1,359,180938,181297,181297,0.9984744511879454,0,55850,167,169,0,0,0.0
1022,1778173068.594082,decode,360,133328,0.7342901516736978,181217,359,1640.0154281766272,55681,1,360,180857,181217,181217,0.9980338594732726,1,55682,0,0,0,0,0.0
1023,1778173068.8005373,decode,359,139160,0.7664092876733453,181075,359,1640.0154281766272,55683,1,359,180716,181075,181075,0.9972518091797283,0,55683,94,96,0,0,0.0
1026,1778173069.1327145,decode,361,180872,0.9961338077037462,181521,360,1640.0154281766272,55503,0,361,181160,181521,181521,0.9997081079890293,0,55503,84,0,0,0,0.0
1027,1778173069.2118134,decode,360,88012,0.48471697489728705,181380,360,1640.0154281766272,55504,1,360,181020,181380,181380,0.9989315650919185,0,55504,1,1,0,0,0.0
1030,1778173069.6848896,decode,361,181232,0.9981164704197738,181373,360,1640.0154281766272,55316,1,361,181012,181373,181373,0.9988930133168846,1,55317,185,0,0,0,0.0
1031,1778173069.7378411,decode,360,140346,0.7729410598433697,181232,359,1640.0154281766272,55316,1,360,180872,181232,181232,0.9981164704197738,2,55318,0,0,0,0,0.0
1032,1778173069.9192116,decode,359,139773,0.7697853216870256,181089,359,1640.0154281766272,55319,1,359,180730,181089,181089,0.9973289127297961,0,55319,81,82,0,0,0.0
1035,1778173070.2101028,decode,360,180990,0.9967836804828886,181133,360,1640.0154281766272,55154,1,360,180773,181133,181133,0.9975712381728662,1,55155,82,0,0,0,0.0
1036,1778173070.2832665,decode,360,96694,0.5325321907321533,181493,360,1640.0154281766272,55155,0,360,181133,181493,181493,0.9995539008888937,0,55155,1,1,0,0,0.0
1039,1778173070.7419844,decode,361,181414,0.9991188165706544,181555,360,1640.0154281766272,54985,0,361,181194,181555,181555,0.9998953594677652,0,54985,168,0,0,0,0.0
1040,1778173070.8044496,decode,360,87696,0.48297663762432946,181414,359,1640.0154281766272,54985,1,360,181054,181414,181414,0.9991188165706544,1,54986,0,0,0,0,0.0
1041,1778173071.1575246,decode,359,181197,0.9979237115446044,181271,359,1640.0154281766272,54987,1,359,180912,181271,181271,0.9983312588806768,0,54987,185,187,0,0,0.0
1043,1778173071.3059824,decode,361,180914,0.9963651183539494,181558,360,1640.0154281766272,54800,0,361,181197,181558,181558,0.9999118816570655,0,54800,0,0,0,0,0.0
1044,1778173071.3817315,decode,360,95137,0.5239571744853339,181417,360,1640.0154281766272,54801,1,360,181057,181417,181417,0.9991353387599546,0,54801,1,1,0,0,0.0
1047,1778173071.8510404,decode,361,181357,0.99880489497395,181498,360,1640.0154281766272,54628,0,361,181137,181498,181498,0.9995814378710608,0,54628,171,0,0,0,0.0
1048,1778173071.913988,decode,360,100299,0.5523863548745965,181357,359,1640.0154281766272,54628,1,360,180997,181357,181357,0.99880489497395,1,54629,0,0,0,0,0.0
1049,1778173072.2222183,decode,359,181300,0.9984909733772457,181214,359,1640.0154281766272,54630,1,359,180855,181214,181214,0.9980173372839724,0,54630,160,162,0,0,0.0
1051,1778173072.342392,decode,360,181520,0.9997026005925959,181160,360,1640.0154281766272,54468,1,360,180800,181160,181160,0.9977199378765682,1,54469,0,0,0,0,0.0
1052,1778173072.40614,decode,360,90835,0.5002643550288037,181520,359,1640.0154281766272,54468,0,360,181160,181520,181520,0.9997026005925959,1,54469,0,0,0,0,0.0
1053,1778173072.745786,decode,359,181336,0.9986892396488484,181377,359,1640.0154281766272,54470,1,359,181018,181377,181377,0.9989150429026182,0,54470,179,181,0,0,0.0
1055,1778173072.8751,decode,360,131269,0.7229504224173064,181196,360,1640.0154281766272,54289,1,360,180836,181196,181196,0.997918204148171,1,54290,0,0,0,0,0.0
1056,1778173073.0865457,decode,360,137093,0.7550254992454867,181556,360,1640.0154281766272,54290,0,360,181196,181556,181556,0.9999008668641987,0,54290,99,100,0,0,0.0
1059,1778173073.4186451,decode,361,180805,0.9957648121427076,181454,360,1640.0154281766272,54102,0,361,181093,181454,181454,0.9993391124279908,0,54102,88,0,0,0,0.0
1060,1778173073.4952223,decode,360,92046,0.5069338121096633,181313,360,1640.0154281766272,54103,1,360,180953,181313,181313,0.99856256953088,0,54103,1,1,0,0,0.0
1063,1778173073.9501138,decode,361,181266,0.9983037218985097,181407,360,1663.1745982199943,53923,1,361,181046,181407,181407,0.9990802647956205,1,53924,177,0,0,0,0.0
1064,1778173074.003941,decode,360,135350,0.7454261072620529,181266,359,1663.1745982199943,53923,1,360,180906,181266,181266,0.9983037218985097,2,53925,0,0,0,0,0.0
1065,1778173074.2010376,decode,359,135214,0.7446771013471092,181123,359,1663.1745982199943,53926,1,359,180764,181123,181123,0.9975161642085321,0,53926,91,92,0,0,0.0
1068,1778173074.5021632,decode,360,180931,0.9964587440933174,181074,360,1663.1745982199943,53742,1,360,180714,181074,181074,0.997246301783295,1,53743,91,0,0,0,0.0
1069,1778173074.5756829,decode,360,81078,0.44652868802802165,181434,360,1663.1745982199943,53743,0,360,181074,181434,181434,0.9992289644993226,0,53743,1,1,0,0,0.0
1072,1778173075.091643,decode,361,181298,0.9984799585843788,181439,360,1663.1745982199943,53542,0,361,181078,181439,181439,0.9992565014814896,0,53542,199,0,0,0,0.0
1073,1778173075.1544707,decode,360,87167,0.4800632249110556,181298,359,1663.1745982199943,53542,1,360,180938,181298,181298,0.9984799585843788,1,53543,0,0,0,0,0.0
1074,1778173075.5051467,decode,359,181168,0.9977639970480355,181155,359,1663.1745982199943,53544,1,359,180796,181155,181155,0.9976924008944011,0,53544,186,188,0,0,0.0
1076,1778173075.6479933,decode,361,181388,0.9989756242633857,181529,360,1663.1745982199943,53356,0,361,181168,181529,181529,0.9997521671604965,0,53356,0,0,0,0,0.0
1077,1778173075.7110445,decode,360,91844,0.5058213180301144,181388,359,1663.1745982199943,53356,1,360,181028,181388,181388,0.9989756242633857,1,53357,0,0,0,0,0.0
1078,1778173076.0464625,decode,359,181345,0.998738806216749,181245,359,1663.1745982199943,53358,1,359,180886,181245,181245,0.9981880665734081,0,53358,177,179,0,0,0.0
1080,1778173076.1736295,decode,360,131273,0.7229724520030401,181205,360,1663.1745982199943,53179,1,360,180845,181205,181205,0.9979677707160717,1,53180,0,0,0,0,0.0
1081,1778173076.3829749,decode,360,134085,0.7384592507737892,181565,360,1663.1745982199943,53180,0,360,181205,181565,181565,0.9999504334320993,0,53180,99,100,0,0,0.0
1084,1778173076.7235076,decode,361,180797,0.9957207529712404,181446,360,1663.1745982199943,52986,0,361,181085,181446,181446,0.9992950532565235,0,52986,94,0,0,0,0.0
1085,1778173076.799813,decode,360,95547,0.5262152070230319,181305,360,1663.1745982199943,52987,1,360,180945,181305,181305,0.9985185103594126,0,52987,1,1,0,0,0.0
1088,1778173077.243321,decode,361,181267,0.9983092292949431,181408,360,1663.1745982199943,52814,1,361,181047,181408,181408,0.999085772192054,1,52815,170,0,0,0,0.0
1089,1778173077.296978,decode,360,138364,0.7620254001123509,181267,359,1663.1745982199943,52814,1,360,180907,181267,181267,0.9983092292949431,2,52816,0,0,0,0,0.0
1090,1778173077.482811,decode,359,139284,0.7670922048310882,181124,359,1663.1745982199943,52817,1,359,180765,181124,181124,0.9975216716049655,0,52817,85,86,0,0,0.0
1093,1778173077.7738838,decode,360,181504,0.9996144822496613,181144,360,1663.1745982199943,52647,1,360,180784,181144,181144,0.9976318195336337,1,52648,83,0,0,0,0.0
1094,1778173077.8367603,decode,360,92811,0.511146970381222,181504,359,1663.1745982199943,52647,0,360,181144,181504,181504,0.9996144822496613,1,52648,0,0,0,0,0.0
1095,1778173078.167336,decode,359,181312,0.9985570621344466,181361,359,1663.1745982199943,52649,1,359,181002,181361,181361,0.9988269245596837,0,52649,175,177,0,0,0.0
1097,1778173078.2907088,decode,360,137341,0.7563913335609724,181172,360,1663.1745982199943,52472,1,360,180812,181172,181172,0.9977860266337691,1,52473,0,0,0,0,0.0
1098,1778173078.4764564,decode,360,141181,0.777539735865267,181532,360,1663.1745982199943,52473,0,360,181172,181532,181532,0.9997686893497968,0,52473,87,88,0,0,0.0
1101,1778173078.7803779,decode,361,180893,0.9962494630288478,181542,360,1663.1745982199943,52305,0,361,181181,181542,181542,0.9998237633141309,0,52305,80,0,0,0,0.0
1102,1778173078.8507023,decode,360,92556,0.5097425842907024,181401,360,1663.1745982199943,52306,1,360,181041,181401,181401,0.9990472204170201,0,52306,1,1,0,0,0.0
1105,1778173079.296869,decode,361,181276,0.9983587958628438,181417,360,1663.1745982199943,52127,1,361,181056,181417,181417,0.9991353387599546,1,52128,176,0,0,0,0.0
1106,1778173079.348864,decode,360,138881,0.7648727240684239,181276,359,1663.1745982199943,52127,1,360,180916,181276,181276,0.9983587958628438,2,52129,0,0,0,0,0.0
1107,1778173079.533125,decode,359,133217,0.7336788306695893,181133,359,1663.1745982199943,52130,1,359,180774,181133,181133,0.9975712381728662,0,52130,84,85,0,0,0.0
1110,1778173079.8346996,decode,360,181437,0.9992454866886228,181077,360,1663.1745982199943,51949,1,360,180717,181077,181077,0.9972628239725952,1,51950,95,0,0,0,0.0
1111,1778173079.89535,decode,360,91320,0.5029354422990076,181437,359,1663.1745982199943,51949,0,360,181077,181437,181437,0.9992454866886228,1,51950,0,0,0,0,0.0
1112,1778173080.2282653,decode,359,181321,0.9986066287023473,181294,359,1663.1745982199943,51951,1,359,180935,181294,181294,0.9984579289986452,0,51951,178,180,0,0,0.0
1114,1778173080.351767,decode,360,134805,0.7424245762058445,181181,360,1663.1745982199943,51771,1,360,180821,181181,181181,0.9978355932016698,1,51772,0,0,0,0,0.0
1115,1778173080.548205,decode,360,133615,0.7358707744500864,181541,360,1663.1745982199943,51772,0,360,181181,181541,181541,0.9998182559176975,0,51772,92,93,0,0,0.0
1118,1778173080.880385,decode,361,180827,0.9958859748642427,181476,360,1663.1745982199943,51584,0,361,181115,181476,181476,0.9994602751495258,0,51584,95,0,0,0,0.0
1119,1778173080.9558275,decode,360,86009,0.4736856598411667,181335,360,1663.1745982199943,51585,1,360,180975,181335,181335,0.998683732252415,0,51585,1,1,0,0,0.0
1122,1778173081.430124,decode,361,181229,0.9980999482304735,181370,360,1663.1745982199943,51393,1,361,181009,181370,181370,0.9988764911275844,1,51394,189,0,0,0,0.0
1123,1778173081.4824026,decode,360,139835,0.7701267802658971,181229,359,1663.1745982199943,51393,1,360,180869,181229,181229,0.9980999482304735,2,51395,0,0,0,0,0.0
1124,1778173081.664267,decode,359,139255,0.7669324903345193,181086,359,1663.1745982199943,51396,1,359,180727,181086,181086,0.9973123905404959,0,51396,82,83,0,0,0.0
1127,1778173081.9534311,decode,360,181475,0.9994547677530924,181115,360,1663.1745982199943,51229,1,360,180755,181115,181115,0.9974721050370647,1,51230,83,0,0,0,0.0
1128,1778173082.015809,decode,360,91368,0.5031997973278113,181475,359,1663.1745982199943,51229,0,360,181115,181475,181475,0.9994547677530924,1,51230,0,0,0,0,0.0
1129,1778173082.3529637,decode,359,181369,0.9988709837311509,181332,359,1713.5864047112375,51231,1,359,180973,181332,181332,0.9986672100631148,0,51231,178,180,0,0,0.0
1131,1778173082.4789734,decode,360,125720,0.692389879608314,181229,359,1713.5864047112375,51051,1,360,180869,181229,181229,0.9980999482304735,1,51052,0,0,0,0,0.0
1132,1778173082.7039106,decode,359,140056,0.7713439148776807,181087,359,1713.5864047112375,51053,1,359,180728,181087,181087,0.9973178979369293,0,51053,109,111,0,0,0.0
1135,1778173082.9883912,decode,361,180768,0.9955610384746715,181417,360,1713.5864047112375,50859,1,361,181056,181417,181417,0.9991353387599546,1,50860,82,0,0,0,0.0
1136,1778173083.0324776,decode,360,99584,0.5484485664247084,181276,360,1713.5864047112375,50860,1,360,180916,181276,181276,0.9983587958628438,1,50861,1,1,0,0,0.0
1139,1778173083.4736722,decode,361,181304,0.9985130029629793,181445,360,1713.5864047112375,50697,0,361,181084,181445,181445,0.9992895458600901,0,50697,162,0,0,0,0.0
1140,1778173083.5246987,decode,360,141424,0.7788780331985857,181304,359,1713.5864047112375,50697,1,360,180944,181304,181304,0.9985130029629793,1,50698,0,0,0,0,0.0
1141,1778173083.6994846,decode,359,133260,0.7339156487162259,181161,359,1713.5864047112375,50699,1,359,180802,181161,181161,0.9977254452730017,0,50699,79,80,0,0,0.0
1144,1778173083.9989069,decode,360,181480,0.9994823047352595,181120,360,1713.5864047112375,50523,1,360,180760,181120,181120,0.9974996420192318,1,50524,95,0,0,0,0.0
1145,1778173084.0594046,decode,360,85257,0.4695440977232423,181480,359,1713.5864047112375,50523,0,360,181120,181480,181480,0.9994823047352595,1,50524,0,0,0,0,0.0
1146,1778173084.412513,decode,359,181258,0.9982596627270424,181337,359,1713.5864047112375,50525,1,359,180978,181337,181337,0.9986947470452818,0,50525,190,192,0,0,0.0
1148,1778173084.5320046,decode,360,139314,0.7672574267240905,181118,360,1713.5864047112375,50333,1,360,180758,181118,181118,0.997488627226365,1,50334,0,0,0,0,0.0
1149,1778173084.7145705,decode,360,136134,0.7497439060658464,181478,360,1713.5864047112375,50334,0,360,181118,181478,181478,0.9994712899423926,0,50334,83,84,0,0,0.0
1152,1778173085.0341058,decode,361,180846,0.9959906153964775,181495,360,1713.5864047112375,50160,0,361,181134,181495,181495,0.9995649156817606,0,50160,90,0,0,0,0.0
1153,1778173085.1039402,decode,360,93071,0.5125788934539086,181354,360,1713.5864047112375,50161,1,360,180994,181354,181354,0.9987883727846498,0,50161,1,1,0,0,0.0
1156,1778173085.547275,decode,361,181291,0.9984414068093449,181432,360,1713.5864047112375,49983,1,361,181071,181432,181432,0.9992179497064557,1,49984,175,0,0,0,0.0
1157,1778173085.6007118,decode,360,132855,0.7316851531606948,181291,359,1713.5864047112375,49983,1,360,180931,181291,181291,0.9984414068093449,2,49985,0,0,0,0,0.0
1158,1778173085.8033738,decode,359,130656,0.7195743884036261,181148,359,1713.5864047112375,49986,1,359,180789,181148,181148,0.9976538491193673,0,49986,96,97,0,0,0.0
1161,1778173086.1423717,decode,361,181376,0.9989095355061848,181517,360,1713.5864047112375,49788,0,361,181156,181517,181517,0.9996860784032956,0,49788,100,0,0,0,0.0
1162,1778173086.2040539,decode,360,89775,0.494426514809389,181376,359,1713.5864047112375,49788,1,360,181016,181376,181376,0.9989095355061848,1,49789,0,0,0,0,0.0
1163,1778173086.5419888,decode,359,181276,0.9983587958628438,181233,359,1713.5864047112375,49790,1,359,180874,181233,181233,0.9981219778162072,0,49790,181,183,0,0,0.0
1165,1778173086.661668,decode,360,140353,0.7729796116184036,181136,360,1713.5864047112375,49607,1,360,180776,181136,181136,0.9975877603621663,1,49608,0,0,0,0,0.0
1166,1778173086.83761,decode,360,138181,0.7610175465650368,181496,360,1713.5864047112375,49608,0,360,181136,181496,181496,0.999570423078194,0,49608,81,82,0,0,0.0
1169,1778173087.1529043,decode,361,180893,0.9962494630288478,181542,360,1713.5864047112375,49440,0,361,181181,181542,181542,0.9998237633141309,0,49440,86,0,0,0,0.0
1170,1778173087.2254655,decode,360,91552,0.5042131582715587,181401,360,1713.5864047112375,49441,1,360,181041,181401,181401,0.9990472204170201,0,49441,1,1,0,0,0.0
1173,1778173087.674679,decode,361,181272,0.9983367662771102,181413,360,1713.5864047112375,49260,1,361,181052,181413,181413,0.999113309174221,1,49261,178,0,0,0,0.0
1174,1778173087.7267292,decode,360,138877,0.7648506944826903,181272,359,1713.5864047112375,49260,1,360,180912,181272,181272,0.9983367662771102,2,49262,0,0,0,0,0.0
1175,1778173087.910827,decode,359,133213,0.7336568010838557,181129,359,1713.5864047112375,49263,1,359,180770,181129,181129,0.9975492085871325,0,49263,84,85,0,0,0.0
1178,1778173088.2402215,decode,361,181433,0.9992234571028892,181574,360,1713.5864047112375,49082,0,361,181213,181574,181574,1.0,0,49082,95,0,0,0,0.0
1179,1778173088.301579,decode,360,91326,0.5029684866776081,181433,359,1713.5864047112375,49082,1,360,181073,181433,181433,0.9992234571028892,1,49083,0,0,0,0,0.0
1180,1778173088.6330504,decode,359,181327,0.9986396730809477,181290,359,1713.5864047112375,49084,1,359,180931,181290,181290,0.9984358994129116,0,49084,178,180,0,0,0.0
1182,1778173088.7491481,decode,360,133292,0.734091885402095,181187,360,1713.5864047112375,48904,1,360,180827,181187,181187,0.9978686375802703,1,48905,0,0,0,0,0.0
1183,1778173088.9460926,decode,360,137618,0.757916882373027,181547,360,1713.5864047112375,48905,0,360,181187,181547,181547,0.9998513002962979,0,48905,95,96,0,0,0.0
1186,1778173089.2515647,decode,361,180830,0.995902497053543,181479,360,1713.5864047112375,48722,0,361,181118,181479,181479,0.999476797338826,0,48722,87,0,0,0,0.0
1187,1778173089.3198526,decode,360,82508,0.454404264927798,181338,360,1713.5864047112375,48723,1,360,180978,181338,181338,0.9987002544417152,0,48723,1,1,0,0,0.0
1190,1778173089.7897754,decode,361,181228,0.9980944408340401,181369,360,1713.5864047112375,48524,1,361,181008,181369,181369,0.9988709837311509,1,48525,196,0,0,0,0.0
1191,1778173089.8414955,decode,360,129276,0.7119741813255202,181228,359,1713.5864047112375,48524,1,360,180868,181228,181228,0.9980944408340401,2,48526,0,0,0,0,0.0
1192,1778173090.0508077,decode,359,135140,0.7442695540110368,181085,359,1713.5864047112375,48527,1,359,180726,181085,181085,0.9973068831440625,0,48527,103,104,0,0,0.0
1195,1778173090.362019,decode,361,181360,0.9988214171632502,181501,360,1713.5864047112375,48331,0,361,181140,181501,181501,0.9995979600603611,0,48331,91,0,0,0,0.0
1196,1778173090.4206455,decode,360,94341,0.5195732869243394,181360,359,1713.5864047112375,48331,1,360,181000,181360,181360,0.9988214171632502,1,48332,0,0,0,0,0.0
1197,1778173090.7406728,decode,359,181342,0.9987222840274489,181217,359,1717.0357016997136,48333,1,359,180858,181217,181217,0.9980338594732726,0,48333,172,174,0,0,0.0
1199,1778173090.8591344,decode,360,134318,0.7397424741427737,181202,360,1717.0357016997136,48159,1,360,180842,181202,181202,0.9979512485267714,1,48160,0,0,0,0,0.0
1200,1778173091.0519564,decode,360,140154,0.7718836397281549,181562,360,1717.0357016997136,48160,0,360,181202,181562,181562,0.9999339112427991,0,48160,93,94,0,0,0.0
1203,1778173091.353916,decode,361,180866,0.9961007633251456,181515,360,1717.0357016997136,47984,0,361,181154,181515,181515,0.9996750636104288,0,47984,82,0,0,0,0.0
1204,1778173091.4249222,decode,360,90541,0.4986451804773811,181374,360,1717.0357016997136,47985,1,360,181014,181374,181374,0.998898520713318,0,47985,1,1,0,0,0.0
1207,1778173091.8728127,decode,361,181261,0.9982761849163426,181402,360,1717.0357016997136,47802,1,361,181041,181402,181402,0.9990527278134534,1,47803,180,0,0,0,0.0
1208,1778173091.9245071,decode,360,134334,0.7398305924857083,181261,359,1717.0357016997136,47802,1,360,180901,181261,181261,0.9982761849163426,2,47804,0,0,0,0,0.0
1209,1778173092.1188204,decode,359,135705,0.7473812329959135,181118,359,1717.0357016997136,47805,1,359,180759,181118,181118,0.997488627226365,0,47805,93,94,0,0,0.0
1212,1778173092.4315534,decode,361,181425,0.9991793979314219,181566,360,1717.0357016997136,47620,0,361,181205,181566,181566,0.9999559408285327,0,47620,90,0,0,0,0.0
1213,1778173092.4932072,decode,360,89296,0.4917884719177856,181425,359,1717.0357016997136,47620,1,360,181065,181425,181425,0.9991793979314219,1,47621,0,0,0,0,0.0
1214,1778173092.8321376,decode,359,181297,0.9984744511879454,181282,359,1717.0357016997136,47622,1,359,180923,181282,181282,0.9983918402414442,0,47622,182,184,0,0,0.0
1216,1778173092.9489238,decode,360,136310,0.7507132078381266,181157,360,1717.0357016997136,47438,1,360,180797,181157,181157,0.997703415687268,1,47439,0,0,0,0,0.0
1217,1778173093.1364293,decode,360,134624,0.7414277374513972,181517,360,1717.0357016997136,47439,0,360,181157,181517,181517,0.9996860784032956,0,47439,89,90,0,0,0.0
1220,1778173093.4529374,decode,361,180836,0.9959355414321434,181485,360,1717.0357016997136,47256,0,361,181124,181485,181485,0.9995098417174265,0,47256,93,0,0,0,0.0
1221,1778173093.522016,decode,360,91038,0.5013823565047859,181344,360,1717.0357016997136,47257,1,360,180984,181344,181344,0.9987332988203157,0,47257,1,1,0,0,0.0
1224,1778173093.963007,decode,361,181258,0.9982596627270424,181399,360,1717.0357016997136,47075,1,361,181038,181399,181399,0.9990362056241532,1,47076,179,0,0,0,0.0
1225,1778173094.0137188,decode,360,135845,0.7481522684965909,181258,359,1717.0357016997136,47075,1,360,180898,181258,181258,0.9982596627270424,2,47077,0,0,0,0,0.0
1226,1778173094.20328,decode,359,136223,0.7502340643484199,181115,359,1717.0357016997136,47078,1,359,180756,181115,181115,0.9974721050370647,0,47078,90,91,0,0,0.0
1229,1778173094.4926775,decode,360,181443,0.9992785310672233,181083,360,1717.0357016997136,46897,1,360,180723,181083,181083,0.9972958683511957,1,46898,89,0,0,0,0.0
1230,1778173094.5512843,decode,360,96341,0.5305880797911595,181443,359,1717.0357016997136,46897,0,360,181083,181443,181443,0.9992785310672233,1,46898,0,0,0,0,0.0
1231,1778173094.863,decode,359,181342,0.9987222840274489,181300,359,1717.0357016997136,46899,1,359,180941,181300,181300,0.9984909733772457,0,46899,168,170,0,0,0.0
1233,1778173094.9775634,decode,360,135847,0.7481632832894577,181202,360,1717.0357016997136,46729,1,360,180842,181202,181202,0.9979512485267714,1,46730,0,0,0,0,0.0
1234,1778173095.1646907,decode,360,135163,0.7443962241290053,181562,360,1717.0357016997136,46730,0,360,181202,181562,181562,0.9999339112427991,0,46730,90,91,0,0,0.0
1237,1778173095.473041,decode,361,180875,0.9961503298930464,181524,360,1717.0357016997136,46547,0,361,181163,181524,181524,0.9997246301783295,0,46547,92,0,0,0,0.0
1238,1778173095.53925,decode,360,88000,0.4846508861400861,181383,360,1717.0357016997136,46548,1,360,181023,181383,181383,0.9989480872812186,0,46548,1,1,0,0,0.0
1241,1778173095.986358,decode,361,181220,0.9980503816625729,181361,360,1717.0357016997136,46360,1,361,181000,181361,181361,0.9988269245596837,1,46361,185,0,0,0,0.0
1242,1778173096.0341322,decode,360,135304,0.7451727670261161,181220,359,1717.0357016997136,46360,1,360,180860,181220,181220,0.9980503816625729,2,46362,0,0,0,0,0.0
1243,1778173096.2206926,decode,359,142773,0.7863075109872559,181077,359,1717.0357016997136,46363,1,359,180718,181077,181077,0.9972628239725952,0,46363,91,92,0,0,0.0
1246,1778173096.4859257,decode,360,181493,0.9995539008888937,181133,360,1717.0357016997136,46194,1,360,180773,181133,181133,0.9975712381728662,1,46195,76,0,0,0,0.0
1247,1778173096.5467017,decode,360,88811,0.4891173846475817,181493,359,1717.0357016997136,46194,0,360,181133,181493,181493,0.9995539008888937,1,46195,0,0,0,0,0.0
1248,1778173096.8867633,decode,359,181312,0.9985570621344466,181350,359,1717.0357016997136,46196,1,359,180991,181350,181350,0.9987663431989161,0,46196,183,185,0,0,0.0
1250,1778173097.0016234,decode,360,133780,0.7367794948615991,181172,360,1717.0357016997136,46011,1,360,180812,181172,181172,0.9977860266337691,1,46012,0,0,0,0,0.0
1251,1778173097.1949456,decode,360,133088,0.7329683765296794,181532,360,1717.0357016997136,46012,0,360,181172,181532,181532,0.9997686893497968,0,46012,94,95,0,0,0.0
1254,1778173097.5098932,decode,361,180800,0.9957372751605406,181449,360,1717.0357016997136,45821,0,361,181088,181449,181449,0.9993115754458237,0,45821,96,0,0,0,0.0
1255,1778173097.5751033,decode,360,95555,0.5262592661944993,181308,360,1717.0357016997136,45822,1,360,180948,181308,181308,0.9985350325487129,0,45822,1,1,0,0,0.0
1258,1778173097.996474,decode,361,181275,0.9983532884664104,181416,360,1717.0357016997136,45649,1,361,181055,181416,181416,0.9991298313635212,1,45650,170,0,0,0,0.0
1259,1778173098.0442686,decode,360,138372,0.7620694592838182,181275,359,1717.0357016997136,45649,1,360,180915,181275,181275,0.9983532884664104,2,45651,0,0,0,0,0.0
1260,1778173098.2234802,decode,359,137264,0.7559672640355998,181132,359,1717.0357016997136,45652,1,359,180773,181132,181132,0.9975657307764327,0,45652,85,86,0,0,0.0
1263,1778173098.5048873,decode,360,180981,0.9967341139149878,181124,360,1717.0357016997136,45478,1,360,180764,181124,181124,0.9975216716049655,1,45479,87,0,0,0,0.0
1264,1778173098.5730686,decode,360,89110,0.49076409618117134,181484,360,1717.0357016997136,45479,0,360,181124,181484,181484,0.9995043343209931,0,45479,1,1,0,0,0.0
1267,1778173099.040364,decode,361,181330,0.998656195270248,181471,360,1735.3648799956727,45294,0,361,181110,181471,181471,0.9994327381673588,0,45294,183,0,0,0,0.0
1268,1778173099.0997202,decode,360,86696,0.4774692411909194,181330,359,1735.3648799956727,45294,1,360,180970,181330,181330,0.998656195270248,1,45295,0,0,0,0,0.0
1269,1778173099.4452212,decode,359,181197,0.9979237115446044,181187,359,1735.3648799956727,45296,1,359,180828,181187,181187,0.9978686375802703,0,45296,187,189,0,0,0.0
1271,1778173099.5744398,decode,361,180914,0.9963651183539494,181558,360,1735.3648799956727,45107,0,361,181197,181558,181558,0.9999118816570655,0,45107,0,0,0,0,0.0
1272,1778173099.6429014,decode,360,88596,0.48793329441439853,181417,360,1735.3648799956727,45108,1,360,181057,181417,181417,0.9991353387599546,0,45108,1,1,0,0,0.0
1275,1778173100.1095815,decode,361,181316,0.9985790917201802,181457,360,1735.3648799956727,44922,0,361,181096,181457,181457,0.999355634617291,0,44922,184,0,0,0,0.0
1276,1778173100.1677072,decode,360,92235,0.5079747100355778,181316,359,1735.3648799956727,44922,1,360,180956,181316,181316,0.9985790917201802,1,44923,0,0,0,0,0.0
1277,1778173100.491498,decode,359,181236,0.9981385000055074,181173,359,1735.3648799956727,44924,1,359,180814,181173,181173,0.9977915340302026,0,44924,176,178,0,0,0.0
1279,1778173100.5930915,decode,360,181456,0.9993501272208576,181096,360,1735.3648799956727,44746,1,360,180736,181096,181096,0.9973674645048299,1,44747,0,0,0,0,0.0
1280,1778173100.649633,decode,360,90811,0.5001321775144019,181456,359,1735.3648799956727,44746,0,360,181096,181456,181456,0.9993501272208576,1,44747,0,0,0,0,0.0
1281,1778173100.975844,decode,359,181312,0.9985570621344466,181313,359,1735.3648799956727,44748,1,359,180954,181313,181313,0.99856256953088,0,44748,179,181,0,0,0.0
1283,1778173101.0853794,decode,360,135812,0.7479705244142884,181172,360,1735.3648799956727,44567,1,360,180812,181172,181172,0.9977860266337691,1,44568,0,0,0,0,0.0
1284,1778173101.268066,decode,360,133622,0.7359093262251203,181532,360,1735.3648799956727,44568,0,360,181172,181532,181532,0.9997686893497968,0,44568,90,91,0,0,0.0
1287,1778173101.5815318,decode,361,180834,0.9959245266392766,181483,360,1735.3648799956727,44382,0,361,181122,181483,181483,0.9994988269245597,0,44382,95,0,0,0,0.0
1288,1778173101.6501243,decode,360,86011,0.47369667463403353,181342,360,1735.3648799956727,44383,1,360,180982,181342,181342,0.9987222840274489,0,44383,1,1,0,0,0.0
1291,1778173102.1131635,decode,361,181231,0.9981109630233403,181372,360,1735.3648799956727,44191,1,361,181011,181372,181372,0.9988875059204512,1,44192,189,0,0,0,0.0
1292,1778173102.1652482,decode,360,128771,0.7091929461266481,181231,359,1735.3648799956727,44191,1,360,180871,181231,181231,0.9981109630233403,2,44193,0,0,0,0,0.0
1293,1778173102.3724124,decode,359,138684,0.7637877669710421,181088,359,1735.3648799956727,44194,1,359,180729,181088,181088,0.9973234053333627,0,44194,104,105,0,0,0.0
1296,1778173102.664451,decode,361,181404,0.9990637426063202,181545,360,1735.3648799956727,44004,0,361,181184,181545,181545,0.9998402855034311,0,44004,84,0,0,0,0.0
1297,1778173102.7212343,decode,360,93817,0.5166874111932325,181404,359,1735.3648799956727,44004,1,360,181044,181404,181404,0.9990637426063202,1,44005,0,0,0,0,0.0
1298,1778173103.0383916,decode,359,181318,0.998590106513047,181261,359,1735.3648799956727,44006,1,359,180902,181261,181261,0.9982761849163426,0,44006,173,175,0,0,0.0
1300,1778173103.1484737,decode,360,137347,0.7564243779395728,181178,360,1735.3648799956727,43831,1,360,180818,181178,181178,0.9978190710123697,1,43832,0,0,0,0,0.0
1301,1778173103.327395,decode,360,138175,0.7609845021864364,181538,360,1735.3648799956727,43832,0,360,181178,181538,181538,0.9998017337283972,0,43832,87,88,0,0,0.0
1304,1778173103.625569,decode,361,180887,0.9962164186502472,181536,360,1735.3648799956727,43658,0,361,181175,181536,181536,0.9997907189355304,0,43658,86,0,0,0,0.0
1305,1778173103.6935139,decode,360,84006,0.4626543447850463,181395,360,1735.3648799956727,43659,1,360,181035,181395,181395,0.9990141760384196,0,43659,1,1,0,0,0.0
1308,1778173104.1569,decode,361,181226,0.9980834260411733,181367,360,1735.3648799956727,43463,1,361,181006,181367,181367,0.9988599689382841,1,43464,193,0,0,0,0.0
1309,1778173104.2092721,decode,360,127765,0.7036525053146375,181226,359,1735.3648799956727,43463,1,360,180866,181226,181226,0.9980834260411733,2,43465,0,0,0,0,0.0
1310,1778173104.4210072,decode,359,137157,0.755377972617225,181083,359,1735.3648799956727,43466,1,359,180724,181083,181083,0.9972958683511957,0,43466,106,107,0,0,0.0
1313,1778173104.7161977,decode,361,180874,0.996144822496613,181518,360,1735.3648799956727,43271,0,361,181157,181518,181518,0.999691585799729,0,43271,87,0,0,0,0.0
1314,1778173104.7808673,decode,360,88611,0.48801590536089967,181377,360,1735.3648799956727,43272,1,360,181017,181377,181377,0.9989150429026182,0,43272,1,1,0,0,0.0
1317,1778173105.2343178,decode,361,181331,0.9986617026666813,181472,360,1735.3648799956727,43086,0,361,181111,181472,181472,0.9994382455637921,0,43086,184,0,0,0,0.0
1318,1778173105.2905698,decode,360,92728,0.510689856477249,181331,359,1735.3648799956727,43086,1,360,180971,181331,181331,0.9986617026666813,1,43087,0,0,0,0,0.0
1319,1778173105.6109633,decode,359,181229,0.9980999482304735,181188,359,1735.3648799956727,43088,1,359,180829,181188,181188,0.9978741449767037,0,43088,175,177,0,0,0.0
1321,1778173105.7105641,decode,360,180946,0.9965413550398184,181089,360,1735.3648799956727,42911,1,360,180729,181089,181089,0.9973289127297961,1,42912,0,0,0,0,0.0
1322,1778173105.7724602,decode,360,86630,0.47710575302631436,181449,360,1735.3648799956727,42912,0,360,181089,181449,181449,0.9993115754458237,0,42912,1,1,0,0,0.0
1325,1778173106.23109,decode,361,181350,0.9987663431989161,181491,360,1735.3648799956727,42722,0,361,181130,181491,181491,0.9995428860960269,0,42722,188,0,0,0,0.0
1326,1778173106.2879803,decode,360,86163,0.47453379889191183,181350,359,1735.3648799956727,42722,1,360,180990,181350,181350,0.9987663431989161,1,42723,0,0,0,0,0.0
1327,1778173106.6316607,decode,359,181164,0.9977419674623019,181207,359,1735.3648799956727,42724,1,359,180848,181207,181207,0.9979787855089385,0,42724,188,190,0,0,0.0
1329,1778173106.7539861,decode,361,181384,0.9989535946776521,181525,360,1735.3648799956727,42534,0,361,181164,181525,181525,0.9997301375747629,0,42534,0,0,0,0,0.0
1330,1778173106.811541,decode,360,92841,0.5113121922742243,181384,359,1735.3648799956727,42534,1,360,181024,181384,181384,0.9989535946776521,1,42535,0,0,0,0,0.0
1331,1778173107.1335511,decode,359,181342,0.9987222840274489,181241,359,1779.520440974812,42536,1,359,180882,181241,181241,0.9981660369876745,0,42536,175,177,0,0,0.0
1333,1778173107.2433302,decode,360,132291,0.7285789815722515,181202,360,1779.520440974812,42359,1,360,180842,181202,181202,0.9979512485267714,1,42360,0,0,0,0,0.0
1334,1778173107.4378252,decode,360,140629,0.7744996530340247,181562,360,1779.520440974812,42360,0,360,181202,181562,181562,0.9999339112427991,0,42360,97,98,0,0,0.0
1337,1778173107.7211215,decode,361,180841,0.9959630784143104,181490,360,1779.520440974812,42181,0,361,181129,181490,181490,0.9995373786995936,0,42181,81,0,0,0,0.0
1338,1778173107.7866302,decode,360,94562,0.520790421536123,181349,360,1779.520440974812,42182,1,360,180989,181349,181349,0.9987608358024828,0,42182,1,1,0,0,0.0
1341,1778173108.2081473,decode,361,181282,0.9983918402414442,181423,360,1779.520440974812,42007,1,361,181062,181423,181423,0.999168383138555,1,42008,172,0,0,0,0.0
1342,1778173108.2559638,decode,360,137881,0.7593653276350139,181282,359,1779.520440974812,42007,1,360,180922,181282,181282,0.9983918402414442,2,42009,0,0,0,0,0.0
1343,1778173108.4339077,decode,359,133724,0.7364710806613282,181139,359,1779.520440974812,42010,1,359,180780,181139,181139,0.9976042825514666,0,42010,86,87,0,0,0.0
1346,1778173108.7118735,decode,360,180941,0.9965138180576514,181084,360,1779.520440974812,41828,1,360,180724,181084,181084,0.9973013757476291,1,41829,94,0,0,0,0.0
1347,1778173108.77271,decode,360,86098,0.47417581812374016,181444,360,1779.520440974812,41829,0,360,181084,181444,181444,0.9992840384636567,0,41829,1,1,0,0,0.0
1350,1778173109.2303827,decode,361,181318,0.998590106513047,181459,360,1779.520440974812,41638,0,361,181098,181459,181459,0.9993666494101578,0,41638,189,0,0,0,0.0
1351,1778173109.2864974,decode,360,94732,0.5217266789298027,181318,359,1779.520440974812,41638,1,360,180958,181318,181318,0.998590106513047,1,41639,0,0,0,0,0.0
1352,1778173109.5995536,decode,359,181233,0.9981219778162072,181175,359,1779.520440974812,41640,1,359,180816,181175,181175,0.9978025488230694,0,41640,171,173,0,0,0.0
1354,1778173109.6994839,decode,360,180950,0.9965633846255522,181093,360,1779.520440974812,41467,1,360,180733,181093,181093,0.9973509423155298,1,41468,0,0,0,0,0.0
1355,1778173109.7637014,decode,360,90670,0.49935563461729104,181453,360,1779.520440974812,41468,0,360,181093,181453,181453,0.9993336050315574,0,41468,1,1,0,0,0.0
1358,1778173110.2100403,decode,361,181390,0.9989866390562525,181531,360,1779.520440974812,41286,0,361,181170,181531,181531,0.9997631819533633,0,41286,180,0,0,0,0.0
1359,1778173110.268733,decode,360,81636,0.44960181523786447,181390,359,1779.520440974812,41286,1,360,181030,181390,181390,0.9989866390562525,1,41287,0,0,0,0,0.0
1360,1778173110.629799,decode,359,181137,0.9975932677585998,181247,359,1779.520440974812,41288,1,359,180888,181247,181247,0.9981990813662749,0,41288,197,199,0,0,0.0
1362,1778173110.7490737,decode,361,181357,0.99880489497395,181498,360,1779.520440974812,41089,0,361,181137,181498,181498,0.9995814378710608,0,41089,0,0,0,0,0.0
1363,1778173110.805676,decode,360,93317,0.5139337129765275,181357,359,1779.520440974812,41089,1,360,180997,181357,181357,0.99880489497395,1,41090,0,0,0,0,0.0
1364,1778173111.1215746,decode,359,181318,0.998590106513047,181214,359,1779.520440974812,41091,1,359,180855,181214,181214,0.9980173372839724,0,41091,174,176,0,0,0.0
1366,1778173111.2268891,decode,360,137342,0.7563968409574058,181178,360,1779.520440974812,40915,1,360,180818,181178,181178,0.9978190710123697,1,40916,0,0,0,0,0.0
1367,1778173111.4018233,decode,360,138170,0.7609569652042694,181538,360,1779.520440974812,40916,0,360,181178,181538,181538,0.9998017337283972,0,40916,87,88,0,0,0.0
1370,1778173111.6798184,decode,361,180882,0.9961888816680803,181531,360,1779.520440974812,40742,0,361,181170,181531,181531,0.9997631819533633,0,40742,86,0,0,0,0.0
1371,1778173111.738956,decode,360,92545,0.5096820029299349,181390,360,1779.520440974812,40743,1,360,181030,181390,181390,0.9989866390562525,0,40743,1,1,0,0,0.0
1374,1778173112.1506543,decode,361,181265,0.9982982145020763,181406,360,1779.520440974812,40564,1,361,181045,181406,181406,0.9990747573991872,1,40565,176,0,0,0,0.0
1375,1778173112.1951125,decode,360,134338,0.739852622071442,181265,359,1779.520440974812,40564,1,360,180905,181265,181265,0.9982982145020763,2,40566,0,0,0,0,0.0
1376,1778173112.3814905,decode,359,136723,0.752987762565125,181122,359,1779.520440974812,40567,1,359,180763,181122,181122,0.9975106568120986,0,40567,93,94,0,0,0.0
1379,1778173112.654986,decode,360,181443,0.9992785310672233,181083,360,1779.520440974812,40384,1,360,180723,181083,181083,0.9972958683511957,1,40385,88,0,0,0,0.0
1380,1778173112.7125227,decode,360,91296,0.5028032647846057,181443,359,1779.520440974812,40384,0,360,181083,181443,181443,0.9992785310672233,1,40385,0,0,0,0,0.0
1381,1778173113.0404544,decode,359,181297,0.9984744511879454,181300,359,1779.520440974812,40386,1,359,180941,181300,181300,0.9984909733772457,0,40386,178,180,0,0,0.0
1383,1778173113.1475267,decode,360,138845,0.7646744577968211,181157,360,1779.520440974812,40206,1,360,180797,181157,181157,0.997703415687268,1,40207,0,0,0,0,0.0
1384,1778173113.3193057,decode,360,133153,0.733326357297851,181517,360,1779.520440974812,40207,0,360,181157,181517,181517,0.9996860784032956,0,40207,84,85,0,0,0.0
1387,1778173113.6150608,decode,361,180865,0.9960952559287123,181514,360,1779.520440974812,40026,0,361,181153,181514,181514,0.9996695562139954,0,40026,96,0,0,0,0.0
1388,1778173113.6767118,decode,360,87513,0.48196878407701543,181373,360,1779.520440974812,40027,1,360,181013,181373,181373,0.9988930133168846,0,40027,1,1,0,0,0.0
1391,1778173114.109216,decode,361,181233,0.9981219778162072,181374,360,1779.520440974812,39838,1,361,181013,181374,181374,0.998898520713318,1,39839,186,0,0,0,0.0
1392,1778173114.1551871,decode,360,135815,0.7479870466035886,181233,359,1779.520440974812,39838,1,360,180873,181233,181233,0.9981219778162072,2,39840,0,0,0,0,0.0
1393,1778173114.3344865,decode,359,139742,0.76961459239759,181090,359,1779.520440974812,39841,1,359,180731,181090,181090,0.9973344201262295,0,39841,90,91,0,0,0.0
1396,1778173114.5919237,decode,360,180959,0.9966129511934528,181102,360,1779.520440974812,39667,1,360,180742,181102,181102,0.9974005088834305,1,39668,82,0,0,0,0.0
1397,1778173114.6527138,decode,360,91653,0.5047694053113331,181462,360,1779.520440974812,39668,0,360,181102,181462,181462,0.9993831715994581,0,39668,1,1,0,0,0.0
1400,1778173115.0906987,decode,361,181373,0.9988930133168846,181514,360,1810.071885158793,39488,0,361,181153,181514,181514,0.9996695562139954,0,39488,178,0,0,0,0.0
1401,1778173115.1478295,decode,360,89702,0.4940244748697501,181373,359,1810.071885158793,39488,1,360,181013,181373,181373,0.9988930133168846,1,39489,0,0,0,0,0.0
1402,1778173115.4775817,decode,359,181203,0.9979567559232049,181230,359,1810.071885158793,39490,1,359,180871,181230,181230,0.9981054556269069,0,39490,181,183,0,0,0.0
1404,1778173115.5964088,decode,361,180920,0.9963981627325498,181564,360,1810.071885158793,39307,0,361,181203,181564,181564,0.9999449260356659,0,39307,0,0,0,0,0.0
1405,1778173115.6561835,decode,360,94656,0.5213081168008635,181423,360,1810.071885158793,39308,1,360,181063,181423,181423,0.999168383138555,0,39308,1,1,0,0,0.0
1408,1778173116.0762157,decode,361,181376,0.9989095355061848,181517,360,1810.071885158793,39134,0,361,181156,181517,181517,0.9996860784032956,0,39134,172,0,0,0,0.0
1409,1778173116.1301947,decode,360,92738,0.5107449304415831,181376,359,1810.071885158793,39134,1,360,181016,181376,181376,0.9989095355061848,1,39135,0,0,0,0,0.0
1410,1778173116.4449854,decode,359,181239,0.9981550221948077,181233,359,1810.071885158793,39136,1,359,180874,181233,181233,0.9981219778162072,0,39136,175,177,0,0,0.0
1412,1778173116.5389283,decode,360,180956,0.9965964290041526,181099,360,1810.071885158793,38959,1,360,180739,181099,181099,0.9973839866941302,1,38960,0,0,0,0,0.0
1413,1778173116.5970087,decode,360,90129,0.49637613314681617,181459,360,1810.071885158793,38960,0,360,181099,181459,181459,0.9993666494101578,0,38960,1,1,0,0,0.0
1416,1778173117.0285926,decode,361,181349,0.9987608358024828,181490,360,1810.071885158793,38777,0,361,181129,181490,181490,0.9995373786995936,0,38777,181,0,0,0,0.0
1417,1778173117.0830739,decode,360,90211,0.4968277396543558,181349,359,1810.071885158793,38777,1,360,180989,181349,181349,0.9987608358024828,1,38778,0,0,0,0,0.0
1418,1778173117.411586,decode,359,181212,0.9980063224911055,181206,359,1810.071885158793,38779,1,359,180847,181206,181206,0.9979732781125051,0,38779,180,182,0,0,0.0
1420,1778173117.5233033,decode,361,181432,0.9992179497064557,181573,360,1810.071885158793,38597,0,361,181212,181573,181573,0.9999944926035665,0,38597,0,0,0,0,0.0
1421,1778173117.5794225,decode,360,89811,0.4946247810809918,181432,359,1810.071885158793,38597,1,360,181072,181432,181432,0.9992179497064557,1,38598,0,0,0,0,0.0
1422,1778173117.9079993,decode,359,181312,0.9985570621344466,181289,359,1810.071885158793,38599,1,359,180930,181289,181289,0.9984303920164781,0,38599,181,183,0,0,0.0
1424,1778173118.0119567,decode,360,134293,0.7396047892319385,181172,360,1810.071885158793,38416,1,360,180812,181172,181172,0.9977860266337691,1,38417,0,0,0,0,0.0
1425,1778173118.2066696,decode,360,135611,0.746863537731173,181532,360,1810.071885158793,38417,0,360,181172,181532,181532,0.9997686893497968,0,38417,93,94,0,0,0.0
1428,1778173118.4912517,decode,361,180823,0.9958639452785091,181472,360,1810.071885158793,38232,0,361,181111,181472,181472,0.9994382455637921,0,38232,91,0,0,0,0.0
1429,1778173118.5505004,decode,360,93048,0.5124522233359402,181331,360,1810.071885158793,38233,1,360,180971,181331,181331,0.9986617026666813,0,38233,1,1,0,0,0.0
1432,1778173118.964848,decode,361,181268,0.9983147366913765,181409,360,1810.071885158793,38055,1,361,181048,181409,181409,0.9990912795884873,1,38056,175,0,0,0,0.0
1433,1778173119.0109003,decode,360,137867,0.7592882240849461,181268,359,1810.071885158793,38055,1,360,180908,181268,181268,0.9983147366913765,2,38057,0,0,0,0,0.0
1434,1778173119.1868432,decode,359,135738,0.7475629770782161,181125,359,1810.071885158793,38058,1,359,180766,181125,181125,0.9975271790013989,0,38058,86,87,0,0,0.0
1437,1778173119.4497538,decode,360,181458,0.9993611420137244,181098,360,1810.071885158793,37880,1,360,180738,181098,181098,0.9973784792976969,1,37881,90,0,0,0,0.0
1438,1778173119.5051978,decode,360,89299,0.49180499410708584,181458,359,1810.071885158793,37880,0,360,181098,181458,181458,0.9993611420137244,1,37881,0,0,0,0,0.0
1439,1778173119.8340564,decode,359,181300,0.9984909733772457,181315,359,1810.071885158793,37882,1,359,180956,181315,181315,0.9985735843237468,0,37882,182,184,0,0,0.0
1441,1778173119.9343643,decode,360,135805,0.7479319726392545,181160,360,1810.071885158793,37698,1,360,180800,181160,181160,0.9977199378765682,1,37699,0,0,0,0,0.0
1442,1778173120.1123962,decode,360,137631,0.7579884785266613,181520,360,1810.071885158793,37699,0,360,181160,181520,181520,0.9997026005925959,0,37699,90,91,0,0,0.0
1445,1778173120.3906257,decode,361,180843,0.9959740932071772,181492,360,1810.071885158793,37521,0,361,181131,181492,181492,0.9995483934924604,0,37521,87,0,0,0,0.0
1446,1778173120.4495473,decode,360,96572,0.5318602883672773,181351,360,1810.071885158793,37522,1,360,180991,181351,181351,0.9987718505953496,0,37522,1,1,0,0,0.0
1449,1778173120.8514097,decode,361,181292,0.9984469142057784,181433,360,1810.071885158793,37351,1,361,181072,181433,181433,0.9992234571028892,1,37352,168,0,0,0,0.0
1450,1778173120.8979616,decode,360,135376,0.7455692995693216,181292,359,1810.071885158793,37351,1,360,180932,181292,181292,0.9984469142057784,2,37353,0,0,0,0,0.0
1451,1778173121.0806468,decode,359,133212,0.7336512936874222,181149,359,1810.071885158793,37354,1,359,180790,181149,181149,0.9976593565158007,0,37354,91,92,0,0,0.0
1454,1778173121.3701885,decode,361,181432,0.9992179497064557,181573,360,1810.071885158793,37166,0,361,181212,181573,181573,0.9999944926035665,0,37166,95,0,0,0,0.0
1455,1778173121.425653,decode,360,85742,0.4722151849934462,181432,359,1810.071885158793,37166,1,360,181072,181432,181432,0.9992179497064557,1,37167,0,0,0,0,0.0
1456,1778173121.7772644,decode,359,181243,0.9981770517805413,181289,359,1810.071885158793,37168,1,359,180930,181289,181289,0.9984303920164781,0,37168,189,191,0,0,0.0
1458,1778173121.8878188,decode,360,142347,0.7839613601066232,181103,360,1810.071885158793,36977,1,360,180743,181103,181103,0.9974060162798638,1,36978,0,0,0,0,0.0
1459,1778173122.0481348,decode,360,133657,0.7361020851002897,181463,360,1810.071885158793,36978,0,360,181103,181463,181463,0.9993886789958915,0,36978,77,78,0,0,0.0
1462,1778173122.337593,decode,361,180869,0.9961172855144459,181518,360,1810.071885158793,36805,0,361,181157,181518,181518,0.999691585799729,0,36805,95,0,0,0,0.0
1463,1778173122.3959582,decode,360,87035,0.4793362485818454,181377,360,1810.071885158793,36806,1,360,181017,181377,181377,0.9989150429026182,0,36806,1,1,0,0,0.0
1466,1778173122.8245819,decode,361,181255,0.9982431405377422,181396,360,1862.324207898285,36616,1,361,181035,181396,181396,0.999019683434853,1,36617,187,0,0,0,0.0
1467,1778173122.870693,decode,360,132316,0.7287166664830868,181255,359,1862.324207898285,36616,1,360,180895,181255,181255,0.9982431405377422,2,36618,0,0,0,0,0.0
1468,1778173123.0616877,decode,359,133659,0.7361130998931565,181112,359,1862.324207898285,36619,1,359,180753,181112,181112,0.9974555828477646,0,36619,97,98,0,0,0.0
1471,1778173123.3456795,decode,361,180876,0.9961558372894798,181520,360,1862.324207898285,36426,0,361,181159,181520,181520,0.9997026005925959,0,36426,94,0,0,0,0.0
1472,1778173123.4032052,decode,360,91635,0.5046702721755317,181379,360,1862.324207898285,36427,1,360,181019,181379,181379,0.998926057695485,0,36427,1,1,0,0,0.0
1475,1778173123.82666,decode,361,181355,0.9987938801810832,181496,360,1862.324207898285,36247,0,361,181135,181496,181496,0.999570423078194,0,36247,178,0,0,0,0.0
1476,1778173123.879215,decode,360,89211,0.49132034322094575,181355,359,1862.324207898285,36247,1,360,180995,181355,181355,0.9987938801810832,1,36248,0,0,0,0,0.0
1477,1778173124.2049198,decode,359,181212,0.9980063224911055,181212,359,1862.324207898285,36249,1,359,180853,181212,181212,0.9980063224911055,0,36249,182,184,0,0,0.0
1479,1778173124.3111017,decode,361,180929,0.9964477293004506,181573,360,1862.324207898285,36065,0,361,181212,181573,181573,0.9999944926035665,0,36065,0,0,0,0,0.0
1480,1778173124.3644793,decode,360,91623,0.5046041834183308,181432,360,1862.324207898285,36066,1,360,181072,181432,181432,0.9992179497064557,0,36066,1,1,0,0,0.0
1483,1778173124.7837799,decode,361,181343,0.9987277914238822,181484,360,1862.324207898285,35886,0,361,181123,181484,181484,0.9995043343209931,0,35886,178,0,0,0,0.0
1484,1778173124.8339343,decode,360,97770,0.5384581492945025,181343,359,1862.324207898285,35886,1,360,180983,181343,181343,0.9987277914238822,1,35887,0,0,0,0,0.0
1485,1778173125.127554,decode,359,181271,0.9983312588806768,181200,359,1862.324207898285,35888,1,359,180841,181200,181200,0.9979402337339046,0,35888,165,167,0,0,0.0
1487,1778173125.2144551,decode,360,180988,0.9967726656900217,181131,360,1862.324207898285,35721,1,360,180771,181131,181131,0.9975602233799994,1,35722,0,0,0,0,0.0
1488,1778173125.2694354,decode,360,86642,0.47717184178351524,181491,360,1862.324207898285,35722,0,360,181131,181491,181491,0.9995428860960269,0,35722,1,1,0,0,0.0
1491,1778173125.7085905,decode,361,181362,0.998832431956117,181503,360,1862.324207898285,35532,0,361,181142,181503,181503,0.9996089748532279,0,35532,188,0,0,0,0.0
1492,1778173125.7648578,decode,360,79113,0.4357066540363708,181362,359,1862.324207898285,35532,1,360,181002,181362,181362,0.998832431956117,1,35533,0,0,0,0,0.0
1493,1778173126.1294765,decode,359,181114,0.9974665976406314,181219,359,1862.324207898285,35534,1,359,180860,181219,181219,0.9980448742661394,0,35534,202,204,0,0,0.0
1495,1778173126.240221,decode,361,181334,0.9986782248559816,181475,360,1862.324207898285,35330,0,361,181114,181475,181475,0.9994547677530924,0,35330,0,0,0,0,0.0
1496,1778173126.2947009,decode,360,93314,0.5139171907872272,181334,359,1862.324207898285,35330,1,360,180974,181334,181334,0.9986782248559816,1,35331,0,0,0,0,0.0
1497,1778173126.606285,decode,359,181315,0.9985735843237468,181191,359,1862.324207898285,35332,1,359,180832,181191,181191,0.9978906671660039,0,35332,174,176,0,0,0.0
1499,1778173126.7037313,decode,360,137847,0.7591780761562779,181175,360,1862.324207898285,35156,1,360,180815,181175,181175,0.9978025488230694,1,35157,0,0,0,0,0.0
1500,1778173126.872303,decode,360,140685,0.7748080672342956,181535,360,1862.324207898285,35157,0,360,181175,181535,181535,0.999785211539097,0,35157,86,87,0,0,0.0
1503,1778173127.135989,decode,361,180897,0.9962714926145814,181546,360,1862.324207898285,34989,0,361,181185,181546,181546,0.9998457928998645,0,34989,81,0,0,0,0.0
1504,1778173127.195042,decode,360,89543,0.4931487988368379,181405,360,1862.324207898285,34990,1,360,181045,181405,181405,0.9990692500027537,0,34990,1,1,0,0,0.0
1507,1778173127.613732,decode,361,181263,0.9982871997092094,181404,360,1862.324207898285,34805,1,361,181043,181404,181404,0.9990637426063202,1,34806,182,0,0,0,0.0
1508,1778173127.659162,decode,360,133833,0.7370713868725699,181263,359,1862.324207898285,34805,1,360,180903,181263,181263,0.9982871997092094,2,34807,0,0,0,0,0.0
1509,1778173127.8434021,decode,359,134183,0.7389989756242634,181120,359,1862.324207898285,34808,1,359,180761,181120,181120,0.9974996420192318,0,34808,94,95,0,0,0.0
1512,1778173128.1220968,decode,361,180900,0.9962880148038816,181544,360,1862.324207898285,34619,0,361,181183,181544,181544,0.9998347781069977,0,34619,93,0,0,0,0.0
1513,1778173128.177605,decode,360,90625,0.4991078017777876,181403,360,1862.324207898285,34620,1,360,181043,181403,181403,0.9990582352098869,0,34620,1,1,0,0,0.0
1516,1778173128.6002727,decode,361,181345,0.998738806216749,181486,360,1862.324207898285,34438,0,361,181125,181486,181486,0.9995153491138599,0,34438,180,0,0,0,0.0
1517,1778173128.6509964,decode,360,91223,0.5024012248449667,181345,359,1862.324207898285,34438,1,360,180985,181345,181345,0.998738806216749,1,34439,0,0,0,0,0.0
1518,1778173128.965466,decode,359,181224,0.9980724112483065,181202,359,1862.324207898285,34440,1,359,180843,181202,181202,0.9979512485267714,0,34440,178,180,0,0,0.0
1520,1778173129.0522757,decode,360,180941,0.9965138180576514,181084,360,1862.324207898285,34260,1,360,180724,181084,181084,0.9973013757476291,1,34261,0,0,0,0,0.0
1521,1778173129.1062431,decode,360,90631,0.49914084615638804,181444,360,1862.324207898285,34261,0,360,181084,181444,181444,0.9992840384636567,0,34261,1,1,0,0,0.0
1524,1778173129.5256402,decode,361,181351,0.9987718505953496,181492,360,1862.324207898285,34079,0,361,181131,181492,181492,0.9995483934924604,0,34079,180,0,0,0,0.0
1525,1778173129.5785432,decode,360,88201,0.48575787282320154,181351,359,1862.324207898285,34079,1,360,180991,181351,181351,0.9987718505953496,1,34080,0,0,0,0,0.0
1526,1778173129.907041,decode,359,181202,0.9979512485267714,181208,359,1862.324207898285,34081,1,359,180849,181208,181208,0.9979842929053719,0,34081,184,186,0,0,0.0
1528,1778173130.0060058,decode,361,181422,0.9991628757421217,181563,360,1862.324207898285,33895,0,361,181202,181563,181563,0.9999394186392325,0,33895,0,0,0,0,0.0
1529,1778173130.0573697,decode,360,88790,0.4890017293224801,181422,359,1862.324207898285,33895,1,360,181062,181422,181422,0.9991628757421217,1,33896,0,0,0,0,0.0
1530,1778173130.3825948,decode,359,181291,0.9984414068093449,181279,359,1905.6568143922314,33897,1,359,180920,181279,181279,0.9983753180521441,0,33897,183,185,0,0,0.0
1532,1778173130.4751804,decode,360,136812,0.7534779208476985,181151,360,1905.6568143922314,33712,1,360,180791,181151,181151,0.9976703713086675,1,33713,0,0,0,0,0.0
1533,1778173130.646019,decode,360,136132,0.7497328912729796,181511,360,1905.6568143922314,33713,0,360,181151,181511,181511,0.9996530340246952,0,33713,88,89,0,0,0.0
1536,1778173130.9196773,decode,361,180844,0.9959796006036107,181493,360,1905.6568143922314,33534,0,361,181132,181493,181493,0.9995539008888937,0,33534,90,0,0,0,0.0
1537,1778173130.9750383,decode,360,90544,0.49866170266668136,181352,360,1905.6568143922314,33535,1,360,180992,181352,181352,0.9987773579917829,0,33535,1,1,0,0,0.0
1540,1778173131.3820326,decode,361,181264,0.9982927071056429,181405,360,1905.6568143922314,33352,1,361,181044,181405,181405,0.9990692500027537,1,33353,180,0,0,0,0.0
1541,1778173131.4238157,decode,360,141384,0.7786577373412493,181264,359,1905.6568143922314,33352,1,360,180904,181264,181264,0.9982927071056429,2,33354,0,0,0,0,0.0
1542,1778173131.5824845,decode,359,134234,0.7392798528423673,181121,359,1905.6568143922314,33355,1,359,180762,181121,181121,0.9975051494156653,0,33355,79,80,0,0,0.0
1545,1778173131.836562,decode,360,180951,0.9965688920219855,181094,360,1905.6568143922314,33181,1,360,180734,181094,181094,0.9973564497119631,1,33182,93,0,0,0,0.0
1546,1778173131.8887515,decode,360,97689,0.5380120501833963,181454,360,1905.6568143922314,33182,0,360,181094,181454,181454,0.9993391124279908,0,33182,1,1,0,0,0.0
1549,1778173132.2818942,decode,361,181409,0.9990912795884873,181550,360,1905.6568143922314,33014,0,361,181189,181550,181550,0.9998678224855981,0,33014,166,0,0,0,0.0
1550,1778173132.3348567,decode,360,91227,0.5024232544307005,181409,359,1905.6568143922314,33014,1,360,181049,181409,181409,0.9990912795884873,1,33015,0,0,0,0,0.0
1551,1778173132.6520526,decode,359,181228,0.9980944408340401,181266,359,1905.6568143922314,33016,1,359,180907,181266,181266,0.9983037218985097,0,33016,178,180,0,0,0.0
1553,1778173132.7415345,decode,360,180945,0.9965358476433851,181088,360,1905.6568143922314,32836,1,360,180728,181088,181088,0.9973234053333627,1,32837,0,0,0,0,0.0
1554,1778173132.7996583,decode,360,87111,0.4797548107107846,181448,360,1905.6568143922314,32837,0,360,181088,181448,181448,0.9993060680493904,0,32837,1,1,0,0,0.0
1557,1778173133.2382288,decode,361,181331,0.9986617026666813,181472,360,1905.6568143922314,32648,0,361,181111,181472,181472,0.9994382455637921,0,32648,187,0,0,0,0.0
1558,1778173133.291309,decode,360,88694,0.48847301926487274,181331,359,1905.6568143922314,32648,1,360,180971,181331,181331,0.9986617026666813,1,32649,0,0,0,0,0.0
1559,1778173133.616513,decode,359,181195,0.9979126967517375,181188,359,1905.6568143922314,32650,1,359,180829,181188,181188,0.9978741449767037,0,32650,183,185,0,0,0.0
1561,1778173133.726482,decode,361,180912,0.9963541035610826,181556,360,1905.6568143922314,32465,0,361,181195,181556,181556,0.9999008668641987,0,32465,0,0,0,0,0.0
1562,1778173133.780942,decode,360,93649,0.5157621685924196,181415,360,1905.6568143922314,32466,1,360,181055,181415,181415,0.9991243239670878,0,32466,1,1,0,0,0.0
1565,1778173134.1979718,decode,361,181369,0.9988709837311509,181510,360,1905.6568143922314,32290,0,361,181149,181510,181510,0.9996475266282617,0,32290,174,0,0,0,0.0
1566,1778173134.2528174,decode,360,84688,0.466410389152632,181369,359,1905.6568143922314,32290,1,360,181009,181369,181369,0.9988709837311509,1,32291,0,0,0,0,0.0
1567,1778173134.5951405,decode,359,181189,0.9978796523731371,181226,359,1905.6568143922314,32292,1,359,180867,181226,181226,0.9980834260411733,0,32292,191,193,0,0,0.0
1569,1778173134.697779,decode,361,180906,0.996321059182482,181550,360,1905.6568143922314,32099,0,361,181189,181550,181550,0.9998678224855981,0,32099,0,0,0,0,0.0
1570,1778173134.7522671,decode,360,84562,0.4657164572020223,181409,360,1905.6568143922314,32100,1,360,181049,181409,181409,0.9990912795884873,0,32100,1,1,0,0,0.0
1573,1778173135.1872418,decode,361,181282,0.9983918402414442,181423,360,1905.6568143922314,31905,1,361,181062,181423,181423,0.999168383138555,1,31906,192,0,0,0,0.0
1574,1778173135.2382586,decode,360,97261,0.5356548845098968,181282,359,1905.6568143922314,31905,1,360,180922,181282,181282,0.9983918402414442,2,31907,0,0,0,0,0.0
1575,1778173135.5355635,decode,359,181262,0.9982816923127761,181139,359,1905.6568143922314,31908,1,359,180780,181139,181139,0.9976042825514666,0,31908,166,168,0,0,0.0
1577,1778173135.618014,decode,360,181482,0.9994933195281263,181122,360,1905.6568143922314,31740,1,360,180762,181122,181122,0.9975106568120986,1,31741,0,0,0,0,0.0
1578,1778173135.6697595,decode,360,96380,0.5308028682520625,181482,359,1905.6568143922314,31740,0,360,181122,181482,181482,0.9994933195281263,1,31741,0,0,0,0,0.0
1579,1778173135.9713562,decode,359,181381,0.9989370724883518,181339,359,1905.6568143922314,31742,1,359,180980,181339,181339,0.9987057618381486,0,31742,168,170,0,0,0.0
1581,1778173136.068807,decode,360,128780,0.7092425126945487,181241,359,1905.6568143922314,31572,1,360,180881,181241,181241,0.9981660369876745,1,31573,0,0,0,0,0.0
1582,1778173136.267419,decode,359,137104,0.7550860806062542,181099,359,1905.6568143922314,31574,1,359,180740,181099,181099,0.9973839866941302,0,31574,103,105,0,0,0.0
1585,1778173136.5269775,decode,361,180816,0.9958253935034752,181465,360,1905.6568143922314,31381,0,361,181104,181465,181465,0.9993996937887583,0,31381,88,0,0,0,0.0
1586,1778173136.5795538,decode,360,81982,0.4515073744038243,181324,360,1905.6568143922314,31382,1,360,180964,181324,181324,0.9986231508916474,0,31382,1,1,0,0,0.0
1589,1778173137.0204628,decode,361,181202,0.9979512485267714,181343,360,1905.6568143922314,31182,1,361,180982,181343,181343,0.9987277914238822,1,31183,197,0,0,0,0.0
1590,1778173137.0592942,decode,360,126232,0.6952096665822199,181202,360,1905.6568143922314,31182,1,360,180842,181202,181202,0.9979512485267714,2,31184,0,0,0,0,0.0
1591,1778173137.2671301,decode,360,141179,0.7775287210724002,181562,360,1905.6568143922314,31184,0,360,181202,181562,181562,0.9999339112427991,0,31184,110,110,0,0,0.0
1594,1778173137.5202253,decode,361,181399,0.9990362056241532,181540,360,1905.6568143922314,30994,0,361,181179,181540,181540,0.999812748521264,0,30994,79,0,0,0,0.0
1595,1778173137.5722642,decode,360,92816,0.511174507363389,181399,359,1905.6568143922314,30994,1,360,181039,181399,181399,0.9990362056241532,1,30995,0,0,0,0,0.0
1596,1778173137.8876595,decode,359,181317,0.9985845991166136,181256,359,1919.1095197475295,30996,1,359,180897,181256,181256,0.9982486479341756,0,30996,175,177,0,0,0.0
1598,1778173137.9822266,decode,360,136330,0.7508233557667948,181177,360,1919.1095197475295,30819,1,360,180817,181177,181177,0.9978135636159362,1,30820,0,0,0,0,0.0
1599,1778173138.1552966,decode,360,137656,0.7581261634374965,181537,360,1919.1095197475295,30820,0,360,181177,181537,181537,0.9997962263319639,0,30820,89,90,0,0,0.0
1602,1778173138.4146662,decode,361,181376,0.9989095355061848,181517,360,1919.1095197475295,30643,0,361,181156,181517,181517,0.9996860784032956,0,30643,87,0,0,0,0.0
1603,1778173138.4657967,decode,360,88704,0.4885280932292068,181376,359,1919.1095197475295,30643,1,360,181016,181376,181376,0.9989095355061848,1,30644,0,0,0,0,0.0
1604,1778173138.792831,decode,359,181205,0.9979677707160717,181233,359,1919.1095197475295,30645,1,359,180874,181233,181233,0.9981219778162072,0,30645,183,185,0,0,0.0
1606,1778173138.8945742,decode,361,181425,0.9991793979314219,181566,360,1919.1095197475295,30460,0,361,181205,181566,181566,0.9999559408285327,0,30460,0,0,0,0,0.0
1607,1778173138.948063,decode,360,83763,0.46131604745172766,181425,359,1919.1095197475295,30460,1,360,181065,181425,181425,0.9991793979314219,1,30461,0,0,0,0,0.0
1608,1778173139.2955627,decode,359,181264,0.9982927071056429,181282,359,1919.1095197475295,30462,1,359,180923,181282,181282,0.9983918402414442,0,30462,193,195,0,0,0.0
1610,1778173139.3846593,decode,360,136780,0.7533016841618293,181124,360,1919.1095197475295,30267,1,360,180764,181124,181124,0.9975216716049655,1,30268,0,0,0,0,0.0
1611,1778173139.5569885,decode,360,135598,0.7467919415775386,181484,360,1919.1095197475295,30268,0,360,181124,181484,181484,0.9995043343209931,0,30268,88,89,0,0,0.0
1614,1778173139.8137434,decode,361,180810,0.9957923491248747,181459,360,1919.1095197475295,30088,0,361,181098,181459,181459,0.9993666494101578,0,30088,91,0,0,0,0.0
1615,1778173139.86088,decode,360,103617,0.5706598962406512,181318,360,1919.1095197475295,30089,1,360,180958,181318,181318,0.998590106513047,0,30089,1,1,0,0,0.0
1618,1778173140.2307239,decode,361,181337,0.9986947470452818,181478,360,1919.1095197475295,29933,0,361,181117,181478,181478,0.9994712899423926,0,29933,154,0,0,0,0.0
1619,1778173140.274659,decode,360,139440,0.7679513586747001,181337,359,1919.1095197475295,29933,1,360,180977,181337,181337,0.9986947470452818,1,29934,0,0,0,0,0.0
1620,1778173140.4412413,decode,359,129727,0.7144580171169881,181194,359,1919.1095197475295,29935,1,359,180835,181194,181194,0.9979071893553042,0,29935,83,84,0,0,0.0
1623,1778173140.712104,decode,360,181447,0.9993005606529569,181087,360,1919.1095197475295,29748,1,360,180727,181087,181087,0.9973178979369293,1,29749,102,0,0,0,0.0
1624,1778173140.7684057,decode,360,75667,0.41672816592683976,181447,359,1919.1095197475295,29748,0,360,181087,181447,181447,0.9993005606529569,1,29749,0,0,0,0,0.0
1625,1778173141.1468055,decode,359,181168,0.9977639970480355,181304,359,1919.1095197475295,29750,1,359,180945,181304,181304,0.9985130029629793,0,29750,209,211,0,0,0.0
1627,1778173141.2512786,decode,361,144812,0.797537092314979,181529,360,1919.1095197475295,29539,0,361,181168,181529,181529,0.9997521671604965,0,29539,0,0,0,0,0.0
1628,1778173141.399761,decode,360,128602,0.7082621961294018,181388,360,1919.1095197475295,29540,1,360,181028,181388,181388,0.9989756242633857,0,29540,72,73,0,0,0.0
1631,1778173141.6789904,decode,361,180814,0.9958143787106083,181463,360,1919.1095197475295,29362,0,361,181102,181463,181463,0.9993886789958915,0,29362,105,0,0,0,0.0
1632,1778173141.7273734,decode,360,96593,0.5319759436923789,181322,360,1919.1095197475295,29363,1,360,180962,181322,181322,0.9986121360987806,0,29363,1,1,0,0,0.0
1635,1778173142.1148028,decode,361,181313,0.99856256953088,181454,360,1919.1095197475295,29193,0,361,181093,181454,181454,0.9993391124279908,0,29193,168,0,0,0,0.0
1636,1778173142.154574,decode,360,141428,0.7789000627843193,181313,359,1919.1095197475295,29193,1,360,180953,181313,181313,0.99856256953088,1,29194,0,0,0,0,0.0
1637,1778173142.3106077,decode,359,128701,0.7088074283763094,181170,359,1919.1095197475295,29195,1,359,180811,181170,181170,0.9977750118409023,0,29195,79,80,0,0,0.0
1640,1778173142.592472,decode,361,181421,0.9991573683456882,181562,360,1919.1095197475295,29010,0,361,181201,181562,181562,0.9999339112427991,0,29010,104,0,0,0,0.0
1641,1778173142.6406882,decode,360,93829,0.5167534999504334,181421,359,1919.1095197475295,29010,1,360,181061,181421,181421,0.9991573683456882,1,29011,0,0,0,0,0.0
1642,1778173142.9513538,decode,359,181330,0.998656195270248,181278,359,1919.1095197475295,29012,1,359,180919,181278,181278,0.9983698106557106,0,29012,173,175,0,0,0.0
1644,1778173143.0429,decode,360,135327,0.7452994371440845,181190,360,1919.1095197475295,28837,1,360,180830,181190,181190,0.9978851597695705,1,28838,0,0,0,0,0.0
1645,1778173143.2185538,decode,360,134139,0.7387566501811933,181550,360,1919.1095197475295,28838,0,360,181190,181550,181550,0.9998678224855981,0,28838,91,92,0,0,0.0
1648,1778173143.4861856,decode,361,180851,0.9960181523786446,181500,360,1919.1095197475295,28652,0,361,181139,181500,181500,0.9995924526639276,0,28652,94,0,0,0,0.0
1649,1778173143.5381663,decode,360,80978,0.44597794838468063,181359,360,1919.1095197475295,28653,1,360,180999,181359,181359,0.9988159097668169,0,28653,1,1,0,0,0.0
1652,1778173143.9836445,decode,361,181198,0.9979292189410378,181339,360,1919.1095197475295,28451,1,361,180978,181339,181339,0.9987057618381486,1,28452,199,0,0,0,0.0
1653,1778173144.023072,decode,360,132264,0.7284302818685494,181198,360,1919.1095197475295,28451,1,360,180838,181198,181198,0.9979292189410378,2,28453,0,0,0,0,0.0
1654,1778173144.207072,decode,360,141211,0.7777049577582693,181558,360,1919.1095197475295,28453,0,360,181198,181558,181558,0.9999118816570655,0,28453,98,98,0,0,0.0
1657,1778173144.4524958,decode,361,181431,0.9992124423100224,181572,360,1919.1095197475295,28275,0,361,181211,181572,181572,0.9999889852071332,0,28275,79,0,0,0,0.0
1658,1778173144.4999382,decode,360,99900,0.5501889036976659,181431,359,1919.1095197475295,28275,1,360,181071,181431,181431,0.9992124423100224,1,28276,0,0,0,0,0.0
1659,1778173144.7873654,decode,359,181401,0.9990472204170201,181288,359,1919.1095197475295,28277,1,359,180929,181288,181288,0.9984248846200448,0,28277,161,163,0,0,0.0
1661,1778173144.8806624,decode,360,128800,0.709352660623217,181261,359,1919.1095197475295,28114,1,360,180901,181261,181261,0.9982761849163426,1,28115,0,0,0,0,0.0
1662,1778173145.073461,decode,359,138128,0.7607256545540662,181119,359,2004.3654550389808,28116,1,359,180760,181119,181119,0.9974941346227985,0,28116,103,105,0,0,0.0
1665,1778173145.3213778,decode,361,181348,0.9987553284060493,181489,360,2004.3654550389808,27925,0,361,181128,181489,181489,0.9995318713031601,0,27925,86,0,0,0,0.0
1666,1778173145.3742328,decode,360,84652,0.4662121228810292,181348,359,2004.3654550389808,27925,1,360,180988,181348,181348,0.9987553284060493,1,27926,0,0,0,0,0.0
1667,1778173145.7208107,decode,359,181153,0.9976813861015343,181205,359,2004.3654550389808,27927,1,359,180846,181205,181205,0.9979677707160717,0,27927,191,193,0,0,0.0
1669,1778173145.8131294,decode,361,181373,0.9988930133168846,181514,360,2004.3654550389808,27734,0,361,181153,181514,181514,0.9996695562139954,0,27734,0,0,0,0,0.0
1670,1778173145.8611164,decode,360,96356,0.5306706907376607,181373,359,2004.3654550389808,27734,1,360,181013,181373,181373,0.9988930133168846,1,27735,0,0,0,0,0.0
1671,1778173146.188264,decode,359,181357,0.99880489497395,181230,359,2004.3654550389808,27736,1,359,180871,181230,181230,0.9981054556269069,0,27736,168,170,0,0,0.0
1673,1778173146.2738006,decode,360,132820,0.7314923942855255,181217,359,2004.3654550389808,27566,1,360,180857,181217,181217,0.9980338594732726,1,27567,0,0,0,0,0.0
1674,1778173146.45157,decode,359,139654,0.7691299415114499,181075,359,2004.3654550389808,27568,1,359,180716,181075,181075,0.9972518091797283,0,27568,95,97,0,0,0.0
1677,1778173146.6929042,decode,361,180866,0.9961007633251456,181515,360,2004.3654550389808,27388,0,361,181154,181515,181515,0.9996750636104288,0,27388,83,0,0,0,0.0
1678,1778173146.7419963,decode,360,87514,0.48197429147344883,181374,360,2004.3654550389808,27389,1,360,181014,181374,181374,0.998898520713318,0,27389,1,1,0,0,0.0
1681,1778173147.1531975,decode,361,181234,0.9981274852126406,181375,360,2004.3654550389808,27200,1,361,181014,181375,181375,0.9989040281097514,1,27201,186,0,0,0,0.0
1682,1778173147.1970565,decode,360,129785,0.714777446110126,181234,359,2004.3654550389808,27200,1,360,180874,181234,181234,0.9981274852126406,2,27202,0,0,0,0,0.0
1683,1778173147.3860116,decode,359,138698,0.7638648705211099,181091,359,2004.3654550389808,27203,1,359,180732,181091,181091,0.997339927522663,0,27203,102,103,0,0,0.0
1686,1778173147.6269305,decode,361,181418,0.999140846156388,181559,360,2004.3654550389808,27015,0,361,181198,181559,181559,0.9999173890534988,0,27015,84,0,0,0,0.0
1687,1778173147.6759136,decode,360,86266,0.47510106072455305,181418,359,2004.3654550389808,27015,1,360,181058,181418,181418,0.999140846156388,1,27016,0,0,0,0,0.0
1688,1778173148.0072808,decode,359,181267,0.9983092292949431,181275,359,2004.3654550389808,27017,1,359,180916,181275,181275,0.9983532884664104,0,27017,188,190,0,0,0.0
1690,1778173148.0946698,decode,360,138312,0.7617390154978135,181127,360,2004.3654550389808,26827,1,360,180767,181127,181127,0.9975381937942657,1,26828,0,0,0,0,0.0
1691,1778173148.2583475,decode,360,135630,0.7469681782634078,181487,360,2004.3654550389808,26828,0,360,181127,181487,181487,0.9995208565102933,0,26828,85,86,0,0,0.0
1694,1778173148.5144622,decode,361,180842,0.9959685858107439,181491,360,2004.3654550389808,26651,0,361,181130,181491,181491,0.9995428860960269,0,26651,91,0,0,0,0.0
1695,1778173148.5640976,decode,360,89548,0.49317633581900494,181350,360,2004.3654550389808,26652,1,360,180990,181350,181350,0.9987663431989161,0,26652,1,1,0,0,0.0
1698,1778173148.9694564,decode,361,181268,0.9983147366913765,181409,360,2004.3654550389808,26467,1,361,181048,181409,181409,0.9990912795884873,1,26468,182,0,0,0,0.0
1699,1778173149.0123136,decode,360,130825,0.7205051384008724,181268,359,2004.3654550389808,26467,1,360,180908,181268,181268,0.9983147366913765,2,26469,0,0,0,0,0.0
1700,1778173149.200683,decode,359,132147,0.7277859164858405,181125,359,2004.3654550389808,26470,1,359,180766,181125,181125,0.9975271790013989,0,26470,100,101,0,0,0.0
1703,1778173149.4679022,decode,361,181367,0.9988599689382841,181508,360,2004.3654550389808,26271,0,361,181147,181508,181508,0.9996365118353949,0,26271,97,0,0,0,0.0
1704,1778173149.515907,decode,360,93302,0.5138511020300264,181367,359,2004.3654550389808,26271,1,360,181007,181367,181367,0.9988599689382841,1,26272,0,0,0,0,0.0
1705,1778173149.8249118,decode,359,181303,0.9985074955665458,181224,359,2004.3654550389808,26273,1,359,180865,181224,181224,0.9980724112483065,0,26273,174,176,0,0,0.0
1707,1778173149.9075081,decode,360,139867,0.7703030169517662,181163,360,2004.3654550389808,26097,1,360,180803,181163,181163,0.9977364600658685,1,26098,0,0,0,0,0.0
1708,1778173150.0658305,decode,360,138697,0.7638593631246764,181523,360,2004.3654550389808,26098,0,360,181163,181523,181523,0.9997191227818961,0,26098,82,83,0,0,0.0
1711,1778173150.3015878,decode,361,180909,0.9963375813717823,181558,360,2004.3654550389808,25930,0,361,181197,181558,181558,0.9999118816570655,0,25930,85,0,0,0,0.0
1712,1778173150.3482935,decode,360,88531,0.48757531364622686,181417,360,2004.3654550389808,25931,1,360,181057,181417,181417,0.9991353387599546,0,25931,1,1,0,0,0.0
1715,1778173150.755579,decode,361,181251,0.9982211109520085,181392,360,2004.3654550389808,25744,1,361,181031,181392,181392,0.9989976538491193,1,25745,184,0,0,0,0.0
1716,1778173150.7952714,decode,360,134324,0.7397755185213742,181251,359,2004.3654550389808,25744,1,360,180891,181251,181251,0.9982211109520085,2,25746,0,0,0,0,0.0
1717,1778173150.9706228,decode,359,136202,0.7501184090233183,181108,359,2004.3654550389808,25747,1,359,180749,181108,181108,0.9974335532620309,0,25747,93,94,0,0,0.0
1720,1778173151.2227337,decode,361,180919,0.9963926553361164,181563,360,2004.3654550389808,25563,0,361,181202,181563,181563,0.9999394186392325,0,25563,89,0,0,0,0.0
1721,1778173151.2714832,decode,360,93646,0.5157456464031194,181422,360,2004.3654550389808,25564,1,360,181062,181422,181422,0.9991628757421217,0,25564,1,1,0,0,0.0
1724,1778173151.6795208,decode,361,181366,0.9988544615418508,181507,360,2004.3654550389808,25388,0,361,181146,181507,181507,0.9996310044389616,0,25388,174,0,0,0,0.0
1725,1778173151.729825,decode,360,93241,0.5135151508475884,181366,359,2004.3654550389808,25388,1,360,181006,181366,181366,0.9988544615418508,1,25389,0,0,0,0,0.0
1726,1778173152.0359912,decode,359,181242,0.9981715443841078,181223,359,2004.3654550389808,25390,1,359,180864,181223,181223,0.998066903851873,0,25390,174,176,0,0,0.0
1728,1778173152.113019,decode,360,180959,0.9966129511934528,181102,360,2004.3654550389808,25214,1,360,180742,181102,181102,0.9974005088834305,1,25215,0,0,0,0,0.0
1729,1778173152.1601615,decode,360,89630,0.49362794232654456,181462,360,2032.4017187744275,25215,0,360,181102,181462,181462,0.9993831715994581,0,25215,1,1,0,0,0.0
1732,1778173152.5630624,decode,361,181350,0.9987663431989161,181491,360,2032.4017187744275,25031,0,361,181130,181491,181491,0.9995428860960269,0,25031,182,0,0,0,0.0
1733,1778173152.6101248,decode,360,91213,0.5023461508806327,181350,359,2032.4017187744275,25031,1,360,180990,181350,181350,0.9987663431989161,1,25032,0,0,0,0,0.0
1734,1778173152.928247,decode,359,181214,0.9980173372839724,181207,359,2032.4017187744275,25033,1,359,180848,181207,181207,0.9979787855089385,0,25033,178,180,0,0,0.0
1736,1778173152.9986787,decode,360,181434,0.9992289644993226,181074,360,2032.4017187744275,24853,1,360,180714,181074,181074,0.997246301783295,1,24854,0,0,0,0,0.0
1737,1778173153.0447674,decode,360,99380,0.5473250575522928,181434,359,2032.4017187744275,24853,0,360,181074,181434,181434,0.9992289644993226,1,24854,0,0,0,0,0.0
1738,1778173153.3285697,decode,359,181381,0.9989370724883518,181291,359,2032.4017187744275,24855,1,359,180932,181291,181291,0.9984414068093449,0,24855,162,164,0,0,0.0
1740,1778173153.4136147,decode,360,132331,0.7287992774295879,181241,359,2032.4017187744275,24691,1,360,180881,181241,181241,0.9981660369876745,1,24692,0,0,0,0,0.0
1741,1778173153.5976765,decode,359,142677,0.7857788009296485,181099,359,2032.4017187744275,24693,1,359,180740,181099,181099,0.9973839866941302,0,24693,96,98,0,0,0.0
1744,1778173153.8272066,decode,361,180889,0.9962274334431142,181538,360,2032.4017187744275,24518,0,361,181177,181538,181538,0.9998017337283972,0,24518,77,0,0,0,0.0
1745,1778173153.8746805,decode,360,88019,0.4847555266723209,181397,360,2032.4017187744275,24519,1,360,181037,181397,181397,0.9990251908312864,0,24519,1,1,0,0,0.0
1748,1778173154.273343,decode,361,181239,0.9981550221948077,181380,360,2032.4017187744275,24331,1,361,181019,181380,181380,0.9989315650919185,1,24332,185,0,0,0,0.0
1749,1778173154.3131819,decode,360,132803,0.7313987685461575,181239,359,2032.4017187744275,24331,1,360,180879,181239,181239,0.9981550221948077,2,24333,0,0,0,0,0.0
1750,1778173154.4888377,decode,359,138716,0.7639640036569112,181096,359,2032.4017187744275,24334,1,359,180737,181096,181096,0.9973674645048299,0,24334,96,97,0,0,0.0
1753,1778173154.7091262,decode,360,181436,0.9992399792921894,181076,360,2032.4017187744275,24152,1,360,180716,181076,181076,0.9972573165761618,1,24153,84,0,0,0,0.0
1754,1778173154.7577686,decode,360,89805,0.4945917367023913,181436,359,2032.4017187744275,24152,0,360,181076,181436,181436,0.9992399792921894,1,24153,0,0,0,0,0.0
1755,1778173155.0734525,decode,359,181306,0.9985240177558461,181293,359,2032.4017187744275,24154,1,359,180934,181293,181293,0.9984524216022118,0,24154,181,183,0,0,0.0
1757,1778173155.150507,decode,360,135303,0.7451672596296827,181166,360,2032.4017187744275,23971,1,360,180806,181166,181166,0.9977529822551687,1,23972,0,0,0,0,0.0
1758,1778173155.3125432,decode,360,132107,0.727565620628504,181526,360,2032.4017187744275,23972,0,360,181166,181526,181526,0.9997356449711963,0,23972,91,92,0,0,0.0
1761,1778173155.5501454,decode,361,180819,0.9958419156927754,181468,360,2032.4017187744275,23782,0,361,181107,181468,181468,0.9994162159780585,0,23782,98,0,0,0,0.0
1762,1778173155.5895603,decode,360,92532,0.5096104067763005,181327,360,2032.4017187744275,23783,1,360,180967,181327,181327,0.9986396730809477,0,23783,1,1,0,0,0.0
1765,1778173155.9603884,decode,361,181252,0.998226618348442,181393,360,2032.4017187744275,23604,1,361,181032,181393,181393,0.9990031612455528,1,23605,176,0,0,0,0.0
1766,1778173155.996607,decode,360,139360,0.7675107669600273,181252,359,2032.4017187744275,23604,1,360,180892,181252,181252,0.998226618348442,2,23606,0,0,0,0,0.0
1767,1778173156.1493742,decode,359,139280,0.7670701752453545,181109,359,2032.4017187744275,23607,1,359,180750,181109,181109,0.9974390606584643,0,23607,83,84,0,0,0.0
1770,1778173156.3639567,decode,360,180997,0.9968222322579224,181140,360,2032.4017187744275,23439,1,360,180780,181140,181140,0.9976097899479001,1,23440,83,0,0,0,0.0
1771,1778173156.4048653,decode,360,89633,0.49364446451584476,181500,360,2032.4017187744275,23440,0,360,181140,181500,181500,0.9995924526639276,0,23440,1,1,0,0,0.0
1774,1778173156.7932065,decode,361,181353,0.9987828653882164,181494,360,2032.4017187744275,23256,0,361,181133,181494,181494,0.9995594082853272,0,23256,182,0,0,0,0.0
1775,1778173156.8389425,decode,360,90205,0.4967946952757553,181353,359,2032.4017187744275,23256,1,360,180993,181353,181353,0.9987828653882164,1,23257,0,0,0,0,0.0
1776,1778173157.1466196,decode,359,181206,0.9979732781125051,181210,359,2032.4017187744275,23258,1,359,180851,181210,181210,0.9979953076982387,0,23258,180,182,0,0,0.0
1778,1778173157.2266762,decode,361,181426,0.9991849053278553,181567,360,2032.4017187744275,23076,0,361,181206,181567,181567,0.9999614482249661,0,23076,0,0,0,0,0.0
1779,1778173157.2720082,decode,360,94347,0.5196063313029399,181426,359,2032.4017187744275,23076,1,360,181066,181426,181426,0.9991849053278553,1,23077,0,0,0,0,0.0
1780,1778173157.5655131,decode,359,181348,0.9987553284060493,181283,359,2032.4017187744275,23078,1,359,180924,181283,181283,0.9983973476378777,0,23078,172,174,0,0,0.0
1782,1778173157.642995,decode,360,133308,0.7341800037450296,181208,360,2032.4017187744275,22904,1,360,180848,181208,181208,0.9979842929053719,1,22905,0,0,0,0,0.0
1783,1778173157.812036,decode,360,135626,0.7469461486776742,181568,360,2032.4017187744275,22905,0,360,181208,181568,181568,0.9999669556213996,0,22905,95,96,0,0,0.0
1786,1778173158.0447328,decode,361,180838,0.9959465562250102,181487,360,2032.4017187744275,22718,0,361,181126,181487,181487,0.9995208565102933,0,22718,91,0,0,0,0.0
1787,1778173158.0870988,decode,360,87009,0.47919305627457676,181346,360,2032.4017187744275,22719,1,360,180986,181346,181346,0.9987443136131825,0,22719,1,1,0,0,0.0
1790,1778173158.4784327,decode,361,181229,0.9980999482304735,181370,360,2032.4017187744275,22529,1,361,181009,181370,181370,0.9988764911275844,1,22530,187,0,0,0,0.0
1791,1778173158.5145156,decode,360,138326,0.7618161190478813,181229,359,2032.4017187744275,22529,1,360,180869,181229,181229,0.9980999482304735,2,22531,0,0,0,0,0.0
1792,1778173158.66791,decode,359,140260,0.7724674237500964,181086,359,2032.4017187744275,22532,1,359,180727,181086,181086,0.9973123905404959,0,22532,85,86,0,0,0.0
1795,1778173158.8786964,decode,360,180977,0.9967120843292542,181120,360,2032.4017187744275,22364,1,360,180760,181120,181120,0.9974996420192318,1,22365,81,0,0,0,0.0
1796,1778173158.9223864,decode,360,87655,0.48275083437055966,181480,360,2129.4776304413035,22365,0,360,181120,181480,181480,0.9994823047352595,0,22365,1,1,0,0,0.0
1799,1778173159.3222806,decode,361,181375,0.9989040281097514,181516,360,2129.4776304413035,22177,0,361,181155,181516,181516,0.9996805710068623,0,22177,186,0,0,0,0.0
1800,1778173159.3705878,decode,360,86153,0.47447872492757776,181375,359,2129.4776304413035,22177,1,360,181015,181375,181375,0.9989040281097514,1,22178,0,0,0,0,0.0
1801,1778173159.696461,decode,359,181154,0.9976868934979678,181232,359,2129.4776304413035,22179,1,359,180873,181232,181232,0.9981164704197738,0,22179,188,190,0,0,0.0
1803,1778173159.7784069,decode,361,181374,0.998898520713318,181515,360,2129.4776304413035,21989,0,361,181154,181515,181515,0.9996750636104288,0,21989,0,0,0,0,0.0
1804,1778173159.8222334,decode,360,104928,0.5778800929648518,181374,359,2129.4776304413035,21989,1,360,181014,181374,181374,0.998898520713318,1,21990,0,0,0,0,0.0
1805,1778173160.0797389,decode,359,181429,0.9992014275171556,181231,359,2129.4776304413035,21991,1,359,180872,181231,181231,0.9981109630233403,0,21991,151,153,0,0,0.0
1807,1778173160.1629262,decode,360,129839,0.7150748455175301,181289,359,2129.4776304413035,21838,1,360,180929,181289,181289,0.9984303920164781,1,21839,0,0,0,0,0.0
1808,1778173160.344102,decode,359,142183,0.783058147091544,181147,359,2129.4776304413035,21840,1,359,180788,181147,181147,0.9976483417229339,0,21840,101,103,0,0,0.0
1811,1778173160.5582771,decode,361,180895,0.9962604778217146,181544,360,2129.4776304413035,21659,0,361,181183,181544,181544,0.9998347781069977,0,21659,78,0,0,0,0.0
1812,1778173160.6028514,decode,360,79963,0.4403879410047694,181403,360,2129.4776304413035,21660,1,360,181043,181403,181403,0.9990582352098869,0,21660,1,1,0,0,0.0
1815,1778173161.0207539,decode,361,181183,0.9978466079945366,181324,360,2129.4776304413035,21456,1,361,180963,181324,181324,0.9986231508916474,1,21457,201,0,0,0,0.0
1816,1778173161.056254,decode,360,128220,0.7061583706918392,181183,360,2129.4776304413035,21456,1,360,180823,181183,181183,0.9978466079945366,2,21458,0,0,0,0,0.0
1817,1778173161.2424262,decode,360,144716,0.7970083822573717,181543,360,2129.4776304413035,21458,0,360,181183,181543,181543,0.9998292707105643,0,21458,106,106,0,0,0.0
1820,1778173161.4354007,decode,360,181436,0.9992399792921894,181076,360,2129.4776304413035,21279,1,360,180716,181076,181076,0.9972573165761618,1,21280,72,0,0,0,0.0
1821,1778173161.4794126,decode,360,98879,0.5445658519391543,181436,359,2129.4776304413035,21279,0,360,181076,181436,181436,0.9992399792921894,1,21280,0,0,0,0,0.0
1822,1778173161.7558064,decode,359,181380,0.9989315650919185,181293,359,2129.4776304413035,21281,1,359,180934,181293,181293,0.9984524216022118,0,21281,163,165,0,0,0.0
1824,1778173161.8315794,decode,360,131822,0.7259960126449823,181240,359,2129.4776304413035,21116,1,360,180880,181240,181240,0.998160529591241,1,21117,0,0,0,0,0.0
1825,1778173162.0025036,decode,359,137648,0.7580821042660293,181098,359,2129.4776304413035,21118,1,359,180739,181098,181098,0.9973784792976969,0,21118,97,99,0,0,0.0
1828,1778173162.2199454,decode,361,181368,0.9988654763347176,181509,360,2129.4776304413035,20932,0,361,181148,181509,181509,0.9996420192318284,0,20932,87,0,0,0,0.0
1829,1778173162.2650023,decode,360,86166,0.4745503210812121,181368,359,2129.4776304413035,20932,1,360,181008,181368,181368,0.9988654763347176,1,20933,0,0,0,0,0.0
1830,1778173162.5864718,decode,359,181167,0.9977584896516021,181225,359,2129.4776304413035,20934,1,359,180866,181225,181225,0.9980779186447399,0,20934,188,190,0,0,0.0
1832,1778173162.6635225,decode,361,180879,0.99617235947878,181528,360,2129.4776304413035,20744,0,361,181167,181528,181528,0.9997466597640632,0,20744,0,0,0,0,0.0
1833,1778173162.7015653,decode,360,94158,0.5185654333770253,181387,360,2129.4776304413035,20745,1,360,181027,181387,181387,0.9989701168669524,0,20745,1,1,0,0,0.0
1836,1778173163.0637043,decode,361,181378,0.9989205502990516,181519,360,2129.4776304413035,20570,0,361,181158,181519,181519,0.9996970931961624,0,20570,173,0,0,0,0.0
1837,1778173163.1073077,decode,360,90220,0.4968773062222565,181378,359,2129.4776304413035,20570,1,360,181018,181378,181378,0.9989205502990516,1,20571,0,0,0,0,0.0
1838,1778173163.411772,decode,359,181221,0.9980558890590062,181235,359,2129.4776304413035,20572,1,359,180876,181235,181235,0.998132992609074,0,20572,180,182,0,0,0.0
1840,1778173163.4754307,decode,360,180933,0.9964697588861842,181081,360,2129.4776304413035,20390,1,360,180721,181081,181081,0.9972848535583289,1,20391,0,0,0,0,0.0
1841,1778173163.5139546,decode,360,83595,0.46039080485091477,181441,360,2129.4776304413035,20391,0,360,181081,181441,181441,0.9992675162743565,0,20391,1,1,0,0,0.0
1844,1778173163.9139173,decode,361,181315,0.9985735843237468,181456,360,2129.4776304413035,20195,0,361,181095,181456,181456,0.9993501272208576,0,20195,194,0,0,0,0.0
1845,1778173163.9590173,decode,360,87677,0.48287199709209466,181315,359,2129.4776304413035,20195,1,360,180955,181315,181315,0.9985735843237468,1,20196,0,0,0,0,0.0
1846,1778173164.2735915,decode,359,181178,0.9978190710123697,181172,359,2129.4776304413035,20197,1,359,180813,181172,181172,0.9977860266337691,0,20197,185,187,0,0,0.0
1848,1778173164.3499508,decode,361,180387,0.9934627204335422,181539,360,2129.4776304413035,20010,0,361,181178,181539,181539,0.9998072411248307,0,20010,0,0,0,0,0.0
1849,1778173164.390814,decode,360,92153,0.5075231035280382,181398,360,2129.4776304413035,20011,1,360,181038,181398,181398,0.9990306982277198,0,20011,2,2,0,0,0.0
1852,1778173164.7599888,decode,361,181373,0.9988930133168846,181514,360,2129.4776304413035,19831,0,361,181153,181514,181514,0.9996695562139954,0,19831,177,0,0,0,0.0
1853,1778173164.8031971,decode,360,95235,0.524496899335808,181373,359,2129.4776304413035,19831,1,360,181013,181373,181373,0.9988930133168846,1,19832,0,0,0,0,0.0
1854,1778173165.0892055,decode,359,181236,0.9981385000055074,181230,359,2129.4776304413035,19833,1,359,180871,181230,181230,0.9981054556269069,0,19833,170,172,0,0,0.0
1856,1778173165.1532996,decode,360,181456,0.9993501272208576,181096,360,2129.4776304413035,19661,1,360,180736,181096,181096,0.9973674645048299,1,19662,0,0,0,0,0.0
1857,1778173165.1953244,decode,360,100916,0.5557844184740106,181456,359,2129.4776304413035,19661,0,360,181096,181456,181456,0.9993501272208576,1,19662,0,0,0,0,0.0
1858,1778173165.4627662,decode,359,181417,0.9991353387599546,181313,359,2129.4776304413035,19663,1,359,180954,181313,181313,0.99856256953088,0,19663,159,161,0,0,0.0
1860,1778173165.5390801,decode,360,127795,0.7038177272076399,181277,359,2176.312754037361,19502,1,360,180917,181277,181277,0.9983643032592772,1,19503,0,0,0,0,0.0
1861,1778173165.723747,decode,359,145653,0.8021688127154769,181135,359,2176.312754037361,19504,1,359,180776,181135,181135,0.997582252965733,0,19504,105,107,0,0,0.0
1864,1778173165.924248,decode,361,180865,0.9960952559287123,181514,360,2176.312754037361,19326,0,361,181153,181514,181514,0.9996695562139954,0,19326,71,0,0,0,0.0
1865,1778173165.9642668,decode,360,94049,0.5179651271657837,181373,360,2176.312754037361,19327,1,360,181013,181373,181373,0.9988930133168846,0,19327,1,1,0,0,0.0
1868,1778173166.3260884,decode,361,181269,0.99832024408781,181410,360,2176.312754037361,19151,1,361,181049,181410,181410,0.9990967869849208,1,19152,173,0,0,0,0.0
1869,1778173166.3619604,decode,360,141384,0.7786577373412493,181269,359,2176.312754037361,19151,1,360,180909,181269,181269,0.99832024408781,2,19153,0,0,0,0,0.0
1870,1778173166.5055015,decode,359,137276,0.7560333527928007,181126,359,2176.312754037361,19154,1,359,180767,181126,181126,0.9975326863978323,0,19154,79,80,0,0,0.0
1873,1778173166.720455,decode,360,181496,0.999570423078194,181136,360,2176.312754037361,18986,1,360,180776,181136,181136,0.9975877603621663,1,18987,87,0,0,0,0.0
1874,1778173166.7648463,decode,360,91832,0.5057552292729135,181496,359,2176.312754037361,18986,0,360,181136,181496,181496,0.999570423078194,1,18987,0,0,0,0,0.0
1875,1778173167.0795636,decode,359,181333,0.9986727174595482,181353,359,2176.312754037361,18988,1,359,180994,181353,181353,0.9987828653882164,0,18988,177,179,0,0,0.0
1877,1778173167.1528232,decode,360,132790,0.7313271723925232,181193,360,2176.312754037361,18809,1,360,180833,181193,181193,0.9979016819588707,1,18810,0,0,0,0,0.0
1878,1778173167.3199537,decode,360,127074,0.6998468943791512,181553,360,2176.312754037361,18810,0,360,181193,181553,181553,0.9998843446748984,0,18810,96,97,0,0,0.0
1881,1778173167.5593956,decode,361,180786,0.9956601716104728,181435,360,2176.312754037361,18604,1,361,181074,181435,181435,0.999234471895756,1,18605,108,0,0,0,0.0
1882,1778173167.589135,decode,360,82966,0.45692665249429987,181294,360,2176.312754037361,18605,1,360,180934,181294,181294,0.9984579289986452,1,18606,1,1,0,0,0.0
1885,1778173167.986708,decode,361,181186,0.9978631301838369,181327,360,2176.312754037361,18408,1,361,180966,181327,181327,0.9986396730809477,1,18409,195,0,0,0,0.0
1886,1778173168.0217142,decode,360,130240,0.7172833114873275,181186,360,2176.312754037361,18408,1,360,180826,181186,181186,0.9978631301838369,2,18410,0,0,0,0,0.0
1887,1778173168.1981156,decode,360,146257,0.8054952801612566,181546,360,2176.312754037361,18410,0,360,181186,181546,181546,0.9998457928998645,0,18410,102,102,0,0,0.0
1890,1778173168.3785748,decode,360,181477,0.9994657825459592,181117,360,2176.312754037361,18238,1,360,180757,181117,181117,0.9974831198299317,1,18239,69,0,0,0,0.0
1891,1778173168.422877,decode,360,88810,0.4891118772511483,181477,359,2176.312754037361,18238,0,360,181117,181477,181477,0.9994657825459592,1,18239,0,0,0,0,0.0
1892,1778173168.7319534,decode,359,181311,0.9985515547380132,181334,359,2176.312754037361,18240,1,359,180975,181334,181334,0.9986782248559816,0,18240,183,185,0,0,0.0
1894,1778173168.8036282,decode,360,133276,0.7340037670591605,181171,360,2176.312754037361,18055,1,360,180811,181171,181171,0.9977805192373358,1,18056,0,0,0,0,0.0
1895,1778173168.9681437,decode,360,139108,0.7661229030588079,181531,360,2176.312754037361,18056,0,360,181171,181531,181531,0.9997631819533633,0,18056,95,96,0,0,0.0
1898,1778173169.1744683,decode,361,181328,0.9986451804773812,181469,360,2176.312754037361,17876,0,361,181108,181469,181469,0.999421723374492,0,17876,84,0,0,0,0.0
1899,1778173169.2147348,decode,360,106834,0.5883771905669314,181328,359,2176.312754037361,17876,1,360,180968,181328,181328,0.9986451804773812,1,17877,0,0,0,0,0.0
1900,1778173169.4585245,decode,359,181335,0.998683732252415,181185,359,2176.312754037361,17878,1,359,180826,181185,181185,0.9978576227874035,0,17878,147,149,0,0,0.0
1902,1778173169.5181258,decode,360,181052,0.9971251390617599,181195,360,2176.312754037361,17729,1,360,180835,181195,181195,0.9979126967517375,1,17730,0,0,0,0,0.0
1903,1778173169.552809,decode,360,90697,0.4995043343209931,181555,360,2176.312754037361,17730,0,360,181195,181555,181555,0.9998953594677652,0,17730,1,1,0,0,0.0
1906,1778173169.9199443,decode,361,181417,0.9991353387599546,181558,360,2176.312754037361,17548,0,361,181197,181558,181558,0.9999118816570655,0,17548,180,0,0,0,0.0
1907,1778173169.9652777,decode,360,77594,0.4273409188540209,181417,359,2176.312754037361,17548,1,360,181057,181417,181417,0.9991353387599546,1,17549,0,0,0,0,0.0
1908,1778173170.3142157,decode,359,181095,0.9973619571083966,181274,359,2176.312754037361,17550,1,359,180915,181274,181274,0.998347781069977,0,17550,205,207,0,0,0.0
1910,1778173170.383032,decode,361,181315,0.9985735843237468,181456,360,2176.312754037361,17343,0,361,181095,181456,181456,0.9993501272208576,0,17343,0,0,0,0,0.0
1911,1778173170.4247873,decode,360,96841,0.5333417780078645,181315,359,2176.312754037361,17343,1,360,180955,181315,181315,0.9985735843237468,1,17344,0,0,0,0,0.0
1912,1778173170.7048364,decode,359,181342,0.9987222840274489,181172,359,2176.312754037361,17345,1,359,180813,181172,181172,0.9977860266337691,0,17345,167,169,0,0,0.0
1914,1778173170.7735693,decode,360,136858,0.7537312610836353,181202,360,2176.312754037361,17176,1,360,180842,181202,181202,0.9979512485267714,1,17177,0,0,0,0,0.0
1915,1778173170.9268363,decode,360,140194,0.7721039355854913,181562,360,2176.312754037361,17177,0,360,181202,181562,181562,0.9999339112427991,0,17177,88,89,0,0,0.0
1918,1778173171.127186,decode,361,180906,0.996321059182482,181555,360,2176.312754037361,17006,0,361,181194,181555,181555,0.9998953594677652,0,17006,82,0,0,0,0.0
1919,1778173171.1632886,decode,360,85009,0.4681782634077566,181414,360,2176.312754037361,17007,1,360,181054,181414,181414,0.9991188165706544,0,17007,1,1,0,0,0.0
1922,1778173171.5466406,decode,361,181229,0.9980999482304735,181370,360,2176.312754037361,16813,1,361,181009,181370,181370,0.9988764911275844,1,16814,191,0,0,0,0.0
1923,1778173171.583838,decode,360,126254,0.6953308293037549,181229,359,2176.312754037361,16813,1,360,180869,181229,181229,0.9980999482304735,2,16815,0,0,0,0,0.0
1924,1778173171.7702618,decode,359,138160,0.7609018912399352,181086,359,2176.312754037361,16816,1,359,180727,181086,181086,0.9973123905404959,0,16816,109,110,0,0,0.0
1927,1778173171.9790926,decode,361,180877,0.9961613446859132,181521,360,2236.3264843416464,16620,0,361,181160,181521,181521,0.9997081079890293,0,16620,85,0,0,0,0.0
1928,1778173172.016143,decode,360,86089,0.4741262515558395,181380,360,2236.3264843416464,16621,1,360,181020,181380,181380,0.9989315650919185,0,16621,1,1,0,0,0.0
1931,1778173172.3990967,decode,361,181309,0.9985405399451464,181450,360,2236.3264843416464,16430,0,361,181089,181450,181450,0.9993170828422572,0,16430,189,0,0,0,0.0
1932,1778173172.4424741,decode,360,87696,0.48297663762432946,181309,359,2236.3264843416464,16430,1,360,180949,181309,181309,0.9985405399451464,1,16431,0,0,0,0,0.0
1933,1778173172.7535665,decode,359,181197,0.9979237115446044,181166,359,2236.3264843416464,16432,1,359,180807,181166,181166,0.9977529822551687,0,16432,185,187,0,0,0.0
1935,1778173172.820687,decode,361,180914,0.9963651183539494,181558,360,2236.3264843416464,16245,0,361,181197,181558,181558,0.9999118816570655,0,16245,0,0,0,0,0.0
1936,1778173172.8554037,decode,360,93631,0.5156630354566183,181417,360,2236.3264843416464,16246,1,360,181057,181417,181417,0.9991353387599546,0,16246,1,1,0,0,0.0
1939,1778173173.214536,decode,361,181351,0.9987718505953496,181492,360,2236.3264843416464,16070,0,361,181131,181492,181492,0.9995483934924604,0,16070,174,0,0,0,0.0
1940,1778173173.2590628,decode,360,93754,0.5163404452179277,181351,359,2236.3264843416464,16070,1,360,180991,181351,181351,0.9987718505953496,1,16071,0,0,0,0,0.0
1941,1778173173.549542,decode,359,181255,0.9982431405377422,181208,359,2236.3264843416464,16072,1,359,180849,181208,181208,0.9979842929053719,0,16072,173,175,0,0,0.0
1943,1778173173.609703,decode,360,181475,0.9994547677530924,181115,360,2236.3264843416464,15897,1,360,180755,181115,181115,0.9974721050370647,1,15898,0,0,0,0,0.0
1944,1778173173.6546855,decode,360,84769,0.4668564882637382,181475,359,2236.3264843416464,15897,0,360,181115,181475,181475,0.9994547677530924,1,15898,0,0,0,0,0.0
1945,1778173173.9785068,decode,359,181270,0.9983257514842433,181332,359,2236.3264843416464,15899,1,359,180973,181332,181332,0.9986672100631148,0,15899,191,193,0,0,0.0
1947,1778173174.047136,decode,360,136786,0.7533347285404298,181130,360,2236.3264843416464,15706,1,360,180770,181130,181130,0.9975547159835659,1,15707,0,0,0,0,0.0
1948,1778173174.1984026,decode,360,140122,0.7717074030422858,181490,360,2236.3264843416464,15707,0,360,181130,181490,181490,0.9995373786995936,0,15707,88,89,0,0,0.0
1951,1778173174.3934188,decode,361,180834,0.9959245266392766,181483,360,2236.3264843416464,15536,0,361,181122,181483,181483,0.9994988269245597,0,15536,82,0,0,0,0.0
1952,1778173174.4247975,decode,360,99615,0.5486192957141441,181342,360,2236.3264843416464,15537,1,360,180982,181342,181342,0.9987222840274489,0,15537,1,1,0,0,0.0
1955,1778173174.7530875,decode,361,181335,0.998683732252415,181476,360,2236.3264843416464,15373,0,361,181115,181476,181476,0.9994602751495258,0,15373,162,0,0,0,0.0
1956,1778173174.7872028,decode,360,143965,0.7928723275358807,181335,359,2236.3264843416464,15373,1,360,180975,181335,181335,0.998683732252415,1,15374,0,0,0,0,0.0
1957,1778173174.9213765,decode,359,126203,0.695049952085651,181192,359,2236.3264843416464,15375,1,359,180833,181192,181192,0.9978961745624374,0,15375,74,75,0,0,0.0
1960,1778173175.1665733,decode,361,180920,0.9963981627325498,181564,360,2236.3264843416464,15190,0,361,181203,181564,181564,0.9999449260356659,0,15190,109,0,0,0,0.0
1961,1778173175.202433,decode,360,91629,0.5046372277969313,181423,360,2236.3264843416464,15191,1,360,181063,181423,181423,0.999168383138555,0,15191,1,1,0,0,0.0
1964,1778173175.5657442,decode,361,181349,0.9987608358024828,181490,360,2236.3264843416464,15011,0,361,181129,181490,181490,0.9995373786995936,0,15011,178,0,0,0,0.0
1965,1778173175.6095076,decode,360,89718,0.49411259321268464,181349,359,2236.3264843416464,15011,1,360,180989,181349,181349,0.9987608358024828,1,15012,0,0,0,0,0.0
1966,1778173175.9135282,decode,359,181219,0.9980448742661394,181206,359,2236.3264843416464,15013,1,359,180847,181206,181206,0.9979732781125051,0,15013,181,183,0,0,0.0
1968,1778173175.9707894,decode,360,180936,0.9964862810754844,181079,360,2236.3264843416464,14830,1,360,180719,181079,181079,0.997273838765462,1,14831,0,0,0,0,0.0
1969,1778173176.004183,decode,360,92624,0.5101170872481743,181439,360,2236.3264843416464,14831,0,360,181079,181439,181439,0.9992565014814896,0,14831,1,1,0,0,0.0
1972,1778173176.3575532,decode,361,181344,0.9987332988203157,181485,360,2236.3264843416464,14653,0,361,181124,181485,181485,0.9995098417174265,0,14653,176,0,0,0,0.0
1973,1778173176.3982065,decode,360,100291,0.5523422957031293,181344,359,2236.3264843416464,14653,1,360,180984,181344,181344,0.9987332988203157,1,14654,0,0,0,0,0.0
1974,1778173176.6647353,decode,359,181292,0.9984469142057784,181201,359,2236.3264843416464,14655,1,359,180842,181201,181201,0.9979457411303381,0,14655,160,162,0,0,0.0
1976,1778173176.7202835,decode,360,181009,0.9968883210151233,181152,360,2236.3264843416464,14493,1,360,180792,181152,181152,0.997675878705101,1,14494,0,0,0,0,0.0
1977,1778173176.7532175,decode,360,86146,0.4744401731525439,181512,360,2236.3264843416464,14494,0,360,181152,181512,181512,0.9996585414211285,0,14494,1,1,0,0,0.0
1980,1778173177.1283576,decode,361,181366,0.9988544615418508,181507,360,2236.3264843416464,14303,0,361,181146,181507,181507,0.9996310044389616,0,14303,189,0,0,0,0.0
1981,1778173177.170688,decode,360,86652,0.47722691574784937,181366,359,2236.3264843416464,14303,1,360,181006,181366,181366,0.9988544615418508,1,14304,0,0,0,0,0.0
1982,1778173177.4816499,decode,359,181153,0.9976813861015343,181223,359,2236.3264843416464,14305,1,359,180864,181223,181223,0.998066903851873,0,14305,187,189,0,0,0.0
1984,1778173177.5445921,decode,361,181373,0.9988930133168846,181514,360,2236.3264843416464,14116,0,361,181153,181514,181514,0.9996695562139954,0,14116,0,0,0,0,0.0
1985,1778173177.585102,decode,360,93871,0.5169848106006366,181373,359,2236.3264843416464,14116,1,360,181013,181373,181373,0.9988930133168846,1,14117,0,0,0,0,0.0
1986,1778173177.871515,decode,359,181372,0.9988875059204512,181230,359,2236.3264843416464,14118,1,359,180871,181230,181230,0.9981054556269069,0,14118,173,175,0,0,0.0
1988,1778173177.9393165,decode,360,127755,0.7035974313503035,181232,359,2236.3264843416464,13943,1,360,180872,181232,181232,0.9981164704197738,1,13944,0,0,0,0,0.0
1989,1778173178.120488,decode,359,130553,0.7190071265709849,181090,359,2236.3264843416464,13945,1,359,180731,181090,181090,0.9973344201262295,0,13945,105,107,0,0,0.0
1992,1778173178.33991,decode,361,180765,0.9955445162853712,181414,360,2264.1749818247013,13736,1,361,181053,181414,181414,0.9991188165706544,1,13737,101,0,0,0,0.0
1993,1778173178.3657858,decode,360,89998,0.4956546642140395,181273,360,2264.1749818247013,13737,1,360,180913,181273,181273,0.9983422736735436,1,13738,1,1,0,0,0.0
1996,1778173178.7229052,decode,361,181218,0.9980393668697061,181359,360,2264.1749818247013,13554,1,361,180998,181359,181359,0.9988159097668169,1,13555,181,0,0,0,0.0
1997,1778173178.7548985,decode,360,140332,0.772863956293302,181218,359,2264.1749818247013,13554,1,360,180858,181218,181218,0.9980393668697061,2,13556,0,0,0,0,0.0
1998,1778173178.8937466,decode,359,145336,0.8004229680460859,181075,359,2264.1749818247013,13557,1,359,180716,181075,181075,0.9972518091797283,0,13557,81,82,0,0,0.0
2001,1778173179.0635827,decode,360,181556,0.9999008668641987,181196,360,2264.1749818247013,13403,1,360,180836,181196,181196,0.997918204148171,1,13404,71,0,0,0,0.0
2002,1778173179.103435,decode,360,92350,0.50860806062542,181556,359,2264.1749818247013,13403,0,360,181196,181556,181556,0.9999008668641987,1,13404,0,0,0,0,0.0
2003,1778173179.3949826,decode,359,181351,0.9987718505953496,181413,359,2264.1749818247013,13405,1,359,181054,181413,181413,0.999113309174221,0,13405,176,178,0,0,0.0
2005,1778173179.4575326,decode,360,130268,0.717437518587463,181211,360,2264.1749818247013,13227,1,360,180851,181211,181211,0.9980008150946722,1,13228,0,0,0,0,0.0
2006,1778173179.6267142,decode,360,133076,0.7329022877724785,181571,360,2264.1749818247013,13228,0,360,181211,181571,181571,0.9999834778106997,0,13228,101,102,0,0,0.0
2009,1778173179.8381934,decode,361,180788,0.9956711864033397,181437,360,2264.1749818247013,13030,0,361,181076,181437,181437,0.9992454866886228,0,13030,96,0,0,0,0.0
2010,1778173179.8703563,decode,360,95036,0.5234009274455594,181296,360,2264.1749818247013,13031,1,360,180936,181296,181296,0.998468943791512,0,13031,1,1,0,0,0.0
2013,1778173180.208259,decode,361,181256,0.9982486479341756,181397,360,2264.1749818247013,12857,1,361,181036,181397,181397,0.9990251908312864,1,12858,171,0,0,0,0.0
2014,1778173180.2396243,decode,360,141376,0.778613678169782,181256,359,2264.1749818247013,12857,1,360,180896,181256,181256,0.9982486479341756,2,12859,0,0,0,0,0.0
2015,1778173180.3762066,decode,359,140817,0.7755350435635058,181113,359,2264.1749818247013,12860,1,359,180754,181113,181113,0.9974610902441979,0,12860,79,80,0,0,0.0
2018,1778173180.5578146,decode,360,181537,0.9997962263319639,181177,360,2264.1749818247013,12699,1,360,180817,181177,181177,0.9978135636159362,1,12700,80,0,0,0,0.0
2019,1778173180.59875,decode,360,82266,0.45307147499091277,181537,359,2264.1749818247013,12699,0,360,181177,181537,181537,0.9997962263319639,1,12700,0,0,0,0,0.0
2020,1778173180.9265141,decode,359,181267,0.9983092292949431,181394,359,2264.1749818247013,12701,1,359,181035,181394,181394,0.9990086686419862,0,12701,196,198,0,0,0.0
2022,1778173180.988607,decode,360,134751,0.7421271767984403,181127,360,2264.1749818247013,12503,1,360,180767,181127,181127,0.9975381937942657,1,12504,0,0,0,0,0.0
2023,1778173181.142797,decode,360,138079,0.760455792128829,181487,360,2264.1749818247013,12504,0,360,181127,181487,181487,0.9995208565102933,0,12504,92,93,0,0,0.0
2026,1778173181.3390808,decode,361,180791,0.9956877085926399,181440,360,2264.1749818247013,12325,0,361,181079,181440,181440,0.999262008877923,0,12325,86,0,0,0,0.0
2027,1778173181.3673997,decode,360,107649,0.5928657186601606,181299,360,2264.1749818247013,12326,1,360,180939,181299,181299,0.9984854659808122,0,12326,1,1,0,0,0.0
2030,1778173181.6583555,decode,361,181369,0.9988709837311509,181510,360,2264.1749818247013,12178,0,361,181149,181510,181510,0.9996475266282617,0,12178,146,0,0,0,0.0
2031,1778173181.6892612,decode,360,142490,0.7847489177966008,181369,359,2264.1749818247013,12178,1,360,181009,181369,181369,0.9988709837311509,1,12179,0,0,0,0,0.0
2032,1778173181.8227115,decode,359,125721,0.6923953870047473,181226,359,2264.1749818247013,12180,1,359,180867,181226,181226,0.9980834260411733,0,12180,77,78,0,0,0.0
2035,1778173182.0504174,decode,360,181441,0.9992675162743565,181081,360,2264.1749818247013,11991,1,360,180721,181081,181081,0.9972848535583289,1,11992,110,0,0,0,0.0
2036,1778173182.0927713,decode,360,83206,0.45824842763831825,181441,359,2264.1749818247013,11991,0,360,181081,181441,181441,0.9992675162743565,1,11992,0,0,0,0,0.0
2037,1778173182.416342,decode,359,181207,0.9979787855089385,181298,359,2264.1749818247013,11993,1,359,180939,181298,181298,0.9984799585843788,0,11993,194,196,0,0,0.0
2039,1778173182.4799402,decode,361,145364,0.8005771751462214,181568,360,2264.1749818247013,11797,0,361,181207,181568,181568,0.9999669556213996,0,11797,0,0,0,0,0.0
2040,1778173182.6032655,decode,360,129156,0.7113132937535109,181427,360,2264.1749818247013,11798,1,360,181067,181427,181427,0.9991904127242888,0,11798,71,72,0,0,0.0
2043,1778173182.8227208,decode,361,180868,0.9961117781180124,181517,360,2264.1749818247013,11622,0,361,181156,181517,181517,0.9996860784032956,0,11622,104,0,0,0,0.0
2044,1778173182.8530319,decode,360,95056,0.5235110753742276,181376,360,2264.1749818247013,11623,1,360,181016,181376,181376,0.9989095355061848,0,11623,1,1,0,0,0.0
2047,1778173183.187195,decode,361,181276,0.9983587958628438,181417,360,2264.1749818247013,11449,1,361,181056,181417,181417,0.9991353387599546,1,11450,171,0,0,0,0.0
2048,1778173183.218979,decode,360,138881,0.7648727240684239,181276,359,2264.1749818247013,11449,1,360,180916,181276,181276,0.9983587958628438,2,11451,0,0,0,0,0.0
2049,1778173183.3620377,decode,359,135752,0.7476400806282838,181133,359,2264.1749818247013,11452,1,359,180774,181133,181133,0.9975712381728662,0,11452,84,85,0,0,0.0
2052,1778173183.5551357,decode,360,181472,0.9994382455637921,181112,360,2264.1749818247013,11276,1,360,180752,181112,181112,0.9974555828477646,1,11277,90,0,0,0,0.0
2053,1778173183.595753,decode,360,85772,0.4723804068864485,181472,359,2264.1749818247013,11276,0,360,181112,181472,181472,0.9994382455637921,1,11277,0,0,0,0,0.0
2054,1778173183.910635,decode,359,181273,0.9983422736735436,181329,359,2264.1749818247013,11278,1,359,180970,181329,181329,0.9986506878738145,0,11278,189,191,0,0,0.0
2056,1778173183.9720094,decode,360,137297,0.7561490081179023,181133,360,2264.1749818247013,11087,1,360,180773,181133,181133,0.9975712381728662,1,11088,0,0,0,0,0.0
2057,1778173184.1205666,decode,360,131599,0.7247678632403317,181493,360,2264.1749818247013,11088,0,360,181133,181493,181493,0.9995539008888937,0,11088,87,88,0,0,0.0
2060,1778173184.3369944,decode,361,180811,0.9957978565213081,181460,360,2401.3360130843134,10901,0,361,181099,181460,181460,0.9993721568065913,0,10901,99,0,0,0,0.0
2061,1778173184.3689363,decode,360,90541,0.4986451804773811,181319,360,2401.3360130843134,10902,1,360,180959,181319,181319,0.9985956139094805,0,10902,1,1,0,0,0.0
2064,1778173184.7219763,decode,361,181261,0.9982761849163426,181402,360,2401.3360130843134,10719,1,361,181041,181402,181402,0.9990527278134534,1,10720,180,0,0,0,0.0
2065,1778173184.755375,decode,360,133328,0.7342901516736978,181261,359,2401.3360130843134,10719,1,360,180901,181261,181261,0.9982761849163426,2,10721,0,0,0,0,0.0
2066,1778173184.9166818,decode,359,135699,0.747348188617313,181118,359,2401.3360130843134,10722,1,359,180759,181118,181118,0.997488627226365,0,10722,95,96,0,0,0.0
2069,1778173185.1181538,decode,361,181419,0.9991463535528214,181560,360,2401.3360130843134,10535,0,361,181199,181560,181560,0.9999228964499323,0,10535,90,0,0,0,0.0
2070,1778173185.1599808,decode,360,93314,0.5139171907872272,181419,359,2401.3360130843134,10535,1,360,181059,181419,181419,0.9991463535528214,1,10536,0,0,0,0,0.0
2071,1778173185.44531,decode,359,181315,0.9985735843237468,181276,359,2401.3360130843134,10537,1,359,180917,181276,181276,0.9983587958628438,0,10537,174,176,0,0,0.0
2073,1778173185.5047946,decode,360,137847,0.7591780761562779,181175,360,2401.3360130843134,10361,1,360,180815,181175,181175,0.9978025488230694,1,10362,0,0,0,0,0.0
2074,1778173185.6479442,decode,360,138677,0.7637492151960082,181535,360,2401.3360130843134,10362,0,360,181175,181535,181535,0.999785211539097,0,10362,86,87,0,0,0.0
2077,1778173185.833056,decode,361,180889,0.9962274334431142,181538,360,2401.3360130843134,10190,0,361,181177,181538,181538,0.9998017337283972,0,10190,85,0,0,0,0.0
2078,1778173185.862127,decode,360,92045,0.5069283047132299,181397,360,2401.3360130843134,10191,1,360,181037,181397,181397,0.9990251908312864,0,10191,1,1,0,0,0.0
2081,1778173186.2108,decode,361,181265,0.9982982145020763,181406,360,2401.3360130843134,10011,1,361,181045,181406,181406,0.9990747573991872,1,10012,177,0,0,0,0.0
2082,1778173186.2413843,decode,360,136350,0.750933503695463,181265,359,2401.3360130843134,10011,1,360,180905,181265,181265,0.9982982145020763,2,10013,0,0,0,0,0.0
2083,1778173186.3901432,decode,359,136228,0.750261601330587,181122,359,2401.3360130843134,10014,1,359,180763,181122,181122,0.9975106568120986,0,10014,89,90,0,0,0.0
2086,1778173186.5773008,decode,360,180945,0.9965358476433851,181088,360,2401.3360130843134,9834,1,360,180728,181088,181088,0.9973234053333627,1,9835,89,0,0,0,0.0
2087,1778173186.6047673,decode,360,98155,0.5405784969213654,181448,360,2401.3360130843134,9835,0,360,181088,181448,181448,0.9993060680493904,0,9835,1,1,0,0,0.0
2090,1778173186.9234977,decode,361,181375,0.9989040281097514,181516,360,2401.3360130843134,9668,0,361,181155,181516,181516,0.9996805710068623,0,9668,165,0,0,0,0.0
2091,1778173186.9612951,decode,360,93265,0.5136473283619901,181375,359,2401.3360130843134,9668,1,360,181015,181375,181375,0.9989040281097514,1,9669,0,0,0,0,0.0
2092,1778173187.251556,decode,359,181266,0.9983037218985097,181232,359,2401.3360130843134,9670,1,359,180873,181232,181232,0.9981164704197738,0,9670,174,176,0,0,0.0
2094,1778173187.3023345,decode,360,181486,0.9995153491138599,181126,360,2401.3360130843134,9494,1,360,180766,181126,181126,0.9975326863978323,1,9495,0,0,0,0,0.0
2095,1778173187.3415413,decode,360,86757,0.47780519237335745,181486,359,2401.3360130843134,9494,0,360,181126,181486,181486,0.9995153491138599,1,9495,0,0,0,0,0.0
2096,1778173187.6536334,decode,359,181258,0.9982596627270424,181343,359,2401.3360130843134,9496,1,359,180984,181343,181343,0.9987277914238822,0,9496,187,189,0,0,0.0
2098,1778173187.7103467,decode,360,140838,0.7756506988886074,181118,360,2401.3360130843134,9307,1,360,180758,181118,181118,0.997488627226365,1,9308,0,0,0,0,0.0
2099,1778173187.8431125,decode,360,139170,0.7664643616376794,181478,360,2401.3360130843134,9308,0,360,181118,181478,181478,0.9994712899423926,0,9308,80,81,0,0,0.0
2102,1778173188.025897,decode,361,180882,0.9961888816680803,181531,360,2401.3360130843134,9143,0,361,181170,181531,181531,0.9997631819533633,0,9143,84,0,0,0,0.0
2103,1778173188.0540848,decode,360,97093,0.5347296419090839,181390,360,2401.3360130843134,9144,1,360,181030,181390,181390,0.9989866390562525,0,9144,1,1,0,0,0.0
2106,1778173188.3722363,decode,361,181313,0.99856256953088,181454,360,2401.3360130843134,8975,0,361,181093,181454,181454,0.9993391124279908,0,8975,167,0,0,0,0.0
2107,1778173188.4035695,decode,360,130865,0.7207254342582088,181313,359,2401.3360130843134,8975,1,360,180953,181313,181313,0.99856256953088,1,8976,0,0,0,0,0.0
2108,1778173188.5683243,decode,359,129145,0.7112527123927435,181170,359,2401.3360130843134,8977,1,359,180811,181170,181170,0.9977750118409023,0,8977,100,101,0,0,0.0
2111,1778173188.7787797,decode,361,180862,0.996078733739412,181506,360,2401.3360130843134,8772,0,361,181145,181506,181506,0.9996254970425281,0,8772,103,0,0,0,0.0
2112,1778173188.8074148,decode,360,88052,0.48493727075462345,181365,360,2401.3360130843134,8773,1,360,181005,181365,181365,0.9988489541454173,0,8773,1,1,0,0,0.0
2115,1778173189.158608,decode,361,181272,0.9983367662771102,181413,360,2401.3360130843134,8585,1,361,181052,181413,181413,0.999113309174221,1,8586,185,0,0,0,0.0
2116,1778173189.1963212,decode,360,99303,0.5469009880269201,181272,359,2401.3360130843134,8585,1,360,180912,181272,181272,0.9983367662771102,2,8587,0,0,0,0,0.0
2117,1778173189.459207,decode,359,181304,0.9985130029629793,181129,359,2401.3360130843134,8588,1,359,180770,181129,181129,0.9975492085871325,0,8588,162,164,0,0,0.0
2119,1778173189.5079763,decode,360,181524,0.9997246301783295,181164,360,2401.3360130843134,8424,1,360,180804,181164,181164,0.9977419674623019,1,8425,0,0,0,0,0.0
2120,1778173189.5473847,decode,360,86790,0.4779869364556599,181524,359,2401.3360130843134,8424,0,360,181164,181524,181524,0.9997246301783295,1,8425,0,0,0,0,0.0
2121,1778173189.8548582,decode,359,181291,0.9984414068093449,181381,359,2401.3360130843134,8426,1,359,181022,181381,181381,0.9989370724883518,0,8426,187,189,0,0,0.0
2123,1778173189.9107897,decode,360,134780,0.7422868912950092,181151,360,2401.3360130843134,8237,1,360,180791,181151,181151,0.9976703713086675,1,8238,0,0,0,0,0.0
2124,1778173190.0612032,decode,360,134092,0.738497802548823,181511,360,2401.3360130843134,8238,0,360,181151,181511,181511,0.9996530340246952,0,8238,92,93,0,0,0.0
2127,1778173190.2545788,decode,361,180804,0.9957593047462743,181453,360,2433.7603756369585,8051,0,361,181092,181453,181453,0.9993336050315574,0,8051,94,0,0,0,0.0
2128,1778173190.2811882,decode,360,91548,0.504191128685825,181312,360,2433.7603756369585,8052,1,360,180952,181312,181312,0.9985570621344466,0,8052,1,1,0,0,0.0
2131,1778173190.6194425,decode,361,181268,0.9983147366913765,181409,360,2433.7603756369585,7871,1,361,181048,181409,181409,0.9990912795884873,1,7872,178,0,0,0,0.0
2132,1778173190.6483254,decode,360,135352,0.7454371220549197,181268,359,2433.7603756369585,7871,1,360,180908,181268,181268,0.9983147366913765,2,7873,0,0,0,0,0.0
2133,1778173190.7977796,decode,359,134202,0.7391036161564982,181125,359,2433.7603756369585,7874,1,359,180766,181125,181125,0.9975271790013989,0,7874,91,92,0,0,0.0
2136,1778173190.9887319,decode,361,181422,0.9991628757421217,181563,360,2433.7603756369585,7688,0,361,181202,181563,181563,0.9999394186392325,0,7688,93,0,0,0,0.0
2137,1778173191.0257704,decode,360,90802,0.5000826109465012,181422,359,2433.7603756369585,7688,1,360,181062,181422,181422,0.9991628757421217,1,7689,0,0,0,0,0.0
2138,1778173191.3169854,decode,359,181303,0.9985074955665458,181279,359,2433.7603756369585,7690,1,359,180920,181279,181279,0.9983753180521441,0,7690,179,181,0,0,0.0
2140,1778173191.370517,decode,360,137327,0.7563142300109047,181163,360,2433.7603756369585,7509,1,360,180803,181163,181163,0.9977364600658685,1,7510,0,0,0,0,0.0
2141,1778173191.5110598,decode,360,142673,0.7857567713439149,181523,360,2433.7603756369585,7510,0,360,181163,181523,181523,0.9997191227818961,0,7510,87,88,0,0,0.0
2144,1778173191.6763806,decode,361,180885,0.9962054038573804,181534,360,2433.7603756369585,7345,0,361,181173,181534,181534,0.9997797041426636,0,7345,77,0,0,0,0.0
2145,1778173191.7030778,decode,360,91569,0.5043067840109267,181393,360,2433.7603756369585,7346,1,360,181033,181393,181393,0.9990031612455528,0,7346,1,1,0,0,0.0
2148,1778173192.0424066,decode,361,181289,0.9984303920164781,181430,360,2433.7603756369585,7165,1,361,181069,181430,181430,0.9992069349135889,1,7166,178,0,0,0,0.0
2149,1778173192.0740054,decode,360,131344,0.7233634771498122,181289,359,2433.7603756369585,7165,1,360,180929,181289,181289,0.9984303920164781,2,7167,0,0,0,0,0.0
2150,1778173192.2387636,decode,359,129631,0.7139293070593807,181146,359,2433.7603756369585,7168,1,359,180787,181146,181146,0.9976428343265005,0,7168,99,100,0,0,0.0
2153,1778173192.449302,decode,361,181351,0.9987718505953496,181492,360,2433.7603756369585,6965,0,361,181131,181492,181492,0.9995483934924604,0,6965,102,0,0,0,0.0
2154,1778173192.489228,decode,360,90278,0.49719673521539426,181351,359,2433.7603756369585,6965,1,360,180991,181351,181351,0.9987718505953496,1,6966,0,0,0,0,0.0
2155,1778173192.7835302,decode,359,181279,0.9983753180521441,181208,359,2433.7603756369585,6967,1,359,180849,181208,181208,0.9979842929053719,0,6967,180,182,0,0,0.0
2157,1778173192.8397527,decode,360,140859,0.775766354213709,181139,360,2433.7603756369585,6785,1,360,180779,181139,181139,0.9976042825514666,1,6786,0,0,0,0,0.0
2158,1778173192.973579,decode,360,132163,0.727874034828775,181499,360,2433.7603756369585,6786,0,360,181139,181499,181499,0.9995869452674943,0,6786,80,81,0,0,0.0
2161,1778173193.1742027,decode,361,180875,0.9961503298930464,181524,360,2433.7603756369585,6607,0,361,181163,181524,181524,0.9997246301783295,0,6607,98,0,0,0,0.0
2162,1778173193.2037187,decode,360,81991,0.45155694097172505,181383,360,2433.7603756369585,6608,1,360,181023,181383,181383,0.9989480872812186,0,6608,1,1,0,0,0.0
2165,1778173193.5758848,decode,361,181211,0.9980008150946722,181352,360,2433.7603756369585,6408,1,361,180991,181352,181352,0.9987773579917829,1,6409,197,0,0,0,0.0
2166,1778173193.6038733,decode,360,129254,0.7118530186039852,181211,360,2433.7603756369585,6408,1,360,180851,181211,181211,0.9980008150946722,2,6410,0,0,0,0,0.0
2167,1778173193.770494,decode,360,139680,0.7692731338187185,181571,360,2433.7603756369585,6410,0,360,181211,181571,181571,0.9999834778106997,0,6410,104,104,0,0,0.0
2170,1778173193.94316,decode,361,181400,0.9990417130205866,181541,360,2433.7603756369585,6223,0,361,181180,181541,181541,0.9998182559176975,0,6223,82,0,0,0,0.0
2171,1778173193.9806054,decode,360,90322,0.4974390606584643,181400,359,2433.7603756369585,6223,1,360,181040,181400,181400,0.9990417130205866,1,6224,0,0,0,0,0.0
2172,1778173194.2735267,decode,359,181323,0.9986176434952141,181257,359,2433.7603756369585,6225,1,359,180898,181257,181257,0.998254155330609,0,6225,180,182,0,0,0.0
2174,1778173194.3260367,decode,360,133283,0.7340423188341944,181183,360,2433.7603756369585,6043,1,360,180823,181183,181183,0.9978466079945366,1,6044,0,0,0,0,0.0
2175,1778173194.478872,decode,360,134095,0.7385143247381233,181543,360,2433.7603756369585,6044,0,360,181183,181543,181543,0.9998292707105643,0,6044,95,96,0,0,0.0
2178,1778173194.664742,decode,361,181315,0.9985735843237468,181456,360,2433.7603756369585,5854,0,361,181095,181456,181456,0.9993501272208576,0,5854,94,0,0,0,0.0
2179,1778173194.7016695,decode,360,88200,0.48575236542676814,181315,359,2433.7603756369585,5854,1,360,180955,181315,181315,0.9985735843237468,1,5855,0,0,0,0,0.0
2180,1778173194.9997542,decode,359,181201,0.9979457411303381,181172,359,2433.7603756369585,5856,1,359,180813,181172,181172,0.9977860266337691,0,5856,184,186,0,0,0.0
2182,1778173195.046075,decode,361,180410,0.9935893905515106,181562,360,2433.7603756369585,5670,0,361,181201,181562,181562,0.9999339112427991,0,5670,0,0,0,0,0.0
2183,1778173195.0727837,decode,360,90118,0.49631555178604864,181421,360,2433.7603756369585,5671,1,360,181061,181421,181421,0.9991573683456882,0,5671,2,2,0,0,0.0
2186,1778173195.4178274,decode,361,181338,0.9987002544417152,181479,360,2433.7603756369585,5487,0,361,181118,181479,181479,0.999476797338826,0,5487,181,0,0,0,0.0
2187,1778173195.4529362,decode,360,97257,0.5356328549241631,181338,359,2433.7603756369585,5487,1,360,180978,181338,181338,0.9987002544417152,1,5488,0,0,0,0,0.0
2188,1778173195.719097,decode,359,181258,0.9982596627270424,181195,359,2433.7603756369585,5489,1,359,180836,181195,181195,0.9979126967517375,0,5489,166,168,0,0,0.0
2190,1778173195.762108,decode,360,180975,0.9967010695363874,181118,360,2433.7603756369585,5321,1,360,180758,181118,181118,0.997488627226365,1,5322,0,0,0,0,0.0
2191,1778173195.7859626,decode,360,96192,0.5297674777225815,181478,360,2433.7603756369585,5322,0,360,181118,181478,181478,0.9994712899423926,0,5322,1,1,0,0,0.0
2194,1778173196.0996017,decode,361,181412,0.9991078017777876,181553,360,2464.4901318889556,5151,0,361,181192,181553,181553,0.9998843446748984,0,5151,169,0,0,0,0.0
2195,1778173196.1367037,decode,360,83670,0.4608038595834205,181412,359,2464.4901318889556,5151,1,360,181052,181412,181412,0.9991078017777876,1,5152,0,0,0,0,0.0
2196,1778173196.4513483,decode,359,181171,0.9977805192373358,181269,359,2464.4901318889556,5153,1,359,180910,181269,181269,0.99832024408781,0,5153,193,195,0,0,0.0
2198,1778173196.4962857,decode,361,181391,0.998992146452686,181532,360,2464.4901318889556,4958,0,361,181171,181532,181532,0.9997686893497968,0,4958,0,0,0,0,0.0
2199,1778173196.5326395,decode,360,88266,0.4861158535913732,181391,359,2464.4901318889556,4958,1,360,181031,181391,181391,0.998992146452686,1,4959,0,0,0,0,0.0
2200,1778173196.8294892,decode,359,181267,0.9983092292949431,181248,359,2464.4901318889556,4960,1,359,180889,181248,181248,0.9982045887627083,0,4960,184,186,0,0,0.0
2202,1778173196.8795795,decode,360,140344,0.7729300450505028,181127,360,2464.4901318889556,4774,1,360,180767,181127,181127,0.9975381937942657,1,4775,0,0,0,0,0.0
2203,1778173197.0093703,decode,360,142690,0.7858503970832829,181487,360,2464.4901318889556,4775,0,360,181127,181487,181487,0.9995208565102933,0,4775,81,82,0,0,0.0
2206,1778173197.166318,decode,361,180902,0.9962990295967484,181551,360,2464.4901318889556,4616,0,361,181190,181551,181551,0.9998733298820316,0,4616,77,0,0,0,0.0
2207,1778173197.1909146,decode,360,90572,0.49881590976681683,181410,360,2464.4901318889556,4617,1,360,181050,181410,181410,0.9990967869849208,0,4617,1,1,0,0,0.0
2210,1778173197.5266097,decode,361,181292,0.9984469142057784,181433,360,2464.4901318889556,4434,1,361,181072,181433,181433,0.9992234571028892,1,4435,180,0,0,0,0.0
2211,1778173197.553836,decode,360,145436,0.8009737076894269,181292,359,2464.4901318889556,4434,1,360,180932,181292,181292,0.9984469142057784,2,4436,0,0,0,0,0.0
2212,1778173197.6726944,decode,359,127188,0.70047473757256,181149,359,2464.4901318889556,4437,1,359,180790,181149,181149,0.9976593565158007,0,4437,71,72,0,0,0.0
2215,1778173197.8775709,decode,361,181408,0.999085772192054,181549,360,2464.4901318889556,4257,0,361,181188,181549,181549,0.9998623150891648,0,4257,107,0,0,0,0.0
2216,1778173197.911936,decode,360,103443,0.5697016092612378,181408,359,2464.4901318889556,4257,1,360,181048,181408,181408,0.999085772192054,1,4258,0,0,0,0,0.0
2217,1778173198.156875,decode,359,181444,0.9992840384636567,181265,359,2464.4901318889556,4259,1,359,180906,181265,181265,0.9982982145020763,0,4259,154,156,0,0,0.0
2219,1778173198.2120264,decode,360,125790,0.6927753973586527,181304,359,2464.4901318889556,4103,1,360,180944,181304,181304,0.9985130029629793,1,4104,0,0,0,0,0.0
2220,1778173198.3863645,decode,359,145146,0.799376562723738,181162,359,2464.4901318889556,4105,1,359,180803,181162,181162,0.997730952669435,0,4105,109,111,0,0,0.0
2223,1778173198.534492,decode,361,180858,0.9960567041536784,181507,360,2464.4901318889556,3922,0,361,181146,181507,181507,0.9996310044389616,0,3922,72,0,0,0,0.0
2224,1778173198.5590127,decode,360,86507,0.4764283432650049,181366,360,2464.4901318889556,3923,1,360,181006,181366,181366,0.9988544615418508,0,3923,1,1,0,0,0.0
2227,1778173198.9048388,decode,361,181227,0.9980889334376067,181368,360,2464.4901318889556,3732,1,361,181007,181368,181368,0.9988654763347176,1,3733,188,0,0,0,0.0
2228,1778173198.9331791,decode,360,131282,0.7230220185709407,181227,359,2464.4901318889556,3732,1,360,180867,181227,181227,0.9980889334376067,2,3734,0,0,0,0,0.0
2229,1778173199.091019,decode,359,140216,0.7722250983070263,181084,359,2464.4901318889556,3735,1,359,180725,181084,181084,0.9973013757476291,0,3735,99,100,0,0,0.0
2232,1778173199.2508147,decode,360,181436,0.9992399792921894,181076,360,2464.4901318889556,3553,1,360,180716,181076,181076,0.9972573165761618,1,3554,81,0,0,0,0.0
2233,1778173199.2857609,decode,360,95338,0.5250641611684492,181436,359,2464.4901318889556,3553,0,360,181076,181436,181436,0.9992399792921894,1,3554,0,0,0,0,0.0
2234,1778173199.5558326,decode,359,181339,0.9987057618381486,181293,359,2464.4901318889556,3555,1,359,180934,181293,181293,0.9984524216022118,0,3555,170,172,0,0,0.0
2236,1778173199.6041517,decode,360,135839,0.7481192241179905,181199,360,2464.4901318889556,3383,1,360,180839,181199,181199,0.9979347263374713,1,3384,0,0,0,0,0.0
2237,1778173199.7462132,decode,360,136661,0.7526463039862535,181559,360,2464.4901318889556,3384,0,360,181199,181559,181559,0.9999173890534988,0,3384,90,91,0,0,0.0
2240,1778173199.9182334,decode,361,180873,0.9961393151001795,181522,360,2464.4901318889556,3204,0,361,181161,181522,181522,0.9997136153854627,0,3204,89,0,0,0,0.0
2241,1778173199.9431093,decode,360,79981,0.4404870741405708,181381,360,2464.4901318889556,3205,1,360,181021,181381,181381,0.9989370724883518,0,3205,1,1,0,0,0.0
2244,1778173200.3150475,decode,361,181201,0.9979457411303381,181342,360,2464.4901318889556,3001,1,361,180981,181342,181342,0.9987222840274489,1,3002,201,0,0,0,0.0
2245,1778173200.3394616,decode,360,134777,0.742270369105709,181201,360,2464.4901318889556,3001,1,360,180841,181201,181201,0.9979457411303381,2,3003,0,0,0,0,0.0
2246,1778173200.484386,decode,360,140210,0.7721920539284258,181561,360,2464.4901318889556,3003,0,360,181201,181561,181561,0.9999284038463657,0,3003,93,93,0,0,0.0
2249,1778173200.6435542,decode,361,181430,0.9992069349135889,181571,360,2464.4901318889556,2828,0,361,181210,181571,181571,0.9999834778106997,0,2828,81,0,0,0,0.0
2250,1778173200.6772656,decode,360,100427,0.5530913016180731,181430,359,2464.4901318889556,2828,1,360,181070,181430,181430,0.9992069349135889,1,2829,0,0,0,0,0.0
2251,1778173200.9294307,decode,359,181428,0.9991959201207221,181287,359,2464.4901318889556,2830,1,359,180928,181287,181287,0.9984193772236113,0,2830,160,162,0,0,0.0
2253,1778173200.9807775,decode,360,124763,0.6871193012215405,181288,359,2464.4901318889556,2668,1,360,180928,181288,181288,0.9984248846200448,1,2669,0,0,0,0,0.0
2254,1778173201.1601646,decode,359,140099,0.7715807329243174,181146,359,2464.4901318889556,2670,1,359,180787,181146,181146,0.9976428343265005,0,2670,111,113,0,0,0.0
2257,1778173201.3210506,decode,361,181319,0.9985956139094805,181460,360,2464.4901318889556,2475,0,361,181099,181460,181460,0.9993721568065913,0,2475,82,0,0,0,0.0
2258,1778173201.3564775,decode,360,91700,0.5050282529437033,181319,359,2464.4901318889556,2475,1,360,180959,181319,181319,0.9985956139094805,1,2476,0,0,0,0,0.0
2259,1778173201.639547,decode,359,181201,0.9979457411303381,181176,359,2599.309505907588,2477,1,359,180817,181176,181176,0.9978080562195027,0,2477,177,179,0,0,0.0
2261,1778173201.6799467,decode,361,180918,0.996387147939683,181562,360,2599.309505907588,2298,0,361,181201,181562,181562,0.9999339112427991,0,2298,0,0,0,0,0.0
2262,1778173201.7001824,decode,360,104227,0.5740194080650314,181421,360,2599.309505907588,2299,1,360,181061,181421,181421,0.9991573683456882,0,2299,1,1,0,0,0.0
2265,1778173201.2043881,decode,360,181447,0.9993005606529569,181087,360,2599.309505907588,2144,1,360,180727,181087,181087,0.9973178979369293,1,2145,153,0,0,0,0.0
2266,1778173201.2398183,decode,360,86215,0.47482018350644917,181447,359,2599.309505907588,2144,0,360,181087,181447,181447,0.9993005606529569,1,2145,0,0,0,0,0.0
2267,1778173201.5642588,decode,359,181216,0.9980283520768392,181304,359,2599.309505907588,2146,1,359,180945,181304,181304,0.9985130029629793,0,2146,188,190,0,0,0.0
2269,1778173201.6032739,decode,360,181436,0.9992399792921894,181076,360,2599.309505907588,1956,1,360,180716,181076,181076,0.9972573165761618,1,1957,0,0,0,0,0.0
2270,1778173201.6404102,decode,360,78176,0.4305462235782656,181436,359,2599.309505907588,1956,0,360,181076,181436,181436,0.9992399792921894,1,1957,0,0,0,0,0.0
2271,1778173201.9709597,decode,359,181177,0.9978135636159362,181293,359,2599.309505907588,1958,1,359,180934,181293,181293,0.9984524216022118,0,1958,204,206,0,0,0.0
2273,1778173202.0167294,decode,361,145837,0.8031821736592243,181538,360,2599.309505907588,1752,0,361,181177,181538,181538,0.9998017337283972,0,1752,0,0,0,0,0.0
2274,1778173202.128566,decode,360,126619,0.6973410290019496,181397,360,2599.309505907588,1753,1,360,181037,181397,181397,0.9990251908312864,0,1753,70,71,0,0,0.0
2277,1778173202.3283422,decode,361,180831,0.9959080044499763,181480,360,2599.309505907588,1573,0,361,181119,181480,181480,0.9994823047352595,0,1573,109,0,0,0,0.0
2278,1778173202.3492618,decode,360,95571,0.5263473845374338,181339,360,2599.309505907588,1574,1,360,180979,181339,181339,0.9987057618381486,0,1574,1,1,0,0,0.0
2281,1778173202.6574152,decode,361,181291,0.9984414068093449,181432,360,2599.309505907588,1401,1,361,181071,181432,181432,0.9992179497064557,1,1402,170,0,0,0,0.0
2282,1778173202.6844213,decode,360,132855,0.7316851531606948,181291,359,2599.309505907588,1401,1,360,180931,181291,181291,0.9984414068093449,2,1403,0,0,0,0,0.0
2283,1778173202.8363004,decode,359,133191,0.7335356383623206,181148,359,2599.309505907588,1404,1,359,180789,181148,181148,0.9976538491193673,0,1404,96,97,0,0,0.0
2286,1778173203.013439,decode,361,181411,0.9991022943813541,181552,360,2599.309505907588,1211,0,361,181191,181552,181552,0.9998788372784649,0,1211,95,0,0,0,0.0
2287,1778173203.049443,decode,360,83724,0.46110125899082466,181411,359,2599.309505907588,1211,1,360,181051,181411,181411,0.9991022943813541,1,1212,0,0,0,0,0.0
2288,1778173203.3624494,decode,359,181225,0.9980779186447399,181268,359,2599.309505907588,1213,1,359,180909,181268,181268,0.9983147366913765,0,1213,193,195,0,0,0.0
2290,1778173203.4081783,decode,360,143345,0.7894577417471664,181085,360,2599.309505907588,1018,1,360,180725,181085,181085,0.9973068831440625,1,1019,0,0,0,0,0.0
2291,1778173203.5423439,decode,360,129639,0.7139733662308481,181445,360,2599.309505907588,1019,0,360,181085,181445,181445,0.9992895458600901,0,1019,75,76,0,0,0.0
2294,1778173203.7376683,decode,361,180851,0.9960181523786446,181500,360,2599.309505907588,840,0,361,181139,181500,181500,0.9995924526639276,0,840,103,0,0,0,0.0
2295,1778173203.7593563,decode,360,88031,0.48482161542952185,181359,360,2599.309505907588,841,1,360,180999,181359,181359,0.9988159097668169,0,841,1,1,0,0,0.0
2298,1778173204.0937958,decode,361,181251,0.9982211109520085,181392,360,2599.309505907588,653,1,361,181031,181392,181392,0.9989976538491193,1,654,185,0,0,0,0.0
2299,1778173204.1199856,decode,360,134827,0.7425457389273795,181251,359,2599.309505907588,653,1,360,180891,181251,181251,0.9982211109520085,2,655,0,0,0,0,0.0
2300,1778173204.2645097,decode,359,135698,0.7473426812208797,181108,359,2599.309505907588,656,1,359,180749,181108,181108,0.9974335532620309,0,656,92,93,0,0,0.0
2303,1778173204.4319167,decode,361,181418,0.999140846156388,181559,360,2599.309505907588,472,0,361,181198,181559,181559,0.9999173890534988,0,472,90,0,0,0,0.0
2304,1778173204.4658222,decode,360,91326,0.5029684866776081,181418,359,2599.309505907588,472,1,360,181058,181418,181418,0.999140846156388,1,473,0,0,0,0,0.0
2305,1778173204.749079,decode,359,181327,0.9986396730809477,181275,359,2599.309505907588,474,1,359,180916,181275,181275,0.9983532884664104,0,474,178,180,0,0,0.0
2307,1778173204.7959414,decode,360,133292,0.734091885402095,181187,360,2599.309505907588,294,1,360,180827,181187,181187,0.9978686375802703,1,295,0,0,0,0,0.0
2308,1778173204.944192,decode,360,139626,0.7689757344113144,181547,360,2599.309505907588,295,0,360,181187,181547,181547,0.9998513002962979,0,295,95,96,0,0,0.0
2311,1778173205.1022284,decode,361,180838,0.9959465562250102,181487,360,2599.309505907588,116,0,361,181126,181487,181487,0.9995208565102933,0,116,83,0,0,0,0.0
2312,1778173205.12342,decode,360,93058,0.5125072973002742,181346,360,2599.309505907588,117,1,360,180986,181346,181346,0.9987443136131825,0,117,1,1,0,0,0.0
2315,1778173205.3294563,decode,301,151660,0.8352517430909712,151359,301,2599.309505907588,0,0,301,151058,151359,151359,0.8335940167645147,0,0,175,0,0,0,0.0
2316,1778173205.3518744,decode,301,117757,0.6485344818090696,151660,301,2599.309505907588,0,0,301,151359,151660,151660,0.8352517430909712,0,0,0,0,0,0,0.0
2317,1778173205.3656712,decode,301,69730,0.3840307533016842,151961,233,2599.309505907588,0,0,301,151660,151961,151961,0.8369094694174276,0,0,68,0,0,0,0.0
2318,1778173205.3700583,decode,233,69868,0.38479077400949474,117990,138,2599.309505907588,0,0,233,117757,117990,117990,0.6498177051780542,0,0,95,0,0,0,0.0
2319,1778173205.3845544,decode,138,24794,0.13655038716996926,69868,138,2599.309505907588,0,0,138,69730,69868,69868,0.38479077400949474,0,0,0,0,0,0,0.0
2320,1778173205.3874516,decode,138,24843,0.13682024959520636,70006,49,2599.309505907588,0,0,138,69868,70006,70006,0.38555079471730536,0,0,89,0,0,0,0.0
2321,1778173205.3958972,decode,49,0,0.0,24843,49,2599.309505907588,0,0,49,24794,24843,24843,0.13682024959520636,0,0,0,0,0,0,0.0
2321,1778173205.3962905,decode,49,0,0.0,24892,49,2878.4175945941115,0,0,49,24843,24892,24892,0.13709011202044347,0,0,49,0,0,0,0.0
