batch_id,timestamp,forward_mode,batch_size,num_tokens,token_usage,batch_num_tokens,gpu_num_reqs,gen_throughput,num_queue_reqs,num_retracted_reqs,pre_decode_batch_size,pre_decode_batch_num_tokens,pre_decode_batch_num_tokens_after_one_decode,pre_decode_num_tokens,pre_decode_token_usage,num_retracted_queue_reqs,num_total_queue_reqs,num_prev_completed_reqs,real_admission,real_retraction,retracted_K_new,num_new_seqs,num_new_tokens,num_cached_tokens,cache_hit_rate
3,1779699235.156911,decode,1353,407398,0.9999779090688181,407253,1349,0.0,118642,5,1353,405900,407253,407253,0.9996219996219996,5,118647,0,1353,0,5,0,0,0,0.0
4,1779699235.2853866,decode,1349,407232,0.9995704541159086,407398,1344,0.0,118642,4,1349,406049,407398,407398,0.9999779090688181,9,118651,0,1349,0,4,0,0,0,0.0
5,1779699235.4036603,decode,1344,407360,0.9998846362482726,407232,1340,0.0,118642,5,1344,405888,407232,407232,0.9995704541159086,14,118656,0,0,5,0,0,0,0,0.0
6,1779699235.5633159,decode,1340,308050,0.7561234833962107,407360,1335,0.0,118642,4,1340,406020,407360,407360,0.9998846362482726,18,118660,0,0,4,0,0,0,0,0.0
7,1779699236.211495,decode,1335,306423,0.7521299339481158,407175,1335,0.0,118665,5,1335,405840,407175,407175,0.9994305448850903,0,118665,325,0,5,0,331,0,0,0.0
10,1779699237.0496397,decode,1342,406892,0.9987359078268169,407365,1337,0.0,117998,4,1342,406023,407365,407365,0.9998969089878181,4,118002,331,649,0,4,0,0,0,0.0
11,1779699237.1176896,decode,1337,406583,0.997977452522907,407197,1337,0.0,117999,5,1337,405860,407197,407197,0.9994845449390904,8,118007,1,644,0,5,1,0,0,0.0
14,1779699237.376962,decode,1333,405905,0.9963132690405417,407314,1328,0.0,117998,4,1333,405981,407314,407314,0.9997717270444543,10,118008,2,0,1,3,0,0,0,0.0
15,1779699237.4926486,decode,1328,264148,0.6483639210911938,407127,1328,0.0,118002,5,1328,405799,407127,407127,0.9993127265854539,11,118013,4,0,5,0,4,0,0,0.0
18,1779699238.5324066,decode,1336,357344,0.8771179680270589,407396,1331,0.0,117532,4,1336,406060,407396,407396,0.9999729999729999,4,117536,465,471,0,4,0,0,0,0.0
19,1779699238.8785865,decode,1331,294571,0.7230386321295412,407222,1331,0.0,117541,5,1331,405891,407222,407222,0.9995459086368177,0,117541,163,466,0,5,166,0,0,0.0
22,1779699239.7189727,decode,1343,406737,0.9983554529009074,407214,1339,0.0,116999,5,1343,405871,407214,407214,0.999526272253545,5,117004,362,537,0,5,0,0,0,0.0
23,1779699239.7972128,decode,1339,369926,0.9080010898192716,407349,1339,0.0,117001,4,1339,406010,407349,407349,0.9998576362212725,7,117008,2,533,0,4,2,0,0,0.0
26,1779699240.3427856,decode,1336,319796,0.7849546031364213,407262,1332,0.0,116882,4,1336,405926,407262,407262,0.9996440905531815,4,116886,123,122,0,4,0,0,0,0.0
27,1779699240.826957,decode,1332,366356,0.8992383537838083,407390,1332,0.0,116890,4,1332,406058,407390,407390,0.9999582726855454,0,116890,284,118,0,4,292,0,0,0.0
30,1779699241.3885772,decode,1337,318946,0.7828682374136919,407293,1332,0.0,116462,4,1337,405956,407293,407293,0.9997201815383634,4,116466,135,424,0,4,0,0,0,0.0
31,1779699241.8633249,decode,1332,397418,0.9754815209360664,407120,1332,0.0,116471,5,1332,405788,407120,407120,0.9992955447500902,0,116471,285,419,0,5,294,0,0,0.0
34,1779699242.2925408,decode,1337,358746,0.8805592441956078,407155,1333,0.0,116144,5,1337,405818,407155,407155,0.9993814539269085,5,116149,32,322,0,5,0,0,0,0.0
35,1779699242.6044888,decode,1333,376642,0.9244858335767426,407284,1333,0.0,116153,4,1333,405951,407284,407284,0.9996980906071815,0,116153,157,318,0,4,162,0,0,0.0
38,1779699243.2085543,decode,1335,297008,0.7290203653840017,407377,1330,0.0,115889,4,1335,406042,407377,407377,0.9999263635627272,4,115893,101,260,0,4,0,0,0,0.0
39,1779699244.0628262,decode,1330,384916,0.9447947629765812,407202,1330,0.0,115898,5,1330,405872,407202,407202,0.9994968176786359,0,115898,356,255,0,5,367,0,0,0.0
42,1779699244.5604858,decode,1338,337374,0.8281006462824645,407254,1334,0.0,115457,4,1338,405916,407254,407254,0.9996244541699087,4,115461,73,437,0,4,0,0,0,0.0
43,1779699244.9931536,decode,1334,388426,0.9534102261374988,407384,1334,0.0,115465,4,1334,406050,407384,407384,0.9999435453980908,0,115465,226,433,0,4,233,0,0,0.0
46,1779699245.4669888,decode,1337,345802,0.8487875760603033,407163,1333,0.0,115169,5,1337,405826,407163,407163,0.9994010903101812,5,115174,62,291,0,5,0,0,0,0.0
47,1779699245.8623593,decode,1333,376902,0.9251240160331069,407292,1333,0.0,115178,4,1333,405959,407292,407292,0.9997177269904542,0,115178,199,287,0,4,205,0,0,0.0
50,1779699246.398113,decode,1336,310348,0.7617640344913073,407338,1331,0.0,114872,4,1336,406002,407338,407338,0.9998306361942726,4,114876,100,302,0,4,0,0,0,0.0
51,1779699246.9289286,decode,1331,383840,0.9421536694263967,407164,1331,0.0,114881,5,1331,405833,407164,407164,0.9994035448580904,0,114881,313,297,0,5,323,0,0,0.0
54,1779699247.444683,decode,1338,342192,0.8399266581084763,407378,1333,0.0,114480,4,1338,406040,407378,407378,0.9999288181106363,4,114484,77,397,0,4,0,0,0,0.0
55,1779699247.9061158,decode,1333,387836,0.9519620428711337,407206,1333,0.0,114489,5,1333,405873,407206,407206,0.9995066358702722,0,114489,210,392,0,5,217,0,0,0.0
58,1779699248.453984,decode,1336,326886,0.8023573478118933,407172,1332,0.0,114207,5,1336,405836,407172,407172,0.9994231812413631,5,114212,64,277,0,5,0,0,0,0.0
59,1779699248.9221256,decode,1332,377494,0.9265771083952902,407300,1332,0.0,114216,4,1332,405968,407300,407300,0.999737363373727,0,114216,260,273,0,4,268,0,0,0.0
62,1779699249.4648192,decode,1337,323002,0.7928238837329746,407331,1332,0.0,113849,4,1337,405994,407331,407331,0.9998134543589089,4,113853,98,363,0,4,0,0,0,0.0
63,1779699249.9928992,decode,1332,382982,0.9400476673203946,407158,1332,0.0,113858,5,1332,405826,407158,407158,0.9993888175706358,0,113858,272,358,0,5,281,0,0,0.0
66,1779699250.5736496,decode,1337,340068,0.834713198349562,407119,1333,0.0,113496,5,1337,405782,407119,407119,0.9992930902021812,5,113501,80,357,0,5,0,0,0,0.0
67,1779699250.9935808,decode,1333,381732,0.9369794824340278,407248,1333,0.0,113505,4,1333,405915,407248,407248,0.9996097268824542,0,113505,217,353,0,4,224,0,0,0.0
70,1779699251.4992795,decode,1337,324054,0.7954060681333409,407369,1332,0.0,113196,4,1337,406032,407369,407369,0.9999067271794545,4,113200,84,305,0,4,0,0,0,0.0
71,1779699251.9747546,decode,1332,377970,0.9277454732000187,407196,1332,0.0,113205,5,1332,405864,407196,407196,0.9994820903911813,0,113205,269,300,0,5,277,0,0,0.0
74,1779699252.4801352,decode,1337,326870,0.8023180750453478,407207,1333,0.0,112830,5,1337,405870,407207,407207,0.9995090904181814,5,112835,96,370,0,5,0,0,0,0.0
75,1779699253.1263876,decode,1333,387206,0.950415677688405,407336,1333,0.0,112839,4,1333,406003,407336,407336,0.9998257270984544,0,112839,260,366,0,4,268,0,0,0.0
78,1779699253.6216261,decode,1337,334884,0.821988821988822,407143,1333,1212.4359633064203,112504,5,1337,405806,407143,407143,0.9993519993519994,5,112509,66,330,0,5,0,0,0,0.0
79,1779699254.0833118,decode,1333,374960,0.9203572839936476,407272,1333,1212.4359633064203,112513,4,1333,405939,407272,407272,0.9996686360322724,0,112513,234,326,0,4,241,0,0,0.0
82,1779699254.6124964,decode,1337,332182,0.8153566335384517,407197,1333,1212.4359633064203,112164,5,1337,405860,407197,407197,0.9994845449390904,5,112169,106,344,0,5,0,0,0,0.0
83,1779699255.0998168,decode,1333,383774,0.9419916692643966,407326,1333,1212.4359633064203,112173,4,1333,405993,407326,407326,0.9998011816193635,0,112173,243,340,0,4,250,0,0,0.0
86,1779699255.6181548,decode,1337,330750,0.8118417209326301,407311,1332,1212.4359633064203,111845,4,1337,405974,407311,407311,0.999764363400727,4,111849,77,324,0,4,0,0,0,0.0
87,1779699256.0602562,decode,1332,378370,0.928727292363656,407138,1332,1212.4359633064203,111854,5,1332,405806,407138,407138,0.9993397266124538,0,111854,247,319,0,5,255,0,0,0.0
90,1779699256.5772429,decode,1337,330090,0.8102217193126284,407307,1332,1212.4359633064203,111503,4,1337,405970,407307,407307,0.9997545452090907,4,111507,95,347,0,4,0,0,0,0.0
91,1779699257.0223525,decode,1332,382566,0.9390265753902117,407134,1332,1212.4359633064203,111512,5,1332,405802,407134,407134,0.9993299084208175,0,111512,249,342,0,5,257,0,0,0.0
94,1779699257.4979372,decode,1337,321780,0.7898244261880626,407303,1332,1212.4359633064203,111173,4,1337,405966,407303,407303,0.9997447270174543,4,111177,81,335,0,4,0,0,0,0.0
95,1779699257.964453,decode,1332,379920,0.9325318416227507,407130,1332,1212.4359633064203,111182,5,1332,405798,407130,407130,0.9993200902291811,0,111182,276,330,0,5,285,0,0,0.0
98,1779699258.449243,decode,1338,330798,0.8119595392322665,407358,1333,1212.4359633064203,110806,4,1338,406020,407358,407358,0.9998797271524544,4,110810,90,372,0,4,0,0,0,0.0
99,1779699258.8735023,decode,1333,380546,0.9340683886138431,407186,1333,1212.4359633064203,110815,5,1333,405853,407186,407186,0.9994575449120904,0,110815,247,367,0,5,255,0,0,0.0
102,1779699259.3522284,decode,1338,336988,0.8271531907895544,407384,1333,1212.4359633064203,110471,4,1338,406046,407384,407384,0.9999435453980908,4,110475,88,340,0,4,0,0,0,0.0
103,1779699259.7539957,decode,1333,374052,0.9181285544921909,407212,1333,1212.4359633064203,110480,5,1333,405879,407212,407212,0.9995213631577268,0,110480,227,335,0,5,234,0,0,0.0
106,1779699260.2698593,decode,1337,326940,0.8024898933989844,407189,1333,1212.4359633064203,110135,5,1337,405852,407189,407189,0.9994649085558176,5,110140,109,340,0,5,0,0,0,0.0
107,1779699260.719705,decode,1333,379068,0.9304405668042032,407318,1333,1212.4359633064203,110144,4,1333,405985,407318,407318,0.9997815452360906,0,110144,260,336,0,4,268,0,0,0.0
110,1779699261.2003,decode,1338,330566,0.8113900841173568,407406,1333,1212.4359633064203,109782,4,1338,406068,407406,407406,0.9999975454520909,4,109786,93,358,0,4,0,0,0,0.0
111,1779699261.6283882,decode,1333,383654,0.9416971235153053,407234,1333,1212.4359633064203,109791,5,1333,405901,407234,407234,0.9995753632117268,0,109791,248,353,0,5,256,0,0,0.0
114,1779699262.1363056,decode,1337,331528,0.8137513592059047,407191,1333,1212.4359633064203,109456,5,1337,405854,407191,407191,0.9994698176516358,5,109461,78,330,0,5,0,0,0,0.0
115,1779699262.7660477,decode,1333,381592,0.9366358457267548,407320,1333,1212.4359633064203,109465,4,1333,405987,407320,407320,0.9997864543319088,0,109465,245,326,0,4,252,0,0,0.0
118,1779699263.2431695,decode,1337,331644,0.8140360867633595,407229,1333,1212.4359633064203,109127,5,1337,405892,407229,407229,0.9995630904721814,5,109132,84,333,0,5,0,0,0,0.0
119,1779699263.7040548,decode,1333,382012,0.9376667558485741,407358,1333,1212.4359633064203,109136,4,1333,406025,407358,407358,0.9998797271524544,0,109136,245,329,0,4,252,0,0,0.0
122,1779699264.1986432,decode,1337,326786,0.802111893020984,407349,1332,1212.4359633064203,108800,4,1337,406012,407349,407349,0.9998576362212725,4,108804,83,332,0,4,0,0,0,0.0
123,1779699264.6774135,decode,1332,383474,0.9412553048916685,407176,1332,1212.4359633064203,108809,5,1332,405844,407176,407176,0.9994329994329995,0,108809,260,327,0,5,268,0,0,0.0
126,1779699265.17057,decode,1337,329138,0.8078849897031716,407311,1332,1212.4359633064203,108462,4,1337,405974,407311,407311,0.999764363400727,4,108466,78,343,0,4,0,0,0,0.0
127,1779699265.6249983,decode,1332,382818,0.9396451214633033,407138,1332,1212.4359633064203,108471,5,1332,405806,407138,407138,0.9993397266124538,0,108471,252,338,0,5,260,0,0,0.0
130,1779699266.114212,decode,1337,329708,0.8092840820113547,407255,1333,1212.4359633064203,108130,4,1337,405918,407255,407255,0.9996269087178178,4,108134,80,337,0,4,0,0,0,0.0
131,1779699266.5723546,decode,1333,380052,0.9328558419467511,407384,1333,1212.4359633064203,108138,4,1333,406051,407384,407384,0.9999435453980908,0,108138,251,333,0,4,258,0,0,0.0
134,1779699267.047875,decode,1337,331872,0.8145957236866328,407189,1333,1212.4359633064203,107789,5,1337,405852,407189,407189,0.9994649085558176,5,107794,89,344,0,5,0,0,0,0.0
135,1779699267.4760218,decode,1333,380420,0.9337591155772974,407318,1333,1212.4359633064203,107798,4,1333,405985,407318,407318,0.9997815452360906,0,107798,244,340,0,4,251,0,0,0.0
138,1779699267.9486773,decode,1337,327892,0.8048266230084412,407257,1333,1212.4359633064203,107458,4,1337,405920,407257,407257,0.999631817813636,4,107462,88,336,0,4,0,0,0,0.0
139,1779699268.3994682,decode,1333,379424,0.9313143858598404,407386,1333,1212.4359633064203,107466,4,1333,406053,407386,407386,0.999948454493909,0,107466,257,332,0,4,265,0,0,0.0
142,1779699268.8968265,decode,1337,328134,0.8054206236024418,407161,1333,1212.4359633064203,107108,5,1337,405824,407161,407161,0.999396181214363,5,107113,92,353,0,5,0,0,0,0.0
143,1779699269.3368936,decode,1333,383318,0.94087239541785,407290,1333,1212.4359633064203,107117,4,1333,405957,407290,407290,0.9997128178946361,0,107117,256,349,0,4,264,0,0,0.0
146,1779699269.8085153,decode,1337,331840,0.8145171781535417,407155,1333,1212.4359633064203,106773,5,1337,405818,407155,407155,0.9993814539269085,5,106778,79,339,0,5,0,0,0,0.0
147,1779699270.2307541,decode,1333,377044,0.9254725618361982,407284,1333,1212.4359633064203,106782,4,1333,405951,407284,407284,0.9996980906071815,0,106782,244,335,0,4,251,0,0,0.0
150,1779699270.7181695,decode,1337,330002,0.8100057190966282,407181,1333,1212.4359633064203,106430,5,1337,405844,407181,407181,0.9994452721725449,5,106435,99,347,0,5,0,0,0,0.0
151,1779699271.1495228,decode,1333,378522,0.9291003836458382,407310,1333,1212.4359633064203,106439,4,1333,405977,407310,407310,0.9997619088528179,0,106439,250,343,0,4,258,0,0,0.0
154,1779699271.6297164,decode,1337,333960,0.8197208197208197,407159,1333,1212.4359633064203,106085,5,1337,405822,407159,407159,0.9993912721185448,5,106090,95,349,0,5,0,0,0,0.0
155,1779699272.316394,decode,1333,379496,0.9314911133092951,407288,1333,1212.4359633064203,106094,4,1333,405955,407288,407288,0.9997079087988179,0,106094,237,345,0,4,244,0,0,0.0
158,1779699272.7913928,decode,1337,336818,0.8267359176450085,407233,1333,2785.5167445959223,105757,5,1337,405896,407233,407233,0.9995729086638178,5,105762,91,332,0,5,0,0,0,0.0
159,1779699273.292338,decode,1333,382694,0.9393407575225757,407362,1333,2785.5167445959223,105766,4,1333,406029,407362,407362,0.9998895453440908,0,105766,228,328,0,4,235,0,0,0.0
162,1779699273.76909,decode,1336,328670,0.8067362612817158,407130,1332,2785.5167445959223,105449,5,1336,405794,407130,407130,0.9993200902291811,5,105454,81,312,0,5,0,0,0,0.0
163,1779699274.235965,decode,1332,385990,0.9474309474309475,407258,1332,2785.5167445959223,105458,4,1332,405926,407258,407258,0.9996342723615451,0,105458,254,308,0,4,262,0,0,0.0
166,1779699274.7043478,decode,1336,328682,0.8067657158566249,407126,1332,2785.5167445959223,105125,5,1336,405790,407126,407126,0.9993102720375447,5,105130,70,328,0,5,0,0,0,0.0
167,1779699275.173309,decode,1332,384786,0.944475671748399,407254,1332,2785.5167445959223,105134,4,1332,405922,407254,407254,0.9996244541699087,0,105134,254,324,0,4,262,0,0,0.0
170,1779699275.6300545,decode,1336,324924,0.7975415248142521,407122,1332,2785.5167445959223,104797,5,1336,405786,407122,407122,0.9993004538459084,5,104802,74,332,0,5,0,0,0,0.0
171,1779699276.0787892,decode,1332,382196,0.9381183926638472,407250,1332,2785.5167445959223,104806,4,1332,405918,407250,407250,0.9996146359782724,0,104806,266,328,0,4,274,0,0,0.0
174,1779699276.5474982,decode,1337,328208,0.8056022601477147,407233,1333,2785.5167445959223,104448,5,1337,405896,407233,407233,0.9995729086638178,5,104453,82,353,0,5,0,0,0,0.0
175,1779699276.9718893,decode,1333,383396,0.9410638501547592,407362,1333,2785.5167445959223,104457,4,1333,406029,407362,407362,0.9998895453440908,0,104457,256,349,0,4,263,0,0,0.0
178,1779699277.4157765,decode,1337,326896,0.8023818932909842,407233,1333,2785.5167445959223,104114,5,1337,405896,407233,407233,0.9995729086638178,5,104119,78,338,0,5,0,0,0,0.0
179,1779699277.844669,decode,1333,379024,0.930332566696203,407362,1333,2785.5167445959223,104123,4,1333,406029,407362,407362,0.9998895453440908,0,104123,260,334,0,4,268,0,0,0.0
182,1779699278.2988605,decode,1338,336384,0.825670643852462,407362,1333,2785.5167445959223,103761,4,1338,406024,407362,407362,0.9998895453440908,4,103765,93,358,0,4,0,0,0,0.0
183,1779699278.6835787,decode,1333,388336,0.9531893168256804,407190,1333,2785.5167445959223,103770,5,1333,405857,407190,407190,0.9994673631037267,0,103770,229,353,0,5,236,0,0,0.0
186,1779699279.111411,decode,1337,325286,0.7984300711573439,407373,1332,2785.5167445959223,103471,4,1337,406036,407373,407373,0.9999165453710909,4,103475,62,295,0,4,0,0,0,0.0
187,1779699279.5468738,decode,1332,377698,0.9270778361687453,407200,1332,2785.5167445959223,103480,5,1332,405868,407200,407200,0.9994919085828177,0,103480,265,290,0,5,273,0,0,0.0
190,1779699280.0058482,decode,1337,327282,0.8033293487838943,407235,1333,2785.5167445959223,103108,5,1337,405898,407235,407235,0.999577817759636,5,103113,97,367,0,5,0,0,0,0.0
191,1779699280.4388237,decode,1333,385798,0.9469596742324015,407364,1333,2785.5167445959223,103117,4,1333,406031,407364,407364,0.999894454439909,0,103117,259,363,0,4,267,0,0,0.0
194,1779699280.8779275,decode,1337,330322,0.8107911744275381,407235,1333,2785.5167445959223,102778,5,1337,405898,407235,407235,0.999577817759636,5,102783,71,334,0,5,0,0,0,0.0
195,1779699281.289327,decode,1333,376722,0.9246821974094701,407364,1333,2785.5167445959223,102787,4,1333,406031,407364,407364,0.999894454439909,0,102787,249,330,0,4,256,0,0,0.0
198,1779699281.8408792,decode,1337,331782,0.8143748143748144,407159,1333,2785.5167445959223,102429,5,1337,405822,407159,407159,0.9993912721185448,5,102434,100,353,0,5,0,0,0,0.0
199,1779699282.3494246,decode,1333,379414,0.9312898403807495,407288,1333,2785.5167445959223,102438,4,1333,405955,407288,407288,0.9997079087988179,0,102438,244,349,0,4,252,0,0,0.0
202,1779699282.8212726,decode,1337,331232,0.813024813024813,407151,1333,2785.5167445959223,102093,5,1337,405814,407151,407151,0.9993716357352721,5,102098,92,340,0,5,0,0,0,0.0
203,1779699283.2627745,decode,1333,379164,0.9306762034034761,407280,1333,2785.5167445959223,102102,4,1333,405947,407280,407280,0.9996882724155451,0,102102,246,336,0,4,253,0,0,0.0
206,1779699283.7332237,decode,1337,333482,0.8185475458202731,407201,1333,2785.5167445959223,101755,5,1337,405864,407201,407201,0.9994943631307268,5,101760,92,342,0,5,0,0,0,0.0
207,1779699284.1671157,decode,1333,377186,0.9258211076392895,407330,1333,2785.5167445959223,101764,4,1333,405997,407330,407330,0.9998109998109999,0,101764,239,338,0,4,246,0,0,0.0
210,1779699284.6405053,decode,1337,326588,0.8016258925349834,407323,1332,2785.5167445959223,101418,4,1337,405986,407323,407323,0.9997938179756362,4,101422,99,342,0,4,0,0,0,0.0
211,1779699285.1083097,decode,1332,380232,0.9332976605703879,407150,1332,2785.5167445959223,101427,5,1332,405818,407150,407150,0.999369181187363,0,101427,260,337,0,5,269,0,0,0.0
214,1779699285.559246,decode,1338,339786,0.8340210158391976,407370,1333,2785.5167445959223,101068,4,1338,406032,407370,407370,0.9999091817273635,4,101072,89,355,0,4,0,0,0,0.0
215,1779699285.9283285,decode,1333,385094,0.9452316725043998,407198,1333,2785.5167445959223,101077,5,1333,405865,407198,407198,0.9994869994869995,0,101077,218,350,0,5,225,0,0,0.0
218,1779699286.3515759,decode,1336,326850,0.802268984087166,407130,1332,2785.5167445959223,100778,5,1336,405794,407130,407130,0.9993200902291811,5,100783,73,294,0,5,0,0,0,0.0
219,1779699286.7781909,decode,1332,383234,0.9406662133934861,407258,1332,2785.5167445959223,100787,4,1332,405926,407258,407258,0.9996342723615451,0,100787,260,290,0,4,268,0,0,0.0
222,1779699287.2192173,decode,1337,328038,0.8051849870031689,407371,1332,2785.5167445959223,100439,4,1337,406034,407371,407371,0.9999116362752727,4,100443,79,344,0,4,0,0,0,0.0
223,1779699287.6358144,decode,1332,385046,0.9451138542047633,407198,1332,2785.5167445959223,100448,5,1332,405866,407198,407198,0.9994869994869995,0,100448,256,339,0,5,264,0,0,0.0
226,1779699288.0584512,decode,1337,331356,0.8133291769655406,407383,1332,2785.5167445959223,100110,4,1337,406046,407383,407383,0.9999410908501818,4,100114,73,334,0,4,0,0,0,0.0
227,1779699288.4908001,decode,1332,379896,0.9324729324729325,407210,1332,2785.5167445959223,100119,5,1332,405878,407210,407210,0.9995164540619086,0,100119,245,329,0,5,253,0,0,0.0
230,1779699288.9403343,decode,1337,324260,0.7959117050026141,407333,1332,2785.5167445959223,99775,4,1337,405996,407333,407333,0.9998183634547271,4,99779,90,340,0,4,0,0,0,0.0
231,1779699289.3861911,decode,1332,382432,0.9386976659703933,407160,1332,2785.5167445959223,99784,5,1332,405828,407160,407160,0.999393726666454,0,99784,268,335,0,5,277,0,0,0.0
234,1779699289.8205495,decode,1337,334538,0.8211395484122757,407169,1333,2785.5167445959223,99424,5,1337,405832,407169,407169,0.9994158175976358,5,99429,82,355,0,5,0,0,0,0.0
235,1779699290.2127059,decode,1333,382210,0.9381527563345745,407298,1333,2785.5167445959223,99433,4,1333,405965,407298,407298,0.9997324542779088,0,99433,235,351,0,4,242,0,0,0.0
238,1779699290.6357558,decode,1337,338682,0.8313111949475586,407247,1333,2991.921724892412,99108,4,1337,405910,407247,407247,0.999607272334545,4,99112,82,321,0,4,0,0,0,0.0
239,1779699291.106735,decode,1333,377894,0.9275589275589275,407376,1333,2991.921724892412,99116,4,1333,406043,407376,407376,0.9999239090148181,0,99116,222,317,0,4,229,0,0,0.0
242,1779699291.6990325,decode,1336,326864,0.8023033477578932,407130,1332,2991.921724892412,98789,5,1336,405794,407130,407130,0.9993200902291811,5,98794,97,322,0,5,0,0,0,0.0
243,1779699292.1686704,decode,1332,381728,0.9369696642423915,407258,1332,2991.921724892412,98798,4,1332,405926,407258,407258,0.9996342723615451,0,98798,260,318,0,4,268,0,0,0.0
246,1779699292.618489,decode,1337,320252,0.7860738769829679,407365,1332,2991.921724892412,98445,4,1337,406028,407365,407365,0.9998969089878181,4,98449,84,349,0,4,0,0,0,0.0
247,1779699293.1158624,decode,1332,388100,0.9526100435191345,407192,1332,2991.921724892412,98454,5,1332,405860,407192,407192,0.9994722721995449,0,98454,281,344,0,5,290,0,0,0.0
250,1779699293.555433,decode,1337,323468,0.7939677030586122,407137,1333,2991.921724892412,98100,5,1337,405800,407137,407137,0.9993372720645448,5,98105,63,349,0,5,0,0,0,0.0
251,1779699294.0024052,decode,1333,378896,0.9300183845638391,407266,1333,2991.921724892412,98109,4,1333,405933,407266,407266,0.9996539087448179,0,98109,271,345,0,4,279,0,0,0.0
254,1779699294.4499815,decode,1338,336596,0.8261910080091899,407234,1334,2991.921724892412,97735,5,1338,405896,407234,407234,0.9995753632117268,5,97740,93,369,0,5,0,0,0,0.0
255,1779699294.8303769,decode,1334,383380,0.9410245773882138,407364,1334,2991.921724892412,97744,4,1334,406030,407364,407364,0.999894454439909,0,97744,229,365,0,4,236,0,0,0.0
258,1779699295.2527966,decode,1337,332526,0.8162009980191799,407217,1333,2991.921724892412,97428,5,1337,405880,407217,407217,0.9995336358972723,5,97433,79,311,0,5,0,0,0,0.0
259,1779699295.648844,decode,1333,381994,0.9376225739862103,407346,1333,2991.921724892412,97437,4,1333,406013,407346,407346,0.9998502725775453,0,97437,242,307,0,4,249,0,0,0.0
262,1779699296.0773835,decode,1337,331410,0.8134617225526316,407331,1332,2991.921724892412,97104,4,1337,405994,407331,407331,0.9998134543589089,4,97108,83,329,0,4,0,0,0,0.0
263,1779699296.475919,decode,1332,383294,0.9408134862680317,407158,1332,2991.921724892412,97113,5,1332,405826,407158,407158,0.9993888175706358,0,97113,245,324,0,5,253,0,0,0.0
266,1779699296.89589,decode,1336,333624,0.8188960916233643,407130,1332,2991.921724892412,96780,5,1336,405794,407130,407130,0.9993200902291811,5,96785,79,328,0,5,0,0,0,0.0
267,1779699297.28686,decode,1332,381588,0.9366260275351185,407258,1332,2991.921724892412,96789,4,1332,405926,407258,407258,0.9996342723615451,0,96789,238,324,0,4,245,0,0,0.0
270,1779699297.8088086,decode,1336,319414,0.7840169658351477,407224,1332,2991.921724892412,96458,5,1336,405888,407224,407224,0.9995508177326359,5,96463,84,326,0,5,0,0,0,0.0
271,1779699298.27331,decode,1332,382386,0.9385847567665749,407352,1332,2991.921724892412,96467,4,1332,406020,407352,407352,0.9998649998649999,0,96467,284,322,0,4,293,0,0,0.0
274,1779699298.694508,decode,1337,332644,0.8164906346724529,407123,1333,2991.921724892412,96091,5,1337,405786,407123,407123,0.9993029083938175,5,96096,82,371,0,5,0,0,0,0.0
275,1779699299.3367112,decode,1333,384240,0.943135488590034,407252,1333,2991.921724892412,96100,4,1333,405919,407252,407252,0.9996195450740906,0,96100,241,367,0,4,249,0,0,0.0
278,1779699299.7495294,decode,1337,339330,0.8329017419926511,407177,1333,2991.921724892412,95774,5,1337,405840,407177,407177,0.9994354539809085,5,95779,76,321,0,5,0,0,0,0.0
279,1779699300.1133802,decode,1333,377034,0.9254480163571073,407306,1333,2991.921724892412,95783,4,1333,405973,407306,407306,0.9997520906611815,0,95783,220,317,0,4,226,0,0,0.0
282,1779699300.5496829,decode,1336,323096,0.7930546112364294,407170,1332,2991.921724892412,95456,5,1336,405834,407170,407170,0.9994182721455449,5,95461,99,322,0,5,0,0,0,0.0
283,1779699300.982459,decode,1332,381252,0.9358012994376631,407298,1332,2991.921724892412,95465,4,1332,405966,407298,407298,0.9997324542779088,0,95465,272,318,0,4,281,0,0,0.0
286,1779699301.404949,decode,1337,333684,0.8190433644979099,407189,1333,2991.921724892412,95097,5,1337,405852,407189,407189,0.9994649085558176,5,95102,86,363,0,5,0,0,0,0.0
287,1779699301.7891114,decode,1333,384384,0.9434889434889435,407318,1333,2991.921724892412,95106,4,1333,405985,407318,407318,0.9997815452360906,0,95106,238,359,0,4,245,0,0,0.0
290,1779699302.199512,decode,1337,324578,0.7966922512377058,407321,1332,2991.921724892412,94785,4,1337,405984,407321,407321,0.999788908879818,4,94789,75,317,0,4,0,0,0,0.0
291,1779699302.6266987,decode,1332,380322,0.9335185698822063,407148,1332,2991.921724892412,94794,5,1332,405816,407148,407148,0.9993642720915448,0,94794,267,312,0,5,276,0,0,0.0
294,1779699303.05298,decode,1337,330864,0.8121215393942667,407159,1333,2991.921724892412,94428,5,1337,405822,407159,407159,0.9993912721185448,5,94433,89,361,0,5,0,0,0,0.0
295,1779699303.462989,decode,1333,383348,0.9409460318551227,407288,1333,2991.921724892412,94437,4,1333,405955,407288,407288,0.9997079087988179,0,94437,247,357,0,4,255,0,0,0.0
298,1779699303.9494207,decode,1337,335588,0.8237168237168238,407185,1333,2991.921724892412,94102,5,1337,405848,407185,407185,0.9994550903641812,5,94107,79,330,0,5,0,0,0,0.0
299,1779699304.3561862,decode,1333,375672,0.9221049221049221,407314,1333,2991.921724892412,94111,4,1333,405981,407314,407314,0.9997717270444543,0,94111,232,326,0,4,239,0,0,0.0
302,1779699304.86041,decode,1337,326692,0.8018811655175292,407309,1332,2991.921724892412,93767,4,1337,405972,407309,407309,0.9997594543049089,4,93771,104,340,0,4,0,0,0,0.0
303,1779699305.3071682,decode,1332,384896,0.9447456720183993,407136,1332,2991.921724892412,93776,5,1332,405804,407136,407136,0.9993348175166357,0,93776,260,335,0,5,269,0,0,0.0
306,1779699305.7764845,decode,1337,333378,0.8182922728377274,407233,1333,2991.921724892412,93432,5,1337,405896,407233,407233,0.9995729086638178,5,93437,74,339,0,5,0,0,0,0.0
307,1779699306.1935782,decode,1333,381642,0.9367585731222094,407362,1333,2991.921724892412,93441,4,1333,406029,407362,407362,0.9998895453440908,0,93441,239,335,0,4,246,0,0,0.0
310,1779699306.693401,decode,1337,334442,0.8209039118130027,407279,1332,2991.921724892412,93110,4,1337,405942,407279,407279,0.999685817867636,4,93114,84,327,0,4,0,0,0,0.0
311,1779699307.1516218,decode,1332,379070,0.9304454759000214,407106,1332,2991.921724892412,93119,5,1332,405774,407106,407106,0.9992611810793629,0,93119,235,322,0,5,243,0,0,0.0
314,1779699307.6735027,decode,1337,325854,0.7998242543697089,407407,1332,2991.921724892412,92782,4,1337,406070,407407,407407,1.0,4,92786,93,333,0,4,0,0,0,0.0
315,1779699308.1268625,decode,1332,387090,0.9501309501309502,407234,1332,2991.921724892412,92791,5,1332,405902,407234,407234,0.9995753632117268,0,92791,263,328,0,5,271,0,0,0.0
318,1779699308.5460615,decode,1337,332602,0.8163875436602709,407327,1332,2980.858750827133,92453,4,1337,405990,407327,407327,0.9998036361672725,4,92457,66,334,0,4,0,0,0,0.0
319,1779699308.9538703,decode,1332,379638,0.9318396591123864,407154,1332,2980.858750827133,92462,5,1332,405822,407154,407154,0.9993789993789994,0,92462,241,329,0,5,249,0,0,0.0
322,1779699309.3895507,decode,1337,322712,0.7921120648393376,407375,1332,2980.858750827133,92121,4,1337,406038,407375,407375,0.999921454466909,4,92125,91,337,0,4,0,0,0,0.0
323,1779699309.847556,decode,1332,382384,0.9385798476707568,407202,1332,2980.858750827133,92130,5,1332,405870,407202,407202,0.9994968176786359,0,92130,273,332,0,5,282,0,0,0.0
326,1779699310.301713,decode,1337,332420,0.8159408159408159,407121,1333,2980.858750827133,91765,5,1337,405784,407121,407121,0.9992979992979993,5,91770,82,360,0,5,0,0,0,0.0
327,1779699310.7058918,decode,1333,380976,0.9351238442147533,407250,1333,2980.858750827133,91774,4,1333,405917,407250,407250,0.9996146359782724,0,91774,242,356,0,4,249,0,0,0.0
330,1779699311.1420796,decode,1337,331870,0.8145908145908146,407213,1333,2980.858750827133,91437,5,1337,405876,407213,407213,0.9995238177056359,5,91442,86,332,0,5,0,0,0,0.0
331,1779699311.5496516,decode,1333,378290,0.9285309285309286,407342,1333,2980.858750827133,91446,4,1333,406009,407342,407342,0.999840454385909,0,91446,244,328,0,4,251,0,0,0.0
334,1779699311.9869242,decode,1337,329694,0.8092497183406274,407227,1333,2980.858750827133,91098,5,1337,405890,407227,407227,0.9995581813763632,5,91103,95,343,0,5,0,0,0,0.0
335,1779699312.3911328,decode,1333,385506,0.9462429462429462,407356,1333,2980.858750827133,91107,4,1333,406023,407356,407356,0.9998748180566362,0,91107,251,339,0,4,259,0,0,0.0
338,1779699312.7994223,decode,1337,333208,0.8178749996931816,407243,1333,2980.858750827133,90775,5,1337,405906,407243,407243,0.9995974541429087,5,90780,72,327,0,5,0,0,0,0.0
339,1779699313.1943188,decode,1333,378124,0.928123473578019,407372,1333,2980.858750827133,90784,4,1333,406039,407372,407372,0.9999140908231817,0,90784,240,323,0,4,247,0,0,0.0
342,1779699313.6260016,decode,1337,325518,0.7989995262722536,407361,1332,2980.858750827133,90440,4,1337,406024,407361,407361,0.9998870907961817,4,90444,96,340,0,4,0,0,0,0.0
343,1779699314.0505495,decode,1332,383406,0.9410883956338502,407188,1332,2980.858750827133,90449,5,1332,405856,407188,407188,0.9994624540079086,0,90449,264,335,0,5,272,0,0,0.0
346,1779699314.4585629,decode,1337,326586,0.8016209834391652,407243,1333,2980.858750827133,90097,5,1337,405906,407243,407243,0.9995974541429087,5,90102,78,347,0,5,0,0,0,0.0
347,1779699314.8910456,decode,1333,377798,0.9273232909596546,407372,1333,2980.858750827133,90106,4,1333,406039,407372,407372,0.9999140908231817,0,90106,261,343,0,4,269,0,0,0.0
350,1779699315.3712862,decode,1338,340978,0.8369468369468369,407336,1333,2980.858750827133,89739,4,1338,405998,407336,407336,0.9998257270984544,4,89743,97,363,0,4,0,0,0,0.0
351,1779699315.745205,decode,1333,380222,0.933273115091297,407164,1333,2980.858750827133,89748,5,1333,405831,407164,407164,0.9994035448580904,0,89748,214,358,0,5,221,0,0,0.0
354,1779699316.1660225,decode,1337,327388,0.8035895308622582,407359,1332,2980.858750827133,89437,4,1337,406022,407359,407359,0.9998821817003635,4,89441,89,307,0,4,0,0,0,0.0
355,1779699316.5754106,decode,1332,384388,0.9434987616805799,407186,1332,2980.858750827133,89446,5,1332,405854,407186,407186,0.9994575449120904,0,89446,258,302,0,5,266,0,0,0.0
358,1779699316.9811237,decode,1337,330430,0.8110562656017202,407325,1332,2980.858750827133,89104,4,1337,405988,407325,407325,0.9997987270714543,4,89108,75,338,0,4,0,0,0,0.0
359,1779699317.4230914,decode,1332,383822,0.942109487564033,407152,1332,2980.858750827133,89113,5,1332,405820,407152,407152,0.9993740902831811,0,89113,248,333,0,5,256,0,0,0.0
362,1779699317.8410022,decode,1337,335066,0.822435549708277,407359,1332,2980.858750827133,88779,4,1337,406022,407359,407359,0.9998821817003635,4,88783,77,330,0,4,0,0,0,0.0
363,1779699318.222625,decode,1332,380918,0.9349814804360259,407186,1332,2980.858750827133,88788,5,1332,405854,407186,407186,0.9994575449120904,0,88788,233,325,0,5,241,0,0,0.0
366,1779699318.634227,decode,1336,326198,0.800668618850437,407154,1332,2980.858750827133,88459,5,1336,405818,407154,407154,0.9993789993789994,5,88464,87,324,0,5,0,0,0,0.0
367,1779699319.0517743,decode,1332,382270,0.9383000292091201,407282,1332,2980.858750827133,88468,4,1332,405950,407282,407282,0.9996931815113633,0,88468,262,320,0,4,270,0,0,0.0
370,1779699319.4563384,decode,1337,326684,0.8018615291342565,407307,1332,2980.858750827133,88115,4,1337,405970,407307,407307,0.9997545452090907,4,88119,82,349,0,4,0,0,0,0.0
371,1779699319.878057,decode,1332,383368,0.9409951228133047,407134,1332,2980.858750827133,88124,5,1332,405802,407134,407134,0.9993299084208175,0,88124,260,344,0,5,269,0,0,0.0
374,1779699320.312017,decode,1337,329060,0.8076935349662623,407205,1333,2980.858750827133,87775,5,1337,405868,407205,407205,0.9995041813223632,5,87780,79,344,0,5,0,0,0,0.0
375,1779699320.7359324,decode,1333,382432,0.9386976659703933,407334,1333,2980.858750827133,87784,4,1333,406001,407334,407334,0.9998208180026362,0,87784,253,340,0,4,261,0,0,0.0
378,1779699321.1411471,decode,1337,333700,0.8190826372644554,407169,1333,2980.858750827133,87440,5,1337,405832,407169,407169,0.9994158175976358,5,87445,82,339,0,5,0,0,0,0.0
379,1779699321.5274968,decode,1333,380752,0.9345740254831164,407298,1333,2980.858750827133,87449,4,1333,405965,407298,407298,0.9997324542779088,0,87449,238,335,0,4,245,0,0,0.0
382,1779699321.9304955,decode,1337,326104,0.8004378913469823,407289,1332,2980.858750827133,87116,4,1337,405952,407289,407289,0.999710363346727,4,87120,87,329,0,4,0,0,0,0.0
383,1779699322.3497221,decode,1332,381564,0.9365671183853002,407116,1332,2980.858750827133,87125,5,1332,405784,407116,407116,0.9992857265584538,0,87125,262,324,0,5,271,0,0,0.0
386,1779699322.7550588,decode,1337,331226,0.8130100857373584,407201,1333,2980.858750827133,86768,5,1337,405864,407201,407201,0.9994943631307268,5,86773,85,352,0,5,0,0,0,0.0
387,1779699323.1447933,decode,1333,386454,0.9485698576607667,407330,1333,2980.858750827133,86777,4,1333,405997,407330,407330,0.9998109998109999,0,86777,246,348,0,4,253,0,0,0.0
390,1779699323.5250716,decode,1337,333218,0.8178995451722725,407291,1332,2980.858750827133,86455,4,1337,405954,407291,407291,0.9997152724425452,4,86459,68,318,0,4,0,0,0,0.0
391,1779699323.9045963,decode,1332,382694,0.9393407575225757,407118,1332,2980.858750827133,86464,5,1332,405786,407118,407118,0.999290635654272,0,86464,239,313,0,5,247,0,0,0.0
394,1779699324.3011043,decode,1336,321902,0.7901238810329719,407130,1332,2980.858750827133,86135,5,1336,405794,407130,407130,0.9993200902291811,5,86140,81,324,0,5,0,0,0,0.0
395,1779699324.7416813,decode,1332,376090,0.9231309231309232,407258,1332,2980.858750827133,86144,4,1332,405926,407258,407258,0.9996342723615451,0,86144,276,320,0,4,285,0,0,0.0
398,1779699325.1606016,decode,1337,329908,0.8097749915931735,407127,1333,3213.3333105171155,85755,5,1337,405790,407127,407127,0.9993127265854539,5,85760,103,384,0,5,0,0,0,0.0
399,1779699325.5664184,decode,1333,383900,0.9423009423009423,407256,1333,3213.3333105171155,85764,4,1333,405923,407256,407256,0.9996293632657269,0,85764,250,380,0,4,258,0,0,0.0
402,1779699325.9764364,decode,1337,334544,0.8211542756997302,407137,1333,3213.3333105171155,85428,5,1337,405800,407137,407137,0.9993372720645448,5,85433,77,331,0,5,0,0,0,0.0
403,1779699326.3549585,decode,1333,377048,0.9254823800278346,407266,1333,3213.3333105171155,85437,4,1333,405933,407266,407266,0.9996539087448179,0,85437,235,327,0,4,242,0,0,0.0
406,1779699326.779931,decode,1337,329702,0.8092693547239002,407185,1333,3213.3333105171155,85094,5,1337,405848,407185,407185,0.9994550903641812,5,85099,99,338,0,5,0,0,0,0.0
407,1779699327.1963737,decode,1333,380954,0.9350698441607532,407314,1333,3213.3333105171155,85103,4,1333,405981,407314,407314,0.9997717270444543,0,85103,251,334,0,4,259,0,0,0.0
410,1779699327.6003244,decode,1337,338654,0.831242467606104,407191,1333,3213.3333105171155,84756,5,1337,405854,407191,407191,0.9994698176516358,5,84761,87,342,0,5,0,0,0,0.0
411,1779699327.9626176,decode,1333,379994,0.9327134781680236,407320,1333,3213.3333105171155,84765,4,1333,405987,407320,407320,0.9997864543319088,0,84765,222,338,0,4,229,0,0,0.0
414,1779699328.3725069,decode,1336,324696,0.7969818878909788,407130,1332,3213.3333105171155,84445,5,1336,405794,407130,407130,0.9993200902291811,5,84450,90,315,0,5,0,0,0,0.0
415,1779699328.8047314,decode,1332,381356,0.9360565724202088,407258,1332,3213.3333105171155,84454,4,1332,405926,407258,407258,0.9996342723615451,0,84454,267,311,0,4,275,0,0,0.0
418,1779699329.2043064,decode,1337,325418,0.7987540714813443,407293,1332,3213.3333105171155,84093,4,1337,405956,407293,407293,0.9997201815383634,4,84097,85,357,0,4,0,0,0,0.0
419,1779699329.6204762,decode,1332,382998,0.94008694008694,407120,1332,3213.3333105171155,84102,5,1332,405788,407120,407120,0.9992955447500902,0,84102,264,352,0,5,273,0,0,0.0
422,1779699330.0088916,decode,1337,332084,0.8151160878433605,407135,1333,3213.3333105171155,83748,5,1337,405798,407135,407135,0.9993323629687266,5,83753,80,349,0,5,0,0,0,0.0
423,1779699330.4080741,decode,1333,379720,0.9320409320409321,407264,1333,3213.3333105171155,83757,4,1333,405931,407264,407264,0.9996489996489997,0,83757,243,345,0,4,251,0,0,0.0
426,1779699330.8182204,decode,1337,331850,0.8145417236326328,407157,1333,3213.3333105171155,83414,5,1337,405820,407157,407157,0.9993863630227267,5,83419,91,338,0,5,0,0,0,0.0
427,1779699331.236916,decode,1333,380094,0.932958932958933,407286,1333,3213.3333105171155,83423,4,1333,405953,407286,407286,0.9997029997029997,0,83423,244,334,0,4,251,0,0,0.0
430,1779699331.647317,decode,1337,333098,0.8176049994231812,407231,1333,3213.3333105171155,83081,5,1337,405894,407231,407231,0.9995679995679996,5,83086,89,337,0,5,0,0,0,0.0
431,1779699332.0300004,decode,1333,382574,0.9390462117734845,407360,1333,3213.3333105171155,83090,4,1333,406027,407360,407360,0.9998846362482726,0,83090,240,333,0,4,247,0,0,0.0
434,1779699332.423741,decode,1337,334426,0.8208646390464572,407311,1332,3213.3333105171155,82761,4,1337,405974,407311,407311,0.999764363400727,4,82765,81,325,0,4,0,0,0,0.0
435,1779699332.7962022,decode,1332,383006,0.9401065764702128,407138,1332,3213.3333105171155,82770,5,1332,405806,407138,407138,0.9993397266124538,0,82770,235,320,0,5,243,0,0,0.0
438,1779699333.175549,decode,1336,328986,0.8075118984209894,407142,1332,3213.3333105171155,82446,5,1336,405806,407142,407142,0.9993495448040902,5,82451,80,319,0,5,0,0,0,0.0
439,1779699333.5716693,decode,1332,382662,0.9392622119894847,407270,1332,3213.3333105171155,82455,4,1332,405938,407270,407270,0.9996637269364542,0,82455,253,315,0,4,261,0,0,0.0
442,1779699333.9534824,decode,1337,325222,0.7982729800911619,407399,1332,3213.3333105171155,82112,4,1337,406062,407399,407399,0.9999803636167273,4,82116,81,339,0,4,0,0,0,0.0
443,1779699334.362616,decode,1332,384018,0.9425905789542153,407226,1332,3213.3333105171155,82121,5,1332,405894,407226,407226,0.9995557268284541,0,82121,265,334,0,5,273,0,0,0.0
446,1779699334.7316427,decode,1337,330024,0.8100597191506282,407255,1333,3213.3333105171155,81771,4,1337,405918,407255,407255,0.9996269087178178,4,81775,76,346,0,4,0,0,0,0.0
447,1779699335.1204543,decode,1333,383412,0.9411031229213047,407384,1333,3213.3333105171155,81779,4,1333,406051,407384,407384,0.9999435453980908,0,81779,250,342,0,4,257,0,0,0.0
450,1779699335.492821,decode,1337,326978,0.8025831662195299,407249,1333,3213.3333105171155,81443,4,1337,405912,407249,407249,0.9996121814303632,4,81447,78,332,0,4,0,0,0,0.0
451,1779699335.8989174,decode,1333,377890,0.9275491093672912,407378,1333,3213.3333105171155,81451,4,1333,406045,407378,407378,0.9999288181106363,0,81451,260,328,0,4,268,0,0,0.0
454,1779699336.2930183,decode,1337,328414,0.8061078970169879,407127,1333,3213.3333105171155,81085,5,1337,405790,407127,407127,0.9993127265854539,5,81090,97,361,0,5,0,0,0,0.0
455,1779699336.688073,decode,1333,378130,0.9281382008654736,407256,1333,3213.3333105171155,81094,4,1333,405923,407256,407256,0.9996293632657269,0,81094,255,357,0,4,263,0,0,0.0
458,1779699337.0813098,decode,1338,335392,0.8232357323266414,407368,1333,3213.3333105171155,80734,4,1338,406030,407368,407368,0.9999042726315454,4,80738,96,356,0,4,0,0,0,0.0
459,1779699337.447308,decode,1333,380640,0.934299116117298,407196,1333,3213.3333105171155,80743,5,1333,405863,407196,407196,0.9994820903911813,0,80743,232,351,0,5,240,0,0,0.0
462,1779699337.8311608,decode,1337,335606,0.8237610055791874,407177,1333,3213.3333105171155,80414,5,1337,405840,407177,407177,0.9994354539809085,5,80419,88,324,0,5,0,0,0,0.0
463,1779699338.1976523,decode,1333,383594,0.9415498506407597,407306,1333,3213.3333105171155,80423,4,1333,405973,407306,407306,0.9997520906611815,0,80423,232,320,0,4,239,0,0,0.0
466,1779699338.5747178,decode,1336,323476,0.7939873394418849,407130,1332,3213.3333105171155,80105,5,1336,405794,407130,407130,0.9993200902291811,5,80110,78,313,0,5,0,0,0,0.0
467,1779699338.9984581,decode,1332,379816,0.932276568640205,407258,1332,3213.3333105171155,80114,4,1332,405926,407258,407258,0.9996342723615451,0,80114,271,309,0,4,279,0,0,0.0
470,1779699339.3900087,decode,1337,333128,0.8176786358604541,407253,1333,3213.3333105171155,79744,4,1337,405916,407253,407253,0.9996219996219996,4,79748,90,366,0,4,0,0,0,0.0
471,1779699339.768824,decode,1333,378956,0.9301656574383848,407382,1333,3213.3333105171155,79752,4,1333,406049,407382,407382,0.9999386363022726,0,79752,240,362,0,4,247,0,0,0.0
474,1779699340.1837108,decode,1337,328448,0.8061913516458971,407293,1332,3213.3333105171155,79411,4,1337,405956,407293,407293,0.9997201815383634,4,79415,93,337,0,4,0,0,0,0.0
475,1779699340.5806675,decode,1332,380900,0.9349372985736623,407120,1332,3213.3333105171155,79420,5,1332,405788,407120,407120,0.9992955447500902,0,79420,254,332,0,5,263,0,0,0.0
478,1779699340.970754,decode,1337,330292,0.8107175379902652,407137,1333,3377.002487893582,79069,5,1337,405800,407137,407137,0.9993372720645448,5,79074,87,346,0,5,0,0,0,0.0
479,1779699341.3647504,decode,1333,383376,0.9410147591965774,407266,1333,3377.002487893582,79078,4,1333,405933,407266,407266,0.9996539087448179,0,79078,249,342,0,4,257,0,0,0.0
482,1779699341.7372823,decode,1337,335904,0.8244924608560972,407213,1333,3377.002487893582,78741,5,1337,405876,407213,407213,0.9995238177056359,5,78746,79,332,0,5,0,0,0,0.0
483,1779699342.100229,decode,1333,380552,0.9340831159012977,407342,1333,3377.002487893582,78750,4,1333,406009,407342,407342,0.999840454385909,0,78750,231,328,0,4,238,0,0,0.0
486,1779699342.4806175,decode,1337,327742,0.8044584408220772,407389,1332,3377.002487893582,78423,4,1337,406052,407389,407389,0.9999558181376363,4,78427,88,323,0,4,0,0,0,0.0
487,1779699342.8758311,decode,1332,383530,0.9413927595745778,407216,1332,3377.002487893582,78432,5,1332,405884,407216,407216,0.9995311813493631,0,78432,257,318,0,5,265,0,0,0.0
490,1779699343.2460866,decode,1337,325826,0.7997555270282543,407367,1332,3377.002487893582,78088,4,1337,406030,407367,407367,0.9999018180836363,4,78092,78,340,0,4,0,0,0,0.0
491,1779699343.649293,decode,1332,384022,0.9426003971458516,407194,1332,3377.002487893582,78097,5,1332,405862,407194,407194,0.9994771812953631,0,78097,263,335,0,5,271,0,0,0.0
494,1779699344.0127754,decode,1337,329690,0.809239900148991,407259,1333,3377.002487893582,77749,4,1337,405922,407259,407259,0.9996367269094542,4,77753,76,344,0,4,0,0,0,0.0
495,1779699344.3976834,decode,1333,389454,0.9559335013880469,407388,1333,3377.002487893582,77757,4,1333,406055,407388,407388,0.9999533635897272,0,77757,251,340,0,4,259,0,0,0.0
498,1779699344.7423599,decode,1337,332310,0.8156708156708157,407291,1332,3377.002487893582,77439,4,1337,405954,407291,407291,0.9997152724425452,4,77443,59,314,0,4,0,0,0,0.0
499,1779699345.1182458,decode,1332,380862,0.9348440257531166,407118,1332,3377.002487893582,77448,5,1332,405786,407118,407118,0.999290635654272,0,77448,242,309,0,5,250,0,0,0.0
502,1779699345.4967787,decode,1337,327376,0.803560076287349,407399,1332,3377.002487893582,77110,4,1337,406062,407399,407399,0.9999803636167273,4,77114,87,334,0,4,0,0,0,0.0
503,1779699345.8910606,decode,1332,388328,0.9531696804424077,407226,1332,3377.002487893582,77119,5,1332,405894,407226,407226,0.9995557268284541,0,77119,258,329,0,5,266,0,0,0.0
506,1779699346.2466884,decode,1337,336632,0.8262793717339172,407365,1332,3377.002487893582,76790,4,1337,406028,407365,407365,0.9998969089878181,4,76794,62,325,0,4,0,0,0,0.0
507,1779699346.6080136,decode,1332,383116,0.9403765767402131,407192,1332,3377.002487893582,76799,5,1332,405860,407192,407192,0.9994722721995449,0,76799,228,320,0,5,235,0,0,0.0
510,1779699346.974516,decode,1336,325970,0.8001089819271637,407252,1332,3377.002487893582,76484,4,1336,405916,407252,407252,0.9996195450740906,4,76488,79,311,0,4,0,0,0,0.0
511,1779699347.3842812,decode,1332,386294,0.9481771299953118,407380,1332,3377.002487893582,76492,4,1332,406048,407380,407380,0.9999337272064545,0,76492,263,307,0,4,271,0,0,0.0
514,1779699347.7371242,decode,1336,321904,0.7901287901287901,407130,1332,3377.002487893582,76151,5,1336,405794,407130,407130,0.9993200902291811,5,76156,69,336,0,5,0,0,0,0.0
515,1779699348.1646616,decode,1332,380652,0.9343285706922071,407258,1332,3377.002487893582,76160,4,1332,405926,407258,407258,0.9996342723615451,0,76160,276,332,0,4,285,0,0,0.0
518,1779699348.5378377,decode,1337,328070,0.8052635325362598,407189,1333,3377.002487893582,75786,5,1337,405852,407189,407189,0.9994649085558176,5,75791,88,369,0,5,0,0,0,0.0
519,1779699348.933026,decode,1333,382038,0.9377305740942105,407318,1333,3377.002487893582,75795,4,1333,405985,407318,407318,0.9997815452360906,0,75795,256,365,0,4,264,0,0,0.0
522,1779699349.3125997,decode,1338,328666,0.8067264430900795,407376,1333,3377.002487893582,75447,4,1338,406038,407376,407376,0.9999239090148181,4,75451,83,344,0,4,0,0,0,0.0
523,1779699349.7126496,decode,1333,380210,0.9332436605163877,407204,1333,3377.002487893582,75456,5,1333,405871,407204,407204,0.999501726774454,0,75456,254,339,0,5,262,0,0,0.0
526,1779699350.087814,decode,1338,329360,0.8084298993389902,407348,1333,3377.002487893582,75104,4,1338,406010,407348,407348,0.9998551816733635,4,75108,89,348,0,4,0,0,0,0.0
527,1779699350.4799633,decode,1333,379696,0.9319820228911138,407176,1333,3377.002487893582,75113,5,1333,405843,407176,407176,0.9994329994329995,0,75113,252,343,0,5,260,0,0,0.0
530,1779699350.8796368,decode,1337,338266,0.8302901030173757,407133,1333,3377.002487893582,74761,5,1337,405796,407133,407133,0.9993274538729084,5,74766,91,347,0,5,0,0,0,0.0
531,1779699351.2349718,decode,1333,382642,0.9392131210313028,407262,1333,3377.002487893582,74770,4,1333,405929,407262,407262,0.9996440905531815,0,74770,223,343,0,4,230,0,0,0.0
534,1779699351.6052427,decode,1337,325590,0.7991762537217083,407379,1332,3377.002487893582,74458,4,1337,406042,407379,407379,0.9999312726585454,4,74462,81,308,0,4,0,0,0,0.0
535,1779699352.011832,decode,1332,374662,0.9196258287167378,407206,1332,3377.002487893582,74467,5,1332,405874,407206,407206,0.9995066358702722,0,74467,264,303,0,5,272,0,0,0.0
538,1779699352.4091175,decode,1337,327210,0.8031526213344395,407199,1333,3377.002487893582,74086,5,1337,405862,407199,407199,0.9994894540349086,5,74091,107,376,0,5,0,0,0,0.0
539,1779699352.7992992,decode,1333,384510,0.9437982165254892,407328,1333,3377.002487893582,74095,4,1333,405995,407328,407328,0.9998060907151817,0,74095,259,372,0,4,267,0,0,0.0
542,1779699353.1545565,decode,1337,335442,0.8233584597220961,407147,1333,3377.002487893582,73752,5,1337,405810,407147,407147,0.9993618175436357,5,73757,75,338,0,5,0,0,0,0.0
543,1779699353.5095434,decode,1333,379478,0.9314469314469315,407276,1333,3377.002487893582,73761,4,1333,405943,407276,407276,0.9996784542239088,0,73761,232,334,0,4,239,0,0,0.0
546,1779699353.8795369,decode,1337,327624,0.8041688041688042,407215,1333,3377.002487893582,73429,5,1337,405878,407215,407215,0.9995287268014541,5,73434,91,327,0,5,0,0,0,0.0
547,1779699354.2649755,decode,1333,384628,0.9440878531787623,407344,1333,3377.002487893582,73438,4,1333,406011,407344,407344,0.9998453634817271,0,73438,258,323,0,4,265,0,0,0.0
550,1779699354.612399,decode,1337,335336,0.8230982776437322,407265,1333,3377.002487893582,73098,4,1337,405928,407265,407265,0.9996514541969087,4,73102,74,336,0,4,0,0,0,0.0
551,1779699354.968007,decode,1333,379672,0.9319231137412956,407394,1333,3377.002487893582,73106,4,1333,406061,407394,407394,0.9999680908771817,0,73106,233,332,0,4,240,0,0,0.0
554,1779699355.334736,decode,1336,330764,0.8118760846033574,407108,1332,3377.002487893582,72774,5,1336,405772,407108,407108,0.9992660901751811,5,72779,91,327,0,5,0,0,0,0.0
555,1779699355.7096722,decode,1332,381120,0.9354772991136627,407236,1332,3377.002487893582,72783,4,1332,405904,407236,407236,0.999580272307545,0,72783,247,323,0,4,255,0,0,0.0
558,1779699356.0707297,decode,1337,324252,0.7958920686193414,407357,1332,3535.768867981999,72441,4,1337,406020,407357,407357,0.9998772726045453,4,72445,86,338,0,4,0,0,0,0.0
559,1779699356.4733796,decode,1332,388200,0.9528554983100438,407184,1332,3535.768867981999,72450,5,1332,405852,407184,407184,0.9994526358162722,0,72450,268,333,0,5,277,0,0,0.0
562,1779699356.8058972,decode,1337,334974,0.8222097313006403,407237,1333,3535.768867981999,72109,5,1337,405900,407237,407237,0.9995827268554541,5,72114,63,336,0,5,0,0,0,0.0
563,1779699357.162468,decode,1333,381434,0.9362480271571181,407366,1333,3535.768867981999,72118,4,1333,406033,407366,407366,0.9998993635357272,0,72118,234,332,0,4,241,0,0,0.0
566,1779699357.518811,decode,1337,328280,0.8057789875971694,407371,1332,3535.768867981999,71791,4,1337,406034,407371,407371,0.9999116362752727,4,71795,85,323,0,4,0,0,0,0.0
567,1779699357.901178,decode,1332,386812,0.9494485858122221,407198,1332,3535.768867981999,71800,5,1332,405866,407198,407198,0.9994869994869995,0,71800,255,318,0,5,263,0,0,0.0
570,1779699358.2415679,decode,1337,330488,0.8111986293804475,407349,1332,3535.768867981999,71469,4,1337,406012,407349,407349,0.9998576362212725,4,71473,67,327,0,4,0,0,0,0.0
571,1779699358.6137698,decode,1332,382360,0.9385209385209385,407176,1332,3535.768867981999,71478,5,1332,405844,407176,407176,0.9994329994329995,0,71478,248,322,0,5,256,0,0,0.0
574,1779699358.9617789,decode,1337,328328,0.8058968058968059,407397,1332,3535.768867981999,71139,4,1337,406060,407397,407397,0.9999754545209091,4,71143,82,335,0,4,0,0,0,0.0
575,1779699359.344072,decode,1332,386860,0.9495664041118587,407224,1332,3535.768867981999,71148,5,1332,405892,407224,407224,0.9995508177326359,0,71148,255,330,0,5,263,0,0,0.0
578,1779699359.681073,decode,1337,327384,0.8035797126706218,407397,1332,3535.768867981999,70817,4,1337,406060,407397,407397,0.9999754545209091,4,70821,67,327,0,4,0,0,0,0.0
579,1779699360.122148,decode,1332,382256,0.9382656655383929,407224,1332,3535.768867981999,70826,5,1332,405892,407224,407224,0.9995508177326359,0,70826,258,322,0,5,266,0,0,0.0
582,1779699360.8134496,decode,1337,324558,0.7966431602795239,407293,1332,3535.768867981999,70477,4,1337,405956,407293,407293,0.9997201815383634,4,70481,82,345,0,4,0,0,0,0.0
583,1779699361.214819,decode,1332,383342,0.9409313045676682,407120,1332,3535.768867981999,70486,5,1332,405788,407120,407120,0.9992955447500902,0,70486,267,340,0,5,276,0,0,0.0
586,1779699361.5619419,decode,1337,332752,0.8167557258466349,407179,1333,3535.768867981999,70130,5,1337,405842,407179,407179,0.9994403630767267,5,70135,79,351,0,5,0,0,0,0.0
587,1779699361.9250884,decode,1333,384656,0.9441565805202169,407308,1333,3535.768867981999,70139,4,1333,405975,407308,407308,0.9997569997569997,0,70139,241,347,0,4,248,0,0,0.0
590,1779699362.266837,decode,1337,330382,0.8109384473020836,407293,1332,3535.768867981999,69816,4,1337,405956,407293,407293,0.9997201815383634,4,69820,74,319,0,4,0,0,0,0.0
591,1779699362.6392937,decode,1332,375566,0.9218447400265583,407120,1332,3535.768867981999,69825,5,1332,405788,407120,407120,0.9992955447500902,0,69825,248,314,0,5,256,0,0,0.0
594,1779699363.0116243,decode,1337,333082,0.8175657266566357,407203,1333,3535.768867981999,69463,5,1337,405866,407203,407203,0.999499272226545,5,69468,104,357,0,5,0,0,0,0.0
595,1779699363.372263,decode,1333,384382,0.9434840343931253,407332,1333,3535.768867981999,69472,4,1333,405999,407332,407332,0.999815908906818,0,69472,240,353,0,4,247,0,0,0.0
598,1779699363.7154872,decode,1337,332008,0.8149295422022694,407319,1332,3535.768867981999,69149,4,1337,405982,407319,407319,0.9997839997839998,4,69153,75,319,0,4,0,0,0,0.0
599,1779699364.0819786,decode,1332,376908,0.9251387433205615,407146,1332,3535.768867981999,69158,5,1332,405814,407146,407146,0.9993593629957266,0,69158,243,314,0,5,251,0,0,0.0
602,1779699364.4463341,decode,1337,322074,0.790546063273336,407345,1332,3535.768867981999,68806,4,1337,406008,407345,407345,0.9998478180296362,4,68810,100,348,0,4,0,0,0,0.0
603,1779699364.8553207,decode,1332,382042,0.9377403922858468,407172,1332,3535.768867981999,68815,5,1332,405840,407172,407172,0.9994231812413631,0,68815,275,343,0,5,284,0,0,0.0
606,1779699365.2113676,decode,1338,333900,0.8195735468462741,407380,1333,3535.768867981999,68447,4,1338,406042,407380,407380,0.9999337272064545,4,68451,83,364,0,4,0,0,0,0.0
607,1779699365.573477,decode,1333,387032,0.9499885863522227,407208,1333,3535.768867981999,68456,5,1333,405875,407208,407208,0.9995115449660904,0,68456,237,359,0,5,245,0,0,0.0
610,1779699365.9099085,decode,1337,329496,0.808763717854627,407269,1333,3535.768867981999,68144,4,1337,405932,407269,407269,0.9996612723885451,4,68148,67,308,0,4,0,0,0,0.0
611,1779699366.2960653,decode,1333,378620,0.9293409293409294,407398,1333,3535.768867981999,68152,4,1333,406065,407398,407398,0.9999779090688181,0,68152,252,304,0,4,259,0,0,0.0
614,1779699366.6598625,decode,1337,326072,0.8003593458138912,407257,1333,3535.768867981999,67798,4,1337,405920,407257,407257,0.999631817813636,4,67802,94,350,0,4,0,0,0,0.0
615,1779699367.0571058,decode,1333,380012,0.9327576600303873,407386,1333,3535.768867981999,67806,4,1333,406053,407386,407386,0.999948454493909,0,67806,263,346,0,4,271,0,0,0.0
618,1779699367.4167771,decode,1337,340756,0.8364019273110183,407149,1333,3535.768867981999,67444,5,1337,405812,407149,407149,0.9993667266394539,5,67449,90,357,0,5,0,0,0,0.0
619,1779699367.746897,decode,1333,382428,0.9386878477787569,407278,1333,3535.768867981999,67453,4,1333,405945,407278,407278,0.999683363319727,0,67453,215,353,0,4,222,0,0,0.0
622,1779699368.1007495,decode,1336,320016,0.7854946036764219,407164,1332,3535.768867981999,67148,5,1336,405828,407164,407164,0.9994035448580904,5,67153,82,300,0,5,0,0,0,0.0
623,1779699368.5344863,decode,1332,377828,0.9273969273969274,407292,1332,3535.768867981999,67157,4,1332,405960,407292,407292,0.9997177269904542,0,67157,282,296,0,4,291,0,0,0.0
626,1779699368.9038491,decode,1338,335148,0.8226368226368226,407366,1333,3535.768867981999,66768,4,1338,406028,407366,407366,0.9998993635357272,4,66772,97,385,0,4,0,0,0,0.0
627,1779699369.2628114,decode,1333,383132,0.9404158495067586,407194,1333,3535.768867981999,66777,5,1333,405861,407194,407194,0.9994771812953631,0,66777,233,380,0,5,240,0,0,0.0
630,1779699369.609912,decode,1337,330680,0.8116699025789935,407269,1333,3535.768867981999,66457,4,1337,405932,407269,407269,0.9996612723885451,4,66461,79,316,0,4,0,0,0,0.0
631,1779699369.9867244,decode,1333,379212,0.9307940217031127,407398,1333,3535.768867981999,66465,4,1333,406065,407398,407398,0.9999779090688181,0,66465,248,312,0,4,255,0,0,0.0
634,1779699370.347681,decode,1337,327606,0.8041246223064404,407249,1333,3535.768867981999,66117,4,1337,405912,407249,407249,0.9996121814303632,4,66121,92,344,0,4,0,0,0,0.0
635,1779699370.7372396,decode,1333,383694,0.9417953054316691,407378,1333,3535.768867981999,66125,4,1333,406045,407378,407378,0.9999288181106363,0,66125,258,340,0,4,266,0,0,0.0
638,1779699371.087701,decode,1337,330316,0.8107764471400835,407231,1333,3555.3736385215393,65780,5,1337,405894,407231,407231,0.9995679995679996,5,65785,78,340,0,5,0,0,0,0.0
639,1779699371.461629,decode,1333,385228,0.9455605819242183,407360,1333,3555.3736385215393,65789,4,1333,406027,407360,407360,0.9998846362482726,0,65789,249,336,0,4,256,0,0,0.0
642,1779699371.7905996,decode,1337,331970,0.8148362693817239,407265,1333,3555.3736385215393,65460,4,1337,405928,407265,407265,0.9996514541969087,4,65464,72,325,0,4,0,0,0,0.0
643,1779699372.1622612,decode,1333,382038,0.9377305740942105,407394,1333,3555.3736385215393,65468,4,1333,406061,407394,407394,0.9999680908771817,0,65468,244,321,0,4,251,0,0,0.0
646,1779699372.5172708,decode,1337,324610,0.7967707967707968,407375,1332,3555.3736385215393,65133,4,1337,406038,407375,407375,0.999921454466909,4,65137,83,331,0,4,0,0,0,0.0
647,1779699372.9127035,decode,1332,387046,0.95002295002295,407202,1332,3555.3736385215393,65142,5,1332,405870,407202,407202,0.9994968176786359,0,65142,267,326,0,5,275,0,0,0.0
650,1779699373.2473817,decode,1337,324260,0.7959117050026141,407283,1332,3555.3736385215393,64800,4,1337,405946,407283,407283,0.9996956360592725,4,64804,66,338,0,4,0,0,0,0.0
651,1779699373.653366,decode,1332,384560,0.943920943920944,407110,1332,3555.3736385215393,64809,5,1332,405778,407110,407110,0.9992709992709993,0,64809,268,333,0,5,277,0,0,0.0
654,1779699373.9971373,decode,1337,335270,0.822936277481732,407197,1333,3555.3736385215393,64456,5,1337,405860,407197,407197,0.9994845449390904,5,64461,75,348,0,5,0,0,0,0.0
655,1779699374.3744678,decode,1333,380822,0.934745843836753,407326,1333,3555.3736385215393,64465,4,1333,405993,407326,407326,0.9998011816193635,0,64465,233,344,0,4,240,0,0,0.0
658,1779699374.7235408,decode,1337,327922,0.804900259445714,407359,1332,3555.3736385215393,64137,4,1337,406022,407359,407359,0.9998821817003635,4,64141,87,324,0,4,0,0,0,0.0
659,1779699375.1110265,decode,1332,378546,0.9291592927956565,407186,1332,3555.3736385215393,64146,5,1332,405854,407186,407186,0.9994575449120904,0,64146,256,319,0,5,264,0,0,0.0
662,1779699375.4672484,decode,1337,333452,0.8184739093830002,407183,1333,3555.3736385215393,63786,5,1337,405846,407183,407183,0.999450181268363,5,63791,94,355,0,5,0,0,0,0.0
663,1779699375.834115,decode,1333,377460,0.926493653766381,407312,1333,3555.3736385215393,63795,4,1333,405979,407312,407312,0.9997668179486361,0,63795,239,351,0,4,246,0,0,0.0
666,1779699376.1957767,decode,1337,328790,0.807030807030807,407297,1332,3555.3736385215393,63450,4,1337,405960,407297,407297,0.9997299997299998,4,63454,98,341,0,4,0,0,0,0.0
667,1779699376.5813262,decode,1332,378814,0.9298171116352935,407124,1332,3555.3736385215393,63459,5,1332,405792,407124,407124,0.9993053629417266,0,63459,253,336,0,5,262,0,0,0.0
670,1779699376.9353952,decode,1337,331510,0.813707177343541,407151,1333,3555.3736385215393,63102,5,1337,405814,407151,407151,0.9993716357352721,5,63107,94,352,0,5,0,0,0,0.0
671,1779699377.306069,decode,1333,381574,0.9365916638643912,407280,1333,3555.3736385215393,63111,4,1333,405947,407280,407280,0.9996882724155451,0,63111,245,348,0,4,252,0,0,0.0
674,1779699377.6658676,decode,1337,329724,0.8093233547779002,407211,1333,3555.3736385215393,62773,5,1337,405874,407211,407211,0.9995189086098177,5,62778,84,333,0,5,0,0,0,0.0
675,1779699378.0449073,decode,1333,380980,0.9351336624063897,407340,1333,3555.3736385215393,62782,4,1333,406007,407340,407340,0.9998355452900908,0,62782,251,329,0,4,258,0,0,0.0
678,1779699378.3897436,decode,1337,330366,0.8108991745355382,407217,1333,3555.3736385215393,62436,5,1337,405880,407217,407217,0.9995336358972723,5,62441,86,341,0,5,0,0,0,0.0
679,1779699378.7685757,decode,1333,378590,0.9292672929036565,407346,1333,3555.3736385215393,62445,4,1333,406013,407346,407346,0.9998502725775453,0,62445,249,337,0,4,256,0,0,0.0
682,1779699379.1553783,decode,1337,338642,0.8312130130311949,407227,1333,3555.3736385215393,62093,5,1337,405890,407227,407227,0.9995581813763632,5,62098,94,347,0,5,0,0,0,0.0
683,1779699379.4904497,decode,1333,382110,0.9379073015436652,407356,1333,3555.3736385215393,62102,4,1333,406023,407356,407356,0.9998748180566362,0,62102,222,343,0,4,229,0,0,0.0
686,1779699379.8327127,decode,1336,326212,0.8007029825211643,407146,1332,3555.3736385215393,61789,5,1336,405810,407146,407146,0.9993593629957266,5,61794,83,308,0,5,0,0,0,0.0
687,1779699380.226099,decode,1332,380764,0.9346034800580255,407274,1332,3555.3736385215393,61798,4,1332,405942,407274,407274,0.9996735451280906,0,61798,262,304,0,4,270,0,0,0.0
690,1779699380.570209,decode,1337,327012,0.802666620848439,407301,1332,3555.3736385215393,61440,4,1337,405964,407301,407301,0.9997398179216361,4,61444,87,354,0,4,0,0,0,0.0
691,1779699380.9600651,decode,1332,383704,0.94181985091076,407128,1332,3555.3736385215393,61449,5,1332,405796,407128,407128,0.9993151811333629,0,61449,259,349,0,5,267,0,0,0.0
694,1779699381.2980578,decode,1337,328778,0.8070013524558979,407241,1333,3555.3736385215393,61103,5,1337,405904,407241,407241,0.9995925450470905,5,61108,77,341,0,5,0,0,0,0.0
695,1779699381.6791039,decode,1333,381842,0.9372494827040282,407370,1333,3555.3736385215393,61112,4,1333,406037,407370,407370,0.9999091817273635,0,61112,254,337,0,4,262,0,0,0.0
698,1779699382.0147889,decode,1337,331822,0.8144729962911781,407179,1333,3555.3736385215393,60765,5,1337,405842,407179,407179,0.9994403630767267,5,60770,84,342,0,5,0,0,0,0.0
699,1779699382.3821044,decode,1333,380978,0.9351287533105715,407308,1333,3555.3736385215393,60774,4,1333,405975,407308,407308,0.9997569997569997,0,60774,244,338,0,4,251,0,0,0.0
702,1779699382.7240934,decode,1337,338998,0.8320868320868321,407215,1333,3555.3736385215393,60435,5,1337,405878,407215,407215,0.9995287268014541,5,60440,86,334,0,5,0,0,0,0.0
703,1779699383.0596309,decode,1333,379734,0.9320752957116594,407344,1333,3555.3736385215393,60444,4,1333,406011,407344,407344,0.9998453634817271,0,60444,221,330,0,4,228,0,0,0.0
706,1779699383.4173388,decode,1336,320072,0.785632058359331,407170,1332,3555.3736385215393,60124,5,1336,405834,407170,407170,0.9994182721455449,5,60129,91,315,0,5,0,0,0,0.0
707,1779699383.831522,decode,1332,379404,0.9312652949016585,407298,1332,3555.3736385215393,60133,4,1332,405966,407298,407298,0.9997324542779088,0,60133,282,311,0,4,291,0,0,0.0
710,1779699384.175831,decode,1337,333312,0.8181302726757272,407141,1333,3555.3736385215393,59749,5,1337,405804,407141,407141,0.9993470902561812,5,59754,92,379,0,5,0,0,0,0.0
711,1779699384.533587,decode,1333,381880,0.9373427555245737,407270,1333,3555.3736385215393,59758,4,1333,405937,407270,407270,0.9996637269364542,0,59758,239,375,0,4,246,0,0,0.0
714,1779699384.8751109,decode,1337,330912,0.8122393576939031,407217,1333,3555.3736385215393,59427,5,1337,405880,407217,407217,0.9995336358972723,5,59432,83,326,0,5,0,0,0,0.0
715,1779699385.2446494,decode,1333,381880,0.9373427555245737,407346,1333,3555.3736385215393,59436,4,1333,406013,407346,407346,0.9998502725775453,0,59436,247,322,0,4,254,0,0,0.0
718,1779699385.5779798,decode,1337,330084,0.8102069920251739,407217,1333,3684.613439770404,59097,5,1337,405880,407217,407217,0.9995336358972723,5,59102,83,334,0,5,0,0,0,0.0
719,1779699385.9496748,decode,1333,383472,0.9412503957958503,407346,1333,3684.613439770404,59106,4,1333,406013,407346,407346,0.9998502725775453,0,59106,250,330,0,4,257,0,0,0.0
722,1779699386.2778962,decode,1337,327638,0.8042031678395315,407309,1332,3684.613439770404,58770,4,1337,405972,407309,407309,0.9997594543049089,4,58774,78,332,0,4,0,0,0,0.0
723,1779699386.661847,decode,1332,382514,0.9388989388989389,407136,1332,3684.613439770404,58779,5,1332,405804,407136,407136,0.9993348175166357,0,58779,257,327,0,5,265,0,0,0.0
726,1779699386.9915392,decode,1337,330086,0.8102119011209921,407251,1333,3684.613439770404,58432,4,1337,405914,407251,407251,0.9996170905261814,4,58436,81,343,0,4,0,0,0,0.0
727,1779699387.3695605,decode,1333,381042,0.9352858443767534,407380,1333,3684.613439770404,58440,4,1333,406047,407380,407380,0.9999337272064545,0,58440,250,339,0,4,257,0,0,0.0
730,1779699387.7044706,decode,1337,327238,0.8032213486758941,407279,1332,3684.613439770404,58096,4,1337,405942,407279,407279,0.999685817867636,4,58100,86,340,0,4,0,0,0,0.0
731,1779699388.0899107,decode,1332,380282,0.9334203879658425,407106,1332,3684.613439770404,58105,5,1332,405774,407106,407106,0.9992611810793629,0,58105,258,335,0,5,267,0,0,0.0
734,1779699388.4287105,decode,1337,335844,0.8243451879815517,407119,1333,3684.613439770404,57748,5,1337,405782,407119,407119,0.9992930902021812,5,57753,89,352,0,5,0,0,0,0.0
735,1779699388.7757213,decode,1333,377452,0.9264740173831083,407248,1333,3684.613439770404,57757,4,1333,405915,407248,407248,0.9996097268824542,0,57757,231,348,0,4,238,0,0,0.0
738,1779699389.1246407,decode,1337,326014,0.8002169820351639,407289,1332,3684.613439770404,57420,4,1337,405952,407289,407289,0.999710363346727,4,57424,98,333,0,4,0,0,0,0.0
739,1779699389.5227304,decode,1332,378434,0.9288843834298379,407116,1332,3684.613439770404,57429,5,1332,405784,407116,407116,0.9992857265584538,0,57429,262,328,0,5,271,0,0,0.0
742,1779699389.8653612,decode,1338,334238,0.8204031840395477,407372,1333,3684.613439770404,57062,4,1338,406034,407372,407372,0.9999140908231817,4,57066,95,363,0,4,0,0,0,0.0
743,1779699390.2191935,decode,1333,383426,0.941137486592032,407200,1333,3684.613439770404,57071,5,1333,405867,407200,407200,0.9994919085828177,0,57071,236,358,0,5,243,0,0,0.0
746,1779699390.53456,decode,1337,330064,0.8101579010669919,407263,1333,3684.613439770404,56749,4,1337,405926,407263,407263,0.9996465451010905,4,56753,78,318,0,4,0,0,0,0.0
747,1779699390.8955455,decode,1333,378284,0.928516201243474,407392,1333,3684.613439770404,56757,4,1333,406059,407392,407392,0.9999631817813636,0,56757,250,314,0,4,257,0,0,0.0
750,1779699391.226847,decode,1337,326376,0.8011055283782557,407221,1333,3684.613439770404,56403,5,1337,405884,407221,407221,0.9995434540889087,5,56408,95,349,0,5,0,0,0,0.0
751,1779699391.6087081,decode,1333,383056,0.9402293038656675,407350,1333,3684.613439770404,56412,4,1333,406017,407350,407350,0.9998600907691817,0,56412,262,345,0,4,270,0,0,0.0
754,1779699391.9227943,decode,1337,329996,0.8099909918091737,407193,1333,3684.613439770404,56061,5,1337,405856,407193,407193,0.999474726747454,5,56066,80,346,0,5,0,0,0,0.0
755,1779699392.283759,decode,1333,380340,0.9335627517445699,407322,1333,3684.613439770404,56070,4,1333,405989,407322,407322,0.999791363427727,0,56070,250,342,0,4,258,0,0,0.0
758,1779699392.6031747,decode,1337,328138,0.8054304417940782,407177,1333,3684.613439770404,55722,5,1337,405840,407177,407177,0.9994354539809085,5,55727,89,343,0,5,0,0,0,0.0
759,1779699392.9730666,decode,1333,380586,0.9341665705302069,407306,1333,3684.613439770404,55731,4,1333,405973,407306,407306,0.9997520906611815,0,55731,256,339,0,4,264,0,0,0.0
762,1779699393.291215,decode,1337,336404,0.8257197348106439,407123,1333,3684.613439770404,55378,5,1337,405786,407123,407123,0.9993029083938175,5,55383,88,348,0,5,0,0,0,0.0
763,1779699393.6261017,decode,1333,381364,0.9360762088034815,407252,1333,3684.613439770404,55387,4,1333,405919,407252,407252,0.9996195450740906,0,55387,229,344,0,4,236,0,0,0.0
766,1779699393.9373302,decode,1337,334146,0.8201773656319111,407301,1332,3684.613439770404,55065,4,1337,405964,407301,407301,0.9997398179216361,4,55069,85,318,0,4,0,0,0,0.0
767,1779699394.2808552,decode,1332,377554,0.9267243812698358,407128,1332,3684.613439770404,55074,5,1332,405796,407128,407128,0.9993151811333629,0,55074,236,313,0,5,244,0,0,0.0
770,1779699394.6097825,decode,1337,328356,0.8059655332382605,407391,1332,3684.613439770404,54731,4,1337,406054,407391,407391,0.9999607272334545,4,54735,98,339,0,4,0,0,0,0.0
771,1779699394.9757218,decode,1332,383240,0.9406809406809407,407218,1332,3684.613439770404,54740,5,1332,405886,407218,407218,0.9995360904451813,0,54740,255,334,0,5,263,0,0,0.0
774,1779699395.2835753,decode,1337,324238,0.7958577049486141,407377,1332,3684.613439770404,54397,4,1337,406040,407377,407377,0.9999263635627272,4,54401,79,339,0,4,0,0,0,0.0
775,1779699395.668469,decode,1332,377546,0.9267047448865631,407204,1332,3684.613439770404,54406,5,1332,405872,407204,407204,0.999501726774454,0,54406,268,334,0,5,277,0,0,0.0
778,1779699395.9943433,decode,1338,333876,0.8195146376964558,407384,1333,3684.613439770404,54030,4,1338,406046,407384,407384,0.9999435453980908,4,54034,98,372,0,4,0,0,0,0.0
779,1779699396.3355198,decode,1333,378800,0.9297827479645662,407212,1333,3684.613439770404,54039,5,1333,405879,407212,407212,0.9995213631577268,0,54039,237,367,0,5,245,0,0,0.0
782,1779699396.6519685,decode,1337,332100,0.815155360609906,407137,1333,3684.613439770404,53699,5,1337,405800,407137,407137,0.9993372720645448,5,53704,94,335,0,5,0,0,0,0.0
783,1779699397.0021179,decode,1333,381864,0.9373034827580282,407266,1333,3684.613439770404,53708,4,1333,405933,407266,407266,0.9996539087448179,0,53708,243,331,0,4,251,0,0,0.0
786,1779699397.3096468,decode,1337,328216,0.8056218965309875,407201,1333,3684.613439770404,53372,5,1337,405864,407201,407201,0.9994943631307268,5,53377,84,331,0,5,0,0,0,0.0
787,1779699397.6734648,decode,1333,382188,0.9380987562805745,407330,1333,3684.613439770404,53381,4,1333,405997,407330,407330,0.9998109998109999,0,53381,256,327,0,4,263,0,0,0.0
790,1779699397.9819598,decode,1337,334682,0.8214930033111851,407225,1333,3684.613439770404,53034,5,1337,405888,407225,407225,0.999553272280545,5,53039,82,342,0,5,0,0,0,0.0
791,1779699398.315702,decode,1333,387218,0.9504451322633141,407354,1333,3684.613439770404,53043,4,1333,406021,407354,407354,0.9998699089608181,0,53043,235,338,0,4,242,0,0,0.0
794,1779699398.6058424,decode,1336,320704,0.7871833326378781,407154,1332,3684.613439770404,52734,5,1336,405818,407154,407154,0.9993789993789994,5,52739,66,304,0,5,0,0,0,0.0
795,1779699399.0037022,decode,1332,384604,0.944028944028944,407282,1332,3684.613439770404,52743,4,1332,405950,407282,407282,0.9996931815113633,0,52743,280,300,0,4,289,0,0,0.0
798,1779699399.3019824,decode,1337,332812,0.8169029987211806,407241,1333,3890.553064748061,52378,5,1337,405904,407241,407241,0.9995925450470905,5,52383,75,360,0,5,0,0,0,0.0
799,1779699399.6447124,decode,1333,385932,0.94728858365222,407370,1333,3890.553064748061,52387,4,1333,406037,407370,407370,0.9999091817273635,0,52387,241,356,0,4,248,0,0,0.0
802,1779699399.9401512,decode,1337,334436,0.8208891845255482,407369,1332,3890.553064748061,52068,4,1337,406032,407369,407369,0.9999067271794545,4,52072,70,315,0,4,0,0,0,0.0
803,1779699400.278098,decode,1332,378456,0.9289383834838381,407196,1332,3890.553064748061,52077,5,1332,405864,407196,407196,0.9994820903911813,0,52077,235,310,0,5,243,0,0,0.0
806,1779699400.591535,decode,1337,330490,0.8112035384762657,407393,1332,3890.553064748061,51738,4,1337,406056,407393,407393,0.9999656363292727,4,51742,95,335,0,4,0,0,0,0.0
807,1779699400.943668,decode,1332,386314,0.9482262209534936,407220,1332,3890.553064748061,51747,5,1332,405888,407220,407220,0.9995409995409995,0,51747,248,330,0,5,256,0,0,0.0
810,1779699401.2366626,decode,1336,325888,0.7999077089986181,407150,1332,3890.553064748061,51421,5,1336,405814,407150,407150,0.999369181187363,5,51426,69,321,0,5,0,0,0,0.0
811,1779699401.612253,decode,1332,380132,0.9330522057794786,407278,1332,3890.553064748061,51430,4,1332,405946,407278,407278,0.999683363319727,0,51430,263,317,0,4,271,0,0,0.0
814,1779699401.9193506,decode,1337,327874,0.8047824411460776,407269,1333,3890.553064748061,51069,4,1337,405932,407269,407269,0.9996612723885451,4,51073,89,357,0,4,0,0,0,0.0
815,1779699402.2838063,decode,1333,386702,0.9491785855422219,407398,1333,3890.553064748061,51077,4,1333,406065,407398,407398,0.9999779090688181,0,51077,257,353,0,4,265,0,0,0.0
818,1779699402.5770917,decode,1337,329138,0.8078849897031716,407239,1333,3890.553064748061,50743,5,1337,405902,407239,407239,0.9995876359512723,5,50748,68,329,0,5,0,0,0,0.0
819,1779699402.9476094,decode,1333,380690,0.9344218435127526,407368,1333,3890.553064748061,50752,4,1333,406035,407368,407368,0.9999042726315454,0,50752,253,325,0,4,260,0,0,0.0
822,1779699403.2563965,decode,1337,326020,0.8002317093226184,407227,1333,3890.553064748061,50403,5,1337,405890,407227,407227,0.9995581813763632,5,50408,87,344,0,5,0,0,0,0.0
823,1779699403.6294117,decode,1333,382392,0.9385994840540295,407356,1333,3890.553064748061,50412,4,1333,406023,407356,407356,0.9998748180566362,0,50412,263,340,0,4,271,0,0,0.0
826,1779699403.9368403,decode,1337,333994,0.8198042743497289,407129,1333,3890.553064748061,50058,5,1337,405792,407129,407129,0.9993176356812721,5,50063,82,349,0,5,0,0,0,0.0
827,1779699404.2743182,decode,1333,381962,0.9375440284531193,407258,1333,3890.553064748061,50067,4,1333,405925,407258,407258,0.9996342723615451,0,50067,237,345,0,4,244,0,0,0.0
830,1779699404.5762632,decode,1337,331654,0.8140606322424504,407299,1332,3890.553064748061,49739,4,1337,405962,407299,407299,0.999734908825818,4,49743,83,324,0,4,0,0,0,0.0
831,1779699404.9262207,decode,1332,378678,0.9294832931196567,407126,1332,3890.553064748061,49748,5,1332,405794,407126,407126,0.9993102720375447,0,49748,244,319,0,5,252,0,0,0.0
834,1779699405.2357767,decode,1337,327302,0.8033784397420761,407315,1332,3890.553064748061,49401,4,1337,405978,407315,407315,0.9997741815923634,4,49405,94,343,0,4,0,0,0,0.0
835,1779699405.6022573,decode,1332,380650,0.9343236615963889,407142,1332,3890.553064748061,49410,5,1332,405810,407142,407142,0.9993495448040902,0,49410,258,338,0,5,267,0,0,0.0
838,1779699405.9128401,decode,1337,338332,0.8304521031793759,407187,1333,3890.553064748061,49054,5,1337,405850,407187,407187,0.9994599994599994,5,49059,88,351,0,5,0,0,0,0.0
839,1779699406.2392595,decode,1333,381796,0.9371365735002098,407316,1333,3890.553064748061,49063,4,1333,405983,407316,407316,0.9997766361402725,0,49063,223,347,0,4,230,0,0,0.0
842,1779699406.5358708,decode,1336,327388,0.8035895308622582,407132,1332,3890.553064748061,48748,5,1336,405796,407132,407132,0.9993249993249993,5,48753,84,310,0,5,0,0,0,0.0
843,1779699406.906917,decode,1332,375572,0.9218594673140128,407260,1332,3890.553064748061,48757,4,1332,405928,407260,407260,0.9996391814573633,0,48757,258,306,0,4,266,0,0,0.0
846,1779699407.2240715,decode,1337,331248,0.8130640857913585,407209,1333,3890.553064748061,48385,5,1337,405872,407209,407209,0.9995139995139996,5,48390,104,367,0,5,0,0,0,0.0
847,1779699407.5655334,decode,1333,384044,0.9426543971998518,407338,1333,3890.553064748061,48394,4,1333,406005,407338,407338,0.9998306361942726,0,48394,246,363,0,4,253,0,0,0.0
850,1779699407.8561194,decode,1337,327590,0.804085349539895,407281,1332,3890.553064748061,48064,4,1337,405944,407281,407281,0.9996907269634543,4,48068,76,326,0,4,0,0,0,0.0
851,1779699408.2288775,decode,1332,382158,0.9380251198433016,407108,1332,3890.553064748061,48073,5,1332,405776,407108,407108,0.9992660901751811,0,48073,257,321,0,5,266,0,0,0.0
854,1779699408.5216064,decode,1337,329706,0.8092791729155365,407195,1333,3890.553064748061,47723,5,1337,405858,407195,407195,0.9994796358432722,5,47728,83,345,0,5,0,0,0,0.0
855,1779699408.8751926,decode,1333,382174,0.9380643926098472,407324,1333,3890.553064748061,47732,4,1333,405991,407324,407324,0.9997962725235453,0,47732,251,341,0,4,259,0,0,0.0
858,1779699409.1667075,decode,1337,338636,0.8311982857437403,407211,1333,3890.553064748061,47389,5,1337,405874,407211,407211,0.9995189086098177,5,47394,83,338,0,5,0,0,0,0.0
859,1779699409.480382,decode,1333,384840,0.94460821733549,407340,1333,3890.553064748061,47398,4,1333,406007,407340,407340,0.9998355452900908,0,47398,222,334,0,4,229,0,0,0.0
862,1779699409.764268,decode,1336,325046,0.7978409796591615,407176,1332,3890.553064748061,47094,5,1336,405840,407176,407176,0.9994329994329995,5,47099,74,299,0,5,0,0,0,0.0
863,1779699410.1381512,decode,1332,379278,0.9309560218651127,407304,1332,3890.553064748061,47103,4,1332,405972,407304,407304,0.9997471815653634,0,47103,266,295,0,4,274,0,0,0.0
866,1779699410.4408329,decode,1337,330088,0.8102168102168102,407315,1332,3890.553064748061,46736,4,1337,405978,407315,407315,0.9997741815923634,4,46740,92,363,0,4,0,0,0,0.0
867,1779699410.7897274,decode,1332,383172,0.9405140314231223,407142,1332,3890.553064748061,46745,5,1332,405810,407142,407142,0.9993495448040902,0,46745,249,358,0,5,257,0,0,0.0
870,1779699411.0764558,decode,1337,324194,0.7957497048406139,407309,1332,3890.553064748061,46408,4,1337,405972,407309,407309,0.9997594543049089,4,46412,79,333,0,4,0,0,0,0.0
871,1779699411.4535627,decode,1332,379934,0.932566205293478,407136,1332,3890.553064748061,46417,5,1332,405804,407136,407136,0.9993348175166357,0,46417,268,328,0,5,277,0,0,0.0
874,1779699411.7526646,decode,1338,329654,0.8091515364242637,407372,1333,3890.553064748061,46049,4,1338,406034,407372,407372,0.9999140908231817,4,46053,90,364,0,4,0,0,0,0.0
875,1779699412.1051083,decode,1333,379386,0.9312211130392949,407200,1333,3890.553064748061,46058,5,1333,405867,407200,407200,0.9994919085828177,0,46058,251,359,0,5,259,0,0,0.0
878,1779699412.4097674,decode,1337,327736,0.8044437135346226,407123,1333,4072.9965374663307,45706,5,1337,405786,407123,407123,0.9993029083938175,5,45711,92,347,0,5,0,0,0,0.0
879,1779699412.7703257,decode,1333,381396,0.9361547543365725,407252,1333,4072.9965374663307,45715,4,1333,405919,407252,407252,0.9996195450740906,0,45715,257,343,0,4,265,0,0,0.0
882,1779699413.0566447,decode,1338,340082,0.8347475620202893,407334,1333,4072.9965374663307,45364,4,1338,405996,407334,407334,0.9998208180026362,4,45368,85,347,0,4,0,0,0,0.0
883,1779699413.3609943,decode,1333,383570,0.9414909414909415,407162,1333,4072.9965374663307,45373,5,1333,405829,407162,407162,0.9993986357622722,0,45373,217,342,0,5,224,0,0,0.0
886,1779699413.645799,decode,1337,328672,0.806741170377534,407407,1332,4072.9965374663307,45070,4,1337,406070,407407,407407,1.0,4,45074,78,299,0,4,0,0,0,0.0
887,1779699414.0009434,decode,1332,382040,0.9377354831900286,407234,1332,4072.9965374663307,45079,5,1332,405902,407234,407234,0.9995753632117268,0,45079,254,294,0,5,262,0,0,0.0
890,1779699414.2884052,decode,1337,331748,0.8142913597459052,407377,1332,4072.9965374663307,44733,4,1337,406040,407377,407377,0.9999263635627272,4,44737,83,342,0,4,0,0,0,0.0
891,1779699414.6308312,decode,1332,387284,0.9506071324253142,407204,1332,4072.9965374663307,44742,5,1332,405872,407204,407204,0.999501726774454,0,44742,244,337,0,5,252,0,0,0.0
894,1779699414.9018824,decode,1336,328076,0.8052782598237144,407220,1332,4072.9965374663307,44423,5,1336,405884,407220,407220,0.9995409995409995,5,44428,66,314,0,5,0,0,0,0.0
895,1779699415.259081,decode,1332,380220,0.9332682059954788,407348,1332,4072.9965374663307,44432,4,1332,406016,407348,407348,0.9998551816733635,0,44432,256,310,0,4,264,0,0,0.0
898,1779699415.5522623,decode,1337,322722,0.7921366103184285,407357,1332,4072.9965374663307,44078,4,1337,406020,407357,407357,0.9998772726045453,4,44082,89,350,0,4,0,0,0,0.0
899,1779699415.932522,decode,1332,383002,0.9400967582785764,407184,1332,4072.9965374663307,44087,5,1332,405852,407184,407184,0.9994526358162722,0,44087,273,345,0,5,282,0,0,0.0
902,1779699416.2131464,decode,1337,331452,0.8135648135648136,407139,1333,4072.9965374663307,43724,5,1337,405802,407139,407139,0.999342181160363,5,43729,80,358,0,5,0,0,0,0.0
903,1779699416.5552394,decode,1333,383640,0.941662759844578,407268,1333,4072.9965374663307,43733,4,1333,405935,407268,407268,0.999658817840636,0,43733,245,354,0,4,253,0,0,0.0
906,1779699416.8347118,decode,1337,328468,0.806240442604079,407177,1333,4072.9965374663307,43401,5,1337,405840,407177,407177,0.9994354539809085,5,43406,78,327,0,5,0,0,0,0.0
907,1779699417.1880114,decode,1333,382440,0.938717302353666,407306,1333,4072.9965374663307,43410,4,1333,405973,407306,407306,0.9997520906611815,0,43410,255,323,0,4,263,0,0,0.0
910,1779699417.4689748,decode,1337,330046,0.8101137192046283,407177,1333,4072.9965374663307,43064,5,1337,405840,407177,407177,0.9994354539809085,5,43069,82,341,0,5,0,0,0,0.0
911,1779699417.8167775,decode,1333,383738,0.9419033055396692,407306,1333,4072.9965374663307,43073,4,1333,405973,407306,407306,0.9997520906611815,0,43073,250,337,0,4,257,0,0,0.0
914,1779699418.0907087,decode,1337,335964,0.8246397337306428,407275,1333,4072.9965374663307,42738,4,1337,405938,407275,407275,0.9996759996759996,4,42742,77,331,0,4,0,0,0,0.0
915,1779699418.413041,decode,1333,381828,0.9372151190333009,407404,1333,4072.9965374663307,42746,4,1333,406071,407404,407404,0.9999926363562727,0,42746,231,327,0,4,238,0,0,0.0
918,1779699418.6980667,decode,1336,325238,0.7983122528577073,407164,1332,4072.9965374663307,42423,5,1336,405828,407164,407164,0.9994035448580904,5,42428,84,318,0,5,0,0,0,0.0
919,1779699419.0656893,decode,1332,383730,0.9418836691563964,407292,1332,4072.9965374663307,42432,4,1332,405960,407292,407292,0.9997177269904542,0,42432,265,314,0,4,273,0,0,0.0
922,1779699419.3373263,decode,1337,331018,0.8124995397722671,407267,1333,4072.9965374663307,42081,4,1337,405930,407267,407267,0.9996563632927269,4,42085,77,347,0,4,0,0,0,0.0
923,1779699419.6768744,decode,1333,388674,0.954018954018954,407396,1333,4072.9965374663307,42089,4,1333,406063,407396,407396,0.9999729999729999,0,42089,247,343,0,4,254,0,0,0.0
926,1779699419.9389904,decode,1336,325246,0.7983318892409802,407110,1332,4072.9965374663307,41773,5,1336,405774,407110,407110,0.9992709992709993,5,41778,61,311,0,5,0,0,0,0.0
927,1779699420.3093407,decode,1332,379482,0.9314567496385678,407238,1332,4072.9965374663307,41782,4,1332,405906,407238,407238,0.9995851814033633,0,41782,265,307,0,4,273,0,0,0.0
930,1779699420.6005507,decode,1337,328158,0.80547953275226,407219,1333,4072.9965374663307,41416,5,1337,405882,407219,407219,0.9995385449930905,5,41421,91,361,0,5,0,0,0,0.0
931,1779699420.9607642,decode,1333,386686,0.9491393127756764,407348,1333,4072.9965374663307,41425,4,1333,406015,407348,407348,0.9998551816733635,0,41425,256,357,0,4,264,0,0,0.0
934,1779699421.2269797,decode,1337,337432,0.8282430100611918,407223,1333,4072.9965374663307,41092,5,1337,405886,407223,407223,0.9995483631847268,5,41097,68,328,0,5,0,0,0,0.0
935,1779699421.5439122,decode,1333,378756,0.929674747856566,407352,1333,4072.9965374663307,41101,4,1333,406019,407352,407352,0.9998649998649999,0,41101,226,324,0,4,233,0,0,0.0
938,1779699421.842816,decode,1337,326174,0.8006097097006188,407393,1332,4072.9965374663307,40773,4,1337,406056,407393,407393,0.9999656363292727,4,40777,94,324,0,4,0,0,0,0.0
939,1779699422.2149136,decode,1332,381030,0.9352563898018443,407220,1332,4072.9965374663307,40782,5,1332,405888,407220,407220,0.9995409995409995,0,40782,262,319,0,5,270,0,0,0.0
942,1779699422.496503,decode,1337,327898,0.8048413502958958,407267,1333,4072.9965374663307,40425,4,1337,405930,407267,407267,0.9996563632927269,4,40429,86,353,0,4,0,0,0,0.0
943,1779699422.8603117,decode,1333,381862,0.93729857366221,407396,1333,4072.9965374663307,40433,4,1333,406063,407396,407396,0.9999729999729999,0,40433,257,349,0,4,265,0,0,0.0
946,1779699423.1383166,decode,1337,333362,0.8182530000711818,407199,1333,4072.9965374663307,40083,5,1337,405862,407199,407199,0.9994894540349086,5,40088,84,345,0,5,0,0,0,0.0
947,1779699423.4701865,decode,1333,379498,0.9314960224051133,407328,1333,4072.9965374663307,40092,4,1333,405995,407328,407328,0.9998060907151817,0,40092,239,341,0,4,246,0,0,0.0
950,1779699423.7581005,decode,1337,329716,0.8093037183946274,407235,1333,4072.9965374663307,39753,5,1337,405898,407235,407235,0.999577817759636,5,39758,91,334,0,5,0,0,0,0.0
951,1779699424.105523,decode,1333,382188,0.9380987562805745,407364,1333,4072.9965374663307,39762,4,1333,406031,407364,407364,0.999894454439909,0,39762,251,330,0,4,258,0,0,0.0
954,1779699424.3996677,decode,1337,333140,0.8177080904353632,407225,1333,4072.9965374663307,39420,5,1337,405888,407225,407225,0.999553272280545,5,39425,82,337,0,5,0,0,0,0.0
955,1779699424.7340584,decode,1333,384744,0.9443725807362171,407354,1333,4072.9965374663307,39429,4,1333,406021,407354,407354,0.9998699089608181,0,39429,240,333,0,4,247,0,0,0.0
958,1779699425.009192,decode,1337,327090,0.8028580755853483,407381,1332,4237.577428754751,39107,4,1337,406044,407381,407381,0.9999361817543636,4,39111,74,318,0,4,0,0,0,0.0
959,1779699425.3669114,decode,1332,384998,0.9449960359051268,407208,1332,4237.577428754751,39116,5,1332,405876,407208,407208,0.9995115449660904,0,39116,259,313,0,5,267,0,0,0.0
962,1779699425.6340656,decode,1337,324028,0.7953422498877044,407335,1332,4237.577428754751,38775,4,1337,405998,407335,407335,0.9998232725505453,4,38779,73,337,0,4,0,0,0,0.0
963,1779699426.009655,decode,1332,383720,0.9418591236773055,407162,1332,4237.577428754751,38784,5,1332,405830,407162,407162,0.9993986357622722,0,38784,269,332,0,5,277,0,0,0.0
966,1779699426.2747707,decode,1337,329092,0.8077720804993532,407257,1333,4237.577428754751,38429,4,1337,405920,407257,407257,0.999631817813636,4,38433,77,351,0,4,0,0,0,0.0
967,1779699426.6168852,decode,1333,388240,0.9529536802264075,407386,1333,4237.577428754751,38437,4,1333,406053,407386,407386,0.999948454493909,0,38437,253,347,0,4,261,0,0,0.0
970,1779699426.8707235,decode,1337,330698,0.8117140844413572,407277,1333,4237.577428754751,38113,4,1337,405940,407277,407277,0.9996809087718178,4,38117,63,320,0,4,0,0,0,0.0
971,1779699427.219888,decode,1333,377710,0.9271072907436544,407406,1333,4237.577428754751,38121,4,1333,406073,407406,407406,0.9999975454520909,0,38121,248,316,0,4,255,0,0,0.0
974,1779699427.5045168,decode,1337,329740,0.8093626275444458,407247,1333,4237.577428754751,37768,4,1337,405910,407247,407247,0.999607272334545,4,37772,97,349,0,4,0,0,0,0.0
975,1779699427.847805,decode,1333,383124,0.9403962131234859,407376,1333,4237.577428754751,37776,4,1333,406043,407376,407376,0.9999239090148181,0,37776,251,345,0,4,258,0,0,0.0
978,1779699428.1098654,decode,1337,331004,0.8124651761015398,407261,1333,4237.577428754751,37438,4,1337,405924,407261,407261,0.9996416360052723,4,37442,79,334,0,4,0,0,0,0.0
979,1779699428.4489584,decode,1333,380756,0.9345838436747528,407390,1333,4237.577428754751,37446,4,1333,406057,407390,407390,0.9999582726855454,0,37446,247,330,0,4,254,0,0,0.0
982,1779699428.7225926,decode,1337,329156,0.8079291715655352,407293,1332,4237.577428754751,37104,4,1337,405956,407293,407293,0.9997201815383634,4,37108,87,338,0,4,0,0,0,0.0
983,1779699429.0716121,decode,1332,381924,0.9374507556325739,407120,1332,4237.577428754751,37113,5,1332,405788,407120,407120,0.9992955447500902,0,37113,252,333,0,5,260,0,0,0.0
986,1779699429.3376036,decode,1337,327900,0.804846259391714,407261,1333,4237.577428754751,36769,4,1337,405924,407261,407261,0.9996416360052723,4,36773,83,340,0,4,0,0,0,0.0
987,1779699429.6860049,decode,1333,383688,0.9417805781442145,407390,1333,4237.577428754751,36777,4,1333,406057,407390,407390,0.9999582726855454,0,36777,257,336,0,4,265,0,0,0.0
990,1779699429.9487205,decode,1337,334348,0.8206731843095479,407225,1333,4237.577428754751,36433,5,1337,405888,407225,407225,0.999553272280545,5,36438,78,339,0,5,0,0,0,0.0
991,1779699430.273633,decode,1333,378064,0.9279762007034734,407354,1333,4237.577428754751,36442,4,1333,406021,407354,407354,0.9998699089608181,0,36442,236,335,0,4,243,0,0,0.0
994,1779699430.5521116,decode,1337,332544,0.8162451798815435,407301,1332,4237.577428754751,36102,4,1337,405964,407301,407301,0.9997398179216361,4,36106,96,336,0,4,0,0,0,0.0
995,1779699430.8875716,decode,1332,383228,0.9406514861060316,407128,1332,4237.577428754751,36111,5,1332,405796,407128,407128,0.9993151811333629,0,36111,241,331,0,5,249,0,0,0.0
998,1779699431.15246,decode,1337,324940,0.7975807975807976,407365,1332,4237.577428754751,35782,4,1337,406028,407365,407365,0.9998969089878181,4,35786,79,325,0,4,0,0,0,0.0
999,1779699431.514679,decode,1332,384036,0.942634760816579,407192,1332,4237.577428754751,35791,5,1332,405860,407192,407192,0.9994722721995449,0,35791,266,320,0,5,274,0,0,0.0
1002,1779699431.773577,decode,1337,326990,0.802612620794439,407273,1333,4237.577428754751,35440,4,1337,405936,407273,407273,0.9996710905801814,4,35444,76,347,0,4,0,0,0,0.0
1003,1779699432.1256232,decode,1333,382462,0.938771302407666,407402,1333,4237.577428754751,35448,4,1333,406069,407402,407402,0.9999877272604545,0,35448,260,343,0,4,268,0,0,0.0
1006,1779699432.3897579,decode,1337,332120,0.815204451568088,407199,1333,4237.577428754751,35097,5,1337,405862,407199,407199,0.9994894540349086,5,35102,82,346,0,5,0,0,0,0.0
1007,1779699432.7172813,decode,1333,382496,0.9388547570365752,407328,1333,4237.577428754751,35106,4,1333,405995,407328,407328,0.9998060907151817,0,35106,243,342,0,4,250,0,0,0.0
1010,1779699432.979295,decode,1337,335314,0.8230442775897321,407233,1333,4237.577428754751,34773,5,1337,405896,407233,407233,0.9995729086638178,5,34778,81,328,0,5,0,0,0,0.0
1011,1779699433.2977276,decode,1333,379954,0.9326152962516598,407362,1333,4237.577428754751,34782,4,1333,406029,407362,407362,0.9998895453440908,0,34782,233,324,0,4,240,0,0,0.0
1014,1779699433.5694075,decode,1337,324626,0.7968100695373422,407391,1332,4237.577428754751,34451,4,1337,406054,407391,407391,0.9999607272334545,4,34455,90,327,0,4,0,0,0,0.0
1015,1779699433.9329014,decode,1332,378246,0.9284229284229284,407218,1332,4237.577428754751,34460,5,1332,405886,407218,407218,0.9995360904451813,0,34460,267,322,0,5,275,0,0,0.0
1018,1779699434.2093337,decode,1337,329382,0.8084838993929903,407183,1333,4237.577428754751,34088,5,1337,405846,407183,407183,0.999450181268363,5,34093,95,367,0,5,0,0,0,0.0
1019,1779699434.5510767,decode,1333,382150,0.9380054834600289,407312,1333,4237.577428754751,34097,4,1333,405979,407312,407312,0.9997668179486361,0,34097,252,363,0,4,260,0,0,0.0
1022,1779699434.81333,decode,1337,328724,0.8068688068688069,407187,1333,4237.577428754751,33753,5,1337,405850,407187,407187,0.9994599994599994,5,33758,83,339,0,5,0,0,0,0.0
1023,1779699435.1605065,decode,1333,382092,0.9378631196813015,407316,1333,4237.577428754751,33762,4,1333,405983,407316,407316,0.9997766361402725,0,33762,254,335,0,4,262,0,0,0.0
1026,1779699435.4239168,decode,1337,331490,0.8136580863853591,407129,1333,4237.577428754751,33416,5,1337,405792,407129,407129,0.9993176356812721,5,33421,83,341,0,5,0,0,0,0.0
1027,1779699435.7552292,decode,1333,380334,0.9335480244571154,407258,1333,4237.577428754751,33425,4,1333,405925,407258,407258,0.9996342723615451,0,33425,245,337,0,4,253,0,0,0.0
1030,1779699436.0202541,decode,1337,334338,0.820648638830457,407171,1333,4237.577428754751,33082,5,1337,405834,407171,407171,0.9994207266934539,5,33087,89,338,0,5,0,0,0,0.0
1031,1779699436.3384495,decode,1333,382918,0.9398905762542126,407300,1333,4237.577428754751,33091,4,1333,405967,407300,407300,0.999737363373727,0,33091,236,334,0,4,243,0,0,0.0
1034,1779699436.5946794,decode,1337,327434,0.8037024400660764,407355,1332,4237.577428754751,32767,4,1337,406018,407355,407355,0.9998723635087271,4,32771,80,320,0,4,0,0,0,0.0
1035,1779699436.941165,decode,1332,389602,0.9562967744785926,407182,1332,4237.577428754751,32776,5,1332,405850,407182,407182,0.999447726720454,0,32776,258,315,0,5,266,0,0,0.0
1038,1779699437.1772106,decode,1336,325602,0.7992057082966174,407138,1332,4387.896915868157,32451,5,1336,405802,407138,407138,0.9993397266124538,5,32456,58,320,0,5,0,0,0,0.0
1039,1779699437.5340865,decode,1332,383794,0.9420407602225784,407266,1332,4387.896915868157,32460,4,1332,405934,407266,407266,0.9996539087448179,0,32460,264,316,0,4,272,0,0,0.0
1042,1779699437.7882433,decode,1337,324564,0.7966578875669785,407331,1332,4387.896915868157,32110,4,1337,405994,407331,407331,0.9998134543589089,4,32114,77,346,0,4,0,0,0,0.0
1043,1779699438.1476493,decode,1332,383652,0.9416922144194871,407158,1332,4387.896915868157,32119,5,1332,405826,407158,407158,0.9993888175706358,0,32119,267,341,0,5,276,0,0,0.0
1046,1779699438.3999708,decode,1337,332748,0.8167459076549985,407189,1333,4387.896915868157,31764,5,1337,405852,407189,407189,0.9994649085558176,5,31769,78,350,0,5,0,0,0,0.0
1047,1779699438.7227385,decode,1333,384044,0.9426543971998518,407318,1333,4387.896915868157,31773,4,1333,405985,407318,407318,0.9997815452360906,0,31773,241,346,0,4,248,0,0,0.0
1050,1779699438.974512,decode,1337,329174,0.8079733534278989,407281,1332,4387.896915868157,31448,4,1337,405944,407281,407281,0.9996907269634543,4,31452,76,321,0,4,0,0,0,0.0
1051,1779699439.312851,decode,1332,383462,0.9412258503167594,407108,1332,4387.896915868157,31457,5,1332,405776,407108,407108,0.9992660901751811,0,31457,252,316,0,5,260,0,0,0.0
1054,1779699439.5637326,decode,1337,333208,0.8178749996931816,407299,1332,4387.896915868157,31118,4,1337,405962,407299,407299,0.999734908825818,4,31122,78,335,0,4,0,0,0,0.0
1055,1779699439.8848102,decode,1332,382684,0.9393162120434848,407126,1332,4387.896915868157,31127,5,1332,405794,407126,407126,0.9993102720375447,0,31127,239,330,0,5,247,0,0,0.0
1058,1779699440.140647,decode,1336,329850,0.809632627814446,407120,1332,4387.896915868157,30798,5,1336,405784,407120,407120,0.9992955447500902,5,30803,81,324,0,5,0,0,0,0.0
1059,1779699440.4774117,decode,1332,383842,0.9421585785222149,407248,1332,4387.896915868157,30807,4,1332,405916,407248,407248,0.9996097268824542,0,30807,250,320,0,4,258,0,0,0.0
1062,1779699440.7294948,decode,1337,319696,0.784709148345512,407379,1332,4387.896915868157,30471,4,1337,406042,407379,407379,0.9999312726585454,4,30475,77,332,0,4,0,0,0,0.0
1063,1779699441.123178,decode,1332,379632,0.9318249318249319,407206,1332,4387.896915868157,30480,5,1332,405874,407206,407206,0.9995066358702722,0,30480,283,327,0,5,292,0,0,0.0
1066,1779699441.390144,decode,1338,334186,0.8202755475482748,407370,1333,4387.896915868157,30096,4,1338,406032,407370,407370,0.9999091817273635,4,30100,91,380,0,4,0,0,0,0.0
1067,1779699441.7079465,decode,1333,380634,0.9342843888298433,407198,1333,4387.896915868157,30105,5,1333,405865,407198,407198,0.9994869994869995,0,30105,236,375,0,5,244,0,0,0.0
1070,1779699441.9758031,decode,1337,336458,0.825852280397735,407171,1333,4387.896915868157,29772,5,1337,405834,407171,407171,0.9994207266934539,5,29777,88,328,0,5,0,0,0,0.0
1071,1779699442.2820277,decode,1333,379594,0.9317316590043863,407300,1333,4387.896915868157,29781,4,1333,405967,407300,407300,0.999737363373727,0,29781,229,324,0,4,236,0,0,0.0
1074,1779699442.542951,decode,1337,328586,0.806530079257352,407331,1332,4387.896915868157,29453,4,1337,405994,407331,407331,0.9998134543589089,4,29457,91,324,0,4,0,0,0,0.0
1075,1779699442.8847022,decode,1332,381954,0.9375243920698466,407158,1332,4387.896915868157,29462,5,1332,405826,407158,407158,0.9993888175706358,0,29462,254,319,0,5,262,0,0,0.0
1078,1779699443.1381931,decode,1337,329784,0.8094706276524458,407291,1332,4387.896915868157,29116,4,1337,405954,407291,407291,0.9997152724425452,4,29120,83,342,0,4,0,0,0,0.0
1079,1779699443.4723692,decode,1332,383472,0.9412503957958503,407118,1332,4387.896915868157,29125,5,1332,405786,407118,407118,0.999290635654272,0,29125,250,337,0,5,258,0,0,0.0
1082,1779699443.722829,decode,1337,331056,0.8125928125928126,407309,1332,4387.896915868157,28788,4,1337,405972,407309,407309,0.9997594543049089,4,28792,78,333,0,4,0,0,0,0.0
1083,1779699444.0632823,decode,1332,379288,0.9309805673442038,407136,1332,4387.896915868157,28797,5,1332,405804,407136,407136,0.9993348175166357,0,28797,246,328,0,5,254,0,0,0.0
1086,1779699444.3358452,decode,1337,321740,0.7897262442716988,407325,1332,4387.896915868157,28450,4,1337,405988,407325,407325,0.9997987270714543,4,28454,92,343,0,4,0,0,0,0.0
1087,1779699444.7051256,decode,1332,383528,0.9413878504787596,407152,1332,4387.896915868157,28459,5,1332,405820,407152,407152,0.9993740902831811,0,28459,276,338,0,5,285,0,0,0.0
1090,1779699444.9533865,decode,1338,331752,0.8143011779375415,407366,1333,4387.896915868157,28095,4,1338,406028,407366,407366,0.9998993635357272,4,28099,78,360,0,4,0,0,0,0.0
1091,1779699445.2788758,decode,1333,383032,0.9401703947158493,407194,1333,4387.896915868157,28104,5,1333,405861,407194,407194,0.9994771812953631,0,28104,244,355,0,5,252,0,0,0.0
1094,1779699445.52291,decode,1337,334316,0.820594638776457,407169,1333,4387.896915868157,27771,5,1337,405832,407169,407169,0.9994158175976358,5,27776,80,328,0,5,0,0,0,0.0
1095,1779699445.837711,decode,1333,381376,0.9361056633783906,407298,1333,4387.896915868157,27780,4,1333,405965,407298,407298,0.9997324542779088,0,27780,236,324,0,4,243,0,0,0.0
1098,1779699446.095369,decode,1337,333532,0.8186702732157277,407313,1332,4387.896915868157,27451,4,1337,405976,407313,407313,0.9997692724965452,4,27455,85,325,0,4,0,0,0,0.0
1099,1779699446.418438,decode,1332,382100,0.9378827560645743,407140,1332,4387.896915868157,27460,5,1332,405808,407140,407140,0.999344635708272,0,27460,238,320,0,5,246,0,0,0.0
1102,1779699446.6662042,decode,1336,331132,0.8127793582339037,407136,1332,4387.896915868157,27130,5,1336,405800,407136,407136,0.9993348175166357,5,27135,83,325,0,5,0,0,0,0.0
1103,1779699446.9936464,decode,1332,381188,0.9356442083714811,407264,1332,4387.896915868157,27139,4,1332,405932,407264,407264,0.9996489996489997,0,27139,246,321,0,4,254,0,0,0.0
1106,1779699447.2466948,decode,1336,322204,0.7908651545015182,407124,1332,4387.896915868157,26798,5,1336,405788,407124,407124,0.9993053629417266,5,26803,86,336,0,5,0,0,0,0.0
1107,1779699447.6140888,decode,1332,379132,0.9305976578703852,407252,1332,4387.896915868157,26807,4,1332,405920,407252,407252,0.9996195450740906,0,26807,275,332,0,4,284,0,0,0.0
1110,1779699447.8727658,decode,1337,321862,0.7900256991166082,407169,1333,4387.896915868157,26429,5,1337,405832,407169,407169,0.9994158175976358,5,26434,93,373,0,5,0,0,0,0.0
1111,1779699448.2385526,decode,1333,382130,0.937956392501847,407298,1333,4387.896915868157,26438,4,1333,405965,407298,407298,0.9997324542779088,0,26438,276,369,0,4,285,0,0,0.0
1114,1779699448.484777,decode,1338,335886,0.8244482789937335,407168,1334,4387.896915868157,26069,5,1338,405830,407168,407168,0.9994133630497267,5,26074,83,364,0,5,0,0,0,0.0
1115,1779699448.7881446,decode,1334,380230,0.9332927514745697,407298,1334,4387.896915868157,26078,4,1334,405964,407298,407298,0.9997324542779088,0,26078,231,360,0,4,238,0,0,0.0
1118,1779699449.0357814,decode,1338,337728,0.8289695562422835,407368,1333,4502.1517754638035,25750,4,1338,406030,407368,407368,0.9999042726315454,4,25754,89,324,0,4,0,0,0,0.0
1119,1779699449.333079,decode,1333,379664,0.9319034773580228,407196,1333,4502.1517754638035,25759,5,1333,405863,407196,407196,0.9994820903911813,0,25759,225,319,0,5,232,0,0,0.0
1122,1779699449.5854568,decode,1337,328344,0.8059360786633514,407401,1332,4502.1517754638035,25435,4,1337,406064,407401,407401,0.9999852727125454,4,25439,91,320,0,4,0,0,0,0.0
1123,1779699449.9243548,decode,1332,383836,0.9421438512347603,407228,1332,4502.1517754638035,25444,5,1332,405896,407228,407228,0.9995606359242722,0,25444,255,315,0,5,263,0,0,0.0
1126,1779699450.164716,decode,1337,331380,0.8133880861153588,407373,1332,4502.1517754638035,25103,4,1337,406036,407373,407373,0.9999165453710909,4,25107,77,337,0,4,0,0,0,0.0
1127,1779699450.4889057,decode,1332,382352,0.9385013021376658,407200,1332,4502.1517754638035,25112,5,1332,405868,407200,407200,0.9994919085828177,0,25112,245,332,0,5,253,0,0,0.0
1130,1779699450.7314403,decode,1337,329230,0.8081108081108082,407389,1332,4502.1517754638035,24776,4,1337,406052,407389,407389,0.9999558181376363,4,24780,82,332,0,4,0,0,0,0.0
1131,1779699451.0623236,decode,1332,378654,0.9294243839698385,407216,1332,4502.1517754638035,24785,5,1332,405884,407216,407216,0.9995311813493631,0,24785,252,327,0,5,260,0,0,0.0
1134,1779699451.3178475,decode,1337,324476,0.7964418873509782,407291,1332,4502.1517754638035,24430,4,1337,405954,407291,407291,0.9997152724425452,4,24434,94,351,0,4,0,0,0,0.0
1135,1779699451.6713953,decode,1332,381436,0.9362529362529363,407118,1332,4502.1517754638035,24439,5,1332,405786,407118,407118,0.999290635654272,0,24439,267,346,0,5,276,0,0,0.0
1138,1779699451.9146369,decode,1338,331750,0.8142962688417233,407374,1333,4502.1517754638035,24077,4,1338,406036,407374,407374,0.9999189999189999,4,24081,85,358,0,4,0,0,0,0.0
1139,1779699452.2373042,decode,1333,380902,0.9349422076694804,407202,1333,4502.1517754638035,24086,5,1333,405869,407202,407202,0.9994968176786359,0,24086,244,353,0,5,252,0,0,0.0
1142,1779699452.482434,decode,1337,330906,0.8122246304064485,407139,1333,4502.1517754638035,23746,5,1337,405802,407139,407139,0.999342181160363,5,23751,87,335,0,5,0,0,0,0.0
1143,1779699452.8044314,decode,1333,382478,0.9388105751742115,407268,1333,4502.1517754638035,23755,4,1333,405935,407268,407268,0.999658817840636,0,23755,247,331,0,4,255,0,0,0.0
1146,1779699453.045254,decode,1337,329744,0.8093724457360821,407215,1333,4502.1517754638035,23417,5,1337,405878,407215,407215,0.9995287268014541,5,23422,82,333,0,5,0,0,0,0.0
1147,1779699453.3735664,decode,1333,384344,0.9433907615725797,407344,1333,4502.1517754638035,23426,4,1333,406011,407344,407344,0.9998453634817271,0,23426,251,329,0,4,258,0,0,0.0
1150,1779699453.6058404,decode,1337,329214,0.8080715353442626,407281,1332,4502.1517754638035,23092,4,1337,405944,407281,407281,0.9996907269634543,4,23096,75,330,0,4,0,0,0,0.0
1151,1779699453.935753,decode,1332,383198,0.9405778496687588,407108,1332,4502.1517754638035,23101,5,1332,405776,407108,407108,0.9992660901751811,0,23101,252,325,0,5,260,0,0,0.0
1154,1779699454.171621,decode,1337,331044,0.8125633580179035,407335,1332,4502.1517754638035,22761,4,1337,405998,407335,407335,0.9998232725505453,4,22765,79,336,0,4,0,0,0,0.0
1155,1779699454.4962757,decode,1332,376540,0.9242354696900151,407162,1332,4502.1517754638035,22770,5,1332,405830,407162,407162,0.9993986357622722,0,22770,246,331,0,5,254,0,0,0.0
1158,1779699454.7504492,decode,1337,329704,0.8092742638197183,407277,1333,4502.1517754638035,22414,4,1337,405940,407277,407277,0.9996809087718178,4,22418,101,352,0,4,0,0,0,0.0
1159,1779699455.079873,decode,1333,381564,0.9365671183853002,407406,1333,4502.1517754638035,22422,4,1333,406073,407406,407406,0.9999975454520909,0,22422,251,348,0,4,259,0,0,0.0
1162,1779699455.318656,decode,1337,331548,0.8138004501640865,407201,1333,4502.1517754638035,22077,5,1337,405864,407201,407201,0.9994943631307268,5,22082,85,340,0,5,0,0,0,0.0
1163,1779699455.6351683,decode,1333,383436,0.941162032071123,407330,1333,4502.1517754638035,22086,4,1333,405997,407330,407330,0.9998109998109999,0,22086,245,336,0,4,252,0,0,0.0
1166,1779699455.8637254,decode,1337,333770,0.819254455618092,407273,1333,4502.1517754638035,21755,4,1337,405936,407273,407273,0.9996710905801814,4,21759,78,327,0,4,0,0,0,0.0
1167,1779699456.1762798,decode,1333,381430,0.9362382089654817,407402,1333,4502.1517754638035,21763,4,1333,406069,407402,407402,0.9999877272604545,0,21763,238,323,0,4,245,0,0,0.0
1170,1779699456.412795,decode,1337,328324,0.8058869877051695,407367,1332,4502.1517754638035,21432,4,1337,406030,407367,407367,0.9999018180836363,4,21436,85,327,0,4,0,0,0,0.0
1171,1779699456.7476077,decode,1332,382600,0.939110030019121,407194,1332,4502.1517754638035,21441,5,1332,405862,407194,407194,0.9994771812953631,0,21441,255,322,0,5,263,0,0,0.0
1174,1779699456.9827275,decode,1337,328874,0.8072369890551708,407337,1332,4502.1517754638035,21096,4,1337,406000,407337,407337,0.9998281816463634,4,21100,81,341,0,4,0,0,0,0.0
1175,1779699457.3101065,decode,1332,388326,0.9531647713465895,407164,1332,4502.1517754638035,21105,5,1332,405832,407164,407164,0.9994035448580904,0,21105,253,336,0,5,261,0,0,0.0
1178,1779699457.5247018,decode,1337,324910,0.7975071611435248,407363,1332,4502.1517754638035,20781,4,1337,406026,407363,407363,0.9998919998919998,4,20785,62,320,0,4,0,0,0,0.0
1179,1779699457.8762343,decode,1332,379750,0.9321145684782048,407190,1332,4502.1517754638035,20790,5,1332,405858,407190,407190,0.9994673631037267,0,20790,266,315,0,5,274,0,0,0.0
1182,1779699458.1195643,decode,1337,333688,0.8190531826895463,407187,1333,4502.1517754638035,20424,5,1337,405850,407187,407187,0.9994599994599994,5,20429,90,361,0,5,0,0,0,0.0
1183,1779699458.4294636,decode,1333,384692,0.9442449442449442,407316,1333,4502.1517754638035,20433,4,1333,405983,407316,407316,0.9997766361402725,0,20433,238,357,0,4,245,0,0,0.0
1186,1779699458.6547787,decode,1337,328854,0.807187898096989,407329,1332,4502.1517754638035,20113,4,1337,405992,407329,407329,0.9998085452630907,4,20117,74,316,0,4,0,0,0,0.0
1187,1779699458.983637,decode,1332,377970,0.9277454732000187,407156,1332,4502.1517754638035,20122,5,1332,405824,407156,407156,0.9993839084748176,0,20122,253,311,0,5,261,0,0,0.0
1190,1779699459.2314644,decode,1337,327264,0.8032851669215305,407207,1333,4502.1517754638035,19763,5,1337,405870,407207,407207,0.9995090904181814,5,19768,96,354,0,5,0,0,0,0.0
1191,1779699459.5682774,decode,1333,385780,0.9469154923700378,407336,1333,4502.1517754638035,19772,4,1333,406003,407336,407336,0.9998257270984544,0,19772,259,350,0,4,267,0,0,0.0
1194,1779699459.7915256,decode,1337,335596,0.8237364601000965,407217,1333,4502.1517754638035,19433,5,1337,405880,407217,407217,0.9995336358972723,5,19438,71,334,0,5,0,0,0,0.0
1195,1779699460.102344,decode,1333,383584,0.9415253051616688,407346,1333,4502.1517754638035,19442,4,1333,406013,407346,407346,0.9998502725775453,0,19442,232,330,0,4,239,0,0,0.0
1198,1779699460.3431025,decode,1336,323408,0.7938204301840666,407120,1332,4721.713083356727,19124,5,1336,405784,407120,407120,0.9992955447500902,5,19129,78,313,0,5,0,0,0,0.0
1199,1779699460.6969655,decode,1332,377316,0.9261401988674716,407248,1332,4721.713083356727,19133,4,1332,405916,407248,407248,0.9996097268824542,0,19133,271,309,0,4,279,0,0,0.0
1202,1779699460.955019,decode,1337,339158,0.832479559752287,407153,1333,4721.713083356727,18754,5,1337,405816,407153,407153,0.9993765448310903,5,18759,98,374,0,5,0,0,0,0.0
1203,1779699461.2410352,decode,1333,384762,0.9444167625985808,407282,1333,4721.713083356727,18763,4,1333,405949,407282,407282,0.9996931815113633,0,18763,220,370,0,4,227,0,0,0.0
1206,1779699461.4618623,decode,1337,333904,0.8195833650379105,407399,1332,4721.713083356727,18461,4,1337,406062,407399,407399,0.9999803636167273,4,18465,74,298,0,4,0,0,0,0.0
1207,1779699461.7691813,decode,1332,380652,0.9343285706922071,407226,1332,4721.713083356727,18470,5,1332,405894,407226,407226,0.9995557268284541,0,18470,237,293,0,5,245,0,0,0.0
1210,1779699462.0151129,decode,1336,321932,0.7901975174702447,407188,1332,4721.713083356727,18136,5,1336,405852,407188,407188,0.9994624540079086,5,18141,88,329,0,5,0,0,0,0.0
1211,1779699462.3730857,decode,1332,381292,0.9358994813540268,407316,1332,4721.713083356727,18145,4,1332,405984,407316,407316,0.9997766361402725,0,18145,276,325,0,4,284,0,0,0.0
1214,1779699462.6092618,decode,1337,326880,0.8023426205244387,407229,1333,4721.713083356727,17774,5,1337,405892,407229,407229,0.9995630904721814,5,17779,85,366,0,5,0,0,0,0.0
1215,1779699462.9502802,decode,1333,382048,0.9377551195733014,407358,1333,4721.713083356727,17783,4,1333,406025,407358,407358,0.9998797271524544,0,17783,260,362,0,4,268,0,0,0.0
1218,1779699463.1860132,decode,1338,336416,0.825749189385553,407386,1333,4721.713083356727,17431,4,1338,406048,407386,407386,0.999948454493909,4,17435,83,348,0,4,0,0,0,0.0
1219,1779699463.4874647,decode,1333,379552,0.9316285679922044,407214,1333,4721.713083356727,17440,5,1333,405881,407214,407214,0.999526272253545,0,17440,229,343,0,5,236,0,0,0.0
1222,1779699463.7242002,decode,1337,330030,0.8100744464380828,407289,1332,4721.713083356727,17112,4,1337,405952,407289,407289,0.999710363346727,4,17116,91,324,0,4,0,0,0,0.0
1223,1779699464.0466275,decode,1332,382202,0.9381331199513018,407116,1332,4721.713083356727,17121,5,1332,405784,407116,407116,0.9992857265584538,0,17121,249,319,0,5,257,0,0,0.0
1226,1779699464.275191,decode,1337,334420,0.8208499117590027,407239,1333,4721.713083356727,16780,5,1337,405902,407239,407239,0.9995876359512723,5,16785,82,336,0,5,0,0,0,0.0
1227,1779699464.5817683,decode,1333,379960,0.9326300235391144,407368,1333,4721.713083356727,16789,4,1333,406035,407368,407368,0.9999042726315454,0,16789,236,332,0,4,243,0,0,0.0
1230,1779699464.8202846,decode,1337,331378,0.8133831770195407,407397,1332,4721.713083356727,16455,4,1337,406060,407397,407397,0.9999754545209091,4,16459,90,330,0,4,0,0,0,0.0
1231,1779699465.143151,decode,1332,385390,0.9459582186854915,407224,1332,4721.713083356727,16464,5,1332,405892,407224,407224,0.9995508177326359,0,16464,245,325,0,5,253,0,0,0.0
1234,1779699465.36488,decode,1336,321002,0.7879147879147879,407126,1332,4721.713083356727,16138,5,1336,405790,407126,407126,0.9993102720375447,5,16143,72,321,0,5,0,0,0,0.0
1235,1779699465.7280722,decode,1332,380650,0.9343236615963889,407254,1332,4721.713083356727,16147,4,1332,405922,407254,407254,0.9996244541699087,0,16147,279,317,0,4,288,0,0,0.0
1238,1779699465.9618564,decode,1337,321928,0.7901876992786083,407187,1333,4721.713083356727,15770,5,1337,405850,407187,407187,0.9994599994599994,5,15775,88,372,0,5,0,0,0,0.0
1239,1779699466.3195224,decode,1333,384024,0.9426053062416698,407316,1333,4721.713083356727,15779,4,1333,405983,407316,407316,0.9997766361402725,0,15779,276,368,0,4,284,0,0,0.0
1242,1779699466.5386906,decode,1338,332256,0.8155382700837246,407262,1334,4721.713083356727,15418,4,1338,405924,407262,407262,0.9996440905531815,4,15422,76,357,0,4,0,0,0,0.0
1243,1779699466.8501568,decode,1334,381416,0.9362038452947544,407392,1334,4721.713083356727,15426,4,1334,406058,407392,407392,0.9999631817813636,0,15426,243,353,0,4,250,0,0,0.0
1246,1779699467.0757625,decode,1338,335530,0.8235744599380963,407354,1333,4721.713083356727,15090,4,1338,406016,407354,407354,0.9998699089608181,4,15094,85,332,0,4,0,0,0,0.0
1247,1779699467.3753362,decode,1333,376830,0.9249472885836523,407182,1333,4721.713083356727,15099,5,1333,405849,407182,407182,0.999447726720454,0,15099,232,327,0,5,239,0,0,0.0
1250,1779699467.6154819,decode,1337,328564,0.806476079203352,407267,1333,4721.713083356727,14759,4,1337,405930,407267,407267,0.9996563632927269,4,14763,100,336,0,4,0,0,0,0.0
1251,1779699467.9405923,decode,1333,381932,0.9374703920158466,407396,1333,4721.713083356727,14767,4,1333,406063,407396,407396,0.9999729999729999,0,14767,255,332,0,4,262,0,0,0.0
1254,1779699468.161859,decode,1337,329144,0.8078997169906261,407269,1333,4721.713083356727,14421,4,1337,405932,407269,407269,0.9996612723885451,4,14425,83,342,0,4,0,0,0,0.0
1255,1779699468.4835818,decode,1333,384648,0.9441369441369442,407398,1333,4721.713083356727,14429,4,1333,406065,407398,407398,0.9999779090688181,0,14429,253,338,0,4,260,0,0,0.0
1258,1779699468.7030156,decode,1337,327000,0.8026371662735299,407285,1332,4721.713083356727,14094,4,1337,405948,407285,407285,0.9997005451550907,4,14098,74,331,0,4,0,0,0,0.0
1259,1779699469.0384884,decode,1332,383992,0.9425267607085789,407112,1332,4721.713083356727,14103,5,1332,405780,407112,407112,0.9992759083668175,0,14103,259,326,0,5,268,0,0,0.0
1262,1779699469.2572412,decode,1337,328862,0.8072075344802617,407229,1333,4721.713083356727,13757,5,1337,405892,407229,407229,0.9995630904721814,5,13762,77,341,0,5,0,0,0,0.0
1263,1779699469.5803375,decode,1333,385274,0.9456734911280366,407358,1333,4721.713083356727,13766,4,1333,406025,407358,407358,0.9998797271524544,0,13766,254,337,0,4,261,0,0,0.0
1266,1779699469.7891092,decode,1337,329452,0.8086557177466268,407311,1332,4721.713083356727,13432,4,1337,405974,407311,407311,0.999764363400727,4,13436,72,330,0,4,0,0,0,0.0
1267,1779699470.1097274,decode,1332,384960,0.9449027630845813,407138,1332,4721.713083356727,13441,5,1332,405806,407138,407138,0.9993397266124538,0,13441,251,325,0,5,259,0,0,0.0
1270,1779699470.3215287,decode,1337,330122,0.8103002648457194,407297,1332,4721.713083356727,13108,4,1337,405960,407297,407297,0.9997299997299998,4,13112,73,329,0,4,0,0,0,0.0
1271,1779699470.6385145,decode,1332,382902,0.9398513034876671,407124,1332,4721.713083356727,13117,5,1332,405792,407124,407124,0.9993053629417266,0,13117,249,324,0,5,257,0,0,0.0
1274,1779699470.8562305,decode,1337,329532,0.8088520815793543,407339,1332,4721.713083356727,12779,4,1337,406002,407339,407339,0.9998330907421816,4,12783,80,334,0,4,0,0,0,0.0
1275,1779699471.1772695,decode,1332,380480,0.933906388451843,407166,1332,4721.713083356727,12788,5,1332,405834,407166,407166,0.9994084539539085,0,12788,251,329,0,5,259,0,0,0.0
1278,1779699471.4032798,decode,1337,324214,0.7957987957987958,407317,1332,4827.405740142496,12440,4,1337,405980,407317,407317,0.9997790906881816,4,12444,88,344,0,4,0,0,0,0.0
1279,1779699471.746149,decode,1332,379650,0.9318691136872955,407144,1332,4827.405740142496,12449,5,1332,405812,407144,407144,0.9993544538999084,0,12449,268,339,0,5,277,0,0,0.0
1282,1779699471.9726996,decode,1338,326836,0.8022346204164386,407388,1333,4827.405740142496,12080,4,1338,406050,407388,407388,0.9999533635897272,4,12084,91,365,0,4,0,0,0,0.0
1283,1779699472.2996387,decode,1333,382308,0.9383933020296656,407216,1333,4827.405740142496,12089,5,1333,405883,407216,407216,0.9995311813493631,0,12089,260,360,0,5,268,0,0,0.0
1286,1779699472.5150414,decode,1338,329586,0.8089846271664454,407346,1333,4827.405740142496,11738,4,1338,406008,407346,407346,0.9998502725775453,4,11742,82,347,0,4,0,0,0,0.0
1287,1779699472.8484013,decode,1333,373846,0.9176229176229176,407174,1333,4827.405740142496,11747,5,1333,405841,407174,407174,0.9994280903371813,0,11747,251,342,0,5,259,0,0,0.0
1290,1779699473.093927,decode,1338,335058,0.8224159133250042,407284,1333,4827.405740142496,11377,4,1338,405946,407284,407284,0.9996980906071815,4,11381,110,366,0,4,0,0,0,0.0
1291,1779699473.38884,decode,1333,379390,0.9312309312309313,407112,1333,4827.405740142496,11386,5,1333,405779,407112,407112,0.9992759083668175,0,11386,233,361,0,5,241,0,0,0.0
1294,1779699473.613981,decode,1337,335236,0.8228528228528229,407127,1333,4827.405740142496,11052,5,1337,405790,407127,407127,0.9993127265854539,5,11057,92,329,0,5,0,0,0,0.0
1295,1779699473.9058478,decode,1333,380788,0.9346623892078437,407256,1333,4827.405740142496,11061,4,1333,405923,407256,407256,0.9996293632657269,0,11061,233,325,0,4,240,0,0,0.0
1298,1779699474.1267283,decode,1337,330170,0.8104180831453559,407325,1332,4827.405740142496,10733,4,1337,405988,407325,407325,0.9997987270714543,4,10737,87,324,0,4,0,0,0,0.0
1299,1779699474.4405975,decode,1332,380214,0.9332534787080241,407152,1332,4827.405740142496,10742,5,1332,405820,407152,407152,0.9993740902831811,0,10742,249,319,0,5,257,0,0,0.0
1302,1779699474.661233,decode,1337,328590,0.8065398974489884,407351,1332,4827.405740142496,10395,4,1337,406014,407351,407351,0.9998625453170907,4,10399,89,343,0,4,0,0,0,0.0
1303,1779699474.9876375,decode,1332,384998,0.9449960359051268,407178,1332,4827.405740142496,10404,5,1332,405846,407178,407178,0.9994379085288176,0,10404,254,338,0,5,262,0,0,0.0
1306,1779699475.1968033,decode,1337,322074,0.790546063273336,407335,1332,4827.405740142496,10068,4,1337,405998,407335,407335,0.9998232725505453,4,10072,73,332,0,4,0,0,0,0.0
1307,1779699475.5459754,decode,1332,380522,0.9340094794640249,407162,1332,4827.405740142496,10077,5,1332,405830,407162,407162,0.9993986357622722,0,10077,275,327,0,5,284,0,0,0.0
1310,1779699475.7655761,decode,1338,331768,0.8143404507040871,407360,1333,4827.405740142496,9704,4,1338,406022,407360,407360,0.9998846362482726,4,9708,88,369,0,4,0,0,0,0.0
1311,1779699476.0738342,decode,1333,383656,0.9417020326111235,407188,1333,4827.405740142496,9713,5,1333,405855,407188,407188,0.9994624540079086,0,9713,244,364,0,5,252,0,0,0.0
1314,1779699476.2806535,decode,1337,333706,0.81909736455191,407193,1333,4827.405740142496,9382,5,1337,405856,407193,407193,0.999474726747454,5,9387,78,326,0,5,0,0,0,0.0
1315,1779699476.5822105,decode,1333,378630,0.9293654748200203,407322,1333,4827.405740142496,9391,4,1333,405989,407322,407322,0.999791363427727,0,9391,238,322,0,4,245,0,0,0.0
1318,1779699476.8101473,decode,1337,327014,0.8026715299442572,407267,1333,4827.405740142496,9051,4,1337,405930,407267,407267,0.9996563632927269,4,9055,94,336,0,4,0,0,0,0.0
1319,1779699477.1388679,decode,1333,377930,0.927647291283655,407396,1333,4827.405740142496,9059,4,1333,406063,407396,407396,0.9999729999729999,0,9059,260,332,0,4,267,0,0,0.0
1322,1779699477.3652062,decode,1337,334272,0.8204866386684568,407167,1333,4827.405740142496,8694,5,1337,405830,407167,407167,0.9994109085018176,5,8699,96,360,0,5,0,0,0,0.0
1323,1779699477.6575649,decode,1333,385588,0.9464442191714919,407296,1333,4827.405740142496,8703,4,1333,405963,407296,407296,0.9997275451820906,0,8703,236,356,0,4,243,0,0,0.0
1326,1779699477.860952,decode,1337,325204,0.7982287982287982,407325,1332,4827.405740142496,8388,4,1337,405988,407325,407325,0.9997987270714543,4,8392,71,311,0,4,0,0,0,0.0
1327,1779699478.1954436,decode,1332,378220,0.928359110177292,407152,1332,4827.405740142496,8397,5,1332,405820,407152,407152,0.9993740902831811,0,8397,265,306,0,5,274,0,0,0.0
1330,1779699478.4216135,decode,1337,332416,0.8159309977491795,407157,1333,4827.405740142496,8026,5,1337,405820,407157,407157,0.9993863630227267,5,8031,96,366,0,5,0,0,0,0.0
1331,1779699478.7246413,decode,1333,383100,0.9403373039736677,407286,1333,4827.405740142496,8035,4,1333,405953,407286,407286,0.9997029997029997,0,8035,242,362,0,4,249,0,0,0.0
1334,1779699478.950797,decode,1337,336514,0.8259897350806442,407237,1333,4827.405740142496,7705,5,1337,405900,407237,407237,0.9995827268554541,5,7710,79,325,0,5,0,0,0,0.0
1335,1779699479.2465034,decode,1333,378130,0.9281382008654736,407366,1333,4827.405740142496,7714,4,1333,406033,407366,407366,0.9998993635357272,0,7714,229,321,0,4,236,0,0,0.0
1338,1779699479.4825957,decode,1337,323698,0.7945322490777036,407367,1332,4827.405740142496,7381,4,1337,406030,407367,407367,0.9999018180836363,4,7385,96,329,0,4,0,0,0,0.0
1339,1779699479.8350842,decode,1332,381254,0.9358062085334813,407194,1332,4827.405740142496,7390,5,1332,405862,407194,407194,0.9994771812953631,0,7390,270,324,0,5,279,0,0,0.0
1342,1779699480.0618472,decode,1337,329364,0.8084397175306266,407191,1333,4827.405740142496,7024,5,1337,405854,407191,407191,0.9994698176516358,5,7029,86,361,0,5,0,0,0,0.0
1343,1779699480.3864334,decode,1333,388516,0.9536311354493172,407320,1333,4827.405740142496,7033,4,1333,405987,407320,407320,0.9997864543319088,0,7033,252,357,0,4,260,0,0,0.0
1346,1779699480.5790489,decode,1337,330394,0.8109679018769927,407253,1333,4827.405740142496,6711,4,1337,405916,407253,407253,0.9996219996219996,4,6715,62,318,0,4,0,0,0,0.0
1347,1779699480.8966231,decode,1333,384698,0.9442596715323988,407382,1333,4827.405740142496,6719,4,1333,406049,407382,407382,0.9999386363022726,0,6719,249,314,0,4,256,0,0,0.0
1350,1779699481.1034749,decode,1337,326170,0.8005998915089824,407335,1332,4827.405740142496,6388,4,1337,405998,407335,407335,0.9998232725505453,4,6392,74,327,0,4,0,0,0,0.0
1351,1779699481.441054,decode,1332,382546,0.9389774844320299,407162,1332,4827.405740142496,6397,5,1332,405830,407162,407162,0.9993986357622722,0,6397,262,322,0,5,270,0,0,0.0
1354,1779699481.6528475,decode,1337,333152,0.8177375450102723,407283,1332,4827.405740142496,6045,4,1337,405946,407283,407283,0.9996956360592725,4,6049,81,348,0,4,0,0,0,0.0
1355,1779699481.957429,decode,1332,383236,0.9406711224893043,407110,1332,4827.405740142496,6054,5,1332,405778,407110,407110,0.9992709992709993,0,6054,239,343,0,5,247,0,0,0.0
1358,1779699482.1690493,decode,1337,328296,0.805818260363715,407373,1332,4959.798662330287,5727,4,1337,406036,407373,407373,0.9999165453710909,4,5731,79,323,0,4,0,0,0,0.0
1359,1779699482.4984167,decode,1332,380140,0.9330718421627513,407200,1332,4959.798662330287,5736,5,1332,405868,407200,407200,0.9994919085828177,0,5736,255,318,0,5,263,0,0,0.0
1362,1779699482.7177434,decode,1337,328490,0.806294442658079,407277,1333,4959.798662330287,5383,4,1337,405940,407277,407277,0.9996809087718178,4,5387,89,349,0,4,0,0,0,0.0
1363,1779699483.0447736,decode,1333,383982,0.942502215229488,407406,1333,4959.798662330287,5391,4,1333,406073,407406,407406,0.9999975454520909,0,5391,255,345,0,4,263,0,0,0.0
1366,1779699483.2522008,decode,1337,332480,0.8160880888153615,407219,1333,4959.798662330287,5050,5,1337,405882,407219,407219,0.9995385449930905,5,5055,77,336,0,5,0,0,0,0.0
1367,1779699483.5607827,decode,1333,384076,0.9427329427329427,407348,1333,4959.798662330287,5059,4,1333,406015,407348,407348,0.9998551816733635,0,5059,242,332,0,4,249,0,0,0.0
1370,1779699483.7653928,decode,1337,330424,0.8110415383142656,407313,1332,4959.798662330287,4733,4,1337,405976,407313,407313,0.9997692724965452,4,4737,76,322,0,4,0,0,0,0.0
1371,1779699484.085803,decode,1332,384424,0.9435871254053072,407140,1332,4959.798662330287,4742,5,1332,405808,407140,407140,0.999344635708272,0,4742,248,317,0,5,256,0,0,0.0
1374,1779699484.2969728,decode,1337,330776,0.8119055391782665,407361,1332,4959.798662330287,4410,4,1337,406024,407361,407361,0.9998870907961817,4,4414,75,328,0,4,0,0,0,0.0
1375,1779699484.6134744,decode,1332,385084,0.9452071270253088,407188,1332,4959.798662330287,4419,5,1332,405856,407188,407188,0.9994624540079086,0,4419,247,323,0,5,255,0,0,0.0
1378,1779699484.8171892,decode,1336,331776,0.8143600870873599,407120,1332,4959.798662330287,4090,5,1336,405784,407120,407120,0.9992955447500902,5,4095,73,324,0,5,0,0,0,0.0
1379,1779699485.1316442,decode,1332,383968,0.9424678515587607,407248,1332,4959.798662330287,4099,4,1332,405916,407248,407248,0.9996097268824542,0,4099,244,320,0,4,252,0,0,0.0
1382,1779699485.3422885,decode,1336,320670,0.787099878008969,407204,1332,4959.798662330287,3769,5,1336,405868,407204,407204,0.999501726774454,5,3774,77,325,0,5,0,0,0,0.0
1383,1779699485.6961696,decode,1332,380922,0.9349912986276623,407332,1332,4959.798662330287,3778,4,1332,406000,407332,407332,0.999815908906818,0,3778,280,321,0,4,289,0,0,0.0
1386,1779699485.9158895,decode,1337,326528,0.8014786196604379,407159,1333,4959.798662330287,3401,5,1337,405822,407159,407159,0.9993912721185448,5,3406,87,372,0,5,0,0,0,0.0
1387,1779699486.2516263,decode,1333,378348,0.9286732923096559,407288,1333,4959.798662330287,3410,4,1333,405955,407288,407288,0.9997079087988179,0,3410,261,368,0,4,269,0,0,0.0
1390,1779699486.464221,decode,1338,339378,0.8330195602922875,407286,1333,4959.798662330287,3045,4,1338,405948,407286,407286,0.9997029997029997,4,3049,95,361,0,4,0,0,0,0.0
1391,1779699486.7327363,decode,1333,379514,0.9315352951716588,407114,1333,4959.798662330287,3054,5,1333,405781,407114,407114,0.9992808174626356,0,3054,219,356,0,5,226,0,0,0.0
1394,1779699486.9459682,decode,1337,331936,0.8147528147528148,407251,1333,4959.798662330287,2736,4,1337,405914,407251,407251,0.9996170905261814,4,2740,91,314,0,4,0,0,0,0.0
1395,1779699487.2555606,decode,1333,383828,0.9421242148514876,407380,1333,4959.798662330287,2744,4,1333,406047,407380,407380,0.9999337272064545,0,2744,244,310,0,4,251,0,0,0.0
1398,1779699487.459467,decode,1337,332356,0.815783724874634,407365,1332,4959.798662330287,2415,4,1337,406028,407365,407365,0.9998969089878181,4,2419,77,325,0,4,0,0,0,0.0
1399,1779699487.7648964,decode,1332,382732,0.9394340303431212,407192,1332,4959.798662330287,2424,5,1332,405860,407192,407192,0.9994722721995449,0,2424,242,320,0,5,250,0,0,0.0
1402,1779699487.9714456,decode,1336,331702,0.8141784505420869,407168,1332,4959.798662330287,2092,5,1336,405832,407168,407168,0.9994133630497267,5,2097,81,327,0,5,0,0,0,0.0
1403,1779699488.2825084,decode,1332,380854,0.9348243893698439,407296,1332,4959.798662330287,2101,4,1332,405964,407296,407296,0.9997275451820906,0,2101,244,323,0,4,252,0,0,0.0
1406,1779699488.4947605,decode,1337,330160,0.810393537666265,407391,1332,4959.798662330287,1761,4,1337,406054,407391,407391,0.9999607272334545,4,1765,87,336,0,4,0,0,0,0.0
1407,1779699488.8072598,decode,1332,385980,0.9474064019518565,407218,1332,4959.798662330287,1770,5,1332,405886,407218,407218,0.9995360904451813,0,1770,249,331,0,5,257,0,0,0.0
1410,1779699489.0024533,decode,1336,321538,0.789230425594062,407116,1332,4959.798662330287,1442,5,1336,405780,407116,407116,0.9992857265584538,5,1447,70,323,0,5,0,0,0,0.0
1411,1779699489.3650017,decode,1332,382106,0.9378974833520288,407244,1332,4959.798662330287,1451,4,1332,405912,407244,407244,0.9995999086908178,0,1451,277,319,0,4,286,0,0,0.0
1414,1779699489.573874,decode,1337,332384,0.8158524522160886,407143,1333,4959.798662330287,1081,5,1337,405806,407143,407143,0.9993519993519994,5,1086,83,365,0,5,0,0,0,0.0
1415,1779699489.8884006,decode,1333,382760,0.9395027576845759,407272,1333,4959.798662330287,1090,4,1333,405939,407272,407272,0.9996686360322724,0,1090,242,361,0,4,250,0,0,0.0
1418,1779699490.0908697,decode,1337,334034,0.8199024562660926,407197,1333,4959.798662330287,758,5,1337,405860,407197,407197,0.9994845449390904,5,763,81,327,0,5,0,0,0,0.0
1419,1779699490.390065,decode,1333,381394,0.9361498452407543,407326,1333,4959.798662330287,767,4,1333,405993,407326,407326,0.9998011816193635,0,767,237,323,0,4,244,0,0,0.0
1422,1779699490.597639,decode,1337,327666,0.8042718951809861,407331,1332,4959.798662330287,437,4,1337,405994,407331,407331,0.9998134543589089,4,441,85,326,0,4,0,0,0,0.0
1423,1779699490.9294384,decode,1332,381934,0.9374753011116648,407158,1332,4959.798662330287,446,5,1332,405826,407158,407158,0.9993888175706358,0,446,257,321,0,5,265,0,0,0.0
1426,1779699491.1348474,decode,1337,329156,0.8079291715655352,407271,1333,4959.798662330287,97,4,1337,405934,407271,407271,0.9996661814843633,4,101,83,345,0,4,0,0,0,0.0
1427,1779699491.2622101,decode,1333,335424,0.8233142778597324,407400,1333,4959.798662330287,105,4,1333,406067,407400,407400,0.9999828181646363,0,105,253,341,0,4,105,0,0,0.0
1429,1779699491.3403814,decode,1102,268242,0.6584128402310221,336526,1102,4959.798662330287,0,0,1102,335424,336526,336526,0.8260191896555533,0,0,83,105,0,0,0,0,0,0.0
1430,1779699491.3689413,decode,1102,252040,0.6186442550078913,337628,878,4959.798662330287,0,0,1102,336526,337628,337628,0.8287241014513742,0,0,224,105,0,0,0,0,0,0.0
1431,1779699491.406785,decode,878,204316,0.5015034105943197,269120,822,4959.798662330287,0,0,878,268242,269120,269120,0.660567933295206,0,0,56,0,0,0,0,0,0,0.0
1432,1779699491.4380631,decode,822,204982,0.5031381395017759,252862,666,4959.798662330287,0,0,822,252040,252862,252862,0.6206618933891661,0,0,156,0,0,0,0,0,0,0.0
1433,1779699491.4749942,decode,666,148430,0.36432854614672794,204982,666,5510.452856877242,0,0,666,204316,204982,204982,0.5031381395017759,0,0,0,0,0,0,0,0,0,0.0
1434,1779699491.4824226,decode,666,148912,0.365511638238911,205648,482,5510.452856877242,0,0,666,204982,205648,205648,0.5047728684092321,0,0,184,0,0,0,0,0,0,0.0
1435,1779699491.5208461,decode,482,52490,0.12883921974831067,148912,482,5510.452856877242,0,0,482,148430,148912,148912,0.365511638238911,0,0,0,0,0,0,0,0,0,0.0
1436,1779699491.525868,decode,482,52660,0.12925649289285654,149394,170,5510.452856877242,0,0,482,148912,149394,149394,0.36669473033109395,0,0,312,0,0,0,0,0,0,0.0
1437,1779699491.5476413,decode,170,0,0.0,52660,170,5510.452856877242,0,0,170,52490,52660,52660,0.12925649289285654,0,0,0,0,0,0,0,0,0,0.0
1437,1779699491.5482898,decode,170,0,0.0,52830,170,5510.452856877242,0,0,170,52660,52830,52830,0.1296737660374024,0,0,170,0,0,0,0,0,0,0.0
