batch_id,timestamp,forward_mode,batch_size,num_tokens,token_usage,batch_num_tokens,gpu_num_reqs,gen_throughput,num_queue_reqs,num_retracted_reqs,num_new_seqs,num_new_tokens,num_cached_tokens,cache_hit_rate
3,1769714114.163378,decode,1,6,2.5548222269533746e-06,5,1,0.0,0,0,0,0,0,0.0
4,1769714114.166625,decode,1,7,2.9806259314456037e-06,6,1,0.0,0,0,0,0,0,0.0
5,1769714114.1702917,decode,1,8,3.4064296359378325e-06,7,1,0.0,0,0,0,0,0,0.0
6,1769714114.1739767,decode,1,9,3.832233340430062e-06,8,1,0.0,0,0,0,0,0,0.0
7,1769714114.177662,decode,1,10,4.258037044922291e-06,9,1,0.0,0,0,0,0,0,0.0
8,1769714114.1813488,decode,1,11,4.6838407494145196e-06,10,1,0.0,0,0,0,0,0,0.0
9,1769714114.1854146,decode,1,0,0.0,11,1,0.0,0,0,0,0,0,0.0
9,1769714114.1887176,decode,1,0,0.0,12,1,0.0,0,0,0,0,0,0.0
12,1769714140.7169619,decode,1,40001,0.017032573983393657,5001,1,0.0,7,0,0,0,0,0.0
14,1769714140.9188714,decode,8,110009,0.04684223972748563,40009,8,0.0,14,0,0,0,0,0.0
17,1769714140.930264,decode,23,115055,0.048990845220353414,115032,23,0.0,0,0,0,0,0,0.0
18,1769714140.9362268,decode,23,120055,0.05111986374281456,115055,23,0.0,1,0,0,0,0,0.0
20,1769714140.9443507,decode,24,120103,0.05114030232063019,120079,24,0.0,0,0,0,0,0,0.0
21,1769714140.9503903,decode,24,125103,0.053269320843091335,120103,24,0.0,1,0,0,0,0,0.0
23,1769714140.959151,decode,25,125153,0.05329061102831595,125128,25,0.0,0,0,0,0,0,0.0
24,1769714140.9653423,decode,25,130153,0.05541962955077709,125153,25,0.0,1,0,0,0,0,0.0
26,1769714140.9737902,decode,26,130205,0.05544177134341069,130179,26,0.0,0,0,0,0,0,0.0
27,1769714140.9801767,decode,26,135205,0.05757078986587183,130205,26,0.0,1,0,0,0,0,0.0
29,1769714140.9887,decode,27,135259,0.05759378326591441,135232,27,0.0,0,0,0,0,0,0.0
30,1769714140.9950984,decode,27,140259,0.05972280178837556,135259,27,0.0,1,0,0,0,0,0.0
32,1769714141.0037,decode,28,140315,0.05974664679582713,140287,28,0.0,0,0,0,0,0,0.0
33,1769714141.0102174,decode,28,145315,0.06187566531828827,140315,28,0.0,1,0,0,0,0,0.0
35,1769714141.0188973,decode,29,145373,0.061900361933148816,145344,29,0.0,0,0,0,0,0,0.0
36,1769714141.025525,decode,29,150373,0.06402938045560996,145373,29,0.0,1,0,0,0,0,0.0
38,1769714141.034191,decode,30,155403,0.06617117308920588,150403,30,0.0,1,0,0,0,0,0.0
40,1769714141.042937,decode,31,155465,0.0661975729188844,155434,31,0.0,0,0,0,0,0,0.0
41,1769714141.049685,decode,31,160465,0.06832659144134554,155465,31,0.0,1,0,0,0,0,0.0
43,1769714141.0584617,decode,32,160529,0.06835384287843305,160497,32,0.0,0,0,0,0,0,0.0
44,1769714141.06532,decode,32,165529,0.07048286140089419,160529,32,0.0,1,0,0,0,0,0.0
46,1769714141.0747037,decode,33,165595,0.07051096444539068,165562,33,0.0,0,0,0,0,0,0.0
47,1769714141.0816255,decode,33,170595,0.07263998296785182,165595,33,0.0,1,0,0,0,0,0.0
49,1769714141.0906165,decode,34,175629,0.07478347881626571,170629,34,0.0,1,0,0,0,0,0.0
51,1769714141.0997303,decode,35,175699,0.07481328507558016,175664,35,0.0,0,0,0,0,0,0.0
52,1769714141.106912,decode,35,180699,0.0769423035980413,175699,35,0.0,1,0,0,0,0,0.0
54,1769714141.11636,decode,36,180771,0.07697296146476475,180735,36,0.0,0,0,0,0,0,0.0
55,1769714141.1236184,decode,36,185771,0.07910197998722589,180771,36,0.0,1,0,0,0,0,0.0
57,1769714141.132964,decode,37,190808,0.08124675324675325,185808,37,0.0,1,0,0,0,0,0.0
59,1769714141.1424153,decode,38,190884,0.08127911432829465,190846,38,0.0,0,0,0,0,0,0.0
60,1769714141.1498253,decode,38,195884,0.0834081328507558,190884,38,0.0,1,0,0,0,0,0.0
62,1769714141.1594865,decode,39,200923,0.08555375771769215,195923,39,22.023790677501037,1,0,0,0,0,0.0
64,1769714141.1690722,decode,40,201003,0.08558782201405152,200963,40,22.023790677501037,0,0,0,0,0,0.0
65,1769714141.1766384,decode,40,206003,0.08771684053651267,201003,40,22.023790677501037,1,0,0,0,0,0.0
67,1769714141.1869273,decode,41,206085,0.08775175644028103,206044,41,22.023790677501037,0,0,0,0,0,0.0
68,1769714141.1946156,decode,41,211085,0.08988077496274217,206085,41,22.023790677501037,1,0,0,0,0,0.0
71,1769714141.2069888,decode,43,216171,0.09204641260378965,216128,43,22.023790677501037,0,0,0,0,0,0.0
72,1769714141.214917,decode,43,216214,0.09206472216308281,216171,43,22.023790677501037,0,0,0,0,0,0.0
73,1769714141.2227297,decode,43,221214,0.09419374068554397,216214,43,22.023790677501037,1,0,0,0,0,0.0
76,1769714141.235357,decode,45,226304,0.0963610815414094,226259,45,22.023790677501037,0,0,0,0,0,0.0
77,1769714141.2433915,decode,45,226349,0.09638024270811156,226304,45,22.023790677501037,0,0,0,0,0,0.0
78,1769714141.2514422,decode,45,231349,0.0985092612305727,226349,45,22.023790677501037,1,0,0,0,0,0.0
81,1769714141.266759,decode,47,236443,0.10067830530125613,236396,47,22.023790677501037,0,0,0,0,0,0.0
82,1769714141.2749505,decode,47,241443,0.10280732382371727,236443,47,22.023790677501037,1,0,0,0,0,0.0
84,1769714141.2854319,decode,48,241539,0.10284820097934852,241491,48,22.023790677501037,0,0,0,0,0,0.0
85,1769714141.293705,decode,48,246539,0.10497721950180966,241539,48,22.023790677501037,1,0,0,0,0,0.0
87,1769714141.3047776,decode,49,251588,0.10712710240579093,246588,49,22.023790677501037,1,0,0,0,0,0.0
89,1769714141.315405,decode,50,251688,0.10716968277624016,251638,50,22.023790677501037,0,0,0,0,0,0.0
90,1769714141.323913,decode,50,256688,0.1092987012987013,251688,50,22.023790677501037,1,0,0,0,0,0.0
93,1769714141.3372028,decode,52,261792,0.11147200340642964,261740,52,22.023790677501037,0,0,0,0,0,0.0
94,1769714141.3459144,decode,52,261844,0.11149414519906323,261792,52,22.023790677501037,0,0,0,0,0,0.0
95,1769714141.3544033,decode,52,266844,0.11362316372152438,261844,52,22.023790677501037,1,0,0,0,0,0.0
98,1769714141.368375,decode,54,271952,0.11579816904407068,271898,54,22.023790677501037,0,0,0,0,0,0.0
99,1769714141.3776891,decode,54,276952,0.11792718756653182,271952,54,22.023790677501037,1,0,0,0,0,0.0
101,1769714141.389378,decode,55,282007,0.12007962529274005,277007,55,22.023790677501037,1,0,0,0,0,0.0
103,1769714141.401251,decode,56,282119,0.12012731530764317,282063,56,22.023790677501037,0,0,0,0,0,0.0
104,1769714141.4107342,decode,56,287119,0.12225633383010433,282119,56,22.023790677501037,1,0,0,0,0,0.0
106,1769714141.4231489,decode,57,292176,0.12440962316372152,287176,57,22.023790677501037,1,0,0,0,0,0.0
108,1769714141.4351196,decode,58,297234,0.12656333830104322,292234,58,22.023790677501037,1,0,0,0,0,0.0
110,1769714141.4471893,decode,59,297352,0.1266135831381733,297293,59,22.023790677501037,0,0,0,0,0,0.0
111,1769714141.4569533,decode,59,302352,0.12874260166063445,297352,59,22.023790677501037,1,0,0,0,0,0.0
114,1769714141.4715648,decode,61,307474,0.13092356823504364,307413,61,22.023790677501037,0,0,0,0,0,0.0
115,1769714141.4814801,decode,61,312474,0.13305258675750478,307474,61,22.023790677501037,1,0,0,0,0,0.0
118,1769714141.4962642,decode,63,317600,0.13523525654673196,317537,63,22.023790677501037,0,0,0,0,0,0.0
119,1769714141.5063312,decode,63,322600,0.1373642750691931,317600,63,22.023790677501037,1,0,0,0,0,0.0
121,1769714141.5189002,decode,64,322728,0.1374187779433681,322664,64,22.023790677501037,0,0,0,0,0,0.0
122,1769714141.5289984,decode,64,327728,0.13954779646582927,322728,64,22.023790677501037,1,0,0,0,0,0.0
125,1769714141.5450275,decode,66,332860,0.14173302107728336,332794,66,22.023790677501037,0,0,0,0,0,0.0
126,1769714141.5555947,decode,66,337860,0.14386203959974453,332860,66,22.023790677501037,1,0,0,0,0,0.0
129,1769714141.571236,decode,68,342996,0.1460489674260166,342928,68,22.023790677501037,0,0,0,0,0,0.0
130,1769714141.5819302,decode,68,347996,0.14817798594847775,342996,68,22.023790677501037,1,0,0,0,0,0.0
133,1769714141.5976708,decode,70,353136,0.1503666169895678,353066,70,4891.128960546744,0,0,0,0,0,0.0
134,1769714141.6084101,decode,70,358136,0.15249563551202897,353136,70,4891.128960546744,1,0,0,0,0,0.0
137,1769714141.624106,decode,72,363280,0.15468596976793697,363208,72,4891.128960546744,0,0,0,0,0,0.0
138,1769714141.635124,decode,72,368280,0.15681498829039814,363280,72,4891.128960546744,1,0,0,0,0,0.0
141,1769714141.6518996,decode,74,373428,0.15900702576112413,373354,74,4891.128960546744,0,0,0,0,0,0.0
142,1769714141.6631672,decode,74,378428,0.16113604428358527,373428,74,4891.128960546744,1,0,0,0,0,0.0
144,1769714141.6772363,decode,75,383503,0.16329699808388334,378503,75,4891.128960546744,1,0,0,0,0,0.0
146,1769714141.6913466,decode,76,383655,0.16336172024696616,383579,76,4891.128960546744,0,0,0,0,0,0.0
147,1769714141.7027385,decode,76,388655,0.1654907387694273,383655,76,4891.128960546744,1,0,0,0,0,0.0
150,1769714141.721696,decode,78,393811,0.16768618266978924,393733,78,4891.128960546744,0,0,0,0,0,0.0
151,1769714141.7331486,decode,78,398811,0.16981520119225038,393811,78,4891.128960546744,1,0,0,0,0,0.0
154,1769714141.7500389,decode,80,403971,0.17201234830743029,403891,80,4891.128960546744,0,0,0,0,0,0.0
155,1769714141.7617228,decode,80,408971,0.17414136682989143,403971,80,4891.128960546744,1,0,0,0,0,0.0
158,1769714141.7792778,decode,82,414135,0.1763402171598893,414053,82,4891.128960546744,0,0,0,0,0,0.0
159,1769714141.7910624,decode,82,419135,0.17846923568235043,414135,82,4891.128960546744,1,0,0,0,0,0.0
162,1769714141.8082836,decode,84,424303,0.18066978922716628,424219,84,4891.128960546744,0,0,0,0,0,0.0
163,1769714141.8202896,decode,84,429303,0.18279880774962742,424303,84,4891.128960546744,1,0,0,0,0,0.0
166,1769714141.8370082,decode,86,434475,0.18500106450926124,434389,86,4891.128960546744,0,0,0,0,0,0.0
167,1769714141.8491592,decode,86,439475,0.18713008303172238,434475,86,4891.128960546744,1,0,0,0,0,0.0
171,1769714141.8689852,decode,89,449653,0.19146391313604427,449564,89,4891.128960546744,0,0,0,0,0,0.0
172,1769714141.8813787,decode,89,454653,0.19359293165850544,449653,89,4891.128960546744,1,0,0,0,0,0.0
175,1769714141.898528,decode,91,459835,0.19579944645518416,459744,91,4891.128960546744,0,0,0,0,0,0.0
176,1769714141.9110734,decode,91,464835,0.1979284649776453,459835,91,4891.128960546744,1,0,0,0,0,0.0
179,1769714141.9286702,decode,93,474928,0.2022261017670854,469928,93,4891.128960546744,1,0,0,0,0,0.0
181,1769714141.944153,decode,94,480022,0.2043951458377688,475022,94,4891.128960546744,1,0,0,0,0,0.0
184,1769714141.9618232,decode,96,485214,0.20660591867149244,485118,96,4891.128960546744,0,0,0,0,0,0.0
185,1769714141.9747992,decode,96,490214,0.20873493719395358,485214,96,4891.128960546744,1,0,0,0,0,0.0
188,1769714141.9930813,decode,98,495410,0.21094741324249522,495312,98,4891.128960546744,0,0,0,0,0,0.0
189,1769714142.006258,decode,98,500410,0.21307643176495636,495410,98,4891.128960546744,1,0,0,0,0,0.0
192,1769714142.025689,decode,101,510612,0.21742048115818607,510511,101,4891.128960546744,0,0,0,0,0,0.0
193,1769714142.0388846,decode,101,515612,0.21954949968064721,510612,101,4891.128960546744,1,0,0,0,0,0.0
196,1769714142.0572233,decode,103,520818,0.22176623376623378,520715,103,4891.128960546744,0,0,0,0,0,0.0
197,1769714142.0707605,decode,103,530818,0.22602427081115606,520818,103,4891.128960546744,2,0,0,0,0,0.0
200,1769714142.0902722,decode,106,536030,0.22824355971896956,535924,106,4891.128960546744,0,0,0,0,0,0.0
201,1769714142.1041553,decode,106,541030,0.2303725782414307,536030,106,4891.128960546744,1,0,0,0,0,0.0
204,1769714142.123018,decode,108,551138,0.23467660208643815,546138,108,4891.128960546744,1,0,0,0,0,0.0
207,1769714142.1439211,decode,110,556358,0.2368992974238876,556248,110,4891.128960546744,0,0,0,0,0,0.0
208,1769714142.1598568,decode,110,561358,0.23902831594634874,556358,110,4891.128960546744,1,0,0,0,0,0.0
211,1769714142.1826963,decode,113,571584,0.24338258462848628,571471,113,4891.128960546744,0,0,0,0,0,0.0
212,1769714142.1990192,decode,113,581584,0.24764062167340856,571584,113,4891.128960546744,2,0,0,0,0,0.0
215,1769714142.223141,decode,116,591700,0.2519480519480519,586700,116,5809.603154727759,1,0,0,0,0,0.0
218,1769714142.2449355,decode,118,596936,0.2541775601447733,596818,118,5809.603154727759,0,0,0,0,0,0.0
219,1769714142.2617128,decode,118,606936,0.25843559718969555,596936,118,5809.603154727759,2,0,0,0,0,0.0
222,1769714142.2839713,decode,121,612178,0.2606676602086438,612057,121,5809.603154727759,0,0,0,0,0,0.0
223,1769714142.3009877,decode,121,622178,0.26492569725356613,612178,121,5809.603154727759,2,0,0,0,0,0.0
226,1769714142.3229842,decode,124,632302,0.2692365339578454,627302,124,5809.603154727759,1,0,0,0,0,0.0
229,1769714142.3451445,decode,126,637554,0.2714728550138386,637428,126,5809.603154727759,0,0,0,0,0,0.0
230,1769714142.3621824,decode,126,647554,0.2757308920587609,637554,126,5809.603154727759,2,0,0,0,0,0.0
233,1769714142.3866014,decode,129,657683,0.2800438577815627,652683,129,5809.603154727759,1,0,0,0,0,0.0
236,1769714142.4109488,decode,131,662945,0.2822844368746008,662814,131,5809.603154727759,0,0,0,0,0,0.0
237,1769714142.429794,decode,131,667945,0.284413455397062,662945,131,5809.603154727759,1,0,0,0,0,0.0
240,1769714142.4550788,decode,134,678213,0.2887856078347882,678079,134,5809.603154727759,0,0,0,0,0,0.0
241,1769714142.4740498,decode,134,688213,0.29304364487971046,678213,134,5809.603154727759,2,0,0,0,0,0.0
244,1769714142.4999666,decode,138,698489,0.2974192037470726,698351,138,5809.603154727759,0,0,0,0,0,0.0
245,1769714142.5191743,decode,138,708489,0.30167724079199487,698489,138,5809.603154727759,2,0,0,0,0,0.0
248,1769714142.5436025,decode,141,718630,0.3059953161592506,713630,141,5809.603154727759,1,0,0,0,0,0.0
251,1769714142.5682096,decode,143,728773,0.31031424313391526,723773,143,5809.603154727759,1,0,0,0,0,0.0
254,1769714142.5936072,decode,145,738918,0.3146340217159889,733918,145,5809.603154727759,1,0,0,0,0,0.0
257,1769714142.618551,decode,147,749065,0.31895465190547156,744065,147,5809.603154727759,1,0,0,0,0,0.0
260,1769714142.6441383,decode,149,759214,0.3232761337023632,754214,149,5809.603154727759,1,0,0,0,0,0.0
263,1769714142.669655,decode,151,769365,0.32759846710666385,764365,151,5809.603154727759,1,0,0,0,0,0.0
266,1769714142.6980283,decode,153,779518,0.33192165211837343,774518,153,5809.603154727759,1,0,0,0,0,0.0
270,1769714142.7263126,decode,156,789830,0.3363125399190973,789674,156,5809.603154727759,0,0,0,0,0,0.0
271,1769714142.7469165,decode,156,799830,0.3405705769640196,789830,156,5809.603154727759,2,0,0,0,0,0.0
275,1769714142.7753267,decode,160,810150,0.3449648711943794,809990,160,5809.603154727759,0,0,0,0,0,0.0
276,1769714142.7962174,decode,160,820150,0.3492229082393017,810150,160,5809.603154727759,2,0,0,0,0,0.0
279,1769714142.8229713,decode,163,830313,0.35355035128805623,825313,163,5809.603154727759,1,0,0,0,0,0.0
283,1769714142.8519187,decode,166,840645,0.3579497551628699,840479,166,5809.603154727759,0,0,0,0,0,0.0
284,1769714142.8729126,decode,166,850645,0.3622077922077922,840645,166,5809.603154727759,2,0,0,0,0,0.0
287,1769714142.900185,decode,169,860814,0.3665377900787737,855814,169,5809.603154727759,1,0,0,0,0,0.0
291,1769714142.9295332,decode,172,871158,0.3709423035980413,870986,172,5809.603154727759,0,0,0,0,0,0.0
292,1769714142.9511263,decode,172,881158,0.3752003406429636,871158,172,5809.603154727759,2,0,0,0,0,0.0
296,1769714142.980571,decode,176,891510,0.37960826059186714,891334,176,5809.603154727759,0,0,0,0,0,0.0
297,1769714143.0025651,decode,176,901510,0.3838662976367894,891510,176,5809.603154727759,2,0,0,0,0,0.0
300,1769714143.0319076,decode,180,911870,0.38827762401532895,911690,180,5809.603154727759,0,0,0,0,0,0.0
301,1769714143.054144,decode,180,921870,0.39253566106025123,911870,180,5809.603154727759,2,0,0,0,0,0.0
304,1769714143.0832028,decode,184,932238,0.3969503938684267,932054,184,5809.603154727759,0,0,0,0,0,0.0
305,1769714143.105774,decode,184,942238,0.40120843091334896,932238,184,5809.603154727759,2,0,0,0,0,0.0
308,1769714143.1344855,decode,187,952425,0.40554609325101126,947425,187,5809.603154727759,1,0,0,0,0,0.0
312,1769714143.1653402,decode,190,962805,0.40996593570364065,962615,190,5809.603154727759,0,0,0,0,0,0.0
313,1769714143.1883056,decode,190,972805,0.41422397274856293,962805,190,6325.4364495620675,2,0,0,0,0,0.0
316,1769714143.2217183,decode,194,987999,0.42069363423461786,982999,194,6325.4364495620675,1,0,0,0,0,0.0
320,1769714143.253604,decode,197,998393,0.42511943793911006,998196,197,6325.4364495620675,0,0,0,0,0,0.0
321,1769714143.2772396,decode,197,1008393,0.42937747498403234,998393,197,6325.4364495620675,2,0,0,0,0,0.0
324,1769714143.3068085,decode,200,1018593,0.4337206727698531,1013593,200,6325.4364495620675,1,0,0,0,0,0.0
327,1769714143.3381703,decode,203,1028999,0.43815158611879923,1028796,203,6325.4364495620675,0,0,0,0,0,0.0
328,1769714143.362275,decode,203,1038999,0.4424096231637215,1028999,203,6325.4364495620675,2,0,0,0,0,0.0
331,1769714143.3933663,decode,207,1049413,0.4468439429423036,1049206,207,6325.4364495620675,0,0,0,0,0,0.0
332,1769714143.4178808,decode,207,1059413,0.4511019799872259,1049413,207,6325.4364495620675,2,0,0,0,0,0.0
336,1769714143.4523692,decode,212,1074837,0.457669576325314,1074625,212,6325.4364495620675,0,0,0,0,0,0.0
337,1769714143.4773896,decode,212,1084837,0.4619276133702363,1074837,212,6325.4364495620675,2,0,0,0,0,0.0
340,1769714143.5096447,decode,216,1100053,0.4684066425377901,1095053,216,6325.4364495620675,1,0,0,0,0,0.0
343,1769714143.5442543,decode,219,1110491,0.47285118160527995,1110272,219,6325.4364495620675,0,0,0,0,0,0.0
344,1769714143.5714548,decode,219,1120491,0.4771092186502023,1110491,219,6325.4364495620675,2,0,0,0,0,0.0
347,1769714143.6069884,decode,224,1135939,0.4836870342771982,1135715,224,6325.4364495620675,0,0,0,0,0,0.0
348,1769714143.634306,decode,224,1150939,0.4900740898445817,1135939,224,6325.4364495620675,3,0,0,0,0,0.0
351,1769714143.6694922,decode,229,1161397,0.4945271449861614,1161168,229,6325.4364495620675,0,0,0,0,0,0.0
352,1769714143.697448,decode,229,1176397,0.5009142005535449,1161397,229,6325.4364495620675,3,0,0,0,0,0.0
355,1769714143.7358303,decode,234,1191631,0.5074008941877794,1186631,234,6325.4364495620675,1,0,0,0,0,0.0
358,1769714143.7716377,decode,237,1202105,0.5118607621886311,1201868,237,6325.4364495620675,0,0,0,0,0,0.0
359,1769714143.8001409,decode,237,1217105,0.5182478177560145,1202105,237,6325.4364495620675,3,0,0,0,0,0.0
362,1769714143.8363945,decode,242,1232347,0.524737917819885,1227347,242,6325.4364495620675,1,0,0,0,0,0.0
365,1769714143.8724718,decode,245,1242837,0.5292045986800085,1242592,245,6325.4364495620675,0,0,0,0,0,0.0
366,1769714143.9014935,decode,245,1257837,0.535591654247392,1242837,245,6325.4364495620675,3,0,0,0,0,0.0
370,1769714143.9407468,decode,251,1273339,0.5421924632744305,1273088,251,6325.4364495620675,0,0,0,0,0,0.0
371,1769714143.9702818,decode,251,1288339,0.5485795188418139,1273339,251,6325.4364495620675,3,0,0,0,0,0.0
374,1769714144.0072873,decode,256,1303595,0.5550755801575473,1298595,256,6325.4364495620675,1,0,0,0,0,0.0
377,1769714144.0513918,decode,259,1323854,0.5637019374068555,1313854,259,6325.4364495620675,2,0,0,0,0,0.0
381,1769714144.092762,decode,263,1339117,0.5702009793485203,1334117,263,6325.4364495620675,1,0,0,0,0,0.0
384,1769714144.1331007,decode,266,1354383,0.5767012987012987,1349383,266,6325.4364495620675,1,0,0,0,0,0.0
387,1769714144.173782,decode,269,1374652,0.5853319139876517,1364652,269,6325.4364495620675,2,0,0,0,0,0.0
390,1769714144.2136948,decode,272,1389924,0.591834788162657,1379924,272,6325.4364495620675,2,0,0,0,0,0.0
393,1769714144.253533,decode,275,1405199,0.5983389397487758,1395199,275,6325.4364495620675,2,0,0,0,0,0.0
397,1769714144.2961092,decode,279,1420478,0.6048447945497126,1415478,279,6325.4364495620675,1,0,0,0,0,0.0
400,1769714144.339373,decode,282,1440760,0.6134809452842239,1430760,282,6325.4364495620675,2,0,0,0,0,0.0
403,1769714144.3801348,decode,285,1456045,0.6199893549073877,1446045,285,6325.4364495620675,2,0,0,0,0,0.0
406,1769714144.4223404,decode,289,1471334,0.6264994677453694,1466334,289,6325.4364495620675,1,0,0,0,0,0.0
409,1769714144.4649973,decode,292,1491626,0.6351398765169257,1481626,292,6325.4364495620675,2,0,0,0,0,0.0
413,1769714144.5091066,decode,296,1506922,0.6416529699808389,1501922,296,6325.4364495620675,1,0,0,0,0,0.0
416,1769714144.5523076,decode,299,1527221,0.6502963593783266,1517221,299,6325.4364495620675,2,0,0,0,0,0.0
419,1769714144.5959752,decode,303,1542524,0.6568124334681712,1537524,303,6904.320460991874,1,0,0,0,0,0.0
422,1769714144.6415257,decode,306,1562830,0.6654588034915904,1552830,306,6904.320460991874,2,0,0,0,0,0.0
426,1769714144.6873877,decode,310,1578140,0.6719778582073664,1573140,310,6904.320460991874,1,0,0,0,0,0.0
429,1769714144.731881,decode,313,1598453,0.680627208856717,1588453,313,6904.320460991874,2,0,0,0,0,0.0
432,1769714144.7768736,decode,317,1618770,0.6892782627208857,1608770,317,6904.320460991874,2,0,0,0,0,0.0
436,1769714144.8236613,decode,321,1634091,0.6958020012774111,1629091,321,6904.320460991874,1,0,0,0,0,0.0
440,1769714144.8917687,decode,325,1669416,0.7108435171385991,1649416,325,6904.320460991874,4,0,0,0,0,0.0
443,1769714144.9431787,decode,330,1684746,0.7173710879284649,1674746,330,6904.320460991874,2,0,0,0,0,0.0
446,1769714144.9933808,decode,334,1705080,0.7260293804556099,1695080,334,6904.320460991874,2,0,0,0,0,0.0
449,1769714145.044217,decode,338,1725418,0.7346893761975729,1715418,338,6904.320460991874,2,0,0,0,0,0.0
452,1769714145.0951173,decode,342,1745760,0.7433510751543538,1735760,342,6904.320460991874,2,0,0,0,0,0.0
455,1769714145.1465871,decode,346,1766106,0.7520144773259527,1756106,346,6904.320460991874,2,0,0,0,0,0.0
458,1769714145.1963239,decode,350,1786456,0.7606795827123696,1776456,350,6904.320460991874,2,0,0,0,0,0.0
461,1769714145.247559,decode,354,1806810,0.7693463913136044,1796810,354,6904.320460991874,2,0,0,0,0,0.0
464,1769714145.297704,decode,358,1827168,0.7780149031296573,1817168,358,6904.320460991874,2,0,0,0,0,0.0
467,1769714145.3483958,decode,362,1847530,0.786685118160528,1837530,362,6904.320460991874,2,0,0,0,0,0.0
471,1769714145.4022233,decode,367,1867897,0.7953574622099212,1862897,367,6904.320460991874,1,0,0,0,0,0.0
474,1769714145.455477,decode,371,1888268,0.8040315094741324,1883268,371,6904.320460991874,1,0,0,0,0,0.0
477,1769714145.5350962,decode,375,1918643,0.8169652969980838,1903643,375,6904.320460991874,3,0,0,0,0,0.0
480,1769714145.5879521,decode,380,1939023,0.8256431764956356,1929023,380,6904.320460991874,2,0,0,0,0,0.0
483,1769714145.6412222,decode,384,1954407,0.832193740685544,1949407,384,6904.320460991874,1,0,0,0,0,0.0
486,1769714145.6973903,decode,388,1979795,0.8430040451351927,1969795,388,6904.320460991874,2,0,0,0,0,0.0
489,1769714145.7530878,decode,392,2000187,0.8516870342771982,1990187,392,6904.320460991874,2,0,0,0,0,0.0
493,1769714145.813093,decode,397,2020584,0.8603721524377262,2015584,397,6904.320460991874,1,0,0,0,0,0.0
496,1769714145.8705392,decode,401,2045985,0.8711879923355333,2035985,401,6904.320460991874,2,0,0,0,0,0.0
500,1769714145.9296784,decode,406,2066391,0.8798769427294018,2061391,406,6904.320460991874,1,0,0,0,0,0.0
503,1769714145.9880815,decode,410,2091801,0.8906966148605493,2081801,410,6904.320460991874,2,0,0,0,0,0.0
507,1769714146.0494878,decode,415,2112216,0.8993893974877581,2107216,415,6904.320460991874,1,0,0,0,0,0.0
510,1769714146.1085496,decode,419,2132635,0.908083883329785,2127635,419,6904.320460991874,2,0,0,0,0,0.0
512,1769714146.1791983,decode,420,2133475,0.9084415584415585,2133055,420,6904.320460991874,2,0,0,0,0,0.0
513,1769714146.2291262,decode,420,2133895,0.9086203959974452,2133475,420,6904.320460991874,2,0,0,0,0,0.0
514,1769714146.278187,decode,420,2134315,0.9087992335533319,2133895,420,6904.320460991874,2,0,0,0,0,0.0
515,1769714146.3274946,decode,420,2134735,0.9089780711092187,2134315,420,6904.320460991874,2,0,0,0,0,0.0
516,1769714146.3767803,decode,420,2135155,0.9091569086651053,2134735,420,6904.320460991874,2,0,0,0,0,0.0
517,1769714146.425962,decode,420,2135575,0.9093357462209921,2135155,420,6904.320460991874,2,0,0,0,0,0.0
518,1769714146.4749365,decode,420,2135995,0.9095145837768789,2135575,420,6904.320460991874,2,0,0,0,0,0.0
519,1769714146.5240347,decode,420,2136415,0.9096934213327657,2135995,420,6904.320460991874,6,0,0,0,0,0.0
520,1769714146.5744047,decode,420,2136835,0.9098722588886523,2136415,420,6904.320460991874,10,0,0,0,0,0.0
521,1769714146.6235971,decode,420,2137255,0.9100510964445391,2136835,420,6904.320460991874,14,0,0,0,0,0.0
522,1769714146.6729996,decode,420,2137675,0.9102299340004258,2137255,420,6904.320460991874,18,0,0,0,0,0.0
523,1769714146.7222157,decode,420,2138095,0.9104087715563125,2137675,420,7125.79979944042,22,0,0,0,0,0.0
524,1769714146.7722092,decode,420,2138515,0.9105876091121993,2138095,420,7125.79979944042,24,0,0,0,0,0.0
525,1769714146.8215518,decode,420,2138935,0.910766446668086,2138515,420,7125.79979944042,28,0,0,0,0,0.0
526,1769714146.870775,decode,420,2139355,0.9109452842239727,2138935,420,7125.79979944042,32,0,0,0,0,0.0
527,1769714146.9202516,decode,420,2139775,0.9111241217798595,2139355,420,7125.79979944042,36,0,0,0,0,0.0
528,1769714146.9702291,decode,420,2140195,0.9113029593357462,2139775,420,7125.79979944042,40,0,0,0,0,0.0
529,1769714147.0194302,decode,420,2140615,0.911481796891633,2140195,420,7125.79979944042,44,0,0,0,0,0.0
530,1769714147.0688229,decode,420,2141035,0.9116606344475197,2140615,420,7125.79979944042,48,0,0,0,0,0.0
531,1769714147.1183481,decode,420,2141455,0.9118394720034064,2141035,420,7125.79979944042,52,0,0,0,0,0.0
532,1769714147.1682842,decode,420,2141875,0.9120183095592932,2141455,420,7125.79979944042,56,0,0,0,0,0.0
533,1769714147.217488,decode,420,2142295,0.9121971471151799,2141875,420,7125.79979944042,60,0,0,0,0,0.0
534,1769714147.266702,decode,420,2142715,0.9123759846710666,2142295,420,7125.79979944042,64,0,0,0,0,0.0
535,1769714147.3163102,decode,420,2143135,0.9125548222269534,2142715,420,7125.79979944042,68,0,0,0,0,0.0
536,1769714147.3664823,decode,420,2143555,0.9127336597828402,2143135,420,7125.79979944042,72,0,0,0,0,0.0
537,1769714147.4158876,decode,420,2143975,0.9129124973387268,2143555,420,7125.79979944042,75,0,0,0,0,0.0
538,1769714147.4651108,decode,420,2144395,0.9130913348946136,2143975,420,7125.79979944042,79,0,0,0,0,0.0
539,1769714147.514139,decode,420,2144815,0.9132701724505004,2144395,420,7125.79979944042,80,0,0,0,0,0.0
540,1769714147.563018,decode,420,2145235,0.913449010006387,2144815,420,7125.79979944042,80,0,0,0,0,0.0
541,1769714147.6118898,decode,420,2145655,0.9136278475622738,2145235,420,7125.79979944042,80,0,0,0,0,0.0
542,1769714147.6613503,decode,420,2146075,0.9138066851181605,2145655,420,7125.79979944042,80,0,0,0,0,0.0
543,1769714147.711448,decode,420,2146495,0.9139855226740473,2146075,420,7125.79979944042,80,0,0,0,0,0.0
544,1769714147.760648,decode,420,2146915,0.914164360229934,2146495,420,7125.79979944042,80,0,0,0,0,0.0
545,1769714147.8095129,decode,420,2147335,0.9143431977858207,2146915,420,7125.79979944042,80,0,0,0,0,0.0
546,1769714147.858547,decode,420,2147755,0.9145220353417075,2147335,420,7125.79979944042,80,0,0,0,0,0.0
547,1769714147.9076188,decode,420,2148175,0.9147008728975942,2147755,420,7125.79979944042,80,0,0,0,0,0.0
548,1769714147.9569585,decode,420,2148595,0.9148797104534809,2148175,420,7125.79979944042,80,0,0,0,0,0.0
549,1769714148.006288,decode,420,2149015,0.9150585480093677,2148595,420,7125.79979944042,80,0,0,0,0,0.0
550,1769714148.0553203,decode,420,2149435,0.9152373855652545,2149015,420,7125.79979944042,80,0,0,0,0,0.0
551,1769714148.1044216,decode,420,2149855,0.9154162231211411,2149435,420,7125.79979944042,80,0,0,0,0,0.0
552,1769714148.1535537,decode,420,2150275,0.9155950606770279,2149855,420,7125.79979944042,80,0,0,0,0,0.0
553,1769714148.2026913,decode,420,2150695,0.9157738982329147,2150275,420,7125.79979944042,80,0,0,0,0,0.0
554,1769714148.2520866,decode,420,2151115,0.9159527357888013,2150695,420,7125.79979944042,80,0,0,0,0,0.0
555,1769714148.301504,decode,420,2151535,0.9161315733446881,2151115,420,7125.79979944042,80,0,0,0,0,0.0
556,1769714148.3507233,decode,420,2151955,0.9163104109005749,2151535,420,7125.79979944042,80,0,0,0,0,0.0
557,1769714148.400004,decode,420,2152375,0.9164892484564616,2151955,420,7125.79979944042,80,0,0,0,0,0.0
558,1769714148.449057,decode,420,2152795,0.9166680860123483,2152375,420,7125.79979944042,80,0,0,0,0,0.0
559,1769714148.499045,decode,420,2153215,0.916846923568235,2152795,420,7125.79979944042,80,0,0,0,0,0.0
560,1769714148.5486956,decode,420,2153635,0.9170257611241218,2153215,420,7125.79979944042,80,0,0,0,0,0.0
561,1769714148.5975387,decode,420,2154055,0.9172045986800085,2153635,420,7125.79979944042,80,0,0,0,0,0.0
562,1769714148.6467228,decode,420,2154475,0.9173834362358952,2154055,420,7125.79979944042,80,0,0,0,0,0.0
563,1769714148.6959639,decode,420,2154895,0.917562273791782,2154475,420,8511.639911542272,80,0,0,0,0,0.0
564,1769714148.7449327,decode,420,2155315,0.9177411113476687,2154895,420,8511.639911542272,80,0,0,0,0,0.0
565,1769714148.795218,decode,420,2155735,0.9179199489035554,2155315,420,8511.639911542272,80,0,0,0,0,0.0
566,1769714148.8446493,decode,420,2156155,0.9180987864594422,2155735,420,8511.639911542272,80,0,0,0,0,0.0
567,1769714148.893638,decode,420,2156575,0.918277624015329,2156155,420,8511.639911542272,80,0,0,0,0,0.0
568,1769714148.9427302,decode,420,2156995,0.9184564615712156,2156575,420,8511.639911542272,80,0,0,0,0,0.0
569,1769714148.9922166,decode,420,2157415,0.9186352991271024,2156995,420,8511.639911542272,80,0,0,0,0,0.0
570,1769714149.0415666,decode,420,2157835,0.9188141366829892,2157415,420,8511.639911542272,80,0,0,0,0,0.0
571,1769714149.091462,decode,420,2158255,0.9189929742388758,2157835,420,8511.639911542272,80,0,0,0,0,0.0
572,1769714149.14086,decode,420,2158675,0.9191718117947626,2158255,420,8511.639911542272,80,0,0,0,0,0.0
573,1769714149.1898804,decode,420,2159095,0.9193506493506494,2158675,420,8511.639911542272,80,0,0,0,0,0.0
574,1769714149.2392046,decode,420,2159515,0.9195294869065361,2159095,420,8511.639911542272,80,0,0,0,0,0.0
575,1769714149.2883267,decode,420,2159935,0.9197083244624228,2159515,420,8511.639911542272,80,0,0,0,0,0.0
576,1769714149.3383527,decode,420,2160355,0.9198871620183096,2159935,420,8511.639911542272,80,0,0,0,0,0.0
577,1769714149.3875031,decode,420,2160775,0.9200659995741963,2160355,420,8511.639911542272,80,0,0,0,0,0.0
578,1769714149.4367437,decode,420,2161195,0.920244837130083,2160775,420,8511.639911542272,80,0,0,0,0,0.0
579,1769714149.486004,decode,420,2161615,0.9204236746859698,2161195,420,8511.639911542272,80,0,0,0,0,0.0
580,1769714149.5355012,decode,420,2162035,0.9206025122418565,2161615,420,8511.639911542272,80,0,0,0,0,0.0
581,1769714149.584737,decode,420,2162455,0.9207813497977433,2162035,420,8511.639911542272,80,0,0,0,0,0.0
582,1769714149.6351197,decode,420,2162875,0.9209601873536299,2162455,420,8511.639911542272,80,0,0,0,0,0.0
583,1769714149.6846428,decode,420,2163295,0.9211390249095167,2162875,420,8511.639911542272,80,0,0,0,0,0.0
584,1769714149.733758,decode,420,2163715,0.9213178624654035,2163295,420,8511.639911542272,80,0,0,0,0,0.0
585,1769714149.783461,decode,420,2164135,0.9214967000212901,2163715,420,8511.639911542272,80,0,0,0,0,0.0
586,1769714149.8332884,decode,420,2164555,0.9216755375771769,2164135,420,8511.639911542272,80,0,0,0,0,0.0
587,1769714149.8831518,decode,420,2164975,0.9218543751330637,2164555,420,8511.639911542272,80,0,0,0,0,0.0
588,1769714149.9329762,decode,420,2165395,0.9220332126889504,2164975,420,8511.639911542272,80,0,0,0,0,0.0
589,1769714149.9828293,decode,420,2165815,0.9222120502448371,2165395,420,8511.639911542272,80,0,0,0,0,0.0
590,1769714150.0325382,decode,420,2166235,0.9223908878007239,2165815,420,8511.639911542272,80,0,0,0,0,0.0
591,1769714150.0820992,decode,420,2166655,0.9225697253566106,2166235,420,8511.639911542272,80,0,0,0,0,0.0
592,1769714150.131823,decode,420,2167075,0.9227485629124973,2166655,420,8511.639911542272,80,0,0,0,0,0.0
593,1769714150.1817446,decode,420,2167495,0.9229274004683841,2167075,420,8511.639911542272,80,0,0,0,0,0.0
594,1769714150.2315323,decode,420,2167915,0.9231062380242708,2167495,420,8511.639911542272,80,0,0,0,0,0.0
595,1769714150.2810686,decode,420,2168335,0.9232850755801576,2167915,420,8511.639911542272,80,0,0,0,0,0.0
596,1769714150.3307118,decode,420,2168755,0.9234639131360443,2168335,420,8511.639911542272,80,0,0,0,0,0.0
597,1769714150.380387,decode,420,2169175,0.923642750691931,2168755,420,8511.639911542272,80,0,0,0,0,0.0
598,1769714150.4305258,decode,420,2169595,0.9238215882478178,2169175,420,8511.639911542272,80,0,0,0,0,0.0
599,1769714150.480376,decode,420,2170015,0.9240004258037045,2169595,420,8511.639911542272,80,0,0,0,0,0.0
600,1769714150.530113,decode,420,2170435,0.9241792633595912,2170015,420,8511.639911542272,80,0,0,0,0,0.0
601,1769714150.5799227,decode,420,2170855,0.924358100915478,2170435,420,8511.639911542272,80,0,0,0,0,0.0
602,1769714150.6298916,decode,420,2171275,0.9245369384713648,2170855,420,8511.639911542272,80,0,0,0,0,0.0
603,1769714150.6800003,decode,420,2171695,0.9247157760272514,2171275,420,8467.800270769165,80,0,0,0,0,0.0
604,1769714150.7298448,decode,420,2172115,0.9248946135831382,2171695,420,8467.800270769165,80,0,0,0,0,0.0
605,1769714150.7793713,decode,420,2172535,0.925073451139025,2172115,420,8467.800270769165,80,0,0,0,0,0.0
606,1769714150.8285959,decode,420,2172955,0.9252522886949116,2172535,420,8467.800270769165,80,0,0,0,0,0.0
607,1769714150.8781307,decode,420,2173375,0.9254311262507984,2172955,420,8467.800270769165,80,0,0,0,0,0.0
608,1769714150.927438,decode,420,2173795,0.9256099638066851,2173375,420,8467.800270769165,80,0,0,0,0,0.0
609,1769714150.9769063,decode,420,2174215,0.9257888013625718,2173795,420,8467.800270769165,80,0,0,0,0,0.0
610,1769714151.0270505,decode,420,2174635,0.9259676389184586,2174215,420,8467.800270769165,80,0,0,0,0,0.0
611,1769714151.0762866,decode,420,2175055,0.9261464764743453,2174635,420,8467.800270769165,80,0,0,0,0,0.0
612,1769714151.1256485,decode,420,2175475,0.9263253140302321,2175055,420,8467.800270769165,80,0,0,0,0,0.0
613,1769714151.17524,decode,420,2175895,0.9265041515861188,2175475,420,8467.800270769165,80,0,0,0,0,0.0
614,1769714151.2247927,decode,420,2176315,0.9266829891420055,2175895,420,8467.800270769165,80,0,0,0,0,0.0
615,1769714151.274439,decode,420,2176735,0.9268618266978923,2176315,420,8467.800270769165,80,0,0,0,0,0.0
616,1769714151.3240097,decode,420,2177155,0.927040664253779,2176735,420,8467.800270769165,80,0,0,0,0,0.0
617,1769714151.3735797,decode,420,2177575,0.9272195018096657,2177155,420,8467.800270769165,80,0,0,0,0,0.0
618,1769714151.4231403,decode,420,2177995,0.9273983393655525,2177575,420,8467.800270769165,80,0,0,0,0,0.0
619,1769714151.4728017,decode,420,2178415,0.9275771769214393,2177995,420,8467.800270769165,80,0,0,0,0,0.0
620,1769714151.5223134,decode,420,2178835,0.9277560144773259,2178415,420,8467.800270769165,80,0,0,0,0,0.0
621,1769714151.5727348,decode,420,2179255,0.9279348520332127,2178835,420,8467.800270769165,80,0,0,0,0,0.0
622,1769714151.622554,decode,420,2179675,0.9281136895890995,2179255,420,8467.800270769165,80,0,0,0,0,0.0
623,1769714151.672492,decode,420,2180095,0.9282925271449861,2179675,420,8467.800270769165,80,0,0,0,0,0.0
624,1769714151.7219899,decode,420,2180515,0.9284713647008729,2180095,420,8467.800270769165,80,0,0,0,0,0.0
625,1769714151.7714863,decode,420,2180935,0.9286502022567596,2180515,420,8467.800270769165,80,0,0,0,0,0.0
626,1769714151.821024,decode,420,2181355,0.9288290398126464,2180935,420,8467.800270769165,80,0,0,0,0,0.0
627,1769714151.8707213,decode,420,2181775,0.9290078773685331,2181355,420,8467.800270769165,80,0,0,0,0,0.0
628,1769714151.9206996,decode,420,2182195,0.9291867149244198,2181775,420,8467.800270769165,80,0,0,0,0,0.0
629,1769714151.9702022,decode,420,2182615,0.9293655524803066,2182195,420,8467.800270769165,80,0,0,0,0,0.0
630,1769714152.0201228,decode,420,2183035,0.9295443900361933,2182615,420,8467.800270769165,80,0,0,0,0,0.0
631,1769714152.0697453,decode,420,2183455,0.92972322759208,2183035,420,8467.800270769165,80,0,0,0,0,0.0
632,1769714152.1200895,decode,420,2183875,0.9299020651479668,2183455,420,8467.800270769165,80,0,0,0,0,0.0
633,1769714152.1703486,decode,420,2184295,0.9300809027038536,2183875,420,8467.800270769165,80,0,0,0,0,0.0
634,1769714152.2199442,decode,420,2184715,0.9302597402597402,2184295,420,8467.800270769165,80,0,0,0,0,0.0
635,1769714152.2696228,decode,420,2185135,0.930438577815627,2184715,420,8467.800270769165,80,0,0,0,0,0.0
636,1769714152.3198423,decode,420,2185555,0.9306174153715138,2185135,420,8467.800270769165,80,0,0,0,0,0.0
637,1769714152.369631,decode,420,2185975,0.9307962529274004,2185555,420,8467.800270769165,80,0,0,0,0,0.0
638,1769714152.4197862,decode,420,2186395,0.9309750904832872,2185975,420,8467.800270769165,80,0,0,0,0,0.0
639,1769714152.469942,decode,420,2186815,0.931153928039174,2186395,420,8467.800270769165,80,0,0,0,0,0.0
640,1769714152.5194566,decode,420,2187235,0.9313327655950607,2186815,420,8467.800270769165,80,0,0,0,0,0.0
641,1769714152.569116,decode,420,2187655,0.9315116031509474,2187235,420,8467.800270769165,80,0,0,0,0,0.0
642,1769714152.6190214,decode,420,2188075,0.9316904407068342,2187655,420,8467.800270769165,80,0,0,0,0,0.0
643,1769714152.6693647,decode,420,2188495,0.9318692782627209,2188075,420,8444.828450874493,80,0,0,0,0,0.0
644,1769714152.7197814,decode,420,2188915,0.9320481158186076,2188495,420,8444.828450874493,80,0,0,0,0,0.0
645,1769714152.7693527,decode,420,2189335,0.9322269533744943,2188915,420,8444.828450874493,80,0,0,0,0,0.0
646,1769714152.8190272,decode,420,2189755,0.9324057909303811,2189335,420,8444.828450874493,80,0,0,0,0,0.0
647,1769714152.868776,decode,420,2190175,0.9325846284862679,2189755,420,8444.828450874493,80,0,0,0,0,0.0
648,1769714152.9185479,decode,420,2190595,0.9327634660421545,2190175,420,8444.828450874493,80,0,0,0,0,0.0
649,1769714152.9692695,decode,420,2191015,0.9329423035980413,2190595,420,8444.828450874493,80,0,0,0,0,0.0
650,1769714153.0190127,decode,420,2191435,0.9331211411539281,2191015,420,8444.828450874493,80,0,0,0,0,0.0
651,1769714153.0686688,decode,420,2191855,0.9332999787098147,2191435,420,8444.828450874493,80,0,0,0,0,0.0
652,1769714153.1186333,decode,420,2192275,0.9334788162657015,2191855,420,8444.828450874493,80,0,0,0,0,0.0
653,1769714153.16873,decode,420,2192695,0.9336576538215883,2192275,420,8444.828450874493,80,0,0,0,0,0.0
654,1769714153.2196183,decode,420,2193115,0.9338364913774749,2192695,420,8444.828450874493,80,0,0,0,0,0.0
655,1769714153.2699413,decode,420,2193535,0.9340153289333617,2193115,420,8444.828450874493,80,0,0,0,0,0.0
656,1769714153.3198984,decode,420,2193955,0.9341941664892485,2193535,420,8444.828450874493,80,0,0,0,0,0.0
657,1769714153.3698413,decode,420,2194375,0.9343730040451352,2193955,420,8444.828450874493,80,0,0,0,0,0.0
658,1769714153.4202693,decode,420,2194795,0.9345518416010219,2194375,420,8444.828450874493,80,0,0,0,0,0.0
659,1769714153.4698071,decode,420,2195215,0.9347306791569087,2194795,420,8444.828450874493,80,0,0,0,0,0.0
660,1769714153.5199134,decode,420,2195635,0.9349095167127954,2195215,420,8444.828450874493,80,0,0,0,0,0.0
661,1769714153.5697956,decode,420,2196055,0.9350883542686821,2195635,420,8444.828450874493,80,0,0,0,0,0.0
662,1769714153.619547,decode,420,2196475,0.9352671918245689,2196055,420,8444.828450874493,80,0,0,0,0,0.0
663,1769714153.6693041,decode,420,2196895,0.9354460293804556,2196475,420,8444.828450874493,80,0,0,0,0,0.0
664,1769714153.7190733,decode,420,2197315,0.9356248669363424,2196895,420,8444.828450874493,80,0,0,0,0,0.0
665,1769714153.7691607,decode,420,2197735,0.935803704492229,2197315,420,8444.828450874493,80,0,0,0,0,0.0
666,1769714153.8189156,decode,420,2198155,0.9359825420481158,2197735,420,8444.828450874493,80,0,0,0,0,0.0
667,1769714153.8688293,decode,420,2198575,0.9361613796040026,2198155,420,8444.828450874493,80,0,0,0,0,0.0
668,1769714153.9187994,decode,420,2198995,0.9363402171598892,2198575,420,8444.828450874493,80,0,0,0,0,0.0
669,1769714153.9686143,decode,420,2199415,0.936519054715776,2198995,420,8444.828450874493,80,0,0,0,0,0.0
670,1769714154.018825,decode,420,2199835,0.9366978922716628,2199415,420,8444.828450874493,80,0,0,0,0,0.0
671,1769714154.0688481,decode,420,2200255,0.9368767298275495,2199835,420,8444.828450874493,80,0,0,0,0,0.0
672,1769714154.118727,decode,420,2200675,0.9370555673834362,2200255,420,8444.828450874493,80,0,0,0,0,0.0
673,1769714154.1687121,decode,420,2201095,0.937234404939323,2200675,420,8444.828450874493,80,0,0,0,0,0.0
674,1769714154.2187145,decode,420,2201515,0.9374132424952097,2201095,420,8444.828450874493,80,0,0,0,0,0.0
675,1769714154.2685652,decode,420,2201935,0.9375920800510964,2201515,420,8444.828450874493,80,0,0,0,0,0.0
676,1769714154.32002,decode,420,2202355,0.9377709176069832,2201935,420,8444.828450874493,80,0,0,0,0,0.0
677,1769714154.3689759,decode,420,2202775,0.9379497551628699,2202355,420,8444.828450874493,80,0,0,0,0,0.0
678,1769714154.4188788,decode,420,2203195,0.9381285927187567,2202775,420,8444.828450874493,80,0,0,0,0,0.0
679,1769714154.4689999,decode,420,2203615,0.9383074302746434,2203195,420,8444.828450874493,80,0,0,0,0,0.0
680,1769714154.5189424,decode,420,2204035,0.9384862678305301,2203615,420,8444.828450874493,80,0,0,0,0,0.0
681,1769714154.5692127,decode,420,2204455,0.9386651053864169,2204035,420,8444.828450874493,80,0,0,0,0,0.0
682,1769714154.619574,decode,420,2204875,0.9388439429423036,2204455,420,8444.828450874493,80,0,0,0,0,0.0
683,1769714154.669379,decode,420,2205295,0.9390227804981903,2204875,420,8399.831558137059,80,0,0,0,0,0.0
684,1769714154.7190554,decode,420,2205715,0.9392016180540771,2205295,420,8399.831558137059,80,0,0,0,0,0.0
685,1769714154.7692018,decode,420,2206135,0.9393804556099639,2205715,420,8399.831558137059,80,0,0,0,0,0.0
686,1769714154.8191519,decode,420,2206555,0.9395592931658505,2206135,420,8399.831558137059,80,0,0,0,0,0.0
687,1769714154.869508,decode,420,2206975,0.9397381307217373,2206555,420,8399.831558137059,80,0,0,0,0,0.0
688,1769714154.9193578,decode,420,2207395,0.939916968277624,2206975,420,8399.831558137059,80,0,0,0,0,0.0
689,1769714154.9693203,decode,420,2207815,0.9400958058335107,2207395,420,8399.831558137059,80,0,0,0,0,0.0
690,1769714155.0196128,decode,420,2208235,0.9402746433893975,2207815,420,8399.831558137059,80,0,0,0,0,0.0
691,1769714155.0698783,decode,420,2208655,0.9404534809452842,2208235,420,8399.831558137059,80,0,0,0,0,0.0
692,1769714155.1201642,decode,420,2209075,0.9406323185011709,2208655,420,8399.831558137059,80,0,0,0,0,0.0
693,1769714155.169992,decode,420,2209495,0.9408111560570577,2209075,420,8399.831558137059,80,0,0,0,0,0.0
694,1769714155.2201495,decode,420,2209915,0.9409899936129444,2209495,420,8399.831558137059,80,0,0,0,0,0.0
695,1769714155.270197,decode,420,2210335,0.9411688311688312,2209915,420,8399.831558137059,80,0,0,0,0,0.0
696,1769714155.3201575,decode,420,2210755,0.9413476687247179,2210335,420,8399.831558137059,80,0,0,0,0,0.0
697,1769714155.3702362,decode,420,2211175,0.9415265062806046,2210755,420,8399.831558137059,80,0,0,0,0,0.0
698,1769714155.4207056,decode,420,2211595,0.9417053438364914,2211175,420,8399.831558137059,80,0,0,0,0,0.0
699,1769714155.471075,decode,420,2212015,0.9418841813923781,2211595,420,8399.831558137059,80,0,0,0,0,0.0
700,1769714155.5212202,decode,420,2212435,0.9420630189482648,2212015,420,8399.831558137059,80,0,0,0,0,0.0
701,1769714155.5713997,decode,420,2212855,0.9422418565041516,2212435,420,8399.831558137059,80,0,0,0,0,0.0
702,1769714155.6214197,decode,420,2213275,0.9424206940600384,2212855,420,8399.831558137059,80,0,0,0,0,0.0
703,1769714155.6718388,decode,420,2213695,0.942599531615925,2213275,420,8399.831558137059,80,0,0,0,0,0.0
704,1769714155.721861,decode,420,2214115,0.9427783691718118,2213695,420,8399.831558137059,80,0,0,0,0,0.0
705,1769714155.771987,decode,420,2214535,0.9429572067276986,2214115,420,8399.831558137059,80,0,0,0,0,0.0
706,1769714155.8220882,decode,420,2214955,0.9431360442835852,2214535,420,8399.831558137059,80,0,0,0,0,0.0
707,1769714155.872259,decode,420,2215375,0.943314881839472,2214955,420,8399.831558137059,80,0,0,0,0,0.0
708,1769714155.9223437,decode,420,2215795,0.9434937193953588,2215375,420,8399.831558137059,80,0,0,0,0,0.0
709,1769714155.972811,decode,420,2216215,0.9436725569512455,2215795,420,8399.831558137059,80,0,0,0,0,0.0
710,1769714156.023052,decode,420,2216635,0.9438513945071322,2216215,420,8399.831558137059,80,0,0,0,0,0.0
711,1769714156.0731785,decode,420,2217055,0.944030232063019,2216635,420,8399.831558137059,80,0,0,0,0,0.0
712,1769714156.1233575,decode,420,2217475,0.9442090696189057,2217055,420,8399.831558137059,80,0,0,0,0,0.0
713,1769714156.1733837,decode,420,2217895,0.9443879071747924,2217475,420,8399.831558137059,80,0,0,0,0,0.0
714,1769714156.224214,decode,420,2218315,0.9445667447306791,2217895,420,8399.831558137059,80,0,0,0,0,0.0
715,1769714156.2741768,decode,420,2218735,0.9447455822865659,2218315,420,8399.831558137059,80,0,0,0,0,0.0
716,1769714156.3243384,decode,420,2219155,0.9449244198424527,2218735,420,8399.831558137059,80,0,0,0,0,0.0
717,1769714156.3745372,decode,420,2219575,0.9451032573983393,2219155,420,8399.831558137059,80,0,0,0,0,0.0
718,1769714156.4248629,decode,420,2219995,0.9452820949542261,2219575,420,8399.831558137059,80,0,0,0,0,0.0
719,1769714156.4752755,decode,420,2220415,0.9454609325101129,2219995,420,8399.831558137059,80,0,0,0,0,0.0
720,1769714156.5253642,decode,420,2220835,0.9456397700659995,2220415,420,8399.831558137059,80,0,0,0,0,0.0
721,1769714156.5755978,decode,420,2221255,0.9458186076218863,2220835,420,8399.831558137059,80,0,0,0,0,0.0
722,1769714156.6340892,decode,420,2221675,0.9459974451777731,2221255,420,8399.831558137059,80,0,0,0,0,0.0
723,1769714156.6842308,decode,420,2222095,0.9461762827336598,2221675,420,8338.155116147454,80,0,0,0,0,0.0
724,1769714156.734198,decode,420,2222515,0.9463551202895465,2222095,420,8338.155116147454,80,0,0,0,0,0.0
725,1769714156.7844586,decode,420,2222935,0.9465339578454333,2222515,420,8338.155116147454,80,0,0,0,0,0.0
726,1769714156.8345833,decode,420,2223355,0.94671279540132,2222935,420,8338.155116147454,80,0,0,0,0,0.0
727,1769714156.8848383,decode,420,2223775,0.9468916329572067,2223355,420,8338.155116147454,80,0,0,0,0,0.0
728,1769714156.9351065,decode,420,2224195,0.9470704705130935,2223775,420,8338.155116147454,80,0,0,0,0,0.0
729,1769714156.9853415,decode,420,2224615,0.9472493080689802,2224195,420,8338.155116147454,80,0,0,0,0,0.0
730,1769714157.0361037,decode,420,2225035,0.947428145624867,2224615,420,8338.155116147454,80,0,0,0,0,0.0
731,1769714157.0862763,decode,420,2225455,0.9476069831807536,2225035,420,8338.155116147454,80,0,0,0,0,0.0
732,1769714157.1365044,decode,420,2225875,0.9477858207366404,2225455,420,8338.155116147454,80,0,0,0,0,0.0
733,1769714157.1868117,decode,420,2226295,0.9479646582925272,2225875,420,8338.155116147454,80,0,0,0,0,0.0
734,1769714157.2372382,decode,420,2226715,0.9481434958484138,2226295,420,8338.155116147454,80,0,0,0,0,0.0
735,1769714157.287616,decode,420,2227135,0.9483223334043006,2226715,420,8338.155116147454,80,0,0,0,0,0.0
736,1769714157.3379993,decode,420,2227555,0.9485011709601874,2227135,420,8338.155116147454,80,0,0,0,0,0.0
737,1769714157.3882291,decode,420,2227975,0.948680008516074,2227555,420,8338.155116147454,80,0,0,0,0,0.0
738,1769714157.4386206,decode,420,2228395,0.9488588460719608,2227975,420,8338.155116147454,80,0,0,0,0,0.0
739,1769714157.4890058,decode,420,2228815,0.9490376836278476,2228395,420,8338.155116147454,80,0,0,0,0,0.0
740,1769714157.5392606,decode,420,2229235,0.9492165211837343,2228815,420,8338.155116147454,80,0,0,0,0,0.0
741,1769714157.5899358,decode,420,2229655,0.949395358739621,2229235,420,8338.155116147454,80,0,0,0,0,0.0
742,1769714157.6403353,decode,420,2230075,0.9495741962955078,2229655,420,8338.155116147454,80,0,0,0,0,0.0
743,1769714157.6905158,decode,420,2230495,0.9497530338513945,2230075,420,8338.155116147454,80,0,0,0,0,0.0
744,1769714157.7410138,decode,420,2230915,0.9499318714072812,2230495,420,8338.155116147454,80,0,0,0,0,0.0
745,1769714157.7913973,decode,420,2231335,0.950110708963168,2230915,420,8338.155116147454,80,0,0,0,0,0.0
746,1769714157.842012,decode,420,2231755,0.9502895465190547,2231335,420,8338.155116147454,80,0,0,0,0,0.0
747,1769714157.8923297,decode,420,2232175,0.9504683840749415,2231755,420,8338.155116147454,80,0,0,0,0,0.0
748,1769714157.9428039,decode,420,2232595,0.9506472216308282,2232175,420,8338.155116147454,80,0,0,0,0,0.0
749,1769714157.9933593,decode,420,2233015,0.9508260591867149,2232595,420,8338.155116147454,80,0,0,0,0,0.0
750,1769714158.0437624,decode,420,2233435,0.9510048967426017,2233015,420,8338.155116147454,80,0,0,0,0,0.0
751,1769714158.0945997,decode,420,2233855,0.9511837342984883,2233435,420,8338.155116147454,80,0,0,0,0,0.0
752,1769714158.1449523,decode,420,2234275,0.9513625718543751,2233855,420,8338.155116147454,80,0,0,0,0,0.0
753,1769714158.19532,decode,420,2234695,0.9515414094102619,2234275,420,8338.155116147454,80,0,0,0,0,0.0
754,1769714158.245748,decode,420,2235115,0.9517202469661487,2234695,420,8338.155116147454,80,0,0,0,0,0.0
755,1769714158.296197,decode,420,2235535,0.9518990845220353,2235115,420,8338.155116147454,80,0,0,0,0,0.0
756,1769714158.3466988,decode,420,2235955,0.9520779220779221,2235535,420,8338.155116147454,80,0,0,0,0,0.0
757,1769714158.3973773,decode,420,2236375,0.9522567596338088,2235955,420,8338.155116147454,80,0,0,0,0,0.0
758,1769714158.4477143,decode,420,2236795,0.9524355971896955,2236375,420,8338.155116147454,80,0,0,0,0,0.0
759,1769714158.4984965,decode,420,2237215,0.9526144347455823,2236795,420,8338.155116147454,80,0,0,0,0,0.0
760,1769714158.5488942,decode,420,2237635,0.952793272301469,2237215,420,8338.155116147454,80,0,0,0,0,0.0
761,1769714158.5993075,decode,420,2238055,0.9529721098573558,2237635,420,8338.155116147454,80,0,0,0,0,0.0
762,1769714158.6500878,decode,420,2238475,0.9531509474132425,2238055,420,8338.155116147454,80,0,0,0,0,0.0
763,1769714158.7006514,decode,420,2238895,0.9533297849691292,2238475,420,8331.486797276293,80,0,0,0,0,0.0
764,1769714158.751103,decode,420,2239315,0.953508622525016,2238895,420,8331.486797276293,80,0,0,0,0,0.0
765,1769714158.801634,decode,420,2239735,0.9536874600809027,2239315,420,8331.486797276293,80,0,0,0,0,0.0
766,1769714158.85223,decode,420,2240155,0.9538662976367894,2239735,420,8331.486797276293,80,0,0,0,0,0.0
767,1769714158.902967,decode,420,2240575,0.9540451351926762,2240155,420,8331.486797276293,80,0,0,0,0,0.0
768,1769714158.9534488,decode,420,2240995,0.954223972748563,2240575,420,8331.486797276293,80,0,0,0,0,0.0
769,1769714159.004279,decode,420,2241415,0.9544028103044496,2240995,420,8331.486797276293,80,0,0,0,0,0.0
770,1769714159.0547662,decode,420,2241835,0.9545816478603364,2241415,420,8331.486797276293,80,0,0,0,0,0.0
771,1769714159.1052496,decode,420,2242255,0.9547604854162232,2241835,420,8331.486797276293,80,0,0,0,0,0.0
772,1769714159.1560736,decode,420,2242675,0.9549393229721098,2242255,420,8331.486797276293,80,0,0,0,0,0.0
773,1769714159.206992,decode,420,2243095,0.9551181605279966,2242675,420,8331.486797276293,80,0,0,0,0,0.0
774,1769714159.2575274,decode,420,2243515,0.9552969980838834,2243095,420,8331.486797276293,80,0,0,0,0,0.0
775,1769714159.3081706,decode,420,2243935,0.9554758356397701,2243515,420,8331.486797276293,80,0,0,0,0,0.0
776,1769714159.3587105,decode,420,2244355,0.9556546731956568,2243935,420,8331.486797276293,80,0,0,0,0,0.0
777,1769714159.409365,decode,420,2244775,0.9558335107515435,2244355,420,8331.486797276293,80,0,0,0,0,0.0
778,1769714159.4606438,decode,420,2245195,0.9560123483074303,2244775,420,8331.486797276293,80,0,0,0,0,0.0
779,1769714159.5109797,decode,420,2245615,0.956191185863317,2245195,420,8331.486797276293,80,0,0,0,0,0.0
780,1769714159.561621,decode,420,2246035,0.9563700234192037,2245615,420,8331.486797276293,80,0,0,0,0,0.0
781,1769714159.6121902,decode,420,2246455,0.9565488609750905,2246035,420,8331.486797276293,80,0,0,0,0,0.0
782,1769714159.6628916,decode,420,2246875,0.9567276985309772,2246455,420,8331.486797276293,80,0,0,0,0,0.0
783,1769714159.7137659,decode,420,2247295,0.9569065360868639,2246875,420,8331.486797276293,80,0,0,0,0,0.0
784,1769714159.7643383,decode,420,2247715,0.9570853736427507,2247295,420,8331.486797276293,80,0,0,0,0,0.0
785,1769714159.8150477,decode,420,2248135,0.9572642111986375,2247715,420,8331.486797276293,80,0,0,0,0,0.0
786,1769714159.865798,decode,420,2248555,0.9574430487545241,2248135,420,8331.486797276293,80,0,0,0,0,0.0
787,1769714159.916402,decode,420,2248975,0.9576218863104109,2248555,420,8331.486797276293,80,0,0,0,0,0.0
788,1769714159.967196,decode,420,2249395,0.9578007238662977,2248975,420,8331.486797276293,80,0,0,0,0,0.0
789,1769714160.0182145,decode,420,2249815,0.9579795614221843,2249395,420,8331.486797276293,80,0,0,0,0,0.0
790,1769714160.0689929,decode,420,2250235,0.9581583989780711,2249815,420,8331.486797276293,80,0,0,0,0,0.0
791,1769714160.1196456,decode,420,2250655,0.9583372365339579,2250235,420,8331.486797276293,80,0,0,0,0,0.0
792,1769714160.1705587,decode,420,2251075,0.9585160740898446,2250655,420,8331.486797276293,80,0,0,0,0,0.0
793,1769714160.221407,decode,420,2251495,0.9586949116457313,2251075,420,8331.486797276293,80,0,0,0,0,0.0
794,1769714160.2722762,decode,420,2251915,0.958873749201618,2251495,420,8331.486797276293,80,0,0,0,0,0.0
795,1769714160.322968,decode,420,2252335,0.9590525867575048,2251915,420,8331.486797276293,80,0,0,0,0,0.0
796,1769714160.3736968,decode,420,2252755,0.9592314243133915,2252335,420,8331.486797276293,80,0,0,0,0,0.0
797,1769714160.4244547,decode,420,2253175,0.9594102618692782,2252755,420,8331.486797276293,80,0,0,0,0,0.0
798,1769714160.4752624,decode,420,2253595,0.959589099425165,2253175,420,8331.486797276293,80,0,0,0,0,0.0
799,1769714160.5263429,decode,420,2254015,0.9597679369810518,2253595,420,8331.486797276293,80,0,0,0,0,0.0
800,1769714160.5769863,decode,420,2254435,0.9599467745369384,2254015,420,8331.486797276293,80,0,0,0,0,0.0
801,1769714160.6276865,decode,420,2254855,0.9601256120928252,2254435,420,8331.486797276293,80,0,0,0,0,0.0
802,1769714160.6785498,decode,420,2255275,0.960304449648712,2254855,420,8331.486797276293,80,0,0,0,0,0.0
803,1769714160.7294123,decode,420,2255695,0.9604832872045986,2255275,420,8280.890989091977,80,0,0,0,0,0.0
804,1769714160.7803261,decode,420,2256115,0.9606621247604854,2255695,420,8280.890989091977,80,0,0,0,0,0.0
805,1769714160.8311002,decode,420,2256535,0.9608409623163722,2256115,420,8280.890989091977,80,0,0,0,0,0.0
806,1769714160.8819187,decode,420,2256955,0.9610197998722589,2256535,420,8280.890989091977,80,0,0,0,0,0.0
807,1769714160.9327896,decode,420,2257375,0.9611986374281456,2256955,420,8280.890989091977,80,0,0,0,0,0.0
808,1769714160.9835632,decode,420,2257795,0.9613774749840324,2257375,420,8280.890989091977,80,0,0,0,0,0.0
809,1769714161.035212,decode,420,2258215,0.9615563125399191,2257795,420,8280.890989091977,80,0,0,0,0,0.0
810,1769714161.086583,decode,420,2258635,0.9617351500958058,2258215,420,8280.890989091977,80,0,0,0,0,0.0
811,1769714161.1370633,decode,420,2259055,0.9619139876516926,2258635,420,8280.890989091977,80,0,0,0,0,0.0
812,1769714161.1878505,decode,420,2259475,0.9620928252075793,2259055,420,8280.890989091977,80,0,0,0,0,0.0
813,1769714161.2387447,decode,420,2259895,0.9622716627634661,2259475,420,8280.890989091977,80,0,0,0,0,0.0
814,1769714161.289661,decode,420,2260315,0.9624505003193528,2259895,420,8280.890989091977,80,0,0,0,0,0.0
815,1769714161.34076,decode,420,2260735,0.9626293378752395,2260315,420,8280.890989091977,80,0,0,0,0,0.0
816,1769714161.3915875,decode,420,2261155,0.9628081754311263,2260735,420,8280.890989091977,80,0,0,0,0,0.0
817,1769714161.4424636,decode,420,2261575,0.962987012987013,2261155,420,8280.890989091977,80,0,0,0,0,0.0
818,1769714161.4933004,decode,420,2261995,0.9631658505428997,2261575,420,8280.890989091977,80,0,0,0,0,0.0
819,1769714161.5441585,decode,420,2262415,0.9633446880987865,2261995,420,8280.890989091977,80,0,0,0,0,0.0
820,1769714161.5953634,decode,420,2262835,0.9635235256546731,2262415,420,8280.890989091977,80,0,0,0,0,0.0
821,1769714161.6466436,decode,420,2263255,0.9637023632105599,2262835,420,8280.890989091977,80,0,0,0,0,0.0
822,1769714161.6976886,decode,420,2263675,0.9638812007664467,2263255,420,8280.890989091977,80,0,0,0,0,0.0
823,1769714161.7483785,decode,420,2264095,0.9640600383223334,2263675,420,8280.890989091977,80,0,0,0,0,0.0
824,1769714161.7992573,decode,420,2264515,0.9642388758782201,2264095,420,8280.890989091977,80,0,0,0,0,0.0
825,1769714161.8503144,decode,420,2264935,0.9644177134341069,2264515,420,8280.890989091977,80,0,0,0,0,0.0
826,1769714161.9012594,decode,420,2265355,0.9645965509899936,2264935,420,8280.890989091977,80,0,0,0,0,0.0
827,1769714161.9521534,decode,420,2265775,0.9647753885458803,2265355,420,8280.890989091977,80,0,0,0,0,0.0
828,1769714162.0033705,decode,420,2266195,0.9649542261017671,2265775,420,8280.890989091977,80,0,0,0,0,0.0
829,1769714162.05426,decode,420,2266615,0.9651330636576538,2266195,420,8280.890989091977,80,0,0,0,0,0.0
830,1769714162.1052809,decode,420,2267035,0.9653119012135406,2266615,420,8280.890989091977,80,0,0,0,0,0.0
831,1769714162.156434,decode,420,2267455,0.9654907387694273,2267035,420,8280.890989091977,80,0,0,0,0,0.0
832,1769714162.2076287,decode,420,2267875,0.965669576325314,2267455,420,8280.890989091977,80,0,0,0,0,0.0
833,1769714162.2584355,decode,420,2268295,0.9658484138812008,2267875,420,8280.890989091977,80,0,0,0,0,0.0
834,1769714162.309317,decode,420,2268715,0.9660272514370875,2268295,420,8280.890989091977,80,0,0,0,0,0.0
835,1769714162.3603873,decode,420,2269135,0.9662060889929742,2268715,420,8280.890989091977,80,0,0,0,0,0.0
836,1769714162.4116282,decode,420,2269555,0.966384926548861,2269135,420,8280.890989091977,80,0,0,0,0,0.0
837,1769714162.4627905,decode,420,2269975,0.9665637641047478,2269555,420,8280.890989091977,80,0,0,0,0,0.0
838,1769714162.513716,decode,420,2270395,0.9667426016606344,2269975,420,8280.890989091977,80,0,0,0,0,0.0
839,1769714162.5647168,decode,420,2270815,0.9669214392165212,2270395,420,8280.890989091977,80,0,0,0,0,0.0
840,1769714162.6157503,decode,420,2271235,0.967100276772408,2270815,420,8280.890989091977,80,0,0,0,0,0.0
841,1769714162.6672704,decode,420,2271655,0.9672791143282946,2271235,420,8280.890989091977,80,0,0,0,0,0.0
842,1769714162.718402,decode,420,2272075,0.9674579518841814,2271655,420,8280.890989091977,80,0,0,0,0,0.0
843,1769714162.7698758,decode,420,2272495,0.9676367894400681,2272075,420,8233.509698498034,80,0,0,0,0,0.0
844,1769714162.820679,decode,420,2272915,0.9678156269959549,2272495,420,8233.509698498034,80,0,0,0,0,0.0
845,1769714162.8716867,decode,420,2273335,0.9679944645518416,2272915,420,8233.509698498034,80,0,0,0,0,0.0
846,1769714162.922778,decode,420,2273755,0.9681733021077283,2273335,420,8233.509698498034,80,0,0,0,0,0.0
847,1769714162.9739814,decode,420,2274175,0.9683521396636151,2273755,420,8233.509698498034,80,0,0,0,0,0.0
848,1769714163.0254018,decode,420,2274595,0.9685309772195018,2274175,420,8233.509698498034,80,0,0,0,0,0.0
849,1769714163.0763028,decode,420,2275015,0.9687098147753885,2274595,420,8233.509698498034,80,0,0,0,0,0.0
850,1769714163.1274836,decode,420,2275435,0.9688886523312753,2275015,420,8233.509698498034,80,0,0,0,0,0.0
851,1769714163.178496,decode,420,2275855,0.9690674898871621,2275435,420,8233.509698498034,80,0,0,0,0,0.0
852,1769714163.2301295,decode,420,2276275,0.9692463274430487,2275855,420,8233.509698498034,80,0,0,0,0,0.0
853,1769714163.2810214,decode,420,2276695,0.9694251649989355,2276275,420,8233.509698498034,80,0,0,0,0,0.0
854,1769714163.3320951,decode,420,2277115,0.9696040025548223,2276695,420,8233.509698498034,80,0,0,0,0,0.0
855,1769714163.3832066,decode,420,2277535,0.9697828401107089,2277115,420,8233.509698498034,80,0,0,0,0,0.0
856,1769714163.4342856,decode,420,2277955,0.9699616776665957,2277535,420,8233.509698498034,80,0,0,0,0,0.0
857,1769714163.486042,decode,420,2278375,0.9701405152224825,2277955,420,8233.509698498034,80,0,0,0,0,0.0
858,1769714163.5369399,decode,420,2278795,0.9703193527783692,2278375,420,8233.509698498034,80,0,0,0,0,0.0
859,1769714163.5879648,decode,420,2279215,0.9704981903342559,2278795,420,8233.509698498034,80,0,0,0,0,0.0
860,1769714163.6391616,decode,420,2279635,0.9706770278901427,2279215,420,8233.509698498034,80,0,0,0,0,0.0
861,1769714163.6902957,decode,420,2280055,0.9708558654460294,2279635,420,8233.509698498034,80,0,0,0,0,0.0
862,1769714163.7416542,decode,420,2280475,0.9710347030019161,2280055,420,8233.509698498034,80,0,0,0,0,0.0
863,1769714163.7928534,decode,420,2280895,0.9712135405578028,2280475,420,8233.509698498034,80,0,0,0,0,0.0
864,1769714163.8439167,decode,420,2281315,0.9713923781136896,2280895,420,8233.509698498034,80,0,0,0,0,0.0
865,1769714163.8951564,decode,420,2281735,0.9715712156695763,2281315,420,8233.509698498034,80,0,0,0,0,0.0
866,1769714163.9462245,decode,420,2282155,0.971750053225463,2281735,420,8233.509698498034,80,0,0,0,0,0.0
867,1769714163.9977503,decode,420,2282575,0.9719288907813498,2282155,420,8233.509698498034,80,0,0,0,0,0.0
868,1769714164.0489042,decode,420,2282995,0.9721077283372366,2282575,420,8233.509698498034,80,0,0,0,0,0.0
869,1769714164.1000512,decode,420,2283415,0.9722865658931232,2282995,420,8233.509698498034,80,0,0,0,0,0.0
870,1769714164.1512759,decode,420,2283835,0.97246540344901,2283415,420,8233.509698498034,80,0,0,0,0,0.0
871,1769714164.2026916,decode,420,2284255,0.9726442410048968,2283835,420,8233.509698498034,80,0,0,0,0,0.0
872,1769714164.2538893,decode,420,2284675,0.9728230785607834,2284255,420,8233.509698498034,80,0,0,0,0,0.0
873,1769714164.305228,decode,420,2285095,0.9730019161166702,2284675,420,8233.509698498034,80,0,0,0,0,0.0
874,1769714164.35652,decode,420,2285515,0.973180753672557,2285095,420,8233.509698498034,80,0,0,0,0,0.0
875,1769714164.4078264,decode,420,2285935,0.9733595912284437,2285515,420,8233.509698498034,80,0,0,0,0,0.0
876,1769714164.458998,decode,420,2286355,0.9735384287843304,2285935,420,8233.509698498034,80,0,0,0,0,0.0
877,1769714164.5104082,decode,420,2286775,0.9737172663402172,2286355,420,8233.509698498034,80,0,0,0,0,0.0
878,1769714164.5619962,decode,420,2287195,0.9738961038961039,2286775,420,8233.509698498034,80,0,0,0,0,0.0
879,1769714164.6131384,decode,420,2287615,0.9740749414519906,2287195,420,8233.509698498034,80,0,0,0,0,0.0
880,1769714164.664512,decode,420,2288035,0.9742537790078774,2287615,420,8233.509698498034,80,0,0,0,0,0.0
881,1769714164.7157006,decode,420,2288455,0.9744326165637641,2288035,420,8233.509698498034,80,0,0,0,0,0.0
882,1769714164.7669797,decode,420,2288875,0.9746114541196509,2288455,420,8233.509698498034,80,0,0,0,0,0.0
883,1769714164.8186111,decode,420,2289295,0.9747902916755375,2288875,420,8200.172205904923,80,0,0,0,0,0.0
884,1769714164.8697948,decode,420,2289715,0.9749691292314243,2289295,420,8200.172205904923,80,0,0,0,0,0.0
885,1769714164.9212441,decode,420,2290135,0.9751479667873111,2289715,420,8200.172205904923,80,0,0,0,0,0.0
886,1769714164.9724944,decode,420,2290555,0.9753268043431977,2290135,420,8200.172205904923,80,0,0,0,0,0.0
887,1769714165.0241573,decode,420,2290975,0.9755056418990845,2290555,420,8200.172205904923,80,0,0,0,0,0.0
888,1769714165.0754752,decode,420,2291395,0.9756844794549713,2290975,420,8200.172205904923,80,0,0,0,0,0.0
889,1769714165.1270304,decode,420,2291815,0.975863317010858,2291395,420,8200.172205904923,80,0,0,0,0,0.0
890,1769714165.1783729,decode,420,2292235,0.9760421545667447,2291815,420,8200.172205904923,80,0,0,0,0,0.0
891,1769714165.2298727,decode,420,2292655,0.9762209921226315,2292235,420,8200.172205904923,80,0,0,0,0,0.0
892,1769714165.2814322,decode,420,2293075,0.9763998296785182,2292655,420,8200.172205904923,80,0,0,0,0,0.0
893,1769714165.3326385,decode,420,2293495,0.9765786672344049,2293075,420,8200.172205904923,80,0,0,0,0,0.0
894,1769714165.384398,decode,420,2293915,0.9767575047902917,2293495,420,8200.172205904923,80,0,0,0,0,0.0
895,1769714165.4360716,decode,420,2294335,0.9769363423461784,2293915,420,8200.172205904923,80,0,0,0,0,0.0
896,1769714165.4874246,decode,420,2294755,0.9771151799020652,2294335,420,8200.172205904923,80,0,0,0,0,0.0
897,1769714165.5388455,decode,420,2295175,0.9772940174579519,2294755,420,8200.172205904923,80,0,0,0,0,0.0
898,1769714165.5903442,decode,420,2295595,0.9774728550138386,2295175,420,8200.172205904923,80,0,0,0,0,0.0
899,1769714165.642,decode,420,2296015,0.9776516925697254,2295595,420,8200.172205904923,80,0,0,0,0,0.0
900,1769714165.693502,decode,420,2296435,0.977830530125612,2296015,420,8200.172205904923,80,0,0,0,0,0.0
901,1769714165.7450004,decode,420,2296855,0.9780093676814988,2296435,420,8200.172205904923,80,0,0,0,0,0.0
902,1769714165.7964227,decode,420,2297275,0.9781882052373856,2296855,420,8200.172205904923,80,0,0,0,0,0.0
903,1769714165.8478823,decode,420,2297695,0.9783670427932724,2297275,420,8200.172205904923,80,0,0,0,0,0.0
904,1769714165.8997931,decode,420,2298115,0.978545880349159,2297695,420,8200.172205904923,80,0,0,0,0,0.0
905,1769714165.9511817,decode,420,2298535,0.9787247179050458,2298115,420,8200.172205904923,80,0,0,0,0,0.0
906,1769714166.0030632,decode,420,2298955,0.9789035554609326,2298535,420,8200.172205904923,80,0,0,0,0,0.0
907,1769714166.0544503,decode,420,2299375,0.9790823930168192,2298955,420,8200.172205904923,80,0,0,0,0,0.0
908,1769714166.1064491,decode,420,2299795,0.979261230572706,2299375,420,8200.172205904923,80,0,0,0,0,0.0
909,1769714166.158005,decode,420,2300215,0.9794400681285927,2299795,420,8200.172205904923,80,0,0,0,0,0.0
910,1769714166.2094004,decode,420,2300635,0.9796189056844794,2300215,420,8200.172205904923,80,0,0,0,0,0.0
911,1769714166.2607067,decode,420,2301055,0.9797977432403662,2300635,420,8200.172205904923,80,0,0,0,0,0.0
912,1769714166.3123271,decode,420,2301475,0.9799765807962529,2301055,420,8200.172205904923,80,0,0,0,0,0.0
913,1769714166.3638053,decode,420,2301895,0.9801554183521397,2301475,420,8200.172205904923,80,0,0,0,0,0.0
914,1769714166.4156048,decode,420,2302315,0.9803342559080264,2301895,420,8200.172205904923,80,0,0,0,0,0.0
915,1769714166.4673553,decode,420,2302735,0.9805130934639131,2302315,420,8200.172205904923,80,0,0,0,0,0.0
916,1769714166.518817,decode,420,2303155,0.9806919310197999,2302735,420,8200.172205904923,80,0,0,0,0,0.0
917,1769714166.5704455,decode,420,2303575,0.9808707685756866,2303155,420,8200.172205904923,80,0,0,0,0,0.0
918,1769714166.6220832,decode,420,2303995,0.9810496061315733,2303575,420,8200.172205904923,80,0,0,0,0,0.0
919,1769714166.673611,decode,420,2304415,0.9812284436874601,2303995,420,8200.172205904923,80,0,0,0,0,0.0
920,1769714166.725439,decode,420,2304835,0.9814072812433469,2304415,420,8200.172205904923,80,0,0,0,0,0.0
921,1769714166.77692,decode,420,2305255,0.9815861187992335,2304835,420,8200.172205904923,80,0,0,0,0,0.0
922,1769714166.8287013,decode,420,2305675,0.9817649563551203,2305255,420,8200.172205904923,80,0,0,0,0,0.0
923,1769714166.8803046,decode,420,2306095,0.9819437939110071,2305675,420,8148.576818477259,80,0,0,0,0,0.0
924,1769714166.9319499,decode,420,2306515,0.9821226314668937,2306095,420,8148.576818477259,80,0,0,0,0,0.0
925,1769714166.9836626,decode,420,2306935,0.9823014690227805,2306515,420,8148.576818477259,80,0,0,0,0,0.0
926,1769714167.0352433,decode,420,2307355,0.9824803065786673,2306935,420,8148.576818477259,80,0,0,0,0,0.0
927,1769714167.0868483,decode,420,2307775,0.982659144134554,2307355,420,8148.576818477259,80,0,0,0,0,0.0
928,1769714167.1385925,decode,420,2308195,0.9828379816904407,2307775,420,8148.576818477259,80,0,0,0,0,0.0
929,1769714167.190156,decode,420,2308615,0.9830168192463274,2308195,420,8148.576818477259,80,0,0,0,0,0.0
930,1769714167.2421956,decode,420,2309035,0.9831956568022142,2308615,420,8148.576818477259,80,0,0,0,0,0.0
931,1769714167.2936864,decode,420,2309455,0.9833744943581009,2309035,420,8148.576818477259,80,0,0,0,0,0.0
932,1769714167.345342,decode,420,2309875,0.9835533319139876,2309455,420,8148.576818477259,80,0,0,0,0,0.0
933,1769714167.3971508,decode,420,2310295,0.9837321694698744,2309875,420,8148.576818477259,80,0,0,0,0,0.0
934,1769714167.4487422,decode,420,2310715,0.9839110070257612,2310295,420,8148.576818477259,80,0,0,0,0,0.0
935,1769714167.5006568,decode,420,2311135,0.9840898445816478,2310715,420,8148.576818477259,80,0,0,0,0,0.0
936,1769714167.5522783,decode,420,2311555,0.9842686821375346,2311135,420,8148.576818477259,80,0,0,0,0,0.0
937,1769714167.6039815,decode,420,2311975,0.9844475196934214,2311555,420,8148.576818477259,80,0,0,0,0,0.0
938,1769714167.6556606,decode,420,2312395,0.984626357249308,2311975,420,8148.576818477259,80,0,0,0,0,0.0
939,1769714167.7073941,decode,420,2312815,0.9848051948051948,2312395,420,8148.576818477259,80,0,0,0,0,0.0
940,1769714167.7598393,decode,420,2313235,0.9849840323610816,2312815,420,8148.576818477259,80,0,0,0,0,0.0
941,1769714167.8115234,decode,420,2313655,0.9851628699169683,2313235,420,8148.576818477259,80,0,0,0,0,0.0
942,1769714167.8633215,decode,420,2314075,0.985341707472855,2313655,420,8148.576818477259,80,0,0,0,0,0.0
943,1769714167.9148664,decode,420,2314495,0.9855205450287418,2314075,420,8148.576818477259,80,0,0,0,0,0.0
944,1769714167.966622,decode,420,2314915,0.9856993825846285,2314495,420,8148.576818477259,80,0,0,0,0,0.0
945,1769714168.0183573,decode,420,2315335,0.9858782201405152,2314915,420,8148.576818477259,80,0,0,0,0,0.0
946,1769714168.0703475,decode,420,2315755,0.986057057696402,2315335,420,8148.576818477259,80,0,0,0,0,0.0
947,1769714168.1220777,decode,420,2316175,0.9862358952522887,2315755,420,8148.576818477259,80,0,0,0,0,0.0
948,1769714168.1738412,decode,420,2316595,0.9864147328081754,2316175,420,8148.576818477259,80,0,0,0,0,0.0
949,1769714168.2255857,decode,420,2317015,0.9865935703640621,2316595,420,8148.576818477259,80,0,0,0,0,0.0
950,1769714168.277386,decode,420,2317435,0.9867724079199489,2317015,420,8148.576818477259,80,0,0,0,0,0.0
951,1769714168.329405,decode,420,2317855,0.9869512454758357,2317435,420,8148.576818477259,80,0,0,0,0,0.0
952,1769714168.3811576,decode,420,2318275,0.9871300830317223,2317855,420,8148.576818477259,80,0,0,0,0,0.0
953,1769714168.4329338,decode,420,2318695,0.9873089205876091,2318275,420,8148.576818477259,80,0,0,0,0,0.0
954,1769714168.4853323,decode,420,2319115,0.9874877581434959,2318695,420,8148.576818477259,80,0,0,0,0,0.0
955,1769714168.5370045,decode,420,2319535,0.9876665956993825,2319115,420,8148.576818477259,80,0,0,0,0,0.0
956,1769714168.588904,decode,420,2319955,0.9878454332552693,2319535,420,8148.576818477259,80,0,0,0,0,0.0
957,1769714168.6409645,decode,420,2320375,0.9880242708111561,2319955,420,8148.576818477259,80,0,0,0,0,0.0
958,1769714168.6926997,decode,420,2320795,0.9882031083670428,2320375,420,8148.576818477259,80,0,0,0,0,0.0
959,1769714168.7445824,decode,420,2321215,0.9883819459229295,2320795,420,8148.576818477259,80,0,0,0,0,0.0
960,1769714168.796512,decode,420,2321635,0.9885607834788163,2321215,420,8148.576818477259,80,0,0,0,0,0.0
961,1769714168.8485022,decode,420,2322055,0.988739621034703,2321635,420,8148.576818477259,80,0,0,0,0,0.0
962,1769714168.900431,decode,420,2322475,0.9889184585905897,2322055,420,8148.576818477259,80,0,0,0,0,0.0
963,1769714168.9523845,decode,420,2322895,0.9890972961464765,2322475,420,8107.808228245405,80,0,0,0,0,0.0
964,1769714169.0040762,decode,420,2323315,0.9892761337023632,2322895,420,8107.808228245405,80,0,0,0,0,0.0
965,1769714169.055979,decode,420,2323735,0.98945497125825,2323315,420,8107.808228245405,80,0,0,0,0,0.0
966,1769714169.107881,decode,420,2324155,0.9896338088141367,2323735,420,8107.808228245405,80,0,0,0,0,0.0
967,1769714169.160047,decode,420,2324575,0.9898126463700234,2324155,420,8107.808228245405,80,0,0,0,0,0.0
968,1769714169.2118564,decode,420,2324995,0.9899914839259102,2324575,420,8107.808228245405,80,0,0,0,0,0.0
969,1769714169.263772,decode,420,2325415,0.9901703214817968,2324995,420,8107.808228245405,80,0,0,0,0,0.0
970,1769714169.3157048,decode,420,2325835,0.9903491590376836,2325415,420,8107.808228245405,80,0,0,0,0,0.0
971,1769714169.367631,decode,420,2326255,0.9905279965935704,2325835,420,8107.808228245405,80,0,0,0,0,0.0
972,1769714169.4198406,decode,420,2326675,0.9907068341494571,2326255,420,8107.808228245405,80,0,0,0,0,0.0
973,1769714169.4717307,decode,420,2327095,0.9908856717053438,2326675,420,8107.808228245405,80,0,0,0,0,0.0
974,1769714169.5238178,decode,420,2327515,0.9910645092612306,2327095,420,8107.808228245405,80,0,0,0,0,0.0
975,1769714169.575837,decode,420,2327935,0.9912433468171173,2327515,420,8107.808228245405,80,0,0,0,0,0.0
976,1769714169.6278074,decode,420,2328355,0.991422184373004,2327935,420,8107.808228245405,80,0,0,0,0,0.0
977,1769714169.6798432,decode,420,2328775,0.9916010219288908,2328355,420,8107.808228245405,80,0,0,0,0,0.0
978,1769714169.7317874,decode,420,2329195,0.9917798594847775,2328775,420,8107.808228245405,80,0,0,0,0,0.0
979,1769714169.7837036,decode,420,2329615,0.9919586970406643,2329195,420,8107.808228245405,80,0,0,0,0,0.0
980,1769714169.836201,decode,420,2330035,0.992137534596551,2329615,420,8107.808228245405,80,0,0,0,0,0.0
981,1769714169.8880734,decode,420,2330455,0.9923163721524377,2330035,420,8107.808228245405,80,0,0,0,0,0.0
982,1769714169.9403994,decode,420,2330875,0.9924952097083245,2330455,420,8107.808228245405,80,0,0,0,0,0.0
983,1769714169.9922628,decode,420,2331295,0.9926740472642112,2330875,420,8107.808228245405,80,0,0,0,0,0.0
984,1769714170.0441415,decode,420,2331715,0.9928528848200979,2331295,420,8107.808228245405,80,0,0,0,0,0.0
985,1769714170.0962555,decode,420,2332135,0.9930317223759847,2331715,420,8107.808228245405,80,0,0,0,0,0.0
986,1769714170.1483061,decode,420,2332555,0.9932105599318715,2332135,420,8107.808228245405,80,0,0,0,0,0.0
987,1769714170.200614,decode,420,2332975,0.9933893974877581,2332555,420,8107.808228245405,80,0,0,0,0,0.0
988,1769714170.2525396,decode,420,2333395,0.9935682350436449,2332975,420,8107.808228245405,80,0,0,0,0,0.0
989,1769714170.3045158,decode,420,2333815,0.9937470725995317,2333395,420,8107.808228245405,80,0,0,0,0,0.0
990,1769714170.3566298,decode,420,2334235,0.9939259101554183,2333815,420,8107.808228245405,80,0,0,0,0,0.0
991,1769714170.4086962,decode,420,2334655,0.9941047477113051,2334235,420,8107.808228245405,80,0,0,0,0,0.0
992,1769714170.4612086,decode,420,2335075,0.9942835852671918,2334655,420,8107.808228245405,80,0,0,0,0,0.0
993,1769714170.5132182,decode,420,2335495,0.9944624228230785,2335075,420,8107.808228245405,80,0,0,0,0,0.0
994,1769714170.5652795,decode,420,2335915,0.9946412603789653,2335495,420,8107.808228245405,80,0,0,0,0,0.0
995,1769714170.6173706,decode,420,2336335,0.994820097934852,2335915,420,8107.808228245405,80,0,0,0,0,0.0
996,1769714170.6694062,decode,420,2336755,0.9949989354907388,2336335,420,8107.808228245405,80,0,0,0,0,0.0
997,1769714170.7215738,decode,420,2337175,0.9951777730466255,2336755,420,8107.808228245405,80,0,0,0,0,0.0
998,1769714170.7738986,decode,420,2337595,0.9953566106025122,2337175,420,8107.808228245405,80,0,0,0,0,0.0
999,1769714170.825931,decode,420,2338015,0.995535448158399,2337595,420,8107.808228245405,80,0,0,0,0,0.0
1000,1769714170.8780792,decode,420,2338435,0.9957142857142857,2338015,420,8107.808228245405,80,0,0,0,0,0.0
1001,1769714170.9301867,decode,420,2338855,0.9958931232701724,2338435,420,8107.808228245405,80,0,0,0,0,0.0
1002,1769714170.9823422,decode,420,2339275,0.9960719608260592,2338855,420,8107.808228245405,80,0,0,0,0,0.0
1003,1769714171.0348437,decode,420,2339695,0.996250798381946,2339275,420,8067.401046231391,80,0,0,0,0,0.0
1004,1769714171.0867794,decode,420,2340115,0.9964296359378326,2339695,420,8067.401046231391,80,0,0,0,0,0.0
1005,1769714171.1390152,decode,420,2340535,0.9966084734937194,2340115,420,8067.401046231391,80,0,0,0,0,0.0
1006,1769714171.1911247,decode,420,2340955,0.9967873110496062,2340535,420,8067.401046231391,80,0,0,0,0,0.0
1007,1769714171.2433152,decode,420,2341375,0.9969661486054928,2340955,420,8067.401046231391,80,0,0,0,0,0.0
1008,1769714171.2957249,decode,420,2341795,0.9971449861613796,2341375,420,8067.401046231391,80,0,0,0,0,0.0
1009,1769714171.3479986,decode,420,2342215,0.9973238237172664,2341795,420,8067.401046231391,80,0,0,0,0,0.0
1010,1769714171.3999898,decode,420,2342635,0.9975026612731531,2342215,420,8067.401046231391,80,0,0,0,0,0.0
1011,1769714171.452458,decode,420,2343055,0.9976814988290398,2342635,420,8067.401046231391,80,0,0,0,0,0.0
1012,1769714171.5046487,decode,420,2343475,0.9978603363849265,2343055,420,8067.401046231391,80,0,0,0,0,0.0
1013,1769714171.557058,decode,420,2343895,0.9980391739408133,2343475,420,8067.401046231391,80,0,0,0,0,0.0
1014,1769714171.6092823,decode,420,2344315,0.9982180114967,2343895,420,8067.401046231391,80,0,0,0,0,0.0
1015,1769714171.6618528,decode,420,2344735,0.9983968490525867,2344315,420,8067.401046231391,80,0,0,0,0,0.0
1016,1769714171.7140272,decode,420,2345155,0.9985756866084735,2344735,420,8067.401046231391,80,0,0,0,0,0.0
1017,1769714171.7663288,decode,420,2345575,0.9987545241643603,2345155,420,8067.401046231391,80,0,0,0,0,0.0
1018,1769714171.8187964,decode,420,2345995,0.9989333617202469,2345575,420,8067.401046231391,80,0,0,0,0,0.0
1019,1769714171.8710148,decode,420,2346415,0.9991121992761337,2345995,420,8067.401046231391,80,0,0,0,0,0.0
1020,1769714171.923274,decode,420,2346835,0.9992910368320205,2346415,420,8067.401046231391,80,0,0,0,0,0.0
1021,1769714171.975662,decode,420,2347255,0.9994698743879071,2346835,420,8067.401046231391,80,0,0,0,0,0.0
1022,1769714172.0281234,decode,420,2347675,0.9996487119437939,2347255,420,8067.401046231391,80,0,0,0,0,0.0
1023,1769714172.0808103,decode,420,2348095,0.9998275494996807,2347675,420,8067.401046231391,80,0,0,0,0,0.0
1024,1769714172.250783,decode,420,2343001,0.9976585054289973,2348095,419,8067.401046231391,80,1,0,0,0,0.0
1025,1769714172.302501,decode,419,2343420,0.9978369171811795,2343001,419,8067.401046231391,80,1,0,0,0,0.0
1026,1769714172.35466,decode,419,2343839,0.9980153289333618,2343420,419,8067.401046231391,80,1,0,0,0,0.0
1027,1769714172.4068737,decode,419,2344258,0.998193740685544,2343839,419,8067.401046231391,80,1,0,0,0,0.0
1028,1769714172.458945,decode,419,2344677,0.9983721524377263,2344258,419,8067.401046231391,80,1,0,0,0,0.0
1029,1769714172.511091,decode,419,2345096,0.9985505641899085,2344677,419,8067.401046231391,80,1,0,0,0,0.0
1030,1769714172.5633643,decode,419,2345515,0.9987289759420906,2345096,419,8067.401046231391,80,1,0,0,0,0.0
1031,1769714172.6156185,decode,419,2345934,0.9989073876942729,2345515,419,8067.401046231391,80,1,0,0,0,0.0
1032,1769714172.6690655,decode,419,2346353,0.9990857994464551,2345934,419,8067.401046231391,80,1,0,0,0,0.0
1033,1769714172.7211347,decode,419,2346772,0.9992642111986374,2346353,419,8067.401046231391,80,1,0,0,0,0.0
1034,1769714172.773387,decode,419,2347191,0.9994426229508196,2346772,419,8067.401046231391,80,1,0,0,0,0.0
1035,1769714172.825496,decode,419,2347610,0.9996210347030019,2347191,419,8067.401046231391,80,1,0,0,0,0.0
1036,1769714172.8776586,decode,419,2348029,0.9997994464551841,2347610,419,8067.401046231391,80,1,0,0,0,0.0
1037,1769714172.9310083,decode,419,2348448,0.9999778582073664,2348029,419,8067.401046231391,80,1,0,0,0,0.0
1038,1769714173.08454,decode,419,2343338,0.9978020012774111,2348448,418,8067.401046231391,80,1,0,0,0,0.0
1039,1769714173.1360817,decode,418,2343756,0.9979799872258889,2343338,418,8067.401046231391,80,1,0,0,0,0.0
1040,1769714173.1886802,decode,418,2344174,0.9981579731743666,2343756,418,8067.401046231391,80,1,0,0,0,0.0
1041,1769714173.2408206,decode,418,2344592,0.9983359591228443,2344174,418,8067.401046231391,80,1,0,0,0,0.0
1042,1769714173.2930532,decode,418,2345010,0.9985139450713221,2344592,418,8067.401046231391,80,1,0,0,0,0.0
1043,1769714173.3451116,decode,418,2345428,0.9986919310197999,2345010,418,7261.599267875976,80,1,0,0,0,0.0
1044,1769714173.397209,decode,418,2345846,0.9988699169682776,2345428,418,7261.599267875976,80,1,0,0,0,0.0
1045,1769714173.449426,decode,418,2346264,0.9990479029167554,2345846,418,7261.599267875976,80,1,0,0,0,0.0
1046,1769714173.5017068,decode,418,2346682,0.9992258888652331,2346264,418,7261.599267875976,80,1,0,0,0,0.0
1047,1769714173.5538194,decode,418,2347100,0.9994038748137108,2346682,418,7261.599267875976,80,1,0,0,0,0.0
1048,1769714173.6060684,decode,418,2347518,0.9995818607621886,2347100,418,7261.599267875976,80,1,0,0,0,0.0
1049,1769714173.6582642,decode,418,2347936,0.9997598467106664,2347518,418,7261.599267875976,80,1,0,0,0,0.0
1050,1769714173.7106013,decode,418,2348354,0.9999378326591442,2347936,418,7261.599267875976,80,1,0,0,0,0.0
1051,1769714173.864831,decode,418,2343230,0.997756014477326,2348354,417,7261.599267875976,80,1,0,0,0,0.0
1052,1769714173.9164171,decode,417,2343647,0.9979335746220992,2343230,417,7261.599267875976,80,1,0,0,0,0.0
1053,1769714173.9683754,decode,417,2344064,0.9981111347668725,2343647,417,7261.599267875976,80,1,0,0,0,0.0
1054,1769714174.020538,decode,417,2344481,0.9982886949116457,2344064,417,7261.599267875976,80,1,0,0,0,0.0
1055,1769714174.072838,decode,417,2344898,0.998466255056419,2344481,417,7261.599267875976,80,1,0,0,0,0.0
1056,1769714174.1247814,decode,417,2345315,0.9986438152011923,2344898,417,7261.599267875976,80,1,0,0,0,0.0
1057,1769714174.1769521,decode,417,2345732,0.9988213753459655,2345315,417,7261.599267875976,80,1,0,0,0,0.0
1058,1769714174.2291565,decode,417,2346149,0.9989989354907388,2345732,417,7261.599267875976,80,1,0,0,0,0.0
1059,1769714174.2814865,decode,417,2346566,0.999176495635512,2346149,417,7261.599267875976,80,1,0,0,0,0.0
1060,1769714174.3335323,decode,417,2346983,0.9993540557802852,2346566,417,7261.599267875976,80,1,0,0,0,0.0
1061,1769714174.3856118,decode,417,2347400,0.9995316159250586,2346983,417,7261.599267875976,80,1,0,0,0,0.0
1062,1769714174.4377832,decode,417,2347817,0.9997091760698318,2347400,417,7261.599267875976,80,1,0,0,0,0.0
1063,1769714174.490147,decode,417,2348234,0.9998867362146051,2347817,417,7261.599267875976,80,1,0,0,0,0.0
1064,1769714174.6442137,decode,417,2343096,0.997698956780924,2348234,416,7261.599267875976,80,1,0,0,0,0.0
1065,1769714174.6957788,decode,416,2343512,0.9978760911219927,2343096,416,7261.599267875976,80,1,0,0,0,0.0
1066,1769714174.74756,decode,416,2343928,0.9980532254630615,2343512,416,7261.599267875976,80,1,0,0,0,0.0
1067,1769714174.7997365,decode,416,2344344,0.9982303598041303,2343928,416,7261.599267875976,80,1,0,0,0,0.0
1068,1769714174.8518028,decode,416,2344760,0.998407494145199,2344344,416,7261.599267875976,80,1,0,0,0,0.0
1069,1769714174.9039006,decode,416,2345176,0.9985846284862678,2344760,416,7261.599267875976,80,1,0,0,0,0.0
1070,1769714174.9558792,decode,416,2345592,0.9987617628273366,2345176,416,7261.599267875976,80,1,0,0,0,0.0
1071,1769714175.007931,decode,416,2346008,0.9989388971684053,2345592,416,7261.599267875976,80,1,0,0,0,0.0
1072,1769714175.0600848,decode,416,2346424,0.9991160315094741,2346008,416,7261.599267875976,80,1,0,0,0,0.0
1073,1769714175.1123152,decode,416,2346840,0.999293165850543,2346424,416,7261.599267875976,80,1,0,0,0,0.0
1074,1769714175.1643887,decode,416,2347256,0.9994703001916116,2346840,416,7261.599267875976,80,1,0,0,0,0.0
1075,1769714175.2164407,decode,416,2347672,0.9996474345326805,2347256,416,7261.599267875976,80,1,0,0,0,0.0
1076,1769714175.2684906,decode,416,2348088,0.9998245688737492,2347672,416,7261.599267875976,80,1,0,0,0,0.0
1077,1769714175.4227319,decode,416,2342936,0.9976308281882053,2348088,415,7261.599267875976,80,1,0,0,0,0.0
1078,1769714175.47417,decode,415,2343351,0.9978075367255695,2342936,415,7261.599267875976,80,1,0,0,0,0.0
1079,1769714175.5260103,decode,415,2343766,0.9979842452629338,2343351,415,7261.599267875976,80,1,0,0,0,0.0
1080,1769714175.577946,decode,415,2344181,0.998160953800298,2343766,415,7261.599267875976,80,1,0,0,0,0.0
1081,1769714175.6300368,decode,415,2344596,0.9983376623376623,2344181,415,7261.599267875976,80,1,0,0,0,0.0
1082,1769714175.6819828,decode,415,2345011,0.9985143708750266,2344596,415,7261.599267875976,80,1,0,0,0,0.0
1083,1769714175.7341647,decode,415,2345426,0.9986910794123909,2345011,415,6974.719769836587,80,1,0,0,0,0.0
1084,1769714175.7859907,decode,415,2345841,0.9988677879497552,2345426,415,6974.719769836587,80,1,0,0,0,0.0
1085,1769714175.838104,decode,415,2346256,0.9990444964871195,2345841,415,6974.719769836587,80,1,0,0,0,0.0
1086,1769714175.89023,decode,415,2346671,0.9992212050244837,2346256,415,6974.719769836587,80,1,0,0,0,0.0
1087,1769714175.9422982,decode,415,2347086,0.999397913561848,2346671,415,6974.719769836587,80,1,0,0,0,0.0
1088,1769714175.9943693,decode,415,2347501,0.9995746220992122,2347086,415,6974.719769836587,80,1,0,0,0,0.0
1089,1769714176.0463865,decode,415,2347916,0.9997513306365765,2347501,415,6974.719769836587,80,1,0,0,0,0.0
1090,1769714176.0985646,decode,415,2348331,0.9999280391739408,2347916,415,6974.719769836587,80,1,0,0,0,0.0
1091,1769714176.2513397,decode,415,2343163,0.9977274856291249,2348331,414,6974.719769836587,80,1,0,0,0,0.0
1092,1769714176.3028967,decode,414,2343577,0.9979037683627847,2343163,414,6974.719769836587,80,1,0,0,0,0.0
1093,1769714176.3544881,decode,414,2343991,0.9980800510964445,2343577,414,6974.719769836587,80,1,0,0,0,0.0
1094,1769714176.4063723,decode,414,2344405,0.9982563338301044,2343991,414,6974.719769836587,80,1,0,0,0,0.0
1095,1769714176.4585497,decode,414,2344819,0.9984326165637641,2344405,414,6974.719769836587,80,1,0,0,0,0.0
1096,1769714176.510485,decode,414,2345233,0.9986088992974239,2344819,414,6974.719769836587,80,1,0,0,0,0.0
1097,1769714176.562612,decode,414,2345647,0.9987851820310837,2345233,414,6974.719769836587,80,1,0,0,0,0.0
1098,1769714176.6146235,decode,414,2346061,0.9989614647647435,2345647,414,6974.719769836587,80,1,0,0,0,0.0
1099,1769714176.6666899,decode,414,2346475,0.9991377474984032,2346061,414,6974.719769836587,80,1,0,0,0,0.0
1100,1769714176.7189426,decode,414,2346889,0.999314030232063,2346475,414,6974.719769836587,80,1,0,0,0,0.0
1101,1769714176.7708044,decode,414,2347303,0.9994903129657228,2346889,414,6974.719769836587,80,1,0,0,0,0.0
1102,1769714176.8227441,decode,414,2347717,0.9996665956993825,2347303,414,6974.719769836587,80,1,0,0,0,0.0
1103,1769714176.8747866,decode,414,2348131,0.9998428784330423,2347717,414,6974.719769836587,80,1,0,0,0,0.0
1104,1769714177.0278559,decode,414,2342949,0.9976363636363637,2348131,413,6974.719769836587,80,1,0,0,0,0.0
1105,1769714177.0792823,decode,413,2343362,0.9978122205663189,2342949,413,6974.719769836587,80,1,0,0,0,0.0
1106,1769714177.1310272,decode,413,2343775,0.9979880774962743,2343362,413,6974.719769836587,80,1,0,0,0,0.0
1107,1769714177.1829298,decode,413,2344188,0.9981639344262295,2343775,413,6974.719769836587,80,1,0,0,0,0.0
1108,1769714177.234949,decode,413,2344601,0.9983397913561848,2344188,413,6974.719769836587,80,1,0,0,0,0.0
1109,1769714177.2868984,decode,413,2345014,0.99851564828614,2344601,413,6974.719769836587,80,1,0,0,0,0.0
1110,1769714177.3388968,decode,413,2345427,0.9986915052160954,2345014,413,6974.719769836587,80,1,0,0,0,0.0
1111,1769714177.3907855,decode,413,2345840,0.9988673621460507,2345427,413,6974.719769836587,80,1,0,0,0,0.0
1112,1769714177.4428706,decode,413,2346253,0.9990432190760059,2345840,413,6974.719769836587,80,1,0,0,0,0.0
1113,1769714177.4954352,decode,413,2346666,0.9992190760059613,2346253,413,6974.719769836587,80,1,0,0,0,0.0
1114,1769714177.5473213,decode,413,2347079,0.9993949329359165,2346666,413,6974.719769836587,80,1,0,0,0,0.0
1115,1769714177.5991328,decode,413,2347492,0.9995707898658718,2347079,413,6974.719769836587,80,1,0,0,0,0.0
1116,1769714177.6510715,decode,413,2347905,0.9997466467958271,2347492,413,6974.719769836587,80,1,0,0,0,0.0
1117,1769714177.703104,decode,413,2348318,0.9999225037257824,2347905,413,6974.719769836587,80,1,0,0,0,0.0
1118,1769714177.8567426,decode,413,2343121,0.9977096018735363,2348318,412,6974.719769836587,80,1,0,0,0,0.0
1119,1769714177.9080968,decode,412,2343533,0.9978850329997871,2343121,412,6974.719769836587,80,1,0,0,0,0.0
1120,1769714177.9597936,decode,412,2343945,0.9980604641260379,2343533,412,6974.719769836587,80,1,0,0,0,0.0
1121,1769714178.0117419,decode,412,2344357,0.9982358952522887,2343945,412,6974.719769836587,80,1,0,0,0,0.0
1122,1769714178.0637176,decode,412,2344769,0.9984113263785395,2344357,412,6974.719769836587,80,1,0,0,0,0.0
1123,1769714178.1160643,decode,412,2345181,0.9985867575047903,2344769,412,6945.7430830512085,80,1,0,0,0,0.0
1124,1769714178.1678088,decode,412,2345593,0.998762188631041,2345181,412,6945.7430830512085,80,1,0,0,0,0.0
1125,1769714178.2196476,decode,412,2346005,0.9989376197572919,2345593,412,6945.7430830512085,80,1,0,0,0,0.0
1126,1769714178.2715678,decode,412,2346417,0.9991130508835427,2346005,412,6945.7430830512085,80,1,0,0,0,0.0
1127,1769714178.3237176,decode,412,2346829,0.9992884820097935,2346417,412,6945.7430830512085,80,1,0,0,0,0.0
1128,1769714178.375768,decode,412,2347241,0.9994639131360443,2346829,412,6945.7430830512085,80,1,0,0,0,0.0
1129,1769714178.4277816,decode,412,2347653,0.9996393442622951,2347241,412,6945.7430830512085,80,1,0,0,0,0.0
1130,1769714178.4797506,decode,412,2348065,0.9998147753885459,2347653,412,6945.7430830512085,80,1,0,0,0,0.0
1131,1769714178.53171,decode,412,2348477,0.9999902065147966,2348065,412,6945.7430830512085,80,1,0,0,0,0.0
1132,1769714178.6849282,decode,412,2343265,0.9977709176069832,2348477,411,6945.7430830512085,80,1,0,0,0,0.0
1133,1769714178.7361646,decode,411,2343676,0.9979459229295294,2343265,411,6945.7430830512085,80,1,0,0,0,0.0
1134,1769714178.7879126,decode,411,2344087,0.9981209282520758,2343676,411,6945.7430830512085,80,1,0,0,0,0.0
1135,1769714178.8399603,decode,411,2344498,0.9982959335746221,2344087,411,6945.7430830512085,80,1,0,0,0,0.0
1136,1769714178.891949,decode,411,2344909,0.9984709388971684,2344498,411,6945.7430830512085,80,1,0,0,0,0.0
1137,1769714178.9440005,decode,411,2345320,0.9986459442197148,2344909,411,6945.7430830512085,80,1,0,0,0,0.0
1138,1769714178.9958963,decode,411,2345731,0.998820949542261,2345320,411,6945.7430830512085,80,1,0,0,0,0.0
1139,1769714179.0482435,decode,411,2346142,0.9989959548648073,2345731,411,6945.7430830512085,80,1,0,0,0,0.0
1140,1769714179.1003466,decode,411,2346553,0.9991709601873536,2346142,411,6945.7430830512085,80,1,0,0,0,0.0
1141,1769714179.1525733,decode,411,2346964,0.9993459655099,2346553,411,6945.7430830512085,80,1,0,0,0,0.0
1142,1769714179.2047791,decode,411,2347375,0.9995209708324463,2346964,411,6945.7430830512085,80,1,0,0,0,0.0
1143,1769714179.2566357,decode,411,2347786,0.9996959761549925,2347375,411,6945.7430830512085,80,1,0,0,0,0.0
1144,1769714179.3086956,decode,411,2348197,0.9998709814775388,2347786,411,6945.7430830512085,80,1,0,0,0,0.0
1145,1769714179.4620285,decode,411,2342971,0.9976457313178625,2348197,410,6945.7430830512085,80,1,0,0,0,0.0
1146,1769714179.513597,decode,410,2343381,0.9978203108367043,2342971,410,6945.7430830512085,80,1,0,0,0,0.0
1147,1769714179.5653234,decode,410,2343791,0.9979948903555461,2343381,410,6945.7430830512085,80,1,0,0,0,0.0
1148,1769714179.6171966,decode,410,2344201,0.9981694698743879,2343791,410,6945.7430830512085,80,1,0,0,0,0.0
1149,1769714179.6692593,decode,410,2344611,0.9983440493932297,2344201,410,6945.7430830512085,80,1,0,0,0,0.0
1150,1769714179.7213926,decode,410,2345021,0.9985186289120715,2344611,410,6945.7430830512085,80,1,0,0,0,0.0
1151,1769714179.7735307,decode,410,2345431,0.9986932084309134,2345021,410,6945.7430830512085,80,1,0,0,0,0.0
1152,1769714179.825481,decode,410,2345841,0.9988677879497552,2345431,410,6945.7430830512085,80,1,0,0,0,0.0
1153,1769714179.8774312,decode,410,2346251,0.999042367468597,2345841,410,6945.7430830512085,80,1,0,0,0,0.0
1154,1769714179.9297357,decode,410,2346661,0.9992169469874388,2346251,410,6945.7430830512085,80,1,0,0,0,0.0
1155,1769714179.981715,decode,410,2347071,0.9993915265062806,2346661,410,6945.7430830512085,80,1,0,0,0,0.0
1156,1769714180.0337062,decode,410,2347481,0.9995661060251224,2347071,410,6945.7430830512085,80,1,0,0,0,0.0
1157,1769714180.0862195,decode,410,2347891,0.9997406855439642,2347481,410,6945.7430830512085,80,1,0,0,0,0.0
1158,1769714180.1378326,decode,410,2348301,0.999915265062806,2347891,410,6945.7430830512085,80,1,0,0,0,0.0
1159,1769714180.2910268,decode,410,2343059,0.9976832020438577,2348301,409,6945.7430830512085,80,1,0,0,0,0.0
1160,1769714180.3421788,decode,409,2343468,0.9978573557589951,2343059,409,6945.7430830512085,80,1,0,0,0,0.0
1161,1769714180.3938816,decode,409,2343877,0.9980315094741324,2343468,409,6945.7430830512085,80,1,0,0,0,0.0
1162,1769714180.446045,decode,409,2344286,0.9982056631892697,2343877,409,6945.7430830512085,80,1,0,0,0,0.0
1163,1769714180.49922,decode,409,2344695,0.998379816904407,2344286,409,6892.9861782160015,80,1,0,0,0,0.0
1164,1769714180.550755,decode,409,2345104,0.9985539706195444,2344695,409,6892.9861782160015,80,1,0,0,0,0.0
1165,1769714180.60266,decode,409,2345513,0.9987281243346817,2345104,409,6892.9861782160015,80,1,0,0,0,0.0
1166,1769714180.6544065,decode,409,2345922,0.998902278049819,2345513,409,6892.9861782160015,80,1,0,0,0,0.0
1167,1769714180.7064042,decode,409,2346331,0.9990764317649563,2345922,409,6892.9861782160015,80,1,0,0,0,0.0
1168,1769714180.758451,decode,409,2346740,0.9992505854800937,2346331,409,6892.9861782160015,80,1,0,0,0,0.0
1169,1769714180.8105419,decode,409,2347149,0.999424739195231,2346740,409,6892.9861782160015,80,1,0,0,0,0.0
1170,1769714180.862546,decode,409,2347558,0.9995988929103683,2347149,409,6892.9861782160015,80,1,0,0,0,0.0
1171,1769714180.9145234,decode,409,2347967,0.9997730466255056,2347558,409,6892.9861782160015,80,1,0,0,0,0.0
1172,1769714180.966565,decode,409,2348376,0.999947200340643,2347967,409,6892.9861782160015,80,1,0,0,0,0.0
1173,1769714181.1195376,decode,409,2343119,0.9977087502661273,2348376,408,6892.9861782160015,80,1,0,0,0,0.0
1174,1769714181.1707873,decode,408,2343527,0.9978824781775602,2343119,408,6892.9861782160015,80,1,0,0,0,0.0
1175,1769714181.2225397,decode,408,2343935,0.9980562060889929,2343527,408,6892.9861782160015,80,1,0,0,0,0.0
1176,1769714181.274604,decode,408,2344343,0.9982299340004258,2343935,408,6892.9861782160015,80,1,0,0,0,0.0
1177,1769714181.3265972,decode,408,2344751,0.9984036619118586,2344343,408,6892.9861782160015,80,1,0,0,0,0.0
1178,1769714181.3797503,decode,408,2345159,0.9985773898232915,2344751,408,6892.9861782160015,80,1,0,0,0,0.0
1179,1769714181.4304678,decode,408,2345567,0.9987511177347242,2345159,408,6892.9861782160015,80,1,0,0,0,0.0
1180,1769714181.4825437,decode,408,2345975,0.9989248456461571,2345567,408,6892.9861782160015,80,1,0,0,0,0.0
1181,1769714181.5346124,decode,408,2346383,0.9990985735575899,2345975,408,6892.9861782160015,80,1,0,0,0,0.0
1182,1769714181.5865417,decode,408,2346791,0.9992723014690228,2346383,408,6892.9861782160015,80,1,0,0,0,0.0
1183,1769714181.6385849,decode,408,2347199,0.9994460293804556,2346791,408,6892.9861782160015,80,1,0,0,0,0.0
1184,1769714181.6905136,decode,408,2347607,0.9996197572918885,2347199,408,6892.9861782160015,80,1,0,0,0,0.0
1185,1769714181.7425644,decode,408,2348015,0.9997934852033212,2347607,408,6892.9861782160015,80,1,0,0,0,0.0
1186,1769714181.794541,decode,408,2348423,0.9999672131147541,2348015,408,6892.9861782160015,80,1,0,0,0,0.0
1187,1769714181.9474,decode,408,2343151,0.9977223759846711,2348423,407,6892.9861782160015,80,1,0,0,0,0.0
1188,1769714181.9987838,decode,407,2343558,0.9978956780923994,2343151,407,6892.9861782160015,80,1,0,0,0,0.0
1189,1769714182.0504434,decode,407,2343965,0.9980689802001277,2343558,407,6892.9861782160015,80,1,0,0,0,0.0
1190,1769714182.1027732,decode,407,2344372,0.998242282307856,2343965,407,6892.9861782160015,80,1,0,0,0,0.0
1191,1769714182.154594,decode,407,2344779,0.9984155844155844,2344372,407,6892.9861782160015,80,1,0,0,0,0.0
1192,1769714182.2067761,decode,407,2345186,0.9985888865233128,2344779,407,6892.9861782160015,80,1,0,0,0,0.0
1193,1769714182.2585554,decode,407,2345593,0.998762188631041,2345186,407,6892.9861782160015,80,1,0,0,0,0.0
1194,1769714182.3105948,decode,407,2346000,0.9989354907387694,2345593,407,6892.9861782160015,80,1,0,0,0,0.0
1195,1769714182.3626287,decode,407,2346407,0.9991087928464978,2346000,407,6892.9861782160015,80,1,0,0,0,0.0
1196,1769714182.4145303,decode,407,2346814,0.9992820949542262,2346407,407,6892.9861782160015,80,1,0,0,0,0.0
1197,1769714182.4666421,decode,407,2347221,0.9994553970619544,2346814,407,6892.9861782160015,80,1,0,0,0,0.0
1198,1769714182.5187209,decode,407,2347628,0.9996286991696828,2347221,407,6892.9861782160015,80,1,0,0,0,0.0
1199,1769714182.5706954,decode,407,2348035,0.9998020012774111,2347628,407,6892.9861782160015,80,1,0,0,0,0.0
1200,1769714182.623035,decode,407,2348442,0.9999753033851394,2348035,407,6892.9861782160015,80,1,0,0,0,0.0
1201,1769714182.7760599,decode,407,2343155,0.997724079199489,2348442,406,6892.9861782160015,80,1,0,0,0,0.0
1202,1769714182.8275676,decode,406,2343561,0.9978969555035129,2343155,406,6892.9861782160015,80,1,0,0,0,0.0
1203,1769714182.87939,decode,406,2343967,0.9980698318075367,2343561,406,6853.240864327537,80,1,0,0,0,0.0
1204,1769714182.9312313,decode,406,2344373,0.9982427081115606,2343967,406,6853.240864327537,80,1,0,0,0,0.0
1205,1769714182.9832911,decode,406,2344779,0.9984155844155844,2344373,406,6853.240864327537,80,1,0,0,0,0.0
1206,1769714183.0353072,decode,406,2345185,0.9985884607196083,2344779,406,6853.240864327537,80,1,0,0,0,0.0
1207,1769714183.0872817,decode,406,2345591,0.9987613370236321,2345185,406,6853.240864327537,80,1,0,0,0,0.0
1208,1769714183.1390562,decode,406,2345997,0.998934213327656,2345591,406,6853.240864327537,80,1,0,0,0,0.0
1209,1769714183.1912723,decode,406,2346403,0.9991070896316798,2345997,406,6853.240864327537,80,1,0,0,0,0.0
1210,1769714183.2430816,decode,406,2346809,0.9992799659357037,2346403,406,6853.240864327537,80,1,0,0,0,0.0
1211,1769714183.2950077,decode,406,2347215,0.9994528422397275,2346809,406,6853.240864327537,80,1,0,0,0,0.0
1212,1769714183.3470612,decode,406,2347621,0.9996257185437514,2347215,406,6853.240864327537,80,1,0,0,0,0.0
1213,1769714183.3991435,decode,406,2348027,0.9997985948477752,2347621,406,6853.240864327537,80,1,0,0,0,0.0
1214,1769714183.451467,decode,406,2348433,0.9999714711517991,2348027,406,6853.240864327537,80,1,0,0,0,0.0
1215,1769714183.6042995,decode,406,2343130,0.9977134341068767,2348433,405,6853.240864327537,80,1,0,0,0,0.0
1216,1769714183.6556609,decode,405,2343535,0.9978858846071961,2343130,405,6853.240864327537,80,1,0,0,0,0.0
1217,1769714183.707679,decode,405,2343940,0.9980583351075154,2343535,405,6853.240864327537,80,1,0,0,0,0.0
1218,1769714183.7595422,decode,405,2344345,0.9982307856078347,2343940,405,6853.240864327537,80,1,0,0,0,0.0
1219,1769714183.8113952,decode,405,2344750,0.9984032361081542,2344345,405,6853.240864327537,80,1,0,0,0,0.0
1220,1769714183.8633244,decode,405,2345155,0.9985756866084735,2344750,405,6853.240864327537,80,1,0,0,0,0.0
1221,1769714183.9151685,decode,405,2345560,0.9987481371087928,2345155,405,6853.240864327537,80,1,0,0,0,0.0
1222,1769714183.96724,decode,405,2345965,0.9989205876091122,2345560,405,6853.240864327537,80,1,0,0,0,0.0
1223,1769714184.0192595,decode,405,2346370,0.9990930381094315,2345965,405,6853.240864327537,80,1,0,0,0,0.0
1224,1769714184.0713203,decode,405,2346775,0.999265488609751,2346370,405,6853.240864327537,80,1,0,0,0,0.0
1225,1769714184.123413,decode,405,2347180,0.9994379391100703,2346775,405,6853.240864327537,80,1,0,0,0,0.0
1226,1769714184.1758187,decode,405,2347585,0.9996103896103896,2347180,405,6853.240864327537,80,1,0,0,0,0.0
1227,1769714184.227831,decode,405,2347990,0.999782840110709,2347585,405,6853.240864327537,80,1,0,0,0,0.0
1228,1769714184.2800155,decode,405,2348395,0.9999552906110283,2347990,405,6853.240864327537,80,1,0,0,0,0.0
1229,1769714184.4330275,decode,405,2343077,0.9976908665105386,2348395,404,6853.240864327537,80,1,0,0,0,0.0
1230,1769714184.4844782,decode,404,2343481,0.9978628912071535,2343077,404,6853.240864327537,80,1,0,0,0,0.0
1231,1769714184.5362766,decode,404,2343885,0.9980349159037684,2343481,404,6853.240864327537,80,1,0,0,0,0.0
1232,1769714184.5880375,decode,404,2344289,0.9982069406003832,2343885,404,6853.240864327537,80,1,0,0,0,0.0
1233,1769714184.6399355,decode,404,2344693,0.9983789652969981,2344289,404,6853.240864327537,80,1,0,0,0,0.0
1234,1769714184.6917737,decode,404,2345097,0.9985509899936129,2344693,404,6853.240864327537,80,1,0,0,0,0.0
1235,1769714184.7437737,decode,404,2345501,0.9987230146902278,2345097,404,6853.240864327537,80,1,0,0,0,0.0
1236,1769714184.797796,decode,404,2345905,0.9988950393868427,2345501,404,6853.240864327537,80,1,0,0,0,0.0
1237,1769714184.8479593,decode,404,2346309,0.9990670640834576,2345905,404,6853.240864327537,80,1,0,0,0,0.0
1238,1769714184.899845,decode,404,2346713,0.9992390887800724,2346309,404,6853.240864327537,80,1,0,0,0,0.0
1239,1769714184.9518497,decode,404,2347117,0.9994111134766872,2346713,404,6853.240864327537,80,1,0,0,0,0.0
1240,1769714185.0038373,decode,404,2347521,0.9995831381733021,2347117,404,6853.240864327537,80,1,0,0,0,0.0
1241,1769714185.0562303,decode,404,2347925,0.999755162869917,2347521,404,6853.240864327537,80,1,0,0,0,0.0
1242,1769714185.1083868,decode,404,2348329,0.9999271875665319,2347925,404,6853.240864327537,80,1,0,0,0,0.0
1243,1769714185.2618325,decode,404,2342996,0.9976563764104748,2348329,403,6798.869114155824,80,1,0,0,0,0.0
1244,1769714185.313187,decode,403,2343399,0.9978279753033852,2342996,403,6798.869114155824,80,1,0,0,0,0.0
1245,1769714185.3649354,decode,403,2343802,0.9979995741962955,2343399,403,6798.869114155824,80,1,0,0,0,0.0
1246,1769714185.4166727,decode,403,2344205,0.9981711730892059,2343802,403,6798.869114155824,80,1,0,0,0,0.0
1247,1769714185.4686391,decode,403,2344608,0.9983427719821163,2344205,403,6798.869114155824,80,1,0,0,0,0.0
1248,1769714185.5206811,decode,403,2345011,0.9985143708750266,2344608,403,6798.869114155824,80,1,0,0,0,0.0
1249,1769714185.572738,decode,403,2345414,0.998685969767937,2345011,403,6798.869114155824,80,1,0,0,0,0.0
1250,1769714185.6247709,decode,403,2345817,0.9988575686608473,2345414,403,6798.869114155824,80,1,0,0,0,0.0
1251,1769714185.6766992,decode,403,2346220,0.9990291675537577,2345817,403,6798.869114155824,80,1,0,0,0,0.0
1252,1769714185.728619,decode,403,2346623,0.9992007664466681,2346220,403,6798.869114155824,80,1,0,0,0,0.0
1253,1769714185.7806573,decode,403,2347026,0.9993723653395784,2346623,403,6798.869114155824,80,1,0,0,0,0.0
1254,1769714185.832726,decode,403,2347429,0.9995439642324888,2347026,403,6798.869114155824,80,1,0,0,0,0.0
1255,1769714185.8850217,decode,403,2347832,0.9997155631253992,2347429,403,6798.869114155824,80,1,0,0,0,0.0
1256,1769714185.9369404,decode,403,2348235,0.9998871620183095,2347832,403,6798.869114155824,80,1,0,0,0,0.0
1257,1769714186.091136,decode,403,2342887,0.9976099638066851,2348235,402,6798.869114155824,80,1,0,0,0,0.0
1258,1769714186.142162,decode,402,2343289,0.997781136895891,2342887,402,6798.869114155824,80,1,0,0,0,0.0
1259,1769714186.1939266,decode,402,2343691,0.9979523099850969,2343289,402,6798.869114155824,80,1,0,0,0,0.0
1260,1769714186.2458684,decode,402,2344093,0.9981234830743028,2343691,402,6798.869114155824,80,1,0,0,0,0.0
1261,1769714186.2978735,decode,402,2344495,0.9982946561635087,2344093,402,6798.869114155824,80,1,0,0,0,0.0
1262,1769714186.349748,decode,402,2344897,0.9984658292527145,2344495,402,6798.869114155824,80,1,0,0,0,0.0
1263,1769714186.4019234,decode,402,2345299,0.9986370023419203,2344897,402,6798.869114155824,80,1,0,0,0,0.0
1264,1769714186.4538941,decode,402,2345701,0.9988081754311262,2345299,402,6798.869114155824,80,1,0,0,0,0.0
1265,1769714186.5061793,decode,402,2346103,0.9989793485203321,2345701,402,6798.869114155824,80,1,0,0,0,0.0
1266,1769714186.558053,decode,402,2346505,0.999150521609538,2346103,402,6798.869114155824,80,1,0,0,0,0.0
1267,1769714186.6101804,decode,402,2346907,0.9993216946987439,2346505,402,6798.869114155824,80,1,0,0,0,0.0
1268,1769714186.662383,decode,402,2347309,0.9994928677879498,2346907,402,6798.869114155824,80,1,0,0,0,0.0
1269,1769714186.7145054,decode,402,2347711,0.9996640408771557,2347309,402,6798.869114155824,80,1,0,0,0,0.0
1270,1769714186.7663603,decode,402,2348113,0.9998352139663615,2347711,402,6798.869114155824,80,1,0,0,0,0.0
1271,1769714186.9198582,decode,402,2342750,0.9975516286991697,2348113,401,6798.869114155824,80,1,0,0,0,0.0
1272,1769714186.9714608,decode,401,2343151,0.9977223759846711,2342750,401,6798.869114155824,80,1,0,0,0,0.0
1273,1769714187.0231192,decode,401,2343552,0.9978931232701724,2343151,401,6798.869114155824,80,1,0,0,0,0.0
1274,1769714187.0749335,decode,401,2343953,0.9980638705556738,2343552,401,6798.869114155824,80,1,0,0,0,0.0
1275,1769714187.1268723,decode,401,2344354,0.9982346178411752,2343953,401,6798.869114155824,80,1,0,0,0,0.0
1276,1769714187.1788282,decode,401,2344755,0.9984053651266765,2344354,401,6798.869114155824,80,1,0,0,0,0.0
1277,1769714187.2311416,decode,401,2345156,0.998576112412178,2344755,401,6798.869114155824,80,1,0,0,0,0.0
1278,1769714187.2830522,decode,401,2345557,0.9987468596976794,2345156,401,6798.869114155824,80,1,0,0,0,0.0
1279,1769714187.3349903,decode,401,2345958,0.9989176069831808,2345557,401,6798.869114155824,80,1,0,0,0,0.0
1280,1769714187.387018,decode,401,2346359,0.9990883542686821,2345958,401,6798.869114155824,80,1,0,0,0,0.0
1281,1769714187.438921,decode,401,2346760,0.9992591015541835,2346359,401,6798.869114155824,80,1,0,0,0,0.0
1282,1769714187.4911788,decode,401,2347161,0.9994298488396849,2346760,401,6798.869114155824,80,1,0,0,0,0.0
1283,1769714187.5432029,decode,401,2347562,0.9996005961251863,2347161,401,7049.331993197013,80,1,0,0,0,0.0
1284,1769714187.595169,decode,401,2347963,0.9997713434106876,2347562,401,7049.331993197013,80,1,0,0,0,0.0
1285,1769714187.647352,decode,401,2348364,0.9999420906961891,2347963,401,7049.331993197013,80,1,0,0,0,0.0
1286,1769714187.8018606,decode,401,2342984,0.9976512667660209,2348364,400,7049.331993197013,80,1,0,0,0,0.0
1287,1769714187.853109,decode,400,2343384,0.9978215882478177,2342984,400,7049.331993197013,80,1,0,0,0,0.0
1288,1769714187.9049325,decode,400,2343784,0.9979919097296146,2343384,400,7049.331993197013,80,1,0,0,0,0.0
1289,1769714187.9569178,decode,400,2344184,0.9981622312114116,2343784,400,7049.331993197013,80,1,0,0,0,0.0
1290,1769714188.0091202,decode,400,2344584,0.9983325526932084,2344184,400,7049.331993197013,80,1,0,0,0,0.0
1291,1769714188.0610812,decode,400,2344984,0.9985028741750053,2344584,400,7049.331993197013,80,1,0,0,0,0.0
1292,1769714188.1133456,decode,400,2345384,0.9986731956568022,2344984,400,7049.331993197013,80,1,0,0,0,0.0
1293,1769714188.1650825,decode,400,2345784,0.9988435171385991,2345384,400,7049.331993197013,80,1,0,0,0,0.0
1294,1769714188.2170796,decode,400,2346184,0.9990138386203959,2345784,400,7049.331993197013,80,1,0,0,0,0.0
1295,1769714188.268932,decode,400,2346584,0.9991841601021929,2346184,400,7049.331993197013,80,1,0,0,0,0.0
1296,1769714188.3212657,decode,400,2346984,0.9993544815839898,2346584,400,7049.331993197013,80,1,0,0,0,0.0
1297,1769714188.3732822,decode,400,2347384,0.9995248030657867,2346984,400,7049.331993197013,80,1,0,0,0,0.0
1298,1769714188.4252262,decode,400,2347784,0.9996951245475836,2347384,400,7049.331993197013,80,1,0,0,0,0.0
1299,1769714188.4773316,decode,400,2348184,0.9998654460293804,2347784,400,7049.331993197013,80,1,0,0,0,0.0
1300,1769714188.6311386,decode,400,2342789,0.9975682350436449,2348184,399,7049.331993197013,80,1,0,0,0,0.0
1301,1769714188.6823823,decode,399,2343188,0.9977381307217372,2342789,399,7049.331993197013,80,1,0,0,0,0.0
1302,1769714188.7341318,decode,399,2343587,0.9979080263998297,2343188,399,7049.331993197013,80,1,0,0,0,0.0
1303,1769714188.785996,decode,399,2343986,0.9980779220779221,2343587,399,7049.331993197013,80,1,0,0,0,0.0
1304,1769714188.8380365,decode,399,2344385,0.9982478177560145,2343986,399,7049.331993197013,80,1,0,0,0,0.0
1305,1769714188.8899033,decode,399,2344784,0.9984177134341069,2344385,399,7049.331993197013,80,1,0,0,0,0.0
1306,1769714188.9418118,decode,399,2345183,0.9985876091121992,2344784,399,7049.331993197013,80,1,0,0,0,0.0
1307,1769714188.993781,decode,399,2345582,0.9987575047902917,2345183,399,7049.331993197013,80,1,0,0,0,0.0
1308,1769714189.0457904,decode,399,2345981,0.9989274004683841,2345582,399,7049.331993197013,80,1,0,0,0,0.0
1309,1769714189.0982687,decode,399,2346380,0.9990972961464765,2345981,399,7049.331993197013,80,1,0,0,0,0.0
1310,1769714189.1502492,decode,399,2346779,0.9992671918245689,2346380,399,7049.331993197013,80,1,0,0,0,0.0
1311,1769714189.2021325,decode,399,2347178,0.9994370875026612,2346779,399,7049.331993197013,80,1,0,0,0,0.0
1312,1769714189.2541568,decode,399,2347577,0.9996069831807537,2347178,399,7049.331993197013,80,1,0,0,0,0.0
1313,1769714189.3062794,decode,399,2347976,0.999776878858846,2347577,399,7049.331993197013,80,1,0,0,0,0.0
1314,1769714189.358519,decode,399,2348375,0.9999467745369385,2347976,399,7049.331993197013,80,1,0,0,0,0.0
1315,1769714189.5119934,decode,399,2342964,0.997642750691931,2348375,398,7049.331993197013,80,1,0,0,0,0.0
1316,1769714189.5632417,decode,398,2343362,0.9978122205663189,2342964,398,7049.331993197013,80,1,0,0,0,0.0
1317,1769714189.6150646,decode,398,2343760,0.9979816904407068,2343362,398,7049.331993197013,80,1,0,0,0,0.0
1318,1769714189.6672697,decode,398,2344158,0.9981511603150948,2343760,398,7049.331993197013,80,1,0,0,0,0.0
1319,1769714189.7191632,decode,398,2344556,0.9983206301894827,2344158,398,7049.331993197013,80,1,0,0,0,0.0
1320,1769714189.771202,decode,398,2344954,0.9984901000638705,2344556,398,7049.331993197013,80,1,0,0,0,0.0
1321,1769714189.8232713,decode,398,2345352,0.9986595699382584,2344954,398,7049.331993197013,80,1,0,0,0,0.0
1322,1769714189.8751993,decode,398,2345750,0.9988290398126464,2345352,398,7049.331993197013,80,1,0,0,0,0.0
1323,1769714189.9274943,decode,398,2346148,0.9989985096870343,2345750,398,6698.847600159777,80,1,0,0,0,0.0
1324,1769714189.9792945,decode,398,2346546,0.9991679795614222,2346148,398,6698.847600159777,80,1,0,0,0,0.0
1325,1769714190.0313954,decode,398,2346944,0.99933744943581,2346546,398,6698.847600159777,80,1,0,0,0,0.0
1326,1769714190.0838242,decode,398,2347342,0.999506919310198,2346944,398,6698.847600159777,80,1,0,0,0,0.0
1327,1769714190.135611,decode,398,2347740,0.9996763891845859,2347342,398,6698.847600159777,80,1,0,0,0,0.0
1328,1769714190.1878836,decode,398,2348138,0.9998458590589738,2347740,398,6698.847600159777,80,1,0,0,0,0.0
1329,1769714190.3409462,decode,398,2342712,0.997535448158399,2348138,397,6698.847600159777,80,1,0,0,0,0.0
1330,1769714190.392513,decode,397,2343109,0.9977044922290824,2342712,397,6698.847600159777,80,1,0,0,0,0.0
1331,1769714190.4445126,decode,397,2343506,0.9978735362997658,2343109,397,6698.847600159777,80,1,0,0,0,0.0
1332,1769714190.4965124,decode,397,2343903,0.9980425803704492,2343506,397,6698.847600159777,80,1,0,0,0,0.0
1333,1769714190.5484836,decode,397,2344300,0.9982116244411326,2343903,397,6698.847600159777,80,1,0,0,0,0.0
1334,1769714190.6004665,decode,397,2344697,0.9983806685118161,2344300,397,6698.847600159777,80,1,0,0,0,0.0
1335,1769714190.6524706,decode,397,2345094,0.9985497125824995,2344697,397,6698.847600159777,80,1,0,0,0,0.0
1336,1769714190.7044277,decode,397,2345491,0.9987187566531829,2345094,397,6698.847600159777,80,1,0,0,0,0.0
1337,1769714190.7566032,decode,397,2345888,0.9988878007238663,2345491,397,6698.847600159777,80,1,0,0,0,0.0
1338,1769714190.8086112,decode,397,2346285,0.9990568447945497,2345888,397,6698.847600159777,80,1,0,0,0,0.0
1339,1769714190.8606532,decode,397,2346682,0.9992258888652331,2346285,397,6698.847600159777,80,1,0,0,0,0.0
1340,1769714190.9127107,decode,397,2347079,0.9993949329359165,2346682,397,6698.847600159777,80,1,0,0,0,0.0
1341,1769714190.9646745,decode,397,2347476,0.9995639770065999,2347079,397,6698.847600159777,80,1,0,0,0,0.0
1342,1769714191.0172317,decode,397,2347873,0.9997330210772833,2347476,397,6698.847600159777,80,1,0,0,0,0.0
1343,1769714191.0691528,decode,397,2348270,0.9999020651479668,2347873,397,6698.847600159777,80,1,0,0,0,0.0
1344,1769714191.2219386,decode,397,2342827,0.9975844155844156,2348270,396,6698.847600159777,80,1,0,0,0,0.0
1345,1769714191.2735088,decode,396,2343223,0.9977530338513945,2342827,396,6698.847600159777,80,1,0,0,0,0.0
1346,1769714191.3255658,decode,396,2343619,0.9979216521183735,2343223,396,6698.847600159777,80,1,0,0,0,0.0
1347,1769714191.3774028,decode,396,2344015,0.9980902703853524,2343619,396,6698.847600159777,80,1,0,0,0,0.0
1348,1769714191.4293222,decode,396,2344411,0.9982588886523313,2344015,396,6698.847600159777,80,1,0,0,0,0.0
1349,1769714191.4814658,decode,396,2344807,0.9984275069193101,2344411,396,6698.847600159777,80,1,0,0,0,0.0
1350,1769714191.5336926,decode,396,2345203,0.9985961251862892,2344807,396,6698.847600159777,80,1,0,0,0,0.0
1351,1769714191.585659,decode,396,2345599,0.998764743453268,2345203,396,6698.847600159777,80,1,0,0,0,0.0
1352,1769714191.6375804,decode,396,2345995,0.9989333617202469,2345599,396,6698.847600159777,80,1,0,0,0,0.0
1353,1769714191.6895895,decode,396,2346391,0.9991019799872259,2345995,396,6698.847600159777,80,1,0,0,0,0.0
1354,1769714191.741728,decode,396,2346787,0.9992705982542048,2346391,396,6698.847600159777,80,1,0,0,0,0.0
1355,1769714191.7939453,decode,396,2347183,0.9994392165211837,2346787,396,6698.847600159777,80,1,0,0,0,0.0
1356,1769714191.8459551,decode,396,2347579,0.9996078347881626,2347183,396,6698.847600159777,80,1,0,0,0,0.0
1357,1769714191.898058,decode,396,2347975,0.9997764530551416,2347579,396,6698.847600159777,80,1,0,0,0,0.0
1358,1769714191.9500546,decode,396,2348371,0.9999450713221205,2347975,396,6698.847600159777,80,1,0,0,0,0.0
1359,1769714192.1031744,decode,396,2342912,0.9976206088992974,2348371,395,6698.847600159777,80,1,0,0,0,0.0
1360,1769714192.1544547,decode,395,2343307,0.9977888013625719,2342912,395,6698.847600159777,80,1,0,0,0,0.0
1361,1769714192.206219,decode,395,2343702,0.9979569938258462,2343307,395,6698.847600159777,80,1,0,0,0,0.0
1362,1769714192.2581377,decode,395,2344097,0.9981251862891207,2343702,395,6698.847600159777,80,1,0,0,0,0.0
1363,1769714192.310293,decode,395,2344492,0.9982933787523951,2344097,395,6657.301095400087,80,1,0,0,0,0.0
1364,1769714192.362284,decode,395,2344887,0.9984615712156696,2344492,395,6657.301095400087,80,1,0,0,0,0.0
1365,1769714192.4142637,decode,395,2345282,0.998629763678944,2344887,395,6657.301095400087,80,1,0,0,0,0.0
1366,1769714192.4662209,decode,395,2345677,0.9987979561422184,2345282,395,6657.301095400087,80,1,0,0,0,0.0
1367,1769714192.5181942,decode,395,2346072,0.9989661486054928,2345677,395,6657.301095400087,80,1,0,0,0,0.0
1368,1769714192.5702968,decode,395,2346467,0.9991343410687673,2346072,395,6657.301095400087,80,1,0,0,0,0.0
1369,1769714192.6224916,decode,395,2346862,0.9993025335320417,2346467,395,6657.301095400087,80,1,0,0,0,0.0
1370,1769714192.674651,decode,395,2347257,0.9994707259953162,2346862,395,6657.301095400087,80,1,0,0,0,0.0
1371,1769714192.72665,decode,395,2347652,0.9996389184585905,2347257,395,6657.301095400087,80,1,0,0,0,0.0
1372,1769714192.7789128,decode,395,2348047,0.999807110921865,2347652,395,6657.301095400087,80,1,0,0,0,0.0
1373,1769714192.8309314,decode,395,2348442,0.9999753033851394,2348047,395,6657.301095400087,80,1,0,0,0,0.0
1374,1769714192.98376,decode,395,2342967,0.9976440281030445,2348442,394,6657.301095400087,80,1,0,0,0,0.0
1375,1769714193.03507,decode,394,2343361,0.9978117947626144,2342967,394,6657.301095400087,80,1,0,0,0,0.0
1376,1769714193.0867686,decode,394,2343755,0.9979795614221844,2343361,394,6657.301095400087,80,1,0,0,0,0.0
1377,1769714193.138916,decode,394,2344149,0.9981473280817543,2343755,394,6657.301095400087,80,1,0,0,0,0.0
1378,1769714193.1908274,decode,394,2344543,0.9983150947413243,2344149,394,6657.301095400087,80,1,0,0,0,0.0
1379,1769714193.24271,decode,394,2344937,0.9984828614008942,2344543,394,6657.301095400087,80,1,0,0,0,0.0
1380,1769714193.294855,decode,394,2345331,0.9986506280604641,2344937,394,6657.301095400087,80,1,0,0,0,0.0
1381,1769714193.3469405,decode,394,2345725,0.9988183947200341,2345331,394,6657.301095400087,80,1,0,0,0,0.0
1382,1769714193.399079,decode,394,2346119,0.998986161379604,2345725,394,6657.301095400087,80,1,0,0,0,0.0
1383,1769714193.451136,decode,394,2346513,0.9991539280391739,2346119,394,6657.301095400087,80,1,0,0,0,0.0
1384,1769714193.5031068,decode,394,2346907,0.9993216946987439,2346513,394,6657.301095400087,80,1,0,0,0,0.0
1385,1769714193.5553017,decode,394,2347301,0.9994894613583138,2346907,394,6657.301095400087,80,1,0,0,0,0.0
1386,1769714193.607302,decode,394,2347695,0.9996572280178837,2347301,394,6657.301095400087,80,1,0,0,0,0.0
1387,1769714193.6593726,decode,394,2348089,0.9998249946774537,2347695,394,6657.301095400087,80,1,0,0,0,0.0
1388,1769714193.7115703,decode,394,2348483,0.9999927613370236,2348089,394,6657.301095400087,80,1,0,0,0,0.0
1389,1769714193.8640084,decode,394,2342992,0.9976546731956568,2348483,393,6657.301095400087,80,1,0,0,0,0.0
1390,1769714193.9154809,decode,393,2343385,0.9978220140515223,2342992,393,6657.301095400087,80,1,0,0,0,0.0
1391,1769714193.9675617,decode,393,2343778,0.9979893549073877,2343385,393,6657.301095400087,80,1,0,0,0,0.0
1392,1769714194.0197923,decode,393,2344171,0.9981566957632532,2343778,393,6657.301095400087,80,1,0,0,0,0.0
1393,1769714194.071619,decode,393,2344564,0.9983240366191186,2344171,393,6657.301095400087,80,1,0,0,0,0.0
1394,1769714194.1237276,decode,393,2344957,0.9984913774749841,2344564,393,6657.301095400087,80,1,0,0,0,0.0
1395,1769714194.1759021,decode,393,2345350,0.9986587183308495,2344957,393,6657.301095400087,80,1,0,0,0,0.0
1396,1769714194.228138,decode,393,2345743,0.998826059186715,2345350,393,6657.301095400087,80,1,0,0,0,0.0
1397,1769714194.2801657,decode,393,2346136,0.9989934000425804,2345743,393,6657.301095400087,80,1,0,0,0,0.0
1398,1769714194.332681,decode,393,2346529,0.9991607408984459,2346136,393,6657.301095400087,80,1,0,0,0,0.0
1399,1769714194.3848252,decode,393,2346922,0.9993280817543113,2346529,393,6657.301095400087,80,1,0,0,0,0.0
1400,1769714194.4369643,decode,393,2347315,0.9994954226101767,2346922,393,6657.301095400087,80,1,0,0,0,0.0
1401,1769714194.4893935,decode,393,2347708,0.9996627634660421,2347315,393,6657.301095400087,80,1,0,0,0,0.0
1402,1769714194.5414853,decode,393,2348101,0.9998301043219076,2347708,393,6657.301095400087,80,1,0,0,0,0.0
1403,1769714194.5937018,decode,393,2348494,0.999997445177773,2348101,393,6900.66929819528,80,1,0,0,0,0.0
1404,1769714194.7459466,decode,393,2342987,0.9976525441771343,2348494,392,6900.66929819528,80,1,0,0,0,0.0
1405,1769714194.7976813,decode,392,2343379,0.9978194592292953,2342987,392,6900.66929819528,80,1,0,0,0,0.0
1406,1769714194.8494267,decode,392,2343771,0.9979863742814562,2343379,392,6900.66929819528,80,1,0,0,0,0.0
1407,1769714194.9013898,decode,392,2344163,0.9981532893336172,2343771,392,6900.66929819528,80,1,0,0,0,0.0
1408,1769714194.9532762,decode,392,2344555,0.9983202043857782,2344163,392,6900.66929819528,80,1,0,0,0,0.0
1409,1769714195.0056233,decode,392,2344947,0.9984871194379391,2344555,392,6900.66929819528,80,1,0,0,0,0.0
1410,1769714195.058379,decode,392,2345339,0.9986540344901,2344947,392,6900.66929819528,80,1,0,0,0,0.0
1411,1769714195.110239,decode,392,2345731,0.998820949542261,2345339,392,6900.66929819528,80,1,0,0,0,0.0
1412,1769714195.1623898,decode,392,2346123,0.998987864594422,2345731,392,6900.66929819528,80,1,0,0,0,0.0
1413,1769714195.2145178,decode,392,2346515,0.999154779646583,2346123,392,6900.66929819528,80,1,0,0,0,0.0
1414,1769714195.2666051,decode,392,2346907,0.9993216946987439,2346515,392,6900.66929819528,80,1,0,0,0,0.0
1415,1769714195.3196828,decode,392,2347299,0.9994886097509048,2346907,392,6900.66929819528,80,1,0,0,0,0.0
1416,1769714195.3722632,decode,392,2347691,0.9996555248030657,2347299,392,6900.66929819528,80,1,0,0,0,0.0
1417,1769714195.424619,decode,392,2348083,0.9998224398552268,2347691,392,6900.66929819528,80,1,0,0,0,0.0
1418,1769714195.4765456,decode,392,2348475,0.9999893549073877,2348083,392,6900.66929819528,80,1,0,0,0,0.0
1419,1769714195.6290236,decode,392,2342951,0.9976372152437726,2348475,391,6900.66929819528,80,1,0,0,0,0.0
1420,1769714195.6808133,decode,391,2343342,0.9978037044922291,2342951,391,6900.66929819528,80,1,0,0,0,0.0
1421,1769714195.732805,decode,391,2343733,0.9979701937406855,2343342,391,6900.66929819528,80,1,0,0,0,0.0
1422,1769714195.7846673,decode,391,2344124,0.998136682989142,2343733,391,6900.66929819528,80,1,0,0,0,0.0
1423,1769714195.8367715,decode,391,2344515,0.9983031722375985,2344124,391,6900.66929819528,80,1,0,0,0,0.0
1424,1769714195.8887386,decode,391,2344906,0.998469661486055,2344515,391,6900.66929819528,80,1,0,0,0,0.0
1425,1769714195.9407632,decode,391,2345297,0.9986361507345114,2344906,391,6900.66929819528,80,1,0,0,0,0.0
1426,1769714195.9933083,decode,391,2345688,0.9988026399829678,2345297,391,6900.66929819528,80,1,0,0,0,0.0
1427,1769714196.0452783,decode,391,2346079,0.9989691292314243,2345688,391,6900.66929819528,80,1,0,0,0,0.0
1428,1769714196.097672,decode,391,2346470,0.9991356184798807,2346079,391,6900.66929819528,80,1,0,0,0,0.0
1429,1769714196.1497214,decode,391,2346861,0.9993021077283373,2346470,391,6900.66929819528,80,1,0,0,0,0.0
1430,1769714196.2028036,decode,391,2347252,0.9994685969767937,2346861,391,6900.66929819528,80,1,0,0,0,0.0
1431,1769714196.254548,decode,391,2347643,0.9996350862252502,2347252,391,6900.66929819528,80,1,0,0,0,0.0
1432,1769714196.306523,decode,391,2348034,0.9998015754737066,2347643,391,6900.66929819528,80,1,0,0,0,0.0
1433,1769714196.358585,decode,391,2348425,0.999968064722163,2348034,391,6900.66929819528,80,1,0,0,0,0.0
1434,1769714196.5119214,decode,391,2342885,0.9976091121992762,2348425,390,6900.66929819528,80,1,0,0,0,0.0
1435,1769714196.5636961,decode,390,2343275,0.9977751756440281,2342885,390,6900.66929819528,80,1,0,0,0,0.0
1436,1769714196.615702,decode,390,2343665,0.9979412390887801,2343275,390,6900.66929819528,80,1,0,0,0,0.0
1437,1769714196.668226,decode,390,2344055,0.9981073025335321,2343665,390,6900.66929819528,80,1,0,0,0,0.0
1438,1769714196.7201626,decode,390,2344445,0.998273365978284,2344055,390,6900.66929819528,80,1,0,0,0,0.0
1439,1769714196.7721043,decode,390,2344835,0.998439429423036,2344445,390,6900.66929819528,80,1,0,0,0,0.0
1440,1769714196.8241186,decode,390,2345225,0.998605492867788,2344835,390,6900.66929819528,80,1,0,0,0,0.0
1441,1769714196.8763328,decode,390,2345615,0.9987715563125399,2345225,390,6900.66929819528,80,1,0,0,0,0.0
1442,1769714196.9287872,decode,390,2346005,0.9989376197572919,2345615,390,6900.66929819528,80,1,0,0,0,0.0
1443,1769714196.980787,decode,390,2346395,0.9991036832020439,2346005,390,6555.27432719117,80,1,0,0,0,0.0
1444,1769714197.0329554,decode,390,2346785,0.9992697466467958,2346395,390,6555.27432719117,80,1,0,0,0,0.0
1445,1769714197.0850575,decode,390,2347175,0.9994358100915478,2346785,390,6555.27432719117,80,1,0,0,0,0.0
1446,1769714197.1371784,decode,390,2347565,0.9996018735362998,2347175,390,6555.27432719117,80,1,0,0,0,0.0
1447,1769714197.1895702,decode,390,2347955,0.9997679369810517,2347565,390,6555.27432719117,80,1,0,0,0,0.0
1448,1769714197.2417884,decode,390,2348345,0.9999340004258037,2347955,390,6555.27432719117,80,1,0,0,0,0.0
1449,1769714197.394293,decode,390,2342789,0.9975682350436449,2348345,389,6555.27432719117,80,1,0,0,0,0.0
1450,1769714197.4459298,decode,389,2343178,0.9977338726846924,2342789,389,6555.27432719117,80,1,0,0,0,0.0
1451,1769714197.4977877,decode,389,2343567,0.9978995103257399,2343178,389,6555.27432719117,80,1,0,0,0,0.0
1452,1769714197.5496616,decode,389,2343956,0.9980651479667874,2343567,389,6555.27432719117,80,1,0,0,0,0.0
1453,1769714197.6016107,decode,389,2344345,0.9982307856078347,2343956,389,6555.27432719117,80,1,0,0,0,0.0
1454,1769714197.6536036,decode,389,2344734,0.9983964232488822,2344345,389,6555.27432719117,80,1,0,0,0,0.0
1455,1769714197.7056742,decode,389,2345123,0.9985620608899297,2344734,389,6555.27432719117,80,1,0,0,0,0.0
1456,1769714197.75899,decode,389,2345512,0.9987276985309772,2345123,389,6555.27432719117,80,1,0,0,0,0.0
1457,1769714197.8109221,decode,389,2345901,0.9988933361720247,2345512,389,6555.27432719117,80,1,0,0,0,0.0
1458,1769714197.862684,decode,389,2346290,0.9990589738130722,2345901,389,6555.27432719117,80,1,0,0,0,0.0
1459,1769714197.9148316,decode,389,2346679,0.9992246114541197,2346290,389,6555.27432719117,80,1,0,0,0,0.0
1460,1769714197.9668427,decode,389,2347068,0.9993902490951672,2346679,389,6555.27432719117,80,1,0,0,0,0.0
1461,1769714198.0191462,decode,389,2347457,0.9995558867362146,2347068,389,6555.27432719117,80,1,0,0,0,0.0
1462,1769714198.0712986,decode,389,2347846,0.999721524377262,2347457,389,6555.27432719117,80,1,0,0,0,0.0
1463,1769714198.1235366,decode,389,2348235,0.9998871620183095,2347846,389,6555.27432719117,80,1,0,0,0,0.0
1464,1769714198.2763624,decode,389,2342663,0.9975145837768788,2348235,388,6555.27432719117,80,1,0,0,0,0.0
1465,1769714198.3279836,decode,388,2343051,0.9976797956142218,2342663,388,6555.27432719117,80,1,0,0,0,0.0
1466,1769714198.3796532,decode,388,2343439,0.9978450074515648,2343051,388,6555.27432719117,80,1,0,0,0,0.0
1467,1769714198.4321911,decode,388,2343827,0.9980102192889078,2343439,388,6555.27432719117,80,1,0,0,0,0.0
1468,1769714198.484745,decode,388,2344215,0.9981754311262508,2343827,388,6555.27432719117,80,1,0,0,0,0.0
1469,1769714198.5371494,decode,388,2344603,0.9983406429635938,2344215,388,6555.27432719117,80,1,0,0,0,0.0
1470,1769714198.5891013,decode,388,2344991,0.9985058548009368,2344603,388,6555.27432719117,80,1,0,0,0,0.0
1471,1769714198.6411345,decode,388,2345379,0.9986710666382798,2344991,388,6555.27432719117,80,1,0,0,0,0.0
1472,1769714198.69338,decode,388,2345767,0.9988362784756227,2345379,388,6555.27432719117,80,1,0,0,0,0.0
1473,1769714198.7455342,decode,388,2346155,0.9990014903129657,2345767,388,6555.27432719117,80,1,0,0,0,0.0
1474,1769714198.7977476,decode,388,2346543,0.9991667021503087,2346155,388,6555.27432719117,80,1,0,0,0,0.0
1475,1769714198.8499026,decode,388,2346931,0.9993319139876516,2346543,388,6555.27432719117,80,1,0,0,0,0.0
1476,1769714198.9019415,decode,388,2347319,0.9994971258249947,2346931,388,6555.27432719117,80,1,0,0,0,0.0
1477,1769714198.9539454,decode,388,2347707,0.9996623376623377,2347319,388,6555.27432719117,80,1,0,0,0,0.0
1478,1769714199.0061855,decode,388,2348095,0.9998275494996807,2347707,388,6555.27432719117,80,1,0,0,0,0.0
1479,1769714199.0585167,decode,388,2348483,0.9999927613370236,2348095,388,6555.27432719117,80,1,0,0,0,0.0
1480,1769714199.2111871,decode,388,2342893,0.9976125186289121,2348483,387,6555.27432719117,80,1,0,0,0,0.0
1481,1769714199.2626438,decode,387,2343280,0.9977773046625505,2342893,387,6555.27432719117,80,1,0,0,0,0.0
1482,1769714199.314445,decode,387,2343667,0.9979420906961891,2343280,387,6555.27432719117,80,1,0,0,0,0.0
1483,1769714199.3667002,decode,387,2344054,0.9981068767298276,2343667,387,6514.907489991764,80,1,0,0,0,0.0
1484,1769714199.4186778,decode,387,2344441,0.998271662763466,2344054,387,6514.907489991764,80,1,0,0,0,0.0
1485,1769714199.470938,decode,387,2344828,0.9984364487971046,2344441,387,6514.907489991764,80,1,0,0,0,0.0
1486,1769714199.5230925,decode,387,2345215,0.998601234830743,2344828,387,6514.907489991764,80,1,0,0,0,0.0
1487,1769714199.575252,decode,387,2345602,0.9987660208643815,2345215,387,6514.907489991764,80,1,0,0,0,0.0
1488,1769714199.6276095,decode,387,2345989,0.99893080689802,2345602,387,6514.907489991764,80,1,0,0,0,0.0
1489,1769714199.6797962,decode,387,2346376,0.9990955929316585,2345989,387,6514.907489991764,80,1,0,0,0,0.0
1490,1769714199.731973,decode,387,2346763,0.999260378965297,2346376,387,6514.907489991764,80,1,0,0,0,0.0
1491,1769714199.7841399,decode,387,2347150,0.9994251649989355,2346763,387,6514.907489991764,80,1,0,0,0,0.0
1492,1769714199.8364651,decode,387,2347537,0.999589951032574,2347150,387,6514.907489991764,80,1,0,0,0,0.0
1493,1769714199.8895268,decode,387,2347924,0.9997547370662124,2347537,387,6514.907489991764,80,1,0,0,0,0.0
1494,1769714199.9419143,decode,387,2348311,0.999919523099851,2347924,387,6514.907489991764,80,1,0,0,0,0.0
1495,1769714200.0940087,decode,387,2342705,0.9975324675324675,2348311,386,6514.907489991764,80,1,0,0,0,0.0
1496,1769714200.146085,decode,386,2343091,0.9976968277624015,2342705,386,6514.907489991764,80,1,0,0,0,0.0
1497,1769714200.1982534,decode,386,2343477,0.9978611879923356,2343091,386,6514.907489991764,80,1,0,0,0,0.0
1498,1769714200.2502155,decode,386,2343863,0.9980255482222695,2343477,386,6514.907489991764,80,1,0,0,0,0.0
1499,1769714200.3020232,decode,386,2344249,0.9981899084522036,2343863,386,6514.907489991764,80,1,0,0,0,0.0
1500,1769714200.353934,decode,386,2344635,0.9983542686821375,2344249,386,6514.907489991764,80,1,0,0,0,0.0
1501,1769714200.4060602,decode,386,2345021,0.9985186289120715,2344635,386,6514.907489991764,80,1,0,0,0,0.0
1502,1769714200.4584415,decode,386,2345407,0.9986829891420055,2345021,386,6514.907489991764,80,1,0,0,0,0.0
1503,1769714200.5106287,decode,386,2345793,0.9988473493719395,2345407,386,6514.907489991764,80,1,0,0,0,0.0
1504,1769714200.5627556,decode,386,2346179,0.9990117096018736,2345793,386,6514.907489991764,80,1,0,0,0,0.0
1505,1769714200.6149151,decode,386,2346565,0.9991760698318075,2346179,386,6514.907489991764,80,1,0,0,0,0.0
1506,1769714200.6670673,decode,386,2346951,0.9993404300617416,2346565,386,6514.907489991764,80,1,0,0,0,0.0
1507,1769714200.7194116,decode,386,2347337,0.9995047902916755,2346951,386,6514.907489991764,80,1,0,0,0,0.0
1508,1769714200.7716296,decode,386,2347723,0.9996691505216095,2347337,386,6514.907489991764,80,1,0,0,0,0.0
1509,1769714200.8238606,decode,386,2348109,0.9998335107515436,2347723,386,6514.907489991764,80,1,0,0,0,0.0
1510,1769714200.8763642,decode,386,2348495,0.9999978709814775,2348109,386,6514.907489991764,80,1,0,0,0,0.0
1511,1769714201.0292146,decode,386,2342872,0.9976035767511178,2348495,385,6514.907489991764,80,1,0,0,0,0.0
1512,1769714201.0806682,decode,385,2343257,0.9977675111773472,2342872,385,6514.907489991764,80,1,0,0,0,0.0
1513,1769714201.1325536,decode,385,2343642,0.9979314456035767,2343257,385,6514.907489991764,80,1,0,0,0,0.0
1514,1769714201.1846242,decode,385,2344027,0.9980953800298062,2343642,385,6514.907489991764,80,1,0,0,0,0.0
1515,1769714201.2370808,decode,385,2344412,0.9982593144560358,2344027,385,6514.907489991764,80,1,0,0,0,0.0
1516,1769714201.2890835,decode,385,2344797,0.9984232488822653,2344412,385,6514.907489991764,80,1,0,0,0,0.0
1517,1769714201.3414657,decode,385,2345182,0.9985871833084948,2344797,385,6514.907489991764,80,1,0,0,0,0.0
1518,1769714201.3936245,decode,385,2345567,0.9987511177347242,2345182,385,6514.907489991764,80,1,0,0,0,0.0
1519,1769714201.445836,decode,385,2345952,0.9989150521609538,2345567,385,6514.907489991764,80,1,0,0,0,0.0
1520,1769714201.4983327,decode,385,2346337,0.9990789865871833,2345952,385,6514.907489991764,80,1,0,0,0,0.0
1521,1769714201.5505888,decode,385,2346722,0.9992429210134128,2346337,385,6514.907489991764,80,1,0,0,0,0.0
1522,1769714201.6027832,decode,385,2347107,0.9994068554396424,2346722,385,6514.907489991764,80,1,0,0,0,0.0
1523,1769714201.6550982,decode,385,2347492,0.9995707898658718,2347107,385,6747.057218344551,80,1,0,0,0,0.0
1524,1769714201.7072127,decode,385,2347877,0.9997347242921013,2347492,385,6747.057218344551,80,1,0,0,0,0.0
1525,1769714201.7595336,decode,385,2348262,0.9998986587183308,2347877,385,6747.057218344551,80,1,0,0,0,0.0
1526,1769714201.9136758,decode,385,2342623,0.9974975516286991,2348262,384,6747.057218344551,80,1,0,0,0,0.0
1527,1769714201.963726,decode,384,2343007,0.9976610602512241,2342623,384,6747.057218344551,80,1,0,0,0,0.0
1528,1769714202.0140507,decode,384,2343391,0.9978245688737492,2343007,384,6747.057218344551,80,1,0,0,0,0.0
1529,1769714202.0647368,decode,384,2343775,0.9979880774962743,2343391,384,6747.057218344551,80,1,0,0,0,0.0
1530,1769714202.1152794,decode,384,2344159,0.9981515861187993,2343775,384,6747.057218344551,80,1,0,0,0,0.0
1531,1769714202.1658583,decode,384,2344543,0.9983150947413243,2344159,384,6747.057218344551,80,1,0,0,0,0.0
1532,1769714202.2164164,decode,384,2344927,0.9984786033638493,2344543,384,6747.057218344551,80,1,0,0,0,0.0
1533,1769714202.2669835,decode,384,2345311,0.9986421119863743,2344927,384,6747.057218344551,80,1,0,0,0,0.0
1534,1769714202.317746,decode,384,2345695,0.9988056206088993,2345311,384,6747.057218344551,80,1,0,0,0,0.0
1535,1769714202.3683302,decode,384,2346079,0.9989691292314243,2345695,384,6747.057218344551,80,1,0,0,0,0.0
1536,1769714202.4189076,decode,384,2346463,0.9991326378539493,2346079,384,6747.057218344551,80,1,0,0,0,0.0
1537,1769714202.4696367,decode,384,2346847,0.9992961464764744,2346463,384,6747.057218344551,80,1,0,0,0,0.0
1538,1769714202.520276,decode,384,2347231,0.9994596550989994,2346847,384,6747.057218344551,80,1,0,0,0,0.0
1539,1769714202.5709846,decode,384,2347615,0.9996231637215244,2347231,384,6747.057218344551,80,1,0,0,0,0.0
1540,1769714202.6218736,decode,384,2347999,0.9997866723440494,2347615,384,6747.057218344551,80,1,0,0,0,0.0
1541,1769714202.672483,decode,384,2348383,0.9999501809665744,2347999,384,6747.057218344551,80,1,0,0,0,0.0
1542,1769714202.8240948,decode,384,2342726,0.9975414094102618,2348383,383,6747.057218344551,80,1,0,0,0,0.0
1543,1769714202.8740911,decode,383,2343109,0.9977044922290824,2342726,383,6747.057218344551,80,1,0,0,0,0.0
1544,1769714202.9243257,decode,383,2343492,0.9978675750479029,2343109,383,6747.057218344551,80,1,0,0,0,0.0
1545,1769714202.9747493,decode,383,2343875,0.9980306578667234,2343492,383,6747.057218344551,80,1,0,0,0,0.0
1546,1769714203.025457,decode,383,2344258,0.998193740685544,2343875,383,6747.057218344551,80,1,0,0,0,0.0
1547,1769714203.0759568,decode,383,2344641,0.9983568235043645,2344258,383,6747.057218344551,80,1,0,0,0,0.0
1548,1769714203.1267085,decode,383,2345024,0.998519906323185,2344641,383,6747.057218344551,80,1,0,0,0,0.0
1549,1769714203.1773527,decode,383,2345407,0.9986829891420055,2345024,383,6747.057218344551,80,1,0,0,0,0.0
1550,1769714203.227918,decode,383,2345790,0.9988460719608261,2345407,383,6747.057218344551,80,1,0,0,0,0.0
1551,1769714203.2784898,decode,383,2346173,0.9990091547796466,2345790,383,6747.057218344551,80,1,0,0,0,0.0
1552,1769714203.3293388,decode,383,2346556,0.9991722375984671,2346173,383,6747.057218344551,80,1,0,0,0,0.0
1553,1769714203.3799255,decode,383,2346939,0.9993353204172877,2346556,383,6747.057218344551,80,1,0,0,0,0.0
1554,1769714203.4307702,decode,383,2347322,0.9994984032361082,2346939,383,6747.057218344551,80,1,0,0,0,0.0
1555,1769714203.481299,decode,383,2347705,0.9996614860549287,2347322,383,6747.057218344551,80,1,0,0,0,0.0
1556,1769714203.5320709,decode,383,2348088,0.9998245688737492,2347705,383,6747.057218344551,80,1,0,0,0,0.0
1557,1769714203.5827205,decode,383,2348471,0.9999876516925698,2348088,383,6747.057218344551,80,1,0,0,0,0.0
1558,1769714203.7341611,decode,383,2342797,0.9975716414732808,2348471,382,6747.057218344551,80,1,0,0,0,0.0
1559,1769714203.784121,decode,382,2343179,0.9977342984883969,2342797,382,6747.057218344551,80,1,0,0,0,0.0
1560,1769714203.8344,decode,382,2343561,0.9978969555035129,2343179,382,6747.057218344551,80,1,0,0,0,0.0
1561,1769714203.8849514,decode,382,2343943,0.998059612518629,2343561,382,6747.057218344551,80,1,0,0,0,0.0
1562,1769714203.9357412,decode,382,2344325,0.9982222695337449,2343943,382,6747.057218344551,80,1,0,0,0,0.0
1563,1769714203.9866402,decode,382,2344707,0.998384926548861,2344325,382,6578.102139364133,80,1,0,0,0,0.0
1564,1769714204.037384,decode,382,2345089,0.998547583563977,2344707,382,6578.102139364133,80,1,0,0,0,0.0
1565,1769714204.0880225,decode,382,2345471,0.9987102405790931,2345089,382,6578.102139364133,80,1,0,0,0,0.0
1566,1769714204.1385274,decode,382,2345853,0.998872897594209,2345471,382,6578.102139364133,80,1,0,0,0,0.0
1567,1769714204.1892486,decode,382,2346235,0.9990355546093251,2345853,382,6578.102139364133,80,1,0,0,0,0.0
1568,1769714204.240198,decode,382,2346617,0.9991982116244411,2346235,382,6578.102139364133,80,1,0,0,0,0.0
1569,1769714204.2908416,decode,382,2346999,0.9993608686395572,2346617,382,6578.102139364133,80,1,0,0,0,0.0
1570,1769714204.3414354,decode,382,2347381,0.9995235256546732,2346999,382,6578.102139364133,80,1,0,0,0,0.0
1571,1769714204.3921888,decode,382,2347763,0.9996861826697893,2347381,382,6578.102139364133,80,1,0,0,0,0.0
1572,1769714204.4428177,decode,382,2348145,0.9998488396849052,2347763,382,6578.102139364133,80,1,0,0,0,0.0
1573,1769714204.5941286,decode,382,2342455,0.9974260166063444,2348145,381,6578.102139364133,80,1,0,0,0,0.0
1574,1769714204.64412,decode,381,2342836,0.997588247817756,2342455,381,6578.102139364133,80,1,0,0,0,0.0
1575,1769714204.6944158,decode,381,2343217,0.9977504790291676,2342836,381,6578.102139364133,80,1,0,0,0,0.0
1576,1769714204.745172,decode,381,2343598,0.9979127102405791,2343217,381,6578.102139364133,80,1,0,0,0,0.0
1577,1769714204.7957036,decode,381,2343979,0.9980749414519906,2343598,381,6578.102139364133,80,1,0,0,0,0.0
1578,1769714204.8463826,decode,381,2344360,0.9982371726634022,2343979,381,6578.102139364133,80,1,0,0,0,0.0
1579,1769714204.8969045,decode,381,2344741,0.9983994038748137,2344360,381,6578.102139364133,80,1,0,0,0,0.0
1580,1769714204.947518,decode,381,2345122,0.9985616350862252,2344741,381,6578.102139364133,80,1,0,0,0,0.0
1581,1769714204.9982097,decode,381,2345503,0.9987238662976368,2345122,381,6578.102139364133,80,1,0,0,0,0.0
1582,1769714205.0490031,decode,381,2345884,0.9988860975090483,2345503,381,6578.102139364133,80,1,0,0,0,0.0
1583,1769714205.0995924,decode,381,2346265,0.9990483287204599,2345884,381,6578.102139364133,80,1,0,0,0,0.0
1584,1769714205.1502821,decode,381,2346646,0.9992105599318714,2346265,381,6578.102139364133,80,1,0,0,0,0.0
1585,1769714205.2010214,decode,381,2347027,0.9993727911432829,2346646,381,6578.102139364133,80,1,0,0,0,0.0
1586,1769714205.251616,decode,381,2347408,0.9995350223546945,2347027,381,6578.102139364133,80,1,0,0,0,0.0
1587,1769714205.3026865,decode,381,2347789,0.9996972535661061,2347408,381,6578.102139364133,80,1,0,0,0,0.0
1588,1769714205.3533037,decode,381,2348170,0.9998594847775175,2347789,381,6578.102139364133,80,1,0,0,0,0.0
1589,1769714205.50435,decode,381,2342463,0.9974294230359804,2348170,380,6578.102139364133,80,1,0,0,0,0.0
1590,1769714205.554714,decode,380,2342843,0.9975912284436874,2342463,380,6578.102139364133,80,1,0,0,0,0.0
1591,1769714205.6051064,decode,380,2343223,0.9977530338513945,2342843,380,6578.102139364133,80,1,0,0,0,0.0
1592,1769714205.6561728,decode,380,2343603,0.9979148392591015,2343223,380,6578.102139364133,80,1,0,0,0,0.0
1593,1769714205.706605,decode,380,2343983,0.9980766446668086,2343603,380,6578.102139364133,80,1,0,0,0,0.0
1594,1769714205.7573345,decode,380,2344363,0.9982384500745156,2343983,380,6578.102139364133,80,1,0,0,0,0.0
1595,1769714205.808064,decode,380,2344743,0.9984002554822227,2344363,380,6578.102139364133,80,1,0,0,0,0.0
1596,1769714205.8588123,decode,380,2345123,0.9985620608899297,2344743,380,6578.102139364133,80,1,0,0,0,0.0
1597,1769714205.909506,decode,380,2345503,0.9987238662976368,2345123,380,6578.102139364133,80,1,0,0,0,0.0
1598,1769714205.9601839,decode,380,2345883,0.9988856717053438,2345503,380,6578.102139364133,80,1,0,0,0,0.0
1599,1769714206.0108895,decode,380,2346263,0.9990474771130509,2345883,380,6578.102139364133,80,1,0,0,0,0.0
1600,1769714206.061641,decode,380,2346643,0.9992092825207579,2346263,380,6578.102139364133,80,1,0,0,0,0.0
1601,1769714206.1126652,decode,380,2347023,0.999371087928465,2346643,380,6578.102139364133,80,1,0,0,0,0.0
1602,1769714206.1632605,decode,380,2347403,0.999532893336172,2347023,380,6578.102139364133,80,1,0,0,0,0.0
1603,1769714206.214095,decode,380,2347783,0.9996946987438791,2347403,380,6840.050244083783,80,1,0,0,0,0.0
1604,1769714206.2646205,decode,380,2348163,0.9998565041515861,2347783,380,6840.050244083783,80,1,0,0,0,0.0
1605,1769714206.415979,decode,380,2342438,0.9974187779433681,2348163,379,6840.050244083783,80,1,0,0,0,0.0
1606,1769714206.4660232,decode,379,2342817,0.9975801575473706,2342438,379,6840.050244083783,80,1,0,0,0,0.0
1607,1769714206.5165427,decode,379,2343196,0.9977415371513733,2342817,379,6840.050244083783,80,1,0,0,0,0.0
1608,1769714206.5669851,decode,379,2343575,0.9979029167553758,2343196,379,6840.050244083783,80,1,0,0,0,0.0
1609,1769714206.6179879,decode,379,2343954,0.9980642963593783,2343575,379,6840.050244083783,80,1,0,0,0,0.0
1610,1769714206.6686797,decode,379,2344333,0.9982256759633809,2343954,379,6840.050244083783,80,1,0,0,0,0.0
1611,1769714206.7192476,decode,379,2344712,0.9983870555673834,2344333,379,6840.050244083783,80,1,0,0,0,0.0
1612,1769714206.7698975,decode,379,2345091,0.998548435171386,2344712,379,6840.050244083783,80,1,0,0,0,0.0
1613,1769714206.8206089,decode,379,2345470,0.9987098147753886,2345091,379,6840.050244083783,80,1,0,0,0,0.0
1614,1769714206.8713584,decode,379,2345849,0.9988711943793911,2345470,379,6840.050244083783,80,1,0,0,0,0.0
1615,1769714206.9222193,decode,379,2346228,0.9990325739833936,2345849,379,6840.050244083783,80,1,0,0,0,0.0
1616,1769714206.9727848,decode,379,2346607,0.9991939535873962,2346228,379,6840.050244083783,80,1,0,0,0,0.0
1617,1769714207.023382,decode,379,2346986,0.9993553331913988,2346607,379,6840.050244083783,80,1,0,0,0,0.0
1618,1769714207.0740345,decode,379,2347365,0.9995167127954013,2346986,379,6840.050244083783,80,1,0,0,0,0.0
1619,1769714207.1247065,decode,379,2347744,0.9996780923994039,2347365,379,6840.050244083783,80,1,0,0,0,0.0
1620,1769714207.1756191,decode,379,2348123,0.9998394720034064,2347744,379,6840.050244083783,80,1,0,0,0,0.0
1621,1769714207.3268867,decode,379,2342381,0.997394507132212,2348123,378,6840.050244083783,80,1,0,0,0,0.0
1622,1769714207.3768344,decode,378,2342759,0.9975554609325101,2342381,378,6840.050244083783,80,1,0,0,0,0.0
1623,1769714207.4273996,decode,378,2343137,0.9977164147328081,2342759,378,6840.050244083783,80,1,0,0,0,0.0
1624,1769714207.4780283,decode,378,2343515,0.9978773685331063,2343137,378,6840.050244083783,80,1,0,0,0,0.0
1625,1769714207.528461,decode,378,2343893,0.9980383223334043,2343515,378,6840.050244083783,80,1,0,0,0,0.0
1626,1769714207.5790374,decode,378,2344271,0.9981992761337024,2343893,378,6840.050244083783,80,1,0,0,0,0.0
1627,1769714207.6296606,decode,378,2344649,0.9983602299340004,2344271,378,6840.050244083783,80,1,0,0,0,0.0
1628,1769714207.6802711,decode,378,2345027,0.9985211837342984,2344649,378,6840.050244083783,80,1,0,0,0,0.0
1629,1769714207.731994,decode,378,2345405,0.9986821375345966,2345027,378,6840.050244083783,80,1,0,0,0,0.0
1630,1769714207.7824886,decode,378,2345783,0.9988430913348946,2345405,378,6840.050244083783,80,1,0,0,0,0.0
1631,1769714207.8329313,decode,378,2346161,0.9990040451351927,2345783,378,6840.050244083783,80,1,0,0,0,0.0
1632,1769714207.8835049,decode,378,2346539,0.9991649989354907,2346161,378,6840.050244083783,80,1,0,0,0,0.0
1633,1769714207.9341578,decode,378,2346917,0.9993259527357888,2346539,378,6840.050244083783,80,1,0,0,0,0.0
1634,1769714207.9850006,decode,378,2347295,0.9994869065360868,2346917,378,6840.050244083783,80,1,0,0,0,0.0
1635,1769714208.0358622,decode,378,2347673,0.999647860336385,2347295,378,6840.050244083783,80,1,0,0,0,0.0
1636,1769714208.08649,decode,378,2348051,0.999808814136683,2347673,378,6840.050244083783,80,1,0,0,0,0.0
1637,1769714208.1372707,decode,378,2348429,0.999969767936981,2348051,378,6840.050244083783,80,1,0,0,0,0.0
1638,1769714208.288692,decode,378,2342669,0.9975171385991058,2348429,377,6840.050244083783,80,1,0,0,0,0.0
1639,1769714208.3386827,decode,377,2343046,0.9976776665956993,2342669,377,6840.050244083783,80,1,0,0,0,0.0
1640,1769714208.3891697,decode,377,2343423,0.997838194592293,2343046,377,6840.050244083783,80,1,0,0,0,0.0
1641,1769714208.439767,decode,377,2343800,0.9979987225888866,2343423,377,6840.050244083783,80,1,0,0,0,0.0
1642,1769714208.490752,decode,377,2344177,0.99815925058548,2343800,377,6840.050244083783,80,1,0,0,0,0.0
1643,1769714208.5420926,decode,377,2344554,0.9983197785820737,2344177,377,6501.319856639492,80,1,0,0,0,0.0
1644,1769714208.5935168,decode,377,2344931,0.9984803065786673,2344554,377,6501.319856639492,80,1,0,0,0,0.0
1645,1769714208.6436195,decode,377,2345308,0.9986408345752608,2344931,377,6501.319856639492,80,1,0,0,0,0.0
1646,1769714208.6942232,decode,377,2345685,0.9988013625718544,2345308,377,6501.319856639492,80,1,0,0,0,0.0
1647,1769714208.7448652,decode,377,2346062,0.998961890568448,2345685,377,6501.319856639492,80,1,0,0,0,0.0
1648,1769714208.7966008,decode,377,2346439,0.9991224185650415,2346062,377,6501.319856639492,80,1,0,0,0,0.0
1649,1769714208.847292,decode,377,2346816,0.9992829465616351,2346439,377,6501.319856639492,80,1,0,0,0,0.0
1650,1769714208.8977227,decode,377,2347193,0.9994434745582287,2346816,377,6501.319856639492,80,1,0,0,0,0.0
1651,1769714208.9482675,decode,377,2347570,0.9996040025548222,2347193,377,6501.319856639492,80,1,0,0,0,0.0
1652,1769714208.9989612,decode,377,2347947,0.9997645305514158,2347570,377,6501.319856639492,80,1,0,0,0,0.0
1653,1769714209.0500712,decode,377,2348324,0.9999250585480094,2347947,377,6501.319856639492,80,1,0,0,0,0.0
1654,1769714209.2013936,decode,377,2342547,0.9974651905471578,2348324,376,6501.319856639492,80,1,0,0,0,0.0
1655,1769714209.2513616,decode,376,2342923,0.9976252927400469,2342547,376,6501.319856639492,80,1,0,0,0,0.0
1656,1769714209.3017197,decode,376,2343299,0.9977853949329359,2342923,376,6501.319856639492,80,1,0,0,0,0.0
1657,1769714209.353285,decode,376,2343675,0.997945497125825,2343299,376,6501.319856639492,80,1,0,0,0,0.0
1658,1769714209.4035556,decode,376,2344051,0.9981055993187141,2343675,376,6501.319856639492,80,1,0,0,0,0.0
1659,1769714209.4540844,decode,376,2344427,0.9982657015116031,2344051,376,6501.319856639492,80,1,0,0,0,0.0
1660,1769714209.5047512,decode,376,2344803,0.9984258037044922,2344427,376,6501.319856639492,80,1,0,0,0,0.0
1661,1769714209.5554562,decode,376,2345179,0.9985859058973813,2344803,376,6501.319856639492,80,1,0,0,0,0.0
1662,1769714209.606293,decode,376,2345555,0.9987460080902704,2345179,376,6501.319856639492,80,1,0,0,0,0.0
1663,1769714209.657055,decode,376,2345931,0.9989061102831595,2345555,376,6501.319856639492,80,1,0,0,0,0.0
1664,1769714209.7079237,decode,376,2346307,0.9990662124760485,2345931,376,6501.319856639492,80,1,0,0,0,0.0
1665,1769714209.7586882,decode,376,2346683,0.9992263146689376,2346307,376,6501.319856639492,80,1,0,0,0,0.0
1666,1769714209.8094745,decode,376,2347059,0.9993864168618267,2346683,376,6501.319856639492,80,1,0,0,0,0.0
1667,1769714209.8604586,decode,376,2347435,0.9995465190547158,2347059,376,6501.319856639492,80,1,0,0,0,0.0
1668,1769714209.9113746,decode,376,2347811,0.9997066212476049,2347435,376,6501.319856639492,80,1,0,0,0,0.0
1669,1769714209.9620295,decode,376,2348187,0.999866723440494,2347811,376,6501.319856639492,80,1,0,0,0,0.0
1670,1769714210.113216,decode,376,2342393,0.997399616776666,2348187,375,6501.319856639492,80,1,0,0,0,0.0
1671,1769714210.163466,decode,375,2342768,0.9975592931658506,2342393,375,6501.319856639492,80,1,0,0,0,0.0
1672,1769714210.2138577,decode,375,2343143,0.9977189695550351,2342768,375,6501.319856639492,80,1,0,0,0,0.0
1673,1769714210.2644398,decode,375,2343518,0.9978786459442197,2343143,375,6501.319856639492,80,1,0,0,0,0.0
1674,1769714210.315084,decode,375,2343893,0.9980383223334043,2343518,375,6501.319856639492,80,1,0,0,0,0.0
1675,1769714210.365886,decode,375,2344268,0.9981979987225889,2343893,375,6501.319856639492,80,1,0,0,0,0.0
1676,1769714210.4167166,decode,375,2344643,0.9983576751117734,2344268,375,6501.319856639492,80,1,0,0,0,0.0
1677,1769714210.4674196,decode,375,2345018,0.9985173515009581,2344643,375,6501.319856639492,80,1,0,0,0,0.0
1678,1769714210.5183218,decode,375,2345393,0.9986770278901427,2345018,375,6501.319856639492,80,1,0,0,0,0.0
1679,1769714210.5689878,decode,375,2345768,0.9988367042793272,2345393,375,6501.319856639492,80,1,0,0,0,0.0
1680,1769714210.6196537,decode,375,2346143,0.9989963806685118,2345768,375,6501.319856639492,80,1,0,0,0,0.0
1681,1769714210.6705384,decode,375,2346518,0.9991560570576964,2346143,375,6501.319856639492,80,1,0,0,0,0.0
1682,1769714210.7212007,decode,375,2346893,0.999315733446881,2346518,375,6501.319856639492,80,1,0,0,0,0.0
1683,1769714210.7719584,decode,375,2347268,0.9994754098360655,2346893,375,6743.887886605161,80,1,0,0,0,0.0
1684,1769714210.8225515,decode,375,2347643,0.9996350862252502,2347268,375,6743.887886605161,80,1,0,0,0,0.0
1685,1769714210.8737173,decode,375,2348018,0.9997947626144348,2347643,375,6743.887886605161,80,1,0,0,0,0.0
1686,1769714210.9244442,decode,375,2348393,0.9999544390036194,2348018,375,6743.887886605161,80,1,0,0,0,0.0
1687,1769714211.0760252,decode,375,2342580,0.997479242069406,2348393,374,6743.887886605161,80,1,0,0,0,0.0
1688,1769714211.1259909,decode,374,2342954,0.9976384926548861,2342580,374,6743.887886605161,80,1,0,0,0,0.0
1689,1769714211.1764174,decode,374,2343328,0.9977977432403662,2342954,374,6743.887886605161,80,1,0,0,0,0.0
1690,1769714211.2271488,decode,374,2343702,0.9979569938258462,2343328,374,6743.887886605161,80,1,0,0,0,0.0
1691,1769714211.2777283,decode,374,2344076,0.9981162444113264,2343702,374,6743.887886605161,80,1,0,0,0,0.0
1692,1769714211.3285642,decode,374,2344450,0.9982754949968065,2344076,374,6743.887886605161,80,1,0,0,0,0.0
1693,1769714211.3790307,decode,374,2344824,0.9984347455822866,2344450,374,6743.887886605161,80,1,0,0,0,0.0
1694,1769714211.4297562,decode,374,2345198,0.9985939961677667,2344824,374,6743.887886605161,80,1,0,0,0,0.0
1695,1769714211.4806693,decode,374,2345572,0.9987532467532467,2345198,374,6743.887886605161,80,1,0,0,0,0.0
1696,1769714211.5313938,decode,374,2345946,0.9989124973387269,2345572,374,6743.887886605161,80,1,0,0,0,0.0
1697,1769714211.582165,decode,374,2346320,0.9990717479242069,2345946,374,6743.887886605161,80,1,0,0,0,0.0
1698,1769714211.6329045,decode,374,2346694,0.999230998509687,2346320,374,6743.887886605161,80,1,0,0,0,0.0
1699,1769714211.683567,decode,374,2347068,0.9993902490951672,2346694,374,6743.887886605161,80,1,0,0,0,0.0
1700,1769714211.7346206,decode,374,2347442,0.9995494996806472,2347068,374,6743.887886605161,80,1,0,0,0,0.0
1701,1769714211.7853243,decode,374,2347816,0.9997087502661273,2347442,374,6743.887886605161,80,1,0,0,0,0.0
1702,1769714211.8360713,decode,374,2348190,0.9998680008516074,2347816,374,6743.887886605161,80,1,0,0,0,0.0
1703,1769714211.987493,decode,374,2342360,0.9973855652544177,2348190,373,6743.887886605161,80,1,0,0,0,0.0
1704,1769714212.0376737,decode,373,2342733,0.9975443900361933,2342360,373,6743.887886605161,80,1,0,0,0,0.0
1705,1769714212.0880334,decode,373,2343106,0.9977032148179689,2342733,373,6743.887886605161,80,1,0,0,0,0.0
1706,1769714212.1387718,decode,373,2343479,0.9978620395997445,2343106,373,6743.887886605161,80,1,0,0,0,0.0
1707,1769714212.1895874,decode,373,2343852,0.9980208643815202,2343479,373,6743.887886605161,80,1,0,0,0,0.0
1708,1769714212.2405915,decode,373,2344225,0.9981796891632957,2343852,373,6743.887886605161,80,1,0,0,0,0.0
1709,1769714212.2913442,decode,373,2344598,0.9983385139450713,2344225,373,6743.887886605161,80,1,0,0,0,0.0
1710,1769714212.3417127,decode,373,2344971,0.9984973387268469,2344598,373,6743.887886605161,80,1,0,0,0,0.0
1711,1769714212.3923883,decode,373,2345344,0.9986561635086225,2344971,373,6743.887886605161,80,1,0,0,0,0.0
1712,1769714212.4432042,decode,373,2345717,0.9988149882903982,2345344,373,6743.887886605161,80,1,0,0,0,0.0
1713,1769714212.4940224,decode,373,2346090,0.9989738130721737,2345717,373,6743.887886605161,80,1,0,0,0,0.0
1714,1769714212.544879,decode,373,2346463,0.9991326378539493,2346090,373,6743.887886605161,80,1,0,0,0,0.0
1715,1769714212.5955942,decode,373,2346836,0.9992914626357249,2346463,373,6743.887886605161,80,1,0,0,0,0.0
1716,1769714212.6461158,decode,373,2347209,0.9994502874175005,2346836,373,6743.887886605161,80,1,0,0,0,0.0
1717,1769714212.6968875,decode,373,2347582,0.9996091121992762,2347209,373,6743.887886605161,80,1,0,0,0,0.0
1718,1769714212.7479148,decode,373,2347955,0.9997679369810517,2347582,373,6743.887886605161,80,1,0,0,0,0.0
1719,1769714212.798688,decode,373,2348328,0.9999267617628274,2347955,373,6743.887886605161,80,1,0,0,0,0.0
1720,1769714212.9502935,decode,373,2342480,0.9974366616989567,2348328,372,6743.887886605161,80,1,0,0,0,0.0
1721,1769714213.0001307,decode,372,2342852,0.9975950606770279,2342480,372,6743.887886605161,80,1,0,0,0,0.0
1722,1769714213.050446,decode,372,2343224,0.997753459655099,2342852,372,6743.887886605161,80,1,0,0,0,0.0
1723,1769714213.1012206,decode,372,2343596,0.9979118586331701,2343224,372,6414.456356081159,80,1,0,0,0,0.0
1724,1769714213.1518326,decode,372,2343968,0.9980702576112412,2343596,372,6414.456356081159,80,1,0,0,0,0.0
1725,1769714213.202332,decode,372,2344340,0.9982286565893124,2343968,372,6414.456356081159,80,1,0,0,0,0.0
1726,1769714213.253033,decode,372,2344712,0.9983870555673834,2344340,372,6414.456356081159,80,1,0,0,0,0.0
1727,1769714213.3036487,decode,372,2345084,0.9985454545454545,2344712,372,6414.456356081159,80,1,0,0,0,0.0
1728,1769714213.354499,decode,372,2345456,0.9987038535235256,2345084,372,6414.456356081159,80,1,0,0,0,0.0
1729,1769714213.4051602,decode,372,2345828,0.9988622525015968,2345456,372,6414.456356081159,80,1,0,0,0,0.0
1730,1769714213.455771,decode,372,2346200,0.9990206514796679,2345828,372,6414.456356081159,80,1,0,0,0,0.0
1731,1769714213.506846,decode,372,2346572,0.999179050457739,2346200,372,6414.456356081159,80,1,0,0,0,0.0
1732,1769714213.5573673,decode,372,2346944,0.99933744943581,2346572,372,6414.456356081159,80,1,0,0,0,0.0
1733,1769714213.6081047,decode,372,2347316,0.9994958484138812,2346944,372,6414.456356081159,80,1,0,0,0,0.0
1734,1769714213.658922,decode,372,2347688,0.9996542473919523,2347316,372,6414.456356081159,80,1,0,0,0,0.0
1735,1769714213.7095892,decode,372,2348060,0.9998126463700234,2347688,372,6414.456356081159,80,1,0,0,0,0.0
1736,1769714213.760331,decode,372,2348432,0.9999710453480946,2348060,372,6414.456356081159,80,1,0,0,0,0.0
1737,1769714213.911532,decode,372,2342566,0.9974732808175432,2348432,371,6414.456356081159,80,1,0,0,0,0.0
1738,1769714213.961581,decode,371,2342937,0.9976312539919098,2342566,371,6414.456356081159,80,1,0,0,0,0.0
1739,1769714214.0119848,decode,371,2343308,0.9977892271662764,2342937,371,6414.456356081159,80,1,0,0,0,0.0
1740,1769714214.0624428,decode,371,2343679,0.997947200340643,2343308,371,6414.456356081159,80,1,0,0,0,0.0
1741,1769714214.1134374,decode,371,2344050,0.9981051735150096,2343679,371,6414.456356081159,80,1,0,0,0,0.0
1742,1769714214.1644726,decode,371,2344421,0.9982631466893762,2344050,371,6414.456356081159,80,1,0,0,0,0.0
1743,1769714214.2150736,decode,371,2344792,0.9984211198637428,2344421,371,6414.456356081159,80,1,0,0,0,0.0
1744,1769714214.2656085,decode,371,2345163,0.9985790930381094,2344792,371,6414.456356081159,80,1,0,0,0,0.0
1745,1769714214.3161547,decode,371,2345534,0.998737066212476,2345163,371,6414.456356081159,80,1,0,0,0,0.0
1746,1769714214.366684,decode,371,2345905,0.9988950393868427,2345534,371,6414.456356081159,80,1,0,0,0,0.0
1747,1769714214.417296,decode,371,2346276,0.9990530125612093,2345905,371,6414.456356081159,80,1,0,0,0,0.0
1748,1769714214.468249,decode,371,2346647,0.9992109857355759,2346276,371,6414.456356081159,80,1,0,0,0,0.0
1749,1769714214.5188265,decode,371,2347018,0.9993689589099425,2346647,371,6414.456356081159,80,1,0,0,0,0.0
1750,1769714214.5693462,decode,371,2347389,0.9995269320843091,2347018,371,6414.456356081159,80,1,0,0,0,0.0
1751,1769714214.6200705,decode,371,2347760,0.9996849052586757,2347389,371,6414.456356081159,80,1,0,0,0,0.0
1752,1769714214.6707158,decode,371,2348131,0.9998428784330423,2347760,371,6414.456356081159,80,1,0,0,0,0.0
1753,1769714214.8222854,decode,371,2342247,0.99733744943581,2348131,370,6414.456356081159,80,1,0,0,0,0.0
1754,1769714214.872136,decode,370,2342617,0.9974949968064722,2342247,370,6414.456356081159,80,1,0,0,0,0.0
1755,1769714214.92242,decode,370,2342987,0.9976525441771343,2342617,370,6414.456356081159,80,1,0,0,0,0.0
1756,1769714214.9731565,decode,370,2343357,0.9978100915477964,2342987,370,6414.456356081159,80,1,0,0,0,0.0
1757,1769714215.023658,decode,370,2343727,0.9979676389184586,2343357,370,6414.456356081159,80,1,0,0,0,0.0
1758,1769714215.0742037,decode,370,2344097,0.9981251862891207,2343727,370,6414.456356081159,80,1,0,0,0,0.0
1759,1769714215.124911,decode,370,2344467,0.9982827336597828,2344097,370,6414.456356081159,80,1,0,0,0,0.0
1760,1769714215.1754375,decode,370,2344837,0.9984402810304449,2344467,370,6414.456356081159,80,1,0,0,0,0.0
1761,1769714215.226054,decode,370,2345207,0.9985978284011071,2344837,370,6414.456356081159,80,1,0,0,0,0.0
1762,1769714215.2769277,decode,370,2345577,0.9987553757717692,2345207,370,6414.456356081159,80,1,0,0,0,0.0
1763,1769714215.3276162,decode,370,2345947,0.9989129231424313,2345577,370,6667.304707860531,80,1,0,0,0,0.0
1764,1769714215.3781466,decode,370,2346317,0.9990704705130935,2345947,370,6667.304707860531,80,1,0,0,0,0.0
1765,1769714215.4287243,decode,370,2346687,0.9992280178837556,2346317,370,6667.304707860531,80,1,0,0,0,0.0
1766,1769714215.4795315,decode,370,2347057,0.9993855652544177,2346687,370,6667.304707860531,80,1,0,0,0,0.0
1767,1769714215.5303257,decode,370,2347427,0.9995431126250799,2347057,370,6667.304707860531,80,1,0,0,0,0.0
1768,1769714215.5809274,decode,370,2347797,0.999700659995742,2347427,370,6667.304707860531,80,1,0,0,0,0.0
1769,1769714215.6316214,decode,370,2348167,0.9998582073664041,2347797,370,6667.304707860531,80,1,0,0,0,0.0
1770,1769714215.7828856,decode,370,2342265,0.9973451139024909,2348167,369,6667.304707860531,80,1,0,0,0,0.0
1771,1769714215.8327394,decode,369,2342634,0.9975022354694486,2342265,369,6667.304707860531,80,1,0,0,0,0.0
1772,1769714215.882948,decode,369,2343003,0.9976593570364062,2342634,369,6667.304707860531,80,1,0,0,0,0.0
1773,1769714215.933761,decode,369,2343372,0.9978164786033639,2343003,369,6667.304707860531,80,1,0,0,0,0.0
1774,1769714215.984226,decode,369,2343741,0.9979736001703214,2343372,369,6667.304707860531,80,1,0,0,0,0.0
1775,1769714216.0349047,decode,369,2344110,0.9981307217372791,2343741,369,6667.304707860531,80,1,0,0,0,0.0
1776,1769714216.0856085,decode,369,2344479,0.9982878433042367,2344110,369,6667.304707860531,80,1,0,0,0,0.0
1777,1769714216.1360052,decode,369,2344848,0.9984449648711944,2344479,369,6667.304707860531,80,1,0,0,0,0.0
1778,1769714216.186678,decode,369,2345217,0.998602086438152,2344848,369,6667.304707860531,80,1,0,0,0,0.0
1779,1769714216.2372935,decode,369,2345586,0.9987592080051096,2345217,369,6667.304707860531,80,1,0,0,0,0.0
1780,1769714216.288165,decode,369,2345955,0.9989163295720673,2345586,369,6667.304707860531,80,1,0,0,0,0.0
1781,1769714216.3390093,decode,369,2346324,0.9990734511390249,2345955,369,6667.304707860531,80,1,0,0,0,0.0
1782,1769714216.3897069,decode,369,2346693,0.9992305727059826,2346324,369,6667.304707860531,80,1,0,0,0,0.0
1783,1769714216.4404044,decode,369,2347062,0.9993876942729402,2346693,369,6667.304707860531,80,1,0,0,0,0.0
1784,1769714216.4912663,decode,369,2347431,0.9995448158398978,2347062,369,6667.304707860531,80,1,0,0,0,0.0
1785,1769714216.541891,decode,369,2347800,0.9997019374068554,2347431,369,6667.304707860531,80,1,0,0,0,0.0
1786,1769714216.5928438,decode,369,2348169,0.9998590589738131,2347800,369,6667.304707860531,80,1,0,0,0,0.0
1787,1769714216.7445204,decode,369,2342249,0.9973383010432191,2348169,368,6667.304707860531,80,1,0,0,0,0.0
1788,1769714216.7944036,decode,368,2342617,0.9974949968064722,2342249,368,6667.304707860531,80,1,0,0,0,0.0
1789,1769714216.8447182,decode,368,2342985,0.9976516925697253,2342617,368,6667.304707860531,80,1,0,0,0,0.0
1790,1769714216.8952944,decode,368,2343353,0.9978083883329785,2342985,368,6667.304707860531,80,1,0,0,0,0.0
1791,1769714216.9459107,decode,368,2343721,0.9979650840962316,2343353,368,6667.304707860531,80,1,0,0,0,0.0
1792,1769714216.996691,decode,368,2344089,0.9981217798594848,2343721,368,6667.304707860531,80,1,0,0,0,0.0
1793,1769714217.0471091,decode,368,2344457,0.998278475622738,2344089,368,6667.304707860531,80,1,0,0,0,0.0
1794,1769714217.0975955,decode,368,2344825,0.998435171385991,2344457,368,6667.304707860531,80,1,0,0,0,0.0
1795,1769714217.1483743,decode,368,2345193,0.9985918671492442,2344825,368,6667.304707860531,80,1,0,0,0,0.0
1796,1769714217.200206,decode,368,2345561,0.9987485629124974,2345193,368,6667.304707860531,80,1,0,0,0,0.0
1797,1769714217.2497683,decode,368,2345929,0.9989052586757505,2345561,368,6667.304707860531,80,1,0,0,0,0.0
1798,1769714217.3003058,decode,368,2346297,0.9990619544390036,2345929,368,6667.304707860531,80,1,0,0,0,0.0
1799,1769714217.350977,decode,368,2346665,0.9992186502022568,2346297,368,6667.304707860531,80,1,0,0,0,0.0
1800,1769714217.40166,decode,368,2347033,0.9993753459655099,2346665,368,6667.304707860531,80,1,0,0,0,0.0
1801,1769714217.452253,decode,368,2347401,0.9995320417287631,2347033,368,6667.304707860531,80,1,0,0,0,0.0
1802,1769714217.5029023,decode,368,2347769,0.9996887374920161,2347401,368,6667.304707860531,80,1,0,0,0,0.0
1803,1769714217.5537293,decode,368,2348137,0.9998454332552693,2347769,368,6626.350904373069,80,1,0,0,0,0.0
1804,1769714217.705444,decode,368,2342199,0.9973170108579945,2348137,367,6626.350904373069,80,1,0,0,0,0.0
1805,1769714217.7554653,decode,367,2342566,0.9974732808175432,2342199,367,6626.350904373069,80,1,0,0,0,0.0
1806,1769714217.805686,decode,367,2342933,0.9976295507770918,2342566,367,6626.350904373069,80,1,0,0,0,0.0
1807,1769714217.856161,decode,367,2343300,0.9977858207366405,2342933,367,6626.350904373069,80,1,0,0,0,0.0
1808,1769714217.9064422,decode,367,2343667,0.9979420906961891,2343300,367,6626.350904373069,80,1,0,0,0,0.0
1809,1769714217.9572375,decode,367,2344034,0.9980983606557378,2343667,367,6626.350904373069,80,1,0,0,0,0.0
1810,1769714218.0077088,decode,367,2344401,0.9982546306152863,2344034,367,6626.350904373069,80,1,0,0,0,0.0
1811,1769714218.0581937,decode,367,2344768,0.998410900574835,2344401,367,6626.350904373069,80,1,0,0,0,0.0
1812,1769714218.1088834,decode,367,2345135,0.9985671705343836,2344768,367,6626.350904373069,80,1,0,0,0,0.0
1813,1769714218.1594164,decode,367,2345502,0.9987234404939322,2345135,367,6626.350904373069,80,1,0,0,0,0.0
1814,1769714218.2102013,decode,367,2345869,0.9988797104534809,2345502,367,6626.350904373069,80,1,0,0,0,0.0
1815,1769714218.2608542,decode,367,2346236,0.9990359804130295,2345869,367,6626.350904373069,80,1,0,0,0,0.0
1816,1769714218.3113766,decode,367,2346603,0.9991922503725782,2346236,367,6626.350904373069,80,1,0,0,0,0.0
1817,1769714218.361981,decode,367,2346970,0.9993485203321268,2346603,367,6626.350904373069,80,1,0,0,0,0.0
1818,1769714218.4126754,decode,367,2347337,0.9995047902916755,2346970,367,6626.350904373069,80,1,0,0,0,0.0
1819,1769714218.4635193,decode,367,2347704,0.9996610602512241,2347337,367,6626.350904373069,80,1,0,0,0,0.0
1820,1769714218.5141976,decode,367,2348071,0.9998173302107728,2347704,367,6626.350904373069,80,1,0,0,0,0.0
1821,1769714218.5647943,decode,367,2348438,0.9999736001703214,2348071,367,6626.350904373069,80,1,0,0,0,0.0
1822,1769714218.716064,decode,367,2342480,0.9974366616989567,2348438,366,6626.350904373069,80,1,0,0,0,0.0
1823,1769714218.7660682,decode,366,2342846,0.997592505854801,2342480,366,6626.350904373069,80,1,0,0,0,0.0
1824,1769714218.8164158,decode,366,2343212,0.9977483500106451,2342846,366,6626.350904373069,80,1,0,0,0,0.0
1825,1769714218.8668237,decode,366,2343578,0.9979041941664892,2343212,366,6626.350904373069,80,1,0,0,0,0.0
1826,1769714218.9172716,decode,366,2343944,0.9980600383223334,2343578,366,6626.350904373069,80,1,0,0,0,0.0
1827,1769714218.96791,decode,366,2344310,0.9982158824781776,2343944,366,6626.350904373069,80,1,0,0,0,0.0
1828,1769714219.0186849,decode,366,2344676,0.9983717266340217,2344310,366,6626.350904373069,80,1,0,0,0,0.0
1829,1769714219.069126,decode,366,2345042,0.9985275707898659,2344676,366,6626.350904373069,80,1,0,0,0,0.0
1830,1769714219.1197412,decode,366,2345408,0.99868341494571,2345042,366,6626.350904373069,80,1,0,0,0,0.0
1831,1769714219.1702316,decode,366,2345774,0.9988392591015541,2345408,366,6626.350904373069,80,1,0,0,0,0.0
1832,1769714219.2207804,decode,366,2346140,0.9989951032573984,2345774,366,6626.350904373069,80,1,0,0,0,0.0
1833,1769714219.2715428,decode,366,2346506,0.9991509474132425,2346140,366,6626.350904373069,80,1,0,0,0,0.0
1834,1769714219.3221757,decode,366,2346872,0.9993067915690866,2346506,366,6626.350904373069,80,1,0,0,0,0.0
1835,1769714219.3728018,decode,366,2347238,0.9994626357249308,2346872,366,6626.350904373069,80,1,0,0,0,0.0
1836,1769714219.4234545,decode,366,2347604,0.999618479880775,2347238,366,6626.350904373069,80,1,0,0,0,0.0
1837,1769714219.4741845,decode,366,2347970,0.9997743240366191,2347604,366,6626.350904373069,80,1,0,0,0,0.0
1838,1769714219.5249104,decode,366,2348336,0.9999301681924633,2347970,366,6626.350904373069,80,1,0,0,0,0.0
1839,1769714219.6764402,decode,366,2342360,0.9973855652544177,2348336,365,6626.350904373069,80,1,0,0,0,0.0
1840,1769714219.7263384,decode,365,2342725,0.9975409836065574,2342360,365,6626.350904373069,80,1,0,0,0,0.0
1841,1769714219.7766743,decode,365,2343090,0.997696401958697,2342725,365,6626.350904373069,80,1,0,0,0,0.0
1842,1769714219.8274276,decode,365,2343455,0.9978518203108367,2343090,365,6626.350904373069,80,1,0,0,0,0.0
1843,1769714219.8780234,decode,365,2343820,0.9980072386629764,2343455,365,6305.561829059046,80,1,0,0,0,0.0
1844,1769714219.9285042,decode,365,2344185,0.9981626570151161,2343820,365,6305.561829059046,80,1,0,0,0,0.0
1845,1769714219.9793663,decode,365,2344550,0.9983180753672557,2344185,365,6305.561829059046,80,1,0,0,0,0.0
1846,1769714220.0298772,decode,365,2344915,0.9984734937193953,2344550,365,6305.561829059046,80,1,0,0,0,0.0
1847,1769714220.0806978,decode,365,2345280,0.998628912071535,2344915,365,6305.561829059046,80,1,0,0,0,0.0
1848,1769714220.1312196,decode,365,2345645,0.9987843304236746,2345280,365,6305.561829059046,80,1,0,0,0,0.0
1849,1769714220.1816905,decode,365,2346010,0.9989397487758144,2345645,365,6305.561829059046,80,1,0,0,0,0.0
1850,1769714220.232357,decode,365,2346375,0.999095167127954,2346010,365,6305.561829059046,80,1,0,0,0,0.0
1851,1769714220.2829711,decode,365,2346740,0.9992505854800937,2346375,365,6305.561829059046,80,1,0,0,0,0.0
1852,1769714220.333562,decode,365,2347105,0.9994060038322333,2346740,365,6305.561829059046,80,1,0,0,0,0.0
1853,1769714220.3843825,decode,365,2347470,0.999561422184373,2347105,365,6305.561829059046,80,1,0,0,0,0.0
1854,1769714220.4349432,decode,365,2347835,0.9997168405365127,2347470,365,6305.561829059046,80,1,0,0,0,0.0
1855,1769714220.485524,decode,365,2348200,0.9998722588886523,2347835,365,6305.561829059046,80,1,0,0,0,0.0
1856,1769714220.636634,decode,365,2342206,0.9973199914839259,2348200,364,6305.561829059046,80,1,0,0,0,0.0
1857,1769714220.6865063,decode,364,2342570,0.9974749840323611,2342206,364,6305.561829059046,80,1,0,0,0,0.0
1858,1769714220.7365112,decode,364,2342934,0.9976299765807962,2342570,364,6305.561829059046,80,1,0,0,0,0.0
1859,1769714220.7869353,decode,364,2343298,0.9977849691292314,2342934,364,6305.561829059046,80,1,0,0,0,0.0
1860,1769714220.8373427,decode,364,2343662,0.9979399616776666,2343298,364,6305.561829059046,80,1,0,0,0,0.0
1861,1769714220.8880618,decode,364,2344026,0.9980949542261017,2343662,364,6305.561829059046,80,1,0,0,0,0.0
1862,1769714220.9384732,decode,364,2344390,0.9982499467745369,2344026,364,6305.561829059046,80,1,0,0,0,0.0
1863,1769714220.9888277,decode,364,2344754,0.9984049393229721,2344390,364,6305.561829059046,80,1,0,0,0,0.0
1864,1769714221.0392735,decode,364,2345118,0.9985599318714072,2344754,364,6305.561829059046,80,1,0,0,0,0.0
1865,1769714221.0897624,decode,364,2345482,0.9987149244198424,2345118,364,6305.561829059046,80,1,0,0,0,0.0
1866,1769714221.1404305,decode,364,2345846,0.9988699169682776,2345482,364,6305.561829059046,80,1,0,0,0,0.0
1867,1769714221.1911728,decode,364,2346210,0.9990249095167127,2345846,364,6305.561829059046,80,1,0,0,0,0.0
1868,1769714221.2417705,decode,364,2346574,0.999179902065148,2346210,364,6305.561829059046,80,1,0,0,0,0.0
1869,1769714221.292254,decode,364,2346938,0.9993348946135832,2346574,364,6305.561829059046,80,1,0,0,0,0.0
1870,1769714221.3429546,decode,364,2347302,0.9994898871620184,2346938,364,6305.561829059046,80,1,0,0,0,0.0
1871,1769714221.3934653,decode,364,2347666,0.9996448797104535,2347302,364,6305.561829059046,80,1,0,0,0,0.0
1872,1769714221.44452,decode,364,2348030,0.9997998722588887,2347666,364,6305.561829059046,80,1,0,0,0,0.0
1873,1769714221.4951699,decode,364,2348394,0.9999548648073239,2348030,364,6305.561829059046,80,1,0,0,0,0.0
1874,1769714221.6464612,decode,364,2342381,0.997394507132212,2348394,363,6305.561829059046,80,1,0,0,0,0.0
1875,1769714221.6964467,decode,363,2342744,0.9975490738769427,2342381,363,6305.561829059046,80,1,0,0,0,0.0
1876,1769714221.747231,decode,363,2343107,0.9977036406216734,2342744,363,6305.561829059046,80,1,0,0,0,0.0
1877,1769714221.7973752,decode,363,2343470,0.9978582073664041,2343107,363,6305.561829059046,80,1,0,0,0,0.0
1878,1769714221.8478038,decode,363,2343833,0.9980127741111348,2343470,363,6305.561829059046,80,1,0,0,0,0.0
1879,1769714221.8981164,decode,363,2344196,0.9981673408558654,2343833,363,6305.561829059046,80,1,0,0,0,0.0
1880,1769714221.9485965,decode,363,2344559,0.9983219076005961,2344196,363,6305.561829059046,80,1,0,0,0,0.0
1881,1769714222.0002382,decode,363,2344922,0.9984764743453268,2344559,363,6305.561829059046,80,1,0,0,0,0.0
1882,1769714222.0507114,decode,363,2345285,0.9986310410900575,2344922,363,6305.561829059046,80,1,0,0,0,0.0
1883,1769714222.1010242,decode,363,2345648,0.9987856078347882,2345285,363,6551.513865997388,80,1,0,0,0,0.0
1884,1769714222.151187,decode,363,2346011,0.9989401745795189,2345648,363,6551.513865997388,80,1,0,0,0,0.0
1885,1769714222.2016644,decode,363,2346374,0.9990947413242495,2346011,363,6551.513865997388,80,1,0,0,0,0.0
1886,1769714222.2526634,decode,363,2346737,0.9992493080689802,2346374,363,6551.513865997388,80,1,0,0,0,0.0
1887,1769714222.30369,decode,363,2347100,0.9994038748137108,2346737,363,6551.513865997388,80,1,0,0,0,0.0
1888,1769714222.3539517,decode,363,2347463,0.9995584415584415,2347100,363,6551.513865997388,80,1,0,0,0,0.0
1889,1769714222.4044306,decode,363,2347826,0.9997130083031722,2347463,363,6551.513865997388,80,1,0,0,0,0.0
1890,1769714222.4548812,decode,363,2348189,0.9998675750479029,2347826,363,6551.513865997388,80,1,0,0,0,0.0
1891,1769714222.6065698,decode,363,2342158,0.9972995529061103,2348189,362,6551.513865997388,80,1,0,0,0,0.0
1892,1769714222.6565578,decode,362,2342520,0.9974536938471364,2342158,362,6551.513865997388,80,1,0,0,0,0.0
1893,1769714222.7066545,decode,362,2342882,0.9976078347881626,2342520,362,6551.513865997388,80,1,0,0,0,0.0
1894,1769714222.7571588,decode,362,2343244,0.9977619757291889,2342882,362,6551.513865997388,80,1,0,0,0,0.0
1895,1769714222.8076715,decode,362,2343606,0.9979161166702151,2343244,362,6551.513865997388,80,1,0,0,0,0.0
1896,1769714222.858045,decode,362,2343968,0.9980702576112412,2343606,362,6551.513865997388,80,1,0,0,0,0.0
1897,1769714222.9084997,decode,362,2344330,0.9982243985522674,2343968,362,6551.513865997388,80,1,0,0,0,0.0
1898,1769714222.9590986,decode,362,2344692,0.9983785394932936,2344330,362,6551.513865997388,80,1,0,0,0,0.0
1899,1769714223.0096192,decode,362,2345054,0.9985326804343198,2344692,362,6551.513865997388,80,1,0,0,0,0.0
1900,1769714223.0603452,decode,362,2345416,0.9986868213753459,2345054,362,6551.513865997388,80,1,0,0,0,0.0
1901,1769714223.1110015,decode,362,2345778,0.9988409623163722,2345416,362,6551.513865997388,80,1,0,0,0,0.0
1902,1769714223.1615906,decode,362,2346140,0.9989951032573984,2345778,362,6551.513865997388,80,1,0,0,0,0.0
1903,1769714223.212089,decode,362,2346502,0.9991492441984245,2346140,362,6551.513865997388,80,1,0,0,0,0.0
1904,1769714223.262689,decode,362,2346864,0.9993033851394507,2346502,362,6551.513865997388,80,1,0,0,0,0.0
1905,1769714223.3133802,decode,362,2347226,0.9994575260804769,2346864,362,6551.513865997388,80,1,0,0,0,0.0
1906,1769714223.364139,decode,362,2347588,0.9996116670215031,2347226,362,6551.513865997388,80,1,0,0,0,0.0
1907,1769714223.4148002,decode,362,2347950,0.9997658079625292,2347588,362,6551.513865997388,80,1,0,0,0,0.0
1908,1769714223.4659672,decode,362,2348312,0.9999199489035555,2347950,362,6551.513865997388,80,1,0,0,0,0.0
1909,1769714223.6169677,decode,362,2342261,0.997343410687673,2348312,361,6551.513865997388,80,1,0,0,0,0.0
1910,1769714223.6665547,decode,361,2342622,0.9974971258249947,2342261,361,6551.513865997388,80,1,0,0,0,0.0
1911,1769714223.7168448,decode,361,2342983,0.9976508409623164,2342622,361,6551.513865997388,80,1,0,0,0,0.0
1912,1769714223.767324,decode,361,2343344,0.997804556099638,2342983,361,6551.513865997388,80,1,0,0,0,0.0
1913,1769714223.8177655,decode,361,2343705,0.9979582712369598,2343344,361,6551.513865997388,80,1,0,0,0,0.0
1914,1769714223.8685105,decode,361,2344066,0.9981119863742814,2343705,361,6551.513865997388,80,1,0,0,0,0.0
1915,1769714223.9190803,decode,361,2344427,0.9982657015116031,2344066,361,6551.513865997388,80,1,0,0,0,0.0
1916,1769714223.9694228,decode,361,2344788,0.9984194166489249,2344427,361,6551.513865997388,80,1,0,0,0,0.0
1917,1769714224.0202215,decode,361,2345149,0.9985731317862465,2344788,361,6551.513865997388,80,1,0,0,0,0.0
1918,1769714224.0707855,decode,361,2345510,0.9987268469235683,2345149,361,6551.513865997388,80,1,0,0,0,0.0
1919,1769714224.1215608,decode,361,2345871,0.9988805620608899,2345510,361,6551.513865997388,80,1,0,0,0,0.0
1920,1769714224.1721492,decode,361,2346232,0.9990342771982116,2345871,361,6551.513865997388,80,1,0,0,0,0.0
1921,1769714224.2226415,decode,361,2346593,0.9991879923355333,2346232,361,6551.513865997388,80,1,0,0,0,0.0
1922,1769714224.2732434,decode,361,2346954,0.999341707472855,2346593,361,6551.513865997388,80,1,0,0,0,0.0
1923,1769714224.3238957,decode,361,2347315,0.9994954226101767,2346954,361,6511.405154543505,80,1,0,0,0,0.0
1924,1769714224.3742821,decode,361,2347676,0.9996491377474984,2347315,361,6511.405154543505,80,1,0,0,0,0.0
1925,1769714224.4251502,decode,361,2348037,0.9998028528848201,2347676,361,6511.405154543505,80,1,0,0,0,0.0
1926,1769714224.475587,decode,361,2348398,0.9999565680221418,2348037,361,6511.405154543505,80,1,0,0,0,0.0
1927,1769714224.6268458,decode,361,2342328,0.997371939535874,2348398,360,6511.405154543505,80,1,0,0,0,0.0
1928,1769714224.6765976,decode,360,2342688,0.9975252288694911,2342328,360,6511.405154543505,80,1,0,0,0,0.0
1929,1769714224.7286754,decode,360,2343048,0.9976785182031084,2342688,360,6511.405154543505,80,1,0,0,0,0.0
1930,1769714224.7780147,decode,360,2343408,0.9978318075367256,2343048,360,6511.405154543505,80,1,0,0,0,0.0
1931,1769714224.8284233,decode,360,2343768,0.9979850968703428,2343408,360,6511.405154543505,80,1,0,0,0,0.0
1932,1769714224.8789284,decode,360,2344128,0.99813838620396,2343768,360,6511.405154543505,80,1,0,0,0,0.0
1933,1769714224.9294138,decode,360,2344488,0.9982916755375771,2344128,360,6511.405154543505,80,1,0,0,0,0.0
1934,1769714224.9802074,decode,360,2344848,0.9984449648711944,2344488,360,6511.405154543505,80,1,0,0,0,0.0
1935,1769714225.0307734,decode,360,2345208,0.9985982542048116,2344848,360,6511.405154543505,80,1,0,0,0,0.0
1936,1769714225.08123,decode,360,2345568,0.9987515435384288,2345208,360,6511.405154543505,80,1,0,0,0,0.0
1937,1769714225.1317754,decode,360,2345928,0.998904832872046,2345568,360,6511.405154543505,80,1,0,0,0,0.0
1938,1769714225.1822588,decode,360,2346288,0.9990581222056631,2345928,360,6511.405154543505,80,1,0,0,0,0.0
1939,1769714225.2328103,decode,360,2346648,0.9992114115392804,2346288,360,6511.405154543505,80,1,0,0,0,0.0
1940,1769714225.2834022,decode,360,2347008,0.9993647008728976,2346648,360,6511.405154543505,80,1,0,0,0,0.0
1941,1769714225.333976,decode,360,2347368,0.9995179902065148,2347008,360,6511.405154543505,80,1,0,0,0,0.0
1942,1769714225.3846877,decode,360,2347728,0.999671279540132,2347368,360,6511.405154543505,80,1,0,0,0,0.0
1943,1769714225.4349883,decode,360,2348088,0.9998245688737492,2347728,360,6511.405154543505,80,1,0,0,0,0.0
1944,1769714225.4854898,decode,360,2348448,0.9999778582073664,2348088,360,6511.405154543505,80,1,0,0,0,0.0
1945,1769714225.6367004,decode,360,2342359,0.9973851394507133,2348448,359,6511.405154543505,80,1,0,0,0,0.0
1946,1769714225.6868186,decode,359,2342718,0.9975380029806259,2342359,359,6511.405154543505,80,1,0,0,0,0.0
1947,1769714225.7372465,decode,359,2343077,0.9976908665105386,2342718,359,6511.405154543505,80,1,0,0,0,0.0
1948,1769714225.787619,decode,359,2343436,0.9978437300404513,2343077,359,6511.405154543505,80,1,0,0,0,0.0
1949,1769714225.8378491,decode,359,2343795,0.9979965935703641,2343436,359,6511.405154543505,80,1,0,0,0,0.0
1950,1769714225.8880582,decode,359,2344154,0.9981494571002768,2343795,359,6511.405154543505,80,1,0,0,0,0.0
1951,1769714225.938958,decode,359,2344513,0.9983023206301895,2344154,359,6511.405154543505,80,1,0,0,0,0.0
1952,1769714225.98951,decode,359,2344872,0.9984551841601021,2344513,359,6511.405154543505,80,1,0,0,0,0.0
1953,1769714226.0401638,decode,359,2345231,0.9986080476900149,2344872,359,6511.405154543505,80,1,0,0,0,0.0
1954,1769714226.0905342,decode,359,2345590,0.9987609112199276,2345231,359,6511.405154543505,80,1,0,0,0,0.0
1955,1769714226.1409736,decode,359,2345949,0.9989137747498403,2345590,359,6511.405154543505,80,1,0,0,0,0.0
1956,1769714226.191451,decode,359,2346308,0.9990666382797531,2345949,359,6511.405154543505,80,1,0,0,0,0.0
1957,1769714226.2421498,decode,359,2346667,0.9992195018096658,2346308,359,6511.405154543505,80,1,0,0,0,0.0
1958,1769714226.2925692,decode,359,2347026,0.9993723653395784,2346667,359,6511.405154543505,80,1,0,0,0,0.0
1959,1769714226.3434932,decode,359,2347385,0.9995252288694911,2347026,359,6511.405154543505,80,1,0,0,0,0.0
1960,1769714226.3939779,decode,359,2347744,0.9996780923994039,2347385,359,6511.405154543505,80,1,0,0,0,0.0
1961,1769714226.4444842,decode,359,2348103,0.9998309559293166,2347744,359,6511.405154543505,80,1,0,0,0,0.0
1962,1769714226.4950745,decode,359,2348462,0.9999838194592293,2348103,359,6511.405154543505,80,1,0,0,0,0.0
1963,1769714226.6471193,decode,359,2342354,0.9973830104321908,2348462,358,6192.219793436266,80,1,0,0,0,0.0
1964,1769714226.6966846,decode,358,2342712,0.997535448158399,2342354,358,6192.219793436266,80,1,0,0,0,0.0
1965,1769714226.7471123,decode,358,2343070,0.9976878858846072,2342712,358,6192.219793436266,80,1,0,0,0,0.0
1966,1769714226.7973692,decode,358,2343428,0.9978403236108154,2343070,358,6192.219793436266,80,1,0,0,0,0.0
1967,1769714226.8480108,decode,358,2343786,0.9979927613370236,2343428,358,6192.219793436266,80,1,0,0,0,0.0
1968,1769714226.898406,decode,358,2344144,0.9981451990632318,2343786,358,6192.219793436266,80,1,0,0,0,0.0
1969,1769714226.9490516,decode,358,2344502,0.9982976367894401,2344144,358,6192.219793436266,80,1,0,0,0,0.0
1970,1769714226.99947,decode,358,2344860,0.9984500745156483,2344502,358,6192.219793436266,80,1,0,0,0,0.0
1971,1769714227.0500274,decode,358,2345218,0.9986025122418565,2344860,358,6192.219793436266,80,1,0,0,0,0.0
1972,1769714227.1005657,decode,358,2345576,0.9987549499680647,2345218,358,6192.219793436266,80,1,0,0,0,0.0
1973,1769714227.1519554,decode,358,2345934,0.9989073876942729,2345576,358,6192.219793436266,80,1,0,0,0,0.0
1974,1769714227.2021983,decode,358,2346292,0.9990598254204811,2345934,358,6192.219793436266,80,1,0,0,0,0.0
1975,1769714227.2525442,decode,358,2346650,0.9992122631466894,2346292,358,6192.219793436266,80,1,0,0,0,0.0
1976,1769714227.3030014,decode,358,2347008,0.9993647008728976,2346650,358,6192.219793436266,80,1,0,0,0,0.0
1977,1769714227.3535955,decode,358,2347366,0.9995171385991058,2347008,358,6192.219793436266,80,1,0,0,0,0.0
1978,1769714227.4043374,decode,358,2347724,0.9996695763253141,2347366,358,6192.219793436266,80,1,0,0,0,0.0
1979,1769714227.4548495,decode,358,2348082,0.9998220140515223,2347724,358,6192.219793436266,80,1,0,0,0,0.0
1980,1769714227.5051947,decode,358,2348440,0.9999744517777305,2348082,358,6192.219793436266,80,1,0,0,0,0.0
1981,1769714227.6567202,decode,358,2342312,0.997365126676602,2348440,357,6192.219793436266,80,1,0,0,0,0.0
1982,1769714227.7062912,decode,357,2342669,0.9975171385991058,2342312,357,6192.219793436266,80,1,0,0,0,0.0
1983,1769714227.756608,decode,357,2343026,0.9976691505216095,2342669,357,6192.219793436266,80,1,0,0,0,0.0
1984,1769714227.8070018,decode,357,2343383,0.9978211624441132,2343026,357,6192.219793436266,80,1,0,0,0,0.0
1985,1769714227.8574927,decode,357,2343740,0.997973174366617,2343383,357,6192.219793436266,80,1,0,0,0,0.0
1986,1769714227.9079812,decode,357,2344097,0.9981251862891207,2343740,357,6192.219793436266,80,1,0,0,0,0.0
1987,1769714227.9587831,decode,357,2344454,0.9982771982116244,2344097,357,6192.219793436266,80,1,0,0,0,0.0
1988,1769714228.0098088,decode,357,2344811,0.9984292101341282,2344454,357,6192.219793436266,80,1,0,0,0,0.0
1989,1769714228.060705,decode,357,2345168,0.9985812220566319,2344811,357,6192.219793436266,80,1,0,0,0,0.0
1990,1769714228.1111348,decode,357,2345525,0.9987332339791356,2345168,357,6192.219793436266,80,1,0,0,0,0.0
1991,1769714228.1621778,decode,357,2345882,0.9988852459016393,2345525,357,6192.219793436266,80,1,0,0,0,0.0
1992,1769714228.213009,decode,357,2346239,0.9990372578241431,2345882,357,6192.219793436266,80,1,0,0,0,0.0
1993,1769714228.2632866,decode,357,2346596,0.9991892697466468,2346239,357,6192.219793436266,80,1,0,0,0,0.0
1994,1769714228.3142889,decode,357,2346953,0.9993412816691505,2346596,357,6192.219793436266,80,1,0,0,0,0.0
1995,1769714228.364215,decode,357,2347310,0.9994932935916543,2346953,357,6192.219793436266,80,1,0,0,0,0.0
1996,1769714228.4144633,decode,357,2347667,0.999645305514158,2347310,357,6192.219793436266,80,1,0,0,0,0.0
1997,1769714228.4649246,decode,357,2348024,0.9997973174366617,2347667,357,6192.219793436266,80,1,0,0,0,0.0
1998,1769714228.515489,decode,357,2348381,0.9999493293591655,2348024,357,6192.219793436266,80,1,0,0,0,0.0
1999,1769714228.6663966,decode,357,2342234,0.9973319139876516,2348381,356,6192.219793436266,80,1,0,0,0,0.0
2000,1769714228.7158563,decode,356,2342590,0.9974835001064509,2342234,356,6192.219793436266,80,1,0,0,0,0.0
2001,1769714228.766246,decode,356,2342946,0.9976350862252502,2342590,356,6192.219793436266,80,1,0,0,0,0.0
2002,1769714228.8165693,decode,356,2343302,0.9977866723440494,2342946,356,6192.219793436266,80,1,0,0,0,0.0
2003,1769714228.8670259,decode,356,2343658,0.9979382584628487,2343302,356,6439.031082876008,80,1,0,0,0,0.0
2004,1769714228.917119,decode,356,2344014,0.9980898445816478,2343658,356,6439.031082876008,80,1,0,0,0,0.0
2005,1769714228.9676287,decode,356,2344370,0.9982414307004471,2344014,356,6439.031082876008,80,1,0,0,0,0.0
2006,1769714229.0182674,decode,356,2344726,0.9983930168192463,2344370,356,6439.031082876008,80,1,0,0,0,0.0
2007,1769714229.0687644,decode,356,2345082,0.9985446029380456,2344726,356,6439.031082876008,80,1,0,0,0,0.0
2008,1769714229.119145,decode,356,2345438,0.9986961890568448,2345082,356,6439.031082876008,80,1,0,0,0,0.0
2009,1769714229.1694825,decode,356,2345794,0.998847775175644,2345438,356,6439.031082876008,80,1,0,0,0,0.0
2010,1769714229.219833,decode,356,2346150,0.9989993612944432,2345794,356,6439.031082876008,80,1,0,0,0,0.0
2011,1769714229.2702708,decode,356,2346506,0.9991509474132425,2346150,356,6439.031082876008,80,1,0,0,0,0.0
2012,1769714229.322086,decode,356,2346862,0.9993025335320417,2346506,356,6439.031082876008,80,1,0,0,0,0.0
2013,1769714229.3724847,decode,356,2347218,0.999454119650841,2346862,356,6439.031082876008,80,1,0,0,0,0.0
2014,1769714229.4225192,decode,356,2347574,0.9996057057696401,2347218,356,6439.031082876008,80,1,0,0,0,0.0
2015,1769714229.4728248,decode,356,2347930,0.9997572918884394,2347574,356,6439.031082876008,80,1,0,0,0,0.0
2016,1769714229.5231626,decode,356,2348286,0.9999088780072387,2347930,356,6439.031082876008,80,1,0,0,0,0.0
2017,1769714229.675617,decode,356,2342120,0.9972833723653396,2348286,355,6439.031082876008,80,1,0,0,0,0.0
2018,1769714229.7253146,decode,355,2342475,0.9974345326804344,2342120,355,6439.031082876008,80,1,0,0,0,0.0
2019,1769714229.7753696,decode,355,2342830,0.997585692995529,2342475,355,6439.031082876008,80,1,0,0,0,0.0
2020,1769714229.8256667,decode,355,2343185,0.9977368533106238,2342830,355,6439.031082876008,80,1,0,0,0,0.0
2021,1769714229.877061,decode,355,2343540,0.9978880136257186,2343185,355,6439.031082876008,80,1,0,0,0,0.0
2022,1769714229.9275403,decode,355,2343895,0.9980391739408133,2343540,355,6439.031082876008,80,1,0,0,0,0.0
2023,1769714229.9775739,decode,355,2344250,0.998190334255908,2343895,355,6439.031082876008,80,1,0,0,0,0.0
2024,1769714230.0278401,decode,355,2344605,0.9983414945710027,2344250,355,6439.031082876008,80,1,0,0,0,0.0
2025,1769714230.0781655,decode,355,2344960,0.9984926548860975,2344605,355,6439.031082876008,80,1,0,0,0,0.0
2026,1769714230.1291416,decode,355,2345315,0.9986438152011923,2344960,355,6439.031082876008,80,1,0,0,0,0.0
2027,1769714230.180037,decode,355,2345670,0.998794975516287,2345315,355,6439.031082876008,80,1,0,0,0,0.0
2028,1769714230.2302206,decode,355,2346025,0.9989461358313817,2345670,355,6439.031082876008,80,1,0,0,0,0.0
2029,1769714230.2804034,decode,355,2346380,0.9990972961464765,2346025,355,6439.031082876008,80,1,0,0,0,0.0
2030,1769714230.330756,decode,355,2346735,0.9992484564615712,2346380,355,6439.031082876008,80,1,0,0,0,0.0
2031,1769714230.381175,decode,355,2347090,0.999399616776666,2346735,355,6439.031082876008,80,1,0,0,0,0.0
2032,1769714230.4326227,decode,355,2347445,0.9995507770917607,2347090,355,6439.031082876008,80,1,0,0,0,0.0
2033,1769714230.482811,decode,355,2347800,0.9997019374068554,2347445,355,6439.031082876008,80,1,0,0,0,0.0
2034,1769714230.533337,decode,355,2348155,0.9998530977219502,2347800,355,6439.031082876008,80,1,0,0,0,0.0
2035,1769714230.6844375,decode,355,2341970,0.9972195018096658,2348155,354,6439.031082876008,80,1,0,0,0,0.0
2036,1769714230.7344608,decode,354,2342324,0.997370236321056,2341970,354,6439.031082876008,80,1,0,0,0,0.0
2037,1769714230.7849817,decode,354,2342678,0.9975209708324463,2342324,354,6439.031082876008,80,1,0,0,0,0.0
2038,1769714230.8351934,decode,354,2343032,0.9976717053438365,2342678,354,6439.031082876008,80,1,0,0,0,0.0
2039,1769714230.88556,decode,354,2343386,0.9978224398552268,2343032,354,6439.031082876008,80,1,0,0,0,0.0
2040,1769714230.9361105,decode,354,2343740,0.997973174366617,2343386,354,6439.031082876008,80,1,0,0,0,0.0
2041,1769714230.9864144,decode,354,2344094,0.9981239088780073,2343740,354,6439.031082876008,80,1,0,0,0,0.0
2042,1769714231.0371659,decode,354,2344448,0.9982746433893975,2344094,354,6439.031082876008,80,1,0,0,0,0.0
2043,1769714231.0875127,decode,354,2344802,0.9984253779007878,2344448,354,6397.717754240026,80,1,0,0,0,0.0
2044,1769714231.1378686,decode,354,2345156,0.998576112412178,2344802,354,6397.717754240026,80,1,0,0,0,0.0
2045,1769714231.1883109,decode,354,2345510,0.9987268469235683,2345156,354,6397.717754240026,80,1,0,0,0,0.0
2046,1769714231.2389069,decode,354,2345864,0.9988775814349585,2345510,354,6397.717754240026,80,1,0,0,0,0.0
2047,1769714231.289306,decode,354,2346218,0.9990283159463488,2345864,354,6397.717754240026,80,1,0,0,0,0.0
2048,1769714231.3397596,decode,354,2346572,0.999179050457739,2346218,354,6397.717754240026,80,1,0,0,0,0.0
2049,1769714231.3902695,decode,354,2346926,0.9993297849691293,2346572,354,6397.717754240026,80,1,0,0,0,0.0
2050,1769714231.4408545,decode,354,2347280,0.9994805194805195,2346926,354,6397.717754240026,80,1,0,0,0,0.0
2051,1769714231.4914615,decode,354,2347634,0.9996312539919098,2347280,354,6397.717754240026,80,1,0,0,0,0.0
2052,1769714231.5421555,decode,354,2347988,0.9997819885033,2347634,354,6397.717754240026,80,1,0,0,0,0.0
2053,1769714231.5926826,decode,354,2348342,0.9999327230146903,2347988,354,6397.717754240026,80,1,0,0,0,0.0
2054,1769714231.7466586,decode,354,2342136,0.9972901852246114,2348342,353,6397.717754240026,80,1,0,0,0,0.0
2055,1769714231.7971942,decode,353,2342489,0.9974404939322972,2342136,353,6397.717754240026,80,1,0,0,0,0.0
2056,1769714231.8481743,decode,353,2342842,0.997590802639983,2342489,353,6397.717754240026,80,1,0,0,0,0.0
2057,1769714231.8982205,decode,353,2343195,0.9977411113476687,2342842,353,6397.717754240026,80,1,0,0,0,0.0
2058,1769714231.9481385,decode,353,2343548,0.9978914200553545,2343195,353,6397.717754240026,80,1,0,0,0,0.0
2059,1769714231.998723,decode,353,2343901,0.9980417287630402,2343548,353,6397.717754240026,80,1,0,0,0,0.0
2060,1769714232.049924,decode,353,2344254,0.998192037470726,2343901,353,6397.717754240026,80,1,0,0,0,0.0
2061,1769714232.1003385,decode,353,2344607,0.9983423461784118,2344254,353,6397.717754240026,80,1,0,0,0,0.0
2062,1769714232.1507545,decode,353,2344960,0.9984926548860975,2344607,353,6397.717754240026,80,1,0,0,0,0.0
2063,1769714232.2011144,decode,353,2345313,0.9986429635937832,2344960,353,6397.717754240026,80,1,0,0,0,0.0
2064,1769714232.25175,decode,353,2345666,0.998793272301469,2345313,353,6397.717754240026,80,1,0,0,0,0.0
2065,1769714232.3021824,decode,353,2346019,0.9989435810091548,2345666,353,6397.717754240026,80,1,0,0,0,0.0
2066,1769714232.3526547,decode,353,2346372,0.9990938897168405,2346019,353,6397.717754240026,80,1,0,0,0,0.0
2067,1769714232.4032006,decode,353,2346725,0.9992441984245263,2346372,353,6397.717754240026,80,1,0,0,0,0.0
2068,1769714232.4537873,decode,353,2347078,0.999394507132212,2346725,353,6397.717754240026,80,1,0,0,0,0.0
2069,1769714232.50437,decode,353,2347431,0.9995448158398978,2347078,353,6397.717754240026,80,1,0,0,0,0.0
2070,1769714232.5551229,decode,353,2347784,0.9996951245475836,2347431,353,6397.717754240026,80,1,0,0,0,0.0
2071,1769714232.6057055,decode,353,2348137,0.9998454332552693,2347784,353,6397.717754240026,80,1,0,0,0,0.0
2072,1769714232.6562145,decode,353,2348490,0.999995741962955,2348137,353,6397.717754240026,80,1,0,0,0,0.0
2073,1769714232.8087869,decode,353,2342264,0.9973446880987865,2348490,352,6397.717754240026,80,1,0,0,0,0.0
2074,1769714232.8585277,decode,352,2342616,0.9974945710027677,2342264,352,6397.717754240026,80,1,0,0,0,0.0
2075,1769714232.9084833,decode,352,2342968,0.9976444539067489,2342616,352,6397.717754240026,80,1,0,0,0,0.0
2076,1769714232.958587,decode,352,2343320,0.9977943368107303,2342968,352,6397.717754240026,80,1,0,0,0,0.0
2077,1769714233.0086894,decode,352,2343672,0.9979442197147115,2343320,352,6397.717754240026,80,1,0,0,0,0.0
2078,1769714233.0591266,decode,352,2344024,0.9980941026186928,2343672,352,6397.717754240026,80,1,0,0,0,0.0
2079,1769714233.109519,decode,352,2344376,0.998243985522674,2344024,352,6397.717754240026,80,1,0,0,0,0.0
2080,1769714233.1598635,decode,352,2344728,0.9983938684266553,2344376,352,6397.717754240026,80,1,0,0,0,0.0
2081,1769714233.210276,decode,352,2345080,0.9985437513306366,2344728,352,6397.717754240026,80,1,0,0,0,0.0
2082,1769714233.2605238,decode,352,2345432,0.9986936342346179,2345080,352,6397.717754240026,80,1,0,0,0,0.0
2083,1769714233.311198,decode,352,2345784,0.9988435171385991,2345432,352,6350.25790379996,80,1,0,0,0,0.0
2084,1769714233.3616726,decode,352,2346136,0.9989934000425804,2345784,352,6350.25790379996,80,1,0,0,0,0.0
2085,1769714233.4119115,decode,352,2346488,0.9991432829465616,2346136,352,6350.25790379996,80,1,0,0,0,0.0
2086,1769714233.462137,decode,352,2346840,0.999293165850543,2346488,352,6350.25790379996,80,1,0,0,0,0.0
2087,1769714233.5124443,decode,352,2347192,0.9994430487545242,2346840,352,6350.25790379996,80,1,0,0,0,0.0
2088,1769714233.562696,decode,352,2347544,0.9995929316585054,2347192,352,6350.25790379996,80,1,0,0,0,0.0
2089,1769714233.6132796,decode,352,2347896,0.9997428145624867,2347544,352,6350.25790379996,80,1,0,0,0,0.0
2090,1769714233.6637707,decode,352,2348248,0.9998926974664679,2347896,352,6350.25790379996,80,1,0,0,0,0.0
2091,1769714233.8150253,decode,352,2342003,0.997233553331914,2348248,351,6350.25790379996,80,1,0,0,0,0.0
2092,1769714233.864736,decode,351,2342354,0.9973830104321908,2342003,351,6350.25790379996,80,1,0,0,0,0.0
2093,1769714233.91488,decode,351,2342705,0.9975324675324675,2342354,351,6350.25790379996,80,1,0,0,0,0.0
2094,1769714233.9649615,decode,351,2343056,0.9976819246327443,2342705,351,6350.25790379996,80,1,0,0,0,0.0
2095,1769714234.015272,decode,351,2343407,0.9978313817330211,2343056,351,6350.25790379996,80,1,0,0,0,0.0
2096,1769714234.0656252,decode,351,2343758,0.9979808388332978,2343407,351,6350.25790379996,80,1,0,0,0,0.0
2097,1769714234.1158886,decode,351,2344109,0.9981302959335746,2343758,351,6350.25790379996,80,1,0,0,0,0.0
2098,1769714234.1663027,decode,351,2344460,0.9982797530338514,2344109,351,6350.25790379996,80,1,0,0,0,0.0
2099,1769714234.2166078,decode,351,2344811,0.9984292101341282,2344460,351,6350.25790379996,80,1,0,0,0,0.0
2100,1769714234.2669506,decode,351,2345162,0.9985786672344049,2344811,351,6350.25790379996,80,1,0,0,0,0.0
2101,1769714234.3177495,decode,351,2345513,0.9987281243346817,2345162,351,6350.25790379996,80,1,0,0,0,0.0
2102,1769714234.368142,decode,351,2345864,0.9988775814349585,2345513,351,6350.25790379996,80,1,0,0,0,0.0
2103,1769714234.418521,decode,351,2346215,0.9990270385352352,2345864,351,6350.25790379996,80,1,0,0,0,0.0
2104,1769714234.4689002,decode,351,2346566,0.999176495635512,2346215,351,6350.25790379996,80,1,0,0,0,0.0
2105,1769714234.519455,decode,351,2346917,0.9993259527357888,2346566,351,6350.25790379996,80,1,0,0,0,0.0
2106,1769714234.5697122,decode,351,2347268,0.9994754098360655,2346917,351,6350.25790379996,80,1,0,0,0,0.0
2107,1769714234.6202838,decode,351,2347619,0.9996248669363423,2347268,351,6350.25790379996,80,1,0,0,0,0.0
2108,1769714234.670485,decode,351,2347970,0.9997743240366191,2347619,351,6350.25790379996,80,1,0,0,0,0.0
2109,1769714234.7211316,decode,351,2348321,0.9999237811368958,2347970,351,6350.25790379996,80,1,0,0,0,0.0
2110,1769714234.8718212,decode,351,2342056,0.9972561209282521,2348321,350,6350.25790379996,80,1,0,0,0,0.0
2111,1769714234.9214103,decode,350,2342406,0.9974051522248244,2342056,350,6350.25790379996,80,1,0,0,0,0.0
2112,1769714234.97169,decode,350,2342756,0.9975541835213967,2342406,350,6350.25790379996,80,1,0,0,0,0.0
2113,1769714235.0225112,decode,350,2343106,0.9977032148179689,2342756,350,6350.25790379996,80,1,0,0,0,0.0
2114,1769714235.0722907,decode,350,2343456,0.9978522461145412,2343106,350,6350.25790379996,80,1,0,0,0,0.0
2115,1769714235.1224217,decode,350,2343806,0.9980012774111134,2343456,350,6350.25790379996,80,1,0,0,0,0.0
2116,1769714235.1725798,decode,350,2344156,0.9981503087076857,2343806,350,6350.25790379996,80,1,0,0,0,0.0
2117,1769714235.2229643,decode,350,2344506,0.998299340004258,2344156,350,6350.25790379996,80,1,0,0,0,0.0
2118,1769714235.2743294,decode,350,2344856,0.9984483713008303,2344506,350,6350.25790379996,80,1,0,0,0,0.0
2119,1769714235.3248777,decode,350,2345206,0.9985974025974026,2344856,350,6350.25790379996,80,1,0,0,0,0.0
2120,1769714235.374833,decode,350,2345556,0.9987464338939749,2345206,350,6350.25790379996,80,1,0,0,0,0.0
2121,1769714235.4250426,decode,350,2345906,0.9988954651905472,2345556,350,6350.25790379996,80,1,0,0,0,0.0
2122,1769714235.4752798,decode,350,2346256,0.9990444964871195,2345906,350,6350.25790379996,80,1,0,0,0,0.0
2123,1769714235.5259647,decode,350,2346606,0.9991935277836917,2346256,350,6337.020807264897,80,1,0,0,0,0.0
2124,1769714235.5768678,decode,350,2346956,0.999342559080264,2346606,350,6337.020807264897,80,1,0,0,0,0.0
2125,1769714235.627115,decode,350,2347306,0.9994915903768363,2346956,350,6337.020807264897,80,1,0,0,0,0.0
2126,1769714235.6772792,decode,350,2347656,0.9996406216734086,2347306,350,6337.020807264897,80,1,0,0,0,0.0
2127,1769714235.7274933,decode,350,2348006,0.9997896529699808,2347656,350,6337.020807264897,80,1,0,0,0,0.0
2128,1769714235.7779872,decode,350,2348356,0.9999386842665531,2348006,350,6337.020807264897,80,1,0,0,0,0.0
2129,1769714235.9295459,decode,350,2342070,0.9972620821801149,2348356,349,6337.020807264897,80,1,0,0,0,0.0
2130,1769714235.9789956,decode,349,2342419,0.9974106876729828,2342070,349,6337.020807264897,80,1,0,0,0,0.0
2131,1769714236.0293193,decode,349,2342768,0.9975592931658506,2342419,349,6337.020807264897,80,1,0,0,0,0.0
2132,1769714236.0796843,decode,349,2343117,0.9977078986587183,2342768,349,6337.020807264897,80,1,0,0,0,0.0
2133,1769714236.1306365,decode,349,2343466,0.9978565041515861,2343117,349,6337.020807264897,80,1,0,0,0,0.0
2134,1769714236.180798,decode,349,2343815,0.9980051096444539,2343466,349,6337.020807264897,80,1,0,0,0,0.0
2135,1769714236.2309864,decode,349,2344164,0.9981537151373217,2343815,349,6337.020807264897,80,1,0,0,0,0.0
2136,1769714236.2810788,decode,349,2344513,0.9983023206301895,2344164,349,6337.020807264897,80,1,0,0,0,0.0
2137,1769714236.3313437,decode,349,2344862,0.9984509261230573,2344513,349,6337.020807264897,80,1,0,0,0,0.0
2138,1769714236.3826804,decode,349,2345211,0.9985995316159251,2344862,349,6337.020807264897,80,1,0,0,0,0.0
2139,1769714236.4330585,decode,349,2345560,0.9987481371087928,2345211,349,6337.020807264897,80,1,0,0,0,0.0
2140,1769714236.4832335,decode,349,2345909,0.9988967426016606,2345560,349,6337.020807264897,80,1,0,0,0,0.0
2141,1769714236.5334754,decode,349,2346258,0.9990453480945284,2345909,349,6337.020807264897,80,1,0,0,0,0.0
2142,1769714236.5838451,decode,349,2346607,0.9991939535873962,2346258,349,6337.020807264897,80,1,0,0,0,0.0
2143,1769714236.6351316,decode,349,2346956,0.999342559080264,2346607,349,6337.020807264897,80,1,0,0,0,0.0
2144,1769714236.6856225,decode,349,2347305,0.9994911645731318,2346956,349,6337.020807264897,80,1,0,0,0,0.0
2145,1769714236.7357113,decode,349,2347654,0.9996397700659996,2347305,349,6337.020807264897,80,1,0,0,0,0.0
2146,1769714236.7858667,decode,349,2348003,0.9997883755588673,2347654,349,6337.020807264897,80,1,0,0,0,0.0
2147,1769714236.8360758,decode,349,2348352,0.9999369810517351,2348003,349,6337.020807264897,80,1,0,0,0,0.0
2148,1769714236.9879515,decode,349,2342046,0.9972518628912072,2348352,348,6337.020807264897,80,1,0,0,0,0.0
2149,1769714237.0374029,decode,348,2342394,0.9974000425803704,2342046,348,6337.020807264897,80,1,0,0,0,0.0
2150,1769714237.087523,decode,348,2342742,0.9975482222695338,2342394,348,6337.020807264897,80,1,0,0,0,0.0
2151,1769714237.1375873,decode,348,2343090,0.997696401958697,2342742,348,6337.020807264897,80,1,0,0,0,0.0
2152,1769714237.1884937,decode,348,2343438,0.9978445816478604,2343090,348,6337.020807264897,80,1,0,0,0,0.0
2153,1769714237.23928,decode,348,2343786,0.9979927613370236,2343438,348,6337.020807264897,80,1,0,0,0,0.0
2154,1769714237.2894511,decode,348,2344134,0.9981409410261869,2343786,348,6337.020807264897,80,1,0,0,0,0.0
2155,1769714237.3395927,decode,348,2344482,0.9982891207153503,2344134,348,6337.020807264897,80,1,0,0,0,0.0
2156,1769714237.3900123,decode,348,2344830,0.9984373004045135,2344482,348,6337.020807264897,80,1,0,0,0,0.0
2157,1769714237.4405982,decode,348,2345178,0.9985854800936769,2344830,348,6337.020807264897,80,1,0,0,0,0.0
2158,1769714237.4911304,decode,348,2345526,0.9987336597828401,2345178,348,6337.020807264897,80,1,0,0,0,0.0
2159,1769714237.5416453,decode,348,2345874,0.9988818394720034,2345526,348,6337.020807264897,80,1,0,0,0,0.0
2160,1769714237.5918708,decode,348,2346222,0.9990300191611667,2345874,348,6337.020807264897,80,1,0,0,0,0.0
2161,1769714237.6423295,decode,348,2346570,0.99917819885033,2346222,348,6337.020807264897,80,1,0,0,0,0.0
2162,1769714237.6928842,decode,348,2346918,0.9993263785394932,2346570,348,6337.020807264897,80,1,0,0,0,0.0
2163,1769714237.7439044,decode,348,2347266,0.9994745582286566,2346918,348,6290.089607598039,80,1,0,0,0,0.0
2164,1769714237.7940052,decode,348,2347614,0.9996227379178199,2347266,348,6290.089607598039,80,1,0,0,0,0.0
2165,1769714237.844452,decode,348,2347962,0.9997709176069832,2347614,348,6290.089607598039,80,1,0,0,0,0.0
2166,1769714237.894907,decode,348,2348310,0.9999190972961465,2347962,348,6290.089607598039,80,1,0,0,0,0.0
2167,1769714238.0469522,decode,348,2341984,0.9972254630615286,2348310,347,6290.089607598039,80,1,0,0,0,0.0
2168,1769714238.0965455,decode,347,2342331,0.9973732169469874,2341984,347,6290.089607598039,80,1,0,0,0,0.0
2169,1769714238.1466954,decode,347,2342678,0.9975209708324463,2342331,347,6290.089607598039,80,1,0,0,0,0.0
2170,1769714238.197023,decode,347,2343025,0.997668724717905,2342678,347,6290.089607598039,80,1,0,0,0,0.0
2171,1769714238.2473702,decode,347,2343372,0.9978164786033639,2343025,347,6290.089607598039,80,1,0,0,0,0.0
2172,1769714238.2979612,decode,347,2343719,0.9979642324888226,2343372,347,6290.089607598039,80,1,0,0,0,0.0
2173,1769714238.348397,decode,347,2344066,0.9981119863742814,2343719,347,6290.089607598039,80,1,0,0,0,0.0
2174,1769714238.398767,decode,347,2344413,0.9982597402597403,2344066,347,6290.089607598039,80,1,0,0,0,0.0
2175,1769714238.4491277,decode,347,2344760,0.998407494145199,2344413,347,6290.089607598039,80,1,0,0,0,0.0
2176,1769714238.4996088,decode,347,2345107,0.9985552480306579,2344760,347,6290.089607598039,80,1,0,0,0,0.0
2177,1769714238.5503383,decode,347,2345454,0.9987030019161167,2345107,347,6290.089607598039,80,1,0,0,0,0.0
2178,1769714238.6007261,decode,347,2345801,0.9988507558015755,2345454,347,6290.089607598039,80,1,0,0,0,0.0
2179,1769714238.6512094,decode,347,2346148,0.9989985096870343,2345801,347,6290.089607598039,80,1,0,0,0,0.0
2180,1769714238.7018023,decode,347,2346495,0.999146263572493,2346148,347,6290.089607598039,80,1,0,0,0,0.0
2181,1769714238.7522697,decode,347,2346842,0.9992940174579519,2346495,347,6290.089607598039,80,1,0,0,0,0.0
2182,1769714238.8029268,decode,347,2347189,0.9994417713434107,2346842,347,6290.089607598039,80,1,0,0,0,0.0
2183,1769714238.8533664,decode,347,2347536,0.9995895252288695,2347189,347,6290.089607598039,80,1,0,0,0,0.0
2184,1769714238.9038694,decode,347,2347883,0.9997372791143283,2347536,347,6290.089607598039,80,1,0,0,0,0.0
2185,1769714238.9544902,decode,347,2348230,0.9998850329997871,2347883,347,6290.089607598039,80,1,0,0,0,0.0
2186,1769714239.1054227,decode,347,2341884,0.9971828826910795,2348230,346,6290.089607598039,80,1,0,0,0,0.0
2187,1769714239.155111,decode,346,2342230,0.9973302107728337,2341884,346,6290.089607598039,80,1,0,0,0,0.0
2188,1769714239.2051964,decode,346,2342576,0.997477538854588,2342230,346,6290.089607598039,80,1,0,0,0,0.0
2189,1769714239.255501,decode,346,2342922,0.9976248669363423,2342576,346,6290.089607598039,80,1,0,0,0,0.0
2190,1769714239.3059814,decode,346,2343268,0.9977721950180967,2342922,346,6290.089607598039,80,1,0,0,0,0.0
2191,1769714239.3567429,decode,346,2343614,0.997919523099851,2343268,346,6290.089607598039,80,1,0,0,0,0.0
2192,1769714239.4073207,decode,346,2343960,0.9980668511816053,2343614,346,6290.089607598039,80,1,0,0,0,0.0
2193,1769714239.4574783,decode,346,2344306,0.9982141792633596,2343960,346,6290.089607598039,80,1,0,0,0,0.0
2194,1769714239.5079422,decode,346,2344652,0.9983615073451139,2344306,346,6290.089607598039,80,1,0,0,0,0.0
2195,1769714239.5583076,decode,346,2344998,0.9985088354268682,2344652,346,6290.089607598039,80,1,0,0,0,0.0
2196,1769714239.6089983,decode,346,2345344,0.9986561635086225,2344998,346,6290.089607598039,80,1,0,0,0,0.0
2197,1769714239.659322,decode,346,2345690,0.9988034915903768,2345344,346,6290.089607598039,80,1,0,0,0,0.0
2198,1769714239.709957,decode,346,2346036,0.9989508196721312,2345690,346,6290.089607598039,80,1,0,0,0,0.0
2199,1769714239.7604344,decode,346,2346382,0.9990981477538855,2346036,346,6290.089607598039,80,1,0,0,0,0.0
2200,1769714239.810944,decode,346,2346728,0.9992454758356397,2346382,346,6290.089607598039,80,1,0,0,0,0.0
2201,1769714239.8615077,decode,346,2347074,0.999392803917394,2346728,346,6290.089607598039,80,1,0,0,0,0.0
2202,1769714239.912174,decode,346,2347420,0.9995401319991484,2347074,346,6290.089607598039,80,1,0,0,0,0.0
2203,1769714239.9626877,decode,346,2347766,0.9996874600809027,2347420,346,6249.808972586869,80,1,0,0,0,0.0
2204,1769714240.013076,decode,346,2348112,0.999834788162657,2347766,346,6249.808972586869,80,1,0,0,0,0.0
2205,1769714240.0637934,decode,346,2348458,0.9999821162444114,2348112,346,6249.808972586869,80,1,0,0,0,0.0
2206,1769714240.2153623,decode,346,2342090,0.9972705982542048,2348458,345,6249.808972586869,80,1,0,0,0,0.0
2207,1769714240.2649877,decode,345,2342435,0.9974175005322546,2342090,345,6249.808972586869,80,1,0,0,0,0.0
2208,1769714240.3151243,decode,345,2342780,0.9975644028103045,2342435,345,6249.808972586869,80,1,0,0,0,0.0
2209,1769714240.3654907,decode,345,2343125,0.9977113050883543,2342780,345,6249.808972586869,80,1,0,0,0,0.0
2210,1769714240.4161167,decode,345,2343470,0.9978582073664041,2343125,345,6249.808972586869,80,1,0,0,0,0.0
2211,1769714240.4664557,decode,345,2343815,0.9980051096444539,2343470,345,6249.808972586869,80,1,0,0,0,0.0
2212,1769714240.517013,decode,345,2344160,0.9981520119225037,2343815,345,6249.808972586869,80,1,0,0,0,0.0
2213,1769714240.5675452,decode,345,2344505,0.9982989142005535,2344160,345,6249.808972586869,80,1,0,0,0,0.0
2214,1769714240.6180432,decode,345,2344850,0.9984458164786033,2344505,345,6249.808972586869,80,1,0,0,0,0.0
2215,1769714240.6685483,decode,345,2345195,0.9985927187566532,2344850,345,6249.808972586869,80,1,0,0,0,0.0
2216,1769714240.7192667,decode,345,2345540,0.998739621034703,2345195,345,6249.808972586869,80,1,0,0,0,0.0
2217,1769714240.769651,decode,345,2345885,0.9988865233127528,2345540,345,6249.808972586869,80,1,0,0,0,0.0
2218,1769714240.8200364,decode,345,2346230,0.9990334255908027,2345885,345,6249.808972586869,80,1,0,0,0,0.0
2219,1769714240.8709166,decode,345,2346575,0.9991803278688525,2346230,345,6249.808972586869,80,1,0,0,0,0.0
2220,1769714240.9212883,decode,345,2346920,0.9993272301469023,2346575,345,6249.808972586869,80,1,0,0,0,0.0
2221,1769714240.9721217,decode,345,2347265,0.9994741324249521,2346920,345,6249.808972586869,80,1,0,0,0,0.0
2222,1769714241.0227432,decode,345,2347610,0.9996210347030019,2347265,345,6249.808972586869,80,1,0,0,0,0.0
2223,1769714241.07319,decode,345,2347955,0.9997679369810517,2347610,345,6249.808972586869,80,1,0,0,0,0.0
2224,1769714241.1237655,decode,345,2348300,0.9999148392591015,2347955,345,6249.808972586869,80,1,0,0,0,0.0
2225,1769714241.2749932,decode,345,2341912,0.9971948051948052,2348300,344,6249.808972586869,80,1,0,0,0,0.0
2226,1769714241.3247538,decode,344,2342256,0.9973412816691505,2341912,344,6249.808972586869,80,1,0,0,0,0.0
2227,1769714241.3749428,decode,344,2342600,0.9974877581434959,2342256,344,6249.808972586869,80,1,0,0,0,0.0
2228,1769714241.4253862,decode,344,2342944,0.9976342346178412,2342600,344,6249.808972586869,80,1,0,0,0,0.0
2229,1769714241.4760356,decode,344,2343288,0.9977807110921865,2342944,344,6249.808972586869,80,1,0,0,0,0.0
2230,1769714241.5268013,decode,344,2343632,0.9979271875665319,2343288,344,6249.808972586869,80,1,0,0,0,0.0
2231,1769714241.577332,decode,344,2343976,0.9980736640408772,2343632,344,6249.808972586869,80,1,0,0,0,0.0
2232,1769714241.627914,decode,344,2344320,0.9982201405152225,2343976,344,6249.808972586869,80,1,0,0,0,0.0
2233,1769714241.6782432,decode,344,2344664,0.9983666169895679,2344320,344,6249.808972586869,80,1,0,0,0,0.0
2234,1769714241.7288465,decode,344,2345008,0.9985130934639131,2344664,344,6249.808972586869,80,1,0,0,0,0.0
2235,1769714241.7796054,decode,344,2345352,0.9986595699382584,2345008,344,6249.808972586869,80,1,0,0,0,0.0
2236,1769714241.8301094,decode,344,2345696,0.9988060464126038,2345352,344,6249.808972586869,80,1,0,0,0,0.0
2237,1769714241.8807213,decode,344,2346040,0.9989525228869491,2345696,344,6249.808972586869,80,1,0,0,0,0.0
2238,1769714241.9311876,decode,344,2346384,0.9990989993612944,2346040,344,6249.808972586869,80,1,0,0,0,0.0
2239,1769714241.9818351,decode,344,2346728,0.9992454758356397,2346384,344,6249.808972586869,80,1,0,0,0,0.0
2240,1769714242.032636,decode,344,2347072,0.9993919523099851,2346728,344,6249.808972586869,80,1,0,0,0,0.0
2241,1769714242.0832295,decode,344,2347416,0.9995384287843304,2347072,344,6249.808972586869,80,1,0,0,0,0.0
2242,1769714242.1338813,decode,344,2347760,0.9996849052586757,2347416,344,6249.808972586869,80,1,0,0,0,0.0
2243,1769714242.1844726,decode,344,2348104,0.9998313817330211,2347760,344,6204.463443385609,80,1,0,0,0,0.0
2244,1769714242.235133,decode,344,2348448,0.9999778582073664,2348104,344,6204.463443385609,80,1,0,0,0,0.0
2245,1769714242.3864968,decode,344,2342039,0.9972488822652757,2348448,343,6204.463443385609,80,1,0,0,0,0.0
2246,1769714242.4363015,decode,343,2342382,0.9973949329359165,2342039,343,6204.463443385609,80,1,0,0,0,0.0
2247,1769714242.4864745,decode,343,2342725,0.9975409836065574,2342382,343,6204.463443385609,80,1,0,0,0,0.0
2248,1769714242.5369508,decode,343,2343068,0.9976870342771982,2342725,343,6204.463443385609,80,1,0,0,0,0.0
2249,1769714242.58764,decode,343,2343411,0.9978330849478391,2343068,343,6204.463443385609,80,1,0,0,0,0.0
2250,1769714242.6381938,decode,343,2343754,0.9979791356184798,2343411,343,6204.463443385609,80,1,0,0,0,0.0
2251,1769714242.6887755,decode,343,2344097,0.9981251862891207,2343754,343,6204.463443385609,80,1,0,0,0,0.0
2252,1769714242.739387,decode,343,2344440,0.9982712369597615,2344097,343,6204.463443385609,80,1,0,0,0,0.0
2253,1769714242.7901373,decode,343,2344783,0.9984172876304024,2344440,343,6204.463443385609,80,1,0,0,0,0.0
2254,1769714242.8405676,decode,343,2345126,0.9985633383010433,2344783,343,6204.463443385609,80,1,0,0,0,0.0
2255,1769714242.8913128,decode,343,2345469,0.998709388971684,2345126,343,6204.463443385609,80,1,0,0,0,0.0
2256,1769714242.94201,decode,343,2345812,0.9988554396423249,2345469,343,6204.463443385609,80,1,0,0,0,0.0
2257,1769714242.9924402,decode,343,2346155,0.9990014903129657,2345812,343,6204.463443385609,80,1,0,0,0,0.0
2258,1769714243.0432153,decode,343,2346498,0.9991475409836066,2346155,343,6204.463443385609,80,1,0,0,0,0.0
2259,1769714243.0938673,decode,343,2346841,0.9992935916542474,2346498,343,6204.463443385609,80,1,0,0,0,0.0
2260,1769714243.1445642,decode,343,2347184,0.9994396423248882,2346841,343,6204.463443385609,80,1,0,0,0,0.0
2261,1769714243.1951551,decode,343,2347527,0.999585692995529,2347184,343,6204.463443385609,80,1,0,0,0,0.0
2262,1769714243.2457998,decode,343,2347870,0.9997317436661699,2347527,343,6204.463443385609,80,1,0,0,0,0.0
2263,1769714243.2965002,decode,343,2348213,0.9998777943368107,2347870,343,6204.463443385609,80,1,0,0,0,0.0
2264,1769714243.4475873,decode,343,2341784,0.9971403023206302,2348213,342,6204.463443385609,80,1,0,0,0,0.0
2265,1769714243.4973204,decode,342,2342126,0.9972859271875665,2341784,342,6204.463443385609,80,1,0,0,0,0.0
2266,1769714243.5477629,decode,342,2342468,0.9974315520545028,2342126,342,6204.463443385609,80,1,0,0,0,0.0
2267,1769714243.598219,decode,342,2342810,0.9975771769214392,2342468,342,6204.463443385609,80,1,0,0,0,0.0
2268,1769714243.6487384,decode,342,2343152,0.9977228017883756,2342810,342,6204.463443385609,80,1,0,0,0,0.0
2269,1769714243.6993942,decode,342,2343494,0.997868426655312,2343152,342,6204.463443385609,80,1,0,0,0,0.0
2270,1769714243.7500489,decode,342,2343836,0.9980140515222482,2343494,342,6204.463443385609,80,1,0,0,0,0.0
2271,1769714243.800572,decode,342,2344178,0.9981596763891846,2343836,342,6204.463443385609,80,1,0,0,0,0.0
2272,1769714243.8510647,decode,342,2344520,0.9983053012561209,2344178,342,6204.463443385609,80,1,0,0,0,0.0
2273,1769714243.9016435,decode,342,2344862,0.9984509261230573,2344520,342,6204.463443385609,80,1,0,0,0,0.0
2274,1769714243.952327,decode,342,2345204,0.9985965509899936,2344862,342,6204.463443385609,80,1,0,0,0,0.0
2275,1769714244.0028737,decode,342,2345546,0.9987421758569299,2345204,342,6204.463443385609,80,1,0,0,0,0.0
2276,1769714244.0535676,decode,342,2345888,0.9988878007238663,2345546,342,6204.463443385609,80,1,0,0,0,0.0
2277,1769714244.1041589,decode,342,2346230,0.9990334255908027,2345888,342,6204.463443385609,80,1,0,0,0,0.0
2278,1769714244.1546772,decode,342,2346572,0.999179050457739,2346230,342,6204.463443385609,80,1,0,0,0,0.0
2279,1769714244.2054691,decode,342,2346914,0.9993246753246753,2346572,342,6204.463443385609,80,1,0,0,0,0.0
2280,1769714244.2561047,decode,342,2347256,0.9994703001916116,2346914,342,6204.463443385609,80,1,0,0,0,0.0
2281,1769714244.3066545,decode,342,2347598,0.999615925058548,2347256,342,6204.463443385609,80,1,0,0,0,0.0
2282,1769714244.357267,decode,342,2347940,0.9997615499254844,2347598,342,6204.463443385609,80,1,0,0,0,0.0
2283,1769714244.4082384,decode,342,2348282,0.9999071747924206,2347940,342,6162.064704591656,80,1,0,0,0,0.0
2284,1769714244.5597246,decode,342,2341831,0.9971603150947413,2348282,341,6162.064704591656,80,1,0,0,0,0.0
2285,1769714244.6094964,decode,341,2342172,0.9973055141579732,2341831,341,6162.064704591656,80,1,0,0,0,0.0
2286,1769714244.6597698,decode,341,2342513,0.997450713221205,2342172,341,6162.064704591656,80,1,0,0,0,0.0
2287,1769714244.7104073,decode,341,2342854,0.9975959122844369,2342513,341,6162.064704591656,80,1,0,0,0,0.0
2288,1769714244.7611244,decode,341,2343195,0.9977411113476687,2342854,341,6162.064704591656,80,1,0,0,0,0.0
2289,1769714244.811644,decode,341,2343536,0.9978863104109006,2343195,341,6162.064704591656,80,1,0,0,0,0.0
2290,1769714244.8627372,decode,341,2336877,0.9950508835426868,2343536,341,6162.064704591656,80,1,0,0,0,0.0
2291,1769714244.9142718,decode,341,2288217,0.974331275282095,2343877,340,6162.064704591656,80,1,0,0,0,0.0
2292,1769714244.9661117,decode,340,2183550,0.9297636789440068,2337217,333,6162.064704591656,80,1,0,0,0,0.0
2293,1769714245.015654,decode,333,2183868,0.9298990845220353,2288550,318,6162.064704591656,80,1,0,0,0,0.0
2294,1769714245.0635347,decode,318,2177186,0.9270538641686182,2183868,318,6162.064704591656,80,1,0,0,0,0.0
2295,1769714245.1042693,decode,318,2182698,0.9294008941877794,2184186,318,6162.064704591656,81,1,0,0,0,0.0
2297,1769714245.1690857,decode,318,2176334,0.9266910794123909,2183016,318,6162.064704591656,80,1,0,0,0,0.0
2298,1769714245.2120903,decode,318,2181861,0.9290444964871194,2183334,318,6162.064704591656,81,1,0,0,0,0.0
2300,1769714245.2764807,decode,318,2175497,0.926334681711731,2182179,318,6162.064704591656,80,1,0,0,0,0.0
2301,1769714245.3195002,decode,318,2181037,0.9286936342346178,2182497,318,6162.064704591656,81,1,0,0,0,0.0
2303,1769714245.3837738,decode,318,2174673,0.9259838194592293,2181355,318,6162.064704591656,80,1,0,0,0,0.0
2304,1769714245.4267612,decode,318,2180226,0.9283483074302746,2181673,318,6162.064704591656,81,1,0,0,0,0.0
2306,1769714245.4910133,decode,318,2173862,0.9256384926548861,2180544,318,6162.064704591656,80,1,0,0,0,0.0
2307,1769714245.5343175,decode,318,2179428,0.9280085160740899,2180862,318,6162.064704591656,81,1,0,0,0,0.0
2309,1769714245.5987341,decode,318,2173064,0.9252987012987013,2179746,318,6162.064704591656,80,1,0,0,0,0.0
2310,1769714245.652666,decode,318,2184239,0.930057057696402,2180064,318,6162.064704591656,82,1,0,0,0,0.0
2312,1769714245.7169561,decode,319,2177877,0.9273480945284224,2184558,319,6162.064704591656,80,1,0,0,0,0.0
2313,1769714245.7605722,decode,319,2176486,0.9267558015754737,2184877,319,6162.064704591656,81,1,0,0,0,0.0
2316,1769714245.8364394,decode,319,2182746,0.929421332765595,2182427,319,6162.064704591656,80,1,0,0,0,0.0
2317,1769714245.8834355,decode,319,2176065,0.9265765382158825,2182746,319,6162.064704591656,80,1,0,0,0,0.0
2318,1769714245.9266546,decode,319,2181700,0.9289759420906962,2183065,319,6162.064704591656,81,1,0,0,0,0.0
2320,1769714245.990944,decode,319,2175338,0.9262669789227166,2182019,319,6162.064704591656,80,1,0,0,0,0.0
2321,1769714246.0341306,decode,319,2180988,0.9286727698530978,2182338,319,6162.064704591656,81,1,0,0,0,0.0
2323,1769714246.0988195,decode,319,2174626,0.9259638066851181,2181307,319,6162.064704591656,80,1,0,0,0,0.0
2324,1769714246.1425316,decode,319,2173291,0.9253953587396211,2181626,319,6162.064704591656,81,1,0,0,0,0.0
2327,1769714246.2185693,decode,319,2179607,0.9280847349371939,2179288,319,6162.064704591656,80,1,0,0,0,0.0
2328,1769714246.265365,decode,319,2172926,0.9252399403874814,2179607,319,6162.064704591656,80,1,0,0,0,0.0
2329,1769714246.3088348,decode,319,2178618,0.9276636150734512,2179926,319,6162.064704591656,81,1,0,0,0,0.0
2331,1769714246.3701887,decode,319,2177645,0.9272493080689802,2178937,319,6162.064704591656,81,1,0,0,0,0.0
2334,1769714246.446979,decode,320,2177006,0.9269772195018097,2183686,320,6162.064704591656,80,1,0,0,0,0.0
2335,1769714246.4903772,decode,320,2182741,0.9294192037470727,2184006,320,6162.064704591656,81,1,0,0,0,0.0
2337,1769714246.5548615,decode,320,2176381,0.926711092186502,2183061,320,6162.064704591656,80,1,0,0,0,0.0
2338,1769714246.598624,decode,320,2175131,0.9261788375558867,2183381,320,6162.064704591656,81,1,0,0,0,0.0
2341,1769714246.6754596,decode,320,2181534,0.9289052586757505,2181214,320,5718.479493114628,80,1,0,0,0,0.0
2342,1769714246.7222323,decode,320,2174854,0.9260608899297423,2181534,320,5718.479493114628,80,1,0,0,0,0.0
2343,1769714246.7654564,decode,320,2180633,0.928521609538003,2181854,320,5718.479493114628,81,1,0,0,0,0.0
2345,1769714246.8300936,decode,320,2167273,0.9228328720459869,2180953,320,5718.479493114628,80,1,0,0,0,0.0
2346,1769714246.8846855,decode,320,2178874,0.9277726208218011,2181273,320,5718.479493114628,82,1,0,0,0,0.0
2348,1769714246.9491768,decode,320,2179514,0.9280451351926762,2179194,320,5718.479493114628,80,1,0,0,0,0.0
2349,1769714246.996155,decode,320,2165834,0.9222201405152225,2179514,320,5718.479493114628,80,1,0,0,0,0.0
2350,1769714247.0511506,decode,320,2177494,0.9271850117096019,2179834,320,5718.479493114628,82,1,0,0,0,0.0
2352,1769714247.1129117,decode,320,2183667,0.9298134979774324,2177814,320,5718.479493114628,81,1,0,0,0,0.0
2354,1769714247.1777508,decode,321,2170309,0.9241256120928252,2183988,321,5718.479493114628,80,1,0,0,0,0.0
2355,1769714247.2325017,decode,321,2182060,0.9291292314243134,2184309,321,5718.479493114628,82,1,0,0,0,0.0
2357,1769714247.297259,decode,321,2175702,0.9264219714711518,2182381,321,5718.479493114628,80,1,0,0,0,0.0
2358,1769714247.341009,decode,321,2181600,0.928933361720247,2182702,321,5718.479493114628,81,1,0,0,0,0.0
2360,1769714247.405526,decode,321,2175242,0.9262261017670854,2181921,321,5718.479493114628,80,1,0,0,0,0.0
2361,1769714247.4496875,decode,321,2174157,0.9257641047477113,2182242,321,5718.479493114628,81,1,0,0,0,0.0
2364,1769714247.5264833,decode,321,2180728,0.9285620608899298,2180407,321,5718.479493114628,80,1,0,0,0,0.0
2365,1769714247.573614,decode,321,2167049,0.9227374920161805,2180728,321,5718.479493114628,80,1,0,0,0,0.0
2366,1769714247.6288476,decode,321,2178952,0.9278058335107515,2181049,321,5718.479493114628,82,1,0,0,0,0.0
2368,1769714247.6932142,decode,321,2179594,0.9280791994890355,2179273,321,5718.479493114628,80,1,0,0,0,0.0
2369,1769714247.740718,decode,321,2165915,0.9222546306152863,2179594,321,5718.479493114628,80,1,0,0,0,0.0
2370,1769714247.795723,decode,321,2177882,0.9273502235469449,2179915,321,5718.479493114628,82,1,0,0,0,0.0
2372,1769714247.8606348,decode,321,2171524,0.9246429635937833,2178203,321,5718.479493114628,80,1,0,0,0,0.0
2373,1769714247.9047537,decode,321,2170532,0.924220566318927,2178524,321,5718.479493114628,81,1,0,0,0,0.0
2376,1769714247.993259,decode,322,2183237,0.9296304023845008,2182915,322,5718.479493114628,80,1,0,0,0,0.0
2377,1769714248.0403178,decode,322,2176559,0.9267868852459017,2183237,322,5718.479493114628,80,1,0,0,0,0.0
2378,1769714248.0846221,decode,322,2175615,0.926384926548861,2183559,322,5718.479493114628,81,1,0,0,0,0.0
2381,1769714248.1618073,decode,322,2175329,0.9262631466893761,2182007,322,5718.479493114628,80,1,0,0,0,0.0
2382,1769714248.2058156,decode,322,2181415,0.9288545880349159,2182329,322,5718.479493114628,81,1,0,0,0,0.0
2384,1769714248.2706263,decode,322,2168059,0.9231675537577176,2181737,322,5718.479493114628,80,1,0,0,0,0.0
2385,1769714248.32622,decode,322,2180281,0.9283717266340217,2182059,322,5718.479493114628,82,1,0,0,0,0.0
2387,1769714248.3911664,decode,322,2166925,0.9226846923568235,2180603,322,5718.479493114628,80,1,0,0,0,0.0
2388,1769714248.4467406,decode,322,2179213,0.927916968277624,2180925,322,5718.479493114628,82,1,0,0,0,0.0
2390,1769714248.511482,decode,322,2172857,0.9252105599318714,2179535,322,5718.479493114628,80,1,0,0,0,0.0
2391,1769714248.5554435,decode,322,2179025,0.9278369171811794,2179857,322,5718.479493114628,81,1,0,0,0,0.0
2393,1769714248.6202462,decode,322,2165669,0.9221498829039813,2179347,322,5718.479493114628,80,1,0,0,0,0.0
2394,1769714248.6763752,decode,322,2178057,0.927424739195231,2179669,322,5718.479493114628,82,1,0,0,0,0.0
2396,1769714248.7412562,decode,322,2164701,0.9217377049180328,2178379,322,5718.479493114628,80,1,0,0,0,0.0
2397,1769714248.797212,decode,322,2177156,0.9270410900574835,2178701,322,5718.479493114628,82,1,0,0,0,0.0
2399,1769714248.8622446,decode,322,2163800,0.9213540557802853,2177478,322,5718.479493114628,80,1,0,0,0,0.0
2400,1769714248.9182305,decode,322,2176323,0.9266863955716415,2177800,322,5718.479493114628,82,1,0,0,0,0.0
2402,1769714248.9808936,decode,322,2168934,0.9235401319991484,2176645,322,5573.765512232753,81,1,0,0,0,0.0
2405,1769714249.0709543,decode,323,2182207,0.9291918245688737,2181884,323,5573.765512232753,80,1,0,0,0,0.0
2406,1769714249.1182733,decode,323,2168530,0.9233681073025335,2182207,323,5573.765512232753,80,1,0,0,0,0.0
2407,1769714249.1747563,decode,323,2181227,0.9287745369384713,2182530,323,5573.765512232753,82,1,0,0,0,0.0
2409,1769714249.2397463,decode,323,2174873,0.9260689802001277,2181550,323,5573.765512232753,80,1,0,0,0,0.0
2410,1769714249.2844958,decode,323,2174249,0.9258032786885246,2181873,323,5573.765512232753,81,1,0,0,0,0.0
2413,1769714249.3621356,decode,323,2181287,0.9288000851607409,2180964,323,5573.765512232753,80,1,0,0,0,0.0
2414,1769714249.4093053,decode,323,2167610,0.9229763678944006,2181287,323,5573.765512232753,80,1,0,0,0,0.0
2415,1769714249.4660926,decode,323,2180450,0.9284436874600809,2181610,323,5573.765512232753,82,1,0,0,0,0.0
2417,1769714249.5312834,decode,323,2167096,0.9227575047902917,2180773,323,5573.765512232753,80,1,0,0,0,0.0
2418,1769714249.588007,decode,323,2180008,0.9282554822226954,2181096,323,5573.765512232753,82,1,0,0,0,0.0
2420,1769714249.6533718,decode,323,2166654,0.9225692995529061,2180331,323,5573.765512232753,80,1,0,0,0,0.0
2421,1769714249.710409,decode,323,2179640,0.9280987864594422,2180654,323,5573.765512232753,82,1,0,0,0,0.0
2423,1769714249.7754102,decode,323,2166286,0.922412603789653,2179963,323,5573.765512232753,80,1,0,0,0,0.0
2424,1769714249.832489,decode,323,2179344,0.9279727485629125,2180286,323,5573.765512232753,82,1,0,0,0,0.0
2426,1769714249.8977804,decode,323,2165990,0.9222865658931233,2179667,323,5573.765512232753,80,1,0,0,0,0.0
2427,1769714249.954829,decode,323,2179125,0.9278794975516287,2179990,323,5573.765512232753,82,1,0,0,0,0.0
2429,1769714250.0204933,decode,323,2158771,0.9192126889503939,2179448,323,5573.765512232753,80,1,0,0,0,0.0
2430,1769714250.090304,decode,323,2178614,0.9276619118586331,2179771,323,5573.765512232753,83,1,0,0,0,0.0
2432,1769714250.15653,decode,323,2165260,0.921975729188844,2178937,323,5573.765512232753,80,1,0,0,0,0.0
2433,1769714250.2136436,decode,323,2178585,0.9276495635512029,2179260,323,5573.765512232753,82,1,0,0,0,0.0
2435,1769714250.2791767,decode,323,2165231,0.9219633808814137,2178908,323,5573.765512232753,80,1,0,0,0,0.0
2436,1769714250.3371294,decode,323,2171635,0.9246902278049819,2179231,323,5573.765512232753,82,1,0,0,0,0.0
2439,1769714250.4162617,decode,323,2165012,0.9218701298701298,2178689,323,5573.765512232753,80,1,0,0,0,0.0
2440,1769714250.473984,decode,323,2178533,0.9276274217585693,2179012,323,5573.765512232753,82,1,0,0,0,0.0
2442,1769714250.5395436,decode,323,2165179,0.9219412390887801,2178856,323,5573.765512232753,80,1,0,0,0,0.0
2443,1769714250.5866752,decode,323,2176970,0.9269618905684479,2179179,323,5573.765512232753,81,1,0,0,0,0.0
2445,1769714250.6379976,decode,323,2161296,0.9202878433042367,2177293,323,5573.765512232753,79,1,0,0,0,0.0
2448,1769714250.692446,decode,324,2181620,0.9289418777943368,2176620,324,5573.765512232753,75,1,0,0,0,0.0
2450,1769714250.759237,decode,325,2168270,0.9232573983393656,2181945,325,5573.765512232753,74,1,0,0,0,0.0
2451,1769714250.792069,decode,325,2178270,0.9275154353842878,2182270,325,5573.765512232753,74,1,0,0,0,0.0
2453,1769714250.8585038,decode,325,2157920,0.918850329997871,2178595,325,5573.765512232753,72,1,0,0,0,0.0
2454,1769714250.891356,decode,325,2177920,0.9273664040877155,2178920,325,5573.765512232753,72,1,0,0,0,0.0
2456,1769714250.9580352,decode,326,2164572,0.9216827762401533,2178246,326,5573.765512232753,68,1,0,0,0,0.0
2457,1769714250.9913642,decode,326,2165574,0.9221094315520545,2178572,326,5573.765512232753,68,1,0,0,0,0.0
2460,1769714251.0607696,decode,327,2176228,0.9266459442197147,2175901,327,5573.765512232753,63,1,0,0,0,0.0
2461,1769714251.1090817,decode,327,2155555,0.9178433042367469,2176228,327,5573.765512232753,63,1,0,0,0,0.0
2462,1769714251.1420145,decode,327,2175555,0.9263593783265914,2176555,327,5573.765512232753,63,1,0,0,0,0.0
2464,1769714251.2093065,decode,328,2155211,0.9176968277624016,2175883,328,5573.765512232753,59,1,0,0,0,0.0
2465,1769714251.242338,decode,328,2161213,0.9202525015967639,2176211,328,5573.765512232753,59,1,0,0,0,0.0
2468,1769714251.3123958,decode,330,2176873,0.9269205876091122,2176543,330,5560.282312742804,52,1,0,0,0,0.0
2469,1769714251.3608134,decode,330,2156203,0.9181192250372578,2176873,330,5560.282312742804,52,1,0,0,0,0.0
2470,1769714251.3938591,decode,330,2176203,0.9266352991271024,2177203,330,5560.282312742804,52,1,0,0,0,0.0
2472,1769714251.4608884,decode,331,2155865,0.9179753033851394,2176534,331,5560.282312742804,48,1,0,0,0,0.0
2473,1769714251.4943032,decode,331,2161867,0.9205309772195018,2176865,331,5560.282312742804,48,1,0,0,0,0.0
2476,1769714251.5489097,decode,332,2177199,0.9270593996167766,2172199,332,5560.282312742804,42,1,0,0,0,0.0
2478,1769714251.6159759,decode,333,2156865,0.9184011070896316,2177532,333,5560.282312742804,41,1,0,0,0,0.0
2479,1769714251.649381,decode,333,2157867,0.9188277624015329,2177865,333,5560.282312742804,41,1,0,0,0,0.0
2482,1769714251.7191281,decode,334,2173535,0.9254992548435171,2173201,334,5560.282312742804,35,1,0,0,0,0.0
2483,1769714251.767802,decode,334,2152869,0.9166995954864807,2173535,334,5560.282312742804,35,1,0,0,0,0.0
2484,1769714251.8006938,decode,334,2172869,0.9252156695763253,2173869,334,5560.282312742804,35,1,0,0,0,0.0
2486,1769714251.8678393,decode,335,2145539,0.9135784543325527,2173204,335,5560.282312742804,31,1,0,0,0,0.0
2487,1769714251.900761,decode,335,2170539,0.9242235469448584,2173539,335,5560.282312742804,31,1,0,0,0,0.0
2489,1769714251.9531574,decode,336,2154878,0.9175550351288057,2170875,336,5560.282312742804,26,1,0,0,0,0.0
2492,1769714252.009239,decode,337,2161217,0.9202542048115818,2170215,337,5560.282312742804,22,1,0,0,0,0.0
2495,1769714252.0794635,decode,338,2157893,0.9188388332978497,2171555,338,5560.282312742804,19,1,0,0,0,0.0
2496,1769714252.1127872,decode,338,2158895,0.9192654886097509,2171893,338,5560.282312742804,19,1,0,0,0,0.0
2499,1769714252.1676962,decode,339,2160236,0.919836491377475,2169234,339,5560.282312742804,14,1,0,0,0,0.0
2502,1769714252.2377155,decode,340,2156916,0.9184228230785608,2170576,340,5560.282312742804,11,1,0,0,0,0.0
2503,1769714252.2713819,decode,340,2157918,0.918849478390462,2170916,340,5560.282312742804,11,1,0,0,0,0.0
2506,1769714252.3264432,decode,341,2152262,0.916441132637854,2168259,341,5560.282312742804,6,1,0,0,0,0.0
2509,1769714252.3823438,decode,342,2172604,0.9251028315946349,2167604,342,5560.282312742804,2,1,0,0,0,0.0
2511,1769714252.4496233,decode,343,2145290,0.9134724292101342,2172947,343,5560.282312742804,1,1,0,0,0,0.0
2512,1769714252.4823427,decode,343,2150290,0.9156014477325952,2173290,343,5560.282312742804,1,1,0,0,0,0.0
2514,1769714252.5489452,decode,340,2129970,0.9069491164573131,2150630,340,5560.282312742804,0,1,0,0,0,0.0
2515,1769714252.596871,decode,340,2109307,0.8981507345113903,2150970,337,5560.282312742804,0,1,0,0,0,0.0
2516,1769714252.644096,decode,337,2109641,0.8982929529486906,2130307,334,5560.282312742804,0,1,0,0,0,0.0
2517,1769714252.691723,decode,334,2088975,0.8894932935916543,2109641,334,5560.282312742804,0,1,0,0,0,0.0
2518,1769714252.738486,decode,334,2068306,0.8806923568235043,2109975,331,5560.282312742804,0,1,0,0,0,0.0
2519,1769714252.784906,decode,331,2068634,0.8808320204385778,2089306,328,5560.282312742804,0,1,0,0,0,0.0
2520,1769714252.8318465,decode,328,2040962,0.8690491803278688,2068634,328,5560.282312742804,0,1,0,0,0,0.0
2521,1769714252.8769083,decode,328,2041286,0.8691871407281243,2068962,324,5560.282312742804,0,1,0,0,0,0.0
2522,1769714252.923182,decode,324,2013610,0.8574025974025974,2041286,324,5560.282312742804,0,1,0,0,0,0.0
2523,1769714252.9669466,decode,324,2013930,0.8575388545880349,2041610,320,5560.282312742804,0,1,0,0,0,0.0
2524,1769714253.0128818,decode,320,1986250,0.84575260804769,2013930,320,5560.282312742804,0,1,0,0,0,0.0
2525,1769714253.056512,decode,320,1986566,0.8458871620183096,2014250,316,5560.282312742804,0,1,0,0,0,0.0
2526,1769714253.1017003,decode,316,1965882,0.8370798381945923,1986566,316,5560.282312742804,0,1,0,0,0,0.0
2527,1769714253.145161,decode,316,1945195,0.8282712369597616,1986882,313,5560.282312742804,0,1,0,0,0,0.0
2528,1769714253.1892323,decode,313,1945505,0.8284032361081541,1966195,310,5560.282312742804,0,1,0,0,0,0.0
2529,1769714253.2332938,decode,310,1917815,0.8166127315307643,1945505,310,5560.282312742804,0,1,0,0,0,0.0
2530,1769714253.2762468,decode,310,1897121,0.8078011496700022,1945815,306,6749.10780106578,0,1,0,0,0,0.0
2531,1769714253.3194182,decode,306,1897424,0.8079301681924633,1918121,303,6749.10780106578,0,1,0,0,0,0.0
2532,1769714253.3624587,decode,303,1876727,0.7991173089205876,1897424,303,6749.10780106578,0,1,0,0,0,0.0
2533,1769714253.4052434,decode,303,1856027,0.7903031722375985,1897727,300,6749.10780106578,0,1,0,0,0,0.0
2534,1769714253.4474099,decode,300,1856324,0.7904296359378327,1877027,297,6749.10780106578,0,1,0,0,0,0.0
2535,1769714253.489904,decode,297,1828621,0.7786335959122844,1856324,297,6749.10780106578,0,1,0,0,0,0.0
2536,1769714253.5310788,decode,297,1828914,0.7787583563977006,1856621,293,6749.10780106578,0,1,0,0,0,0.0
2537,1769714253.573585,decode,293,1794207,0.7639799872258889,1828914,293,6749.10780106578,0,1,0,0,0,0.0
2538,1769714253.6138937,decode,293,1794495,0.7641026186927826,1829207,288,6749.10780106578,0,1,0,0,0,0.0
2539,1769714253.656012,decode,288,1766783,0.7523027464338939,1794495,288,6749.10780106578,0,1,0,0,0,0.0
2540,1769714253.6961203,decode,288,1746067,0.743481796891633,1794783,284,6749.10780106578,0,1,0,0,0,0.0
2541,1769714253.7364507,decode,284,1746348,0.7436014477325953,1767067,281,6749.10780106578,0,1,0,0,0,0.0
2542,1769714253.7769039,decode,281,1711629,0.7288179689163296,1746348,281,6749.10780106578,0,1,0,0,0,0.0
2543,1769714253.8158605,decode,281,1711905,0.7289354907387694,1746629,276,6749.10780106578,0,1,0,0,0,0.0
2544,1769714253.8566253,decode,276,1677181,0.7141498829039813,1711905,276,6749.10780106578,0,1,0,0,0,0.0
2545,1769714253.8947659,decode,276,1677452,0.7142652757078987,1712181,271,6749.10780106578,0,1,0,0,0,0.0
2546,1769714253.9351118,decode,271,1642723,0.6994775388545881,1677452,271,6749.10780106578,0,1,0,0,0,0.0
2547,1769714253.972933,decode,271,1621989,0.6906489248456461,1677723,266,6749.10780106578,0,1,0,0,0,0.0
2548,1769714254.0112813,decode,266,1622252,0.6907609112199277,1642989,263,6749.10780106578,0,1,0,0,0,0.0
2549,1769714254.0499356,decode,263,1587515,0.675969767936981,1622252,263,6749.10780106578,0,1,0,0,0,0.0
2550,1769714254.087364,decode,263,1566773,0.6671377474984033,1622515,258,6749.10780106578,0,1,0,0,0,0.0
2551,1769714254.1098278,decode,258,1567028,0.6672463274430488,1587773,255,6749.10780106578,0,1,0,0,0,0.0
2552,1769714254.1458542,decode,255,1525283,0.6494711517990206,1567028,255,6749.10780106578,0,1,0,0,0,0.0
2553,1769714254.1793013,decode,255,1525532,0.6495771769214392,1567283,249,6749.10780106578,0,1,0,0,0,0.0
2554,1769714254.214317,decode,249,1490781,0.6347800723866298,1525532,249,6749.10780106578,0,1,0,0,0,0.0
2555,1769714254.2482495,decode,249,1470025,0.625942090696189,1525781,244,6749.10780106578,0,1,0,0,0,0.0
2556,1769714254.2819774,decode,244,1442266,0.6141222056631893,1491025,241,6749.10780106578,0,1,0,0,0,0.0
2557,1769714254.3151064,decode,241,1421503,0.6052812433468171,1470266,237,6749.10780106578,0,1,0,0,0,0.0
2558,1769714254.3480148,decode,237,1400737,0.5964390036193314,1442503,234,6749.10780106578,0,1,0,0,0,0.0
2559,1769714254.381127,decode,234,1379968,0.5875954864807323,1421737,231,6749.10780106578,0,1,0,0,0,0.0
2560,1769714254.4129114,decode,231,1359196,0.5787506919310198,1400968,228,6749.10780106578,0,1,0,0,0,0.0
2561,1769714254.444866,decode,228,1331421,0.5669239940387482,1380196,225,6749.10780106578,0,1,0,0,0,0.0
2562,1769714254.4764555,decode,225,1310642,0.5580762188631041,1359421,221,6749.10780106578,0,1,0,0,0,0.0
2563,1769714254.5073097,decode,221,1289860,0.5492271662763466,1331642,218,6749.10780106578,0,1,0,0,0,0.0
2564,1769714254.5379386,decode,218,1262075,0.53739621034703,1310860,215,6749.10780106578,0,1,0,0,0,0.0
2565,1769714254.5668945,decode,215,1241286,0.5285441771343411,1290075,211,6749.10780106578,0,1,0,0,0,0.0
2566,1769714254.595712,decode,211,1213494,0.516710240579093,1262286,208,6749.10780106578,0,1,0,0,0,0.0
2567,1769714254.6239445,decode,208,1192698,0.5078552267404727,1241494,204,6749.10780106578,0,1,0,0,0,0.0
2568,1769714254.6519983,decode,204,1164899,0.49601830955929316,1213698,201,6749.10780106578,0,1,0,0,0,0.0
2569,1769714254.6795611,decode,201,1144096,0.48716031509474134,1192899,197,6749.10780106578,0,1,0,0,0,0.0
2570,1769714254.706941,decode,197,1116290,0.4753204172876304,1165096,194,7186.236324210613,0,1,0,0,0,0.0
2571,1769714254.7335553,decode,194,1095480,0.46645944219714713,1144290,190,7186.236324210613,0,1,0,0,0,0.0
2572,1769714254.7599134,decode,190,1067667,0.45461656376410475,1116480,187,7186.236324210613,0,1,0,0,0,0.0
2573,1769714254.7857835,decode,187,1039850,0.4427719821162444,1095667,183,7186.236324210613,0,1,0,0,0,0.0
2574,1769714254.8112686,decode,183,1012029,0.4309256972535661,1067850,179,7186.236324210613,0,1,0,0,0,0.0
2575,1769714254.8365166,decode,179,977204,0.41609708324462424,1040029,175,7186.236324210613,0,1,0,0,0,0.0
2576,1769714254.8612723,decode,175,949374,0.4042469661486055,1012204,170,7186.236324210613,0,1,0,0,0,0.0
2577,1769714254.8850186,decode,170,921540,0.3923951458377688,977374,166,7186.236324210613,0,1,0,0,0,0.0
2578,1769714254.9085693,decode,166,900702,0.38352224824355974,949540,162,7186.236324210613,0,1,0,0,0,0.0
2579,1769714254.9312193,decode,162,900861,0.383589951032574,921702,159,7186.236324210613,0,1,0,0,0,0.0
2580,1769714254.9541228,decode,159,901020,0.38365765382158823,900861,159,7186.236324210613,0,1,0,0,0,0.0
2581,1769714254.977054,decode,159,901179,0.38372535661060253,901020,159,7186.236324210613,0,1,0,0,0,0.0
2582,1769714254.9999645,decode,159,901338,0.3837930593996168,901179,159,7186.236324210613,0,1,0,0,0,0.0
2583,1769714255.022938,decode,159,901497,0.383860762188631,901338,159,7186.236324210613,0,1,0,0,0,0.0
2584,1769714255.0458226,decode,159,901656,0.3839284649776453,901497,159,7186.236324210613,0,1,0,0,0,0.0
2585,1769714255.0687082,decode,159,901815,0.38399616776665957,901656,159,7186.236324210613,0,1,0,0,0,0.0
2586,1769714255.0916948,decode,159,901974,0.3840638705556738,901815,159,7186.236324210613,0,1,0,0,0,0.0
2587,1769714255.1145487,decode,159,902133,0.3841315733446881,901974,159,7186.236324210613,0,1,0,0,0,0.0
2588,1769714255.1376088,decode,159,902292,0.38419927613370236,902133,159,7186.236324210613,0,1,0,0,0,0.0
2589,1769714255.1605124,decode,159,902451,0.3842669789227166,902292,159,7186.236324210613,0,1,0,0,0,0.0
2590,1769714255.1835165,decode,159,902610,0.3843346817117309,902451,159,7186.236324210613,0,1,0,0,0,0.0
2591,1769714255.2065542,decode,159,902769,0.38440238450074515,902610,159,7186.236324210613,0,1,0,0,0,0.0
2592,1769714255.2295868,decode,159,902928,0.3844700872897594,902769,159,7186.236324210613,0,1,0,0,0,0.0
2593,1769714255.2526639,decode,159,903087,0.3845377900787737,902928,159,7186.236324210613,0,1,0,0,0,0.0
2594,1769714255.275691,decode,159,903246,0.38460549286778795,903087,159,7186.236324210613,0,1,0,0,0,0.0
2595,1769714255.298725,decode,159,903405,0.3846731956568022,903246,159,7186.236324210613,0,1,0,0,0,0.0
2596,1769714255.3217402,decode,159,903564,0.3847408984458165,903405,159,7186.236324210613,0,1,0,0,0,0.0
2597,1769714255.3447485,decode,159,903723,0.38480860123483074,903564,159,7186.236324210613,0,1,0,0,0,0.0
2598,1769714255.3677397,decode,159,903882,0.384876304023845,903723,159,7186.236324210613,0,1,0,0,0,0.0
2599,1769714255.390835,decode,159,904041,0.3849440068128593,903882,159,7186.236324210613,0,1,0,0,0,0.0
2600,1769714255.413841,decode,159,904200,0.38501170960187353,904041,159,7186.236324210613,0,1,0,0,0,0.0
2601,1769714255.4369168,decode,159,904359,0.3850794123908878,904200,159,7186.236324210613,0,1,0,0,0,0.0
2602,1769714255.4599378,decode,159,904518,0.3851471151799021,904359,159,7186.236324210613,0,1,0,0,0,0.0
2603,1769714255.483053,decode,159,904677,0.3852148179689163,904518,159,7186.236324210613,0,1,0,0,0,0.0
2604,1769714255.50605,decode,159,904836,0.38528252075793057,904677,159,7186.236324210613,0,1,0,0,0,0.0
2605,1769714255.529217,decode,159,904995,0.38535022354694487,904836,159,7186.236324210613,0,1,0,0,0,0.0
2606,1769714255.5522134,decode,159,905154,0.3854179263359591,904995,159,7186.236324210613,0,1,0,0,0,0.0
2607,1769714255.5752127,decode,159,905313,0.38548562912497336,905154,159,7186.236324210613,0,1,0,0,0,0.0
2608,1769714255.5982964,decode,159,905472,0.38555333191398766,905313,159,7186.236324210613,0,1,0,0,0,0.0
2609,1769714255.6213796,decode,159,905631,0.3856210347030019,905472,159,7186.236324210613,0,1,0,0,0,0.0
2610,1769714255.6445084,decode,159,905790,0.38568873749201615,905631,159,6969.8802560943395,0,1,0,0,0,0.0
2611,1769714255.6674492,decode,159,905949,0.38575644028103045,905790,159,6969.8802560943395,0,1,0,0,0,0.0
2612,1769714255.6905549,decode,159,906108,0.3858241430700447,905949,159,6969.8802560943395,0,1,0,0,0,0.0
2613,1769714255.7135515,decode,159,906267,0.38589184585905895,906108,159,6969.8802560943395,0,1,0,0,0,0.0
2614,1769714255.7366645,decode,159,906426,0.38595954864807325,906267,159,6969.8802560943395,0,1,0,0,0,0.0
2615,1769714255.7597294,decode,159,906585,0.3860272514370875,906426,159,6969.8802560943395,0,1,0,0,0,0.0
2616,1769714255.7828407,decode,159,906744,0.3860949542261018,906585,159,6969.8802560943395,0,1,0,0,0,0.0
2617,1769714255.806362,decode,159,906903,0.38616265701511604,906744,159,6969.8802560943395,0,1,0,0,0,0.0
2618,1769714255.8294513,decode,159,907062,0.3862303598041303,906903,159,6969.8802560943395,0,1,0,0,0,0.0
2619,1769714255.8525586,decode,159,907221,0.3862980625931446,907062,159,6969.8802560943395,0,1,0,0,0,0.0
2620,1769714255.875684,decode,159,907380,0.38636576538215883,907221,159,6969.8802560943395,0,1,0,0,0,0.0
2621,1769714255.89881,decode,159,907539,0.3864334681711731,907380,159,6969.8802560943395,0,1,0,0,0,0.0
2622,1769714255.9218633,decode,159,907698,0.3865011709601874,907539,159,6969.8802560943395,0,1,0,0,0,0.0
2623,1769714255.944855,decode,159,907857,0.3865688737492016,907698,159,6969.8802560943395,0,1,0,0,0,0.0
2624,1769714255.9678671,decode,159,908016,0.38663657653821587,907857,159,6969.8802560943395,0,1,0,0,0,0.0
2625,1769714255.991014,decode,159,908175,0.38670427932723017,908016,159,6969.8802560943395,0,1,0,0,0,0.0
2626,1769714256.0141473,decode,159,908334,0.3867719821162444,908175,159,6969.8802560943395,0,1,0,0,0,0.0
2627,1769714256.0372417,decode,159,908493,0.38683968490525866,908334,159,6969.8802560943395,0,1,0,0,0,0.0
2628,1769714256.0603285,decode,159,908652,0.38690738769427296,908493,159,6969.8802560943395,0,1,0,0,0,0.0
2629,1769714256.0833962,decode,159,908811,0.3869750904832872,908652,159,6969.8802560943395,0,1,0,0,0,0.0
2630,1769714256.1064186,decode,159,908970,0.38704279327230146,908811,159,6969.8802560943395,0,1,0,0,0,0.0
2631,1769714256.129536,decode,159,909129,0.38711049606131576,908970,159,6969.8802560943395,0,1,0,0,0,0.0
2632,1769714256.1526666,decode,159,909288,0.38717819885033,909129,159,6969.8802560943395,0,1,0,0,0,0.0
2633,1769714256.1758769,decode,159,909447,0.38724590163934425,909288,159,6969.8802560943395,0,1,0,0,0,0.0
2634,1769714256.1989958,decode,159,909606,0.38731360442835855,909447,159,6969.8802560943395,0,1,0,0,0,0.0
2635,1769714256.2221446,decode,159,909765,0.3873813072173728,909606,159,6969.8802560943395,0,1,0,0,0,0.0
2636,1769714256.245354,decode,159,909924,0.38744901000638704,909765,159,6969.8802560943395,0,1,0,0,0,0.0
2637,1769714256.2684658,decode,159,910083,0.38751671279540134,909924,159,6969.8802560943395,0,1,0,0,0,0.0
2638,1769714256.291721,decode,159,910242,0.3875844155844156,910083,159,6969.8802560943395,0,1,0,0,0,0.0
2639,1769714256.314763,decode,159,910401,0.38765211837342983,910242,159,6969.8802560943395,0,1,0,0,0,0.0
2640,1769714256.33789,decode,159,910560,0.38771982116244413,910401,159,6969.8802560943395,0,1,0,0,0,0.0
2641,1769714256.3610935,decode,159,910719,0.3877875239514584,910560,159,6969.8802560943395,0,1,0,0,0,0.0
2642,1769714256.3842409,decode,159,910878,0.3878552267404726,910719,159,6969.8802560943395,0,1,0,0,0,0.0
2643,1769714256.4074016,decode,159,911037,0.3879229295294869,910878,159,6969.8802560943395,0,1,0,0,0,0.0
2644,1769714256.430564,decode,159,911196,0.38799063231850117,911037,159,6969.8802560943395,0,1,0,0,0,0.0
2645,1769714256.4537566,decode,159,911355,0.3880583351075154,911196,159,6969.8802560943395,0,1,0,0,0,0.0
2646,1769714256.4769754,decode,159,911514,0.3881260378965297,911355,159,6969.8802560943395,0,1,0,0,0,0.0
2647,1769714256.500098,decode,159,911673,0.38819374068554396,911514,159,6969.8802560943395,0,1,0,0,0,0.0
2648,1769714256.523246,decode,159,911832,0.3882614434745582,911673,159,6969.8802560943395,0,1,0,0,0,0.0
2649,1769714256.5464947,decode,159,911991,0.3883291462635725,911832,159,6969.8802560943395,0,1,0,0,0,0.0
2650,1769714256.5698,decode,159,912150,0.38839684905258676,911991,159,6873.496532610616,0,1,0,0,0,0.0
2651,1769714256.592944,decode,159,912309,0.388464551841601,912150,159,6873.496532610616,0,1,0,0,0,0.0
2652,1769714256.6161342,decode,159,912468,0.3885322546306153,912309,159,6873.496532610616,0,1,0,0,0,0.0
2653,1769714256.6394377,decode,159,912627,0.38859995741962955,912468,159,6873.496532610616,0,1,0,0,0,0.0
2654,1769714256.6625676,decode,159,912786,0.3886676602086438,912627,159,6873.496532610616,0,1,0,0,0,0.0
2655,1769714256.6858118,decode,159,912945,0.3887353629976581,912786,159,6873.496532610616,0,1,0,0,0,0.0
2656,1769714256.7089572,decode,159,913104,0.38880306578667234,912945,159,6873.496532610616,0,1,0,0,0,0.0
2657,1769714256.7321503,decode,159,913263,0.3888707685756866,913104,159,6873.496532610616,0,1,0,0,0,0.0
2658,1769714256.7553778,decode,159,913422,0.3889384713647009,913263,159,6873.496532610616,0,1,0,0,0,0.0
2659,1769714256.7786415,decode,159,913581,0.38900617415371513,913422,159,6873.496532610616,0,1,0,0,0,0.0
2660,1769714256.8017862,decode,159,913740,0.3890738769427294,913581,159,6873.496532610616,0,1,0,0,0,0.0
2661,1769714256.8249962,decode,159,913899,0.3891415797317437,913740,159,6873.496532610616,0,1,0,0,0,0.0
2662,1769714256.8482587,decode,159,914058,0.3892092825207579,913899,159,6873.496532610616,0,1,0,0,0,0.0
2663,1769714256.8713946,decode,159,914217,0.38927698530977217,914058,159,6873.496532610616,0,1,0,0,0,0.0
2664,1769714256.8946319,decode,159,914376,0.3893446880987865,914217,159,6873.496532610616,0,1,0,0,0,0.0
2665,1769714256.9178224,decode,159,914535,0.3894123908878007,914376,159,6873.496532610616,0,1,0,0,0,0.0
2666,1769714256.9410295,decode,159,914694,0.38948009367681496,914535,159,6873.496532610616,0,1,0,0,0,0.0
2667,1769714256.9643013,decode,159,914853,0.38954779646582927,914694,159,6873.496532610616,0,1,0,0,0,0.0
2668,1769714256.9874995,decode,159,915012,0.3896154992548435,914853,159,6873.496532610616,0,1,0,0,0,0.0
2669,1769714257.0107307,decode,159,915171,0.38968320204385776,915012,159,6873.496532610616,0,1,0,0,0,0.0
2670,1769714257.0338833,decode,159,915330,0.38975090483287206,915171,159,6873.496532610616,0,1,0,0,0,0.0
2671,1769714257.0570874,decode,159,915489,0.3898186076218863,915330,159,6873.496532610616,0,1,0,0,0,0.0
2672,1769714257.080333,decode,159,915648,0.38988631041090055,915489,159,6873.496532610616,0,1,0,0,0,0.0
2673,1769714257.103612,decode,159,915807,0.38995401319991485,915648,159,6873.496532610616,0,1,0,0,0,0.0
2674,1769714257.126813,decode,159,915966,0.3900217159889291,915807,159,6873.496532610616,0,1,0,0,0,0.0
2675,1769714257.1500852,decode,159,916125,0.39008941877794334,915966,159,6873.496532610616,0,1,0,0,0,0.0
2676,1769714257.1733932,decode,159,916284,0.39015712156695764,916125,159,6873.496532610616,0,1,0,0,0,0.0
2677,1769714257.1966097,decode,159,916443,0.3902248243559719,916284,159,6873.496532610616,0,1,0,0,0,0.0
2678,1769714257.2198613,decode,159,916602,0.39029252714498613,916443,159,6873.496532610616,0,1,0,0,0,0.0
2679,1769714257.243156,decode,159,916761,0.39036022993400044,916602,159,6873.496532610616,0,1,0,0,0,0.0
2680,1769714257.2663906,decode,159,916920,0.3904279327230147,916761,159,6873.496532610616,0,1,0,0,0,0.0
2681,1769714257.2897384,decode,159,917079,0.390495635512029,916920,159,6873.496532610616,0,1,0,0,0,0.0
2682,1769714257.3129754,decode,159,917238,0.39056333830104323,917079,159,6873.496532610616,0,1,0,0,0,0.0
2683,1769714257.3362818,decode,159,917397,0.3906310410900575,917238,159,6873.496532610616,0,1,0,0,0,0.0
2684,1769714257.359886,decode,159,910556,0.3877181179476261,917397,159,6873.496532610616,0,1,0,0,0,0.0
2685,1769714257.3828192,decode,159,910714,0.3877853949329359,917556,158,6873.496532610616,0,1,0,0,0,0.0
2686,1769714257.4060512,decode,158,910872,0.3878526719182457,910714,158,6873.496532610616,0,1,0,0,0,0.0
2687,1769714257.4291909,decode,158,911030,0.38791994890355547,910872,158,6873.496532610616,0,1,0,0,0,0.0
2688,1769714257.4525054,decode,158,911188,0.38798722588886525,911030,158,6873.496532610616,0,1,0,0,0,0.0
2689,1769714257.4755902,decode,158,911346,0.388054502874175,911188,158,6873.496532610616,0,1,0,0,0,0.0
2690,1769714257.4988887,decode,158,911504,0.38812177985948476,911346,158,6840.018135713596,0,1,0,0,0,0.0
2691,1769714257.522,decode,158,911662,0.38818905684479454,911504,158,6840.018135713596,0,1,0,0,0,0.0
2692,1769714257.5451689,decode,158,911820,0.3882563338301043,911662,158,6840.018135713596,0,1,0,0,0,0.0
2693,1769714257.5684083,decode,158,911978,0.3883236108154141,911820,158,6840.018135713596,0,1,0,0,0,0.0
2694,1769714257.5915918,decode,158,912136,0.38839088780072384,911978,158,6840.018135713596,0,1,0,0,0,0.0
2695,1769714257.6147814,decode,158,912294,0.3884581647860336,912136,158,6840.018135713596,0,1,0,0,0,0.0
2696,1769714257.6380155,decode,158,912452,0.3885254417713434,912294,158,6840.018135713596,0,1,0,0,0,0.0
2697,1769714257.6612911,decode,158,912610,0.3885927187566532,912452,158,6840.018135713596,0,1,0,0,0,0.0
2698,1769714257.6845481,decode,158,912768,0.38865999574196297,912610,158,6840.018135713596,0,1,0,0,0,0.0
2699,1769714257.7078698,decode,158,912926,0.38872727272727275,912768,158,6840.018135713596,0,1,0,0,0,0.0
2700,1769714257.7311594,decode,158,913084,0.3887945497125825,912926,158,6840.018135713596,0,1,0,0,0,0.0
2701,1769714257.7544153,decode,158,913242,0.38886182669789227,913084,158,6840.018135713596,0,1,0,0,0,0.0
2702,1769714257.777586,decode,158,913400,0.38892910368320205,913242,158,6840.018135713596,0,1,0,0,0,0.0
2703,1769714257.801151,decode,158,906558,0.38601575473706623,913400,158,6840.018135713596,0,1,0,0,0,0.0
2704,1769714257.8239694,decode,158,906715,0.3860826059186715,913558,157,6840.018135713596,0,1,0,0,0,0.0
2705,1769714257.847703,decode,157,906872,0.38614945710027676,906715,157,6840.018135713596,0,1,0,0,0,0.0
2706,1769714257.8702633,decode,157,907029,0.386216308281882,906872,157,6840.018135713596,0,1,0,0,0,0.0
2707,1769714257.893336,decode,157,907186,0.38628315946348735,907029,157,6840.018135713596,0,1,0,0,0,0.0
2708,1769714257.9164498,decode,157,907343,0.3863500106450926,907186,157,6840.018135713596,0,1,0,0,0,0.0
2709,1769714257.939545,decode,157,907500,0.3864168618266979,907343,157,6840.018135713596,0,1,0,0,0,0.0
2710,1769714257.9625723,decode,157,907657,0.3864837130083032,907500,157,6840.018135713596,0,1,0,0,0,0.0
2711,1769714257.9857185,decode,157,907814,0.38655056418990846,907657,157,6840.018135713596,0,1,0,0,0,0.0
2712,1769714258.008905,decode,157,907971,0.38661741537151373,907814,157,6840.018135713596,0,1,0,0,0,0.0
2713,1769714258.0319488,decode,157,908128,0.386684266553119,907971,157,6840.018135713596,0,1,0,0,0,0.0
2714,1769714258.0550518,decode,157,908285,0.3867511177347243,908128,157,6840.018135713596,0,1,0,0,0,0.0
2715,1769714258.0780625,decode,157,908442,0.3868179689163296,908285,157,6840.018135713596,0,1,0,0,0,0.0
2716,1769714258.1012285,decode,157,908599,0.38688482009793485,908442,157,6840.018135713596,0,1,0,0,0,0.0
2717,1769714258.1243749,decode,157,908756,0.3869516712795401,908599,157,6840.018135713596,0,1,0,0,0,0.0
2718,1769714258.1474695,decode,157,908913,0.38701852246114543,908756,157,6840.018135713596,0,1,0,0,0,0.0
2719,1769714258.1705937,decode,157,909070,0.3870853736427507,908913,157,6840.018135713596,0,1,0,0,0,0.0
2720,1769714258.1937237,decode,157,909227,0.38715222482435596,909070,157,6840.018135713596,0,1,0,0,0,0.0
2721,1769714258.216887,decode,157,909384,0.3872190760059612,909227,157,6840.018135713596,0,1,0,0,0,0.0
2722,1769714258.2403743,decode,157,902541,0.38430530125612095,909384,157,6840.018135713596,0,1,0,0,0,0.0
2723,1769714258.263162,decode,157,902697,0.3843717266340217,909541,156,6840.018135713596,0,1,0,0,0,0.0
2724,1769714258.2862368,decode,156,902853,0.3844381520119225,902697,156,6840.018135713596,0,1,0,0,0,0.0
2725,1769714258.3092427,decode,156,903009,0.3845045773898233,902853,156,6840.018135713596,0,1,0,0,0,0.0
2726,1769714258.3323123,decode,156,903165,0.3845710027677241,903009,156,6840.018135713596,0,1,0,0,0,0.0
2727,1769714258.3553514,decode,156,903321,0.38463742814562485,903165,156,6840.018135713596,0,1,0,0,0,0.0
2728,1769714258.378413,decode,156,903477,0.38470385352352565,903321,156,6840.018135713596,0,1,0,0,0,0.0
2729,1769714258.4015353,decode,156,903633,0.38477027890142645,903477,156,6840.018135713596,0,1,0,0,0,0.0
2730,1769714258.424661,decode,156,903789,0.38483670427932726,903633,156,6791.144195709239,0,1,0,0,0,0.0
2731,1769714258.4476314,decode,156,903945,0.384903129657228,903789,156,6791.144195709239,0,1,0,0,0,0.0
2732,1769714258.470763,decode,156,904101,0.3849695550351288,903945,156,6791.144195709239,0,1,0,0,0,0.0
2733,1769714258.4938464,decode,156,904257,0.3850359804130296,904101,156,6791.144195709239,0,1,0,0,0,0.0
2734,1769714258.5168688,decode,156,904413,0.38510240579093036,904257,156,6791.144195709239,0,1,0,0,0,0.0
2735,1769714258.5400188,decode,156,904569,0.38516883116883116,904413,156,6791.144195709239,0,1,0,0,0,0.0
2736,1769714258.5631647,decode,156,904725,0.38523525654673196,904569,156,6791.144195709239,0,1,0,0,0,0.0
2737,1769714258.5862303,decode,156,904881,0.38530168192463277,904725,156,6791.144195709239,0,1,0,0,0,0.0
2738,1769714258.6101913,decode,156,905037,0.3853681073025335,904881,156,6791.144195709239,0,1,0,0,0,0.0
2739,1769714258.6325972,decode,156,905193,0.3854345326804343,905037,156,6791.144195709239,0,1,0,0,0,0.0
2740,1769714258.6574118,decode,156,898349,0.3825203321268895,905193,156,6791.144195709239,0,1,0,0,0,0.0
2741,1769714258.6788712,decode,156,898504,0.3825863317010858,905349,155,6791.144195709239,0,1,0,0,0,0.0
2742,1769714258.7018654,decode,155,898659,0.3826523312752821,898504,155,6791.144195709239,0,1,0,0,0,0.0
2743,1769714258.7248278,decode,155,898814,0.38271833084947837,898659,155,6791.144195709239,0,1,0,0,0,0.0
2744,1769714258.7478764,decode,155,898969,0.3827843304236747,898814,155,6791.144195709239,0,1,0,0,0,0.0
2745,1769714258.770975,decode,155,899124,0.382850329997871,898969,155,6791.144195709239,0,1,0,0,0,0.0
2746,1769714258.794005,decode,155,899279,0.3829163295720673,899124,155,6791.144195709239,0,1,0,0,0,0.0
2747,1769714258.817042,decode,155,899434,0.38298232914626357,899279,155,6791.144195709239,0,1,0,0,0,0.0
2748,1769714258.8400369,decode,155,899589,0.38304832872045985,899434,155,6791.144195709239,0,1,0,0,0,0.0
2749,1769714258.8630857,decode,155,899744,0.38311432829465614,899589,155,6791.144195709239,0,1,0,0,0,0.0
2750,1769714258.8860304,decode,155,899899,0.3831803278688525,899744,155,6791.144195709239,0,1,0,0,0,0.0
2751,1769714258.9090512,decode,155,900054,0.38324632744304876,899899,155,6791.144195709239,0,1,0,0,0,0.0
2752,1769714258.9320102,decode,155,900209,0.38331232701724505,900054,155,6791.144195709239,0,1,0,0,0,0.0
2753,1769714258.9550512,decode,155,900364,0.38337832659144133,900209,155,6791.144195709239,0,1,0,0,0,0.0
2754,1769714258.9780467,decode,155,900519,0.3834443261656376,900364,155,6791.144195709239,0,1,0,0,0,0.0
2755,1769714259.001072,decode,155,900674,0.38351032573983396,900519,155,6791.144195709239,0,1,0,0,0,0.0
2756,1769714259.0240397,decode,155,900829,0.38357632531403024,900674,155,6791.144195709239,0,1,0,0,0,0.0
2757,1769714259.0470045,decode,155,900984,0.3836423248882265,900829,155,6791.144195709239,0,1,0,0,0,0.0
2758,1769714259.0701282,decode,155,901139,0.3837083244624228,900984,155,6791.144195709239,0,1,0,0,0,0.0
2759,1769714259.0939376,decode,155,894294,0.3807936981051735,901139,155,6791.144195709239,0,1,0,0,0,0.0
2760,1769714259.116284,decode,155,894448,0.3808592718756653,901294,154,6791.144195709239,0,1,0,0,0,0.0
2761,1769714259.1391513,decode,154,894602,0.38092484564615714,894448,154,6791.144195709239,0,1,0,0,0,0.0
2762,1769714259.1620913,decode,154,894756,0.3809904194166489,894602,154,6791.144195709239,0,1,0,0,0,0.0
2763,1769714259.1849294,decode,154,894910,0.38105599318714073,894756,154,6791.144195709239,0,1,0,0,0,0.0
2764,1769714259.2079077,decode,154,895064,0.38112156695763255,894910,154,6791.144195709239,0,1,0,0,0,0.0
2765,1769714259.2308452,decode,154,895218,0.3811871407281243,895064,154,6791.144195709239,0,1,0,0,0,0.0
2766,1769714259.2538164,decode,154,895372,0.38125271449861614,895218,154,6791.144195709239,0,1,0,0,0,0.0
2767,1769714259.2767258,decode,154,895526,0.38131828826910796,895372,154,6791.144195709239,0,1,0,0,0,0.0
2768,1769714259.2996562,decode,154,895680,0.38138386203959973,895526,154,6791.144195709239,0,1,0,0,0,0.0
2769,1769714259.3226314,decode,154,895834,0.38144943581009155,895680,154,6791.144195709239,0,1,0,0,0,0.0
2770,1769714259.3457506,decode,154,895988,0.3815150095805834,895834,154,6732.5573499557095,0,1,0,0,0,0.0
2771,1769714259.368585,decode,154,896142,0.38158058335107514,895988,154,6732.5573499557095,0,1,0,0,0,0.0
2772,1769714259.3914974,decode,154,896296,0.38164615712156696,896142,154,6732.5573499557095,0,1,0,0,0,0.0
2773,1769714259.4145298,decode,154,896450,0.3817117308920588,896296,154,6732.5573499557095,0,1,0,0,0,0.0
2774,1769714259.437609,decode,154,896604,0.38177730466255055,896450,154,6732.5573499557095,0,1,0,0,0,0.0
2775,1769714259.4606426,decode,154,896758,0.3818428784330424,896604,154,6732.5573499557095,0,1,0,0,0,0.0
2776,1769714259.4837003,decode,154,896912,0.38190845220353414,896758,154,6732.5573499557095,0,1,0,0,0,0.0
2777,1769714259.5066426,decode,154,897066,0.38197402597402597,896912,154,6732.5573499557095,0,1,0,0,0,0.0
2778,1769714259.529595,decode,154,897220,0.3820395997445178,897066,154,6732.5573499557095,0,1,0,0,0,0.0
2779,1769714259.5525866,decode,154,897374,0.38210517351500956,897220,154,6732.5573499557095,0,1,0,0,0,0.0
2780,1769714259.575983,decode,154,890528,0.3791901213540558,897374,154,6732.5573499557095,0,1,0,0,0,0.0
2781,1769714259.5987482,decode,154,890681,0.3792552693208431,897528,153,6732.5573499557095,0,1,0,0,0,0.0
2782,1769714259.621709,decode,153,890834,0.3793204172876304,890681,153,6732.5573499557095,0,1,0,0,0,0.0
2783,1769714259.6447113,decode,153,890987,0.3793855652544177,890834,153,6732.5573499557095,0,1,0,0,0,0.0
2784,1769714259.6674855,decode,153,891140,0.37945071322120505,890987,153,6732.5573499557095,0,1,0,0,0,0.0
2785,1769714259.690356,decode,153,891293,0.37951586118799235,891140,153,6732.5573499557095,0,1,0,0,0,0.0
2786,1769714259.7132728,decode,153,891446,0.37958100915477966,891293,153,6732.5573499557095,0,1,0,0,0,0.0
2787,1769714259.7361176,decode,153,891599,0.37964615712156696,891446,153,6732.5573499557095,0,1,0,0,0,0.0
2788,1769714259.759175,decode,153,891752,0.37971130508835427,891599,153,6732.5573499557095,0,1,0,0,0,0.0
2789,1769714259.7819364,decode,153,891905,0.37977645305514157,891752,153,6732.5573499557095,0,1,0,0,0,0.0
2790,1769714259.8048086,decode,153,892058,0.3798416010219289,891905,153,6732.5573499557095,0,1,0,0,0,0.0
2791,1769714259.8277097,decode,153,892211,0.3799067489887162,892058,153,6732.5573499557095,0,1,0,0,0,0.0
2792,1769714259.8505569,decode,153,892364,0.3799718969555035,892211,153,6732.5573499557095,0,1,0,0,0,0.0
2793,1769714259.8734877,decode,153,892517,0.38003704492229085,892364,153,6732.5573499557095,0,1,0,0,0,0.0
2794,1769714259.896363,decode,153,892670,0.38010219288907815,892517,153,6732.5573499557095,0,1,0,0,0,0.0
2795,1769714259.9192934,decode,153,892823,0.38016734085586545,892670,153,6732.5573499557095,0,1,0,0,0,0.0
2796,1769714259.9421337,decode,153,892976,0.38023248882265276,892823,153,6732.5573499557095,0,1,0,0,0,0.0
2797,1769714259.9653366,decode,153,886129,0.37731701085799446,892976,153,6732.5573499557095,0,1,0,0,0,0.0
2798,1769714259.9878592,decode,153,886281,0.3773817330210773,893129,152,6732.5573499557095,0,1,0,0,0,0.0
2799,1769714260.0106256,decode,152,886433,0.3774464551841601,886281,152,6732.5573499557095,0,1,0,0,0,0.0
2800,1769714260.0333,decode,152,886585,0.37751117734724293,886433,152,6732.5573499557095,0,1,0,0,0,0.0
2801,1769714260.056095,decode,152,886737,0.3775758995103257,886585,152,6732.5573499557095,0,1,0,0,0,0.0
2802,1769714260.0788188,decode,152,886889,0.37764062167340856,886737,152,6732.5573499557095,0,1,0,0,0,0.0
2803,1769714260.1015296,decode,152,887041,0.3777053438364914,886889,152,6732.5573499557095,0,1,0,0,0,0.0
2804,1769714260.1242378,decode,152,887193,0.3777700659995742,887041,152,6732.5573499557095,0,1,0,0,0,0.0
2805,1769714260.1469808,decode,152,887345,0.37783478816265703,887193,152,6732.5573499557095,0,1,0,0,0,0.0
2806,1769714260.1697402,decode,152,887497,0.3778995103257398,887345,152,6732.5573499557095,0,1,0,0,0,0.0
2807,1769714260.1922598,decode,152,887649,0.37796423248882266,887497,152,6732.5573499557095,0,1,0,0,0,0.0
2808,1769714260.2150903,decode,152,887801,0.37802895465190545,887649,152,6732.5573499557095,0,1,0,0,0,0.0
2809,1769714260.237845,decode,152,887953,0.3780936768149883,887801,152,6732.5573499557095,0,1,0,0,0,0.0
2810,1769714260.260746,decode,152,888105,0.37815839897807113,887953,152,6687.943894980937,0,1,0,0,0,0.0
2811,1769714260.2832637,decode,152,888257,0.3782231211411539,888105,152,6687.943894980937,0,1,0,0,0,0.0
2812,1769714260.3060286,decode,152,888409,0.37828784330423676,888257,152,6687.943894980937,0,1,0,0,0,0.0
2813,1769714260.3286986,decode,152,888561,0.37835256546731955,888409,152,6687.943894980937,0,1,0,0,0,0.0
2814,1769714260.3515394,decode,152,888713,0.3784172876304024,888561,152,6687.943894980937,0,1,0,0,0,0.0
2815,1769714260.3742704,decode,152,888865,0.37848200979348523,888713,152,6687.943894980937,0,1,0,0,0,0.0
2816,1769714260.3974295,decode,152,882017,0.3755661060251224,888865,152,6687.943894980937,0,1,0,0,0,0.0
2817,1769714260.4198616,decode,152,882168,0.37563040238450074,889017,151,6687.943894980937,0,1,0,0,0,0.0
2818,1769714260.4425797,decode,151,882319,0.37569469874387906,882168,151,6687.943894980937,0,1,0,0,0,0.0
2819,1769714260.465301,decode,151,882470,0.3757589951032574,882319,151,6687.943894980937,0,1,0,0,0,0.0
2820,1769714260.4879267,decode,151,882621,0.3758232914626357,882470,151,6687.943894980937,0,1,0,0,0,0.0
2821,1769714260.510617,decode,151,882772,0.37588758782201404,882621,151,6687.943894980937,0,1,0,0,0,0.0
2822,1769714260.53321,decode,151,882923,0.37595188418139236,882772,151,6687.943894980937,0,1,0,0,0,0.0
2823,1769714260.5557792,decode,151,883074,0.3760161805407707,882923,151,6687.943894980937,0,1,0,0,0,0.0
2824,1769714260.578359,decode,151,883225,0.376080476900149,883074,151,6687.943894980937,0,1,0,0,0,0.0
2825,1769714260.601056,decode,151,883376,0.37614477325952733,883225,151,6687.943894980937,0,1,0,0,0,0.0
2826,1769714260.623809,decode,151,883527,0.3762090696189057,883376,151,6687.943894980937,0,1,0,0,0,0.0
2827,1769714260.646432,decode,151,883678,0.37627336597828404,883527,151,6687.943894980937,0,1,0,0,0,0.0
2828,1769714260.6691833,decode,151,883829,0.37633766233766236,883678,151,6687.943894980937,0,1,0,0,0,0.0
2829,1769714260.6918578,decode,151,883980,0.3764019586970407,883829,151,6687.943894980937,0,1,0,0,0,0.0
2830,1769714260.7143452,decode,151,884131,0.376466255056419,883980,151,6687.943894980937,0,1,0,0,0,0.0
2831,1769714260.7370715,decode,151,884282,0.37653055141579733,884131,151,6687.943894980937,0,1,0,0,0,0.0
2832,1769714260.7596824,decode,151,884433,0.37659484777517566,884282,151,6687.943894980937,0,1,0,0,0,0.0
2833,1769714260.782795,decode,151,877584,0.3736785182031084,884433,151,6687.943894980937,0,1,0,0,0,0.0
2834,1769714260.805067,decode,151,877734,0.3737423887587822,884584,150,6687.943894980937,0,1,0,0,0,0.0
2835,1769714260.8276796,decode,150,877884,0.37380625931445605,877734,150,6687.943894980937,0,1,0,0,0,0.0
2836,1769714260.8502939,decode,150,878034,0.37387012987012985,877884,150,6687.943894980937,0,1,0,0,0,0.0
2837,1769714260.8728004,decode,150,878184,0.3739340004258037,878034,150,6687.943894980937,0,1,0,0,0,0.0
2838,1769714260.8954294,decode,150,878334,0.3739978709814775,878184,150,6687.943894980937,0,1,0,0,0,0.0
2839,1769714260.9178052,decode,150,878484,0.3740617415371514,878334,150,6687.943894980937,0,1,0,0,0,0.0
2840,1769714260.9403293,decode,150,878634,0.3741256120928252,878484,150,6687.943894980937,0,1,0,0,0,0.0
2841,1769714260.9628978,decode,150,878784,0.37418948264849905,878634,150,6687.943894980937,0,1,0,0,0,0.0
2842,1769714260.9853692,decode,150,878934,0.37425335320417286,878784,150,6687.943894980937,0,1,0,0,0,0.0
2843,1769714261.0079193,decode,150,879084,0.3743172237598467,878934,150,6687.943894980937,0,1,0,0,0,0.0
2844,1769714261.030424,decode,150,879234,0.3743810943155205,879084,150,6687.943894980937,0,1,0,0,0,0.0
2845,1769714261.0529165,decode,150,879384,0.3744449648711944,879234,150,6687.943894980937,0,1,0,0,0,0.0
2846,1769714261.0754635,decode,150,879534,0.3745088354268682,879384,150,6687.943894980937,0,1,0,0,0,0.0
2847,1769714261.0979283,decode,150,879684,0.37457270598254205,879534,150,6687.943894980937,0,1,0,0,0,0.0
2848,1769714261.120433,decode,150,879834,0.37463657653821586,879684,150,6687.943894980937,0,1,0,0,0,0.0
2849,1769714261.1430006,decode,150,879984,0.3747004470938897,879834,150,6687.943894980937,0,1,0,0,0,0.0
2850,1769714261.1656156,decode,150,880134,0.3747643176495635,879984,150,6664.269209788691,0,1,0,0,0,0.0
2851,1769714261.188137,decode,150,880284,0.3748281882052374,880134,150,6664.269209788691,0,1,0,0,0,0.0
2852,1769714261.2105649,decode,150,880434,0.3748920587609112,880284,150,6664.269209788691,0,1,0,0,0,0.0
2853,1769714261.233463,decode,150,873584,0.37197530338513946,880434,150,6664.269209788691,0,1,0,0,0,0.0
2854,1769714261.2556314,decode,150,873733,0.3720387481371088,880584,149,6664.269209788691,0,1,0,0,0,0.0
2855,1769714261.278128,decode,149,873882,0.37210219288907814,873733,149,6664.269209788691,0,1,0,0,0,0.0
2856,1769714261.3004344,decode,149,874031,0.3721656376410475,873882,149,6664.269209788691,0,1,0,0,0,0.0
2857,1769714261.3227558,decode,149,874180,0.37222908239301683,874031,149,6664.269209788691,0,1,0,0,0,0.0
2858,1769714261.345217,decode,149,874329,0.3722925271449862,874180,149,6664.269209788691,0,1,0,0,0,0.0
2859,1769714261.3676867,decode,149,874478,0.3723559718969555,874329,149,6664.269209788691,0,1,0,0,0,0.0
2860,1769714261.3900335,decode,149,874627,0.37241941664892486,874478,149,6664.269209788691,0,1,0,0,0,0.0
2861,1769714261.4124866,decode,149,874776,0.3724828614008942,874627,149,6664.269209788691,0,1,0,0,0,0.0
2862,1769714261.434953,decode,149,874925,0.37254630615286355,874776,149,6664.269209788691,0,1,0,0,0,0.0
2863,1769714261.457264,decode,149,875074,0.3726097509048329,874925,149,6664.269209788691,0,1,0,0,0,0.0
2864,1769714261.4796813,decode,149,875223,0.37267319565680224,875074,149,6664.269209788691,0,1,0,0,0,0.0
2865,1769714261.502065,decode,149,875372,0.3727366404087716,875223,149,6664.269209788691,0,1,0,0,0,0.0
2866,1769714261.5244963,decode,149,875521,0.3728000851607409,875372,149,6664.269209788691,0,1,0,0,0,0.0
2867,1769714261.5470848,decode,149,875670,0.37286352991271027,875521,149,6664.269209788691,0,1,0,0,0,0.0
2868,1769714261.5695393,decode,149,875819,0.37292697466467956,875670,149,6664.269209788691,0,1,0,0,0,0.0
2869,1769714261.592029,decode,149,875968,0.3729904194166489,875819,149,6664.269209788691,0,1,0,0,0,0.0
2870,1769714261.6144996,decode,149,876117,0.37305386416861824,875968,149,6664.269209788691,0,1,0,0,0,0.0
2871,1769714261.6371226,decode,149,876266,0.3731173089205876,876117,149,6664.269209788691,0,1,0,0,0,0.0
2872,1769714261.6597333,decode,149,869415,0.37020012774111133,876266,149,6664.269209788691,0,1,0,0,0,0.0
2873,1769714261.6817899,decode,149,869563,0.3702631466893762,876415,148,6664.269209788691,0,1,0,0,0,0.0
2874,1769714261.7039688,decode,148,869711,0.37032616563764104,869563,148,6664.269209788691,0,1,0,0,0,0.0
2875,1769714261.7261605,decode,148,869859,0.3703891845859059,869711,148,6664.269209788691,0,1,0,0,0,0.0
2876,1769714261.7484114,decode,148,870007,0.37045220353417074,869859,148,6664.269209788691,0,1,0,0,0,0.0
2877,1769714261.7706554,decode,148,870155,0.3705152224824356,870007,148,6664.269209788691,0,1,0,0,0,0.0
2878,1769714261.7928333,decode,148,870303,0.37057824143070045,870155,148,6664.269209788691,0,1,0,0,0,0.0
2879,1769714261.8150783,decode,148,870451,0.3706412603789653,870303,148,6664.269209788691,0,1,0,0,0,0.0
2880,1769714261.8372722,decode,148,870599,0.37070427932723016,870451,148,6664.269209788691,0,1,0,0,0,0.0
2881,1769714261.8595395,decode,148,870747,0.370767298275495,870599,148,6664.269209788691,0,1,0,0,0,0.0
2882,1769714261.881801,decode,148,870895,0.37083031722375986,870747,148,6664.269209788691,0,1,0,0,0,0.0
2883,1769714261.9039998,decode,148,871043,0.3708933361720247,870895,148,6664.269209788691,0,1,0,0,0,0.0
2884,1769714261.9261446,decode,148,871191,0.37095635512028957,871043,148,6664.269209788691,0,1,0,0,0,0.0
2885,1769714261.9483252,decode,148,871339,0.3710193740685544,871191,148,6664.269209788691,0,1,0,0,0,0.0
2886,1769714261.9706297,decode,148,871487,0.3710823930168192,871339,148,6664.269209788691,0,1,0,0,0,0.0
2887,1769714261.992856,decode,148,871635,0.3711454119650841,871487,148,6664.269209788691,0,1,0,0,0,0.0
2888,1769714262.0156436,decode,148,864783,0.36822780498190333,871635,148,6664.269209788691,0,1,0,0,0,0.0
2889,1769714262.037514,decode,148,864930,0.3682903981264637,871783,147,6664.269209788691,0,1,0,0,0,0.0
2890,1769714262.0598326,decode,147,865077,0.36835299127102406,864930,147,6649.5543054790805,0,1,0,0,0,0.0
2891,1769714262.0818415,decode,147,865224,0.3684155844155844,865077,147,6649.5543054790805,0,1,0,0,0,0.0
2892,1769714262.1040082,decode,147,865371,0.3684781775601448,865224,147,6649.5543054790805,0,1,0,0,0,0.0
2893,1769714262.1261683,decode,147,865518,0.36854077070470515,865371,147,6649.5543054790805,0,1,0,0,0,0.0
2894,1769714262.1482658,decode,147,865665,0.3686033638492655,865518,147,6649.5543054790805,0,1,0,0,0,0.0
2895,1769714262.1703944,decode,147,865812,0.36866595699382587,865665,147,6649.5543054790805,0,1,0,0,0,0.0
2896,1769714262.1926227,decode,147,865959,0.3687285501383862,865812,147,6649.5543054790805,0,1,0,0,0,0.0
2897,1769714262.2148154,decode,147,866106,0.36879114328294654,865959,147,6649.5543054790805,0,1,0,0,0,0.0
2898,1769714262.2370226,decode,147,866253,0.3688537364275069,866106,147,6649.5543054790805,0,1,0,0,0,0.0
2899,1769714262.2592719,decode,147,866400,0.36891632957206727,866253,147,6649.5543054790805,0,1,0,0,0,0.0
2900,1769714262.2814503,decode,147,866547,0.36897892271662763,866400,147,6649.5543054790805,0,1,0,0,0,0.0
2901,1769714262.303673,decode,147,866694,0.369041515861188,866547,147,6649.5543054790805,0,1,0,0,0,0.0
2902,1769714262.3257885,decode,147,866841,0.36910410900574836,866694,147,6649.5543054790805,0,1,0,0,0,0.0
2903,1769714262.3479981,decode,147,866988,0.3691667021503087,866841,147,6649.5543054790805,0,1,0,0,0,0.0
2904,1769714262.37023,decode,147,867135,0.3692292952948691,866988,147,6649.5543054790805,0,1,0,0,0,0.0
2905,1769714262.392489,decode,147,867282,0.36929188843942945,867135,147,6649.5543054790805,0,1,0,0,0,0.0
2906,1769714262.4147112,decode,147,867429,0.36935448158398976,867282,147,6649.5543054790805,0,1,0,0,0,0.0
2907,1769714262.4372675,decode,147,860576,0.3664364487971045,867429,147,6649.5543054790805,0,1,0,0,0,0.0
2908,1769714262.4592166,decode,147,860722,0.3664986161379604,867576,146,6649.5543054790805,0,1,0,0,0,0.0
2909,1769714262.48141,decode,146,860868,0.36656078347881627,860722,146,6649.5543054790805,0,1,0,0,0,0.0
2910,1769714262.5034618,decode,146,861014,0.3666229508196721,860868,146,6649.5543054790805,0,1,0,0,0,0.0
2911,1769714262.5255086,decode,146,861160,0.366685118160528,861014,146,6649.5543054790805,0,1,0,0,0,0.0
2912,1769714262.547615,decode,146,861306,0.36674728550138386,861160,146,6649.5543054790805,0,1,0,0,0,0.0
2913,1769714262.5696533,decode,146,861452,0.3668094528422397,861306,146,6649.5543054790805,0,1,0,0,0,0.0
2914,1769714262.5918567,decode,146,861598,0.3668716201830956,861452,146,6649.5543054790805,0,1,0,0,0,0.0
2915,1769714262.613982,decode,146,861744,0.36693378752395145,861598,146,6649.5543054790805,0,1,0,0,0,0.0
2916,1769714262.636145,decode,146,861890,0.36699595486480735,861744,146,6649.5543054790805,0,1,0,0,0,0.0
2917,1769714262.6583245,decode,146,862036,0.3670581222056632,861890,146,6649.5543054790805,0,1,0,0,0,0.0
2918,1769714262.6804311,decode,146,862182,0.36712028954651904,862036,146,6649.5543054790805,0,1,0,0,0,0.0
2919,1769714262.702603,decode,146,862328,0.36718245688737494,862182,146,6649.5543054790805,0,1,0,0,0,0.0
2920,1769714262.7246735,decode,146,862474,0.3672446242282308,862328,146,6649.5543054790805,0,1,0,0,0,0.0
2921,1769714262.7467685,decode,146,862620,0.36730679156908663,862474,146,6649.5543054790805,0,1,0,0,0,0.0
2922,1769714262.768909,decode,146,862766,0.36736895890994253,862620,146,6649.5543054790805,0,1,0,0,0,0.0
2923,1769714262.7910812,decode,146,862912,0.3674311262507984,862766,146,6649.5543054790805,0,1,0,0,0,0.0
2924,1769714262.8132439,decode,146,863058,0.3674932935916542,862912,146,6649.5543054790805,0,1,0,0,0,0.0
2925,1769714262.8357506,decode,146,856204,0.3645748350010645,863058,146,6649.5543054790805,0,1,0,0,0,0.0
2926,1769714262.8576388,decode,146,856349,0.3646365765382159,863204,145,6649.5543054790805,0,1,0,0,0,0.0
2927,1769714262.87972,decode,145,856494,0.36469831807536723,856349,145,6649.5543054790805,0,1,0,0,0,0.0
2928,1769714262.9018145,decode,145,856639,0.3647600596125186,856494,145,6649.5543054790805,0,1,0,0,0,0.0
2929,1769714262.9239132,decode,145,856784,0.36482180114967,856639,145,6649.5543054790805,0,1,0,0,0,0.0
2930,1769714262.9459856,decode,145,856929,0.3648835426868214,856784,145,6605.850317315358,0,1,0,0,0,0.0
2931,1769714262.9684954,decode,145,857074,0.36494528422397277,856929,145,6605.850317315358,0,1,0,0,0,0.0
2932,1769714262.9904993,decode,145,857219,0.36500702576112415,857074,145,6605.850317315358,0,1,0,0,0,0.0
2933,1769714263.012592,decode,145,857364,0.3650687672982755,857219,145,6605.850317315358,0,1,0,0,0,0.0
2934,1769714263.0345538,decode,145,857509,0.36513050883542686,857364,145,6605.850317315358,0,1,0,0,0,0.0
2935,1769714263.0565875,decode,145,857654,0.36519225037257824,857509,145,6605.850317315358,0,1,0,0,0,0.0
2936,1769714263.0786862,decode,145,857799,0.3652539919097296,857654,145,6605.850317315358,0,1,0,0,0,0.0
2937,1769714263.10071,decode,145,857944,0.365315733446881,857799,145,6605.850317315358,0,1,0,0,0,0.0
2938,1769714263.1229503,decode,145,858089,0.36537747498403234,857944,145,6605.850317315358,0,1,0,0,0,0.0
2939,1769714263.144952,decode,145,858234,0.3654392165211837,858089,145,6605.850317315358,0,1,0,0,0,0.0
2940,1769714263.167022,decode,145,858379,0.3655009580583351,858234,145,6605.850317315358,0,1,0,0,0,0.0
2941,1769714263.1890798,decode,145,858524,0.3655626995954865,858379,145,6605.850317315358,0,1,0,0,0,0.0
2942,1769714263.2111013,decode,145,858669,0.36562444113263787,858524,145,6605.850317315358,0,1,0,0,0,0.0
2943,1769714263.2335048,decode,145,851814,0.36270555673834365,858669,145,6605.850317315358,0,1,0,0,0,0.0
2944,1769714263.2552354,decode,145,851958,0.3627668724717905,858814,144,6605.850317315358,0,1,0,0,0,0.0
2945,1769714263.2772315,decode,144,852102,0.3628281882052374,851958,144,6605.850317315358,0,1,0,0,0,0.0
2946,1769714263.2992148,decode,144,852246,0.36288950393868424,852102,144,6605.850317315358,0,1,0,0,0,0.0
2947,1769714263.3211198,decode,144,852390,0.36295081967213116,852246,144,6605.850317315358,0,1,0,0,0,0.0
2948,1769714263.3430557,decode,144,852534,0.36301213540557803,852390,144,6605.850317315358,0,1,0,0,0,0.0
2949,1769714263.3650613,decode,144,852678,0.3630734511390249,852534,144,6605.850317315358,0,1,0,0,0,0.0
2950,1769714263.3869872,decode,144,852822,0.3631347668724718,852678,144,6605.850317315358,0,1,0,0,0,0.0
2951,1769714263.4089558,decode,144,852966,0.3631960826059187,852822,144,6605.850317315358,0,1,0,0,0,0.0
2952,1769714263.430825,decode,144,853110,0.36325739833936554,852966,144,6605.850317315358,0,1,0,0,0,0.0
2953,1769714263.452755,decode,144,853254,0.3633187140728124,853110,144,6605.850317315358,0,1,0,0,0,0.0
2954,1769714263.4746382,decode,144,853398,0.36338002980625933,853254,144,6605.850317315358,0,1,0,0,0,0.0
2955,1769714263.4966555,decode,144,853542,0.3634413455397062,853398,144,6605.850317315358,0,1,0,0,0,0.0
2956,1769714263.5186381,decode,144,853686,0.36350266127315306,853542,144,6605.850317315358,0,1,0,0,0,0.0
2957,1769714263.5405533,decode,144,853830,0.3635639770066,853686,144,6605.850317315358,0,1,0,0,0,0.0
2958,1769714263.562591,decode,144,853974,0.36362529274004685,853830,144,6605.850317315358,0,1,0,0,0,0.0
2959,1769714263.5849195,decode,144,847118,0.3607059825420481,853974,144,6605.850317315358,0,1,0,0,0,0.0
2960,1769714263.6065345,decode,144,847261,0.3607668724717905,854118,143,6605.850317315358,0,1,0,0,0,0.0
2961,1769714263.6284587,decode,143,847404,0.3608277624015329,847261,143,6605.850317315358,0,1,0,0,0,0.0
2962,1769714263.650406,decode,143,847547,0.36088865233127526,847404,143,6605.850317315358,0,1,0,0,0,0.0
2963,1769714263.672186,decode,143,847690,0.36094954226101766,847547,143,6605.850317315358,0,1,0,0,0,0.0
2964,1769714263.694049,decode,143,847833,0.36101043219076007,847690,143,6605.850317315358,0,1,0,0,0,0.0
2965,1769714263.715883,decode,143,847976,0.36107132212050247,847833,143,6605.850317315358,0,1,0,0,0,0.0
2966,1769714263.7377713,decode,143,848119,0.3611322120502448,847976,143,6605.850317315358,0,1,0,0,0,0.0
2967,1769714263.7597263,decode,143,848262,0.3611931019799872,848119,143,6605.850317315358,0,1,0,0,0,0.0
2968,1769714263.7816403,decode,143,848405,0.3612539919097296,848262,143,6605.850317315358,0,1,0,0,0,0.0
2969,1769714263.8036077,decode,143,848548,0.361314881839472,848405,143,6605.850317315358,0,1,0,0,0,0.0
2970,1769714263.8256555,decode,143,848691,0.36137577176921437,848548,143,6552.522729156452,0,1,0,0,0,0.0
2971,1769714263.8474896,decode,143,848834,0.3614366616989568,848691,143,6552.522729156452,0,1,0,0,0,0.0
2972,1769714263.8694592,decode,143,848977,0.3614975516286992,848834,143,6552.522729156452,0,1,0,0,0,0.0
2973,1769714263.8914135,decode,143,849120,0.3615584415584416,848977,143,6552.522729156452,0,1,0,0,0,0.0
2974,1769714263.913267,decode,143,849263,0.3616193314881839,849120,143,6552.522729156452,0,1,0,0,0,0.0
2975,1769714263.9351203,decode,143,849406,0.36168022141792633,849263,143,6552.522729156452,0,1,0,0,0,0.0
2976,1769714263.9570382,decode,143,849549,0.36174111134766873,849406,143,6552.522729156452,0,1,0,0,0,0.0
2977,1769714263.9792202,decode,143,842692,0.35882137534596553,849549,143,6552.522729156452,0,1,0,0,0,0.0
2978,1769714264.0007784,decode,143,842834,0.3588818394720034,849692,142,6552.522729156452,0,1,0,0,0,0.0
2979,1769714264.0226498,decode,142,842976,0.3589423035980413,842834,142,6552.522729156452,0,1,0,0,0,0.0
2980,1769714264.0444818,decode,142,843118,0.3590027677240792,842976,142,6552.522729156452,0,1,0,0,0,0.0
2981,1769714264.0664,decode,142,843260,0.35906323185011707,843118,142,6552.522729156452,0,1,0,0,0,0.0
2982,1769714264.0882587,decode,142,843402,0.359123695976155,843260,142,6552.522729156452,0,1,0,0,0,0.0
2983,1769714264.1101952,decode,142,843544,0.3591841601021929,843402,142,6552.522729156452,0,1,0,0,0,0.0
2984,1769714264.1320338,decode,142,843686,0.3592446242282308,843544,142,6552.522729156452,0,1,0,0,0,0.0
2985,1769714264.1538463,decode,142,843828,0.35930508835426866,843686,142,6552.522729156452,0,1,0,0,0,0.0
2986,1769714264.175688,decode,142,843970,0.3593655524803066,843828,142,6552.522729156452,0,1,0,0,0,0.0
2987,1769714264.1974149,decode,142,844112,0.3594260166063445,843970,142,6552.522729156452,0,1,0,0,0,0.0
2988,1769714264.2193294,decode,142,844254,0.3594864807323824,844112,142,6552.522729156452,0,1,0,0,0,0.0
2989,1769714264.2410722,decode,142,844396,0.35954694485842026,844254,142,6552.522729156452,0,1,0,0,0,0.0
2990,1769714264.2629828,decode,142,844538,0.35960740898445814,844396,142,6552.522729156452,0,1,0,0,0,0.0
2991,1769714264.284933,decode,142,844680,0.3596678731104961,844538,142,6552.522729156452,0,1,0,0,0,0.0
2992,1769714264.3068004,decode,142,844822,0.35972833723653397,844680,142,6552.522729156452,0,1,0,0,0,0.0
2993,1769714264.3287446,decode,142,844964,0.35978880136257185,844822,142,6552.522729156452,0,1,0,0,0,0.0
2994,1769714264.3510058,decode,142,838106,0.35686863955716414,844964,142,6552.522729156452,0,1,0,0,0,0.0
2995,1769714264.3726113,decode,142,838247,0.35692867787949756,845106,141,6552.522729156452,0,1,0,0,0,0.0
2996,1769714264.3944352,decode,141,838388,0.356988716201831,838247,141,6552.522729156452,0,1,0,0,0,0.0
2997,1769714264.4161367,decode,141,838529,0.35704875452416435,838388,141,6552.522729156452,0,1,0,0,0,0.0
2998,1769714264.437888,decode,141,838670,0.35710879284649777,838529,141,6552.522729156452,0,1,0,0,0,0.0
2999,1769714264.459688,decode,141,838811,0.3571688311688312,838670,141,6552.522729156452,0,1,0,0,0,0.0
3000,1769714264.4814,decode,141,838952,0.35722886949116456,838811,141,6552.522729156452,0,1,0,0,0,0.0
3001,1769714264.5032604,decode,141,839093,0.357288907813498,838952,141,6552.522729156452,0,1,0,0,0,0.0
3002,1769714264.5251024,decode,141,839234,0.3573489461358314,839093,141,6552.522729156452,0,1,0,0,0,0.0
3003,1769714264.5469806,decode,141,839375,0.35740898445816477,839234,141,6552.522729156452,0,1,0,0,0,0.0
3004,1769714264.5687997,decode,141,839516,0.3574690227804982,839375,141,6552.522729156452,0,1,0,0,0,0.0
3005,1769714264.5907094,decode,141,839657,0.3575290611028316,839516,141,6552.522729156452,0,1,0,0,0,0.0
3006,1769714264.612556,decode,141,839798,0.357589099425165,839657,141,6552.522729156452,0,1,0,0,0,0.0
3007,1769714264.6343818,decode,141,839939,0.3576491377474984,839798,141,6552.522729156452,0,1,0,0,0,0.0
3008,1769714264.6563416,decode,141,840080,0.3577091760698318,839939,141,6552.522729156452,0,1,0,0,0,0.0
3009,1769714264.6781814,decode,141,840221,0.3577692143921652,840080,141,6552.522729156452,0,1,0,0,0,0.0
3010,1769714264.7000797,decode,141,840362,0.3578292527144986,840221,141,6487.681287634083,0,1,0,0,0,0.0
3011,1769714264.7217894,decode,141,840503,0.35788929103683204,840362,141,6487.681287634083,0,1,0,0,0,0.0
3012,1769714264.7440953,decode,141,833644,0.3549687034277198,840503,141,6487.681287634083,0,1,0,0,0,0.0
3013,1769714264.7657032,decode,141,833784,0.35502831594634876,840644,140,6487.681287634083,0,1,0,0,0,0.0
3014,1769714264.7876842,decode,140,833924,0.35508792846497766,833784,140,6487.681287634083,0,1,0,0,0,0.0
3015,1769714264.8096187,decode,140,834064,0.35514754098360657,833924,140,6487.681287634083,0,1,0,0,0,0.0
3016,1769714264.8315732,decode,140,834204,0.3552071535022355,834064,140,6487.681287634083,0,1,0,0,0,0.0
3017,1769714264.8535662,decode,140,834344,0.3552667660208644,834204,140,6487.681287634083,0,1,0,0,0,0.0
3018,1769714264.875506,decode,140,834484,0.3553263785394933,834344,140,6487.681287634083,0,1,0,0,0,0.0
3019,1769714264.8974915,decode,140,834624,0.3553859910581222,834484,140,6487.681287634083,0,1,0,0,0,0.0
3020,1769714264.919377,decode,140,834764,0.3554456035767511,834624,140,6487.681287634083,0,1,0,0,0,0.0
3021,1769714264.9412756,decode,140,834904,0.35550521609538005,834764,140,6487.681287634083,0,1,0,0,0,0.0
3022,1769714264.963165,decode,140,835044,0.35556482861400895,834904,140,6487.681287634083,0,1,0,0,0,0.0
3023,1769714264.9851158,decode,140,835184,0.35562444113263786,835044,140,6487.681287634083,0,1,0,0,0,0.0
3024,1769714265.0070915,decode,140,835324,0.35568405365126676,835184,140,6487.681287634083,0,1,0,0,0,0.0
3025,1769714265.0290852,decode,140,835464,0.35574366616989567,835324,140,6487.681287634083,0,1,0,0,0,0.0
3026,1769714265.0511372,decode,140,835604,0.35580327868852457,835464,140,6487.681287634083,0,1,0,0,0,0.0
3027,1769714265.073116,decode,140,835744,0.3558628912071535,835604,140,6487.681287634083,0,1,0,0,0,0.0
3028,1769714265.0954506,decode,140,828884,0.35294187779433683,835744,140,6487.681287634083,0,1,0,0,0,0.0
3029,1769714265.1171253,decode,140,829023,0.3530010645092612,835884,139,6487.681287634083,0,1,0,0,0,0.0
3030,1769714265.1390026,decode,139,829162,0.35306025122418566,829023,139,6487.681287634083,0,1,0,0,0,0.0
3031,1769714265.1608872,decode,139,829301,0.35311943793911005,829162,139,6487.681287634083,0,1,0,0,0,0.0
3032,1769714265.1827269,decode,139,829440,0.3531786246540345,829301,139,6487.681287634083,0,1,0,0,0,0.0
3033,1769714265.2046192,decode,139,829579,0.35323781136895893,829440,139,6487.681287634083,0,1,0,0,0,0.0
3034,1769714265.2263942,decode,139,829718,0.3532969980838833,829579,139,6487.681287634083,0,1,0,0,0,0.0
3035,1769714265.2482455,decode,139,829857,0.35335618479880776,829718,139,6487.681287634083,0,1,0,0,0,0.0
3036,1769714265.2701912,decode,139,829996,0.35341537151373215,829857,139,6487.681287634083,0,1,0,0,0,0.0
3037,1769714265.2920682,decode,139,830135,0.3534745582286566,829996,139,6487.681287634083,0,1,0,0,0,0.0
3038,1769714265.314115,decode,139,830274,0.35353374494358103,830135,139,6487.681287634083,0,1,0,0,0,0.0
3039,1769714265.3359807,decode,139,830413,0.3535929316585054,830274,139,6487.681287634083,0,1,0,0,0,0.0
3040,1769714265.357979,decode,139,830552,0.35365211837342986,830413,139,6487.681287634083,0,1,0,0,0,0.0
3041,1769714265.3799288,decode,139,830691,0.35371130508835424,830552,139,6487.681287634083,0,1,0,0,0,0.0
3042,1769714265.401839,decode,139,830830,0.3537704918032787,830691,139,6487.681287634083,0,1,0,0,0,0.0
3043,1769714265.4237156,decode,139,830969,0.35382967851820313,830830,139,6487.681287634083,0,1,0,0,0,0.0
3044,1769714265.4455297,decode,139,831108,0.3538888652331275,830969,139,6487.681287634083,0,1,0,0,0,0.0
3045,1769714265.467414,decode,139,831247,0.35394805194805196,831108,139,6487.681287634083,0,1,0,0,0,0.0
3046,1769714265.4896836,decode,139,824386,0.35102661273153074,831247,139,6487.681287634083,0,1,0,0,0,0.0
3047,1769714265.51119,decode,139,824524,0.35108537364275066,831386,138,6487.681287634083,0,1,0,0,0,0.0
3048,1769714265.5330596,decode,138,824662,0.35114413455397064,824524,138,6487.681287634083,0,1,0,0,0,0.0
3049,1769714265.5549448,decode,138,824800,0.35120289546519057,824662,138,6487.681287634083,0,1,0,0,0,0.0
3050,1769714265.5769198,decode,138,824938,0.3512616563764105,824800,138,6362.587832759451,0,1,0,0,0,0.0
3051,1769714265.5987155,decode,138,825076,0.3513204172876304,824938,138,6362.587832759451,0,1,0,0,0,0.0
3052,1769714265.6205716,decode,138,825214,0.35137917819885034,825076,138,6362.587832759451,0,1,0,0,0,0.0
3053,1769714265.6423533,decode,138,825352,0.35143793911007026,825214,138,6362.587832759451,0,1,0,0,0,0.0
3054,1769714265.6641245,decode,138,825490,0.3514967000212902,825352,138,6362.587832759451,0,1,0,0,0,0.0
3055,1769714265.68596,decode,138,825628,0.3515554609325101,825490,138,6362.587832759451,0,1,0,0,0,0.0
3056,1769714265.7077155,decode,138,825766,0.35161422184373003,825628,138,6362.587832759451,0,1,0,0,0,0.0
3057,1769714265.7294593,decode,138,825904,0.35167298275494996,825766,138,6362.587832759451,0,1,0,0,0,0.0
3058,1769714265.7513149,decode,138,826042,0.3517317436661699,825904,138,6362.587832759451,0,1,0,0,0,0.0
3059,1769714265.77315,decode,138,826180,0.3517905045773898,826042,138,6362.587832759451,0,1,0,0,0,0.0
3060,1769714265.7949102,decode,138,826318,0.35184926548860973,826180,138,6362.587832759451,0,1,0,0,0,0.0
3061,1769714265.8167958,decode,138,826456,0.35190802639982965,826318,138,6362.587832759451,0,1,0,0,0,0.0
3062,1769714265.8390436,decode,138,819594,0.348986161379604,826456,138,6362.587832759451,0,1,0,0,0,0.0
3063,1769714265.8605652,decode,138,819731,0.34904449648711944,826594,137,6362.587832759451,0,1,0,0,0,0.0
3064,1769714265.8824837,decode,137,819868,0.3491028315946349,819731,137,6362.587832759451,0,1,0,0,0,0.0
3065,1769714265.904275,decode,137,820005,0.3491611667021503,819868,137,6362.587832759451,0,1,0,0,0,0.0
3066,1769714265.926123,decode,137,820142,0.34921950180966577,820005,137,6362.587832759451,0,1,0,0,0,0.0
3067,1769714265.9479637,decode,137,820279,0.3492778369171812,820142,137,6362.587832759451,0,1,0,0,0,0.0
3068,1769714265.9696918,decode,137,820416,0.34933617202469663,820279,137,6362.587832759451,0,1,0,0,0,0.0
3069,1769714265.9914474,decode,137,820553,0.34939450713221204,820416,137,6362.587832759451,0,1,0,0,0,0.0
3070,1769714266.0131934,decode,137,820690,0.3494528422397275,820553,137,6362.587832759451,0,1,0,0,0,0.0
3071,1769714266.0349567,decode,137,820827,0.3495111773472429,820690,137,6362.587832759451,0,1,0,0,0,0.0
3072,1769714266.0567534,decode,137,820964,0.34956951245475837,820827,137,6362.587832759451,0,1,0,0,0,0.0
3073,1769714266.078624,decode,137,821101,0.3496278475622738,820964,137,6362.587832759451,0,1,0,0,0,0.0
3074,1769714266.100964,decode,137,821238,0.34968618266978924,821101,137,6362.587832759451,0,1,0,0,0,0.0
3075,1769714266.122323,decode,137,821375,0.34974451777730464,821238,137,6362.587832759451,0,1,0,0,0,0.0
3076,1769714266.1443472,decode,137,821512,0.3498028528848201,821375,137,6362.587832759451,0,1,0,0,0,0.0
3077,1769714266.1661258,decode,137,821649,0.3498611879923355,821512,137,6362.587832759451,0,1,0,0,0,0.0
3078,1769714266.1879811,decode,137,821786,0.34991952309985097,821649,137,6362.587832759451,0,1,0,0,0,0.0
3079,1769714266.2101536,decode,137,814923,0.3469972322759208,821786,137,6362.587832759451,0,1,0,0,0,0.0
3080,1769714266.2315094,decode,137,815059,0.3470551415797317,821923,136,6362.587832759451,0,1,0,0,0,0.0
3081,1769714266.253282,decode,136,815195,0.34711305088354266,815059,136,6362.587832759451,0,1,0,0,0,0.0
3082,1769714266.2748096,decode,136,815331,0.3471709601873536,815195,136,6362.587832759451,0,1,0,0,0,0.0
3083,1769714266.2964787,decode,136,815467,0.34722886949116455,815331,136,6362.587832759451,0,1,0,0,0,0.0
3084,1769714266.318064,decode,136,815603,0.3472867787949755,815467,136,6362.587832759451,0,1,0,0,0,0.0
3085,1769714266.3397005,decode,136,815739,0.34734468809878644,815603,136,6362.587832759451,0,1,0,0,0,0.0
3086,1769714266.3614686,decode,136,815875,0.3474025974025974,815739,136,6362.587832759451,0,1,0,0,0,0.0
3087,1769714266.3831203,decode,136,816011,0.3474605067064083,815875,136,6362.587832759451,0,1,0,0,0,0.0
3088,1769714266.4050648,decode,136,816147,0.34751841601021927,816011,136,6362.587832759451,0,1,0,0,0,0.0
3089,1769714266.4267936,decode,136,816283,0.3475763253140302,816147,136,6362.587832759451,0,1,0,0,0,0.0
3090,1769714266.4487135,decode,136,816419,0.34763423461784115,816283,136,6289.460066476377,0,1,0,0,0,0.0
3091,1769714266.4704592,decode,136,816555,0.3476921439216521,816419,136,6289.460066476377,0,1,0,0,0,0.0
3092,1769714266.492173,decode,136,816691,0.34775005322546304,816555,136,6289.460066476377,0,1,0,0,0,0.0
3093,1769714266.5139916,decode,136,816827,0.347807962529274,816691,136,6289.460066476377,0,1,0,0,0,0.0
3094,1769714266.5357206,decode,136,816963,0.3478658718330849,816827,136,6289.460066476377,0,1,0,0,0,0.0
3095,1769714266.5578868,decode,136,810099,0.34494315520545027,816963,136,6289.460066476377,0,1,0,0,0,0.0
3096,1769714266.5793874,decode,136,810234,0.34500063870555675,817099,135,6289.460066476377,0,1,0,0,0,0.0
3097,1769714266.6011934,decode,135,810369,0.3450581222056632,810234,135,6289.460066476377,0,1,0,0,0,0.0
3098,1769714266.6231554,decode,135,810504,0.34511560570576966,810369,135,6289.460066476377,0,1,0,0,0,0.0
3099,1769714266.6450443,decode,135,810639,0.3451730892058761,810504,135,6289.460066476377,0,1,0,0,0,0.0
3100,1769714266.6668422,decode,135,810774,0.34523057270598256,810639,135,6289.460066476377,0,1,0,0,0,0.0
3101,1769714266.688842,decode,135,810909,0.345288056206089,810774,135,6289.460066476377,0,1,0,0,0,0.0
3102,1769714266.7107184,decode,135,811044,0.34534553970619547,810909,135,6289.460066476377,0,1,0,0,0,0.0
3103,1769714266.732559,decode,135,811179,0.3454030232063019,811044,135,6289.460066476377,0,1,0,0,0,0.0
3104,1769714266.7543793,decode,135,811314,0.3454605067064083,811179,135,6289.460066476377,0,1,0,0,0,0.0
3105,1769714266.77625,decode,135,811449,0.3455179902065148,811314,135,6289.460066476377,0,1,0,0,0,0.0
3106,1769714266.7979832,decode,135,811584,0.34557547370662123,811449,135,6289.460066476377,0,1,0,0,0,0.0
3107,1769714266.8197858,decode,135,811719,0.3456329572067277,811584,135,6289.460066476377,0,1,0,0,0,0.0
3108,1769714266.8424594,decode,135,811854,0.34569044070683413,811719,135,6289.460066476377,0,1,0,0,0,0.0
3109,1769714266.8637435,decode,135,811989,0.3457479242069406,811854,135,6289.460066476377,0,1,0,0,0,0.0
3110,1769714266.8855834,decode,135,812124,0.34580540770704704,811989,135,6289.460066476377,0,1,0,0,0,0.0
3111,1769714266.9074402,decode,135,812259,0.3458628912071535,812124,135,6289.460066476377,0,1,0,0,0,0.0
3112,1769714266.9309409,decode,135,805394,0.34293974877581435,812259,135,6289.460066476377,0,1,0,0,0,0.0
3113,1769714266.9512281,decode,135,805528,0.3429968064722163,812394,134,6289.460066476377,0,1,0,0,0,0.0
3114,1769714266.973134,decode,134,805662,0.34305386416861827,805528,134,6289.460066476377,0,1,0,0,0,0.0
3115,1769714266.9949026,decode,134,805796,0.34311092186502024,805662,134,6289.460066476377,0,1,0,0,0,0.0
3116,1769714267.0166578,decode,134,805930,0.3431679795614222,805796,134,6289.460066476377,0,1,0,0,0,0.0
3117,1769714267.0384076,decode,134,806064,0.34322503725782416,805930,134,6289.460066476377,0,1,0,0,0,0.0
3118,1769714267.0601451,decode,134,806198,0.3432820949542261,806064,134,6289.460066476377,0,1,0,0,0,0.0
3119,1769714267.0820353,decode,134,806332,0.3433391526506281,806198,134,6289.460066476377,0,1,0,0,0,0.0
3120,1769714267.1038754,decode,134,806466,0.34339621034703,806332,134,6289.460066476377,0,1,0,0,0,0.0
3121,1769714267.1257424,decode,134,806600,0.34345326804343196,806466,134,6289.460066476377,0,1,0,0,0,0.0
3122,1769714267.1475987,decode,134,806734,0.3435103257398339,806600,134,6289.460066476377,0,1,0,0,0,0.0
3123,1769714267.1694615,decode,134,806868,0.3435673834362359,806734,134,6289.460066476377,0,1,0,0,0,0.0
3124,1769714267.1913376,decode,134,807002,0.34362444113263785,806868,134,6289.460066476377,0,1,0,0,0,0.0
3125,1769714267.2131836,decode,134,807136,0.3436814988290398,807002,134,6289.460066476377,0,1,0,0,0,0.0
3126,1769714267.235638,decode,134,800270,0.34075793059399617,807136,134,6289.460066476377,0,1,0,0,0,0.0
3127,1769714267.2569768,decode,134,800403,0.3408145624866936,807270,133,6289.460066476377,0,1,0,0,0,0.0
3128,1769714267.2787073,decode,133,800536,0.3408711943793911,800403,133,6289.460066476377,0,1,0,0,0,0.0
3129,1769714267.3003602,decode,133,800669,0.34092782627208856,800536,133,6289.460066476377,0,1,0,0,0,0.0
3130,1769714267.3222263,decode,133,800802,0.340984458164786,800669,133,6166.150378728326,0,1,0,0,0,0.0
3131,1769714267.3438075,decode,133,800935,0.3410410900574835,800802,133,6166.150378728326,0,1,0,0,0,0.0
3132,1769714267.3655264,decode,133,801068,0.34109772195018095,800935,133,6166.150378728326,0,1,0,0,0,0.0
3133,1769714267.3873408,decode,133,801201,0.34115435384287845,801068,133,6166.150378728326,0,1,0,0,0,0.0
3134,1769714267.4091191,decode,133,801334,0.3412109857355759,801201,133,6166.150378728326,0,1,0,0,0,0.0
3135,1769714267.4309754,decode,133,801467,0.34126761762827335,801334,133,6166.150378728326,0,1,0,0,0,0.0
3136,1769714267.4528692,decode,133,801600,0.34132424952097085,801467,133,6166.150378728326,0,1,0,0,0,0.0
3137,1769714267.4746432,decode,133,801733,0.3413808814136683,801600,133,6166.150378728326,0,1,0,0,0,0.0
3138,1769714267.496637,decode,133,801866,0.3414375133063658,801733,133,6166.150378728326,0,1,0,0,0,0.0
3139,1769714267.5184207,decode,133,801999,0.34149414519906324,801866,133,6166.150378728326,0,1,0,0,0,0.0
3140,1769714267.5402777,decode,133,802132,0.3415507770917607,801999,133,6166.150378728326,0,1,0,0,0,0.0
3141,1769714267.5620894,decode,133,802265,0.3416074089844582,802132,133,6166.150378728326,0,1,0,0,0,0.0
3142,1769714267.5838573,decode,133,802398,0.34166404087715563,802265,133,6166.150378728326,0,1,0,0,0,0.0
3143,1769714267.60571,decode,133,802531,0.3417206727698531,802398,133,6166.150378728326,0,1,0,0,0,0.0
3144,1769714267.6276197,decode,133,802664,0.3417773046625506,802531,133,6166.150378728326,0,1,0,0,0,0.0
3145,1769714267.6500204,decode,133,795797,0.3388533106238024,802664,133,6166.150378728326,0,1,0,0,0,0.0
3146,1769714267.6714606,decode,133,795929,0.3389095167127954,802797,132,6166.150378728326,0,1,0,0,0,0.0
3147,1769714267.693313,decode,132,796061,0.3389657228017884,795929,132,6166.150378728326,0,1,0,0,0,0.0
3148,1769714267.7151258,decode,132,796193,0.33902192889078137,796061,132,6166.150378728326,0,1,0,0,0,0.0
3149,1769714267.737011,decode,132,796325,0.33907813497977435,796193,132,6166.150378728326,0,1,0,0,0,0.0
3150,1769714267.7588065,decode,132,796457,0.3391343410687673,796325,132,6166.150378728326,0,1,0,0,0,0.0
3151,1769714267.7807121,decode,132,796589,0.33919054715776026,796457,132,6166.150378728326,0,1,0,0,0,0.0
3152,1769714267.802427,decode,132,796721,0.33924675324675324,796589,132,6166.150378728326,0,1,0,0,0,0.0
3153,1769714267.8241751,decode,132,796853,0.3393029593357462,796721,132,6166.150378728326,0,1,0,0,0,0.0
3154,1769714267.845867,decode,132,796985,0.3393591654247392,796853,132,6166.150378728326,0,1,0,0,0,0.0
3155,1769714267.867651,decode,132,797117,0.3394153715137322,796985,132,6166.150378728326,0,1,0,0,0,0.0
3156,1769714267.8894331,decode,132,797249,0.3394715776027251,797117,132,6166.150378728326,0,1,0,0,0,0.0
3157,1769714267.9112191,decode,132,797381,0.3395277836917181,797249,132,6166.150378728326,0,1,0,0,0,0.0
3158,1769714267.9331656,decode,132,797513,0.3395839897807111,797381,132,6166.150378728326,0,1,0,0,0,0.0
3159,1769714267.955073,decode,132,797645,0.33964019586970406,797513,132,6166.150378728326,0,1,0,0,0,0.0
3160,1769714267.9768844,decode,132,797777,0.33969640195869705,797645,132,6166.150378728326,0,1,0,0,0,0.0
3161,1769714267.998731,decode,132,797909,0.33975260804769003,797777,132,6166.150378728326,0,1,0,0,0,0.0
3162,1769714268.0209472,decode,132,791041,0.3368281882052374,797909,132,6166.150378728326,0,1,0,0,0,0.0
3163,1769714268.0424483,decode,132,791172,0.3368839684905259,798041,131,6166.150378728326,0,1,0,0,0,0.0
3164,1769714268.064179,decode,131,791303,0.33693974877581434,791172,131,6166.150378728326,0,1,0,0,0,0.0
3165,1769714268.085838,decode,131,791434,0.3369955290611028,791303,131,6166.150378728326,0,1,0,0,0,0.0
3166,1769714268.1075358,decode,131,791565,0.3370513093463913,791434,131,6166.150378728326,0,1,0,0,0,0.0
3167,1769714268.1292932,decode,131,791696,0.3371070896316798,791565,131,6166.150378728326,0,1,0,0,0,0.0
3168,1769714268.1511078,decode,131,791827,0.33716286991696826,791696,131,6166.150378728326,0,1,0,0,0,0.0
3169,1769714268.1729612,decode,131,791958,0.3372186502022568,791827,131,6166.150378728326,0,1,0,0,0,0.0
3170,1769714268.1949937,decode,131,792089,0.33727443048754524,791958,131,6060.371078389015,0,1,0,0,0,0.0
3171,1769714268.2167513,decode,131,792220,0.3373302107728337,792089,131,6060.371078389015,0,1,0,0,0,0.0
3172,1769714268.2387662,decode,131,792351,0.3373859910581222,792220,131,6060.371078389015,0,1,0,0,0,0.0
3173,1769714268.2608128,decode,131,792482,0.3374417713434107,792351,131,6060.371078389015,0,1,0,0,0,0.0
3174,1769714268.2828262,decode,131,792613,0.33749755162869916,792482,131,6060.371078389015,0,1,0,0,0,0.0
3175,1769714268.3048384,decode,131,792744,0.3375533319139877,792613,131,6060.371078389015,0,1,0,0,0,0.0
3176,1769714268.3268023,decode,131,792875,0.33760911219927614,792744,131,6060.371078389015,0,1,0,0,0,0.0
3177,1769714268.348699,decode,131,793006,0.3376648924845646,792875,131,6060.371078389015,0,1,0,0,0,0.0
3178,1769714268.370997,decode,131,786137,0.33474004683840747,793006,131,6060.371078389015,0,1,0,0,0,0.0
3179,1769714268.3926425,decode,131,786267,0.33479540131999147,793137,130,6060.371078389015,0,1,0,0,0,0.0
3180,1769714268.4144435,decode,130,786397,0.3348507558015755,786267,130,6060.371078389015,0,1,0,0,0,0.0
3181,1769714268.436378,decode,130,786527,0.3349061102831595,786397,130,6060.371078389015,0,1,0,0,0,0.0
3182,1769714268.4582279,decode,130,786657,0.3349614647647435,786527,130,6060.371078389015,0,1,0,0,0,0.0
3183,1769714268.480133,decode,130,786787,0.3350168192463274,786657,130,6060.371078389015,0,1,0,0,0,0.0
3184,1769714268.501935,decode,130,786917,0.3350721737279114,786787,130,6060.371078389015,0,1,0,0,0,0.0
3185,1769714268.5238268,decode,130,787047,0.33512752820949543,786917,130,6060.371078389015,0,1,0,0,0,0.0
3186,1769714268.5457716,decode,130,787177,0.33518288269107943,787047,130,6060.371078389015,0,1,0,0,0,0.0
3187,1769714268.5675578,decode,130,787307,0.3352382371726634,787177,130,6060.371078389015,0,1,0,0,0,0.0
3188,1769714268.5894763,decode,130,787437,0.3352935916542474,787307,130,6060.371078389015,0,1,0,0,0,0.0
3189,1769714268.6112468,decode,130,787567,0.3353489461358314,787437,130,6060.371078389015,0,1,0,0,0,0.0
3190,1769714268.6331615,decode,130,787697,0.3354043006174154,787567,130,6060.371078389015,0,1,0,0,0,0.0
3191,1769714268.655097,decode,130,787827,0.3354596550989994,787697,130,6060.371078389015,0,1,0,0,0,0.0
3192,1769714268.6769674,decode,130,787957,0.33551500958058333,787827,130,6060.371078389015,0,1,0,0,0,0.0
3193,1769714268.698903,decode,130,788087,0.33557036406216734,787957,130,6060.371078389015,0,1,0,0,0,0.0
3194,1769714268.7207794,decode,130,788217,0.33562571854375134,788087,130,6060.371078389015,0,1,0,0,0,0.0
3195,1769714268.743119,decode,130,781347,0.33270044709388974,788217,130,6060.371078389015,0,1,0,0,0,0.0
3196,1769714268.7648625,decode,130,781476,0.3327553757717692,788347,129,6060.371078389015,0,1,0,0,0,0.0
3197,1769714268.7867942,decode,129,781605,0.3328103044496487,781476,129,6060.371078389015,0,1,0,0,0,0.0
3198,1769714268.8087294,decode,129,781734,0.3328652331275282,781605,129,6060.371078389015,0,1,0,0,0,0.0
3199,1769714268.8306086,decode,129,781863,0.33292016180540773,781734,129,6060.371078389015,0,1,0,0,0,0.0
3200,1769714268.8523865,decode,129,781992,0.3329750904832872,781863,129,6060.371078389015,0,1,0,0,0,0.0
3201,1769714268.874283,decode,129,782121,0.3330300191611667,781992,129,6060.371078389015,0,1,0,0,0,0.0
3202,1769714268.8960998,decode,129,782250,0.3330849478390462,782121,129,6060.371078389015,0,1,0,0,0,0.0
3203,1769714268.9179163,decode,129,782379,0.33313987651692567,782250,129,6060.371078389015,0,1,0,0,0,0.0
3204,1769714268.939732,decode,129,782508,0.3331948051948052,782379,129,6060.371078389015,0,1,0,0,0,0.0
3205,1769714268.961638,decode,129,782637,0.3332497338726847,782508,129,6060.371078389015,0,1,0,0,0,0.0
3206,1769714268.9834578,decode,129,782766,0.3333046625505642,782637,129,6060.371078389015,0,1,0,0,0,0.0
3207,1769714269.0053635,decode,129,782895,0.33335959122844366,782766,129,6060.371078389015,0,1,0,0,0,0.0
3208,1769714269.0273974,decode,129,783024,0.3334145199063232,782895,129,6060.371078389015,0,1,0,0,0,0.0
3209,1769714269.0493624,decode,129,783153,0.3334694485842027,783024,129,6060.371078389015,0,1,0,0,0,0.0
3210,1769714269.0717604,decode,129,776282,0.33054375133063657,783153,129,5924.617147245496,0,1,0,0,0,0.0
3211,1769714269.0931249,decode,129,776410,0.3305982542048116,783282,128,5924.617147245496,0,1,0,0,0,0.0
3212,1769714269.1131365,decode,128,776538,0.3306527570789866,776410,128,5924.617147245496,0,1,0,0,0,0.0
3213,1769714269.1331105,decode,128,776666,0.3307072599531616,776538,128,5924.617147245496,0,1,0,0,0,0.0
3214,1769714269.153138,decode,128,776794,0.3307617628273366,776666,128,5924.617147245496,0,1,0,0,0,0.0
3215,1769714269.1731207,decode,128,776922,0.3308162657015116,776794,128,5924.617147245496,0,1,0,0,0,0.0
3216,1769714269.193088,decode,128,777050,0.3308707685756866,776922,128,5924.617147245496,0,1,0,0,0,0.0
3217,1769714269.2131057,decode,128,777178,0.3309252714498616,777050,128,5924.617147245496,0,1,0,0,0,0.0
3218,1769714269.2330875,decode,128,777306,0.33097977432403664,777178,128,5924.617147245496,0,1,0,0,0,0.0
3219,1769714269.2531471,decode,128,777434,0.3310342771982116,777306,128,5924.617147245496,0,1,0,0,0,0.0
3220,1769714269.273129,decode,128,777562,0.3310887800723866,777434,128,5924.617147245496,0,1,0,0,0,0.0
3221,1769714269.2931852,decode,128,777690,0.33114328294656165,777562,128,5924.617147245496,0,1,0,0,0,0.0
3222,1769714269.3131762,decode,128,777818,0.33119778582073667,777690,128,5924.617147245496,0,1,0,0,0,0.0
3223,1769714269.3332102,decode,128,777946,0.33125228869491163,777818,128,5924.617147245496,0,1,0,0,0,0.0
3224,1769714269.353201,decode,128,778074,0.33130679156908666,777946,128,5924.617147245496,0,1,0,0,0,0.0
3225,1769714269.3732088,decode,128,778202,0.3313612944432617,778074,128,5924.617147245496,0,1,0,0,0,0.0
3226,1769714269.3932505,decode,128,778330,0.33141579731743664,778202,128,5924.617147245496,0,1,0,0,0,0.0
3227,1769714269.4136202,decode,128,771458,0.32848967426016606,778330,128,5924.617147245496,0,1,0,0,0,0.0
3228,1769714269.4332805,decode,128,771585,0.32854375133063657,778458,127,5924.617147245496,0,1,0,0,0,0.0
3229,1769714269.4532623,decode,127,771712,0.3285978284011071,771585,127,5924.617147245496,0,1,0,0,0,0.0
3230,1769714269.4731877,decode,127,771839,0.3286519054715776,771712,127,5924.617147245496,0,1,0,0,0,0.0
3231,1769714269.4931881,decode,127,771966,0.32870598254204814,771839,127,5924.617147245496,0,1,0,0,0,0.0
3232,1769714269.5131576,decode,127,772093,0.32876005961251864,771966,127,5924.617147245496,0,1,0,0,0,0.0
3233,1769714269.5332186,decode,127,772220,0.32881413668298914,772093,127,5924.617147245496,0,1,0,0,0,0.0
3234,1769714269.5531254,decode,127,772347,0.32886821375345965,772220,127,5924.617147245496,0,1,0,0,0,0.0
3235,1769714269.5731254,decode,127,772474,0.32892229082393015,772347,127,5924.617147245496,0,1,0,0,0,0.0
3236,1769714269.593149,decode,127,772601,0.32897636789440066,772474,127,5924.617147245496,0,1,0,0,0,0.0
3237,1769714269.6130216,decode,127,772728,0.3290304449648712,772601,127,5924.617147245496,0,1,0,0,0,0.0
3238,1769714269.6330974,decode,127,772855,0.3290845220353417,772728,127,5924.617147245496,0,1,0,0,0,0.0
3239,1769714269.6530168,decode,127,772982,0.3291385991058122,772855,127,5924.617147245496,0,1,0,0,0,0.0
3240,1769714269.6730094,decode,127,773109,0.32919267617628273,772982,127,5924.617147245496,0,1,0,0,0,0.0
3241,1769714269.6930704,decode,127,773236,0.32924675324675323,773109,127,5924.617147245496,0,1,0,0,0,0.0
3242,1769714269.713424,decode,127,766363,0.32632020438577813,773236,127,5924.617147245496,0,1,0,0,0,0.0
3243,1769714269.7330594,decode,127,766489,0.3263738556525442,773363,126,5924.617147245496,0,1,0,0,0,0.0
3244,1769714269.7530189,decode,126,766615,0.3264275069193102,766489,126,5924.617147245496,0,1,0,0,0,0.0
3245,1769714269.7729363,decode,126,766741,0.3264811581860762,766615,126,5924.617147245496,0,1,0,0,0,0.0
3246,1769714269.7929425,decode,126,766867,0.32653480945284225,766741,126,5924.617147245496,0,1,0,0,0,0.0
3247,1769714269.812887,decode,126,766993,0.3265884607196083,766867,126,5924.617147245496,0,1,0,0,0,0.0
3248,1769714269.8327885,decode,126,767119,0.3266421119863743,766993,126,5924.617147245496,0,1,0,0,0,0.0
3249,1769714269.8527792,decode,126,767245,0.3266957632531403,767119,126,5924.617147245496,0,1,0,0,0,0.0
3250,1769714269.872843,decode,126,767371,0.3267494145199063,767245,126,6356.311144721341,0,1,0,0,0,0.0
3251,1769714269.8927293,decode,126,767497,0.32680306578667234,767371,126,6356.311144721341,0,1,0,0,0,0.0
3252,1769714269.9127002,decode,126,767623,0.3268567170534384,767497,126,6356.311144721341,0,1,0,0,0,0.0
3253,1769714269.9326785,decode,126,767749,0.32691036832020437,767623,126,6356.311144721341,0,1,0,0,0,0.0
3254,1769714269.952654,decode,126,767875,0.3269640195869704,767749,126,6356.311144721341,0,1,0,0,0,0.0
3255,1769714269.9726274,decode,126,768001,0.32701767085373645,767875,126,6356.311144721341,0,1,0,0,0,0.0
3256,1769714269.9924917,decode,126,768127,0.32707132212050244,768001,126,6356.311144721341,0,1,0,0,0,0.0
3257,1769714270.0124366,decode,126,768253,0.3271249733872685,768127,126,6356.311144721341,0,1,0,0,0,0.0
3258,1769714270.0328233,decode,126,761379,0.32419799872258886,768253,126,6356.311144721341,0,1,0,0,0,0.0
3259,1769714270.052541,decode,126,761504,0.3242512241856504,768379,125,6356.311144721341,0,1,0,0,0,0.0
3260,1769714270.072537,decode,125,761629,0.32430444964871197,761504,125,6356.311144721341,0,1,0,0,0,0.0
3261,1769714270.0925229,decode,125,761754,0.3243576751117735,761629,125,6356.311144721341,0,1,0,0,0,0.0
3262,1769714270.112568,decode,125,761879,0.324410900574835,761754,125,6356.311144721341,0,1,0,0,0,0.0
3263,1769714270.1325629,decode,125,762004,0.32446412603789654,761879,125,6356.311144721341,0,1,0,0,0,0.0
3264,1769714270.1530752,decode,125,762129,0.32451735150095806,762004,125,6356.311144721341,0,1,0,0,0,0.0
3265,1769714270.1730757,decode,125,762254,0.3245705769640196,762129,125,6356.311144721341,0,1,0,0,0,0.0
3266,1769714270.1931062,decode,125,762379,0.3246238024270811,762254,125,6356.311144721341,0,1,0,0,0,0.0
3267,1769714270.2131748,decode,125,762504,0.32467702789014263,762379,125,6356.311144721341,0,1,0,0,0,0.0
3268,1769714270.2332056,decode,125,762629,0.32473025335320416,762504,125,6356.311144721341,0,1,0,0,0,0.0
3269,1769714270.2533324,decode,125,762754,0.3247834788162657,762629,125,6356.311144721341,0,1,0,0,0,0.0
3270,1769714270.2734025,decode,125,762879,0.3248367042793272,762754,125,6356.311144721341,0,1,0,0,0,0.0
3271,1769714270.2934935,decode,125,763004,0.3248899297423888,762879,125,6356.311144721341,0,1,0,0,0,0.0
3272,1769714270.3135655,decode,125,763129,0.3249431552054503,763004,125,6356.311144721341,0,1,0,0,0,0.0
3273,1769714270.3337011,decode,125,763254,0.32499638066851183,763129,125,6356.311144721341,0,1,0,0,0,0.0
3274,1769714270.3541374,decode,125,756379,0.32206898020012775,763254,125,6356.311144721341,0,1,0,0,0,0.0
3275,1769714270.3739185,decode,125,756503,0.32212177985948476,763379,124,6356.311144721341,0,1,0,0,0,0.0
3276,1769714270.3939874,decode,124,756627,0.3221745795188418,756503,124,6356.311144721341,0,1,0,0,0,0.0
3277,1769714270.414007,decode,124,756751,0.3222273791781988,756627,124,6356.311144721341,0,1,0,0,0,0.0
3278,1769714270.4340446,decode,124,756875,0.3222801788375559,756751,124,6356.311144721341,0,1,0,0,0,0.0
3279,1769714270.4541235,decode,124,756999,0.32233297849691295,756875,124,6356.311144721341,0,1,0,0,0,0.0
3280,1769714270.474094,decode,124,757123,0.32238577815626995,756999,124,6356.311144721341,0,1,0,0,0,0.0
3281,1769714270.494262,decode,124,757247,0.322438577815627,757123,124,6356.311144721341,0,1,0,0,0,0.0
3282,1769714270.5143836,decode,124,757371,0.322491377474984,757247,124,6356.311144721341,0,1,0,0,0,0.0
3283,1769714270.534529,decode,124,757495,0.3225441771343411,757371,124,6356.311144721341,0,1,0,0,0,0.0
3284,1769714270.5546181,decode,124,757619,0.3225969767936981,757495,124,6356.311144721341,0,1,0,0,0,0.0
3285,1769714270.574763,decode,124,757743,0.32264977645305515,757619,124,6356.311144721341,0,1,0,0,0,0.0
3286,1769714270.5949504,decode,124,757867,0.32270257611241215,757743,124,6356.311144721341,0,1,0,0,0,0.0
3287,1769714270.6150029,decode,124,757991,0.3227553757717692,757867,124,6356.311144721341,0,1,0,0,0,0.0
3288,1769714270.6355896,decode,124,751115,0.3198275494996807,757991,124,6356.311144721341,0,1,0,0,0,0.0
3289,1769714270.655297,decode,124,751238,0.3198799233553332,758115,123,6356.311144721341,0,1,0,0,0,0.0
3290,1769714270.6755397,decode,123,751361,0.31993229721098576,751238,123,6220.263718229929,0,1,0,0,0,0.0
3291,1769714270.695557,decode,123,751484,0.3199846710666383,751361,123,6220.263718229929,0,1,0,0,0,0.0
3292,1769714270.7156088,decode,123,751607,0.32003704492229085,751484,123,6220.263718229929,0,1,0,0,0,0.0
3293,1769714270.7357621,decode,123,751730,0.3200894187779434,751607,123,6220.263718229929,0,1,0,0,0,0.0
3294,1769714270.7557933,decode,123,751853,0.32014179263359593,751730,123,6220.263718229929,0,1,0,0,0,0.0
3295,1769714270.7758765,decode,123,751976,0.3201941664892485,751853,123,6220.263718229929,0,1,0,0,0,0.0
3296,1769714270.796007,decode,123,752099,0.320246540344901,751976,123,6220.263718229929,0,1,0,0,0,0.0
3297,1769714270.8160193,decode,123,752222,0.32029891420055356,752099,123,6220.263718229929,0,1,0,0,0,0.0
3298,1769714270.8361082,decode,123,752345,0.3203512880562061,752222,123,6220.263718229929,0,1,0,0,0,0.0
3299,1769714270.856224,decode,123,752468,0.32040366191185865,752345,123,6220.263718229929,0,1,0,0,0,0.0
3300,1769714270.876312,decode,123,752591,0.3204560357675112,752468,123,6220.263718229929,0,1,0,0,0,0.0
3301,1769714270.8964467,decode,123,752714,0.32050840962316374,752591,123,6220.263718229929,0,1,0,0,0,0.0
3302,1769714270.916529,decode,123,752837,0.3205607834788163,752714,123,6220.263718229929,0,1,0,0,0,0.0
3303,1769714270.936629,decode,123,752960,0.3206131573344688,752837,123,6220.263718229929,0,1,0,0,0,0.0
3304,1769714270.9570448,decode,123,746083,0.31768490525867576,752960,123,6220.263718229929,0,1,0,0,0,0.0
3305,1769714270.9768884,decode,123,746205,0.3177368533106238,753083,122,6220.263718229929,0,1,0,0,0,0.0
3306,1769714270.9969397,decode,122,746327,0.31778880136257187,746205,122,6220.263718229929,0,1,0,0,0,0.0
3307,1769714271.0169244,decode,122,746449,0.3178407494145199,746327,122,6220.263718229929,0,1,0,0,0,0.0
3308,1769714271.0370169,decode,122,746571,0.317892697466468,746449,122,6220.263718229929,0,1,0,0,0,0.0
3309,1769714271.0571294,decode,122,746693,0.317944645518416,746571,122,6220.263718229929,0,1,0,0,0,0.0
3310,1769714271.0771165,decode,122,746815,0.3179965935703641,746693,122,6220.263718229929,0,1,0,0,0,0.0
3311,1769714271.0971549,decode,122,746937,0.3180485416223121,746815,122,6220.263718229929,0,1,0,0,0,0.0
3312,1769714271.117187,decode,122,747059,0.3181004896742602,746937,122,6220.263718229929,0,1,0,0,0,0.0
3313,1769714271.137208,decode,122,747181,0.3181524377262082,747059,122,6220.263718229929,0,1,0,0,0,0.0
3314,1769714271.1572957,decode,122,747303,0.3182043857781563,747181,122,6220.263718229929,0,1,0,0,0,0.0
3315,1769714271.1773057,decode,122,747425,0.3182563338301043,747303,122,6220.263718229929,0,1,0,0,0,0.0
3316,1769714271.1973443,decode,122,747547,0.31830828188205235,747425,122,6220.263718229929,0,1,0,0,0,0.0
3317,1769714271.217438,decode,122,747669,0.3183602299340004,747547,122,6220.263718229929,0,1,0,0,0,0.0
3318,1769714271.2374778,decode,122,747791,0.31841217798594845,747669,122,6220.263718229929,0,1,0,0,0,0.0
3319,1769714271.2579486,decode,122,740913,0.31548350010645093,747791,122,6220.263718229929,0,1,0,0,0,0.0
3320,1769714271.2776625,decode,122,741034,0.3155350223546945,747913,121,6220.263718229929,0,1,0,0,0,0.0
3321,1769714271.297713,decode,121,741155,0.31558654460293806,741034,121,6220.263718229929,0,1,0,0,0,0.0
3322,1769714271.3176665,decode,121,741276,0.3156380668511816,741155,121,6220.263718229929,0,1,0,0,0,0.0
3323,1769714271.3376806,decode,121,741397,0.3156895890994252,741276,121,6220.263718229929,0,1,0,0,0,0.0
3324,1769714271.357684,decode,121,741518,0.31574111134766875,741397,121,6220.263718229929,0,1,0,0,0,0.0
3325,1769714271.3776867,decode,121,741639,0.3157926335959123,741518,121,6220.263718229929,0,1,0,0,0,0.0
3326,1769714271.3976963,decode,121,741760,0.31584415584415587,741639,121,6220.263718229929,0,1,0,0,0,0.0
3327,1769714271.417678,decode,121,741881,0.3158956780923994,741760,121,6220.263718229929,0,1,0,0,0,0.0
3328,1769714271.437672,decode,121,742002,0.31594720034064294,741881,121,6220.263718229929,0,1,0,0,0,0.0
3329,1769714271.4576921,decode,121,742123,0.3159987225888865,742002,121,6220.263718229929,0,1,0,0,0,0.0
3330,1769714271.4778318,decode,121,742244,0.31605024483713007,742123,121,6088.846895407852,0,1,0,0,0,0.0
3331,1769714271.4977422,decode,121,742365,0.31610176708537363,742244,121,6088.846895407852,0,1,0,0,0,0.0
3332,1769714271.51768,decode,121,742486,0.3161532893336172,742365,121,6088.846895407852,0,1,0,0,0,0.0
3333,1769714271.5377145,decode,121,742607,0.31620481158186076,742486,121,6088.846895407852,0,1,0,0,0,0.0
3334,1769714271.5576015,decode,121,742728,0.3162563338301043,742607,121,6088.846895407852,0,1,0,0,0,0.0
3335,1769714271.5779169,decode,121,735849,0.3133272301469023,742728,121,6088.846895407852,0,1,0,0,0,0.0
3336,1769714271.5975723,decode,121,735969,0.3133783265914413,742849,120,6088.846895407852,0,1,0,0,0,0.0
3337,1769714271.617335,decode,120,736089,0.3134294230359804,735969,120,6088.846895407852,0,1,0,0,0,0.0
3338,1769714271.6372082,decode,120,736209,0.31348051948051947,736089,120,6088.846895407852,0,1,0,0,0,0.0
3339,1769714271.6569512,decode,120,736329,0.31353161592505857,736209,120,6088.846895407852,0,1,0,0,0,0.0
3340,1769714271.6767929,decode,120,736449,0.3135827123695976,736329,120,6088.846895407852,0,1,0,0,0,0.0
3341,1769714271.6966403,decode,120,736569,0.31363380881413666,736449,120,6088.846895407852,0,1,0,0,0,0.0
3342,1769714271.7164104,decode,120,736689,0.31368490525867576,736569,120,6088.846895407852,0,1,0,0,0,0.0
3343,1769714271.7362223,decode,120,736809,0.3137360017032148,736689,120,6088.846895407852,0,1,0,0,0,0.0
3344,1769714271.755982,decode,120,736929,0.3137870981477539,736809,120,6088.846895407852,0,1,0,0,0,0.0
3345,1769714271.775765,decode,120,737049,0.31383819459229295,736929,120,6088.846895407852,0,1,0,0,0,0.0
3346,1769714271.795635,decode,120,737169,0.313889291036832,737049,120,6088.846895407852,0,1,0,0,0,0.0
3347,1769714271.8153899,decode,120,737289,0.3139403874813711,737169,120,6088.846895407852,0,1,0,0,0,0.0
3348,1769714271.835156,decode,120,737409,0.31399148392591014,737289,120,6088.846895407852,0,1,0,0,0,0.0
3349,1769714271.8550212,decode,120,737529,0.31404258037044924,737409,120,6088.846895407852,0,1,0,0,0,0.0
3350,1769714271.8751323,decode,120,730649,0.3111130508835427,737529,120,6088.846895407852,0,1,0,0,0,0.0
3351,1769714271.894633,decode,120,730768,0.31116372152437727,737649,119,6088.846895407852,0,1,0,0,0,0.0
3352,1769714271.9143548,decode,119,730887,0.31121439216521185,730768,119,6088.846895407852,0,1,0,0,0,0.0
3353,1769714271.9341793,decode,119,731006,0.31126506280604643,730887,119,6088.846895407852,0,1,0,0,0,0.0
3354,1769714271.9536142,decode,119,731125,0.311315733446881,731006,119,6088.846895407852,0,1,0,0,0,0.0
3355,1769714271.973427,decode,119,731244,0.31136640408771554,731125,119,6088.846895407852,0,1,0,0,0,0.0
3356,1769714271.9932153,decode,119,731363,0.3114170747285501,731244,119,6088.846895407852,0,1,0,0,0,0.0
3357,1769714272.0129151,decode,119,731482,0.3114677453693847,731363,119,6088.846895407852,0,1,0,0,0,0.0
3358,1769714272.0327315,decode,119,731601,0.3115184160102193,731482,119,6088.846895407852,0,1,0,0,0,0.0
3359,1769714272.0525017,decode,119,731720,0.3115690866510539,731601,119,6088.846895407852,0,1,0,0,0,0.0
3360,1769714272.0721536,decode,119,731839,0.31161975729188846,731720,119,6088.846895407852,0,1,0,0,0,0.0
3361,1769714272.0919054,decode,119,731958,0.31167042793272304,731839,119,6088.846895407852,0,1,0,0,0,0.0
3362,1769714272.1116328,decode,119,732077,0.31172109857355756,731958,119,6088.846895407852,0,1,0,0,0,0.0
3363,1769714272.1314313,decode,119,732196,0.31177176921439215,732077,119,6088.846895407852,0,1,0,0,0,0.0
3364,1769714272.1515336,decode,119,725315,0.3088418139237811,732196,119,6088.846895407852,0,1,0,0,0,0.0
3365,1769714272.171014,decode,119,725433,0.3088920587609112,732315,118,6088.846895407852,0,1,0,0,0,0.0
3366,1769714272.190746,decode,118,725551,0.3089423035980413,725433,118,6088.846895407852,0,1,0,0,0,0.0
3367,1769714272.2104938,decode,118,725669,0.3089925484351714,725551,118,6088.846895407852,0,1,0,0,0,0.0
3368,1769714272.2301936,decode,118,725787,0.30904279327230144,725669,118,6088.846895407852,0,1,0,0,0,0.0
3369,1769714272.249951,decode,118,725905,0.30909303810943156,725787,118,6088.846895407852,0,1,0,0,0,0.0
3370,1769714272.2697947,decode,118,726023,0.3091432829465616,725905,118,6038.151800162009,0,1,0,0,0,0.0
3371,1769714272.2893348,decode,118,726141,0.3091935277836917,726023,118,6038.151800162009,0,1,0,0,0,0.0
3372,1769714272.3089793,decode,118,726259,0.3092437726208218,726141,118,6038.151800162009,0,1,0,0,0,0.0
3373,1769714272.3286393,decode,118,726377,0.3092940174579519,726259,118,6038.151800162009,0,1,0,0,0,0.0
3374,1769714272.3483188,decode,118,726495,0.30934426229508194,726377,118,6038.151800162009,0,1,0,0,0,0.0
3375,1769714272.3680382,decode,118,726613,0.30939450713221206,726495,118,6038.151800162009,0,1,0,0,0,0.0
3376,1769714272.3877876,decode,118,726731,0.3094447519693421,726613,118,6038.151800162009,0,1,0,0,0,0.0
3377,1769714272.4074602,decode,118,726849,0.3094949968064722,726731,118,6038.151800162009,0,1,0,0,0,0.0
3378,1769714272.4271894,decode,118,726967,0.3095452416436023,726849,118,6038.151800162009,0,1,0,0,0,0.0
3379,1769714272.447347,decode,118,720085,0.30661486054928677,726967,118,6038.151800162009,0,1,0,0,0,0.0
3380,1769714272.4667797,decode,118,720202,0.3066646795827124,727085,117,6038.151800162009,0,1,0,0,0,0.0
3381,1769714272.4865851,decode,117,720319,0.306714498616138,720202,117,6038.151800162009,0,1,0,0,0,0.0
3382,1769714272.5063972,decode,117,720436,0.3067643176495636,720319,117,6038.151800162009,0,1,0,0,0,0.0
3383,1769714272.5261943,decode,117,720553,0.3068141366829891,720436,117,6038.151800162009,0,1,0,0,0,0.0
3384,1769714272.5459676,decode,117,720670,0.3068639557164147,720553,117,6038.151800162009,0,1,0,0,0,0.0
3385,1769714272.56582,decode,117,720787,0.30691377474984033,720670,117,6038.151800162009,0,1,0,0,0,0.0
3386,1769714272.5856884,decode,117,720904,0.30696359378326593,720787,117,6038.151800162009,0,1,0,0,0,0.0
3387,1769714272.605656,decode,117,721021,0.3070134128166915,720904,117,6038.151800162009,0,1,0,0,0,0.0
3388,1769714272.6254978,decode,117,721138,0.3070632318501171,721021,117,6038.151800162009,0,1,0,0,0,0.0
3389,1769714272.6452267,decode,117,721255,0.3071130508835427,721138,117,6038.151800162009,0,1,0,0,0,0.0
3390,1769714272.6650279,decode,117,721372,0.3071628699169683,721255,117,6038.151800162009,0,1,0,0,0,0.0
3391,1769714272.6850312,decode,117,721489,0.3072126889503939,721372,117,6038.151800162009,0,1,0,0,0,0.0
3392,1769714272.7052016,decode,117,714606,0.30428188205237383,721489,117,6038.151800162009,0,1,0,0,0,0.0
3393,1769714272.7247753,decode,117,714722,0.30433127528209497,721606,116,6038.151800162009,0,1,0,0,0,0.0
3394,1769714272.7444892,decode,116,714838,0.30438066851181605,714722,116,6038.151800162009,0,1,0,0,0,0.0
3395,1769714272.7641144,decode,116,714954,0.30443006174153714,714838,116,6038.151800162009,0,1,0,0,0,0.0
3396,1769714272.78385,decode,116,715070,0.3044794549712582,714954,116,6038.151800162009,0,1,0,0,0,0.0
3397,1769714272.8035963,decode,116,715186,0.30452884820097936,715070,116,6038.151800162009,0,1,0,0,0,0.0
3398,1769714272.823315,decode,116,715302,0.30457824143070045,715186,116,6038.151800162009,0,1,0,0,0,0.0
3399,1769714272.843262,decode,116,715418,0.30462763466042153,715302,116,6038.151800162009,0,1,0,0,0,0.0
3400,1769714272.862985,decode,116,715534,0.30467702789014267,715418,116,6038.151800162009,0,1,0,0,0,0.0
3401,1769714272.8827617,decode,116,715650,0.30472642111986376,715534,116,6038.151800162009,0,1,0,0,0,0.0
3402,1769714272.9025016,decode,116,715766,0.30477581434958484,715650,116,6038.151800162009,0,1,0,0,0,0.0
3403,1769714272.9223495,decode,116,715882,0.3048252075793059,715766,116,6038.151800162009,0,1,0,0,0,0.0
3404,1769714272.9420907,decode,116,715998,0.30487460080902706,715882,116,6038.151800162009,0,1,0,0,0,0.0
3405,1769714272.9619753,decode,116,716114,0.30492399403874815,715998,116,6038.151800162009,0,1,0,0,0,0.0
3406,1769714272.9817827,decode,116,716230,0.30497338726846923,716114,116,6038.151800162009,0,1,0,0,0,0.0
3407,1769714273.0015388,decode,116,716346,0.3050227804981903,716230,116,6038.151800162009,0,1,0,0,0,0.0
3408,1769714273.0214102,decode,116,716462,0.30507217372791146,716346,116,6038.151800162009,0,1,0,0,0,0.0
3409,1769714273.0415225,decode,116,709578,0.30214094102618694,716462,116,6038.151800162009,0,1,0,0,0,0.0
3410,1769714273.0611122,decode,116,709693,0.30218990845220356,716578,115,5905.346737947225,0,1,0,0,0,0.0
3411,1769714273.0807397,decode,115,709808,0.3022388758782201,709693,115,5905.346737947225,0,1,0,0,0,0.0
3412,1769714273.1004188,decode,115,709923,0.30228784330423675,709808,115,5905.346737947225,0,1,0,0,0,0.0
3413,1769714273.1200602,decode,115,710038,0.30233681073025337,709923,115,5905.346737947225,0,1,0,0,0,0.0
3414,1769714273.139842,decode,115,710153,0.30238577815626994,710038,115,5905.346737947225,0,1,0,0,0,0.0
3415,1769714273.1595924,decode,115,710268,0.30243474558228656,710153,115,5905.346737947225,0,1,0,0,0,0.0
3416,1769714273.179196,decode,115,710383,0.3024837130083032,710268,115,5905.346737947225,0,1,0,0,0,0.0
3417,1769714273.1987689,decode,115,710498,0.3025326804343198,710383,115,5905.346737947225,0,1,0,0,0,0.0
3418,1769714273.2187693,decode,115,710613,0.30258164786033637,710498,115,5905.346737947225,0,1,0,0,0,0.0
3419,1769714273.2383552,decode,115,710728,0.302630615286353,710613,115,5905.346737947225,0,1,0,0,0,0.0
3420,1769714273.2579908,decode,115,710843,0.3026795827123696,710728,115,5905.346737947225,0,1,0,0,0,0.0
3421,1769714273.2775865,decode,115,710958,0.3027285501383862,710843,115,5905.346737947225,0,1,0,0,0,0.0
3422,1769714273.297141,decode,115,711073,0.3027775175644028,710958,115,5905.346737947225,0,1,0,0,0,0.0
3423,1769714273.3166864,decode,115,711188,0.3028264849904194,711073,115,5905.346737947225,0,1,0,0,0,0.0
3424,1769714273.3366377,decode,115,704303,0.29989482648499044,711188,115,5905.346737947225,0,1,0,0,0,0.0
3425,1769714273.3559365,decode,115,704417,0.29994336810730254,711303,114,5905.346737947225,0,1,0,0,0,0.0
3426,1769714273.3755257,decode,114,704531,0.29999190972961465,704417,114,5905.346737947225,0,1,0,0,0,0.0
3427,1769714273.39495,decode,114,704645,0.30004045135192675,704531,114,5905.346737947225,0,1,0,0,0,0.0
3428,1769714273.4143744,decode,114,704759,0.30008899297423886,704645,114,5905.346737947225,0,1,0,0,0,0.0
3429,1769714273.4339416,decode,114,704873,0.300137534596551,704759,114,5905.346737947225,0,1,0,0,0,0.0
3430,1769714273.4534998,decode,114,704987,0.3001860762188631,704873,114,5905.346737947225,0,1,0,0,0,0.0
3431,1769714273.4731565,decode,114,705101,0.3002346178411752,704987,114,5905.346737947225,0,1,0,0,0,0.0
3432,1769714273.492705,decode,114,705215,0.3002831594634873,705101,114,5905.346737947225,0,1,0,0,0,0.0
3433,1769714273.5124192,decode,114,705329,0.30033170108579943,705215,114,5905.346737947225,0,1,0,0,0,0.0
3434,1769714273.5321012,decode,114,705443,0.30038024270811153,705329,114,5905.346737947225,0,1,0,0,0,0.0
3435,1769714273.5517309,decode,114,705557,0.3004287843304237,705443,114,5905.346737947225,0,1,0,0,0,0.0
3436,1769714273.5714164,decode,114,705671,0.3004773259527358,705557,114,5905.346737947225,0,1,0,0,0,0.0
3437,1769714273.5911992,decode,114,705785,0.3005258675750479,705671,114,5905.346737947225,0,1,0,0,0,0.0
3438,1769714273.611182,decode,114,698899,0.2975937832659144,705785,114,5905.346737947225,0,1,0,0,0,0.0
3439,1769714273.6304889,decode,114,699012,0.29764189908452204,705899,113,5905.346737947225,0,1,0,0,0,0.0
3440,1769714273.6499443,decode,113,699125,0.2976900149031297,699012,113,5905.346737947225,0,1,0,0,0,0.0
3441,1769714273.6694775,decode,113,699238,0.29773813072173727,699125,113,5905.346737947225,0,1,0,0,0,0.0
3442,1769714273.6889782,decode,113,699351,0.2977862465403449,699238,113,5905.346737947225,0,1,0,0,0,0.0
3443,1769714273.7084649,decode,113,699464,0.2978343623589525,699351,113,5905.346737947225,0,1,0,0,0,0.0
3444,1769714273.727866,decode,113,699577,0.29788247817756014,699464,113,5905.346737947225,0,1,0,0,0,0.0
3445,1769714273.747298,decode,113,699690,0.2979305939961678,699577,113,5905.346737947225,0,1,0,0,0,0.0
3446,1769714273.766728,decode,113,699803,0.29797870981477537,699690,113,5905.346737947225,0,1,0,0,0,0.0
3447,1769714273.7860506,decode,113,699916,0.298026825633383,699803,113,5905.346737947225,0,1,0,0,0,0.0
3448,1769714273.8054996,decode,113,700029,0.29807494145199065,699916,113,5905.346737947225,0,1,0,0,0,0.0
3449,1769714273.8250709,decode,113,700142,0.29812305727059824,700029,113,5905.346737947225,0,1,0,0,0,0.0
3450,1769714273.844637,decode,113,700255,0.2981711730892059,700142,113,5825.330897223804,0,1,0,0,0,0.0
3451,1769714273.863976,decode,113,700368,0.2982192889078135,700255,113,5825.330897223804,0,1,0,0,0,0.0
3452,1769714273.8834844,decode,113,700481,0.2982674047264211,700368,113,5825.330897223804,0,1,0,0,0,0.0
3453,1769714273.903336,decode,113,693594,0.29533489461358314,700481,113,5825.330897223804,0,1,0,0,0,0.0
3454,1769714273.922511,decode,113,693706,0.29538258462848627,700594,112,5825.330897223804,0,1,0,0,0,0.0
3455,1769714273.9417164,decode,112,693818,0.2954302746433894,693706,112,5825.330897223804,0,1,0,0,0,0.0
3456,1769714273.9608545,decode,112,693930,0.2954779646582925,693818,112,5825.330897223804,0,1,0,0,0,0.0
3457,1769714273.9799106,decode,112,694042,0.29552565467319564,693930,112,5825.330897223804,0,1,0,0,0,0.0
3458,1769714273.9992151,decode,112,694154,0.29557334468809876,694042,112,5825.330897223804,0,1,0,0,0,0.0
3459,1769714274.0183232,decode,112,694266,0.29562103470300194,694154,112,5825.330897223804,0,1,0,0,0,0.0
3460,1769714274.037406,decode,112,694378,0.29566872471790506,694266,112,5825.330897223804,0,1,0,0,0,0.0
3461,1769714274.056538,decode,112,694490,0.2957164147328082,694378,112,5825.330897223804,0,1,0,0,0,0.0
3462,1769714274.0756524,decode,112,694602,0.2957641047477113,694490,112,5825.330897223804,0,1,0,0,0,0.0
3463,1769714274.0948088,decode,112,694714,0.29581179476261443,694602,112,5825.330897223804,0,1,0,0,0,0.0
3464,1769714274.1140788,decode,112,694826,0.29585948477751756,694714,112,5825.330897223804,0,1,0,0,0,0.0
3465,1769714274.1333451,decode,112,694938,0.2959071747924207,694826,112,5825.330897223804,0,1,0,0,0,0.0
3466,1769714274.1525283,decode,112,695050,0.2959548648073238,694938,112,5825.330897223804,0,1,0,0,0,0.0
3467,1769714274.1721303,decode,112,688162,0.2930219288907813,695050,112,5825.330897223804,0,1,0,0,0,0.0
3468,1769714274.1910124,decode,112,688273,0.29306919310198,695162,111,5825.330897223804,0,1,0,0,0,0.0
3469,1769714274.2102349,decode,111,688384,0.29311645731317865,688273,111,5825.330897223804,0,1,0,0,0,0.0
3470,1769714274.229273,decode,111,688495,0.29316372152437725,688384,111,5825.330897223804,0,1,0,0,0,0.0
3471,1769714274.248385,decode,111,688606,0.2932109857355759,688495,111,5825.330897223804,0,1,0,0,0,0.0
3472,1769714274.2675061,decode,111,688717,0.2932582499467745,688606,111,5825.330897223804,0,1,0,0,0,0.0
3473,1769714274.2865634,decode,111,688828,0.2933055141579732,688717,111,5825.330897223804,0,1,0,0,0,0.0
3474,1769714274.3056767,decode,111,688939,0.2933527783691718,688828,111,5825.330897223804,0,1,0,0,0,0.0
3475,1769714274.324814,decode,111,689050,0.29340004258037045,688939,111,5825.330897223804,0,1,0,0,0,0.0
3476,1769714274.343985,decode,111,689161,0.2934473067915691,689050,111,5825.330897223804,0,1,0,0,0,0.0
3477,1769714274.363048,decode,111,689272,0.2934945710027677,689161,111,5825.330897223804,0,1,0,0,0,0.0
3478,1769714274.3821394,decode,111,689383,0.2935418352139664,689272,111,5825.330897223804,0,1,0,0,0,0.0
3479,1769714274.4012477,decode,111,689494,0.293589099425165,689383,111,5825.330897223804,0,1,0,0,0,0.0
3480,1769714274.420405,decode,111,689605,0.29363636363636364,689494,111,5825.330897223804,0,1,0,0,0,0.0
3481,1769714274.439637,decode,111,689716,0.2936836278475623,689605,111,5825.330897223804,0,1,0,0,0,0.0
3482,1769714274.4591284,decode,111,682827,0.2907502661273153,689716,111,5825.330897223804,0,1,0,0,0,0.0
3483,1769714274.478008,decode,111,682937,0.29079710453480945,689827,110,5825.330897223804,0,1,0,0,0,0.0
3484,1769714274.4970531,decode,110,683047,0.2908439429423036,682937,110,5825.330897223804,0,1,0,0,0,0.0
3485,1769714274.5160406,decode,110,683157,0.29089078134979773,683047,110,5825.330897223804,0,1,0,0,0,0.0
3486,1769714274.5351439,decode,110,683267,0.2909376197572919,683157,110,5825.330897223804,0,1,0,0,0,0.0
3487,1769714274.5540922,decode,110,683377,0.290984458164786,683267,110,5825.330897223804,0,1,0,0,0,0.0
3488,1769714274.5731661,decode,110,683487,0.29103129657228016,683377,110,5825.330897223804,0,1,0,0,0,0.0
3489,1769714274.5921052,decode,110,683597,0.2910781349797743,683487,110,5825.330897223804,0,1,0,0,0,0.0
3490,1769714274.6112506,decode,110,683707,0.29112497338726845,683597,110,5810.916646912573,0,1,0,0,0,0.0
3491,1769714274.6302083,decode,110,683817,0.2911718117947626,683707,110,5810.916646912573,0,1,0,0,0,0.0
3492,1769714274.6492078,decode,110,683927,0.29121865020225673,683817,110,5810.916646912573,0,1,0,0,0,0.0
3493,1769714274.6682665,decode,110,684037,0.2912654886097509,683927,110,5810.916646912573,0,1,0,0,0,0.0
3494,1769714274.6876113,decode,110,677147,0.2883317010857994,684037,110,5810.916646912573,0,1,0,0,0,0.0
3495,1769714274.7062368,decode,110,677256,0.2883781136895891,684147,109,5810.916646912573,0,1,0,0,0,0.0
3496,1769714274.7251594,decode,109,677365,0.2884245262933788,677256,109,5810.916646912573,0,1,0,0,0,0.0
3497,1769714274.744038,decode,109,677474,0.2884709388971684,677365,109,5810.916646912573,0,1,0,0,0,0.0
3498,1769714274.7629876,decode,109,677583,0.2885173515009581,677474,109,5810.916646912573,0,1,0,0,0,0.0
3499,1769714274.782074,decode,109,677692,0.2885637641047477,677583,109,5810.916646912573,0,1,0,0,0,0.0
3500,1769714274.801074,decode,109,677801,0.2886101767085374,677692,109,5810.916646912573,0,1,0,0,0,0.0
3501,1769714274.8201492,decode,109,677910,0.288656589312327,677801,109,5810.916646912573,0,1,0,0,0,0.0
3502,1769714274.8392034,decode,109,678019,0.2887030019161167,677910,109,5810.916646912573,0,1,0,0,0,0.0
3503,1769714274.8582857,decode,109,678128,0.2887494145199063,678019,109,5810.916646912573,0,1,0,0,0,0.0
3504,1769714274.877362,decode,109,678237,0.288795827123696,678128,109,5810.916646912573,0,1,0,0,0,0.0
3505,1769714274.8964915,decode,109,678346,0.28884223972748563,678237,109,5810.916646912573,0,1,0,0,0,0.0
3506,1769714274.9156334,decode,109,678455,0.2888886523312753,678346,109,5810.916646912573,0,1,0,0,0,0.0
3507,1769714274.9346464,decode,109,678564,0.28893506493506493,678455,109,5810.916646912573,0,1,0,0,0,0.0
3508,1769714274.9538114,decode,109,678673,0.2889814775388546,678564,109,5810.916646912573,0,1,0,0,0,0.0
3509,1769714274.973323,decode,109,671782,0.28604726421119864,678673,109,5810.916646912573,0,1,0,0,0,0.0
3510,1769714274.9921174,decode,109,671890,0.2860932510112838,678782,108,5810.916646912573,0,1,0,0,0,0.0
3511,1769714275.0090668,decode,108,671998,0.28613923781136896,671890,108,5810.916646912573,0,1,0,0,0,0.0
3512,1769714275.0260682,decode,108,672106,0.2861852246114541,671998,108,5810.916646912573,0,1,0,0,0,0.0
3513,1769714275.0430384,decode,108,672214,0.2862312114115393,672106,108,5810.916646912573,0,1,0,0,0,0.0
3514,1769714275.0601828,decode,108,672322,0.28627719821162445,672214,108,5810.916646912573,0,1,0,0,0,0.0
3515,1769714275.0768967,decode,108,672430,0.2863231850117096,672322,108,5810.916646912573,0,1,0,0,0,0.0
3516,1769714275.093767,decode,108,672538,0.2863691718117948,672430,108,5810.916646912573,0,1,0,0,0,0.0
3517,1769714275.1106448,decode,108,672646,0.28641515861187994,672538,108,5810.916646912573,0,1,0,0,0,0.0
3518,1769714275.1275623,decode,108,672754,0.2864611454119651,672646,108,5810.916646912573,0,1,0,0,0,0.0
3519,1769714275.1444829,decode,108,672862,0.28650713221205026,672754,108,5810.916646912573,0,1,0,0,0,0.0
3520,1769714275.161485,decode,108,672970,0.2865531190121354,672862,108,5810.916646912573,0,1,0,0,0,0.0
3521,1769714275.1785471,decode,108,673078,0.2865991058122206,672970,108,5810.916646912573,0,1,0,0,0,0.0
3522,1769714275.195602,decode,108,673186,0.28664509261230575,673078,108,5810.916646912573,0,1,0,0,0,0.0
3523,1769714275.2130096,decode,108,666294,0.28371045348094526,673186,108,5810.916646912573,0,1,0,0,0,0.0
3524,1769714275.2296727,decode,108,666401,0.28375601447732596,673294,107,5810.916646912573,0,1,0,0,0,0.0
3525,1769714275.2466645,decode,107,666508,0.2838015754737066,666401,107,5810.916646912573,0,1,0,0,0,0.0
3526,1769714275.2636092,decode,107,666615,0.2838471364700873,666508,107,5810.916646912573,0,1,0,0,0,0.0
3527,1769714275.2805378,decode,107,666722,0.28389269746646795,666615,107,5810.916646912573,0,1,0,0,0,0.0
3528,1769714275.2975023,decode,107,666829,0.28393825846284865,666722,107,5810.916646912573,0,1,0,0,0,0.0
3529,1769714275.3144848,decode,107,666936,0.2839838194592293,666829,107,5810.916646912573,0,1,0,0,0,0.0
3530,1769714275.3315685,decode,107,667043,0.28402938045560994,666936,107,6024.069396304881,0,1,0,0,0,0.0
3531,1769714275.3484063,decode,107,667150,0.28407494145199064,667043,107,6024.069396304881,0,1,0,0,0,0.0
3532,1769714275.3653545,decode,107,667257,0.2841205024483713,667150,107,6024.069396304881,0,1,0,0,0,0.0
3533,1769714275.3824284,decode,107,667364,0.284166063444752,667257,107,6024.069396304881,0,1,0,0,0,0.0
3534,1769714275.3994412,decode,107,667471,0.2842116244411326,667364,107,6024.069396304881,0,1,0,0,0,0.0
3535,1769714275.4165585,decode,107,667578,0.2842571854375133,667471,107,6024.069396304881,0,1,0,0,0,0.0
3536,1769714275.4341257,decode,107,660685,0.28132212050244837,667578,107,6024.069396304881,0,1,0,0,0,0.0
3537,1769714275.4511435,decode,107,660791,0.28136725569512455,667685,106,6024.069396304881,0,1,0,0,0,0.0
3538,1769714275.4686766,decode,106,660897,0.28141239088780073,660791,106,6024.069396304881,0,1,0,0,0,0.0
3539,1769714275.486108,decode,106,661003,0.2814575260804769,660897,106,6024.069396304881,0,1,0,0,0,0.0
3540,1769714275.5037825,decode,106,661109,0.2815026612731531,661003,106,6024.069396304881,0,1,0,0,0,0.0
3541,1769714275.5215693,decode,106,661215,0.2815477964658292,661109,106,6024.069396304881,0,1,0,0,0,0.0
3542,1769714275.5391667,decode,106,661321,0.2815929316585054,661215,106,6024.069396304881,0,1,0,0,0,0.0
3543,1769714275.556899,decode,106,661427,0.2816380668511816,661321,106,6024.069396304881,0,1,0,0,0,0.0
3544,1769714275.574474,decode,106,661533,0.28168320204385777,661427,106,6024.069396304881,0,1,0,0,0,0.0
3545,1769714275.5920086,decode,106,661639,0.28172833723653395,661533,106,6024.069396304881,0,1,0,0,0,0.0
3546,1769714275.609609,decode,106,661745,0.28177347242921014,661639,106,6024.069396304881,0,1,0,0,0,0.0
3547,1769714275.627102,decode,106,661851,0.2818186076218863,661745,106,6024.069396304881,0,1,0,0,0,0.0
3548,1769714275.644655,decode,106,661957,0.2818637428145625,661851,106,6024.069396304881,0,1,0,0,0,0.0
3549,1769714275.662251,decode,106,662063,0.2819088780072387,661957,106,6024.069396304881,0,1,0,0,0,0.0
3550,1769714275.6797738,decode,106,662169,0.28195401319991487,662063,106,6024.069396304881,0,1,0,0,0,0.0
3551,1769714275.6977284,decode,106,655275,0.2790185224611454,662169,106,6024.069396304881,0,1,0,0,0,0.0
3552,1769714275.7149627,decode,106,655380,0.2790632318501171,662275,105,6024.069396304881,0,1,0,0,0,0.0
3553,1769714275.7323916,decode,105,655485,0.2791079412390888,655380,105,6024.069396304881,0,1,0,0,0,0.0
3554,1769714275.7498553,decode,105,655590,0.27915265062806044,655485,105,6024.069396304881,0,1,0,0,0,0.0
3555,1769714275.7674468,decode,105,655695,0.27919736001703216,655590,105,6024.069396304881,0,1,0,0,0,0.0
3556,1769714275.784982,decode,105,655800,0.2792420694060038,655695,105,6024.069396304881,0,1,0,0,0,0.0
3557,1769714275.8025038,decode,105,655905,0.27928677879497554,655800,105,6024.069396304881,0,1,0,0,0,0.0
3558,1769714275.82007,decode,105,656010,0.2793314881839472,655905,105,6024.069396304881,0,1,0,0,0,0.0
3559,1769714275.837538,decode,105,656115,0.27937619757291887,656010,105,6024.069396304881,0,1,0,0,0,0.0
3560,1769714275.8549693,decode,105,656220,0.2794209069618906,656115,105,6024.069396304881,0,1,0,0,0,0.0
3561,1769714275.87242,decode,105,656325,0.27946561635086226,656220,105,6024.069396304881,0,1,0,0,0,0.0
3562,1769714275.8898914,decode,105,656430,0.2795103257398339,656325,105,6024.069396304881,0,1,0,0,0,0.0
3563,1769714275.9073098,decode,105,656535,0.27955503512880564,656430,105,6024.069396304881,0,1,0,0,0,0.0
3564,1769714275.925127,decode,105,649640,0.2766191185863317,656535,105,6024.069396304881,0,1,0,0,0,0.0
3565,1769714275.9422264,decode,105,649744,0.2766634021715989,656640,104,6024.069396304881,0,1,0,0,0,0.0
3566,1769714275.9594147,decode,104,649848,0.2767076857568661,649744,104,6024.069396304881,0,1,0,0,0,0.0
3567,1769714275.9766076,decode,104,649952,0.27675196934213325,649848,104,6024.069396304881,0,1,0,0,0,0.0
3568,1769714275.9937637,decode,104,650056,0.27679625292740045,649952,104,6024.069396304881,0,1,0,0,0,0.0
3569,1769714276.0110602,decode,104,650160,0.27684053651266766,650056,104,6024.069396304881,0,1,0,0,0,0.0
3570,1769714276.0284274,decode,104,650264,0.27688482009793486,650160,104,6061.0778949512605,0,1,0,0,0,0.0
3571,1769714276.045519,decode,104,650368,0.27692910368320206,650264,104,6061.0778949512605,0,1,0,0,0,0.0
3572,1769714276.0627203,decode,104,650472,0.27697338726846926,650368,104,6061.0778949512605,0,1,0,0,0,0.0
3573,1769714276.079927,decode,104,650576,0.2770176708537364,650472,104,6061.0778949512605,0,1,0,0,0,0.0
3574,1769714276.0971088,decode,104,650680,0.2770619544390036,650576,104,6061.0778949512605,0,1,0,0,0,0.0
3575,1769714276.114225,decode,104,650784,0.2771062380242708,650680,104,6061.0778949512605,0,1,0,0,0,0.0
3576,1769714276.131503,decode,104,650888,0.277150521609538,650784,104,6061.0778949512605,0,1,0,0,0,0.0
3577,1769714276.1487815,decode,104,650992,0.2771948051948052,650888,104,6061.0778949512605,0,1,0,0,0,0.0
3578,1769714276.1663842,decode,104,644096,0.27425846284862676,650992,104,6061.0778949512605,0,1,0,0,0,0.0
3579,1769714276.1833835,decode,104,644199,0.2743023206301895,651096,103,6061.0778949512605,0,1,0,0,0,0.0
3580,1769714276.2005928,decode,103,644302,0.2743461784117522,644199,103,6061.0778949512605,0,1,0,0,0,0.0
3581,1769714276.2177527,decode,103,644405,0.27439003619331487,644302,103,6061.0778949512605,0,1,0,0,0,0.0
3582,1769714276.2348301,decode,103,644508,0.2744338939748776,644405,103,6061.0778949512605,0,1,0,0,0,0.0
3583,1769714276.2520018,decode,103,644611,0.2744777517564403,644508,103,6061.0778949512605,0,1,0,0,0,0.0
3584,1769714276.269095,decode,103,644714,0.274521609538003,644611,103,6061.0778949512605,0,1,0,0,0,0.0
3585,1769714276.2863064,decode,103,644817,0.27456546731956566,644714,103,6061.0778949512605,0,1,0,0,0,0.0
3586,1769714276.3035965,decode,103,644920,0.2746093251011284,644817,103,6061.0778949512605,0,1,0,0,0,0.0
3587,1769714276.3207388,decode,103,645023,0.2746531828826911,644920,103,6061.0778949512605,0,1,0,0,0,0.0
3588,1769714276.3379252,decode,103,645126,0.27469704066425377,645023,103,6061.0778949512605,0,1,0,0,0,0.0
3589,1769714276.3549721,decode,103,645229,0.2747408984458165,645126,103,6061.0778949512605,0,1,0,0,0,0.0
3590,1769714276.3720715,decode,103,645332,0.2747847562273792,645229,103,6061.0778949512605,0,1,0,0,0,0.0
3591,1769714276.389234,decode,103,645435,0.2748286140089419,645332,103,6061.0778949512605,0,1,0,0,0,0.0
3592,1769714276.4062977,decode,103,645538,0.27487247179050456,645435,103,6061.0778949512605,0,1,0,0,0,0.0
3593,1769714276.4234686,decode,103,645641,0.2749163295720673,645538,103,6061.0778949512605,0,1,0,0,0,0.0
3594,1769714276.4409094,decode,103,638744,0.2719795614221844,645641,103,6061.0778949512605,0,1,0,0,0,0.0
3595,1769714276.4576929,decode,103,638846,0.2720229934000426,645744,102,6061.0778949512605,0,1,0,0,0,0.0
3596,1769714276.4747846,decode,102,638948,0.27206642537790077,638846,102,6061.0778949512605,0,1,0,0,0,0.0
3597,1769714276.4917796,decode,102,639050,0.272109857355759,638948,102,6061.0778949512605,0,1,0,0,0,0.0
3598,1769714276.5087333,decode,102,639152,0.2721532893336172,639050,102,6061.0778949512605,0,1,0,0,0,0.0
3599,1769714276.52579,decode,102,639254,0.27219672131147543,639152,102,6061.0778949512605,0,1,0,0,0,0.0
3600,1769714276.542764,decode,102,639356,0.2722401532893336,639254,102,6061.0778949512605,0,1,0,0,0,0.0
3601,1769714276.5598533,decode,102,639458,0.2722835852671918,639356,102,6061.0778949512605,0,1,0,0,0,0.0
3602,1769714276.5768428,decode,102,639560,0.27232701724505004,639458,102,6061.0778949512605,0,1,0,0,0,0.0
3603,1769714276.5938702,decode,102,639662,0.27237044922290826,639560,102,6061.0778949512605,0,1,0,0,0,0.0
3604,1769714276.6108649,decode,102,639764,0.27241388120076643,639662,102,6061.0778949512605,0,1,0,0,0,0.0
3605,1769714276.628268,decode,102,632866,0.26947668724717905,639764,102,6061.0778949512605,0,1,0,0,0,0.0
3606,1769714276.6449728,decode,102,632967,0.26951969342133275,639866,101,6061.0778949512605,0,1,0,0,0,0.0
3607,1769714276.6618452,decode,101,633068,0.26956269959548645,632967,101,6061.0778949512605,0,1,0,0,0,0.0
3608,1769714276.678813,decode,101,633169,0.2696057057696402,633068,101,6061.0778949512605,0,1,0,0,0,0.0
3609,1769714276.6957643,decode,101,633270,0.2696487119437939,633169,101,6061.0778949512605,0,1,0,0,0,0.0
3610,1769714276.7128365,decode,101,633371,0.2696917181179476,633270,101,6005.218684148923,0,1,0,0,0,0.0
3611,1769714276.7297337,decode,101,633472,0.2697347242921013,633371,101,6005.218684148923,0,1,0,0,0,0.0
3612,1769714276.7466528,decode,101,633573,0.2697777304662551,633472,101,6005.218684148923,0,1,0,0,0,0.0
3613,1769714276.7636316,decode,101,633674,0.2698207366404088,633573,101,6005.218684148923,0,1,0,0,0,0.0
3614,1769714276.780668,decode,101,633775,0.2698637428145625,633674,101,6005.218684148923,0,1,0,0,0,0.0
3615,1769714276.7976618,decode,101,633876,0.2699067489887162,633775,101,6005.218684148923,0,1,0,0,0,0.0
3616,1769714276.8146837,decode,101,633977,0.2699497551628699,633876,101,6005.218684148923,0,1,0,0,0,0.0
3617,1769714276.8316448,decode,101,634078,0.26999276133702366,633977,101,6005.218684148923,0,1,0,0,0,0.0
3618,1769714276.8485339,decode,101,634179,0.27003576751117736,634078,101,6005.218684148923,0,1,0,0,0,0.0
3619,1769714276.8654706,decode,101,634280,0.27007877368533106,634179,101,6005.218684148923,0,1,0,0,0,0.0
3620,1769714276.8827214,decode,101,627381,0.26714115392803917,634280,101,6005.218684148923,0,1,0,0,0,0.0
3621,1769714276.8993094,decode,101,627481,0.2671837342984884,634381,100,6005.218684148923,0,1,0,0,0,0.0
3622,1769714276.9161298,decode,100,627581,0.2672263146689376,627481,100,6005.218684148923,0,1,0,0,0,0.0
3623,1769714276.9329357,decode,100,627681,0.26726889503938683,627581,100,6005.218684148923,0,1,0,0,0,0.0
3624,1769714276.949777,decode,100,627781,0.2673114754098361,627681,100,6005.218684148923,0,1,0,0,0,0.0
3625,1769714276.9665916,decode,100,627881,0.2673540557802853,627781,100,6005.218684148923,0,1,0,0,0,0.0
3626,1769714276.9834425,decode,100,627981,0.2673966361507345,627881,100,6005.218684148923,0,1,0,0,0,0.0
3627,1769714277.0002484,decode,100,628081,0.26743921652118374,627981,100,6005.218684148923,0,1,0,0,0,0.0
3628,1769714277.0170438,decode,100,628181,0.267481796891633,628081,100,6005.218684148923,0,1,0,0,0,0.0
3629,1769714277.0338893,decode,100,628281,0.26752437726208217,628181,100,6005.218684148923,0,1,0,0,0,0.0
3630,1769714277.0506723,decode,100,628381,0.2675669576325314,628281,100,6005.218684148923,0,1,0,0,0,0.0
3631,1769714277.067549,decode,100,628481,0.26760953800298065,628381,100,6005.218684148923,0,1,0,0,0,0.0
3632,1769714277.0846858,decode,100,621581,0.26467149244198424,628481,100,6005.218684148923,0,1,0,0,0,0.0
3633,1769714277.1012056,decode,100,621680,0.26471364700872896,628581,99,6005.218684148923,0,1,0,0,0,0.0
3634,1769714277.117909,decode,99,621779,0.2647558015754737,621680,99,6005.218684148923,0,1,0,0,0,0.0
3635,1769714277.1345985,decode,99,621878,0.26479795614221846,621779,99,6005.218684148923,0,1,0,0,0,0.0
3636,1769714277.151396,decode,99,621977,0.2648401107089632,621878,99,6005.218684148923,0,1,0,0,0,0.0
3637,1769714277.1680942,decode,99,622076,0.2648822652757079,621977,99,6005.218684148923,0,1,0,0,0,0.0
3638,1769714277.1849215,decode,99,622175,0.26492441984245263,622076,99,6005.218684148923,0,1,0,0,0,0.0
3639,1769714277.2015247,decode,99,622274,0.26496657440919735,622175,99,6005.218684148923,0,1,0,0,0,0.0
3640,1769714277.2182257,decode,99,622373,0.2650087289759421,622274,99,6005.218684148923,0,1,0,0,0,0.0
3641,1769714277.234988,decode,99,622472,0.2650508835426868,622373,99,6005.218684148923,0,1,0,0,0,0.0
3642,1769714277.2516978,decode,99,622571,0.2650930381094316,622472,99,6005.218684148923,0,1,0,0,0,0.0
3643,1769714277.2685118,decode,99,622670,0.2651351926761763,622571,99,6005.218684148923,0,1,0,0,0,0.0
3644,1769714277.2852569,decode,99,622769,0.265177347242921,622670,99,6005.218684148923,0,1,0,0,0,0.0
3645,1769714277.3023481,decode,99,615868,0.26223887587822015,622769,99,6005.218684148923,0,1,0,0,0,0.0
3646,1769714277.3191519,decode,99,615966,0.2622806046412604,622868,98,6005.218684148923,0,1,0,0,0,0.0
3647,1769714277.3356812,decode,98,616064,0.2623223334043006,615966,98,6005.218684148923,0,1,0,0,0,0.0
3648,1769714277.3522637,decode,98,616162,0.2623640621673409,616064,98,6005.218684148923,0,1,0,0,0,0.0
3649,1769714277.3690186,decode,98,616260,0.2624057909303811,616162,98,6005.218684148923,0,1,0,0,0,0.0
3650,1769714277.385731,decode,98,616358,0.26244751969342134,616260,98,5929.606371057272,0,1,0,0,0,0.0
3651,1769714277.402359,decode,98,616456,0.26248924845646154,616358,98,5929.606371057272,0,1,0,0,0,0.0
3652,1769714277.4190226,decode,98,616554,0.2625309772195018,616456,98,5929.606371057272,0,1,0,0,0,0.0
3653,1769714277.4356942,decode,98,616652,0.26257270598254207,616554,98,5929.606371057272,0,1,0,0,0,0.0
3654,1769714277.4523315,decode,98,616750,0.26261443474558227,616652,98,5929.606371057272,0,1,0,0,0,0.0
3655,1769714277.4690573,decode,98,616848,0.26265616350862253,616750,98,5929.606371057272,0,1,0,0,0,0.0
3656,1769714277.48573,decode,98,616946,0.26269789227166274,616848,98,5929.606371057272,0,1,0,0,0,0.0
3657,1769714277.5023463,decode,98,617044,0.262739621034703,616946,98,5929.606371057272,0,1,0,0,0,0.0
3658,1769714277.5191305,decode,98,617142,0.26278134979774326,617044,98,5929.606371057272,0,1,0,0,0,0.0
3659,1769714277.536293,decode,98,610240,0.25984245262933786,617142,98,5929.606371057272,0,1,0,0,0,0.0
3660,1769714277.552758,decode,98,610337,0.2598837555886736,617240,97,5929.606371057272,0,1,0,0,0,0.0
3661,1769714277.5694735,decode,97,610434,0.25992505854800935,610337,97,5929.606371057272,0,1,0,0,0,0.0
3662,1769714277.5860372,decode,97,610531,0.2599663615073451,610434,97,5929.606371057272,0,1,0,0,0,0.0
3663,1769714277.6027193,decode,97,610628,0.2600076644666809,610531,97,5929.606371057272,0,1,0,0,0,0.0
3664,1769714277.6194563,decode,97,610725,0.26004896742601663,610628,97,5929.606371057272,0,1,0,0,0,0.0
3665,1769714277.636187,decode,97,610822,0.2600902703853524,610725,97,5929.606371057272,0,1,0,0,0,0.0
3666,1769714277.6528952,decode,97,610919,0.2601315733446881,610822,97,5929.606371057272,0,1,0,0,0,0.0
3667,1769714277.6696537,decode,97,611016,0.26017287630402386,610919,97,5929.606371057272,0,1,0,0,0,0.0
3668,1769714277.6862926,decode,97,611113,0.2602141792633596,611016,97,5929.606371057272,0,1,0,0,0,0.0
3669,1769714277.7030149,decode,97,611210,0.26025548222269534,611113,97,5929.606371057272,0,1,0,0,0,0.0
3670,1769714277.7197225,decode,97,611307,0.2602967851820311,611210,97,5929.606371057272,0,1,0,0,0,0.0
3671,1769714277.7368162,decode,97,604404,0.25735746220992123,611307,97,5929.606371057272,0,1,0,0,0,0.0
3672,1769714277.7531877,decode,97,604500,0.25739833936555245,611404,96,5929.606371057272,0,1,0,0,0,0.0
3673,1769714277.7696874,decode,96,604596,0.25743921652118373,604500,96,5929.606371057272,0,1,0,0,0,0.0
3674,1769714277.786064,decode,96,604692,0.257480093676815,604596,96,5929.606371057272,0,1,0,0,0,0.0
3675,1769714277.8024793,decode,96,604788,0.25752097083244624,604692,96,5929.606371057272,0,1,0,0,0,0.0
3676,1769714277.8189116,decode,96,604884,0.2575618479880775,604788,96,5929.606371057272,0,1,0,0,0,0.0
3677,1769714277.8352802,decode,96,604980,0.25760272514370874,604884,96,5929.606371057272,0,1,0,0,0,0.0
3678,1769714277.8516319,decode,96,605076,0.25764360229934,604980,96,5929.606371057272,0,1,0,0,0,0.0
3679,1769714277.8680034,decode,96,605172,0.25768447945497125,605076,96,5929.606371057272,0,1,0,0,0,0.0
3680,1769714277.8843033,decode,96,605268,0.25772535661060253,605172,96,5929.606371057272,0,1,0,0,0,0.0
3681,1769714277.900721,decode,96,605364,0.25776623376623375,605268,96,5929.606371057272,0,1,0,0,0,0.0
3682,1769714277.9170413,decode,96,605460,0.25780711092186503,605364,96,5929.606371057272,0,1,0,0,0,0.0
3683,1769714277.933791,decode,96,598556,0.25486736214605066,605460,96,5929.606371057272,0,1,0,0,0,0.0
3684,1769714277.9498172,decode,96,598651,0.2549078134979774,605556,95,5929.606371057272,0,1,0,0,0,0.0
3685,1769714277.9662302,decode,95,598746,0.2549482648499042,598651,95,5929.606371057272,0,1,0,0,0,0.0
3686,1769714277.9826906,decode,95,598841,0.25498871620183094,598746,95,5929.606371057272,0,1,0,0,0,0.0
3687,1769714277.999032,decode,95,598936,0.2550291675537577,598841,95,5929.606371057272,0,1,0,0,0,0.0
3688,1769714278.0154703,decode,95,599031,0.25506961890568447,598936,95,5929.606371057272,0,1,0,0,0,0.0
3689,1769714278.0318515,decode,95,599126,0.25511007025761123,599031,95,5929.606371057272,0,1,0,0,0,0.0
3690,1769714278.0482907,decode,95,599221,0.255150521609538,599126,95,5834.942669399374,0,1,0,0,0,0.0
3691,1769714278.0645912,decode,95,599316,0.25519097296146476,599221,95,5834.942669399374,0,1,0,0,0,0.0
3692,1769714278.0809014,decode,95,599411,0.2552314243133915,599316,95,5834.942669399374,0,1,0,0,0,0.0
3693,1769714278.0972674,decode,95,599506,0.2552718756653183,599411,95,5834.942669399374,0,1,0,0,0,0.0
3694,1769714278.1135173,decode,95,599601,0.25531232701724504,599506,95,5834.942669399374,0,1,0,0,0,0.0
3695,1769714278.1298,decode,95,599696,0.2553527783691718,599601,95,5834.942669399374,0,1,0,0,0,0.0
3696,1769714278.14615,decode,95,599791,0.25539322972109857,599696,95,5834.942669399374,0,1,0,0,0,0.0
3697,1769714278.1627796,decode,95,592886,0.25245305514157973,599791,95,5834.942669399374,0,1,0,0,0,0.0
3698,1769714278.178686,decode,95,592980,0.252493080689802,599886,94,5834.942669399374,0,1,0,0,0,0.0
3699,1769714278.1949384,decode,94,593074,0.2525331062380243,592980,94,5834.942669399374,0,1,0,0,0,0.0
3700,1769714278.2110677,decode,94,593168,0.2525731317862465,593074,94,5834.942669399374,0,1,0,0,0,0.0
3701,1769714278.2273438,decode,94,593262,0.2526131573344688,593168,94,5834.942669399374,0,1,0,0,0,0.0
3702,1769714278.243568,decode,94,593356,0.25265318288269106,593262,94,5834.942669399374,0,1,0,0,0,0.0
3703,1769714278.2597575,decode,94,593450,0.25269320843091336,593356,94,5834.942669399374,0,1,0,0,0,0.0
3704,1769714278.275953,decode,94,593544,0.2527332339791356,593450,94,5834.942669399374,0,1,0,0,0,0.0
3705,1769714278.2922208,decode,94,593638,0.2527732595273579,593544,94,5834.942669399374,0,1,0,0,0,0.0
3706,1769714278.3084154,decode,94,593732,0.25281328507558015,593638,94,5834.942669399374,0,1,0,0,0,0.0
3707,1769714278.3245823,decode,94,593826,0.25285331062380245,593732,94,5834.942669399374,0,1,0,0,0,0.0
3708,1769714278.3408637,decode,94,593920,0.2528933361720247,593826,94,5834.942669399374,0,1,0,0,0,0.0
3709,1769714278.3570468,decode,94,594014,0.25293336172024694,593920,94,5834.942669399374,0,1,0,0,0,0.0
3710,1769714278.3732667,decode,94,594108,0.25297338726846924,594014,94,5834.942669399374,0,1,0,0,0,0.0
3711,1769714278.389841,decode,94,587202,0.2500327868852459,594108,94,5834.942669399374,0,1,0,0,0,0.0
3712,1769714278.4057665,decode,94,587295,0.25007238662976367,594202,93,5834.942669399374,0,1,0,0,0,0.0
3713,1769714278.4219375,decode,93,587388,0.25011198637428145,587295,93,5834.942669399374,0,1,0,0,0,0.0
3714,1769714278.438103,decode,93,587481,0.25015158611879923,587388,93,5834.942669399374,0,1,0,0,0,0.0
3715,1769714278.4542909,decode,93,587574,0.250191185863317,587481,93,5834.942669399374,0,1,0,0,0,0.0
3716,1769714278.4704666,decode,93,587667,0.2502307856078348,587574,93,5834.942669399374,0,1,0,0,0,0.0
3717,1769714278.4865978,decode,93,587760,0.2502703853523526,587667,93,5834.942669399374,0,1,0,0,0,0.0
3718,1769714278.5027282,decode,93,587853,0.25030998509687036,587760,93,5834.942669399374,0,1,0,0,0,0.0
3719,1769714278.51895,decode,93,587946,0.25034958484138814,587853,93,5834.942669399374,0,1,0,0,0,0.0
3720,1769714278.535123,decode,93,588039,0.2503891845859059,587946,93,5834.942669399374,0,1,0,0,0,0.0
3721,1769714278.5514367,decode,93,588132,0.25042878433042365,588039,93,5834.942669399374,0,1,0,0,0,0.0
3722,1769714278.5681336,decode,93,581225,0.24748775814349586,588132,93,5834.942669399374,0,1,0,0,0,0.0
3723,1769714278.5841427,decode,93,581317,0.24752693208430912,588225,92,5834.942669399374,0,1,0,0,0,0.0
3724,1769714278.600171,decode,92,581409,0.2475661060251224,581317,92,5834.942669399374,0,1,0,0,0,0.0
3725,1769714278.616104,decode,92,581501,0.2476052799659357,581409,92,5834.942669399374,0,1,0,0,0,0.0
3726,1769714278.6321554,decode,92,581593,0.247644453906749,581501,92,5834.942669399374,0,1,0,0,0,0.0
3727,1769714278.648131,decode,92,581685,0.24768362784756226,581593,92,5834.942669399374,0,1,0,0,0,0.0
3728,1769714278.6641428,decode,92,581777,0.24772280178837555,581685,92,5834.942669399374,0,1,0,0,0,0.0
3729,1769714278.6801903,decode,92,581869,0.24776197572918884,581777,92,5834.942669399374,0,1,0,0,0,0.0
3730,1769714278.6962225,decode,92,581961,0.24780114967000214,581869,92,5776.856016613621,0,1,0,0,0,0.0
3731,1769714278.7121823,decode,92,582053,0.24784032361081543,581961,92,5776.856016613621,0,1,0,0,0,0.0
3732,1769714278.728227,decode,92,582145,0.2478794975516287,582053,92,5776.856016613621,0,1,0,0,0,0.0
3733,1769714278.7444096,decode,92,582237,0.24791867149244198,582145,92,5776.856016613621,0,1,0,0,0,0.0
3734,1769714278.7604403,decode,92,582329,0.24795784543325528,582237,92,5776.856016613621,0,1,0,0,0,0.0
3735,1769714278.7768567,decode,92,582421,0.24799701937406857,582329,92,5776.856016613621,0,1,0,0,0,0.0
3736,1769714278.7931316,decode,92,575513,0.24505556738343623,582421,92,5776.856016613621,0,1,0,0,0,0.0
3737,1769714278.8087122,decode,92,575604,0.24509431552054503,582513,91,5776.856016613621,0,1,0,0,0,0.0
3738,1769714278.8247826,decode,91,575695,0.24513306365765383,575604,91,5776.856016613621,0,1,0,0,0,0.0
3739,1769714278.8404574,decode,91,575786,0.2451718117947626,575695,91,5776.856016613621,0,1,0,0,0,0.0
3740,1769714278.8562725,decode,91,575877,0.2452105599318714,575786,91,5776.856016613621,0,1,0,0,0,0.0
3741,1769714278.8722057,decode,91,575968,0.2452493080689802,575877,91,5776.856016613621,0,1,0,0,0,0.0
3742,1769714278.8879442,decode,91,576059,0.24528805620608898,575968,91,5776.856016613621,0,1,0,0,0,0.0
3743,1769714278.9038377,decode,91,576150,0.24532680434319779,576059,91,5776.856016613621,0,1,0,0,0,0.0
3744,1769714278.9195633,decode,91,576241,0.2453655524803066,576150,91,5776.856016613621,0,1,0,0,0,0.0
3745,1769714278.935357,decode,91,576332,0.24540430061741536,576241,91,5776.856016613621,0,1,0,0,0,0.0
3746,1769714278.9512482,decode,91,576423,0.24544304875452416,576332,91,5776.856016613621,0,1,0,0,0,0.0
3747,1769714278.9669814,decode,91,576514,0.24548179689163296,576423,91,5776.856016613621,0,1,0,0,0,0.0
3748,1769714278.9831038,decode,91,569605,0.24253991909729614,576514,91,5776.856016613621,0,1,0,0,0,0.0
3749,1769714278.9986417,decode,91,569695,0.24257824143070045,576605,90,5776.856016613621,0,1,0,0,0,0.0
3750,1769714279.014387,decode,90,569785,0.24261656376410476,569695,90,5776.856016613621,0,1,0,0,0,0.0
3751,1769714279.0301647,decode,90,569875,0.24265488609750904,569785,90,5776.856016613621,0,1,0,0,0,0.0
3752,1769714279.045861,decode,90,569965,0.24269320843091335,569875,90,5776.856016613621,0,1,0,0,0,0.0
3753,1769714279.0616572,decode,90,570055,0.24273153076431764,569965,90,5776.856016613621,0,1,0,0,0,0.0
3754,1769714279.077334,decode,90,570145,0.24276985309772195,570055,90,5776.856016613621,0,1,0,0,0,0.0
3755,1769714279.0931249,decode,90,570235,0.24280817543112626,570145,90,5776.856016613621,0,1,0,0,0,0.0
3756,1769714279.1088543,decode,90,570325,0.24284649776453054,570235,90,5776.856016613621,0,1,0,0,0,0.0
3757,1769714279.1245043,decode,90,570415,0.24288482009793486,570325,90,5776.856016613621,0,1,0,0,0,0.0
3758,1769714279.14029,decode,90,570505,0.24292314243133914,570415,90,5776.856016613621,0,1,0,0,0,0.0
3759,1769714279.156079,decode,90,570595,0.24296146476474345,570505,90,5776.856016613621,0,1,0,0,0,0.0
3760,1769714279.1718304,decode,90,570685,0.24299978709814776,570595,90,5776.856016613621,0,1,0,0,0,0.0
3761,1769714279.1878908,decode,90,563775,0.24005748350010644,570685,90,5776.856016613621,0,1,0,0,0,0.0
3762,1769714279.2032948,decode,90,563864,0.24009538002980627,570775,89,5776.856016613621,0,1,0,0,0,0.0
3763,1769714279.2189665,decode,89,563953,0.24013327655950606,563864,89,5776.856016613621,0,1,0,0,0,0.0
3764,1769714279.234552,decode,89,564042,0.24017117308920588,563953,89,5776.856016613621,0,1,0,0,0,0.0
3765,1769714279.2502158,decode,89,564131,0.24020906961890567,564042,89,5776.856016613621,0,1,0,0,0,0.0
3766,1769714279.2658875,decode,89,564220,0.2402469661486055,564131,89,5776.856016613621,0,1,0,0,0,0.0
3767,1769714279.281527,decode,89,564309,0.2402848626783053,564220,89,5776.856016613621,0,1,0,0,0,0.0
3768,1769714279.2972128,decode,89,564398,0.2403227592080051,564309,89,5776.856016613621,0,1,0,0,0,0.0
3769,1769714279.3129163,decode,89,564487,0.24036065573770493,564398,89,5776.856016613621,0,1,0,0,0,0.0
3770,1769714279.3287287,decode,89,564576,0.24039855226740472,564487,89,5720.167255483116,0,1,0,0,0,0.0
3771,1769714279.3446567,decode,89,557665,0.23745582286565894,564576,89,5720.167255483116,0,1,0,0,0,0.0
3772,1769714279.360011,decode,89,557753,0.23749329359165425,564665,88,5720.167255483116,0,1,0,0,0,0.0
3773,1769714279.3756683,decode,88,557841,0.23753076431764955,557753,88,5720.167255483116,0,1,0,0,0,0.0
3774,1769714279.3912392,decode,88,557929,0.23756823504364488,557841,88,5720.167255483116,0,1,0,0,0,0.0
3775,1769714279.406847,decode,88,558017,0.23760570576964019,557929,88,5720.167255483116,0,1,0,0,0,0.0
3776,1769714279.422423,decode,88,558105,0.23764317649563552,558017,88,5720.167255483116,0,1,0,0,0,0.0
3777,1769714279.4379182,decode,88,558193,0.23768064722163082,558105,88,5720.167255483116,0,1,0,0,0,0.0
3778,1769714279.453429,decode,88,558281,0.23771811794762615,558193,88,5720.167255483116,0,1,0,0,0,0.0
3779,1769714279.4689875,decode,88,558369,0.23775558867362145,558281,88,5720.167255483116,0,1,0,0,0,0.0
3780,1769714279.484507,decode,88,558457,0.23779305939961679,558369,88,5720.167255483116,0,1,0,0,0,0.0
3781,1769714279.500098,decode,88,558545,0.2378305301256121,558457,88,5720.167255483116,0,1,0,0,0,0.0
3782,1769714279.5161092,decode,88,558633,0.23786800085160742,558545,88,5720.167255483116,0,1,0,0,0,0.0
3783,1769714279.531331,decode,88,558721,0.23790547157760272,558633,88,5720.167255483116,0,1,0,0,0,0.0
3784,1769714279.5466146,decode,88,558809,0.23794294230359805,558721,88,5720.167255483116,0,1,0,0,0,0.0
3785,1769714279.5632238,decode,88,551897,0.23499978709814776,558809,88,5720.167255483116,0,1,0,0,0,0.0
3786,1769714279.5776558,decode,88,551984,0.23503683202043857,558897,87,5720.167255483116,0,1,0,0,0,0.0
3787,1769714279.5930464,decode,87,552071,0.2350738769427294,551984,87,5720.167255483116,0,1,0,0,0,0.0
3788,1769714279.6085727,decode,87,552158,0.23511092186502022,552071,87,5720.167255483116,0,1,0,0,0,0.0
3789,1769714279.6239214,decode,87,552245,0.23514796678731104,552158,87,5720.167255483116,0,1,0,0,0,0.0
3790,1769714279.6393769,decode,87,552332,0.23518501170960188,552245,87,5720.167255483116,0,1,0,0,0,0.0
3791,1769714279.6548977,decode,87,552419,0.2352220566318927,552332,87,5720.167255483116,0,1,0,0,0,0.0
3792,1769714279.6702745,decode,87,552506,0.23525910155418353,552419,87,5720.167255483116,0,1,0,0,0,0.0
3793,1769714279.6858194,decode,87,552593,0.23529614647647434,552506,87,5720.167255483116,0,1,0,0,0,0.0
3794,1769714279.7012033,decode,87,552680,0.23533319139876516,552593,87,5720.167255483116,0,1,0,0,0,0.0
3795,1769714279.7166796,decode,87,552767,0.235370236321056,552680,87,5720.167255483116,0,1,0,0,0,0.0
3796,1769714279.7321787,decode,87,552854,0.2354072812433468,552767,87,5720.167255483116,0,1,0,0,0,0.0
3797,1769714279.7480474,decode,87,545941,0.23246370023419205,552854,87,5720.167255483116,0,1,0,0,0,0.0
3798,1769714279.7630064,decode,87,546027,0.23250031935277837,552941,86,5720.167255483116,0,1,0,0,0,0.0
3799,1769714279.7784107,decode,86,546113,0.2325369384713647,546027,86,5720.167255483116,0,1,0,0,0,0.0
3800,1769714279.7936926,decode,86,546199,0.23257355758995102,546113,86,5720.167255483116,0,1,0,0,0,0.0
3801,1769714279.809123,decode,86,546285,0.23261017670853737,546199,86,5720.167255483116,0,1,0,0,0,0.0
3802,1769714279.824447,decode,86,546371,0.2326467958271237,546285,86,5720.167255483116,0,1,0,0,0,0.0
3803,1769714279.8397763,decode,86,546457,0.23268341494571002,546371,86,5720.167255483116,0,1,0,0,0,0.0
3804,1769714279.8550835,decode,86,546543,0.23272003406429637,546457,86,5720.167255483116,0,1,0,0,0,0.0
3805,1769714279.870487,decode,86,546629,0.2327566531828827,546543,86,5720.167255483116,0,1,0,0,0,0.0
3806,1769714279.8858225,decode,86,546715,0.232793272301469,546629,86,5720.167255483116,0,1,0,0,0,0.0
3807,1769714279.9011147,decode,86,546801,0.23282989142005536,546715,86,5720.167255483116,0,1,0,0,0,0.0
3808,1769714279.916521,decode,86,546887,0.23286651053864169,546801,86,5720.167255483116,0,1,0,0,0,0.0
3809,1769714279.9318676,decode,86,546973,0.232903129657228,546887,86,5720.167255483116,0,1,0,0,0,0.0
3810,1769714279.9477613,decode,86,540059,0.22995912284436876,546973,86,5631.926009186711,0,1,0,0,0,0.0
3811,1769714279.962595,decode,86,540144,0.2299953161592506,547059,85,5631.926009186711,0,1,0,0,0,0.0
3812,1769714279.9779227,decode,85,540229,0.23003150947413242,540144,85,5631.926009186711,0,1,0,0,0,0.0
3813,1769714279.9932175,decode,85,540314,0.23006770278901426,540229,85,5631.926009186711,0,1,0,0,0,0.0
3814,1769714280.0084536,decode,85,540399,0.23010389610389612,540314,85,5631.926009186711,0,1,0,0,0,0.0
3815,1769714280.023724,decode,85,540484,0.23014008941877795,540399,85,5631.926009186711,0,1,0,0,0,0.0
3816,1769714280.0389683,decode,85,540569,0.23017628273365978,540484,85,5631.926009186711,0,1,0,0,0,0.0
3817,1769714280.054246,decode,85,540654,0.23021247604854161,540569,85,5631.926009186711,0,1,0,0,0,0.0
3818,1769714280.069497,decode,85,540739,0.23024866936342347,540654,85,5631.926009186711,0,1,0,0,0,0.0
3819,1769714280.0847237,decode,85,540824,0.2302848626783053,540739,85,5631.926009186711,0,1,0,0,0,0.0
3820,1769714280.0999122,decode,85,540909,0.23032105599318714,540824,85,5631.926009186711,0,1,0,0,0,0.0
3821,1769714280.1151145,decode,85,540994,0.23035724930806897,540909,85,5631.926009186711,0,1,0,0,0,0.0
3822,1769714280.1303716,decode,85,541079,0.2303934426229508,540994,85,5631.926009186711,0,1,0,0,0,0.0
3823,1769714280.14601,decode,85,534164,0.22744901000638706,541079,85,5631.926009186711,0,1,0,0,0,0.0
3824,1769714280.1609151,decode,85,534248,0.2274847775175644,541164,84,5631.926009186711,0,1,0,0,0,0.0
3825,1769714280.1760893,decode,84,534332,0.22752054502874175,534248,84,5631.926009186711,0,1,0,0,0,0.0
3826,1769714280.1912465,decode,84,534416,0.2275563125399191,534332,84,5631.926009186711,0,1,0,0,0,0.0
3827,1769714280.2063594,decode,84,534500,0.22759208005109643,534416,84,5631.926009186711,0,1,0,0,0,0.0
3828,1769714280.221472,decode,84,534584,0.2276278475622738,534500,84,5631.926009186711,0,1,0,0,0,0.0
3829,1769714280.2366562,decode,84,534668,0.22766361507345115,534584,84,5631.926009186711,0,1,0,0,0,0.0
3830,1769714280.2517753,decode,84,534752,0.2276993825846285,534668,84,5631.926009186711,0,1,0,0,0,0.0
3831,1769714280.2669659,decode,84,534836,0.22773515009580583,534752,84,5631.926009186711,0,1,0,0,0,0.0
3832,1769714280.2820692,decode,84,534920,0.22777091760698318,534836,84,5631.926009186711,0,1,0,0,0,0.0
3833,1769714280.297245,decode,84,535004,0.22780668511816052,534920,84,5631.926009186711,0,1,0,0,0,0.0
3834,1769714280.3127086,decode,84,528088,0.22486182669789226,535004,84,5631.926009186711,0,1,0,0,0,0.0
3835,1769714280.327526,decode,84,528171,0.22489716840536514,535088,83,5631.926009186711,0,1,0,0,0,0.0
3836,1769714280.342654,decode,83,528254,0.224932510112838,528171,83,5631.926009186711,0,1,0,0,0,0.0
3837,1769714280.357664,decode,83,528337,0.22496785182031084,528254,83,5631.926009186711,0,1,0,0,0,0.0
3838,1769714280.372819,decode,83,528420,0.2250031935277837,528337,83,5631.926009186711,0,1,0,0,0,0.0
3839,1769714280.3878355,decode,83,528503,0.22503853523525655,528420,83,5631.926009186711,0,1,0,0,0,0.0
3840,1769714280.4029186,decode,83,528586,0.2250738769427294,528503,83,5631.926009186711,0,1,0,0,0,0.0
3841,1769714280.4180582,decode,83,528669,0.22510921865020225,528586,83,5631.926009186711,0,1,0,0,0,0.0
3842,1769714280.4331167,decode,83,528752,0.2251445603576751,528669,83,5631.926009186711,0,1,0,0,0,0.0
3843,1769714280.4482555,decode,83,528835,0.22517990206514796,528752,83,5631.926009186711,0,1,0,0,0,0.0
3844,1769714280.4632766,decode,83,528918,0.2252152437726208,528835,83,5631.926009186711,0,1,0,0,0,0.0
3845,1769714280.4787214,decode,83,522001,0.22226995954864806,528918,83,5631.926009186711,0,1,0,0,0,0.0
3846,1769714280.4934297,decode,83,522083,0.22230487545241642,529001,82,5631.926009186711,0,1,0,0,0,0.0
3847,1769714280.5083036,decode,82,522165,0.22233979135618478,522083,82,5631.926009186711,0,1,0,0,0,0.0
3848,1769714280.5231867,decode,82,522247,0.22237470725995317,522165,82,5631.926009186711,0,1,0,0,0,0.0
3849,1769714280.5381224,decode,82,522329,0.22240962316372154,522247,82,5631.926009186711,0,1,0,0,0,0.0
3850,1769714280.5532093,decode,82,522411,0.2224445390674899,522329,82,5543.281695106871,0,1,0,0,0,0.0
3851,1769714280.5679688,decode,82,522493,0.22247945497125826,522411,82,5543.281695106871,0,1,0,0,0,0.0
3852,1769714280.5828702,decode,82,522575,0.22251437087502662,522493,82,5543.281695106871,0,1,0,0,0,0.0
3853,1769714280.5977793,decode,82,522657,0.22254928677879499,522575,82,5543.281695106871,0,1,0,0,0,0.0
3854,1769714280.61269,decode,82,522739,0.22258420268256335,522657,82,5543.281695106871,0,1,0,0,0,0.0
3855,1769714280.6277132,decode,82,522821,0.2226191185863317,522739,82,5543.281695106871,0,1,0,0,0,0.0
3856,1769714280.643005,decode,82,515903,0.21967340855865447,522821,82,5543.281695106871,0,1,0,0,0,0.0
3857,1769714280.6575508,decode,82,515984,0.21970789865871834,522903,81,5543.281695106871,0,1,0,0,0,0.0
3858,1769714280.6724231,decode,81,516065,0.21974238875878221,515984,81,5543.281695106871,0,1,0,0,0,0.0
3859,1769714280.6872072,decode,81,516146,0.21977687885884606,516065,81,5543.281695106871,0,1,0,0,0,0.0
3860,1769714280.701994,decode,81,516227,0.21981136895890993,516146,81,5543.281695106871,0,1,0,0,0,0.0
3861,1769714280.7168012,decode,81,516308,0.2198458590589738,516227,81,5543.281695106871,0,1,0,0,0,0.0
3862,1769714280.73164,decode,81,516389,0.21988034915903767,516308,81,5543.281695106871,0,1,0,0,0,0.0
3863,1769714280.7464287,decode,81,516470,0.21991483925910155,516389,81,5543.281695106871,0,1,0,0,0,0.0
3864,1769714280.7612774,decode,81,516551,0.21994932935916542,516470,81,5543.281695106871,0,1,0,0,0,0.0
3865,1769714280.776113,decode,81,516632,0.2199838194592293,516551,81,5543.281695106871,0,1,0,0,0,0.0
3866,1769714280.7909606,decode,81,516713,0.22001830955929316,516632,81,5543.281695106871,0,1,0,0,0,0.0
3867,1769714280.8058207,decode,81,516794,0.22005279965935703,516713,81,5543.281695106871,0,1,0,0,0,0.0
3868,1769714280.8206995,decode,81,516875,0.2200872897594209,516794,81,5543.281695106871,0,1,0,0,0,0.0
3869,1769714280.8359745,decode,81,509956,0.21714115392803918,516875,81,5543.281695106871,0,1,0,0,0,0.0
3870,1769714280.8505242,decode,81,510036,0.21717521822439856,516956,80,5543.281695106871,0,1,0,0,0,0.0
3871,1769714280.8653178,decode,80,510116,0.21720928252075794,510036,80,5543.281695106871,0,1,0,0,0,0.0
3872,1769714280.8800762,decode,80,510196,0.21724334681711732,510116,80,5543.281695106871,0,1,0,0,0,0.0
3873,1769714280.8948464,decode,80,510276,0.21727741111347668,510196,80,5543.281695106871,0,1,0,0,0,0.0
3874,1769714280.90962,decode,80,510356,0.21731147540983606,510276,80,5543.281695106871,0,1,0,0,0,0.0
3875,1769714280.924352,decode,80,510436,0.21734553970619544,510356,80,5543.281695106871,0,1,0,0,0,0.0
3876,1769714280.9391122,decode,80,510516,0.21737960400255482,510436,80,5543.281695106871,0,1,0,0,0,0.0
3877,1769714280.953772,decode,80,510596,0.2174136682989142,510516,80,5543.281695106871,0,1,0,0,0,0.0
3878,1769714280.9684536,decode,80,510676,0.21744773259527359,510596,80,5543.281695106871,0,1,0,0,0,0.0
3879,1769714280.983177,decode,80,510756,0.21748179689163297,510676,80,5543.281695106871,0,1,0,0,0,0.0
3880,1769714280.9978821,decode,80,510836,0.21751586118799235,510756,80,5543.281695106871,0,1,0,0,0,0.0
3881,1769714281.0126612,decode,80,510916,0.2175499254843517,510836,80,5543.281695106871,0,1,0,0,0,0.0
3882,1769714281.027279,decode,80,510996,0.21758398978071108,510916,80,5543.281695106871,0,1,0,0,0,0.0
3883,1769714281.0420399,decode,80,511076,0.21761805407707047,510996,80,5543.281695106871,0,1,0,0,0,0.0
3884,1769714281.0567157,decode,80,511156,0.21765211837342985,511076,80,5543.281695106871,0,1,0,0,0,0.0
3885,1769714281.0714233,decode,80,511236,0.21768618266978923,511156,80,5543.281695106871,0,1,0,0,0,0.0
3886,1769714281.0861814,decode,80,511316,0.2177202469661486,511236,80,5543.281695106871,0,1,0,0,0,0.0
3887,1769714281.1008208,decode,80,511396,0.217754311262508,511316,80,5543.281695106871,0,1,0,0,0,0.0
3888,1769714281.1155665,decode,80,511476,0.21778837555886738,511396,80,5543.281695106871,0,1,0,0,0,0.0
3889,1769714281.13018,decode,80,511556,0.21782243985522673,511476,80,5543.281695106871,0,1,0,0,0,0.0
3890,1769714281.1450365,decode,80,511636,0.2178565041515861,511556,80,5451.7350579179165,0,1,0,0,0,0.0
3891,1769714281.1597676,decode,80,511716,0.2178905684479455,511636,80,5451.7350579179165,0,1,0,0,0,0.0
3892,1769714281.174441,decode,80,511796,0.21792463274430487,511716,80,5451.7350579179165,0,1,0,0,0,0.0
3893,1769714281.1894085,decode,80,511876,0.21795869704066426,511796,80,5451.7350579179165,0,1,0,0,0,0.0
3894,1769714281.2041698,decode,80,511956,0.21799276133702364,511876,80,5451.7350579179165,0,1,0,0,0,0.0
3895,1769714281.218977,decode,80,512036,0.21802682563338302,511956,80,5451.7350579179165,0,1,0,0,0,0.0
3896,1769714281.233918,decode,80,512116,0.2180608899297424,512036,80,5451.7350579179165,0,1,0,0,0,0.0
3897,1769714281.2486537,decode,80,512196,0.21809495422610176,512116,80,5451.7350579179165,0,1,0,0,0,0.0
3898,1769714281.2635436,decode,80,512276,0.21812901852246114,512196,80,5451.7350579179165,0,1,0,0,0,0.0
3899,1769714281.2783194,decode,80,512356,0.21816308281882052,512276,80,5451.7350579179165,0,1,0,0,0,0.0
3900,1769714281.2930586,decode,80,512436,0.2181971471151799,512356,80,5451.7350579179165,0,1,0,0,0,0.0
3901,1769714281.3079202,decode,80,512516,0.21823121141153928,512436,80,5451.7350579179165,0,1,0,0,0,0.0
3902,1769714281.3227026,decode,80,512596,0.21826527570789866,512516,80,5451.7350579179165,0,1,0,0,0,0.0
3903,1769714281.3375118,decode,80,512676,0.21829934000425805,512596,80,5451.7350579179165,0,1,0,0,0,0.0
3904,1769714281.3522565,decode,80,512756,0.21833340430061743,512676,80,5451.7350579179165,0,1,0,0,0,0.0
3905,1769714281.367089,decode,80,512836,0.21836746859697678,512756,80,5451.7350579179165,0,1,0,0,0,0.0
3906,1769714281.3819215,decode,80,512916,0.21840153289333616,512836,80,5451.7350579179165,0,1,0,0,0,0.0
3907,1769714281.396648,decode,80,512996,0.21843559718969555,512916,80,5451.7350579179165,0,1,0,0,0,0.0
3908,1769714281.4114935,decode,80,513076,0.21846966148605493,512996,80,5451.7350579179165,0,1,0,0,0,0.0
3909,1769714281.4262922,decode,80,513156,0.2185037257824143,513076,80,5451.7350579179165,0,1,0,0,0,0.0
3910,1769714281.4410915,decode,80,513236,0.2185377900787737,513156,80,5451.7350579179165,0,1,0,0,0,0.0
3911,1769714281.4558458,decode,80,513316,0.21857185437513307,513236,80,5451.7350579179165,0,1,0,0,0,0.0
3912,1769714281.4706583,decode,80,513396,0.21860591867149246,513316,80,5451.7350579179165,0,1,0,0,0,0.0
3913,1769714281.4854493,decode,80,513476,0.2186399829678518,513396,80,5451.7350579179165,0,1,0,0,0,0.0
3914,1769714281.5002499,decode,80,513556,0.2186740472642112,513476,80,5451.7350579179165,0,1,0,0,0,0.0
3915,1769714281.5150416,decode,80,513636,0.21870811156057057,513556,80,5451.7350579179165,0,1,0,0,0,0.0
3916,1769714281.5298662,decode,80,513716,0.21874217585692995,513636,80,5451.7350579179165,0,1,0,0,0,0.0
3917,1769714281.5446856,decode,80,513796,0.21877624015328934,513716,80,5451.7350579179165,0,1,0,0,0,0.0
3918,1769714281.5594943,decode,80,513876,0.21881030444964872,513796,80,5451.7350579179165,0,1,0,0,0,0.0
3919,1769714281.5743074,decode,80,513956,0.2188443687460081,513876,80,5451.7350579179165,0,1,0,0,0,0.0
3920,1769714281.5891283,decode,80,514036,0.21887843304236748,513956,80,5451.7350579179165,0,1,0,0,0,0.0
3921,1769714281.6039386,decode,80,514116,0.21891249733872684,514036,80,5451.7350579179165,0,1,0,0,0,0.0
3922,1769714281.6188145,decode,80,514196,0.21894656163508622,514116,80,5451.7350579179165,0,1,0,0,0,0.0
3923,1769714281.6336653,decode,80,514276,0.2189806259314456,514196,80,5451.7350579179165,0,1,0,0,0,0.0
3924,1769714281.6485043,decode,80,514356,0.21901469022780498,514276,80,5451.7350579179165,0,1,0,0,0,0.0
3925,1769714281.6633754,decode,80,514436,0.21904875452416436,514356,80,5451.7350579179165,0,1,0,0,0,0.0
3926,1769714281.6782594,decode,80,514516,0.21908281882052374,514436,80,5451.7350579179165,0,1,0,0,0,0.0
3927,1769714281.6930299,decode,80,514596,0.21911688311688313,514516,80,5451.7350579179165,0,1,0,0,0,0.0
3928,1769714281.7078612,decode,80,514676,0.2191509474132425,514596,80,5451.7350579179165,0,1,0,0,0,0.0
3929,1769714281.7226903,decode,80,514756,0.21918501170960186,514676,80,5451.7350579179165,0,1,0,0,0,0.0
3930,1769714281.7376015,decode,80,514836,0.21921907600596124,514756,80,5400.331675541609,0,1,0,0,0,0.0
3931,1769714281.752383,decode,80,514916,0.21925314030232063,514836,80,5400.331675541609,0,1,0,0,0,0.0
3932,1769714281.767119,decode,80,514996,0.21928720459868,514916,80,5400.331675541609,0,1,0,0,0,0.0
3933,1769714281.7820046,decode,80,515076,0.2193212688950394,514996,80,5400.331675541609,0,1,0,0,0,0.0
3934,1769714281.7967305,decode,80,515156,0.21935533319139877,515076,80,5400.331675541609,0,1,0,0,0,0.0
3935,1769714281.811535,decode,80,515236,0.21938939748775815,515156,80,5400.331675541609,0,1,0,0,0,0.0
3936,1769714281.826433,decode,80,515316,0.21942346178411753,515236,80,5400.331675541609,0,1,0,0,0,0.0
3937,1769714281.8411787,decode,80,515396,0.2194575260804769,515316,80,5400.331675541609,0,1,0,0,0,0.0
3938,1769714281.8561277,decode,80,515476,0.21949159037683627,515396,80,5400.331675541609,0,1,0,0,0,0.0
3939,1769714281.8708096,decode,80,515556,0.21952565467319565,515476,80,5400.331675541609,0,1,0,0,0,0.0
3940,1769714281.885622,decode,80,515636,0.21955971896955503,515556,80,5400.331675541609,0,1,0,0,0,0.0
3941,1769714281.9005182,decode,80,515716,0.21959378326591442,515636,80,5400.331675541609,0,1,0,0,0,0.0
3942,1769714281.9152699,decode,80,515796,0.2196278475622738,515716,80,5400.331675541609,0,1,0,0,0,0.0
3943,1769714281.9301653,decode,80,515876,0.21966191185863318,515796,80,5400.331675541609,0,1,0,0,0,0.0
3944,1769714281.9449341,decode,80,515956,0.21969597615499256,515876,80,5400.331675541609,0,1,0,0,0,0.0
3945,1769714281.9597204,decode,80,516036,0.21973004045135192,515956,80,5400.331675541609,0,1,0,0,0,0.0
3946,1769714281.9746516,decode,80,516116,0.2197641047477113,516036,80,5400.331675541609,0,1,0,0,0,0.0
3947,1769714281.9893768,decode,80,516196,0.21979816904407068,516116,80,5400.331675541609,0,1,0,0,0,0.0
3948,1769714282.0042243,decode,80,516276,0.21983223334043006,516196,80,5400.331675541609,0,1,0,0,0,0.0
3949,1769714282.0191453,decode,80,516356,0.21986629763678944,516276,80,5400.331675541609,0,1,0,0,0,0.0
3950,1769714282.0338678,decode,80,516436,0.21990036193314882,516356,80,5400.331675541609,0,1,0,0,0,0.0
3951,1769714282.0488043,decode,80,516516,0.2199344262295082,516436,80,5400.331675541609,0,1,0,0,0,0.0
3952,1769714282.0636513,decode,80,516596,0.2199684905258676,516516,80,5400.331675541609,0,1,0,0,0,0.0
3953,1769714282.0784495,decode,80,516676,0.22000255482222694,516596,80,5400.331675541609,0,1,0,0,0,0.0
3954,1769714282.093228,decode,80,516756,0.22003661911858632,516676,80,5400.331675541609,0,1,0,0,0,0.0
3955,1769714282.1081505,decode,80,516836,0.2200706834149457,516756,80,5400.331675541609,0,1,0,0,0,0.0
3956,1769714282.1229563,decode,80,516916,0.2201047477113051,516836,80,5400.331675541609,0,1,0,0,0,0.0
3957,1769714282.1377323,decode,80,516996,0.22013881200766447,516916,80,5400.331675541609,0,1,0,0,0,0.0
3958,1769714282.152661,decode,80,517076,0.22017287630402385,516996,80,5400.331675541609,0,1,0,0,0,0.0
3959,1769714282.1674926,decode,80,517156,0.22020694060038323,517076,80,5400.331675541609,0,1,0,0,0,0.0
3960,1769714282.1822793,decode,80,517236,0.22024100489674261,517156,80,5400.331675541609,0,1,0,0,0,0.0
3961,1769714282.1970768,decode,80,517316,0.22027506919310197,517236,80,5400.331675541609,0,1,0,0,0,0.0
3962,1769714282.2119565,decode,80,517396,0.22030913348946135,517316,80,5400.331675541609,0,1,0,0,0,0.0
3963,1769714282.2267942,decode,80,517476,0.22034319778582073,517396,80,5400.331675541609,0,1,0,0,0,0.0
3964,1769714282.2416809,decode,80,517556,0.22037726208218011,517476,80,5400.331675541609,0,1,0,0,0,0.0
3965,1769714282.2565284,decode,80,517636,0.2204113263785395,517556,80,5400.331675541609,0,1,0,0,0,0.0
3966,1769714282.2714016,decode,80,517716,0.22044539067489888,517636,80,5400.331675541609,0,1,0,0,0,0.0
3967,1769714282.2862823,decode,80,517796,0.22047945497125826,517716,80,5400.331675541609,0,1,0,0,0,0.0
3968,1769714282.3011284,decode,80,517876,0.22051351926761764,517796,80,5400.331675541609,0,1,0,0,0,0.0
3969,1769714282.315983,decode,80,517956,0.220547583563977,517876,80,5400.331675541609,0,1,0,0,0,0.0
3970,1769714282.3309698,decode,80,518036,0.22058164786033638,517956,80,5392.9314463117435,0,1,0,0,0,0.0
3971,1769714282.3456926,decode,80,518116,0.22061571215669576,518036,80,5392.9314463117435,0,1,0,0,0,0.0
3972,1769714282.3605657,decode,80,518196,0.22064977645305514,518116,80,5392.9314463117435,0,1,0,0,0,0.0
3973,1769714282.375444,decode,80,518276,0.22068384074941452,518196,80,5392.9314463117435,0,1,0,0,0,0.0
3974,1769714282.3903067,decode,80,518356,0.2207179050457739,518276,80,5392.9314463117435,0,1,0,0,0,0.0
3975,1769714282.4051888,decode,80,518436,0.2207519693421333,518356,80,5392.9314463117435,0,1,0,0,0,0.0
3976,1769714282.4200985,decode,80,518516,0.22078603363849267,518436,80,5392.9314463117435,0,1,0,0,0,0.0
3977,1769714282.434931,decode,80,518596,0.22082009793485202,518516,80,5392.9314463117435,0,1,0,0,0,0.0
3978,1769714282.4497561,decode,80,518676,0.2208541622312114,518596,80,5392.9314463117435,0,1,0,0,0,0.0
3979,1769714282.4646704,decode,80,518756,0.22088822652757079,518676,80,5392.9314463117435,0,1,0,0,0,0.0
3980,1769714282.4795213,decode,80,518836,0.22092229082393017,518756,80,5392.9314463117435,0,1,0,0,0,0.0
3981,1769714282.4944792,decode,80,518916,0.22095635512028955,518836,80,5392.9314463117435,0,1,0,0,0,0.0
3982,1769714282.5093248,decode,80,518996,0.22099041941664893,518916,80,5392.9314463117435,0,1,0,0,0,0.0
3983,1769714282.5242417,decode,80,519076,0.2210244837130083,518996,80,5392.9314463117435,0,1,0,0,0,0.0
3984,1769714282.5390856,decode,80,519156,0.2210585480093677,519076,80,5392.9314463117435,0,1,0,0,0,0.0
3985,1769714282.5539737,decode,80,519236,0.22109261230572705,519156,80,5392.9314463117435,0,1,0,0,0,0.0
3986,1769714282.5689008,decode,80,519316,0.22112667660208643,519236,80,5392.9314463117435,0,1,0,0,0,0.0
3987,1769714282.5837834,decode,80,519396,0.2211607408984458,519316,80,5392.9314463117435,0,1,0,0,0,0.0
3988,1769714282.5987532,decode,80,519476,0.2211948051948052,519396,80,5392.9314463117435,0,1,0,0,0,0.0
3989,1769714282.6135635,decode,80,519556,0.22122886949116458,519476,80,5392.9314463117435,0,1,0,0,0,0.0
3990,1769714282.6284854,decode,80,519636,0.22126293378752396,519556,80,5392.9314463117435,0,1,0,0,0,0.0
3991,1769714282.6434004,decode,80,519716,0.22129699808388334,519636,80,5392.9314463117435,0,1,0,0,0,0.0
3992,1769714282.658278,decode,80,519796,0.22133106238024272,519716,80,5392.9314463117435,0,1,0,0,0,0.0
3993,1769714282.6732352,decode,80,519876,0.22136512667660208,519796,80,5392.9314463117435,0,1,0,0,0,0.0
3994,1769714282.6880689,decode,80,519956,0.22139919097296146,519876,80,5392.9314463117435,0,1,0,0,0,0.0
3995,1769714282.7029622,decode,80,520036,0.22143325526932084,519956,80,5392.9314463117435,0,1,0,0,0,0.0
3996,1769714282.717933,decode,80,520116,0.22146731956568022,520036,80,5392.9314463117435,0,1,0,0,0,0.0
3997,1769714282.7327766,decode,80,520196,0.2215013838620396,520116,80,5392.9314463117435,0,1,0,0,0,0.0
3998,1769714282.7476974,decode,80,520276,0.22153544815839898,520196,80,5392.9314463117435,0,1,0,0,0,0.0
3999,1769714282.7626657,decode,80,520356,0.22156951245475837,520276,80,5392.9314463117435,0,1,0,0,0,0.0
4000,1769714282.7774854,decode,80,520436,0.22160357675111775,520356,80,5392.9314463117435,0,1,0,0,0,0.0
4001,1769714282.7924333,decode,80,520516,0.2216376410474771,520436,80,5392.9314463117435,0,1,0,0,0,0.0
4002,1769714282.8073432,decode,80,520596,0.22167170534383648,520516,80,5392.9314463117435,0,1,0,0,0,0.0
4003,1769714282.8222237,decode,80,520676,0.22170576964019587,520596,80,5392.9314463117435,0,1,0,0,0,0.0
4004,1769714282.837094,decode,80,520756,0.22173983393655525,520676,80,5392.9314463117435,0,1,0,0,0,0.0
4005,1769714282.852042,decode,80,520836,0.22177389823291463,520756,80,5392.9314463117435,0,1,0,0,0,0.0
4006,1769714282.8669207,decode,80,520916,0.221807962529274,520836,80,5392.9314463117435,0,1,0,0,0,0.0
4007,1769714282.8817818,decode,80,520996,0.2218420268256334,520916,80,5392.9314463117435,0,1,0,0,0,0.0
4008,1769714282.8967395,decode,80,521076,0.22187609112199277,520996,80,5392.9314463117435,0,1,0,0,0,0.0
4009,1769714282.9116402,decode,80,521156,0.22191015541835213,521076,80,5392.9314463117435,0,1,0,0,0,0.0
4010,1769714282.926665,decode,80,521236,0.2219442197147115,521156,80,5371.892203249105,0,1,0,0,0,0.0
4011,1769714282.9414353,decode,80,521316,0.2219782840110709,521236,80,5371.892203249105,0,1,0,0,0,0.0
4012,1769714282.9563627,decode,80,521396,0.22201234830743027,521316,80,5371.892203249105,0,1,0,0,0,0.0
4013,1769714282.971259,decode,80,521476,0.22204641260378966,521396,80,5371.892203249105,0,1,0,0,0,0.0
4014,1769714282.9861772,decode,80,521556,0.22208047690014904,521476,80,5371.892203249105,0,1,0,0,0,0.0
4015,1769714283.001096,decode,80,521636,0.22211454119650842,521556,80,5371.892203249105,0,1,0,0,0,0.0
4016,1769714283.0159957,decode,80,521716,0.2221486054928678,521636,80,5371.892203249105,0,1,0,0,0,0.0
4017,1769714283.0309339,decode,80,521796,0.22218266978922716,521716,80,5371.892203249105,0,1,0,0,0,0.0
4018,1769714283.0458302,decode,80,521876,0.22221673408558654,521796,80,5371.892203249105,0,1,0,0,0,0.0
4019,1769714283.0607772,decode,80,521956,0.22225079838194592,521876,80,5371.892203249105,0,1,0,0,0,0.0
4020,1769714283.0756738,decode,80,522036,0.2222848626783053,521956,80,5371.892203249105,0,1,0,0,0,0.0
4021,1769714283.0906837,decode,80,522116,0.22231892697466468,522036,80,5371.892203249105,0,1,0,0,0,0.0
4022,1769714283.1056619,decode,80,522196,0.22235299127102406,522116,80,5371.892203249105,0,1,0,0,0,0.0
4023,1769714283.1206138,decode,80,522276,0.22238705556738345,522196,80,5371.892203249105,0,1,0,0,0,0.0
4024,1769714283.1356344,decode,80,522356,0.22242111986374283,522276,80,5371.892203249105,0,1,0,0,0,0.0
4025,1769714283.1506171,decode,80,522436,0.22245518416010218,522356,80,5371.892203249105,0,1,0,0,0,0.0
4026,1769714283.165645,decode,80,522516,0.22248924845646156,522436,80,5371.892203249105,0,1,0,0,0,0.0
4027,1769714283.1805885,decode,80,522596,0.22252331275282095,522516,80,5371.892203249105,0,1,0,0,0,0.0
4028,1769714283.1955712,decode,80,522676,0.22255737704918033,522596,80,5371.892203249105,0,1,0,0,0,0.0
4029,1769714283.210586,decode,80,522756,0.2225914413455397,522676,80,5371.892203249105,0,1,0,0,0,0.0
4030,1769714283.2255538,decode,80,522836,0.2226255056418991,522756,80,5371.892203249105,0,1,0,0,0,0.0
4031,1769714283.2406158,decode,80,522916,0.22265956993825847,522836,80,5371.892203249105,0,1,0,0,0,0.0
4032,1769714283.2555652,decode,80,522996,0.22269363423461785,522916,80,5371.892203249105,0,1,0,0,0,0.0
4033,1769714283.270615,decode,80,523076,0.2227276985309772,522996,80,5371.892203249105,0,1,0,0,0,0.0
4034,1769714283.2855587,decode,80,523156,0.2227617628273366,523076,80,5371.892203249105,0,1,0,0,0,0.0
4035,1769714283.300604,decode,80,523236,0.22279582712369597,523156,80,5371.892203249105,0,1,0,0,0,0.0
4036,1769714283.315673,decode,80,523316,0.22282989142005535,523236,80,5371.892203249105,0,1,0,0,0,0.0
4037,1769714283.330639,decode,80,523396,0.22286395571641474,523316,80,5371.892203249105,0,1,0,0,0,0.0
4038,1769714283.3457255,decode,80,523476,0.22289802001277412,523396,80,5371.892203249105,0,1,0,0,0,0.0
4039,1769714283.360672,decode,80,523556,0.2229320843091335,523476,80,5371.892203249105,0,1,0,0,0,0.0
4040,1769714283.3756988,decode,80,523636,0.22296614860549288,523556,80,5371.892203249105,0,1,0,0,0,0.0
4041,1769714283.3907547,decode,80,523716,0.22300021290185223,523636,80,5371.892203249105,0,1,0,0,0,0.0
4042,1769714283.4057446,decode,80,523796,0.22303427719821162,523716,80,5371.892203249105,0,1,0,0,0,0.0
4043,1769714283.4207845,decode,80,523876,0.223068341494571,523796,80,5371.892203249105,0,1,0,0,0,0.0
4044,1769714283.435779,decode,80,523956,0.22310240579093038,523876,80,5371.892203249105,0,1,0,0,0,0.0
4045,1769714283.4507847,decode,80,524036,0.22313647008728976,523956,80,5371.892203249105,0,1,0,0,0,0.0
4046,1769714283.4658473,decode,80,524116,0.22317053438364914,524036,80,5371.892203249105,0,1,0,0,0,0.0
4047,1769714283.4808018,decode,80,524196,0.22320459868000853,524116,80,5371.892203249105,0,1,0,0,0,0.0
4048,1769714283.4958305,decode,80,524276,0.2232386629763679,524196,80,5371.892203249105,0,1,0,0,0,0.0
4049,1769714283.5108907,decode,80,524356,0.22327272727272726,524276,80,5371.892203249105,0,1,0,0,0,0.0
4050,1769714283.52597,decode,80,524436,0.22330679156908664,524356,80,5339.488802983217,0,1,0,0,0,0.0
4051,1769714283.5409224,decode,80,524516,0.22334085586544603,524436,80,5339.488802983217,0,1,0,0,0,0.0
4052,1769714283.5559201,decode,80,524596,0.2233749201618054,524516,80,5339.488802983217,0,1,0,0,0,0.0
4053,1769714283.5709333,decode,80,524676,0.2234089844581648,524596,80,5339.488802983217,0,1,0,0,0,0.0
4054,1769714283.585907,decode,80,524756,0.22344304875452417,524676,80,5339.488802983217,0,1,0,0,0,0.0
4055,1769714283.6009884,decode,80,524836,0.22347711305088355,524756,80,5339.488802983217,0,1,0,0,0,0.0
4056,1769714283.6159716,decode,80,524916,0.22351117734724293,524836,80,5339.488802983217,0,1,0,0,0,0.0
4057,1769714283.630942,decode,80,524996,0.2235452416436023,524916,80,5339.488802983217,0,1,0,0,0,0.0
4058,1769714283.6459904,decode,80,525076,0.22357930593996167,524996,80,5339.488802983217,0,1,0,0,0,0.0
4059,1769714283.660994,decode,80,525156,0.22361337023632105,525076,80,5339.488802983217,0,1,0,0,0,0.0
4060,1769714283.6760023,decode,80,525236,0.22364743453268043,525156,80,5339.488802983217,0,1,0,0,0,0.0
4061,1769714283.691021,decode,80,525316,0.22368149882903982,525236,80,5339.488802983217,0,1,0,0,0,0.0
4062,1769714283.7060492,decode,80,525396,0.2237155631253992,525316,80,5339.488802983217,0,1,0,0,0,0.0
4063,1769714283.7210486,decode,80,525476,0.22374962742175858,525396,80,5339.488802983217,0,1,0,0,0,0.0
4064,1769714283.7360873,decode,80,525556,0.22378369171811796,525476,80,5339.488802983217,0,1,0,0,0,0.0
4065,1769714283.7510917,decode,80,525636,0.22381775601447731,525556,80,5339.488802983217,0,1,0,0,0,0.0
4066,1769714283.7661178,decode,80,525716,0.2238518203108367,525636,80,5339.488802983217,0,1,0,0,0,0.0
4067,1769714283.7811325,decode,80,525796,0.22388588460719608,525716,80,5339.488802983217,0,1,0,0,0,0.0
4068,1769714283.796187,decode,80,525876,0.22391994890355546,525796,80,5339.488802983217,0,1,0,0,0,0.0
4069,1769714283.8111677,decode,80,525956,0.22395401319991484,525876,80,5339.488802983217,0,1,0,0,0,0.0
4070,1769714283.826179,decode,80,526036,0.22398807749627422,525956,80,5339.488802983217,0,1,0,0,0,0.0
4071,1769714283.8412144,decode,80,526116,0.2240221417926336,526036,80,5339.488802983217,0,1,0,0,0,0.0
4072,1769714283.8562064,decode,80,526196,0.224056206088993,526116,80,5339.488802983217,0,1,0,0,0,0.0
4073,1769714283.8712883,decode,80,526276,0.22409027038535234,526196,80,5339.488802983217,0,1,0,0,0,0.0
4074,1769714283.8862686,decode,80,526356,0.22412433468171172,526276,80,5339.488802983217,0,1,0,0,0,0.0
4075,1769714283.9013011,decode,80,526436,0.2241583989780711,526356,80,5339.488802983217,0,1,0,0,0,0.0
4076,1769714283.9163682,decode,80,526516,0.2241924632744305,526436,80,5339.488802983217,0,1,0,0,0,0.0
4077,1769714283.9313486,decode,80,526596,0.22422652757078987,526516,80,5339.488802983217,0,1,0,0,0,0.0
4078,1769714283.9464035,decode,80,526676,0.22426059186714925,526596,80,5339.488802983217,0,1,0,0,0,0.0
4079,1769714283.9614532,decode,80,526756,0.22429465616350863,526676,80,5339.488802983217,0,1,0,0,0,0.0
4080,1769714283.9764285,decode,80,526836,0.22432872045986801,526756,80,5339.488802983217,0,1,0,0,0,0.0
4081,1769714283.9915442,decode,80,526916,0.22436278475622737,526836,80,5339.488802983217,0,1,0,0,0,0.0
4082,1769714284.0064616,decode,80,526996,0.22439684905258675,526916,80,5339.488802983217,0,1,0,0,0,0.0
4083,1769714284.0215592,decode,80,527076,0.22443091334894613,526996,80,5339.488802983217,0,1,0,0,0,0.0
4084,1769714284.03658,decode,80,527156,0.2244649776453055,527076,80,5339.488802983217,0,1,0,0,0,0.0
4085,1769714284.051596,decode,80,527236,0.2244990419416649,527156,80,5339.488802983217,0,1,0,0,0,0.0
4086,1769714284.0666852,decode,80,527316,0.22453310623802428,527236,80,5339.488802983217,0,1,0,0,0,0.0
4087,1769714284.0816932,decode,80,527396,0.22456717053438366,527316,80,5339.488802983217,0,1,0,0,0,0.0
4088,1769714284.09683,decode,80,527476,0.22460123483074304,527396,80,5339.488802983217,0,1,0,0,0,0.0
4089,1769714284.1117647,decode,80,527556,0.2246352991271024,527476,80,5339.488802983217,0,1,0,0,0,0.0
4090,1769714284.126942,decode,80,527636,0.22466936342346178,527556,80,5324.728579986269,0,1,0,0,0,0.0
4091,1769714284.141874,decode,80,527716,0.22470342771982116,527636,80,5324.728579986269,0,1,0,0,0,0.0
4092,1769714284.1568253,decode,80,527796,0.22473749201618054,527716,80,5324.728579986269,0,1,0,0,0,0.0
4093,1769714284.1719718,decode,80,527876,0.22477155631253992,527796,80,5324.728579986269,0,1,0,0,0,0.0
4094,1769714284.186945,decode,80,527956,0.2248056206088993,527876,80,5324.728579986269,0,1,0,0,0,0.0
4095,1769714284.2019455,decode,80,528036,0.22483968490525869,527956,80,5324.728579986269,0,1,0,0,0,0.0
4096,1769714284.217043,decode,80,528116,0.22487374920161807,528036,80,5324.728579986269,0,1,0,0,0,0.0
4097,1769714284.2319915,decode,80,528196,0.22490781349797742,528116,80,5324.728579986269,0,1,0,0,0,0.0
4098,1769714284.2470217,decode,80,528276,0.2249418777943368,528196,80,5324.728579986269,0,1,0,0,0,0.0
4099,1769714284.2621114,decode,80,528356,0.22497594209069618,528276,80,5324.728579986269,0,1,0,0,0,0.0
4100,1769714284.2770996,decode,80,528436,0.22501000638705557,528356,80,5324.728579986269,0,1,0,0,0,0.0
4101,1769714284.2921863,decode,80,528516,0.22504407068341495,528436,80,5324.728579986269,0,1,0,0,0,0.0
4102,1769714284.3072402,decode,80,528596,0.22507813497977433,528516,80,5324.728579986269,0,1,0,0,0,0.0
4103,1769714284.3222733,decode,80,528676,0.2251121992761337,528596,80,5324.728579986269,0,1,0,0,0,0.0
4104,1769714284.3372736,decode,80,528756,0.2251462635724931,528676,80,5324.728579986269,0,1,0,0,0,0.0
4105,1769714284.3523774,decode,80,528836,0.22518032786885245,528756,80,5324.728579986269,0,1,0,0,0,0.0
4106,1769714284.3673851,decode,80,528916,0.22521439216521183,528836,80,5324.728579986269,0,1,0,0,0,0.0
4107,1769714284.3824093,decode,80,528996,0.2252484564615712,528916,80,5324.728579986269,0,1,0,0,0,0.0
4108,1769714284.3975046,decode,80,529076,0.2252825207579306,528996,80,5324.728579986269,0,1,0,0,0,0.0
4109,1769714284.4125254,decode,80,529156,0.22531658505428998,529076,80,5324.728579986269,0,1,0,0,0,0.0
4110,1769714284.427556,decode,80,529236,0.22535064935064936,529156,80,5324.728579986269,0,1,0,0,0,0.0
4111,1769714284.442581,decode,80,529316,0.22538471364700874,529236,80,5324.728579986269,0,1,0,0,0,0.0
4112,1769714284.4576294,decode,80,529396,0.22541877794336812,529316,80,5324.728579986269,0,1,0,0,0,0.0
4113,1769714284.4731634,decode,80,529476,0.22545284223972747,529396,80,5324.728579986269,0,1,0,0,0,0.0
4114,1769714284.4882374,decode,80,529556,0.22548690653608686,529476,80,5324.728579986269,0,1,0,0,0,0.0
4115,1769714284.503305,decode,80,529636,0.22552097083244624,529556,80,5324.728579986269,0,1,0,0,0,0.0
4116,1769714284.5183716,decode,80,529716,0.22555503512880562,529636,80,5324.728579986269,0,1,0,0,0,0.0
4117,1769714284.5334463,decode,80,529796,0.225589099425165,529716,80,5324.728579986269,0,1,0,0,0,0.0
4118,1769714284.5485253,decode,80,529876,0.22562316372152438,529796,80,5324.728579986269,0,1,0,0,0,0.0
4119,1769714284.563598,decode,80,529956,0.22565722801788377,529876,80,5324.728579986269,0,1,0,0,0,0.0
4120,1769714284.5786667,decode,80,530036,0.22569129231424315,529956,80,5324.728579986269,0,1,0,0,0,0.0
4121,1769714284.5937576,decode,80,530116,0.2257253566106025,530036,80,5324.728579986269,0,1,0,0,0,0.0
4122,1769714284.608821,decode,80,530196,0.22575942090696188,530116,80,5324.728579986269,0,1,0,0,0,0.0
4123,1769714284.6238751,decode,80,530276,0.22579348520332126,530196,80,5324.728579986269,0,1,0,0,0,0.0
4124,1769714284.6389256,decode,80,530356,0.22582754949968065,530276,80,5324.728579986269,0,1,0,0,0,0.0
4125,1769714284.6539965,decode,80,530436,0.22586161379604003,530356,80,5324.728579986269,0,1,0,0,0,0.0
4126,1769714284.6691284,decode,80,530516,0.2258956780923994,530436,80,5324.728579986269,0,1,0,0,0,0.0
4127,1769714284.6841428,decode,80,530596,0.2259297423887588,530516,80,5324.728579986269,0,1,0,0,0,0.0
4128,1769714284.699153,decode,80,530676,0.22596380668511817,530596,80,5324.728579986269,0,1,0,0,0,0.0
4129,1769714284.7142708,decode,80,530756,0.22599787098147753,530676,80,5324.728579986269,0,1,0,0,0,0.0
4130,1769714284.7294042,decode,80,530836,0.2260319352778369,530756,80,5311.501856900155,0,1,0,0,0,0.0
4131,1769714284.7444105,decode,80,530916,0.2260659995741963,530836,80,5311.501856900155,0,1,0,0,0,0.0
4132,1769714284.759422,decode,80,530996,0.22610006387055567,530916,80,5311.501856900155,0,1,0,0,0,0.0
4133,1769714284.7745717,decode,80,531076,0.22613412816691505,530996,80,5311.501856900155,0,1,0,0,0,0.0
4134,1769714284.7895486,decode,80,531156,0.22616819246327444,531076,80,5311.501856900155,0,1,0,0,0,0.0
4135,1769714284.8045983,decode,80,531236,0.22620225675963382,531156,80,5311.501856900155,0,1,0,0,0,0.0
4136,1769714284.8197732,decode,80,531316,0.2262363210559932,531236,80,5311.501856900155,0,1,0,0,0,0.0
4137,1769714284.8347583,decode,80,531396,0.22627038535235255,531316,80,5311.501856900155,0,1,0,0,0,0.0
4138,1769714284.849968,decode,80,531476,0.22630444964871194,531396,80,5311.501856900155,0,1,0,0,0,0.0
4139,1769714284.8648915,decode,80,531556,0.22633851394507132,531476,80,5311.501856900155,0,1,0,0,0,0.0
4140,1769714284.8799744,decode,80,531636,0.2263725782414307,531556,80,5311.501856900155,0,1,0,0,0,0.0
4141,1769714284.8951316,decode,80,531716,0.22640664253779008,531636,80,5311.501856900155,0,1,0,0,0,0.0
4142,1769714284.9101336,decode,80,531796,0.22644070683414946,531716,80,5311.501856900155,0,1,0,0,0,0.0
4143,1769714284.925348,decode,80,531876,0.22647477113050885,531796,80,5311.501856900155,0,1,0,0,0,0.0
4144,1769714284.940324,decode,80,531956,0.22650883542686823,531876,80,5311.501856900155,0,1,0,0,0,0.0
4145,1769714284.9553976,decode,80,532036,0.22654289972322758,531956,80,5311.501856900155,0,1,0,0,0,0.0
4146,1769714284.9705713,decode,80,532116,0.22657696401958696,532036,80,5311.501856900155,0,1,0,0,0,0.0
4147,1769714284.9855907,decode,80,532196,0.22661102831594634,532116,80,5311.501856900155,0,1,0,0,0,0.0
4148,1769714285.0006845,decode,80,532276,0.22664509261230573,532196,80,5311.501856900155,0,1,0,0,0,0.0
4149,1769714285.0159042,decode,80,532356,0.2266791569086651,532276,80,5311.501856900155,0,1,0,0,0,0.0
4150,1769714285.0309746,decode,80,532436,0.2267132212050245,532356,80,5311.501856900155,0,1,0,0,0,0.0
4151,1769714285.0461955,decode,80,532516,0.22674728550138387,532436,80,5311.501856900155,0,1,0,0,0,0.0
4152,1769714285.061357,decode,80,532596,0.22678134979774325,532516,80,5311.501856900155,0,1,0,0,0,0.0
4153,1769714285.0764618,decode,80,532676,0.2268154140941026,532596,80,5311.501856900155,0,1,0,0,0,0.0
4154,1769714285.0915666,decode,80,532756,0.226849478390462,532676,80,5311.501856900155,0,1,0,0,0,0.0
4155,1769714285.1067646,decode,80,532836,0.22688354268682137,532756,80,5311.501856900155,0,1,0,0,0,0.0
4156,1769714285.121868,decode,80,532916,0.22691760698318075,532836,80,5311.501856900155,0,1,0,0,0,0.0
4157,1769714285.1369853,decode,80,532996,0.22695167127954013,532916,80,5311.501856900155,0,1,0,0,0,0.0
4158,1769714285.15221,decode,80,533076,0.22698573557589952,532996,80,5311.501856900155,0,1,0,0,0,0.0
4159,1769714285.16736,decode,80,533156,0.2270197998722589,533076,80,5311.501856900155,0,1,0,0,0,0.0
4160,1769714285.1824794,decode,80,533236,0.22705386416861828,533156,80,5311.501856900155,0,1,0,0,0,0.0
4161,1769714285.1976397,decode,80,533316,0.22708792846497763,533236,80,5311.501856900155,0,1,0,0,0,0.0
4162,1769714285.212797,decode,80,533396,0.22712199276133702,533316,80,5311.501856900155,0,1,0,0,0,0.0
4163,1769714285.2279668,decode,80,533476,0.2271560570576964,533396,80,5311.501856900155,0,1,0,0,0,0.0
4164,1769714285.2431507,decode,80,533556,0.22719012135405578,533476,80,5311.501856900155,0,1,0,0,0,0.0
4165,1769714285.2582934,decode,80,533636,0.22722418565041516,533556,80,5311.501856900155,0,1,0,0,0,0.0
4166,1769714285.2734826,decode,80,533716,0.22725824994677454,533636,80,5311.501856900155,0,1,0,0,0,0.0
4167,1769714285.288655,decode,80,533796,0.22729231424313392,533716,80,5311.501856900155,0,1,0,0,0,0.0
4168,1769714285.3038294,decode,80,533876,0.2273263785394933,533796,80,5311.501856900155,0,1,0,0,0,0.0
4169,1769714285.3189962,decode,80,533956,0.22736044283585266,533876,80,5311.501856900155,0,1,0,0,0,0.0
4170,1769714285.3342972,decode,80,534036,0.22739450713221204,533956,80,5290.199191496212,0,1,0,0,0,0.0
4171,1769714285.349344,decode,80,534116,0.22742857142857142,534036,80,5290.199191496212,0,1,0,0,0,0.0
4172,1769714285.3645556,decode,80,534196,0.2274626357249308,534116,80,5290.199191496212,0,1,0,0,0,0.0
4173,1769714285.379753,decode,80,534276,0.2274967000212902,534196,80,5290.199191496212,0,1,0,0,0,0.0
4174,1769714285.3949397,decode,80,534356,0.22753076431764957,534276,80,5290.199191496212,0,1,0,0,0,0.0
4175,1769714285.4101539,decode,80,534436,0.22756482861400895,534356,80,5290.199191496212,0,1,0,0,0,0.0
4176,1769714285.425366,decode,80,534516,0.22759889291036833,534436,80,5290.199191496212,0,1,0,0,0,0.0
4177,1769714285.4405556,decode,80,534596,0.2276329572067277,534516,80,5290.199191496212,0,1,0,0,0,0.0
4178,1769714285.4557946,decode,80,534676,0.22766702150308707,534596,80,5290.199191496212,0,1,0,0,0,0.0
4179,1769714285.4710498,decode,80,534756,0.22770108579944645,534676,80,5290.199191496212,0,1,0,0,0,0.0
4180,1769714285.486251,decode,80,534836,0.22773515009580583,534756,80,5290.199191496212,0,1,0,0,0,0.0
4181,1769714285.5015438,decode,80,534916,0.22776921439216521,534836,80,5290.199191496212,0,1,0,0,0,0.0
4182,1769714285.516757,decode,80,534996,0.2278032786885246,534916,80,5290.199191496212,0,1,0,0,0,0.0
4183,1769714285.5320604,decode,80,535076,0.22783734298488398,534996,80,5290.199191496212,0,1,0,0,0,0.0
4184,1769714285.547289,decode,80,535156,0.22787140728124336,535076,80,5290.199191496212,0,1,0,0,0,0.0
4185,1769714285.5625665,decode,80,535236,0.22790547157760271,535156,80,5290.199191496212,0,1,0,0,0,0.0
4186,1769714285.5778093,decode,80,535316,0.2279395358739621,535236,80,5290.199191496212,0,1,0,0,0,0.0
4187,1769714285.5929418,decode,80,535396,0.22797360017032148,535316,80,5290.199191496212,0,1,0,0,0,0.0
4188,1769714285.608208,decode,80,535476,0.22800766446668086,535396,80,5290.199191496212,0,1,0,0,0,0.0
4189,1769714285.6233644,decode,80,535556,0.22804172876304024,535476,80,5290.199191496212,0,1,0,0,0,0.0
4190,1769714285.6385527,decode,80,535636,0.22807579305939962,535556,80,5290.199191496212,0,1,0,0,0,0.0
4191,1769714285.6537943,decode,80,535716,0.228109857355759,535636,80,5290.199191496212,0,1,0,0,0,0.0
4192,1769714285.668926,decode,80,535796,0.2281439216521184,535716,80,5290.199191496212,0,1,0,0,0,0.0
4193,1769714285.6841862,decode,80,535876,0.22817798594847774,535796,80,5290.199191496212,0,1,0,0,0,0.0
4194,1769714285.6993258,decode,80,535956,0.22821205024483712,535876,80,5290.199191496212,0,1,0,0,0,0.0
4195,1769714285.7144766,decode,80,536036,0.2282461145411965,535956,80,5290.199191496212,0,1,0,0,0,0.0
4196,1769714285.7297652,decode,80,536116,0.22828017883755589,536036,80,5290.199191496212,0,1,0,0,0,0.0
4197,1769714285.7449021,decode,80,536196,0.22831424313391527,536116,80,5290.199191496212,0,1,0,0,0,0.0
4198,1769714285.7601178,decode,80,536276,0.22834830743027465,536196,80,5290.199191496212,0,1,0,0,0,0.0
4199,1769714285.7753417,decode,80,536356,0.22838237172663403,536276,80,5290.199191496212,0,1,0,0,0,0.0
4200,1769714285.7904744,decode,80,536436,0.2284164360229934,536356,80,5290.199191496212,0,1,0,0,0,0.0
4201,1769714285.805778,decode,80,536516,0.22845050031935277,536436,80,5290.199191496212,0,1,0,0,0,0.0
4202,1769714285.8210459,decode,80,536596,0.22848456461571215,536516,80,5290.199191496212,0,1,0,0,0,0.0
4203,1769714285.8362935,decode,80,536676,0.22851862891207153,536596,80,5290.199191496212,0,1,0,0,0,0.0
4204,1769714285.851483,decode,80,536756,0.2285526932084309,536676,80,5290.199191496212,0,1,0,0,0,0.0
4205,1769714285.8667889,decode,80,536836,0.2285867575047903,536756,80,5290.199191496212,0,1,0,0,0,0.0
4206,1769714285.8820093,decode,80,536916,0.22862082180114968,536836,80,5290.199191496212,0,1,0,0,0,0.0
4207,1769714285.8971958,decode,80,536996,0.22865488609750906,536916,80,5290.199191496212,0,1,0,0,0,0.0
4208,1769714285.9124198,decode,80,537076,0.22868895039386844,536996,80,5290.199191496212,0,1,0,0,0,0.0
4209,1769714285.9276261,decode,80,537156,0.2287230146902278,537076,80,5290.199191496212,0,1,0,0,0,0.0
4210,1769714285.942909,decode,80,537236,0.22875707898658718,537156,80,5257.885922664237,0,1,0,0,0,0.0
4211,1769714285.9579594,decode,80,537316,0.22879114328294656,537236,80,5257.885922664237,0,1,0,0,0,0.0
4212,1769714285.9731772,decode,80,537396,0.22882520757930594,537316,80,5257.885922664237,0,1,0,0,0,0.0
4213,1769714285.9883924,decode,80,537476,0.22885927187566532,537396,80,5257.885922664237,0,1,0,0,0,0.0
4214,1769714286.0035872,decode,80,537556,0.2288933361720247,537476,80,5257.885922664237,0,1,0,0,0,0.0
4215,1769714286.018802,decode,80,537636,0.22892740046838408,537556,80,5257.885922664237,0,1,0,0,0,0.0
4216,1769714286.0339985,decode,80,537716,0.22896146476474347,537636,80,5257.885922664237,0,1,0,0,0,0.0
4217,1769714286.0491955,decode,80,537796,0.22899552906110282,537716,80,5257.885922664237,0,1,0,0,0,0.0
4218,1769714286.0644352,decode,80,537876,0.2290295933574622,537796,80,5257.885922664237,0,1,0,0,0,0.0
4219,1769714286.0796373,decode,80,537956,0.22906365765382158,537876,80,5257.885922664237,0,1,0,0,0,0.0
4220,1769714286.0948644,decode,80,538036,0.22909772195018097,537956,80,5257.885922664237,0,1,0,0,0,0.0
4221,1769714286.1100676,decode,80,538116,0.22913178624654035,538036,80,5257.885922664237,0,1,0,0,0,0.0
4222,1769714286.1252716,decode,80,538196,0.22916585054289973,538116,80,5257.885922664237,0,1,0,0,0,0.0
4223,1769714286.1405005,decode,80,538276,0.2291999148392591,538196,80,5257.885922664237,0,1,0,0,0,0.0
4224,1769714286.1557066,decode,80,538356,0.2292339791356185,538276,80,5257.885922664237,0,1,0,0,0,0.0
4225,1769714286.170927,decode,80,538436,0.22926804343197785,538356,80,5257.885922664237,0,1,0,0,0,0.0
4226,1769714286.1861537,decode,80,538516,0.22930210772833723,538436,80,5257.885922664237,0,1,0,0,0,0.0
4227,1769714286.2013547,decode,80,538596,0.2293361720246966,538516,80,5257.885922664237,0,1,0,0,0,0.0
4228,1769714286.2165487,decode,80,538676,0.229370236321056,538596,80,5257.885922664237,0,1,0,0,0,0.0
4229,1769714286.2318118,decode,80,538756,0.22940430061741537,538676,80,5257.885922664237,0,1,0,0,0,0.0
4230,1769714286.2470102,decode,80,538836,0.22943836491377476,538756,80,5257.885922664237,0,1,0,0,0,0.0
4231,1769714286.2622817,decode,80,538916,0.22947242921013414,538836,80,5257.885922664237,0,1,0,0,0,0.0
4232,1769714286.2774851,decode,80,538996,0.22950649350649352,538916,80,5257.885922664237,0,1,0,0,0,0.0
4233,1769714286.2927372,decode,80,539076,0.22954055780285287,538996,80,5257.885922664237,0,1,0,0,0,0.0
4234,1769714286.3079157,decode,80,539156,0.22957462209921226,539076,80,5257.885922664237,0,1,0,0,0,0.0
4235,1769714286.3231506,decode,80,539236,0.22960868639557164,539156,80,5257.885922664237,0,1,0,0,0,0.0
4236,1769714286.3383956,decode,80,539316,0.22964275069193102,539236,80,5257.885922664237,0,1,0,0,0,0.0
4237,1769714286.353558,decode,80,539396,0.2296768149882904,539316,80,5257.885922664237,0,1,0,0,0,0.0
4238,1769714286.3688502,decode,80,539476,0.22971087928464978,539396,80,5257.885922664237,0,1,0,0,0,0.0
4239,1769714286.3839948,decode,80,539556,0.22974494358100916,539476,80,5257.885922664237,0,1,0,0,0,0.0
4240,1769714286.3992174,decode,80,539636,0.22977900787736855,539556,80,5257.885922664237,0,1,0,0,0,0.0
4241,1769714286.41451,decode,80,539716,0.2298130721737279,539636,80,5257.885922664237,0,1,0,0,0,0.0
4242,1769714286.4297056,decode,80,539796,0.22984713647008728,539716,80,5257.885922664237,0,1,0,0,0,0.0
4243,1769714286.4449987,decode,80,539876,0.22988120076644666,539796,80,5257.885922664237,0,1,0,0,0,0.0
4244,1769714286.460174,decode,80,539956,0.22991526506280605,539876,80,5257.885922664237,0,1,0,0,0,0.0
4245,1769714286.4753876,decode,80,540036,0.22994932935916543,539956,80,5257.885922664237,0,1,0,0,0,0.0
4246,1769714286.490751,decode,80,540116,0.2299833936555248,540036,80,5257.885922664237,0,1,0,0,0,0.0
4247,1769714286.5059602,decode,80,540196,0.2300174579518842,540116,80,5257.885922664237,0,1,0,0,0,0.0
4248,1769714286.5212648,decode,80,540276,0.23005152224824357,540196,80,5257.885922664237,0,1,0,0,0,0.0
4249,1769714286.5366366,decode,80,540356,0.23008558654460293,540276,80,5257.885922664237,0,1,0,0,0,0.0
4250,1769714286.5520074,decode,80,540436,0.2301196508409623,540356,80,5253.667387810252,0,1,0,0,0,0.0
4251,1769714286.5671928,decode,80,540516,0.2301537151373217,540436,80,5253.667387810252,0,1,0,0,0,0.0
4252,1769714286.5824122,decode,80,540596,0.23018777943368107,540516,80,5253.667387810252,0,1,0,0,0,0.0
4253,1769714286.5976543,decode,80,540676,0.23022184373004045,540596,80,5253.667387810252,0,1,0,0,0,0.0
4254,1769714286.6128469,decode,80,540756,0.23025590802639984,540676,80,5253.667387810252,0,1,0,0,0,0.0
4255,1769714286.6281362,decode,80,540836,0.23028997232275922,540756,80,5253.667387810252,0,1,0,0,0,0.0
4256,1769714286.6433952,decode,80,540916,0.2303240366191186,540836,80,5253.667387810252,0,1,0,0,0,0.0
4257,1769714286.6585946,decode,80,540996,0.23035810091547795,540916,80,5253.667387810252,0,1,0,0,0,0.0
4258,1769714286.6738796,decode,80,541076,0.23039216521183734,540996,80,5253.667387810252,0,1,0,0,0,0.0
4259,1769714286.6891198,decode,80,541156,0.23042622950819672,541076,80,5253.667387810252,0,1,0,0,0,0.0
4260,1769714286.7043195,decode,80,541236,0.2304602938045561,541156,80,5253.667387810252,0,1,0,0,0,0.0
4261,1769714286.7195497,decode,80,541316,0.23049435810091548,541236,80,5253.667387810252,0,1,0,0,0,0.0
4262,1769714286.7347975,decode,80,541396,0.23052842239727486,541316,80,5253.667387810252,0,1,0,0,0,0.0
4263,1769714286.7500308,decode,80,541476,0.23056248669363424,541396,80,5253.667387810252,0,1,0,0,0,0.0
4264,1769714286.7652862,decode,80,541556,0.23059655098999363,541476,80,5253.667387810252,0,1,0,0,0,0.0
4265,1769714286.7805586,decode,80,541636,0.23063061528635298,541556,80,5253.667387810252,0,1,0,0,0,0.0
4266,1769714286.7957847,decode,80,541716,0.23066467958271236,541636,80,5253.667387810252,0,1,0,0,0,0.0
4267,1769714286.8110497,decode,80,541796,0.23069874387907174,541716,80,5253.667387810252,0,1,0,0,0,0.0
4268,1769714286.8263597,decode,80,541876,0.23073280817543113,541796,80,5253.667387810252,0,1,0,0,0,0.0
4269,1769714286.8416562,decode,80,541956,0.2307668724717905,541876,80,5253.667387810252,0,1,0,0,0,0.0
4270,1769714286.8569477,decode,80,542036,0.2308009367681499,541956,80,5253.667387810252,0,1,0,0,0,0.0
4271,1769714286.8722503,decode,80,542116,0.23083500106450927,542036,80,5253.667387810252,0,1,0,0,0,0.0
4272,1769714286.8875356,decode,80,542196,0.23086906536086865,542116,80,5253.667387810252,0,1,0,0,0,0.0
4273,1769714286.9027898,decode,80,542276,0.230903129657228,542196,80,5253.667387810252,0,1,0,0,0,0.0
4274,1769714286.9180706,decode,80,542356,0.2309371939535874,542276,80,5253.667387810252,0,1,0,0,0,0.0
4275,1769714286.9333422,decode,80,542436,0.23097125824994677,542356,80,5253.667387810252,0,1,0,0,0,0.0
4276,1769714286.948632,decode,80,542516,0.23100532254630615,542436,80,5253.667387810252,0,1,0,0,0,0.0
4277,1769714286.9638789,decode,80,542596,0.23103938684266553,542516,80,5253.667387810252,0,1,0,0,0,0.0
4278,1769714286.9791706,decode,80,542676,0.23107345113902492,542596,80,5253.667387810252,0,1,0,0,0,0.0
4279,1769714286.9945056,decode,80,542756,0.2311075154353843,542676,80,5253.667387810252,0,1,0,0,0,0.0
4280,1769714287.0098119,decode,80,542836,0.23114157973174368,542756,80,5253.667387810252,0,1,0,0,0,0.0
4281,1769714287.0251212,decode,80,542916,0.23117564402810303,542836,80,5253.667387810252,0,1,0,0,0,0.0
4282,1769714287.0403981,decode,80,542996,0.23120970832446242,542916,80,5253.667387810252,0,1,0,0,0,0.0
4283,1769714287.0557618,decode,80,543076,0.2312437726208218,542996,80,5253.667387810252,0,1,0,0,0,0.0
4284,1769714287.0709634,decode,80,543156,0.23127783691718118,543076,80,5253.667387810252,0,1,0,0,0,0.0
4285,1769714287.0862906,decode,80,543236,0.23131190121354056,543156,80,5253.667387810252,0,1,0,0,0,0.0
4286,1769714287.1016266,decode,80,543316,0.23134596550989994,543236,80,5253.667387810252,0,1,0,0,0,0.0
4287,1769714287.116891,decode,80,543396,0.23138002980625932,543316,80,5253.667387810252,0,1,0,0,0,0.0
4288,1769714287.1322794,decode,80,543476,0.2314140941026187,543396,80,5253.667387810252,0,1,0,0,0,0.0
4289,1769714287.1474853,decode,80,543556,0.23144815839897806,543476,80,5253.667387810252,0,1,0,0,0,0.0
4290,1769714287.1629744,decode,80,543636,0.23148222269533744,543556,80,5237.613553438296,0,1,0,0,0,0.0
4291,1769714287.178206,decode,80,543716,0.23151628699169682,543636,80,5237.613553438296,0,1,0,0,0,0.0
4292,1769714287.1934857,decode,80,543796,0.2315503512880562,543716,80,5237.613553438296,0,1,0,0,0,0.0
4293,1769714287.208856,decode,80,543876,0.2315844155844156,543796,80,5237.613553438296,0,1,0,0,0,0.0
4294,1769714287.2242074,decode,80,543956,0.23161847988077497,543876,80,5237.613553438296,0,1,0,0,0,0.0
4295,1769714287.2394998,decode,80,544036,0.23165254417713435,543956,80,5237.613553438296,0,1,0,0,0,0.0
4296,1769714287.2548823,decode,80,544116,0.23168660847349373,544036,80,5237.613553438296,0,1,0,0,0,0.0
4297,1769714287.2701662,decode,80,544196,0.2317206727698531,544116,80,5237.613553438296,0,1,0,0,0,0.0
4298,1769714287.2854939,decode,80,544276,0.23175473706621247,544196,80,5237.613553438296,0,1,0,0,0,0.0
4299,1769714287.3008773,decode,80,544356,0.23178880136257185,544276,80,5237.613553438296,0,1,0,0,0,0.0
4300,1769714287.3161435,decode,80,544436,0.23182286565893123,544356,80,5237.613553438296,0,1,0,0,0,0.0
4301,1769714287.3315337,decode,80,544516,0.2318569299552906,544436,80,5237.613553438296,0,1,0,0,0,0.0
4302,1769714287.346853,decode,80,544596,0.23189099425165,544516,80,5237.613553438296,0,1,0,0,0,0.0
4303,1769714287.362194,decode,80,544676,0.23192505854800938,544596,80,5237.613553438296,0,1,0,0,0,0.0
4304,1769714287.3775148,decode,80,544756,0.23195912284436876,544676,80,5237.613553438296,0,1,0,0,0,0.0
4305,1769714287.392915,decode,80,544836,0.2319931871407281,544756,80,5237.613553438296,0,1,0,0,0,0.0
4306,1769714287.4082456,decode,80,544916,0.2320272514370875,544836,80,5237.613553438296,0,1,0,0,0,0.0
4307,1769714287.4235456,decode,80,544996,0.23206131573344688,544916,80,5237.613553438296,0,1,0,0,0,0.0
4308,1769714287.4389536,decode,80,545076,0.23209538002980626,544996,80,5237.613553438296,0,1,0,0,0,0.0
4309,1769714287.4543025,decode,80,545156,0.23212944432616564,545076,80,5237.613553438296,0,1,0,0,0,0.0
4310,1769714287.4696548,decode,80,545236,0.23216350862252502,545156,80,5237.613553438296,0,1,0,0,0,0.0
4311,1769714287.4850035,decode,80,545316,0.2321975729188844,545236,80,5237.613553438296,0,1,0,0,0,0.0
4312,1769714287.5003834,decode,80,545396,0.23223163721524379,545316,80,5237.613553438296,0,1,0,0,0,0.0
4313,1769714287.5157335,decode,80,545476,0.23226570151160314,545396,80,5237.613553438296,0,1,0,0,0,0.0
4314,1769714287.5310833,decode,80,545556,0.23229976580796252,545476,80,5237.613553438296,0,1,0,0,0,0.0
4315,1769714287.5464454,decode,80,545636,0.2323338301043219,545556,80,5237.613553438296,0,1,0,0,0,0.0
4316,1769714287.5618105,decode,80,545716,0.23236789440068129,545636,80,5237.613553438296,0,1,0,0,0,0.0
4317,1769714287.5771987,decode,80,545796,0.23240195869704067,545716,80,5237.613553438296,0,1,0,0,0,0.0
4318,1769714287.5926254,decode,80,545876,0.23243602299340005,545796,80,5237.613553438296,0,1,0,0,0,0.0
4319,1769714287.6080272,decode,80,545956,0.23247008728975943,545876,80,5237.613553438296,0,1,0,0,0,0.0
4320,1769714287.6234477,decode,80,546036,0.2325041515861188,545956,80,5237.613553438296,0,1,0,0,0,0.0
4321,1769714287.6388967,decode,80,546116,0.23253821588247817,546036,80,5237.613553438296,0,1,0,0,0,0.0
4322,1769714287.6543162,decode,80,546196,0.23257228017883755,546116,80,5237.613553438296,0,1,0,0,0,0.0
4323,1769714287.669673,decode,80,546276,0.23260634447519693,546196,80,5237.613553438296,0,1,0,0,0,0.0
4324,1769714287.685059,decode,80,546356,0.2326404087715563,546276,80,5237.613553438296,0,1,0,0,0,0.0
4325,1769714287.700438,decode,80,546436,0.2326744730679157,546356,80,5237.613553438296,0,1,0,0,0,0.0
4326,1769714287.7158425,decode,80,546516,0.23270853736427508,546436,80,5237.613553438296,0,1,0,0,0,0.0
4327,1769714287.7311692,decode,80,546596,0.23274260166063446,546516,80,5237.613553438296,0,1,0,0,0,0.0
4328,1769714287.7465706,decode,80,546676,0.23277666595699384,546596,80,5237.613553438296,0,1,0,0,0,0.0
4329,1769714287.761954,decode,80,546756,0.2328107302533532,546676,80,5237.613553438296,0,1,0,0,0,0.0
4330,1769714287.7774332,decode,80,546836,0.23284479454971257,546756,80,5207.836791560459,0,1,0,0,0,0.0
4331,1769714287.7927318,decode,80,546916,0.23287885884607196,546836,80,5207.836791560459,0,1,0,0,0,0.0
4332,1769714287.808054,decode,80,546996,0.23291292314243134,546916,80,5207.836791560459,0,1,0,0,0,0.0
4333,1769714287.8234837,decode,80,547076,0.23294698743879072,546996,80,5207.836791560459,0,1,0,0,0,0.0
4334,1769714287.8388054,decode,80,547156,0.2329810517351501,547076,80,5207.836791560459,0,1,0,0,0,0.0
4335,1769714287.8541849,decode,80,547236,0.23301511603150948,547156,80,5207.836791560459,0,1,0,0,0,0.0
4336,1769714287.8696048,decode,80,547316,0.23304918032786887,547236,80,5207.836791560459,0,1,0,0,0,0.0
4337,1769714287.8849223,decode,80,547396,0.23308324462422822,547316,80,5207.836791560459,0,1,0,0,0,0.0
4338,1769714287.9003768,decode,80,547476,0.2331173089205876,547396,80,5207.836791560459,0,1,0,0,0,0.0
4339,1769714287.9156966,decode,80,547556,0.23315137321694698,547476,80,5207.836791560459,0,1,0,0,0,0.0
4340,1769714287.9310813,decode,80,547636,0.23318543751330637,547556,80,5207.836791560459,0,1,0,0,0,0.0
4341,1769714287.94652,decode,80,547716,0.23321950180966575,547636,80,5207.836791560459,0,1,0,0,0,0.0
4342,1769714287.9618573,decode,80,547796,0.23325356610602513,547716,80,5207.836791560459,0,1,0,0,0,0.0
4343,1769714287.977301,decode,80,547876,0.2332876304023845,547796,80,5207.836791560459,0,1,0,0,0,0.0
4344,1769714287.9926395,decode,80,547956,0.2333216946987439,547876,80,5207.836791560459,0,1,0,0,0,0.0
4345,1769714288.0080137,decode,80,548036,0.23335575899510325,547956,80,5207.836791560459,0,1,0,0,0,0.0
4346,1769714288.0234473,decode,80,548116,0.23338982329146263,548036,80,5207.836791560459,0,1,0,0,0,0.0
4347,1769714288.0387394,decode,80,548196,0.233423887587822,548116,80,5207.836791560459,0,1,0,0,0,0.0
4348,1769714288.054114,decode,80,548276,0.2334579518841814,548196,80,5207.836791560459,0,1,0,0,0,0.0
4349,1769714288.069564,decode,80,548356,0.23349201618054077,548276,80,5207.836791560459,0,1,0,0,0,0.0
4350,1769714288.084898,decode,80,548436,0.23352608047690016,548356,80,5207.836791560459,0,1,0,0,0,0.0
4351,1769714288.1003602,decode,80,548516,0.23356014477325954,548436,80,5207.836791560459,0,1,0,0,0,0.0
4352,1769714288.1157708,decode,80,548596,0.23359420906961892,548516,80,5207.836791560459,0,1,0,0,0,0.0
4353,1769714288.1311605,decode,80,548676,0.23362827336597827,548596,80,5207.836791560459,0,1,0,0,0,0.0
4354,1769714288.1465302,decode,80,548756,0.23366233766233765,548676,80,5207.836791560459,0,1,0,0,0,0.0
4355,1769714288.162007,decode,80,548836,0.23369640195869704,548756,80,5207.836791560459,0,1,0,0,0,0.0
4356,1769714288.1774216,decode,80,548916,0.23373046625505642,548836,80,5207.836791560459,0,1,0,0,0,0.0
4357,1769714288.1928189,decode,80,548996,0.2337645305514158,548916,80,5207.836791560459,0,1,0,0,0,0.0
4358,1769714288.2083197,decode,80,549076,0.23379859484777518,548996,80,5207.836791560459,0,1,0,0,0,0.0
4359,1769714288.2237675,decode,80,549156,0.23383265914413456,549076,80,5207.836791560459,0,1,0,0,0,0.0
4360,1769714288.2391558,decode,80,549236,0.23386672344049395,549156,80,5207.836791560459,0,1,0,0,0,0.0
4361,1769714288.2545145,decode,80,549316,0.2339007877368533,549236,80,5207.836791560459,0,1,0,0,0,0.0
4362,1769714288.2699425,decode,80,549396,0.23393485203321268,549316,80,5207.836791560459,0,1,0,0,0,0.0
4363,1769714288.285311,decode,80,549476,0.23396891632957206,549396,80,5207.836791560459,0,1,0,0,0,0.0
4364,1769714288.300728,decode,80,549556,0.23400298062593144,549476,80,5207.836791560459,0,1,0,0,0,0.0
4365,1769714288.316114,decode,80,549636,0.23403704492229083,549556,80,5207.836791560459,0,1,0,0,0,0.0
4366,1769714288.3315287,decode,80,549716,0.2340711092186502,549636,80,5207.836791560459,0,1,0,0,0,0.0
4367,1769714288.3469326,decode,80,549796,0.2341051735150096,549716,80,5207.836791560459,0,1,0,0,0,0.0
4368,1769714288.3623147,decode,80,549876,0.23413923781136897,549796,80,5207.836791560459,0,1,0,0,0,0.0
4369,1769714288.3777072,decode,80,549956,0.23417330210772833,549876,80,5207.836791560459,0,1,0,0,0,0.0
4370,1769714288.393222,decode,80,550036,0.2342073664040877,549956,80,5196.586795760868,0,1,0,0,0,0.0
4371,1769714288.4084895,decode,80,550116,0.2342414307004471,550036,80,5196.586795760868,0,1,0,0,0,0.0
4372,1769714288.4239542,decode,80,550196,0.23427549499680647,550116,80,5196.586795760868,0,1,0,0,0,0.0
4373,1769714288.4394104,decode,80,550276,0.23430955929316585,550196,80,5196.586795760868,0,1,0,0,0,0.0
4374,1769714288.4548733,decode,80,550356,0.23434362358952524,550276,80,5196.586795760868,0,1,0,0,0,0.0
4375,1769714288.4703505,decode,80,550436,0.23437768788588462,550356,80,5196.586795760868,0,1,0,0,0,0.0
4376,1769714288.485883,decode,80,550516,0.234411752182244,550436,80,5196.586795760868,0,1,0,0,0,0.0
4377,1769714288.501291,decode,80,550596,0.23444581647860335,550516,80,5196.586795760868,0,1,0,0,0,0.0
4378,1769714288.5166936,decode,80,550676,0.23447988077496273,550596,80,5196.586795760868,0,1,0,0,0,0.0
4379,1769714288.532134,decode,80,550756,0.23451394507132212,550676,80,5196.586795760868,0,1,0,0,0,0.0
4380,1769714288.5475104,decode,80,550836,0.2345480093676815,550756,80,5196.586795760868,0,1,0,0,0,0.0
4381,1769714288.5629883,decode,80,550916,0.23458207366404088,550836,80,5196.586795760868,0,1,0,0,0,0.0
4382,1769714288.5783443,decode,80,550996,0.23461613796040026,550916,80,5196.586795760868,0,1,0,0,0,0.0
4383,1769714288.593839,decode,80,551076,0.23465020225675964,550996,80,5196.586795760868,0,1,0,0,0,0.0
4384,1769714288.6092021,decode,80,551156,0.23468426655311903,551076,80,5196.586795760868,0,1,0,0,0,0.0
4385,1769714288.6246245,decode,80,551236,0.23471833084947838,551156,80,5196.586795760868,0,1,0,0,0,0.0
4386,1769714288.6401017,decode,80,551316,0.23475239514583776,551236,80,5196.586795760868,0,1,0,0,0,0.0
4387,1769714288.6554658,decode,80,551396,0.23478645944219714,551316,80,5196.586795760868,0,1,0,0,0,0.0
4388,1769714288.6709578,decode,80,551476,0.23482052373855652,551396,80,5196.586795760868,0,1,0,0,0,0.0
4389,1769714288.6863253,decode,80,551556,0.2348545880349159,551476,80,5196.586795760868,0,1,0,0,0,0.0
4390,1769714288.7018094,decode,80,551636,0.2348886523312753,551556,80,5196.586795760868,0,1,0,0,0,0.0
4391,1769714288.7173645,decode,80,551716,0.23492271662763467,551636,80,5196.586795760868,0,1,0,0,0,0.0
4392,1769714288.7327728,decode,80,551796,0.23495678092399405,551716,80,5196.586795760868,0,1,0,0,0,0.0
4393,1769714288.7483375,decode,80,551876,0.2349908452203534,551796,80,5196.586795760868,0,1,0,0,0,0.0
4394,1769714288.763731,decode,80,551956,0.2350249095167128,551876,80,5196.586795760868,0,1,0,0,0,0.0
4395,1769714288.7791245,decode,80,552036,0.23505897381307217,551956,80,5196.586795760868,0,1,0,0,0,0.0
4396,1769714288.7946496,decode,80,552116,0.23509303810943155,552036,80,5196.586795760868,0,1,0,0,0,0.0
4397,1769714288.8099778,decode,80,552196,0.23512710240579093,552116,80,5196.586795760868,0,1,0,0,0,0.0
4398,1769714288.8253932,decode,80,552276,0.23516116670215031,552196,80,5196.586795760868,0,1,0,0,0,0.0
4399,1769714288.8409007,decode,80,552356,0.2351952309985097,552276,80,5196.586795760868,0,1,0,0,0,0.0
4400,1769714288.856245,decode,80,552436,0.23522929529486908,552356,80,5196.586795760868,0,1,0,0,0,0.0
4401,1769714288.8717797,decode,80,552516,0.23526335959122843,552436,80,5196.586795760868,0,1,0,0,0,0.0
4402,1769714288.8871868,decode,80,552596,0.23529742388758781,552516,80,5196.586795760868,0,1,0,0,0,0.0
4403,1769714288.9026248,decode,80,552676,0.2353314881839472,552596,80,5196.586795760868,0,1,0,0,0,0.0
4404,1769714288.9179919,decode,80,552756,0.23536555248030658,552676,80,5196.586795760868,0,1,0,0,0,0.0
4405,1769714288.9335575,decode,80,552836,0.23539961677666596,552756,80,5196.586795760868,0,1,0,0,0,0.0
4406,1769714288.9490247,decode,80,552916,0.23543368107302534,552836,80,5196.586795760868,0,1,0,0,0,0.0
4407,1769714288.9643784,decode,80,552996,0.23546774536938472,552916,80,5196.586795760868,0,1,0,0,0,0.0
4408,1769714288.979979,decode,80,553076,0.2355018096657441,552996,80,5196.586795760868,0,1,0,0,0,0.0
4409,1769714288.9954338,decode,80,553156,0.23553587396210346,553076,80,5196.586795760868,0,1,0,0,0,0.0
4410,1769714289.0110068,decode,80,553236,0.23556993825846284,553156,80,5179.818290914858,0,1,0,0,0,0.0
4411,1769714289.0263374,decode,80,553316,0.23560400255482222,553236,80,5179.818290914858,0,1,0,0,0,0.0
4412,1769714289.0418663,decode,80,553396,0.2356380668511816,553316,80,5179.818290914858,0,1,0,0,0,0.0
4413,1769714289.057315,decode,80,553476,0.235672131147541,553396,80,5179.818290914858,0,1,0,0,0,0.0
4414,1769714289.0727766,decode,80,553556,0.23570619544390037,553476,80,5179.818290914858,0,1,0,0,0,0.0
4415,1769714289.088268,decode,80,553636,0.23574025974025975,553556,80,5179.818290914858,0,1,0,0,0,0.0
4416,1769714289.1037257,decode,80,553716,0.23577432403661913,553636,80,5179.818290914858,0,1,0,0,0,0.0
4417,1769714289.1192167,decode,80,553796,0.23580838833297849,553716,80,5179.818290914858,0,1,0,0,0,0.0
4418,1769714289.1346898,decode,80,553876,0.23584245262933787,553796,80,5179.818290914858,0,1,0,0,0,0.0
4419,1769714289.15023,decode,80,553956,0.23587651692569725,553876,80,5179.818290914858,0,1,0,0,0,0.0
4420,1769714289.1658037,decode,80,554036,0.23591058122205663,553956,80,5179.818290914858,0,1,0,0,0,0.0
4421,1769714289.181372,decode,80,554116,0.235944645518416,554036,80,5179.818290914858,0,1,0,0,0,0.0
4422,1769714289.1969438,decode,80,554196,0.2359787098147754,554116,80,5179.818290914858,0,1,0,0,0,0.0
4423,1769714289.2124915,decode,80,554276,0.23601277411113478,554196,80,5179.818290914858,0,1,0,0,0,0.0
4424,1769714289.2280767,decode,80,554356,0.23604683840749416,554276,80,5179.818290914858,0,1,0,0,0,0.0
4425,1769714289.243571,decode,80,554436,0.2360809027038535,554356,80,5179.818290914858,0,1,0,0,0,0.0
4426,1769714289.259112,decode,80,554516,0.2361149670002129,554436,80,5179.818290914858,0,1,0,0,0,0.0
4427,1769714289.27459,decode,80,554596,0.23614903129657228,554516,80,5179.818290914858,0,1,0,0,0,0.0
4428,1769714289.2900991,decode,80,554676,0.23618309559293166,554596,80,5179.818290914858,0,1,0,0,0,0.0
4429,1769714289.3056898,decode,80,554756,0.23621715988929104,554676,80,5179.818290914858,0,1,0,0,0,0.0
4430,1769714289.3212256,decode,80,554836,0.23625122418565042,554756,80,5179.818290914858,0,1,0,0,0,0.0
4431,1769714289.33684,decode,80,554916,0.2362852884820098,554836,80,5179.818290914858,0,1,0,0,0,0.0
4432,1769714289.3523867,decode,80,554996,0.23631935277836918,554916,80,5179.818290914858,0,1,0,0,0,0.0
4433,1769714289.3680773,decode,80,555076,0.23635341707472854,554996,80,5179.818290914858,0,1,0,0,0,0.0
4434,1769714289.3836575,decode,80,555156,0.23638748137108792,555076,80,5179.818290914858,0,1,0,0,0,0.0
4435,1769714289.3992977,decode,80,555236,0.2364215456674473,555156,80,5179.818290914858,0,1,0,0,0,0.0
4436,1769714289.4149287,decode,80,555316,0.23645560996380668,555236,80,5179.818290914858,0,1,0,0,0,0.0
4437,1769714289.4304447,decode,80,555396,0.23648967426016607,555316,80,5179.818290914858,0,1,0,0,0,0.0
4438,1769714289.4461205,decode,80,555476,0.23652373855652545,555396,80,5179.818290914858,0,1,0,0,0,0.0
4439,1769714289.4616082,decode,80,555556,0.23655780285288483,555476,80,5179.818290914858,0,1,0,0,0,0.0
4440,1769714289.4771857,decode,80,555636,0.2365918671492442,555556,80,5179.818290914858,0,1,0,0,0,0.0
4441,1769714289.4928007,decode,80,555716,0.23662593144560357,555636,80,5179.818290914858,0,1,0,0,0,0.0
4442,1769714289.5083215,decode,80,555796,0.23665999574196295,555716,80,5179.818290914858,0,1,0,0,0,0.0
4443,1769714289.5239758,decode,80,555876,0.23669406003832233,555796,80,5179.818290914858,0,1,0,0,0,0.0
4444,1769714289.539514,decode,80,555956,0.2367281243346817,555876,80,5179.818290914858,0,1,0,0,0,0.0
4445,1769714289.55509,decode,80,556036,0.2367621886310411,555956,80,5179.818290914858,0,1,0,0,0,0.0
4446,1769714289.5707262,decode,80,556116,0.23679625292740047,556036,80,5179.818290914858,0,1,0,0,0,0.0
4447,1769714289.5861843,decode,80,556196,0.23683031722375986,556116,80,5179.818290914858,0,1,0,0,0,0.0
4448,1769714289.601718,decode,80,556276,0.23686438152011924,556196,80,5179.818290914858,0,1,0,0,0,0.0
4449,1769714289.6173272,decode,80,556356,0.2368984458164786,556276,80,5179.818290914858,0,1,0,0,0,0.0
4450,1769714289.632964,decode,80,556436,0.23693251011283797,556356,80,5145.231175261806,0,1,0,0,0,0.0
4451,1769714289.6483903,decode,80,556516,0.23696657440919736,556436,80,5145.231175261806,0,1,0,0,0,0.0
4452,1769714289.66392,decode,80,556596,0.23700063870555674,556516,80,5145.231175261806,0,1,0,0,0,0.0
4453,1769714289.6794498,decode,80,556676,0.23703470300191612,556596,80,5145.231175261806,0,1,0,0,0,0.0
4454,1769714289.694954,decode,80,556756,0.2370687672982755,556676,80,5145.231175261806,0,1,0,0,0,0.0
4455,1769714289.7106128,decode,80,556836,0.23710283159463488,556756,80,5145.231175261806,0,1,0,0,0,0.0
4456,1769714289.726212,decode,80,556916,0.23713689589099426,556836,80,5145.231175261806,0,1,0,0,0,0.0
4457,1769714289.7417762,decode,80,556996,0.23717096018735362,556916,80,5145.231175261806,0,1,0,0,0,0.0
4458,1769714289.7574298,decode,80,557076,0.237205024483713,556996,80,5145.231175261806,0,1,0,0,0,0.0
4459,1769714289.7730193,decode,80,557156,0.23723908878007238,557076,80,5145.231175261806,0,1,0,0,0,0.0
4460,1769714289.788579,decode,80,557236,0.23727315307643176,557156,80,5145.231175261806,0,1,0,0,0,0.0
4461,1769714289.8041563,decode,80,557316,0.23730721737279115,557236,80,5145.231175261806,0,1,0,0,0,0.0
4462,1769714289.8197775,decode,80,557396,0.23734128166915053,557316,80,5145.231175261806,0,1,0,0,0,0.0
4463,1769714289.835358,decode,80,557476,0.2373753459655099,557396,80,5145.231175261806,0,1,0,0,0,0.0
4464,1769714289.8509476,decode,80,557556,0.2374094102618693,557476,80,5145.231175261806,0,1,0,0,0,0.0
4465,1769714289.866526,decode,80,557636,0.23744347455822865,557556,80,5145.231175261806,0,1,0,0,0,0.0
4466,1769714289.8821328,decode,80,557716,0.23747753885458803,557636,80,5145.231175261806,0,1,0,0,0,0.0
4467,1769714289.8977735,decode,80,557796,0.2375116031509474,557716,80,5145.231175261806,0,1,0,0,0,0.0
4468,1769714289.9133673,decode,80,557876,0.2375456674473068,557796,80,5145.231175261806,0,1,0,0,0,0.0
4469,1769714289.9289737,decode,80,557956,0.23757973174366617,557876,80,5145.231175261806,0,1,0,0,0,0.0
4470,1769714289.944566,decode,80,558036,0.23761379604002555,557956,80,5145.231175261806,0,1,0,0,0,0.0
4471,1769714289.9601574,decode,80,558116,0.23764786033638494,558036,80,5145.231175261806,0,1,0,0,0,0.0
4472,1769714289.9757905,decode,80,558196,0.23768192463274432,558116,80,5145.231175261806,0,1,0,0,0,0.0
4473,1769714289.9913683,decode,80,558276,0.23771598892910367,558196,80,5145.231175261806,0,1,0,0,0,0.0
4474,1769714290.0069988,decode,80,558356,0.23775005322546305,558276,80,5145.231175261806,0,1,0,0,0,0.0
4475,1769714290.0229764,decode,80,551436,0.23480349159037683,558356,80,5145.231175261806,0,1,0,0,0,0.0
4476,1769714290.0390065,decode,80,523515,0.22291462635724932,558436,79,5145.231175261806,0,1,0,0,0,0.0
4477,1769714290.0541735,decode,79,516590,0.21996593570364062,551515,75,5145.231175261806,0,1,0,0,0,0.0
4478,1769714290.0689986,decode,75,516664,0.21999744517777306,523590,74,5145.231175261806,0,1,0,0,0,0.0
4479,1769714290.084503,decode,74,502738,0.21406770278901427,516664,74,5145.231175261806,0,1,0,0,0,0.0
4480,1769714290.0990348,decode,74,502810,0.2140983606557377,516738,72,5145.231175261806,0,1,0,0,0,0.0
4481,1769714290.114355,decode,72,474882,0.20220651479667873,502810,72,5145.231175261806,0,1,0,0,0,0.0
4482,1769714290.1282928,decode,72,474950,0.2022354694485842,502882,68,5145.231175261806,0,1,0,0,0,0.0
4483,1769714290.1434,decode,68,440018,0.18736129444326166,474950,68,5145.231175261806,0,1,0,0,0,0.0
4484,1769714290.1568618,decode,68,440081,0.18738812007664465,475018,63,5145.231175261806,0,1,0,0,0,0.0
4485,1769714290.17008,decode,63,440144,0.18741494571002767,440081,63,5145.231175261806,0,1,0,0,0,0.0
4486,1769714290.1839006,decode,63,412207,0.17551926761762826,440144,63,5145.231175261806,0,1,0,0,0,0.0
4487,1769714290.1963282,decode,63,412266,0.17554439003619332,440207,59,5145.231175261806,0,1,0,0,0,0.0
4488,1769714290.2101443,decode,59,363325,0.15470513093463914,412266,59,5145.231175261806,0,1,0,0,0,0.0
4489,1769714290.221861,decode,59,363377,0.15472727272727274,412325,52,5145.231175261806,0,1,0,0,0,0.0
4490,1769714290.2332697,decode,52,363429,0.15474941451990631,363377,52,5032.2187330398765,0,1,0,0,0,0.0
4491,1769714290.2450871,decode,52,335481,0.1428490525867575,363429,52,5032.2187330398765,0,1,0,0,0,0.0
4492,1769714290.2555165,decode,52,335529,0.14286949116457312,363481,48,5032.2187330398765,0,1,0,0,0,0.0
4493,1769714290.2670214,decode,48,293577,0.12500617415371515,335529,48,5032.2187330398765,0,1,0,0,0,0.0
4494,1769714290.276951,decode,48,286619,0.1220434319778582,335577,42,5032.2187330398765,0,1,0,0,0,0.0
4495,1769714290.2865047,decode,42,286660,0.12206088992974239,293619,41,5032.2187330398765,0,1,0,0,0,0.0
4496,1769714290.2971532,decode,41,244701,0.10419459229295294,286660,41,5032.2187330398765,0,1,0,0,0,0.0
4497,1769714290.3060646,decode,41,244736,0.10420949542261018,286701,35,5032.2187330398765,0,1,0,0,0,0.0
4498,1769714290.3151686,decode,35,244771,0.10422439855226741,244736,35,5032.2187330398765,0,1,0,0,0,0.0
4499,1769714290.3249352,decode,35,216806,0.09231679795614221,244771,35,5032.2187330398765,0,1,0,0,0,0.0
4500,1769714290.3333592,decode,35,216837,0.09232999787098148,244806,31,5032.2187330398765,0,1,0,0,0,0.0
4501,1769714290.342703,decode,31,181868,0.07744006812859272,216837,31,5032.2187330398765,0,1,0,0,0,0.0
4502,1769714290.35109,decode,31,153894,0.0655286352991271,216868,26,5032.2187330398765,0,1,0,0,0,0.0
4503,1769714290.359009,decode,26,132916,0.05659612518628912,181894,22,5032.2187330398765,0,1,0,0,0,0.0
4504,1769714290.365806,decode,22,132935,0.056604215456674475,153916,19,5032.2187330398765,0,1,0,0,0,0.0
4505,1769714290.3735304,decode,19,97954,0.04170917606983181,132935,19,5032.2187330398765,0,1,0,0,0,0.0
4506,1769714290.3802073,decode,19,76968,0.032773259527357886,132954,14,5032.2187330398765,0,1,0,0,0,0.0
4507,1769714290.3859727,decode,14,76979,0.032777943368107305,97968,11,5032.2187330398765,0,1,0,0,0,0.0
4508,1769714290.3926744,decode,11,41990,0.0178794975516287,76979,11,5032.2187330398765,0,1,0,0,0,0.0
4509,1769714290.3983974,decode,11,13996,0.005959548648073239,76990,6,5032.2187330398765,0,1,0,0,0,0.0
4510,1769714290.403309,decode,6,6998,0.0029797743240366193,41996,2,5032.2187330398765,0,1,0,0,0,0.0
4511,1769714290.4077113,decode,2,6999,0.002980200127741111,13998,1,5032.2187330398765,0,1,0,0,0,0.0
4512,1769714290.412561,decode,1,0,0.0,6999,1,5032.2187330398765,0,1,0,0,0,0.0
4512,1769714290.4167156,decode,1,0,0.0,7000,1,5032.2187330398765,0,1,0,0,0,0.0
