batch_id,timestamp,forward_mode,batch_size,num_tokens,token_usage,batch_num_tokens,gpu_num_reqs,gen_throughput,num_queue_reqs,num_retracted_reqs,num_new_seqs,num_new_tokens,num_cached_tokens,cache_hit_rate
3,1769711706.2724192,decode,1,6,2.5548222269533746e-06,5,1,0.0,0,0,0,0,0,0.0
4,1769711706.2756119,decode,1,7,2.9806259314456037e-06,6,1,0.0,0,0,0,0,0,0.0
5,1769711706.2792604,decode,1,8,3.4064296359378325e-06,7,1,0.0,0,0,0,0,0,0.0
6,1769711706.2829494,decode,1,9,3.832233340430062e-06,8,1,0.0,0,0,0,0,0,0.0
7,1769711706.2866387,decode,1,10,4.258037044922291e-06,9,1,0.0,0,0,0,0,0,0.0
8,1769711706.290328,decode,1,11,4.6838407494145196e-06,10,1,0.0,0,0,0,0,0,0.0
9,1769711706.294357,decode,1,0,0.0,11,1,0.0,0,0,0,0,0,0.0
9,1769711706.297663,decode,1,0,0.0,12,1,0.0,0,0,0,0,0,0.0
12,1769711737.7771773,decode,1,40001,0.017032573983393657,5001,1,0.0,7,0,0,0,0,0.0
14,1769711737.977309,decode,8,110009,0.04684223972748563,40009,8,0.0,14,0,0,0,0,0.0
17,1769711737.9884403,decode,23,115055,0.048990845220353414,115032,23,0.0,0,0,0,0,0,0.0
18,1769711737.994397,decode,23,120055,0.05111986374281456,115055,23,0.0,1,0,0,0,0,0.0
20,1769711738.0021904,decode,24,120103,0.05114030232063019,120079,24,0.0,0,0,0,0,0,0.0
21,1769711738.0082266,decode,24,125103,0.053269320843091335,120103,24,0.0,1,0,0,0,0,0.0
23,1769711738.0167542,decode,25,125153,0.05329061102831595,125128,25,0.0,0,0,0,0,0,0.0
24,1769711738.022942,decode,25,130153,0.05541962955077709,125153,25,0.0,1,0,0,0,0,0.0
26,1769711738.0310252,decode,26,130205,0.05544177134341069,130179,26,0.0,0,0,0,0,0,0.0
27,1769711738.0373986,decode,26,135205,0.05757078986587183,130205,26,0.0,1,0,0,0,0,0.0
29,1769711738.0456033,decode,27,140232,0.05971130508835427,135232,27,0.0,1,0,0,0,0,0.0
31,1769711738.0538635,decode,28,140288,0.059735150095805836,140260,28,0.0,0,0,0,0,0,0.0
32,1769711738.0603714,decode,28,145288,0.061864168618266976,140288,28,0.0,1,0,0,0,0,0.0
34,1769711738.0687237,decode,29,145346,0.061888865233127525,145317,29,0.0,0,0,0,0,0,0.0
35,1769711738.0753274,decode,29,150346,0.06401788375558867,145346,29,0.0,1,0,0,0,0,0.0
37,1769711738.0837643,decode,30,150406,0.06404343197785821,150376,30,0.0,0,0,0,0,0,0.0
38,1769711738.090448,decode,30,155406,0.06617245050031935,150406,30,0.0,1,0,0,0,0,0.0
40,1769711738.0989928,decode,31,160437,0.06831466893761975,155437,31,0.0,1,0,0,0,0,0.0
42,1769711738.1077726,decode,32,160501,0.06834192037470727,160469,32,0.0,0,0,0,0,0,0.0
43,1769711738.1146045,decode,32,165501,0.0704709388971684,160501,32,0.0,1,0,0,0,0,0.0
45,1769711738.1238298,decode,33,165567,0.0704990419416649,165534,33,0.0,0,0,0,0,0,0.0
46,1769711738.130753,decode,33,170567,0.07262806046412604,165567,33,0.0,1,0,0,0,0,0.0
48,1769711738.1394954,decode,34,170635,0.07265701511603151,170601,34,0.0,0,0,0,0,0,0.0
49,1769711738.1464775,decode,34,175635,0.07478603363849265,170635,34,0.0,1,0,0,0,0,0.0
51,1769711738.1554723,decode,35,175705,0.07481583989780712,175670,35,0.0,0,0,0,0,0,0.0
52,1769711738.162653,decode,35,180705,0.07694485842026826,175705,35,0.0,1,0,0,0,0,0.0
54,1769711738.171679,decode,36,180777,0.0769755162869917,180741,36,0.0,0,0,0,0,0,0.0
55,1769711738.1789067,decode,36,185777,0.07910453480945284,180777,36,0.0,1,0,0,0,0,0.0
57,1769711738.187997,decode,37,185851,0.07913604428358527,185814,37,0.0,0,0,0,0,0,0.0
58,1769711738.195315,decode,37,190851,0.08126506280604641,185851,37,0.0,1,0,0,0,0,0.0
60,1769711738.2045932,decode,38,195889,0.08341026186927826,190889,38,0.0,1,0,0,0,0,0.0
62,1769711738.213994,decode,39,195967,0.08344347455822866,195928,39,23.61392674216023,0,0,0,0,0,0.0
63,1769711738.2213547,decode,39,200967,0.0855724930806898,195967,39,23.61392674216023,1,0,0,0,0,0.0
65,1769711738.2307174,decode,40,206007,0.08771854375133063,201007,40,23.61392674216023,1,0,0,0,0,0.0
67,1769711738.2407029,decode,41,206089,0.087753459655099,206048,41,23.61392674216023,0,0,0,0,0,0.0
68,1769711738.2483935,decode,41,211089,0.08988247817756015,206089,41,23.61392674216023,1,0,0,0,0,0.0
70,1769711738.258063,decode,42,216131,0.09202938045560996,211131,42,23.61392674216023,1,0,0,0,0,0.0
72,1769711738.26775,decode,43,216217,0.0920659995741963,216174,43,23.61392674216023,0,0,0,0,0,0.0
73,1769711738.2755911,decode,43,221217,0.09419501809665744,216217,43,23.61392674216023,1,0,0,0,0,0.0
76,1769711738.2877164,decode,45,226307,0.09636235895252289,226262,45,23.61392674216023,0,0,0,0,0,0.0
77,1769711738.295747,decode,45,226352,0.09638152011922503,226307,45,23.61392674216023,0,0,0,0,0,0.0
78,1769711738.3037922,decode,45,231352,0.09851053864168619,226352,45,23.61392674216023,1,0,0,0,0,0.0
81,1769711738.3186846,decode,47,236446,0.1006795827123696,236399,47,23.61392674216023,0,0,0,0,0,0.0
82,1769711738.3268726,decode,47,241446,0.10280860123483074,236446,47,23.61392674216023,1,0,0,0,0,0.0
84,1769711738.336944,decode,48,246494,0.10495805833510752,241494,48,23.61392674216023,1,0,0,0,0,0.0
86,1769711738.3476431,decode,49,246592,0.10499978709814775,246543,49,23.61392674216023,0,0,0,0,0,0.0
87,1769711738.3560324,decode,49,251592,0.1071288056206089,246592,49,23.61392674216023,1,0,0,0,0,0.0
90,1769711738.3687015,decode,51,256694,0.10930125612092825,256643,51,23.61392674216023,0,0,0,0,0,0.0
91,1769711738.3772626,decode,51,261694,0.1114302746433894,256694,51,23.61392674216023,1,0,0,0,0,0.0
93,1769711738.3878434,decode,52,261798,0.1114745582286566,261746,52,23.61392674216023,0,0,0,0,0,0.0
94,1769711738.396585,decode,52,266798,0.11360357675111774,261798,52,23.61392674216023,1,0,0,0,0,0.0
97,1769711738.4102077,decode,54,271906,0.11577858207366404,271852,54,23.61392674216023,0,0,0,0,0,0.0
98,1769711738.4195716,decode,54,276906,0.11790760059612519,271906,54,23.61392674216023,1,0,0,0,0,0.0
100,1769711738.4309242,decode,55,281961,0.1200600383223334,276961,55,23.61392674216023,1,0,0,0,0,0.0
102,1769711738.4422855,decode,56,287017,0.12221290185224612,282017,56,23.61392674216023,1,0,0,0,0,0.0
104,1769711738.45432,decode,57,287131,0.12226144347455822,287074,57,23.61392674216023,0,0,0,0,0,0.0
105,1769711738.4639952,decode,57,292131,0.12439046199701938,287131,57,23.61392674216023,1,0,0,0,0,0.0
108,1769711738.4784396,decode,59,297249,0.1265697253566106,297190,59,23.61392674216023,0,0,0,0,0,0.0
109,1769711738.4881916,decode,59,302249,0.12869874387907174,297249,59,23.61392674216023,1,0,0,0,0,0.0
111,1769711738.500005,decode,60,307309,0.13085331062380243,302309,60,23.61392674216023,1,0,0,0,0,0.0
113,1769711738.5118315,decode,61,307431,0.13090525867575048,307370,61,23.61392674216023,0,0,0,0,0,0.0
114,1769711738.5217547,decode,61,312431,0.13303427719821162,307431,61,23.61392674216023,1,0,0,0,0,0.0
117,1769711738.5360277,decode,63,317557,0.1352169469874388,317494,63,23.61392674216023,0,0,0,0,0,0.0
118,1769711738.546107,decode,63,322557,0.13734596550989994,317557,63,23.61392674216023,1,0,0,0,0,0.0
121,1769711738.561357,decode,65,327687,0.13953033851394508,327622,65,23.61392674216023,0,0,0,0,0,0.0
122,1769711738.5719092,decode,65,332687,0.14165935703640622,327687,65,23.61392674216023,1,0,0,0,0,0.0
125,1769711738.5868766,decode,67,337821,0.14384543325526933,337754,67,23.61392674216023,0,0,0,0,0,0.0
126,1769711738.5975132,decode,67,342821,0.14597445177773047,337821,67,23.61392674216023,1,0,0,0,0,0.0
129,1769711738.6126156,decode,69,347959,0.14816223121141153,347890,69,23.61392674216023,0,0,0,0,0,0.0
130,1769711738.6233928,decode,69,352959,0.15029124973387267,347959,69,23.61392674216023,1,0,0,0,0,0.0
133,1769711738.6386697,decode,71,358101,0.15248073238237173,358030,71,23.61392674216023,0,0,0,0,0,0.0
134,1769711738.6497114,decode,71,363101,0.15460975090483287,358101,71,4986.958840750141,1,0,0,0,0,0.0
137,1769711738.6657212,decode,73,368247,0.15680093676814988,368174,73,4986.958840750141,0,0,0,0,0,0.0
138,1769711738.676899,decode,73,373247,0.15892995529061102,368247,73,4986.958840750141,1,0,0,0,0,0.0
141,1769711738.692905,decode,75,378397,0.16112284436874602,378322,75,4986.958840750141,0,0,0,0,0,0.0
142,1769711738.7042453,decode,75,383397,0.16325186289120716,378397,75,4986.958840750141,1,0,0,0,0,0.0
145,1769711738.72032,decode,77,388551,0.1654464551841601,388474,77,4986.958840750141,0,0,0,0,0,0.0
146,1769711738.7317688,decode,77,393551,0.16757547370662124,388551,77,4986.958840750141,1,0,0,0,0,0.0
149,1769711738.7498164,decode,79,398709,0.16977176921439216,398630,79,4986.958840750141,0,0,0,0,0,0.0
150,1769711738.7614126,decode,79,403709,0.1719007877368533,398709,79,4986.958840750141,1,0,0,0,0,0.0
153,1769711738.7780664,decode,81,413790,0.17619331488183948,408790,81,4986.958840750141,1,0,0,0,0,0.0
155,1769711738.792044,decode,82,418872,0.17835724930806898,413872,82,4986.958840750141,1,0,0,0,0,0.0
157,1769711738.806087,decode,83,423955,0.18052160953800298,418955,83,4986.958840750141,1,0,0,0,0,0.0
160,1769711738.8226511,decode,85,429125,0.1827230146902278,429040,85,4986.958840750141,0,0,0,0,0,0.0
161,1769711738.8347425,decode,85,434125,0.18485203321268895,429125,85,4986.958840750141,1,0,0,0,0,0.0
164,1769711738.851338,decode,87,439299,0.18705514157973174,439212,87,4986.958840750141,0,0,0,0,0,0.0
165,1769711738.8635097,decode,87,444299,0.18918416010219288,439299,87,4986.958840750141,1,0,0,0,0,0.0
168,1769711738.8808553,decode,89,449477,0.19138897168405364,449388,89,4986.958840750141,0,0,0,0,0,0.0
169,1769711738.8932397,decode,89,454477,0.1935179902065148,449477,89,4986.958840750141,1,0,0,0,0,0.0
172,1769711738.9102383,decode,91,464568,0.1978147753885459,459568,91,4986.958840750141,1,0,0,0,0,0.0
175,1769711738.9273844,decode,93,469754,0.2000229934000426,469661,93,4986.958840750141,0,0,0,0,0,0.0
176,1769711738.9401217,decode,93,474754,0.20215201192250373,469754,93,4986.958840750141,1,0,0,0,0,0.0
179,1769711738.9576926,decode,95,479944,0.2043619331488184,479849,95,4986.958840750141,0,0,0,0,0,0.0
180,1769711738.9705367,decode,95,484944,0.20649095167127954,479944,95,4986.958840750141,1,0,0,0,0,0.0
183,1769711738.988809,decode,97,490138,0.2087025761124122,490041,97,4986.958840750141,0,0,0,0,0,0.0
184,1769711739.0019066,decode,97,495138,0.21083159463487333,490138,97,4986.958840750141,1,0,0,0,0,0.0
187,1769711739.0197155,decode,99,505237,0.21513178624654034,500237,99,4986.958840750141,1,0,0,0,0,0.0
190,1769711739.0377045,decode,101,510439,0.2173468171173089,510338,101,4986.958840750141,0,0,0,0,0,0.0
191,1769711739.0510812,decode,101,515439,0.21947583563977008,510439,101,4986.958840750141,1,0,0,0,0,0.0
194,1769711739.0693302,decode,103,520645,0.22169256972535661,520542,103,4986.958840750141,0,0,0,0,0,0.0
195,1769711739.0829222,decode,103,525645,0.22382158824781775,520645,103,4986.958840750141,1,0,0,0,0,0.0
199,1769711739.1046584,decode,106,535857,0.2281698956780924,535751,106,4986.958840750141,0,0,0,0,0,0.0
200,1769711739.1184936,decode,106,540857,0.23029891420055354,535857,106,4986.958840750141,1,0,0,0,0,0.0
203,1769711739.1372173,decode,108,546073,0.232519906323185,545965,108,4986.958840750141,0,0,0,0,0,0.0
204,1769711739.1512485,decode,108,551073,0.23464892484564615,546073,108,4986.958840750141,1,0,0,0,0,0.0
207,1769711739.1732004,decode,111,561295,0.23900149031296572,561184,111,4986.958840750141,0,0,0,0,0,0.0
208,1769711739.1892862,decode,111,566295,0.24113050883542686,561295,111,4986.958840750141,1,0,0,0,0,0.0
211,1769711739.2140985,decode,114,576523,0.24548562912497338,576409,114,4986.958840750141,0,0,0,0,0,0.0
212,1769711739.2305994,decode,114,581523,0.24761464764743454,576523,114,4986.958840750141,1,0,0,0,0,0.0
215,1769711739.2534769,decode,117,591757,0.251972322759208,591640,117,4986.958840750141,0,0,0,0,0,0.0
216,1769711739.2703605,decode,117,596757,0.25410134128166917,591757,117,4986.958840750141,1,0,0,0,0,0.0
219,1769711739.2932744,decode,120,606997,0.2584615712156696,606877,120,5867.53678042948,0,0,0,0,0,0.0
220,1769711739.3101358,decode,120,611997,0.2605905897381307,606997,120,5867.53678042948,1,0,0,0,0,0.0
223,1769711739.3336391,decode,123,622243,0.2649533744943581,622120,123,5867.53678042948,0,0,0,0,0,0.0
224,1769711739.3507795,decode,123,632243,0.2692114115392804,622243,123,5867.53678042948,2,0,0,0,0,0.0
227,1769711739.3727279,decode,126,637495,0.2714477325952736,637369,126,5867.53678042948,0,0,0,0,0,0.0
228,1769711739.389988,decode,126,647495,0.2757057696401959,637495,126,5867.53678042948,2,0,0,0,0,0.0
231,1769711739.413993,decode,129,657624,0.28001873536299765,652624,129,5867.53678042948,1,0,0,0,0,0.0
234,1769711739.437697,decode,131,667755,0.28433255269320845,662755,131,5867.53678042948,1,0,0,0,0,0.0
237,1769711739.4614549,decode,133,673021,0.2865748350010645,672888,133,5867.53678042948,0,0,0,0,0,0.0
238,1769711739.4804938,decode,133,683021,0.2908328720459868,673021,133,5867.53678042948,2,0,0,0,0,0.0
241,1769711739.5044925,decode,136,693157,0.29514881839472,688157,136,5867.53678042948,1,0,0,0,0,0.0
244,1769711739.5291846,decode,138,703295,0.2994656163508623,698295,138,5867.53678042948,1,0,0,0,0,0.0
247,1769711739.5534017,decode,140,713435,0.30378326591441346,708435,140,5867.53678042948,1,0,0,0,0,0.0
250,1769711739.5776913,decode,142,723577,0.3081017670853736,718577,142,5867.53678042948,1,0,0,0,0,0.0
253,1769711739.6021242,decode,144,728865,0.3103534170747286,728721,144,5867.53678042948,0,0,0,0,0,0.0
254,1769711739.6217616,decode,144,738865,0.31461145411965086,728865,144,5867.53678042948,2,0,0,0,0,0.0
257,1769711739.6480558,decode,148,749161,0.31899552906110284,749013,148,5867.53678042948,0,0,0,0,0,0.0
258,1769711739.6680586,decode,148,759161,0.3232535661060251,749161,148,5867.53678042948,2,0,0,0,0,0.0
262,1769711739.6979725,decode,152,769465,0.32764104747711303,769313,152,5867.53678042948,0,0,0,0,0,0.0
263,1769711739.7181356,decode,152,779465,0.3318990845220353,769465,152,5867.53678042948,2,0,0,0,0,0.0
266,1769711739.7441337,decode,155,789620,0.33622312114115394,784620,155,5867.53678042948,1,0,0,0,0,0.0
270,1769711739.7721546,decode,158,799936,0.3406157121566958,799778,158,5867.53678042948,0,0,0,0,0,0.0
271,1769711739.7928338,decode,158,809936,0.34487374920161806,799936,158,5867.53678042948,2,0,0,0,0,0.0
275,1769711739.8213158,decode,162,820260,0.34926974664679583,820098,162,5867.53678042948,0,0,0,0,0,0.0
276,1769711739.8421626,decode,162,830260,0.3535277836917181,820260,162,5867.53678042948,2,0,0,0,0,0.0
279,1769711739.868216,decode,165,840425,0.35785607834788163,835425,165,5867.53678042948,1,0,0,0,0,0.0
283,1769711739.896724,decode,168,850761,0.3622571854375133,850593,168,5867.53678042948,0,0,0,0,0,0.0
284,1769711739.9180799,decode,168,860761,0.3665152224824356,850761,168,5867.53678042948,2,0,0,0,0,0.0
287,1769711739.9455,decode,171,870932,0.3708460719608261,865932,171,5867.53678042948,1,0,0,0,0,0.0
291,1769711739.974672,decode,174,881280,0.3752522886949117,881106,174,5867.53678042948,0,0,0,0,0,0.0
292,1769711739.9963753,decode,174,891280,0.37951032573983395,881280,174,5867.53678042948,2,0,0,0,0,0.0
295,1769711740.0252876,decode,178,901636,0.38391994890355546,901458,178,5867.53678042948,0,0,0,0,0,0.0
296,1769711740.0473254,decode,178,911636,0.38817798594847774,901636,178,5867.53678042948,2,0,0,0,0,0.0
299,1769711740.0760975,decode,182,922000,0.39259101554183523,921818,182,5867.53678042948,0,0,0,0,0,0.0
300,1769711740.0986235,decode,182,932000,0.3968490525867575,922000,182,5867.53678042948,2,0,0,0,0,0.0
304,1769711740.129217,decode,186,942372,0.4012654886097509,942186,186,5867.53678042948,0,0,0,0,0,0.0
305,1769711740.152036,decode,186,947372,0.40339450713221203,942372,186,5867.53678042948,1,0,0,0,0,0.0
308,1769711740.1836705,decode,189,962561,0.40986203959974454,957561,189,5867.53678042948,1,0,0,0,0,0.0
311,1769711740.2124496,decode,191,967943,0.4121537151373217,967752,191,5867.53678042948,0,0,0,0,0,0.0
312,1769711740.235521,decode,191,977943,0.41641175218224397,967943,191,5867.53678042948,2,0,0,0,0,0.0
315,1769711740.2659411,decode,195,993138,0.4228818394720034,988138,195,6436.833665453698,1,0,0,0,0,0.0
318,1769711740.296041,decode,198,1003534,0.42730849478390465,1003336,198,6436.833665453698,0,0,0,0,0,0.0
319,1769711740.319854,decode,198,1013534,0.4315665318288269,1003534,198,6436.833665453698,2,0,0,0,0,0.0
322,1769711740.3511724,decode,202,1023938,0.4359965935703641,1023736,202,6436.833665453698,0,0,0,0,0,0.0
323,1769711740.3753083,decode,202,1033938,0.44025463061528636,1023938,202,6436.833665453698,2,0,0,0,0,0.0
327,1769711740.408554,decode,207,1049352,0.4468179689163296,1049145,207,6436.833665453698,0,0,0,0,0,0.0
328,1769711740.433104,decode,207,1059352,0.45107600596125186,1049352,207,6436.833665453698,2,0,0,0,0,0.0
331,1769711740.4649482,decode,211,1074563,0.45755290611028315,1069563,211,6436.833665453698,1,0,0,0,0,0.0
334,1769711740.496661,decode,214,1084991,0.4619931871407281,1084777,214,6436.833665453698,0,0,0,0,0,0.0
335,1769711740.5216947,decode,214,1094991,0.4662512241856504,1084991,214,6436.833665453698,2,0,0,0,0,0.0
338,1769711740.5560489,decode,218,1110209,0.47273110496061316,1105209,218,6436.833665453698,1,0,0,0,0,0.0
341,1769711740.590248,decode,221,1120651,0.477177347242921,1120430,221,6436.833665453698,0,0,0,0,0,0.0
342,1769711740.6176097,decode,221,1135651,0.48356440281030444,1120651,221,6436.833665453698,3,0,0,0,0,0.0
345,1769711740.6525888,decode,226,1150877,0.4900476900149031,1145877,226,6436.833665453698,1,0,0,0,0,0.0
348,1769711740.6899102,decode,229,1166106,0.4965322546306153,1161106,229,6436.833665453698,1,0,0,0,0,0.0
351,1769711740.7248933,decode,232,1176570,0.500987864594422,1176338,232,6436.833665453698,0,0,0,0,0,0.0
352,1769711740.7528129,decode,232,1191570,0.5073749201618054,1176570,232,6436.833665453698,3,0,0,0,0,0.0
355,1769711740.7884367,decode,237,1206807,0.5138628912071534,1201807,237,6436.833665453698,1,0,0,0,0,0.0
358,1769711740.8241036,decode,240,1217287,0.5183253140302321,1217047,240,6436.833665453698,0,0,0,0,0,0.0
359,1769711740.852734,decode,240,1232287,0.5247123695976155,1217287,240,6436.833665453698,3,0,0,0,0,0.0
362,1769711740.8890934,decode,245,1242777,0.5291790504577389,1242532,245,6436.833665453698,0,0,0,0,0,0.0
363,1769711740.9181635,decode,245,1257777,0.5355661060251224,1242777,245,6436.833665453698,3,0,0,0,0,0.0
366,1769711740.954761,decode,250,1273027,0.5420596125186289,1268027,250,6436.833665453698,1,0,0,0,0,0.0
369,1769711740.9912648,decode,253,1283533,0.5465331062380243,1283280,253,6436.833665453698,0,0,0,0,0,0.0
370,1769711741.0208483,decode,253,1298533,0.5529201618054077,1283533,253,6436.833665453698,3,0,0,0,0,0.0
373,1769711741.064721,decode,258,1318791,0.5615460932510112,1308791,258,6436.833665453698,2,0,0,0,0,0.0
377,1769711741.1058767,decode,262,1334053,0.5680447093889717,1329053,262,6436.833665453698,1,0,0,0,0,0.0
380,1769711741.1462343,decode,265,1349318,0.5745446029380455,1344318,265,6436.833665453698,1,0,0,0,0,0.0
383,1769711741.1864471,decode,268,1369586,0.583174792420694,1359586,268,6436.833665453698,2,0,0,0,0,0.0
386,1769711741.2256837,decode,271,1384857,0.5896772407919949,1374857,271,6436.833665453698,2,0,0,0,0,0.0
390,1769711741.2680333,decode,275,1400132,0.5961813923781137,1395132,275,6436.833665453698,1,0,0,0,0,0.0
393,1769711741.309199,decode,278,1415410,0.602686821375346,1410410,278,6436.833665453698,1,0,0,0,0,0.0
396,1769711741.352063,decode,281,1435691,0.6113225463061529,1425691,281,6436.833665453698,2,0,0,0,0,0.0
399,1769711741.392624,decode,284,1450975,0.6178305301256121,1440975,284,6436.833665453698,2,0,0,0,0,0.0
403,1769711741.436021,decode,288,1466263,0.6243402171598893,1461263,288,6436.833665453698,1,0,0,0,0,0.0
406,1769711741.4780555,decode,291,1486554,0.6329802001277411,1476554,291,6436.833665453698,2,0,0,0,0,0.0
410,1769711741.521795,decode,295,1501849,0.6394928677879498,1496849,295,6436.833665453698,1,0,0,0,0,0.0
413,1769711741.5645852,decode,298,1522147,0.648135831381733,1512147,298,6436.833665453698,2,0,0,0,0,0.0
416,1769711741.6075518,decode,302,1537449,0.6546514796678731,1532449,302,6436.833665453698,1,0,0,0,0,0.0
419,1769711741.6527193,decode,305,1557754,0.6632974238875878,1547754,305,6436.833665453698,2,0,0,0,0,0.0
423,1769711741.698104,decode,309,1573063,0.6698160527996594,1568063,309,6930.228853473615,1,0,0,0,0,0.0
426,1769711741.7426717,decode,312,1593375,0.6784649776453056,1583375,312,6930.228853473615,2,0,0,0,0,0.0
430,1769711741.7883167,decode,316,1608691,0.6849865871833085,1603691,316,6930.228853473615,1,0,0,0,0,0.0
433,1769711741.858066,decode,319,1644010,0.7000255482222696,1619010,319,6930.228853473615,5,0,0,0,0,0.0
436,1769711741.906582,decode,325,1659335,0.706550989993613,1649335,325,6930.228853473615,2,0,0,0,0,0.0
439,1769711741.9575655,decode,329,1679664,0.7152071535022355,1669664,329,6930.228853473615,2,0,0,0,0,0.0
442,1769711742.0083237,decode,333,1699997,0.723865020225676,1689997,333,6930.228853473615,2,0,0,0,0,0.0
445,1769711742.058162,decode,337,1720334,0.7325245901639345,1710334,337,6930.228853473615,2,0,0,0,0,0.0
448,1769711742.1087177,decode,341,1740675,0.7411858633170109,1730675,341,6930.228853473615,2,0,0,0,0,0.0
451,1769711742.1582205,decode,345,1761020,0.7498488396849052,1751020,345,6930.228853473615,2,0,0,0,0,0.0
454,1769711742.2086535,decode,349,1781369,0.7585135192676177,1771369,349,6930.228853473615,2,0,0,0,0,0.0
457,1769711742.2581768,decode,353,1801722,0.767179902065148,1791722,353,6930.228853473615,2,0,0,0,0,0.0
461,1769711742.3090296,decode,357,1817079,0.7737189695550352,1812079,357,6930.228853473615,1,0,0,0,0,0.0
464,1769711742.3601234,decode,361,1837440,0.7823887587822014,1832440,361,6930.228853473615,1,0,0,0,0,0.0
467,1769711742.4116344,decode,365,1862805,0.7931892697466468,1852805,365,6930.228853473615,2,0,0,0,0,0.0
470,1769711742.462432,decode,369,1883174,0.801862465403449,1873174,369,6930.228853473615,2,0,0,0,0,0.0
473,1769711742.5386965,decode,373,1908547,0.8126663827975303,1893547,373,6930.228853473615,3,0,0,0,0,0.0
476,1769711742.5917912,decode,379,1928926,0.8213438364913774,1923926,379,6930.228853473615,1,0,0,0,0,0.0
479,1769711742.64512,decode,383,1954309,0.8321520119225038,1944309,383,6930.228853473615,2,0,0,0,0,0.0
482,1769711742.6995952,decode,387,1969696,0.8387038535235256,1964696,387,6930.228853473615,1,0,0,0,0,0.0
485,1769711742.7563658,decode,391,1995087,0.8495154353842879,1985087,391,6930.228853473615,2,0,0,0,0,0.0
488,1769711742.8112261,decode,395,2015482,0.8581997019374068,2005482,395,6930.228853473615,2,0,0,0,0,0.0
491,1769711742.8675015,decode,400,2035882,0.8668860975090483,2030882,400,6930.228853473615,1,0,0,0,0,0.0
495,1769711742.9267645,decode,405,2061287,0.8777036406216734,2056287,405,6930.228853473615,1,0,0,0,0,0.0
498,1769711742.98513,decode,409,2086696,0.8885228869491164,2076696,409,6930.228853473615,2,0,0,0,0,0.0
501,1769711743.0430238,decode,414,2107110,0.8972152437726209,2102110,414,6930.228853473615,1,0,0,0,0,0.0
505,1769711743.1037765,decode,419,2132529,0.9080387481371088,2127529,419,6930.228853473615,1,0,0,0,0,0.0
507,1769711743.1736782,decode,420,2133369,0.9083964232488823,2132949,420,6930.228853473615,4,0,0,0,0,0.0
508,1769711743.225055,decode,420,2133789,0.908575260804769,2133369,420,6930.228853473615,8,0,0,0,0,0.0
509,1769711743.2730584,decode,420,2134209,0.9087540983606558,2133789,420,6930.228853473615,12,0,0,0,0,0.0
510,1769711743.3221204,decode,420,2134629,0.9089329359165425,2134209,420,6930.228853473615,16,0,0,0,0,0.0
511,1769711743.3711302,decode,420,2135049,0.9091117734724292,2134629,420,6930.228853473615,20,0,0,0,0,0.0
512,1769711743.4209702,decode,420,2135469,0.909290611028316,2135049,420,6930.228853473615,23,0,0,0,0,0.0
513,1769711743.4700642,decode,420,2135889,0.9094694485842026,2135469,420,6930.228853473615,28,0,0,0,0,0.0
514,1769711743.5192614,decode,420,2136309,0.9096482861400894,2135889,420,6930.228853473615,32,0,0,0,0,0.0
515,1769711743.5684774,decode,420,2136729,0.9098271236959762,2136309,420,6930.228853473615,36,0,0,0,0,0.0
516,1769711743.6181552,decode,420,2137149,0.9100059612518628,2136729,420,6930.228853473615,39,0,0,0,0,0.0
517,1769711743.6672466,decode,420,2137569,0.9101847988077496,2137149,420,6930.228853473615,43,0,0,0,0,0.0
518,1769711743.7164297,decode,420,2137989,0.9103636363636364,2137569,420,6930.228853473615,47,0,0,0,0,0.0
519,1769711743.765373,decode,420,2138409,0.9105424739195231,2137989,420,6930.228853473615,51,0,0,0,0,0.0
520,1769711743.8155723,decode,420,2138829,0.9107213114754098,2138409,420,7247.36451098884,55,0,0,0,0,0.0
521,1769711743.864537,decode,420,2139249,0.9109001490312966,2138829,420,7247.36451098884,59,0,0,0,0,0.0
522,1769711743.9136043,decode,420,2139669,0.9110789865871833,2139249,420,7247.36451098884,63,0,0,0,0,0.0
523,1769711743.9627495,decode,420,2140089,0.91125782414307,2139669,420,7247.36451098884,67,0,0,0,0,0.0
524,1769711744.0129497,decode,420,2140509,0.9114366616989568,2140089,420,7247.36451098884,71,0,0,0,0,0.0
525,1769711744.062229,decode,420,2140929,0.9116154992548435,2140509,420,7247.36451098884,75,0,0,0,0,0.0
526,1769711744.1116035,decode,420,2141349,0.9117943368107303,2140929,420,7247.36451098884,78,0,0,0,0,0.0
527,1769711744.1610641,decode,420,2141769,0.911973174366617,2141349,420,7247.36451098884,78,0,0,0,0,0.0
528,1769711744.210473,decode,420,2142189,0.9121520119225037,2141769,420,7247.36451098884,78,0,0,0,0,0.0
529,1769711744.2599478,decode,420,2142609,0.9123308494783905,2142189,420,7247.36451098884,78,0,0,0,0,0.0
530,1769711744.3093064,decode,420,2143029,0.9125096870342772,2142609,420,7247.36451098884,78,0,0,0,0,0.0
531,1769711744.3587654,decode,420,2143449,0.9126885245901639,2143029,420,7247.36451098884,78,0,0,0,0,0.0
532,1769711744.407699,decode,420,2143869,0.9128673621460507,2143449,420,7247.36451098884,78,0,0,0,0,0.0
533,1769711744.4573214,decode,420,2144289,0.9130461997019375,2143869,420,7247.36451098884,78,0,0,0,0,0.0
534,1769711744.5062258,decode,420,2144709,0.9132250372578241,2144289,420,7247.36451098884,80,0,0,0,0,0.0
535,1769711744.5548716,decode,420,2145129,0.9134038748137109,2144709,420,7247.36451098884,80,0,0,0,0,0.0
536,1769711744.6039531,decode,420,2145549,0.9135827123695976,2145129,420,7247.36451098884,80,0,0,0,0,0.0
537,1769711744.652849,decode,420,2145969,0.9137615499254843,2145549,420,7247.36451098884,80,0,0,0,0,0.0
538,1769711744.701912,decode,420,2146389,0.9139403874813711,2145969,420,7247.36451098884,80,0,0,0,0,0.0
539,1769711744.7509673,decode,420,2146809,0.9141192250372578,2146389,420,7247.36451098884,80,0,0,0,0,0.0
540,1769711744.7998502,decode,420,2147229,0.9142980625931446,2146809,420,7247.36451098884,80,0,0,0,0,0.0
541,1769711744.848921,decode,420,2147649,0.9144769001490313,2147229,420,7247.36451098884,80,0,0,0,0,0.0
542,1769711744.8981833,decode,420,2148069,0.914655737704918,2147649,420,7247.36451098884,80,0,0,0,0,0.0
543,1769711744.9470284,decode,420,2148489,0.9148345752608048,2148069,420,7247.36451098884,80,0,0,0,0,0.0
544,1769711744.996059,decode,420,2148909,0.9150134128166915,2148489,420,7247.36451098884,80,0,0,0,0,0.0
545,1769711745.0449867,decode,420,2149329,0.9151922503725782,2148909,420,7247.36451098884,80,0,0,0,0,0.0
546,1769711745.0940242,decode,420,2149749,0.915371087928465,2149329,420,7247.36451098884,80,0,0,0,0,0.0
547,1769711745.1436853,decode,420,2150169,0.9155499254843518,2149749,420,7247.36451098884,80,0,0,0,0,0.0
548,1769711745.192564,decode,420,2150589,0.9157287630402384,2150169,420,7247.36451098884,80,0,0,0,0,0.0
549,1769711745.2416477,decode,420,2151009,0.9159076005961252,2150589,420,7247.36451098884,80,0,0,0,0,0.0
550,1769711745.2905426,decode,420,2151429,0.916086438152012,2151009,420,7247.36451098884,80,0,0,0,0,0.0
551,1769711745.3396804,decode,420,2151849,0.9162652757078986,2151429,420,7247.36451098884,80,0,0,0,0,0.0
552,1769711745.3886993,decode,420,2152269,0.9164441132637854,2151849,420,7247.36451098884,80,0,0,0,0,0.0
553,1769711745.4382794,decode,420,2152689,0.9166229508196722,2152269,420,7247.36451098884,80,0,0,0,0,0.0
554,1769711745.4874475,decode,420,2153109,0.9168017883755588,2152689,420,7247.36451098884,80,0,0,0,0,0.0
555,1769711745.536492,decode,420,2153529,0.9169806259314456,2153109,420,7247.36451098884,80,0,0,0,0,0.0
556,1769711745.5854805,decode,420,2153949,0.9171594634873323,2153529,420,7247.36451098884,80,0,0,0,0,0.0
557,1769711745.6344783,decode,420,2154369,0.9173383010432191,2153949,420,7247.36451098884,80,0,0,0,0,0.0
558,1769711745.6837015,decode,420,2154789,0.9175171385991058,2154369,420,7247.36451098884,80,0,0,0,0,0.0
559,1769711745.7327611,decode,420,2155209,0.9176959761549925,2154789,420,7247.36451098884,80,0,0,0,0,0.0
560,1769711745.7819402,decode,420,2155629,0.9178748137108793,2155209,420,8543.502816512137,80,0,0,0,0,0.0
561,1769711745.8311865,decode,420,2156049,0.918053651266766,2155629,420,8543.502816512137,80,0,0,0,0,0.0
562,1769711745.8801565,decode,420,2156469,0.9182324888226527,2156049,420,8543.502816512137,80,0,0,0,0,0.0
563,1769711745.9293504,decode,420,2156889,0.9184113263785395,2156469,420,8543.502816512137,80,0,0,0,0,0.0
564,1769711745.9786751,decode,420,2157309,0.9185901639344263,2156889,420,8543.502816512137,80,0,0,0,0,0.0
565,1769711746.0281718,decode,420,2157729,0.9187690014903129,2157309,420,8543.502816512137,80,0,0,0,0,0.0
566,1769711746.0773818,decode,420,2158149,0.9189478390461997,2157729,420,8543.502816512137,80,0,0,0,0,0.0
567,1769711746.1269279,decode,420,2158569,0.9191266766020865,2158149,420,8543.502816512137,80,0,0,0,0,0.0
568,1769711746.1758766,decode,420,2158989,0.9193055141579731,2158569,420,8543.502816512137,80,0,0,0,0,0.0
569,1769711746.2251208,decode,420,2159409,0.9194843517138599,2158989,420,8543.502816512137,80,0,0,0,0,0.0
570,1769711746.2742665,decode,420,2159829,0.9196631892697467,2159409,420,8543.502816512137,80,0,0,0,0,0.0
571,1769711746.3233733,decode,420,2160249,0.9198420268256334,2159829,420,8543.502816512137,80,0,0,0,0,0.0
572,1769711746.3725991,decode,420,2160669,0.9200208643815201,2160249,420,8543.502816512137,80,0,0,0,0,0.0
573,1769711746.4218502,decode,420,2161089,0.9201997019374069,2160669,420,8543.502816512137,80,0,0,0,0,0.0
574,1769711746.4710078,decode,420,2161509,0.9203785394932936,2161089,420,8543.502816512137,80,0,0,0,0,0.0
575,1769711746.5203257,decode,420,2161929,0.9205573770491803,2161509,420,8543.502816512137,80,0,0,0,0,0.0
576,1769711746.5695887,decode,420,2162349,0.920736214605067,2161929,420,8543.502816512137,80,0,0,0,0,0.0
577,1769711746.618694,decode,420,2162769,0.9209150521609538,2162349,420,8543.502816512137,80,0,0,0,0,0.0
578,1769711746.667872,decode,420,2163189,0.9210938897168406,2162769,420,8543.502816512137,80,0,0,0,0,0.0
579,1769711746.7172282,decode,420,2163609,0.9212727272727272,2163189,420,8543.502816512137,80,0,0,0,0,0.0
580,1769711746.766519,decode,420,2164029,0.921451564828614,2163609,420,8543.502816512137,80,0,0,0,0,0.0
581,1769711746.8157926,decode,420,2164449,0.9216304023845008,2164029,420,8543.502816512137,80,0,0,0,0,0.0
582,1769711746.865052,decode,420,2164869,0.9218092399403874,2164449,420,8543.502816512137,80,0,0,0,0,0.0
583,1769711746.9142885,decode,420,2165289,0.9219880774962742,2164869,420,8543.502816512137,80,0,0,0,0,0.0
584,1769711746.9634984,decode,420,2165709,0.922166915052161,2165289,420,8543.502816512137,80,0,0,0,0,0.0
585,1769711747.0127335,decode,420,2166129,0.9223457526080477,2165709,420,8543.502816512137,80,0,0,0,0,0.0
586,1769711747.062145,decode,420,2166549,0.9225245901639344,2166129,420,8543.502816512137,80,0,0,0,0,0.0
587,1769711747.1119533,decode,420,2166969,0.9227034277198212,2166549,420,8543.502816512137,80,0,0,0,0,0.0
588,1769711747.1610997,decode,420,2167389,0.9228822652757079,2166969,420,8543.502816512137,80,0,0,0,0,0.0
589,1769711747.2110233,decode,420,2167809,0.9230611028315946,2167389,420,8543.502816512137,80,0,0,0,0,0.0
590,1769711747.259965,decode,420,2168229,0.9232399403874814,2167809,420,8543.502816512137,80,0,0,0,0,0.0
591,1769711747.3094115,decode,420,2168649,0.9234187779433681,2168229,420,8543.502816512137,80,0,0,0,0,0.0
592,1769711747.3585835,decode,420,2169069,0.9235976154992549,2168649,420,8543.502816512137,80,0,0,0,0,0.0
593,1769711747.407849,decode,420,2169489,0.9237764530551416,2169069,420,8543.502816512137,80,0,0,0,0,0.0
594,1769711747.457112,decode,420,2169909,0.9239552906110283,2169489,420,8543.502816512137,80,0,0,0,0,0.0
595,1769711747.5065346,decode,420,2170329,0.9241341281669151,2169909,420,8543.502816512137,80,0,0,0,0,0.0
596,1769711747.5559397,decode,420,2170749,0.9243129657228017,2170329,420,8543.502816512137,80,0,0,0,0,0.0
597,1769711747.6052995,decode,420,2171169,0.9244918032786885,2170749,420,8543.502816512137,80,0,0,0,0,0.0
598,1769711747.6547184,decode,420,2171589,0.9246706408345753,2171169,420,8543.502816512137,80,0,0,0,0,0.0
599,1769711747.7041492,decode,420,2172009,0.9248494783904619,2171589,420,8543.502816512137,80,0,0,0,0,0.0
600,1769711747.753611,decode,420,2172429,0.9250283159463487,2172009,420,8520.708929160377,80,0,0,0,0,0.0
601,1769711747.8029273,decode,420,2172849,0.9252071535022355,2172429,420,8520.708929160377,80,0,0,0,0,0.0
602,1769711747.8524837,decode,420,2173269,0.9253859910581222,2172849,420,8520.708929160377,80,0,0,0,0,0.0
603,1769711747.9017916,decode,420,2173689,0.9255648286140089,2173269,420,8520.708929160377,80,0,0,0,0,0.0
604,1769711747.951163,decode,420,2174109,0.9257436661698957,2173689,420,8520.708929160377,80,0,0,0,0,0.0
605,1769711748.0006385,decode,420,2174529,0.9259225037257824,2174109,420,8520.708929160377,80,0,0,0,0,0.0
606,1769711748.0499568,decode,420,2174949,0.9261013412816691,2174529,420,8520.708929160377,80,0,0,0,0,0.0
607,1769711748.0997474,decode,420,2175369,0.9262801788375559,2174949,420,8520.708929160377,80,0,0,0,0,0.0
608,1769711748.1490707,decode,420,2175789,0.9264590163934426,2175369,420,8520.708929160377,80,0,0,0,0,0.0
609,1769711748.1984727,decode,420,2176209,0.9266378539493294,2175789,420,8520.708929160377,80,0,0,0,0,0.0
610,1769711748.2478642,decode,420,2176629,0.9268166915052161,2176209,420,8520.708929160377,80,0,0,0,0,0.0
611,1769711748.297337,decode,420,2177049,0.9269955290611028,2176629,420,8520.708929160377,80,0,0,0,0,0.0
612,1769711748.3467436,decode,420,2177469,0.9271743666169896,2177049,420,8520.708929160377,80,0,0,0,0,0.0
613,1769711748.3963668,decode,420,2177889,0.9273532041728763,2177469,420,8520.708929160377,80,0,0,0,0,0.0
614,1769711748.4457726,decode,420,2178309,0.927532041728763,2177889,420,8520.708929160377,80,0,0,0,0,0.0
615,1769711748.4951818,decode,420,2178729,0.9277108792846498,2178309,420,8520.708929160377,80,0,0,0,0,0.0
616,1769711748.5445406,decode,420,2179149,0.9278897168405366,2178729,420,8520.708929160377,80,0,0,0,0,0.0
617,1769711748.5940096,decode,420,2179569,0.9280685543964232,2179149,420,8520.708929160377,80,0,0,0,0,0.0
618,1769711748.6437995,decode,420,2179989,0.92824739195231,2179569,420,8520.708929160377,80,0,0,0,0,0.0
619,1769711748.6937509,decode,420,2180409,0.9284262295081968,2179989,420,8520.708929160377,80,0,0,0,0,0.0
620,1769711748.7432857,decode,420,2180829,0.9286050670640834,2180409,420,8520.708929160377,80,0,0,0,0,0.0
621,1769711748.7926147,decode,420,2181249,0.9287839046199702,2180829,420,8520.708929160377,80,0,0,0,0,0.0
622,1769711748.8419933,decode,420,2181669,0.928962742175857,2181249,420,8520.708929160377,80,0,0,0,0,0.0
623,1769711748.8915544,decode,420,2182089,0.9291415797317437,2181669,420,8520.708929160377,80,0,0,0,0,0.0
624,1769711748.9413142,decode,420,2182509,0.9293204172876304,2182089,420,8520.708929160377,80,0,0,0,0,0.0
625,1769711748.990788,decode,420,2182929,0.9294992548435171,2182509,420,8520.708929160377,80,0,0,0,0,0.0
626,1769711749.0404885,decode,420,2183349,0.9296780923994039,2182929,420,8520.708929160377,80,0,0,0,0,0.0
627,1769711749.0900683,decode,420,2183769,0.9298569299552906,2183349,420,8520.708929160377,80,0,0,0,0,0.0
628,1769711749.1400037,decode,420,2184189,0.9300357675111773,2183769,420,8520.708929160377,80,0,0,0,0,0.0
629,1769711749.1896617,decode,420,2184609,0.9302146050670641,2184189,420,8520.708929160377,80,0,0,0,0,0.0
630,1769711749.2392025,decode,420,2185029,0.9303934426229509,2184609,420,8520.708929160377,80,0,0,0,0,0.0
631,1769711749.2887702,decode,420,2185449,0.9305722801788375,2185029,420,8520.708929160377,80,0,0,0,0,0.0
632,1769711749.3383968,decode,420,2185869,0.9307511177347243,2185449,420,8520.708929160377,80,0,0,0,0,0.0
633,1769711749.3880837,decode,420,2186289,0.9309299552906111,2185869,420,8520.708929160377,80,0,0,0,0,0.0
634,1769711749.4377337,decode,420,2186709,0.9311087928464977,2186289,420,8520.708929160377,80,0,0,0,0,0.0
635,1769711749.4874225,decode,420,2187129,0.9312876304023845,2186709,420,8520.708929160377,80,0,0,0,0,0.0
636,1769711749.5370882,decode,420,2187549,0.9314664679582713,2187129,420,8520.708929160377,80,0,0,0,0,0.0
637,1769711749.5865698,decode,420,2187969,0.931645305514158,2187549,420,8520.708929160377,80,0,0,0,0,0.0
638,1769711749.636417,decode,420,2188389,0.9318241430700447,2187969,420,8520.708929160377,80,0,0,0,0,0.0
639,1769711749.6861525,decode,420,2188809,0.9320029806259315,2188389,420,8520.708929160377,80,0,0,0,0,0.0
640,1769711749.7365136,decode,420,2189229,0.9321818181818182,2188809,420,8472.519835067518,80,0,0,0,0,0.0
641,1769711749.785848,decode,420,2189649,0.9323606557377049,2189229,420,8472.519835067518,80,0,0,0,0,0.0
642,1769711749.8354986,decode,420,2190069,0.9325394932935916,2189649,420,8472.519835067518,80,0,0,0,0,0.0
643,1769711749.885146,decode,420,2190489,0.9327183308494784,2190069,420,8472.519835067518,80,0,0,0,0,0.0
644,1769711749.9349313,decode,420,2190909,0.9328971684053651,2190489,420,8472.519835067518,80,0,0,0,0,0.0
645,1769711749.9848282,decode,420,2191329,0.9330760059612518,2190909,420,8472.519835067518,80,0,0,0,0,0.0
646,1769711750.034431,decode,420,2191749,0.9332548435171386,2191329,420,8472.519835067518,80,0,0,0,0,0.0
647,1769711750.084051,decode,420,2192169,0.9334336810730254,2191749,420,8472.519835067518,80,0,0,0,0,0.0
648,1769711750.1343105,decode,420,2192589,0.933612518628912,2192169,420,8472.519835067518,80,0,0,0,0,0.0
649,1769711750.1838384,decode,420,2193009,0.9337913561847988,2192589,420,8472.519835067518,80,0,0,0,0,0.0
650,1769711750.2335358,decode,420,2193429,0.9339701937406856,2193009,420,8472.519835067518,80,0,0,0,0,0.0
651,1769711750.2834315,decode,420,2193849,0.9341490312965722,2193429,420,8472.519835067518,80,0,0,0,0,0.0
652,1769711750.333175,decode,420,2194269,0.934327868852459,2193849,420,8472.519835067518,80,0,0,0,0,0.0
653,1769711750.3828342,decode,420,2194689,0.9345067064083458,2194269,420,8472.519835067518,80,0,0,0,0,0.0
654,1769711750.4325423,decode,420,2195109,0.9346855439642325,2194689,420,8472.519835067518,80,0,0,0,0,0.0
655,1769711750.4822922,decode,420,2195529,0.9348643815201192,2195109,420,8472.519835067518,80,0,0,0,0,0.0
656,1769711750.53232,decode,420,2195949,0.935043219076006,2195529,420,8472.519835067518,80,0,0,0,0,0.0
657,1769711750.5820224,decode,420,2196369,0.9352220566318927,2195949,420,8472.519835067518,80,0,0,0,0,0.0
658,1769711750.6316948,decode,420,2196789,0.9354008941877794,2196369,420,8472.519835067518,80,0,0,0,0,0.0
659,1769711750.681452,decode,420,2197209,0.9355797317436662,2196789,420,8472.519835067518,80,0,0,0,0,0.0
660,1769711750.7313352,decode,420,2197629,0.9357585692995529,2197209,420,8472.519835067518,80,0,0,0,0,0.0
661,1769711750.781152,decode,420,2198049,0.9359374068554397,2197629,420,8472.519835067518,80,0,0,0,0,0.0
662,1769711750.8308635,decode,420,2198469,0.9361162444113263,2198049,420,8472.519835067518,80,0,0,0,0,0.0
663,1769711750.8807302,decode,420,2198889,0.9362950819672131,2198469,420,8472.519835067518,80,0,0,0,0,0.0
664,1769711750.9306355,decode,420,2199309,0.9364739195230999,2198889,420,8472.519835067518,80,0,0,0,0,0.0
665,1769711750.980358,decode,420,2199729,0.9366527570789865,2199309,420,8472.519835067518,80,0,0,0,0,0.0
666,1769711751.0302272,decode,420,2200149,0.9368315946348733,2199729,420,8472.519835067518,80,0,0,0,0,0.0
667,1769711751.0802076,decode,420,2200569,0.9370104321907601,2200149,420,8472.519835067518,80,0,0,0,0,0.0
668,1769711751.1304379,decode,420,2200989,0.9371892697466468,2200569,420,8472.519835067518,80,0,0,0,0,0.0
669,1769711751.1802204,decode,420,2201409,0.9373681073025335,2200989,420,8472.519835067518,80,0,0,0,0,0.0
670,1769711751.2299693,decode,420,2201829,0.9375469448584203,2201409,420,8472.519835067518,80,0,0,0,0,0.0
671,1769711751.279865,decode,420,2202249,0.937725782414307,2201829,420,8472.519835067518,80,0,0,0,0,0.0
672,1769711751.3298662,decode,420,2202669,0.9379046199701937,2202249,420,8472.519835067518,80,0,0,0,0,0.0
673,1769711751.3796308,decode,420,2203089,0.9380834575260805,2202669,420,8472.519835067518,80,0,0,0,0,0.0
674,1769711751.4295168,decode,420,2203509,0.9382622950819672,2203089,420,8472.519835067518,80,0,0,0,0,0.0
675,1769711751.4793506,decode,420,2203929,0.938441132637854,2203509,420,8472.519835067518,80,0,0,0,0,0.0
676,1769711751.5292468,decode,420,2204349,0.9386199701937407,2203929,420,8472.519835067518,80,0,0,0,0,0.0
677,1769711751.5790904,decode,420,2204769,0.9387988077496274,2204349,420,8472.519835067518,80,0,0,0,0,0.0
678,1769711751.6291265,decode,420,2205189,0.9389776453055142,2204769,420,8472.519835067518,80,0,0,0,0,0.0
679,1769711751.678991,decode,420,2205609,0.9391564828614009,2205189,420,8472.519835067518,80,0,0,0,0,0.0
680,1769711751.7288516,decode,420,2206029,0.9393353204172876,2205609,420,8432.202671127005,80,0,0,0,0,0.0
681,1769711751.77874,decode,420,2206449,0.9395141579731744,2206029,420,8432.202671127005,80,0,0,0,0,0.0
682,1769711751.828591,decode,420,2206869,0.939692995529061,2206449,420,8432.202671127005,80,0,0,0,0,0.0
683,1769711751.8786554,decode,420,2207289,0.9398718330849478,2206869,420,8432.202671127005,80,0,0,0,0,0.0
684,1769711751.9285352,decode,420,2207709,0.9400506706408346,2207289,420,8432.202671127005,80,0,0,0,0,0.0
685,1769711751.9783957,decode,420,2208129,0.9402295081967214,2207709,420,8432.202671127005,80,0,0,0,0,0.0
686,1769711752.028378,decode,420,2208549,0.940408345752608,2208129,420,8432.202671127005,80,0,0,0,0,0.0
687,1769711752.0782754,decode,420,2208969,0.9405871833084948,2208549,420,8432.202671127005,80,0,0,0,0,0.0
688,1769711752.1292984,decode,420,2209389,0.9407660208643815,2208969,420,8432.202671127005,80,0,0,0,0,0.0
689,1769711752.1789298,decode,420,2209809,0.9409448584202682,2209389,420,8432.202671127005,80,0,0,0,0,0.0
690,1769711752.228812,decode,420,2210229,0.941123695976155,2209809,420,8432.202671127005,80,0,0,0,0,0.0
691,1769711752.2788248,decode,420,2210649,0.9413025335320417,2210229,420,8432.202671127005,80,0,0,0,0,0.0
692,1769711752.3288507,decode,420,2211069,0.9414813710879285,2210649,420,8432.202671127005,80,0,0,0,0,0.0
693,1769711752.378808,decode,420,2211489,0.9416602086438152,2211069,420,8432.202671127005,80,0,0,0,0,0.0
694,1769711752.428931,decode,420,2211909,0.9418390461997019,2211489,420,8432.202671127005,80,0,0,0,0,0.0
695,1769711752.4789338,decode,420,2212329,0.9420178837555887,2211909,420,8432.202671127005,80,0,0,0,0,0.0
696,1769711752.5288696,decode,420,2212749,0.9421967213114754,2212329,420,8432.202671127005,80,0,0,0,0,0.0
697,1769711752.578878,decode,420,2213169,0.9423755588673621,2212749,420,8432.202671127005,80,0,0,0,0,0.0
698,1769711752.6289644,decode,420,2213589,0.9425543964232489,2213169,420,8432.202671127005,80,0,0,0,0,0.0
699,1769711752.6870687,decode,420,2214009,0.9427332339791357,2213589,420,8432.202671127005,80,0,0,0,0,0.0
700,1769711752.736634,decode,420,2214429,0.9429120715350223,2214009,420,8432.202671127005,80,0,0,0,0,0.0
701,1769711752.7864523,decode,420,2214849,0.9430909090909091,2214429,420,8432.202671127005,80,0,0,0,0,0.0
702,1769711752.836485,decode,420,2215269,0.9432697466467959,2214849,420,8432.202671127005,80,0,0,0,0,0.0
703,1769711752.8865702,decode,420,2215689,0.9434485842026825,2215269,420,8432.202671127005,80,0,0,0,0,0.0
704,1769711752.9368806,decode,420,2216109,0.9436274217585693,2215689,420,8432.202671127005,80,0,0,0,0,0.0
705,1769711752.9870186,decode,420,2216529,0.943806259314456,2216109,420,8432.202671127005,80,0,0,0,0,0.0
706,1769711753.0369868,decode,420,2216949,0.9439850968703428,2216529,420,8432.202671127005,80,0,0,0,0,0.0
707,1769711753.0870905,decode,420,2217369,0.9441639344262295,2216949,420,8432.202671127005,80,0,0,0,0,0.0
708,1769711753.1376746,decode,420,2217789,0.9443427719821162,2217369,420,8432.202671127005,80,0,0,0,0,0.0
709,1769711753.1881876,decode,420,2218209,0.944521609538003,2217789,420,8432.202671127005,80,0,0,0,0,0.0
710,1769711753.238586,decode,420,2218629,0.9447004470938897,2218209,420,8432.202671127005,80,0,0,0,0,0.0
711,1769711753.2886827,decode,420,2219049,0.9448792846497764,2218629,420,8432.202671127005,80,0,0,0,0,0.0
712,1769711753.3387268,decode,420,2219469,0.9450581222056632,2219049,420,8432.202671127005,80,0,0,0,0,0.0
713,1769711753.3888793,decode,420,2219889,0.94523695976155,2219469,420,8432.202671127005,80,0,0,0,0,0.0
714,1769711753.4390085,decode,420,2220309,0.9454157973174366,2219889,420,8432.202671127005,80,0,0,0,0,0.0
715,1769711753.489137,decode,420,2220729,0.9455946348733234,2220309,420,8432.202671127005,80,0,0,0,0,0.0
716,1769711753.5393097,decode,420,2221149,0.9457734724292102,2220729,420,8432.202671127005,80,0,0,0,0,0.0
717,1769711753.5894446,decode,420,2221569,0.9459523099850968,2221149,420,8432.202671127005,80,0,0,0,0,0.0
718,1769711753.6395922,decode,420,2221989,0.9461311475409836,2221569,420,8432.202671127005,80,0,0,0,0,0.0
719,1769711753.6905706,decode,420,2222409,0.9463099850968704,2221989,420,8432.202671127005,80,0,0,0,0,0.0
720,1769711753.7409127,decode,420,2222829,0.9464888226527571,2222409,420,8349.779379614076,80,0,0,0,0,0.0
721,1769711753.7907639,decode,420,2223249,0.9466676602086438,2222829,420,8349.779379614076,80,0,0,0,0,0.0
722,1769711753.8408704,decode,420,2223669,0.9468464977645306,2223249,420,8349.779379614076,80,0,0,0,0,0.0
723,1769711753.8911057,decode,420,2224089,0.9470253353204173,2223669,420,8349.779379614076,80,0,0,0,0,0.0
724,1769711753.9413772,decode,420,2224509,0.947204172876304,2224089,420,8349.779379614076,80,0,0,0,0,0.0
725,1769711753.9915237,decode,420,2224929,0.9473830104321908,2224509,420,8349.779379614076,80,0,0,0,0,0.0
726,1769711754.0418787,decode,420,2225349,0.9475618479880775,2224929,420,8349.779379614076,80,0,0,0,0,0.0
727,1769711754.0919375,decode,420,2225769,0.9477406855439642,2225349,420,8349.779379614076,80,0,0,0,0,0.0
728,1769711754.1425107,decode,420,2226189,0.947919523099851,2225769,420,8349.779379614076,80,0,0,0,0,0.0
729,1769711754.1926227,decode,420,2226609,0.9480983606557377,2226189,420,8349.779379614076,80,0,0,0,0,0.0
730,1769711754.2428095,decode,420,2227029,0.9482771982116245,2226609,420,8349.779379614076,80,0,0,0,0,0.0
731,1769711754.2933228,decode,420,2227449,0.9484560357675111,2227029,420,8349.779379614076,80,0,0,0,0,0.0
732,1769711754.343526,decode,420,2227869,0.9486348733233979,2227449,420,8349.779379614076,80,0,0,0,0,0.0
733,1769711754.393719,decode,420,2228289,0.9488137108792847,2227869,420,8349.779379614076,80,0,0,0,0,0.0
734,1769711754.444007,decode,420,2228709,0.9489925484351713,2228289,420,8349.779379614076,80,0,0,0,0,0.0
735,1769711754.4942396,decode,420,2229129,0.9491713859910581,2228709,420,8349.779379614076,80,0,0,0,0,0.0
736,1769711754.5447962,decode,420,2229549,0.9493502235469449,2229129,420,8349.779379614076,80,0,0,0,0,0.0
737,1769711754.5949204,decode,420,2229969,0.9495290611028316,2229549,420,8349.779379614076,80,0,0,0,0,0.0
738,1769711754.645417,decode,420,2230389,0.9497078986587183,2229969,420,8349.779379614076,80,0,0,0,0,0.0
739,1769711754.6957889,decode,420,2230809,0.9498867362146051,2230389,420,8349.779379614076,80,0,0,0,0,0.0
740,1769711754.7461174,decode,420,2231229,0.9500655737704918,2230809,420,8349.779379614076,80,0,0,0,0,0.0
741,1769711754.796492,decode,420,2231649,0.9502444113263785,2231229,420,8349.779379614076,80,0,0,0,0,0.0
742,1769711754.8470116,decode,420,2232069,0.9504232488822653,2231649,420,8349.779379614076,80,0,0,0,0,0.0
743,1769711754.8972282,decode,420,2232489,0.950602086438152,2232069,420,8349.779379614076,80,0,0,0,0,0.0
744,1769711754.947605,decode,420,2232909,0.9507809239940388,2232489,420,8349.779379614076,80,0,0,0,0,0.0
745,1769711754.997831,decode,420,2233329,0.9509597615499255,2232909,420,8349.779379614076,80,0,0,0,0,0.0
746,1769711755.0482795,decode,420,2233749,0.9511385991058122,2233329,420,8349.779379614076,80,0,0,0,0,0.0
747,1769711755.099216,decode,420,2234169,0.951317436661699,2233749,420,8349.779379614076,80,0,0,0,0,0.0
748,1769711755.1494634,decode,420,2234589,0.9514962742175856,2234169,420,8349.779379614076,80,0,0,0,0,0.0
749,1769711755.19976,decode,420,2235009,0.9516751117734724,2234589,420,8349.779379614076,80,0,0,0,0,0.0
750,1769711755.2502892,decode,420,2235429,0.9518539493293592,2235009,420,8349.779379614076,80,0,0,0,0,0.0
751,1769711755.3007262,decode,420,2235849,0.952032786885246,2235429,420,8349.779379614076,80,0,0,0,0,0.0
752,1769711755.35123,decode,420,2236269,0.9522116244411326,2235849,420,8349.779379614076,80,0,0,0,0,0.0
753,1769711755.4017065,decode,420,2236689,0.9523904619970194,2236269,420,8349.779379614076,80,0,0,0,0,0.0
754,1769711755.4521418,decode,420,2237109,0.9525692995529061,2236689,420,8349.779379614076,80,0,0,0,0,0.0
755,1769711755.5026488,decode,420,2237529,0.9527481371087928,2237109,420,8349.779379614076,80,0,0,0,0,0.0
756,1769711755.5530121,decode,420,2237949,0.9529269746646796,2237529,420,8349.779379614076,80,0,0,0,0,0.0
757,1769711755.6034675,decode,420,2238369,0.9531058122205663,2237949,420,8349.779379614076,80,0,0,0,0,0.0
758,1769711755.654285,decode,420,2238789,0.9532846497764531,2238369,420,8349.779379614076,80,0,0,0,0,0.0
759,1769711755.7045887,decode,420,2239209,0.9534634873323398,2238789,420,8349.779379614076,80,0,0,0,0,0.0
760,1769711755.7551036,decode,420,2239629,0.9536423248882265,2239209,420,8340.685531240564,80,0,0,0,0,0.0
761,1769711755.805558,decode,420,2240049,0.9538211624441133,2239629,420,8340.685531240564,80,0,0,0,0,0.0
762,1769711755.8560257,decode,420,2240469,0.954,2240049,420,8340.685531240564,80,0,0,0,0,0.0
763,1769711755.9068086,decode,420,2240889,0.9541788375558867,2240469,420,8340.685531240564,80,0,0,0,0,0.0
764,1769711755.9572246,decode,420,2241309,0.9543576751117735,2240889,420,8340.685531240564,80,0,0,0,0,0.0
765,1769711756.007769,decode,420,2241729,0.9545365126676603,2241309,420,8340.685531240564,80,0,0,0,0,0.0
766,1769711756.0582595,decode,420,2242149,0.9547153502235469,2241729,420,8340.685531240564,80,0,0,0,0,0.0
767,1769711756.1091785,decode,420,2242569,0.9548941877794337,2242149,420,8340.685531240564,80,0,0,0,0,0.0
768,1769711756.1597605,decode,420,2242989,0.9550730253353205,2242569,420,8340.685531240564,80,0,0,0,0,0.0
769,1769711756.210155,decode,420,2243409,0.9552518628912071,2242989,420,8340.685531240564,80,0,0,0,0,0.0
770,1769711756.2607625,decode,420,2243829,0.9554307004470939,2243409,420,8340.685531240564,80,0,0,0,0,0.0
771,1769711756.3113658,decode,420,2244249,0.9556095380029807,2243829,420,8340.685531240564,80,0,0,0,0,0.0
772,1769711756.361883,decode,420,2244669,0.9557883755588673,2244249,420,8340.685531240564,80,0,0,0,0,0.0
773,1769711756.412606,decode,420,2245089,0.9559672131147541,2244669,420,8340.685531240564,80,0,0,0,0,0.0
774,1769711756.4632607,decode,420,2245509,0.9561460506706408,2245089,420,8340.685531240564,80,0,0,0,0,0.0
775,1769711756.5137691,decode,420,2245929,0.9563248882265276,2245509,420,8340.685531240564,80,0,0,0,0,0.0
776,1769711756.5644438,decode,420,2246349,0.9565037257824143,2245929,420,8340.685531240564,80,0,0,0,0,0.0
777,1769711756.615086,decode,420,2246769,0.956682563338301,2246349,420,8340.685531240564,80,0,0,0,0,0.0
778,1769711756.6655397,decode,420,2247189,0.9568614008941878,2246769,420,8340.685531240564,80,0,0,0,0,0.0
779,1769711756.7164803,decode,420,2247609,0.9570402384500745,2247189,420,8340.685531240564,80,0,0,0,0,0.0
780,1769711756.767074,decode,420,2248029,0.9572190760059612,2247609,420,8340.685531240564,80,0,0,0,0,0.0
781,1769711756.817606,decode,420,2248449,0.957397913561848,2248029,420,8340.685531240564,80,0,0,0,0,0.0
782,1769711756.8683155,decode,420,2248869,0.9575767511177348,2248449,420,8340.685531240564,80,0,0,0,0,0.0
783,1769711756.918969,decode,420,2249289,0.9577555886736214,2248869,420,8340.685531240564,80,0,0,0,0,0.0
784,1769711756.9695747,decode,420,2249709,0.9579344262295082,2249289,420,8340.685531240564,80,0,0,0,0,0.0
785,1769711757.0203068,decode,420,2250129,0.958113263785395,2249709,420,8340.685531240564,80,0,0,0,0,0.0
786,1769711757.071105,decode,420,2250549,0.9582921013412816,2250129,420,8340.685531240564,80,0,0,0,0,0.0
787,1769711757.1221166,decode,420,2250969,0.9584709388971684,2250549,420,8340.685531240564,80,0,0,0,0,0.0
788,1769711757.1733735,decode,420,2251389,0.9586497764530552,2250969,420,8340.685531240564,80,0,0,0,0,0.0
789,1769711757.2251291,decode,420,2251809,0.9588286140089419,2251389,420,8340.685531240564,80,0,0,0,0,0.0
790,1769711757.2751899,decode,420,2252229,0.9590074515648286,2251809,420,8340.685531240564,80,0,0,0,0,0.0
791,1769711757.325766,decode,420,2252649,0.9591862891207154,2252229,420,8340.685531240564,80,0,0,0,0,0.0
792,1769711757.3763268,decode,420,2253069,0.9593651266766021,2252649,420,8340.685531240564,80,0,0,0,0,0.0
793,1769711757.4270413,decode,420,2253489,0.9595439642324888,2253069,420,8340.685531240564,80,0,0,0,0,0.0
794,1769711757.4778593,decode,420,2253909,0.9597228017883755,2253489,420,8340.685531240564,80,0,0,0,0,0.0
795,1769711757.5287962,decode,420,2254329,0.9599016393442623,2253909,420,8340.685531240564,80,0,0,0,0,0.0
796,1769711757.579438,decode,420,2254749,0.9600804769001491,2254329,420,8340.685531240564,80,0,0,0,0,0.0
797,1769711757.6300957,decode,420,2255169,0.9602593144560357,2254749,420,8340.685531240564,80,0,0,0,0,0.0
798,1769711757.6809304,decode,420,2255589,0.9604381520119225,2255169,420,8340.685531240564,80,0,0,0,0,0.0
799,1769711757.7316992,decode,420,2256009,0.9606169895678093,2255589,420,8340.685531240564,80,0,0,0,0,0.0
800,1769711757.782733,decode,420,2256429,0.9607958271236959,2256009,420,8285.569773222021,80,0,0,0,0,0.0
801,1769711757.8334212,decode,420,2256849,0.9609746646795827,2256429,420,8285.569773222021,80,0,0,0,0,0.0
802,1769711757.8841324,decode,420,2257269,0.9611535022354695,2256849,420,8285.569773222021,80,0,0,0,0,0.0
803,1769711757.9349318,decode,420,2257689,0.9613323397913562,2257269,420,8285.569773222021,80,0,0,0,0,0.0
804,1769711757.985673,decode,420,2258109,0.9615111773472429,2257689,420,8285.569773222021,80,0,0,0,0,0.0
805,1769711758.0366828,decode,420,2258529,0.9616900149031297,2258109,420,8285.569773222021,80,0,0,0,0,0.0
806,1769711758.087333,decode,420,2258949,0.9618688524590164,2258529,420,8285.569773222021,80,0,0,0,0,0.0
807,1769711758.1385396,decode,420,2259369,0.9620476900149031,2258949,420,8285.569773222021,80,0,0,0,0,0.0
808,1769711758.1891186,decode,420,2259789,0.9622265275707899,2259369,420,8285.569773222021,80,0,0,0,0,0.0
809,1769711758.2399971,decode,420,2260209,0.9624053651266766,2259789,420,8285.569773222021,80,0,0,0,0,0.0
810,1769711758.290903,decode,420,2260629,0.9625842026825633,2260209,420,8285.569773222021,80,0,0,0,0,0.0
811,1769711758.3417857,decode,420,2261049,0.96276304023845,2260629,420,8285.569773222021,80,0,0,0,0,0.0
812,1769711758.3925173,decode,420,2261469,0.9629418777943368,2261049,420,8285.569773222021,80,0,0,0,0,0.0
813,1769711758.4434135,decode,420,2261889,0.9631207153502236,2261469,420,8285.569773222021,80,0,0,0,0,0.0
814,1769711758.494292,decode,420,2262309,0.9632995529061102,2261889,420,8285.569773222021,80,0,0,0,0,0.0
815,1769711758.5450597,decode,420,2262729,0.963478390461997,2262309,420,8285.569773222021,80,0,0,0,0,0.0
816,1769711758.5961185,decode,420,2263149,0.9636572280178838,2262729,420,8285.569773222021,80,0,0,0,0,0.0
817,1769711758.64697,decode,420,2263569,0.9638360655737704,2263149,420,8285.569773222021,80,0,0,0,0,0.0
818,1769711758.6989222,decode,420,2263989,0.9640149031296572,2263569,420,8285.569773222021,80,0,0,0,0,0.0
819,1769711758.7493596,decode,420,2264409,0.964193740685544,2263989,420,8285.569773222021,80,0,0,0,0,0.0
820,1769711758.80009,decode,420,2264829,0.9643725782414307,2264409,420,8285.569773222021,80,0,0,0,0,0.0
821,1769711758.8512087,decode,420,2265249,0.9645514157973174,2264829,420,8285.569773222021,80,0,0,0,0,0.0
822,1769711758.9020507,decode,420,2265669,0.9647302533532042,2265249,420,8285.569773222021,80,0,0,0,0,0.0
823,1769711758.9528873,decode,420,2266089,0.9649090909090909,2265669,420,8285.569773222021,80,0,0,0,0,0.0
824,1769711759.0038798,decode,420,2266509,0.9650879284649776,2266089,420,8285.569773222021,80,0,0,0,0,0.0
825,1769711759.0547042,decode,420,2266929,0.9652667660208644,2266509,420,8285.569773222021,80,0,0,0,0,0.0
826,1769711759.1064734,decode,420,2267349,0.9654456035767511,2266929,420,8285.569773222021,80,0,0,0,0,0.0
827,1769711759.1570153,decode,420,2267769,0.9656244411326379,2267349,420,8285.569773222021,80,0,0,0,0,0.0
828,1769711759.207806,decode,420,2268189,0.9658032786885246,2267769,420,8285.569773222021,80,0,0,0,0,0.0
829,1769711759.258755,decode,420,2268609,0.9659821162444113,2268189,420,8285.569773222021,80,0,0,0,0,0.0
830,1769711759.3099396,decode,420,2269029,0.9661609538002981,2268609,420,8285.569773222021,80,0,0,0,0,0.0
831,1769711759.361015,decode,420,2269449,0.9663397913561848,2269029,420,8285.569773222021,80,0,0,0,0,0.0
832,1769711759.4118283,decode,420,2269869,0.9665186289120715,2269449,420,8285.569773222021,80,0,0,0,0,0.0
833,1769711759.4627836,decode,420,2270289,0.9666974664679583,2269869,420,8285.569773222021,80,0,0,0,0,0.0
834,1769711759.513714,decode,420,2270709,0.9668763040238451,2270289,420,8285.569773222021,80,0,0,0,0,0.0
835,1769711759.5647452,decode,420,2271129,0.9670551415797317,2270709,420,8285.569773222021,80,0,0,0,0,0.0
836,1769711759.615762,decode,420,2271549,0.9672339791356185,2271129,420,8285.569773222021,80,0,0,0,0,0.0
837,1769711759.6669476,decode,420,2271969,0.9674128166915053,2271549,420,8285.569773222021,80,0,0,0,0,0.0
838,1769711759.7179487,decode,420,2272389,0.9675916542473919,2271969,420,8285.569773222021,80,0,0,0,0,0.0
839,1769711759.768933,decode,420,2272809,0.9677704918032787,2272389,420,8285.569773222021,80,0,0,0,0,0.0
840,1769711759.8199246,decode,420,2273229,0.9679493293591654,2272809,420,8246.630230412764,80,0,0,0,0,0.0
841,1769711759.8708925,decode,420,2273649,0.9681281669150522,2273229,420,8246.630230412764,80,0,0,0,0,0.0
842,1769711759.9223735,decode,420,2274069,0.9683070044709389,2273649,420,8246.630230412764,80,0,0,0,0,0.0
843,1769711759.9732442,decode,420,2274489,0.9684858420268256,2274069,420,8246.630230412764,80,0,0,0,0,0.0
844,1769711760.0245047,decode,420,2274909,0.9686646795827124,2274489,420,8246.630230412764,80,0,0,0,0,0.0
845,1769711760.0753698,decode,420,2275329,0.9688435171385991,2274909,420,8246.630230412764,80,0,0,0,0,0.0
846,1769711760.1268814,decode,420,2275749,0.9690223546944858,2275329,420,8246.630230412764,80,0,0,0,0,0.0
847,1769711760.1777792,decode,420,2276169,0.9692011922503726,2275749,420,8246.630230412764,80,0,0,0,0,0.0
848,1769711760.2289405,decode,420,2276589,0.9693800298062594,2276169,420,8246.630230412764,80,0,0,0,0,0.0
849,1769711760.2800808,decode,420,2277009,0.969558867362146,2276589,420,8246.630230412764,80,0,0,0,0,0.0
850,1769711760.3315952,decode,420,2277429,0.9697377049180328,2277009,420,8246.630230412764,80,0,0,0,0,0.0
851,1769711760.3826573,decode,420,2277849,0.9699165424739196,2277429,420,8246.630230412764,80,0,0,0,0,0.0
852,1769711760.4337866,decode,420,2278269,0.9700953800298062,2277849,420,8246.630230412764,80,0,0,0,0,0.0
853,1769711760.485134,decode,420,2278689,0.970274217585693,2278269,420,8246.630230412764,80,0,0,0,0,0.0
854,1769711760.536112,decode,420,2279109,0.9704530551415798,2278689,420,8246.630230412764,80,0,0,0,0,0.0
855,1769711760.5872047,decode,420,2279529,0.9706318926974664,2279109,420,8246.630230412764,80,0,0,0,0,0.0
856,1769711760.6382277,decode,420,2279949,0.9708107302533532,2279529,420,8246.630230412764,80,0,0,0,0,0.0
857,1769711760.6893256,decode,420,2280369,0.97098956780924,2279949,420,8246.630230412764,80,0,0,0,0,0.0
858,1769711760.7407417,decode,420,2280789,0.9711684053651267,2280369,420,8246.630230412764,80,0,0,0,0,0.0
859,1769711760.7917209,decode,420,2281209,0.9713472429210134,2280789,420,8246.630230412764,80,0,0,0,0,0.0
860,1769711760.8428423,decode,420,2281629,0.9715260804769001,2281209,420,8246.630230412764,80,0,0,0,0,0.0
861,1769711760.8940194,decode,420,2282049,0.9717049180327869,2281629,420,8246.630230412764,80,0,0,0,0,0.0
862,1769711760.945073,decode,420,2282469,0.9718837555886736,2282049,420,8246.630230412764,80,0,0,0,0,0.0
863,1769711760.9964788,decode,420,2282889,0.9720625931445603,2282469,420,8246.630230412764,80,0,0,0,0,0.0
864,1769711761.0475872,decode,420,2283309,0.9722414307004471,2282889,420,8246.630230412764,80,0,0,0,0,0.0
865,1769711761.0990615,decode,420,2283729,0.9724202682563339,2283309,420,8246.630230412764,80,0,0,0,0,0.0
866,1769711761.1502066,decode,420,2284149,0.9725991058122205,2283729,420,8246.630230412764,80,0,0,0,0,0.0
867,1769711761.2012959,decode,420,2284569,0.9727779433681073,2284149,420,8246.630230412764,80,0,0,0,0,0.0
868,1769711761.2528145,decode,420,2284989,0.9729567809239941,2284569,420,8246.630230412764,80,0,0,0,0,0.0
869,1769711761.3038921,decode,420,2285409,0.9731356184798807,2284989,420,8246.630230412764,80,0,0,0,0,0.0
870,1769711761.3551252,decode,420,2285829,0.9733144560357675,2285409,420,8246.630230412764,80,0,0,0,0,0.0
871,1769711761.4063473,decode,420,2286249,0.9734932935916543,2285829,420,8246.630230412764,80,0,0,0,0,0.0
872,1769711761.4576092,decode,420,2286669,0.973672131147541,2286249,420,8246.630230412764,80,0,0,0,0,0.0
873,1769711761.5092618,decode,420,2287089,0.9738509687034277,2286669,420,8246.630230412764,80,0,0,0,0,0.0
874,1769711761.561172,decode,420,2287509,0.9740298062593145,2287089,420,8246.630230412764,80,0,0,0,0,0.0
875,1769711761.612166,decode,420,2287929,0.9742086438152012,2287509,420,8246.630230412764,80,0,0,0,0,0.0
876,1769711761.6633363,decode,420,2288349,0.9743874813710879,2287929,420,8246.630230412764,80,0,0,0,0,0.0
877,1769711761.7145064,decode,420,2288769,0.9745663189269747,2288349,420,8246.630230412764,80,0,0,0,0,0.0
878,1769711761.7657862,decode,420,2289189,0.9747451564828614,2288769,420,8246.630230412764,80,0,0,0,0,0.0
879,1769711761.8184812,decode,420,2289609,0.9749239940387482,2289189,420,8246.630230412764,80,0,0,0,0,0.0
880,1769711761.8695,decode,420,2290029,0.9751028315946348,2289609,420,8196.887153032656,80,0,0,0,0,0.0
881,1769711761.9206152,decode,420,2290449,0.9752816691505216,2290029,420,8196.887153032656,80,0,0,0,0,0.0
882,1769711761.9719036,decode,420,2290869,0.9754605067064084,2290449,420,8196.887153032656,80,0,0,0,0,0.0
883,1769711762.023201,decode,420,2291289,0.975639344262295,2290869,420,8196.887153032656,80,0,0,0,0,0.0
884,1769711762.0755522,decode,420,2291709,0.9758181818181818,2291289,420,8196.887153032656,80,0,0,0,0,0.0
885,1769711762.1272483,decode,420,2292129,0.9759970193740686,2291709,420,8196.887153032656,80,0,0,0,0,0.0
886,1769711762.1782153,decode,420,2292549,0.9761758569299553,2292129,420,8196.887153032656,80,0,0,0,0,0.0
887,1769711762.2295141,decode,420,2292969,0.976354694485842,2292549,420,8196.887153032656,80,0,0,0,0,0.0
888,1769711762.2810194,decode,420,2293389,0.9765335320417288,2292969,420,8196.887153032656,80,0,0,0,0,0.0
889,1769711762.3330002,decode,420,2293809,0.9767123695976155,2293389,420,8196.887153032656,80,0,0,0,0,0.0
890,1769711762.3849003,decode,420,2294229,0.9768912071535022,2293809,420,8196.887153032656,80,0,0,0,0,0.0
891,1769711762.4360871,decode,420,2294649,0.977070044709389,2294229,420,8196.887153032656,80,0,0,0,0,0.0
892,1769711762.4874375,decode,420,2295069,0.9772488822652757,2294649,420,8196.887153032656,80,0,0,0,0,0.0
893,1769711762.5387857,decode,420,2295489,0.9774277198211625,2295069,420,8196.887153032656,80,0,0,0,0,0.0
894,1769711762.5901494,decode,420,2295909,0.9776065573770492,2295489,420,8196.887153032656,80,0,0,0,0,0.0
895,1769711762.6418066,decode,420,2296329,0.9777853949329359,2295909,420,8196.887153032656,80,0,0,0,0,0.0
896,1769711762.6931922,decode,420,2296749,0.9779642324888227,2296329,420,8196.887153032656,80,0,0,0,0,0.0
897,1769711762.744683,decode,420,2297169,0.9781430700447094,2296749,420,8196.887153032656,80,0,0,0,0,0.0
898,1769711762.7969737,decode,420,2297589,0.9783219076005961,2297169,420,8196.887153032656,80,0,0,0,0,0.0
899,1769711762.8482444,decode,420,2298009,0.9785007451564829,2297589,420,8196.887153032656,80,0,0,0,0,0.0
900,1769711762.8998933,decode,420,2298429,0.9786795827123695,2298009,420,8196.887153032656,80,0,0,0,0,0.0
901,1769711762.9513807,decode,420,2298849,0.9788584202682563,2298429,420,8196.887153032656,80,0,0,0,0,0.0
902,1769711763.0027704,decode,420,2299269,0.9790372578241431,2298849,420,8196.887153032656,80,0,0,0,0,0.0
903,1769711763.0541852,decode,420,2299689,0.9792160953800298,2299269,420,8196.887153032656,80,0,0,0,0,0.0
904,1769711763.1060042,decode,420,2300109,0.9793949329359165,2299689,420,8196.887153032656,80,0,0,0,0,0.0
905,1769711763.157571,decode,420,2300529,0.9795737704918033,2300109,420,8196.887153032656,80,0,0,0,0,0.0
906,1769711763.209086,decode,420,2300949,0.97975260804769,2300529,420,8196.887153032656,80,0,0,0,0,0.0
907,1769711763.2605865,decode,420,2301369,0.9799314456035767,2300949,420,8196.887153032656,80,0,0,0,0,0.0
908,1769711763.3121786,decode,420,2301789,0.9801102831594635,2301369,420,8196.887153032656,80,0,0,0,0,0.0
909,1769711763.363654,decode,420,2302209,0.9802891207153502,2301789,420,8196.887153032656,80,0,0,0,0,0.0
910,1769711763.4151495,decode,420,2302629,0.980467958271237,2302209,420,8196.887153032656,80,0,0,0,0,0.0
911,1769711763.4666977,decode,420,2303049,0.9806467958271237,2302629,420,8196.887153032656,80,0,0,0,0,0.0
912,1769711763.5181432,decode,420,2303469,0.9808256333830104,2303049,420,8196.887153032656,80,0,0,0,0,0.0
913,1769711763.5697985,decode,420,2303889,0.9810044709388972,2303469,420,8196.887153032656,80,0,0,0,0,0.0
914,1769711763.6213737,decode,420,2304309,0.9811833084947839,2303889,420,8196.887153032656,80,0,0,0,0,0.0
915,1769711763.67301,decode,420,2304729,0.9813621460506706,2304309,420,8196.887153032656,80,0,0,0,0,0.0
916,1769711763.7250626,decode,420,2305149,0.9815409836065574,2304729,420,8196.887153032656,80,0,0,0,0,0.0
917,1769711763.776519,decode,420,2305569,0.9817198211624442,2305149,420,8196.887153032656,80,0,0,0,0,0.0
918,1769711763.828293,decode,420,2305989,0.9818986587183308,2305569,420,8196.887153032656,80,0,0,0,0,0.0
919,1769711763.8796444,decode,420,2306409,0.9820774962742176,2305989,420,8196.887153032656,80,0,0,0,0,0.0
920,1769711763.931349,decode,420,2306829,0.9822563338301044,2306409,420,8147.961031534233,80,0,0,0,0,0.0
921,1769711763.9830217,decode,420,2307249,0.982435171385991,2306829,420,8147.961031534233,80,0,0,0,0,0.0
922,1769711764.0345736,decode,420,2307669,0.9826140089418778,2307249,420,8147.961031534233,80,0,0,0,0,0.0
923,1769711764.086266,decode,420,2308089,0.9827928464977645,2307669,420,8147.961031534233,80,0,0,0,0,0.0
924,1769711764.138258,decode,420,2308509,0.9829716840536513,2308089,420,8147.961031534233,80,0,0,0,0,0.0
925,1769711764.1896117,decode,420,2308929,0.983150521609538,2308509,420,8147.961031534233,80,0,0,0,0,0.0
926,1769711764.2415588,decode,420,2309349,0.9833293591654247,2308929,420,8147.961031534233,80,0,0,0,0,0.0
927,1769711764.2930748,decode,420,2309769,0.9835081967213115,2309349,420,8147.961031534233,80,0,0,0,0,0.0
928,1769711764.3446414,decode,420,2310189,0.9836870342771982,2309769,420,8147.961031534233,80,0,0,0,0,0.0
929,1769711764.3964815,decode,420,2310609,0.9838658718330849,2310189,420,8147.961031534233,80,0,0,0,0,0.0
930,1769711764.4480665,decode,420,2311029,0.9840447093889717,2310609,420,8147.961031534233,80,0,0,0,0,0.0
931,1769711764.5000966,decode,420,2311449,0.9842235469448585,2311029,420,8147.961031534233,80,0,0,0,0,0.0
932,1769711764.5516443,decode,420,2311869,0.9844023845007451,2311449,420,8147.961031534233,80,0,0,0,0,0.0
933,1769711764.6033509,decode,420,2312289,0.9845812220566319,2311869,420,8147.961031534233,80,0,0,0,0,0.0
934,1769711764.6549428,decode,420,2312709,0.9847600596125187,2312289,420,8147.961031534233,80,0,0,0,0,0.0
935,1769711764.7067137,decode,420,2313129,0.9849388971684053,2312709,420,8147.961031534233,80,0,0,0,0,0.0
936,1769711764.75864,decode,420,2313549,0.9851177347242921,2313129,420,8147.961031534233,80,0,0,0,0,0.0
937,1769711764.8102446,decode,420,2313969,0.9852965722801789,2313549,420,8147.961031534233,80,0,0,0,0,0.0
938,1769711764.8620706,decode,420,2314389,0.9854754098360655,2313969,420,8147.961031534233,80,0,0,0,0,0.0
939,1769711764.9139066,decode,420,2314809,0.9856542473919523,2314389,420,8147.961031534233,80,0,0,0,0,0.0
940,1769711764.9654555,decode,420,2315229,0.9858330849478391,2314809,420,8147.961031534233,80,0,0,0,0,0.0
941,1769711765.0173857,decode,420,2315649,0.9860119225037258,2315229,420,8147.961031534233,80,0,0,0,0,0.0
942,1769711765.069083,decode,420,2316069,0.9861907600596125,2315649,420,8147.961031534233,80,0,0,0,0,0.0
943,1769711765.121181,decode,420,2316489,0.9863695976154992,2316069,420,8147.961031534233,80,0,0,0,0,0.0
944,1769711765.1728554,decode,420,2316909,0.986548435171386,2316489,420,8147.961031534233,80,0,0,0,0,0.0
945,1769711765.2245545,decode,420,2317329,0.9867272727272727,2316909,420,8147.961031534233,80,0,0,0,0,0.0
946,1769711765.2763298,decode,420,2317749,0.9869061102831594,2317329,420,8147.961031534233,80,0,0,0,0,0.0
947,1769711765.3282382,decode,420,2318169,0.9870849478390462,2317749,420,8147.961031534233,80,0,0,0,0,0.0
948,1769711765.380089,decode,420,2318589,0.987263785394933,2318169,420,8147.961031534233,80,0,0,0,0,0.0
949,1769711765.4318197,decode,420,2319009,0.9874426229508196,2318589,420,8147.961031534233,80,0,0,0,0,0.0
950,1769711765.4836175,decode,420,2319429,0.9876214605067064,2319009,420,8147.961031534233,80,0,0,0,0,0.0
951,1769711765.5353522,decode,420,2319849,0.9878002980625932,2319429,420,8147.961031534233,80,0,0,0,0,0.0
952,1769711765.5872664,decode,420,2320269,0.9879791356184798,2319849,420,8147.961031534233,80,0,0,0,0,0.0
953,1769711765.6391418,decode,420,2320689,0.9881579731743666,2320269,420,8147.961031534233,80,0,0,0,0,0.0
954,1769711765.690929,decode,420,2321109,0.9883368107302534,2320689,420,8147.961031534233,80,0,0,0,0,0.0
955,1769711765.7427325,decode,420,2321529,0.9885156482861401,2321109,420,8147.961031534233,80,0,0,0,0,0.0
956,1769711765.7945395,decode,420,2321949,0.9886944858420268,2321529,420,8147.961031534233,80,0,0,0,0,0.0
957,1769711765.8467152,decode,420,2322369,0.9888733233979136,2321949,420,8147.961031534233,80,0,0,0,0,0.0
958,1769711765.898651,decode,420,2322789,0.9890521609538003,2322369,420,8147.961031534233,80,0,0,0,0,0.0
959,1769711765.9508996,decode,420,2323209,0.989230998509687,2322789,420,8147.961031534233,80,0,0,0,0,0.0
960,1769711766.0026958,decode,420,2323629,0.9894098360655738,2323209,420,8110.681663820478,80,0,0,0,0,0.0
961,1769711766.054471,decode,420,2324049,0.9895886736214605,2323629,420,8110.681663820478,80,0,0,0,0,0.0
962,1769711766.1070173,decode,420,2324469,0.9897675111773473,2324049,420,8110.681663820478,80,0,0,0,0,0.0
963,1769711766.1585536,decode,420,2324889,0.989946348733234,2324469,420,8110.681663820478,80,0,0,0,0,0.0
964,1769711766.2103138,decode,420,2325309,0.9901251862891207,2324889,420,8110.681663820478,80,0,0,0,0,0.0
965,1769711766.2621288,decode,420,2325729,0.9903040238450075,2325309,420,8110.681663820478,80,0,0,0,0,0.0
966,1769711766.314058,decode,420,2326149,0.9904828614008941,2325729,420,8110.681663820478,80,0,0,0,0,0.0
967,1769711766.366052,decode,420,2326569,0.9906616989567809,2326149,420,8110.681663820478,80,0,0,0,0,0.0
968,1769711766.4179733,decode,420,2326989,0.9908405365126677,2326569,420,8110.681663820478,80,0,0,0,0,0.0
969,1769711766.469789,decode,420,2327409,0.9910193740685544,2326989,420,8110.681663820478,80,0,0,0,0,0.0
970,1769711766.5217564,decode,420,2327829,0.9911982116244411,2327409,420,8110.681663820478,80,0,0,0,0,0.0
971,1769711766.5736036,decode,420,2328249,0.9913770491803279,2327829,420,8110.681663820478,80,0,0,0,0,0.0
972,1769711766.6257486,decode,420,2328669,0.9915558867362146,2328249,420,8110.681663820478,80,0,0,0,0,0.0
973,1769711766.6775663,decode,420,2329089,0.9917347242921013,2328669,420,8110.681663820478,80,0,0,0,0,0.0
974,1769711766.7296119,decode,420,2329509,0.9919135618479881,2329089,420,8110.681663820478,80,0,0,0,0,0.0
975,1769711766.7815402,decode,420,2329929,0.9920923994038748,2329509,420,8110.681663820478,80,0,0,0,0,0.0
976,1769711766.8335023,decode,420,2330349,0.9922712369597616,2329929,420,8110.681663820478,80,0,0,0,0,0.0
977,1769711766.8856432,decode,420,2330769,0.9924500745156483,2330349,420,8110.681663820478,80,0,0,0,0,0.0
978,1769711766.937452,decode,420,2331189,0.992628912071535,2330769,420,8110.681663820478,80,0,0,0,0,0.0
979,1769711766.989459,decode,420,2331609,0.9928077496274218,2331189,420,8110.681663820478,80,0,0,0,0,0.0
980,1769711767.0412989,decode,420,2332029,0.9929865871833085,2331609,420,8110.681663820478,80,0,0,0,0,0.0
981,1769711767.0934856,decode,420,2332449,0.9931654247391952,2332029,420,8110.681663820478,80,0,0,0,0,0.0
982,1769711767.1459098,decode,420,2332869,0.993344262295082,2332449,420,8110.681663820478,80,0,0,0,0,0.0
983,1769711767.1983635,decode,420,2333289,0.9935230998509686,2332869,420,8110.681663820478,80,0,0,0,0,0.0
984,1769711767.2504406,decode,420,2333709,0.9937019374068554,2333289,420,8110.681663820478,80,0,0,0,0,0.0
985,1769711767.3022602,decode,420,2334129,0.9938807749627422,2333709,420,8110.681663820478,80,0,0,0,0,0.0
986,1769711767.3543684,decode,420,2334549,0.994059612518629,2334129,420,8110.681663820478,80,0,0,0,0,0.0
987,1769711767.4067695,decode,420,2334969,0.9942384500745156,2334549,420,8110.681663820478,80,0,0,0,0,0.0
988,1769711767.459059,decode,420,2335389,0.9944172876304024,2334969,420,8110.681663820478,80,0,0,0,0,0.0
989,1769711767.5115392,decode,420,2335809,0.9945961251862891,2335389,420,8110.681663820478,80,0,0,0,0,0.0
990,1769711767.5634913,decode,420,2336229,0.9947749627421758,2335809,420,8110.681663820478,80,0,0,0,0,0.0
991,1769711767.6156688,decode,420,2336649,0.9949538002980626,2336229,420,8110.681663820478,80,0,0,0,0,0.0
992,1769711767.6677642,decode,420,2337069,0.9951326378539493,2336649,420,8110.681663820478,80,0,0,0,0,0.0
993,1769711767.7199702,decode,420,2337489,0.9953114754098361,2337069,420,8110.681663820478,80,0,0,0,0,0.0
994,1769711767.772087,decode,420,2337909,0.9954903129657228,2337489,420,8110.681663820478,80,0,0,0,0,0.0
995,1769711767.8240774,decode,420,2338329,0.9956691505216095,2337909,420,8110.681663820478,80,0,0,0,0,0.0
996,1769711767.8762238,decode,420,2338749,0.9958479880774963,2338329,420,8110.681663820478,80,0,0,0,0,0.0
997,1769711767.9283185,decode,420,2339169,0.996026825633383,2338749,420,8110.681663820478,80,0,0,0,0,0.0
998,1769711767.9807584,decode,420,2339589,0.9962056631892697,2339169,420,8110.681663820478,80,0,0,0,0,0.0
999,1769711768.0330353,decode,420,2340009,0.9963845007451565,2339589,420,8110.681663820478,80,0,0,0,0,0.0
1000,1769711768.0851018,decode,420,2340429,0.9965633383010433,2340009,420,8067.594637986623,80,0,0,0,0,0.0
1001,1769711768.1376884,decode,420,2340849,0.9967421758569299,2340429,420,8067.594637986623,80,0,0,0,0,0.0
1002,1769711768.1895516,decode,420,2341269,0.9969210134128167,2340849,420,8067.594637986623,80,0,0,0,0,0.0
1003,1769711768.2419255,decode,420,2341689,0.9970998509687035,2341269,420,8067.594637986623,80,0,0,0,0,0.0
1004,1769711768.294044,decode,420,2342109,0.9972786885245901,2341689,420,8067.594637986623,80,0,0,0,0,0.0
1005,1769711768.3461635,decode,420,2342529,0.9974575260804769,2342109,420,8067.594637986623,80,0,0,0,0,0.0
1006,1769711768.3982766,decode,420,2342949,0.9976363636363637,2342529,420,8067.594637986623,80,0,0,0,0,0.0
1007,1769711768.450474,decode,420,2343369,0.9978152011922504,2342949,420,8067.594637986623,80,0,0,0,0,0.0
1008,1769711768.5029333,decode,420,2343789,0.9979940387481371,2343369,420,8067.594637986623,80,0,0,0,0,0.0
1009,1769711768.555181,decode,420,2344209,0.9981728763040238,2343789,420,8067.594637986623,80,0,0,0,0,0.0
1010,1769711768.6074302,decode,420,2344629,0.9983517138599106,2344209,420,8067.594637986623,80,0,0,0,0,0.0
1011,1769711768.6597118,decode,420,2345049,0.9985305514157973,2344629,420,8067.594637986623,80,0,0,0,0,0.0
1012,1769711768.7123718,decode,420,2345469,0.998709388971684,2345049,420,8067.594637986623,80,0,0,0,0,0.0
1013,1769711768.7644072,decode,420,2345889,0.9988882265275708,2345469,420,8067.594637986623,80,0,0,0,0,0.0
1014,1769711768.816832,decode,420,2346309,0.9990670640834576,2345889,420,8067.594637986623,80,0,0,0,0,0.0
1015,1769711768.869013,decode,420,2346729,0.9992459016393442,2346309,420,8067.594637986623,80,0,0,0,0,0.0
1016,1769711768.921331,decode,420,2347149,0.999424739195231,2346729,420,8067.594637986623,80,0,0,0,0,0.0
1017,1769711768.9736233,decode,420,2347569,0.9996035767511178,2347149,420,8067.594637986623,80,0,0,0,0,0.0
1018,1769711769.0258193,decode,420,2347989,0.9997824143070044,2347569,420,8067.594637986623,80,0,0,0,0,0.0
1019,1769711769.078302,decode,420,2348409,0.9999612518628912,2347989,420,8067.594637986623,80,0,0,0,0,0.0
1020,1769711769.247222,decode,420,2343314,0.9977917819885033,2348409,419,8067.594637986623,80,1,0,0,0,0.0
1021,1769711769.2990427,decode,419,2343733,0.9979701937406855,2343314,419,8067.594637986623,80,1,0,0,0,0.0
1022,1769711769.3510873,decode,419,2344152,0.9981486054928678,2343733,419,8067.594637986623,80,1,0,0,0,0.0
1023,1769711769.4032476,decode,419,2344571,0.99832701724505,2344152,419,8067.594637986623,80,1,0,0,0,0.0
1024,1769711769.4554248,decode,419,2344990,0.9985054289972323,2344571,419,8067.594637986623,80,1,0,0,0,0.0
1025,1769711769.507589,decode,419,2345409,0.9986838407494145,2344990,419,8067.594637986623,80,1,0,0,0,0.0
1026,1769711769.5597594,decode,419,2345828,0.9988622525015968,2345409,419,8067.594637986623,80,1,0,0,0,0.0
1027,1769711769.6123836,decode,419,2346247,0.999040664253779,2345828,419,8067.594637986623,80,1,0,0,0,0.0
1028,1769711769.6644864,decode,419,2346666,0.9992190760059613,2346247,419,8067.594637986623,80,1,0,0,0,0.0
1029,1769711769.7166352,decode,419,2347085,0.9993974877581435,2346666,419,8067.594637986623,80,1,0,0,0,0.0
1030,1769711769.7687628,decode,419,2347504,0.9995758995103258,2347085,419,8067.594637986623,80,1,0,0,0,0.0
1031,1769711769.8209224,decode,419,2347923,0.999754311262508,2347504,419,8067.594637986623,80,1,0,0,0,0.0
1032,1769711769.8734827,decode,419,2348342,0.9999327230146903,2347923,419,8067.594637986623,80,1,0,0,0,0.0
1033,1769711770.026458,decode,419,2343232,0.9977568660847349,2348342,418,8067.594637986623,80,1,0,0,0,0.0
1034,1769711770.0778925,decode,418,2343650,0.9979348520332126,2343232,418,8067.594637986623,80,1,0,0,0,0.0
1035,1769711770.1304033,decode,418,2344068,0.9981128379816905,2343650,418,8067.594637986623,80,1,0,0,0,0.0
1036,1769711770.182361,decode,418,2344486,0.9982908239301682,2344068,418,8067.594637986623,80,1,0,0,0,0.0
1037,1769711770.2343984,decode,418,2344904,0.998468809878646,2344486,418,8067.594637986623,80,1,0,0,0,0.0
1038,1769711770.286677,decode,418,2345322,0.9986467958271237,2344904,418,8067.594637986623,80,1,0,0,0,0.0
1039,1769711770.3388083,decode,418,2345740,0.9988247817756014,2345322,418,8067.594637986623,80,1,0,0,0,0.0
1040,1769711770.3909583,decode,418,2346158,0.9990027677240793,2345740,418,7274.1935343207715,80,1,0,0,0,0.0
1041,1769711770.4430008,decode,418,2346576,0.999180753672557,2346158,418,7274.1935343207715,80,1,0,0,0,0.0
1042,1769711770.4951496,decode,418,2346994,0.9993587396210347,2346576,418,7274.1935343207715,80,1,0,0,0,0.0
1043,1769711770.5472484,decode,418,2347412,0.9995367255695125,2346994,418,7274.1935343207715,80,1,0,0,0,0.0
1044,1769711770.5994391,decode,418,2347830,0.9997147115179902,2347412,418,7274.1935343207715,80,1,0,0,0,0.0
1045,1769711770.6515858,decode,418,2348248,0.9998926974664679,2347830,418,7274.1935343207715,80,1,0,0,0,0.0
1046,1769711770.806731,decode,418,2343124,0.9977108792846497,2348248,417,7274.1935343207715,80,1,0,0,0,0.0
1047,1769711770.857664,decode,417,2343541,0.9978884394294231,2343124,417,7274.1935343207715,80,1,0,0,0,0.0
1048,1769711770.9096344,decode,417,2343958,0.9980659995741963,2343541,417,7274.1935343207715,80,1,0,0,0,0.0
1049,1769711770.9619224,decode,417,2344375,0.9982435597189696,2343958,417,7274.1935343207715,80,1,0,0,0,0.0
1050,1769711771.013891,decode,417,2344792,0.9984211198637428,2344375,417,7274.1935343207715,80,1,0,0,0,0.0
1051,1769711771.0662596,decode,417,2345209,0.998598680008516,2344792,417,7274.1935343207715,80,1,0,0,0,0.0
1052,1769711771.1183982,decode,417,2345626,0.9987762401532894,2345209,417,7274.1935343207715,80,1,0,0,0,0.0
1053,1769711771.170365,decode,417,2346043,0.9989538002980626,2345626,417,7274.1935343207715,80,1,0,0,0,0.0
1054,1769711771.2224874,decode,417,2346460,0.9991313604428359,2346043,417,7274.1935343207715,80,1,0,0,0,0.0
1055,1769711771.2746117,decode,417,2346877,0.9993089205876091,2346460,417,7274.1935343207715,80,1,0,0,0,0.0
1056,1769711771.3265612,decode,417,2347294,0.9994864807323823,2346877,417,7274.1935343207715,80,1,0,0,0,0.0
1057,1769711771.378642,decode,417,2347711,0.9996640408771557,2347294,417,7274.1935343207715,80,1,0,0,0,0.0
1058,1769711771.4307103,decode,417,2348128,0.9998416010219289,2347711,417,7274.1935343207715,80,1,0,0,0,0.0
1059,1769711771.583061,decode,417,2342990,0.9976538215882478,2348128,416,7274.1935343207715,80,1,0,0,0,0.0
1060,1769711771.6344278,decode,416,2343406,0.9978309559293166,2342990,416,7274.1935343207715,80,1,0,0,0,0.0
1061,1769711771.686398,decode,416,2343822,0.9980080902703854,2343406,416,7274.1935343207715,80,1,0,0,0,0.0
1062,1769711771.7383773,decode,416,2344238,0.9981852246114541,2343822,416,7274.1935343207715,80,1,0,0,0,0.0
1063,1769711771.7904468,decode,416,2344654,0.9983623589525229,2344238,416,7274.1935343207715,80,1,0,0,0,0.0
1064,1769711771.8424356,decode,416,2345070,0.9985394932935917,2344654,416,7274.1935343207715,80,1,0,0,0,0.0
1065,1769711771.8944292,decode,416,2345486,0.9987166276346604,2345070,416,7274.1935343207715,80,1,0,0,0,0.0
1066,1769711771.9467645,decode,416,2345902,0.9988937619757292,2345486,416,7274.1935343207715,80,1,0,0,0,0.0
1067,1769711771.9987698,decode,416,2346318,0.9990708963167979,2345902,416,7274.1935343207715,80,1,0,0,0,0.0
1068,1769711772.051081,decode,416,2346734,0.9992480306578667,2346318,416,7274.1935343207715,80,1,0,0,0,0.0
1069,1769711772.1032941,decode,416,2347150,0.9994251649989355,2346734,416,7274.1935343207715,80,1,0,0,0,0.0
1070,1769711772.155275,decode,416,2347566,0.9996022993400042,2347150,416,7274.1935343207715,80,1,0,0,0,0.0
1071,1769711772.2073386,decode,416,2347982,0.999779433681073,2347566,416,7274.1935343207715,80,1,0,0,0,0.0
1072,1769711772.2594512,decode,416,2348398,0.9999565680221418,2347982,416,7274.1935343207715,80,1,0,0,0,0.0
1073,1769711772.4111362,decode,416,2343245,0.9977624015328933,2348398,415,7274.1935343207715,80,1,0,0,0,0.0
1074,1769711772.4624188,decode,415,2343660,0.9979391100702576,2343245,415,7274.1935343207715,80,1,0,0,0,0.0
1075,1769711772.5141766,decode,415,2344075,0.9981158186076219,2343660,415,7274.1935343207715,80,1,0,0,0,0.0
1076,1769711772.5662196,decode,415,2344490,0.9982925271449862,2344075,415,7274.1935343207715,80,1,0,0,0,0.0
1077,1769711772.6181495,decode,415,2344905,0.9984692356823505,2344490,415,7274.1935343207715,80,1,0,0,0,0.0
1078,1769711772.6701531,decode,415,2345320,0.9986459442197148,2344905,415,7274.1935343207715,80,1,0,0,0,0.0
1079,1769711772.7221994,decode,415,2345735,0.9988226527570789,2345320,415,7274.1935343207715,80,1,0,0,0,0.0
1080,1769711772.7743554,decode,415,2346150,0.9989993612944432,2345735,415,6989.173937427857,80,1,0,0,0,0.0
1081,1769711772.8265896,decode,415,2346565,0.9991760698318075,2346150,415,6989.173937427857,80,1,0,0,0,0.0
1082,1769711772.8785608,decode,415,2346980,0.9993527783691718,2346565,415,6989.173937427857,80,1,0,0,0,0.0
1083,1769711772.9305072,decode,415,2347395,0.9995294869065361,2346980,415,6989.173937427857,80,1,0,0,0,0.0
1084,1769711772.9824424,decode,415,2347810,0.9997061954439004,2347395,415,6989.173937427857,80,1,0,0,0,0.0
1085,1769711773.0346117,decode,415,2348225,0.9998829039812647,2347810,415,6989.173937427857,80,1,0,0,0,0.0
1086,1769711773.1861708,decode,415,2343058,0.9976827762401533,2348225,414,6989.173937427857,80,1,0,0,0,0.0
1087,1769711773.2376819,decode,414,2343472,0.9978590589738131,2343058,414,6989.173937427857,80,1,0,0,0,0.0
1088,1769711773.2894602,decode,414,2343886,0.9980353417074729,2343472,414,6989.173937427857,80,1,0,0,0,0.0
1089,1769711773.3413885,decode,414,2344300,0.9982116244411326,2343886,414,6989.173937427857,80,1,0,0,0,0.0
1090,1769711773.3933427,decode,414,2344714,0.9983879071747924,2344300,414,6989.173937427857,80,1,0,0,0,0.0
1091,1769711773.4452364,decode,414,2345128,0.9985641899084522,2344714,414,6989.173937427857,80,1,0,0,0,0.0
1092,1769711773.4972134,decode,414,2345542,0.998740472642112,2345128,414,6989.173937427857,80,1,0,0,0,0.0
1093,1769711773.549392,decode,414,2345956,0.9989167553757717,2345542,414,6989.173937427857,80,1,0,0,0,0.0
1094,1769711773.6012404,decode,414,2346370,0.9990930381094315,2345956,414,6989.173937427857,80,1,0,0,0,0.0
1095,1769711773.653352,decode,414,2346784,0.9992693208430913,2346370,414,6989.173937427857,80,1,0,0,0,0.0
1096,1769711773.7060153,decode,414,2347198,0.9994456035767512,2346784,414,6989.173937427857,80,1,0,0,0,0.0
1097,1769711773.7575328,decode,414,2347612,0.9996218863104109,2347198,414,6989.173937427857,80,1,0,0,0,0.0
1098,1769711773.809368,decode,414,2348026,0.9997981690440707,2347612,414,6989.173937427857,80,1,0,0,0,0.0
1099,1769711773.8612697,decode,414,2348440,0.9999744517777305,2348026,414,6989.173937427857,80,1,0,0,0,0.0
1100,1769711774.0126677,decode,414,2343257,0.9977675111773472,2348440,413,6989.173937427857,80,1,0,0,0,0.0
1101,1769711774.0639067,decode,413,2343670,0.9979433681073026,2343257,413,6989.173937427857,80,1,0,0,0,0.0
1102,1769711774.1159346,decode,413,2344083,0.9981192250372578,2343670,413,6989.173937427857,80,1,0,0,0,0.0
1103,1769711774.1687229,decode,413,2344496,0.9982950819672131,2344083,413,6989.173937427857,80,1,0,0,0,0.0
1104,1769711774.219737,decode,413,2344909,0.9984709388971684,2344496,413,6989.173937427857,80,1,0,0,0,0.0
1105,1769711774.2717698,decode,413,2345322,0.9986467958271237,2344909,413,6989.173937427857,80,1,0,0,0,0.0
1106,1769711774.3239186,decode,413,2345735,0.9988226527570789,2345322,413,6989.173937427857,80,1,0,0,0,0.0
1107,1769711774.375852,decode,413,2346148,0.9989985096870343,2345735,413,6989.173937427857,80,1,0,0,0,0.0
1108,1769711774.4277534,decode,413,2346561,0.9991743666169896,2346148,413,6989.173937427857,80,1,0,0,0,0.0
1109,1769711774.4797368,decode,413,2346974,0.9993502235469448,2346561,413,6989.173937427857,80,1,0,0,0,0.0
1110,1769711774.5316122,decode,413,2347387,0.9995260804769002,2346974,413,6989.173937427857,80,1,0,0,0,0.0
1111,1769711774.5837104,decode,413,2347800,0.9997019374068554,2347387,413,6989.173937427857,80,1,0,0,0,0.0
1112,1769711774.635548,decode,413,2348213,0.9998777943368107,2347800,413,6989.173937427857,80,1,0,0,0,0.0
1113,1769711774.7882147,decode,413,2343016,0.9976648924845646,2348213,412,6989.173937427857,80,1,0,0,0,0.0
1114,1769711774.8396916,decode,412,2343428,0.9978403236108154,2343016,412,6989.173937427857,80,1,0,0,0,0.0
1115,1769711774.8912342,decode,412,2343840,0.9980157547370662,2343428,412,6989.173937427857,80,1,0,0,0,0.0
1116,1769711774.9432724,decode,412,2344252,0.998191185863317,2343840,412,6989.173937427857,80,1,0,0,0,0.0
1117,1769711774.9951737,decode,412,2344664,0.9983666169895679,2344252,412,6989.173937427857,80,1,0,0,0,0.0
1118,1769711775.047188,decode,412,2345076,0.9985420481158186,2344664,412,6989.173937427857,80,1,0,0,0,0.0
1119,1769711775.0992289,decode,412,2345488,0.9987174792420694,2345076,412,6989.173937427857,80,1,0,0,0,0.0
1120,1769711775.1512299,decode,412,2345900,0.9988929103683202,2345488,412,6958.31720433512,80,1,0,0,0,0.0
1121,1769711775.202996,decode,412,2346312,0.999068341494571,2345900,412,6958.31720433512,80,1,0,0,0,0.0
1122,1769711775.255064,decode,412,2346724,0.9992437726208218,2346312,412,6958.31720433512,80,1,0,0,0,0.0
1123,1769711775.3071072,decode,412,2347136,0.9994192037470726,2346724,412,6958.31720433512,80,1,0,0,0,0.0
1124,1769711775.3590503,decode,412,2347548,0.9995946348733235,2347136,412,6958.31720433512,80,1,0,0,0,0.0
1125,1769711775.4111414,decode,412,2347960,0.9997700659995742,2347548,412,6958.31720433512,80,1,0,0,0,0.0
1126,1769711775.4631515,decode,412,2348372,0.999945497125825,2347960,412,6958.31720433512,80,1,0,0,0,0.0
1127,1769711775.6151447,decode,412,2343160,0.9977262082180115,2348372,411,6958.31720433512,80,1,0,0,0,0.0
1128,1769711775.666468,decode,411,2343571,0.9979012135405578,2343160,411,6958.31720433512,80,1,0,0,0,0.0
1129,1769711775.7181418,decode,411,2343982,0.9980762188631042,2343571,411,6958.31720433512,80,1,0,0,0,0.0
1130,1769711775.770069,decode,411,2344393,0.9982512241856504,2343982,411,6958.31720433512,80,1,0,0,0,0.0
1131,1769711775.8219821,decode,411,2344804,0.9984262295081967,2344393,411,6958.31720433512,80,1,0,0,0,0.0
1132,1769711775.873923,decode,411,2345215,0.998601234830743,2344804,411,6958.31720433512,80,1,0,0,0,0.0
1133,1769711775.925899,decode,411,2345626,0.9987762401532894,2345215,411,6958.31720433512,80,1,0,0,0,0.0
1134,1769711775.9778063,decode,411,2346037,0.9989512454758357,2345626,411,6958.31720433512,80,1,0,0,0,0.0
1135,1769711776.0298018,decode,411,2346448,0.9991262507983819,2346037,411,6958.31720433512,80,1,0,0,0,0.0
1136,1769711776.0818295,decode,411,2346859,0.9993012561209282,2346448,411,6958.31720433512,80,1,0,0,0,0.0
1137,1769711776.1342323,decode,411,2347270,0.9994762614434746,2346859,411,6958.31720433512,80,1,0,0,0,0.0
1138,1769711776.1861897,decode,411,2347681,0.9996512667660209,2347270,411,6958.31720433512,80,1,0,0,0,0.0
1139,1769711776.2381525,decode,411,2348092,0.9998262720885672,2347681,411,6958.31720433512,80,1,0,0,0,0.0
1140,1769711776.3900898,decode,411,2342866,0.9976010219288908,2348092,410,6958.31720433512,80,1,0,0,0,0.0
1141,1769711776.441526,decode,410,2343276,0.9977756014477326,2342866,410,6958.31720433512,80,1,0,0,0,0.0
1142,1769711776.4930718,decode,410,2343686,0.9979501809665744,2343276,410,6958.31720433512,80,1,0,0,0,0.0
1143,1769711776.5449228,decode,410,2344096,0.9981247604854162,2343686,410,6958.31720433512,80,1,0,0,0,0.0
1144,1769711776.597129,decode,410,2344506,0.998299340004258,2344096,410,6958.31720433512,80,1,0,0,0,0.0
1145,1769711776.6491525,decode,410,2344916,0.9984739195230998,2344506,410,6958.31720433512,80,1,0,0,0,0.0
1146,1769711776.7011998,decode,410,2345326,0.9986484990419416,2344916,410,6958.31720433512,80,1,0,0,0,0.0
1147,1769711776.7531726,decode,410,2345736,0.9988230785607835,2345326,410,6958.31720433512,80,1,0,0,0,0.0
1148,1769711776.8052363,decode,410,2346146,0.9989976580796253,2345736,410,6958.31720433512,80,1,0,0,0,0.0
1149,1769711776.857405,decode,410,2346556,0.9991722375984671,2346146,410,6958.31720433512,80,1,0,0,0,0.0
1150,1769711776.9094105,decode,410,2346966,0.9993468171173089,2346556,410,6958.31720433512,80,1,0,0,0,0.0
1151,1769711776.9614663,decode,410,2347376,0.9995213966361507,2346966,410,6958.31720433512,80,1,0,0,0,0.0
1152,1769711777.0135484,decode,410,2347786,0.9996959761549925,2347376,410,6958.31720433512,80,1,0,0,0,0.0
1153,1769711777.0653732,decode,410,2348196,0.9998705556738343,2347786,410,6958.31720433512,80,1,0,0,0,0.0
1154,1769711777.217023,decode,410,2342955,0.9976389184585905,2348196,409,6958.31720433512,80,1,0,0,0,0.0
1155,1769711777.2685375,decode,409,2343364,0.9978130721737279,2342955,409,6958.31720433512,80,1,0,0,0,0.0
1156,1769711777.3202758,decode,409,2343773,0.9979872258888652,2343364,409,6958.31720433512,80,1,0,0,0,0.0
1157,1769711777.3721797,decode,409,2344182,0.9981613796040025,2343773,409,6958.31720433512,80,1,0,0,0,0.0
1158,1769711777.4241,decode,409,2344591,0.9983355333191398,2344182,409,6958.31720433512,80,1,0,0,0,0.0
1159,1769711777.4760656,decode,409,2345000,0.9985096870342772,2344591,409,6958.31720433512,80,1,0,0,0,0.0
1160,1769711777.5280411,decode,409,2345409,0.9986838407494145,2345000,409,6908.816361706901,80,1,0,0,0,0.0
1161,1769711777.5798798,decode,409,2345818,0.9988579944645518,2345409,409,6908.816361706901,80,1,0,0,0,0.0
1162,1769711777.6318395,decode,409,2346227,0.9990321481796892,2345818,409,6908.816361706901,80,1,0,0,0,0.0
1163,1769711777.6839912,decode,409,2346636,0.9992063018948265,2346227,409,6908.816361706901,80,1,0,0,0,0.0
1164,1769711777.7359467,decode,409,2347045,0.9993804556099638,2346636,409,6908.816361706901,80,1,0,0,0,0.0
1165,1769711777.7879152,decode,409,2347454,0.9995546093251011,2347045,409,6908.816361706901,80,1,0,0,0,0.0
1166,1769711777.8398368,decode,409,2347863,0.9997287630402385,2347454,409,6908.816361706901,80,1,0,0,0,0.0
1167,1769711777.8918257,decode,409,2348272,0.9999029167553758,2347863,409,6908.816361706901,80,1,0,0,0,0.0
1168,1769711778.0435402,decode,409,2343015,0.9976644666808602,2348272,408,6908.816361706901,80,1,0,0,0,0.0
1169,1769711778.0947747,decode,408,2343423,0.997838194592293,2343015,408,6908.816361706901,80,1,0,0,0,0.0
1170,1769711778.1468308,decode,408,2343831,0.9980119225037258,2343423,408,6908.816361706901,80,1,0,0,0,0.0
1171,1769711778.198776,decode,408,2344239,0.9981856504151586,2343831,408,6908.816361706901,80,1,0,0,0,0.0
1172,1769711778.2506628,decode,408,2344647,0.9983593783265915,2344239,408,6908.816361706901,80,1,0,0,0,0.0
1173,1769711778.3025472,decode,408,2345055,0.9985331062380243,2344647,408,6908.816361706901,80,1,0,0,0,0.0
1174,1769711778.3544917,decode,408,2345463,0.998706834149457,2345055,408,6908.816361706901,80,1,0,0,0,0.0
1175,1769711778.4062636,decode,408,2345871,0.9988805620608899,2345463,408,6908.816361706901,80,1,0,0,0,0.0
1176,1769711778.4584415,decode,408,2346279,0.9990542899723227,2345871,408,6908.816361706901,80,1,0,0,0,0.0
1177,1769711778.510425,decode,408,2346687,0.9992280178837556,2346279,408,6908.816361706901,80,1,0,0,0,0.0
1178,1769711778.56233,decode,408,2347095,0.9994017457951884,2346687,408,6908.816361706901,80,1,0,0,0,0.0
1179,1769711778.6143718,decode,408,2347503,0.9995754737066213,2347095,408,6908.816361706901,80,1,0,0,0,0.0
1180,1769711778.666369,decode,408,2347911,0.999749201618054,2347503,408,6908.816361706901,80,1,0,0,0,0.0
1181,1769711778.7195594,decode,408,2348319,0.9999229295294869,2347911,408,6908.816361706901,80,1,0,0,0,0.0
1182,1769711778.8704553,decode,408,2343047,0.9976780923994039,2348319,407,6908.816361706901,80,1,0,0,0,0.0
1183,1769711778.9217412,decode,407,2343454,0.9978513945071322,2343047,407,6908.816361706901,80,1,0,0,0,0.0
1184,1769711778.973707,decode,407,2343861,0.9980246966148606,2343454,407,6908.816361706901,80,1,0,0,0,0.0
1185,1769711779.025544,decode,407,2344268,0.9981979987225889,2343861,407,6908.816361706901,80,1,0,0,0,0.0
1186,1769711779.0774627,decode,407,2344675,0.9983713008303172,2344268,407,6908.816361706901,80,1,0,0,0,0.0
1187,1769711779.1295347,decode,407,2345082,0.9985446029380456,2344675,407,6908.816361706901,80,1,0,0,0,0.0
1188,1769711779.181542,decode,407,2345489,0.9987179050457738,2345082,407,6908.816361706901,80,1,0,0,0,0.0
1189,1769711779.2335923,decode,407,2345896,0.9988912071535022,2345489,407,6908.816361706901,80,1,0,0,0,0.0
1190,1769711779.2854652,decode,407,2346303,0.9990645092612306,2345896,407,6908.816361706901,80,1,0,0,0,0.0
1191,1769711779.3374689,decode,407,2346710,0.999237811368959,2346303,407,6908.816361706901,80,1,0,0,0,0.0
1192,1769711779.3894815,decode,407,2347117,0.9994111134766872,2346710,407,6908.816361706901,80,1,0,0,0,0.0
1193,1769711779.4414275,decode,407,2347524,0.9995844155844156,2347117,407,6908.816361706901,80,1,0,0,0,0.0
1194,1769711779.4934838,decode,407,2347931,0.9997577176921439,2347524,407,6908.816361706901,80,1,0,0,0,0.0
1195,1769711779.5454953,decode,407,2348338,0.9999310197998723,2347931,407,6908.816361706901,80,1,0,0,0,0.0
1196,1769711779.6968718,decode,407,2343051,0.9976797956142218,2348338,406,6908.816361706901,80,1,0,0,0,0.0
1197,1769711779.748527,decode,406,2343457,0.9978526719182457,2343051,406,6908.816361706901,80,1,0,0,0,0.0
1198,1769711779.8004878,decode,406,2343863,0.9980255482222695,2343457,406,6908.816361706901,80,1,0,0,0,0.0
1199,1769711779.8521876,decode,406,2344269,0.9981984245262934,2343863,406,6908.816361706901,80,1,0,0,0,0.0
1200,1769711779.9041727,decode,406,2344675,0.9983713008303172,2344269,406,6862.435415267121,80,1,0,0,0,0.0
1201,1769711779.9559503,decode,406,2345081,0.9985441771343411,2344675,406,6862.435415267121,80,1,0,0,0,0.0
1202,1769711780.0078816,decode,406,2345487,0.9987170534383649,2345081,406,6862.435415267121,80,1,0,0,0,0.0
1203,1769711780.0607107,decode,406,2345893,0.9988899297423888,2345487,406,6862.435415267121,80,1,0,0,0,0.0
1204,1769711780.113128,decode,406,2346299,0.9990628060464126,2345893,406,6862.435415267121,80,1,0,0,0,0.0
1205,1769711780.1647398,decode,406,2346705,0.9992356823504365,2346299,406,6862.435415267121,80,1,0,0,0,0.0
1206,1769711780.2165904,decode,406,2347111,0.9994085586544603,2346705,406,6862.435415267121,80,1,0,0,0,0.0
1207,1769711780.268335,decode,406,2347517,0.9995814349584842,2347111,406,6862.435415267121,80,1,0,0,0,0.0
1208,1769711780.3206394,decode,406,2347923,0.999754311262508,2347517,406,6862.435415267121,80,1,0,0,0,0.0
1209,1769711780.3726113,decode,406,2348329,0.9999271875665319,2347923,406,6862.435415267121,80,1,0,0,0,0.0
1210,1769711780.5238066,decode,406,2343027,0.9976695763253141,2348329,405,6862.435415267121,80,1,0,0,0,0.0
1211,1769711780.5752347,decode,405,2343432,0.9978420268256334,2343027,405,6862.435415267121,80,1,0,0,0,0.0
1212,1769711780.6271174,decode,405,2343837,0.9980144773259527,2343432,405,6862.435415267121,80,1,0,0,0,0.0
1213,1769711780.678959,decode,405,2344242,0.998186927826272,2343837,405,6862.435415267121,80,1,0,0,0,0.0
1214,1769711780.73087,decode,405,2344647,0.9983593783265915,2344242,405,6862.435415267121,80,1,0,0,0,0.0
1215,1769711780.7827878,decode,405,2345052,0.9985318288269108,2344647,405,6862.435415267121,80,1,0,0,0,0.0
1216,1769711780.8346698,decode,405,2345457,0.9987042793272302,2345052,405,6862.435415267121,80,1,0,0,0,0.0
1217,1769711780.8869655,decode,405,2345862,0.9988767298275495,2345457,405,6862.435415267121,80,1,0,0,0,0.0
1218,1769711780.9390614,decode,405,2346267,0.9990491803278688,2345862,405,6862.435415267121,80,1,0,0,0,0.0
1219,1769711780.990878,decode,405,2346672,0.9992216308281882,2346267,405,6862.435415267121,80,1,0,0,0,0.0
1220,1769711781.0426445,decode,405,2347077,0.9993940813285076,2346672,405,6862.435415267121,80,1,0,0,0,0.0
1221,1769711781.094729,decode,405,2347482,0.9995665318288269,2347077,405,6862.435415267121,80,1,0,0,0,0.0
1222,1769711781.1473296,decode,405,2347887,0.9997389823291463,2347482,405,6862.435415267121,80,1,0,0,0,0.0
1223,1769711781.199155,decode,405,2348292,0.9999114328294656,2347887,405,6862.435415267121,80,1,0,0,0,0.0
1224,1769711781.3503692,decode,405,2342974,0.9976470087289759,2348292,404,6862.435415267121,80,1,0,0,0,0.0
1225,1769711781.401735,decode,404,2343378,0.9978190334255908,2342974,404,6862.435415267121,80,1,0,0,0,0.0
1226,1769711781.4534183,decode,404,2343782,0.9979910581222057,2343378,404,6862.435415267121,80,1,0,0,0,0.0
1227,1769711781.505242,decode,404,2344186,0.9981630828188205,2343782,404,6862.435415267121,80,1,0,0,0,0.0
1228,1769711781.557054,decode,404,2344590,0.9983351075154354,2344186,404,6862.435415267121,80,1,0,0,0,0.0
1229,1769711781.609093,decode,404,2344994,0.9985071322120502,2344590,404,6862.435415267121,80,1,0,0,0,0.0
1230,1769711781.6612148,decode,404,2345398,0.9986791569086652,2344994,404,6862.435415267121,80,1,0,0,0,0.0
1231,1769711781.713264,decode,404,2345802,0.99885118160528,2345398,404,6862.435415267121,80,1,0,0,0,0.0
1232,1769711781.7652092,decode,404,2346206,0.9990232063018948,2345802,404,6862.435415267121,80,1,0,0,0,0.0
1233,1769711781.8172054,decode,404,2346610,0.9991952309985097,2346206,404,6862.435415267121,80,1,0,0,0,0.0
1234,1769711781.8695,decode,404,2347014,0.9993672556951245,2346610,404,6862.435415267121,80,1,0,0,0,0.0
1235,1769711781.9215558,decode,404,2347418,0.9995392803917394,2347014,404,6862.435415267121,80,1,0,0,0,0.0
1236,1769711781.9736314,decode,404,2347822,0.9997113050883543,2347418,404,6862.435415267121,80,1,0,0,0,0.0
1237,1769711782.0255895,decode,404,2348226,0.9998833297849691,2347822,404,6862.435415267121,80,1,0,0,0,0.0
1238,1769711782.1772954,decode,404,2342893,0.9976125186289121,2348226,403,6862.435415267121,80,1,0,0,0,0.0
1239,1769711782.2288368,decode,403,2343296,0.9977841175218224,2342893,403,6862.435415267121,80,1,0,0,0,0.0
1240,1769711782.2804646,decode,403,2343699,0.9979557164147328,2343296,403,6813.965862539291,80,1,0,0,0,0.0
1241,1769711782.3321872,decode,403,2344102,0.9981273153076432,2343699,403,6813.965862539291,80,1,0,0,0,0.0
1242,1769711782.3840878,decode,403,2344505,0.9982989142005535,2344102,403,6813.965862539291,80,1,0,0,0,0.0
1243,1769711782.4361024,decode,403,2344908,0.9984705130934639,2344505,403,6813.965862539291,80,1,0,0,0,0.0
1244,1769711782.4883275,decode,403,2345311,0.9986421119863743,2344908,403,6813.965862539291,80,1,0,0,0,0.0
1245,1769711782.540275,decode,403,2345714,0.9988137108792846,2345311,403,6813.965862539291,80,1,0,0,0,0.0
1246,1769711782.5921574,decode,403,2346117,0.998985309772195,2345714,403,6813.965862539291,80,1,0,0,0,0.0
1247,1769711782.6441166,decode,403,2346520,0.9991569086651054,2346117,403,6813.965862539291,80,1,0,0,0,0.0
1248,1769711782.6960654,decode,403,2346923,0.9993285075580157,2346520,403,6813.965862539291,80,1,0,0,0,0.0
1249,1769711782.748248,decode,403,2347326,0.9995001064509261,2346923,403,6813.965862539291,80,1,0,0,0,0.0
1250,1769711782.8002923,decode,403,2347729,0.9996717053438365,2347326,403,6813.965862539291,80,1,0,0,0,0.0
1251,1769711782.852341,decode,403,2348132,0.9998433042367468,2347729,403,6813.965862539291,80,1,0,0,0,0.0
1252,1769711783.0040622,decode,403,2342784,0.9975661060251224,2348132,402,6813.965862539291,80,1,0,0,0,0.0
1253,1769711783.055906,decode,402,2343186,0.9977372791143283,2342784,402,6813.965862539291,80,1,0,0,0,0.0
1254,1769711783.1076686,decode,402,2343588,0.9979084522035342,2343186,402,6813.965862539291,80,1,0,0,0,0.0
1255,1769711783.1594048,decode,402,2343990,0.9980796252927401,2343588,402,6813.965862539291,80,1,0,0,0,0.0
1256,1769711783.2110639,decode,402,2344392,0.998250798381946,2343990,402,6813.965862539291,80,1,0,0,0,0.0
1257,1769711783.2633116,decode,402,2344794,0.9984219714711517,2344392,402,6813.965862539291,80,1,0,0,0,0.0
1258,1769711783.3160162,decode,402,2345196,0.9985931445603576,2344794,402,6813.965862539291,80,1,0,0,0,0.0
1259,1769711783.3677897,decode,402,2345598,0.9987643176495635,2345196,402,6813.965862539291,80,1,0,0,0,0.0
1260,1769711783.4194505,decode,402,2346000,0.9989354907387694,2345598,402,6813.965862539291,80,1,0,0,0,0.0
1261,1769711783.4714148,decode,402,2346402,0.9991066638279753,2346000,402,6813.965862539291,80,1,0,0,0,0.0
1262,1769711783.5233722,decode,402,2346804,0.9992778369171812,2346402,402,6813.965862539291,80,1,0,0,0,0.0
1263,1769711783.5765688,decode,402,2347206,0.9994490100063871,2346804,402,6813.965862539291,80,1,0,0,0,0.0
1264,1769711783.6287909,decode,402,2347608,0.999620183095593,2347206,402,6813.965862539291,80,1,0,0,0,0.0
1265,1769711783.6808906,decode,402,2348010,0.9997913561847989,2347608,402,6813.965862539291,80,1,0,0,0,0.0
1266,1769711783.7330055,decode,402,2348412,0.9999625292740046,2348010,402,6813.965862539291,80,1,0,0,0,0.0
1267,1769711783.884518,decode,402,2343048,0.9976785182031084,2348412,401,6813.965862539291,80,1,0,0,0,0.0
1268,1769711783.9359882,decode,401,2343449,0.9978492654886097,2343048,401,6813.965862539291,80,1,0,0,0,0.0
1269,1769711783.9877896,decode,401,2343850,0.9980200127741111,2343449,401,6813.965862539291,80,1,0,0,0,0.0
1270,1769711784.0396414,decode,401,2344251,0.9981907600596125,2343850,401,6813.965862539291,80,1,0,0,0,0.0
1271,1769711784.0916576,decode,401,2344652,0.9983615073451139,2344251,401,6813.965862539291,80,1,0,0,0,0.0
1272,1769711784.1443434,decode,401,2345053,0.9985322546306152,2344652,401,6813.965862539291,80,1,0,0,0,0.0
1273,1769711784.1961615,decode,401,2345454,0.9987030019161167,2345053,401,6813.965862539291,80,1,0,0,0,0.0
1274,1769711784.2480478,decode,401,2345855,0.9988737492016181,2345454,401,6813.965862539291,80,1,0,0,0,0.0
1275,1769711784.3000085,decode,401,2346256,0.9990444964871195,2345855,401,6813.965862539291,80,1,0,0,0,0.0
1276,1769711784.3520691,decode,401,2346657,0.9992152437726208,2346256,401,6813.965862539291,80,1,0,0,0,0.0
1277,1769711784.4044206,decode,401,2347058,0.9993859910581222,2346657,401,6813.965862539291,80,1,0,0,0,0.0
1278,1769711784.4565363,decode,401,2347459,0.9995567383436236,2347058,401,6813.965862539291,80,1,0,0,0,0.0
1279,1769711784.508641,decode,401,2347860,0.999727485629125,2347459,401,6813.965862539291,80,1,0,0,0,0.0
1280,1769711784.56081,decode,401,2348261,0.9998982329146263,2347860,401,7051.130172977638,80,1,0,0,0,0.0
1281,1769711784.7117617,decode,401,2342882,0.9976078347881626,2348261,400,7051.130172977638,80,1,0,0,0,0.0
1282,1769711784.7631123,decode,400,2343282,0.9977781562699596,2342882,400,7051.130172977638,80,1,0,0,0,0.0
1283,1769711784.8149726,decode,400,2343682,0.9979484777517564,2343282,400,7051.130172977638,80,1,0,0,0,0.0
1284,1769711784.86679,decode,400,2344082,0.9981187992335533,2343682,400,7051.130172977638,80,1,0,0,0,0.0
1285,1769711784.9191294,decode,400,2344482,0.9982891207153503,2344082,400,7051.130172977638,80,1,0,0,0,0.0
1286,1769711784.9710581,decode,400,2344882,0.9984594421971471,2344482,400,7051.130172977638,80,1,0,0,0,0.0
1287,1769711785.0231965,decode,400,2345282,0.998629763678944,2344882,400,7051.130172977638,80,1,0,0,0,0.0
1288,1769711785.0753229,decode,400,2345682,0.9988000851607409,2345282,400,7051.130172977638,80,1,0,0,0,0.0
1289,1769711785.127881,decode,400,2346082,0.9989704066425378,2345682,400,7051.130172977638,80,1,0,0,0,0.0
1290,1769711785.1796992,decode,400,2346482,0.9991407281243346,2346082,400,7051.130172977638,80,1,0,0,0,0.0
1291,1769711785.2316575,decode,400,2346882,0.9993110496061316,2346482,400,7051.130172977638,80,1,0,0,0,0.0
1292,1769711785.2836783,decode,400,2347282,0.9994813710879284,2346882,400,7051.130172977638,80,1,0,0,0,0.0
1293,1769711785.3357763,decode,400,2347682,0.9996516925697253,2347282,400,7051.130172977638,80,1,0,0,0,0.0
1294,1769711785.3877828,decode,400,2348082,0.9998220140515223,2347682,400,7051.130172977638,80,1,0,0,0,0.0
1295,1769711785.4398649,decode,400,2348482,0.9999923355333191,2348082,400,7051.130172977638,80,1,0,0,0,0.0
1296,1769711785.591008,decode,400,2343086,0.9976946987438791,2348482,399,7051.130172977638,80,1,0,0,0,0.0
1297,1769711785.6423395,decode,399,2343485,0.9978645944219715,2343086,399,7051.130172977638,80,1,0,0,0,0.0
1298,1769711785.6940894,decode,399,2343884,0.9980344901000638,2343485,399,7051.130172977638,80,1,0,0,0,0.0
1299,1769711785.7461572,decode,399,2344283,0.9982043857781563,2343884,399,7051.130172977638,80,1,0,0,0,0.0
1300,1769711785.7980678,decode,399,2344682,0.9983742814562486,2344283,399,7051.130172977638,80,1,0,0,0,0.0
1301,1769711785.8500004,decode,399,2345081,0.9985441771343411,2344682,399,7051.130172977638,80,1,0,0,0,0.0
1302,1769711785.902056,decode,399,2345480,0.9987140728124335,2345081,399,7051.130172977638,80,1,0,0,0,0.0
1303,1769711785.9540038,decode,399,2345879,0.9988839684905259,2345480,399,7051.130172977638,80,1,0,0,0,0.0
1304,1769711786.0062478,decode,399,2346278,0.9990538641686183,2345879,399,7051.130172977638,80,1,0,0,0,0.0
1305,1769711786.058596,decode,399,2346677,0.9992237598467106,2346278,399,7051.130172977638,80,1,0,0,0,0.0
1306,1769711786.1109107,decode,399,2347076,0.9993936555248031,2346677,399,7051.130172977638,80,1,0,0,0,0.0
1307,1769711786.1627383,decode,399,2347475,0.9995635512028954,2347076,399,7051.130172977638,80,1,0,0,0,0.0
1308,1769711786.215922,decode,399,2347874,0.9997334468809879,2347475,399,7051.130172977638,80,1,0,0,0,0.0
1309,1769711786.2677135,decode,399,2348273,0.9999033425590803,2347874,399,7051.130172977638,80,1,0,0,0,0.0
1310,1769711786.4185078,decode,399,2342862,0.9975993187140728,2348273,398,7051.130172977638,80,1,0,0,0,0.0
1311,1769711786.4698586,decode,398,2343260,0.9977687885884607,2342862,398,7051.130172977638,80,1,0,0,0,0.0
1312,1769711786.521604,decode,398,2343658,0.9979382584628487,2343260,398,7051.130172977638,80,1,0,0,0,0.0
1313,1769711786.5737598,decode,398,2344056,0.9981077283372365,2343658,398,7051.130172977638,80,1,0,0,0,0.0
1314,1769711786.6257238,decode,398,2344454,0.9982771982116244,2344056,398,7051.130172977638,80,1,0,0,0,0.0
1315,1769711786.6778586,decode,398,2344852,0.9984466680860123,2344454,398,7051.130172977638,80,1,0,0,0,0.0
1316,1769711786.7300308,decode,398,2345250,0.9986161379604003,2344852,398,7051.130172977638,80,1,0,0,0,0.0
1317,1769711786.782265,decode,398,2345648,0.9987856078347882,2345250,398,7051.130172977638,80,1,0,0,0,0.0
1318,1769711786.8345394,decode,398,2346046,0.998955077709176,2345648,398,7051.130172977638,80,1,0,0,0,0.0
1319,1769711786.8865838,decode,398,2346444,0.999124547583564,2346046,398,7051.130172977638,80,1,0,0,0,0.0
1320,1769711786.93907,decode,398,2346842,0.9992940174579519,2346444,398,6713.7562869360045,80,1,0,0,0,0.0
1321,1769711786.990834,decode,398,2347240,0.9994634873323398,2346842,398,6713.7562869360045,80,1,0,0,0,0.0
1322,1769711787.0428925,decode,398,2347638,0.9996329572067277,2347240,398,6713.7562869360045,80,1,0,0,0,0.0
1323,1769711787.0952058,decode,398,2348036,0.9998024270811156,2347638,398,6713.7562869360045,80,1,0,0,0,0.0
1324,1769711787.147952,decode,398,2348434,0.9999718969555035,2348036,398,6713.7562869360045,80,1,0,0,0,0.0
1325,1769711787.2995508,decode,398,2343007,0.9976610602512241,2348434,397,6713.7562869360045,80,1,0,0,0,0.0
1326,1769711787.351657,decode,397,2343404,0.9978301043219076,2343007,397,6713.7562869360045,80,1,0,0,0,0.0
1327,1769711787.4038603,decode,397,2343801,0.997999148392591,2343404,397,6713.7562869360045,80,1,0,0,0,0.0
1328,1769711787.4561021,decode,397,2344198,0.9981681924632745,2343801,397,6713.7562869360045,80,1,0,0,0,0.0
1329,1769711787.5077314,decode,397,2344595,0.9983372365339579,2344198,397,6713.7562869360045,80,1,0,0,0,0.0
1330,1769711787.5598981,decode,397,2344992,0.9985062806046413,2344595,397,6713.7562869360045,80,1,0,0,0,0.0
1331,1769711787.612088,decode,397,2345389,0.9986753246753247,2344992,397,6713.7562869360045,80,1,0,0,0,0.0
1332,1769711787.6646745,decode,397,2345786,0.9988443687460081,2345389,397,6713.7562869360045,80,1,0,0,0,0.0
1333,1769711787.7166083,decode,397,2346183,0.9990134128166915,2345786,397,6713.7562869360045,80,1,0,0,0,0.0
1334,1769711787.7684717,decode,397,2346580,0.999182456887375,2346183,397,6713.7562869360045,80,1,0,0,0,0.0
1335,1769711787.8204157,decode,397,2346977,0.9993515009580584,2346580,397,6713.7562869360045,80,1,0,0,0,0.0
1336,1769711787.8724408,decode,397,2347374,0.9995205450287418,2346977,397,6713.7562869360045,80,1,0,0,0,0.0
1337,1769711787.9255216,decode,397,2347771,0.9996895890994252,2347374,397,6713.7562869360045,80,1,0,0,0,0.0
1338,1769711787.977854,decode,397,2348168,0.9998586331701086,2347771,397,6713.7562869360045,80,1,0,0,0,0.0
1339,1769711788.128381,decode,397,2342726,0.9975414094102618,2348168,396,6713.7562869360045,80,1,0,0,0,0.0
1340,1769711788.180244,decode,396,2343122,0.9977100276772408,2342726,396,6713.7562869360045,80,1,0,0,0,0.0
1341,1769711788.232374,decode,396,2343518,0.9978786459442197,2343122,396,6713.7562869360045,80,1,0,0,0,0.0
1342,1769711788.284297,decode,396,2343914,0.9980472642111986,2343518,396,6713.7562869360045,80,1,0,0,0,0.0
1343,1769711788.3360996,decode,396,2344310,0.9982158824781776,2343914,396,6713.7562869360045,80,1,0,0,0,0.0
1344,1769711788.3880534,decode,396,2344706,0.9983845007451565,2344310,396,6713.7562869360045,80,1,0,0,0,0.0
1345,1769711788.44024,decode,396,2345102,0.9985531190121354,2344706,396,6713.7562869360045,80,1,0,0,0,0.0
1346,1769711788.492279,decode,396,2345498,0.9987217372791143,2345102,396,6713.7562869360045,80,1,0,0,0,0.0
1347,1769711788.5442786,decode,396,2345894,0.9988903555460933,2345498,396,6713.7562869360045,80,1,0,0,0,0.0
1348,1769711788.5963116,decode,396,2346290,0.9990589738130722,2345894,396,6713.7562869360045,80,1,0,0,0,0.0
1349,1769711788.648509,decode,396,2346686,0.9992275920800511,2346290,396,6713.7562869360045,80,1,0,0,0,0.0
1350,1769711788.700629,decode,396,2347082,0.99939621034703,2346686,396,6713.7562869360045,80,1,0,0,0,0.0
1351,1769711788.7529795,decode,396,2347478,0.999564828614009,2347082,396,6713.7562869360045,80,1,0,0,0,0.0
1352,1769711788.8049335,decode,396,2347874,0.9997334468809879,2347478,396,6713.7562869360045,80,1,0,0,0,0.0
1353,1769711788.8569193,decode,396,2348270,0.9999020651479668,2347874,396,6713.7562869360045,80,1,0,0,0,0.0
1354,1769711789.0080214,decode,396,2342812,0.9975780285288482,2348270,395,6713.7562869360045,80,1,0,0,0,0.0
1355,1769711789.059551,decode,395,2343207,0.9977462209921226,2342812,395,6713.7562869360045,80,1,0,0,0,0.0
1356,1769711789.1117895,decode,395,2343602,0.9979144134553971,2343207,395,6713.7562869360045,80,1,0,0,0,0.0
1357,1769711789.1636593,decode,395,2343997,0.9980826059186715,2343602,395,6713.7562869360045,80,1,0,0,0,0.0
1358,1769711789.2157447,decode,395,2344392,0.998250798381946,2343997,395,6713.7562869360045,80,1,0,0,0,0.0
1359,1769711789.2679822,decode,395,2344787,0.9984189908452203,2344392,395,6713.7562869360045,80,1,0,0,0,0.0
1360,1769711789.3200867,decode,395,2345182,0.9985871833084948,2344787,395,6660.170090541519,80,1,0,0,0,0.0
1361,1769711789.3720236,decode,395,2345577,0.9987553757717692,2345182,395,6660.170090541519,80,1,0,0,0,0.0
1362,1769711789.423986,decode,395,2345972,0.9989235682350437,2345577,395,6660.170090541519,80,1,0,0,0,0.0
1363,1769711789.4761636,decode,395,2346367,0.9990917606983181,2345972,395,6660.170090541519,80,1,0,0,0,0.0
1364,1769711789.5283787,decode,395,2346762,0.9992599531615926,2346367,395,6660.170090541519,80,1,0,0,0,0.0
1365,1769711789.5804534,decode,395,2347157,0.9994281456248669,2346762,395,6660.170090541519,80,1,0,0,0,0.0
1366,1769711789.632504,decode,395,2347552,0.9995963380881414,2347157,395,6660.170090541519,80,1,0,0,0,0.0
1367,1769711789.684529,decode,395,2347947,0.9997645305514158,2347552,395,6660.170090541519,80,1,0,0,0,0.0
1368,1769711789.7368073,decode,395,2348342,0.9999327230146903,2347947,395,6660.170090541519,80,1,0,0,0,0.0
1369,1769711789.8885372,decode,395,2342867,0.9976014477325953,2348342,394,6660.170090541519,80,1,0,0,0,0.0
1370,1769711789.9400308,decode,394,2343261,0.9977692143921653,2342867,394,6660.170090541519,80,1,0,0,0,0.0
1371,1769711789.9918492,decode,394,2343655,0.9979369810517351,2343261,394,6660.170090541519,80,1,0,0,0,0.0
1372,1769711790.0437803,decode,394,2344049,0.9981047477113051,2343655,394,6660.170090541519,80,1,0,0,0,0.0
1373,1769711790.0961916,decode,394,2344443,0.998272514370875,2344049,394,6660.170090541519,80,1,0,0,0,0.0
1374,1769711790.148162,decode,394,2344837,0.9984402810304449,2344443,394,6660.170090541519,80,1,0,0,0,0.0
1375,1769711790.2001593,decode,394,2345231,0.9986080476900149,2344837,394,6660.170090541519,80,1,0,0,0,0.0
1376,1769711790.2521343,decode,394,2345625,0.9987758143495848,2345231,394,6660.170090541519,80,1,0,0,0,0.0
1377,1769711790.3043063,decode,394,2346019,0.9989435810091548,2345625,394,6660.170090541519,80,1,0,0,0,0.0
1378,1769711790.3566024,decode,394,2346413,0.9991113476687247,2346019,394,6660.170090541519,80,1,0,0,0,0.0
1379,1769711790.4086514,decode,394,2346807,0.9992791143282946,2346413,394,6660.170090541519,80,1,0,0,0,0.0
1380,1769711790.4607823,decode,394,2347201,0.9994468809878646,2346807,394,6660.170090541519,80,1,0,0,0,0.0
1381,1769711790.5130033,decode,394,2347595,0.9996146476474346,2347201,394,6660.170090541519,80,1,0,0,0,0.0
1382,1769711790.5650177,decode,394,2347989,0.9997824143070044,2347595,394,6660.170090541519,80,1,0,0,0,0.0
1383,1769711790.6173673,decode,394,2348383,0.9999501809665744,2347989,394,6660.170090541519,80,1,0,0,0,0.0
1384,1769711790.7692273,decode,394,2342892,0.9976120928252076,2348383,393,6660.170090541519,80,1,0,0,0,0.0
1385,1769711790.8212574,decode,393,2343285,0.997779433681073,2342892,393,6660.170090541519,80,1,0,0,0,0.0
1386,1769711790.8731537,decode,393,2343678,0.9979467745369385,2343285,393,6660.170090541519,80,1,0,0,0,0.0
1387,1769711790.9250486,decode,393,2344071,0.9981141153928039,2343678,393,6660.170090541519,80,1,0,0,0,0.0
1388,1769711790.9781964,decode,393,2344464,0.9982814562486694,2344071,393,6660.170090541519,80,1,0,0,0,0.0
1389,1769711791.0302062,decode,393,2344857,0.9984487971045348,2344464,393,6660.170090541519,80,1,0,0,0,0.0
1390,1769711791.0827641,decode,393,2345250,0.9986161379604003,2344857,393,6660.170090541519,80,1,0,0,0,0.0
1391,1769711791.1348774,decode,393,2345643,0.9987834788162657,2345250,393,6660.170090541519,80,1,0,0,0,0.0
1392,1769711791.1867511,decode,393,2346036,0.9989508196721312,2345643,393,6660.170090541519,80,1,0,0,0,0.0
1393,1769711791.239647,decode,393,2346429,0.9991181605279966,2346036,393,6660.170090541519,80,1,0,0,0,0.0
1394,1769711791.2915063,decode,393,2346822,0.9992855013838621,2346429,393,6660.170090541519,80,1,0,0,0,0.0
1395,1769711791.3434718,decode,393,2347215,0.9994528422397275,2346822,393,6660.170090541519,80,1,0,0,0,0.0
1396,1769711791.3968558,decode,393,2347608,0.999620183095593,2347215,393,6660.170090541519,80,1,0,0,0,0.0
1397,1769711791.449023,decode,393,2348001,0.9997875239514584,2347608,393,6660.170090541519,80,1,0,0,0,0.0
1398,1769711791.501158,decode,393,2348394,0.9999548648073239,2348001,393,6660.170090541519,80,1,0,0,0,0.0
1399,1769711791.6517208,decode,393,2342887,0.9976099638066851,2348394,392,6660.170090541519,80,1,0,0,0,0.0
1400,1769711791.703499,decode,392,2343279,0.997776878858846,2342887,392,6609.000041755269,80,1,0,0,0,0.0
1401,1769711791.7552776,decode,392,2343671,0.9979437939110071,2343279,392,6609.000041755269,80,1,0,0,0,0.0
1402,1769711791.8072827,decode,392,2344063,0.998110708963168,2343671,392,6609.000041755269,80,1,0,0,0,0.0
1403,1769711791.8602877,decode,392,2344455,0.9982776240153289,2344063,392,6609.000041755269,80,1,0,0,0,0.0
1404,1769711791.9121213,decode,392,2344847,0.9984445390674899,2344455,392,6609.000041755269,80,1,0,0,0,0.0
1405,1769711791.9642706,decode,392,2345239,0.9986114541196508,2344847,392,6609.000041755269,80,1,0,0,0,0.0
1406,1769711792.0163193,decode,392,2345631,0.9987783691718118,2345239,392,6609.000041755269,80,1,0,0,0,0.0
1407,1769711792.0683358,decode,392,2346023,0.9989452842239728,2345631,392,6609.000041755269,80,1,0,0,0,0.0
1408,1769711792.1209338,decode,392,2346415,0.9991121992761337,2346023,392,6609.000041755269,80,1,0,0,0,0.0
1409,1769711792.1729038,decode,392,2346807,0.9992791143282946,2346415,392,6609.000041755269,80,1,0,0,0,0.0
1410,1769711792.2251039,decode,392,2347199,0.9994460293804556,2346807,392,6609.000041755269,80,1,0,0,0,0.0
1411,1769711792.2774348,decode,392,2347591,0.9996129444326166,2347199,392,6609.000041755269,80,1,0,0,0,0.0
1412,1769711792.3295355,decode,392,2347983,0.9997798594847775,2347591,392,6609.000041755269,80,1,0,0,0,0.0
1413,1769711792.3818665,decode,392,2348375,0.9999467745369385,2347983,392,6609.000041755269,80,1,0,0,0,0.0
1414,1769711792.5333111,decode,392,2342852,0.9975950606770279,2348375,391,6609.000041755269,80,1,0,0,0,0.0
1415,1769711792.5849435,decode,391,2343243,0.9977615499254844,2342852,391,6609.000041755269,80,1,0,0,0,0.0
1416,1769711792.637008,decode,391,2343634,0.9979280391739408,2343243,391,6609.000041755269,80,1,0,0,0,0.0
1417,1769711792.6892674,decode,391,2344025,0.9980945284223973,2343634,391,6609.000041755269,80,1,0,0,0,0.0
1418,1769711792.7414525,decode,391,2344416,0.9982610176708537,2344025,391,6609.000041755269,80,1,0,0,0,0.0
1419,1769711792.793455,decode,391,2344807,0.9984275069193101,2344416,391,6609.000041755269,80,1,0,0,0,0.0
1420,1769711792.8457644,decode,391,2345198,0.9985939961677667,2344807,391,6609.000041755269,80,1,0,0,0,0.0
1421,1769711792.89778,decode,391,2345589,0.9987604854162231,2345198,391,6609.000041755269,80,1,0,0,0,0.0
1422,1769711792.9500442,decode,391,2345980,0.9989269746646796,2345589,391,6609.000041755269,80,1,0,0,0,0.0
1423,1769711793.0023406,decode,391,2346371,0.999093463913136,2345980,391,6609.000041755269,80,1,0,0,0,0.0
1424,1769711793.054531,decode,391,2346762,0.9992599531615926,2346371,391,6609.000041755269,80,1,0,0,0,0.0
1425,1769711793.1067493,decode,391,2347153,0.999426442410049,2346762,391,6609.000041755269,80,1,0,0,0,0.0
1426,1769711793.158856,decode,391,2347544,0.9995929316585054,2347153,391,6609.000041755269,80,1,0,0,0,0.0
1427,1769711793.210812,decode,391,2347935,0.9997594209069619,2347544,391,6609.000041755269,80,1,0,0,0,0.0
1428,1769711793.263137,decode,391,2348326,0.9999259101554183,2347935,391,6609.000041755269,80,1,0,0,0,0.0
1429,1769711793.4144747,decode,391,2342786,0.9975669576325314,2348326,390,6609.000041755269,80,1,0,0,0,0.0
1430,1769711793.4660745,decode,390,2343176,0.9977330210772833,2342786,390,6609.000041755269,80,1,0,0,0,0.0
1431,1769711793.518663,decode,390,2343566,0.9978990845220354,2343176,390,6609.000041755269,80,1,0,0,0,0.0
1432,1769711793.5706272,decode,390,2343956,0.9980651479667874,2343566,390,6609.000041755269,80,1,0,0,0,0.0
1433,1769711793.6231165,decode,390,2344346,0.9982312114115393,2343956,390,6609.000041755269,80,1,0,0,0,0.0
1434,1769711793.675154,decode,390,2344736,0.9983972748562913,2344346,390,6609.000041755269,80,1,0,0,0,0.0
1435,1769711793.7272089,decode,390,2345126,0.9985633383010433,2344736,390,6609.000041755269,80,1,0,0,0,0.0
1436,1769711793.7792487,decode,390,2345516,0.9987294017457952,2345126,390,6609.000041755269,80,1,0,0,0,0.0
1437,1769711793.8315372,decode,390,2345906,0.9988954651905472,2345516,390,6609.000041755269,80,1,0,0,0,0.0
1438,1769711793.88368,decode,390,2346296,0.9990615286352992,2345906,390,6609.000041755269,80,1,0,0,0,0.0
1439,1769711793.936013,decode,390,2346686,0.9992275920800511,2346296,390,6609.000041755269,80,1,0,0,0,0.0
1440,1769711793.988435,decode,390,2347076,0.9993936555248031,2346686,390,6846.155414386099,80,1,0,0,0,0.0
1441,1769711794.0404527,decode,390,2347466,0.9995597189695551,2347076,390,6846.155414386099,80,1,0,0,0,0.0
1442,1769711794.093168,decode,390,2347856,0.999725782414307,2347466,390,6846.155414386099,80,1,0,0,0,0.0
1443,1769711794.1454358,decode,390,2348246,0.999891845859059,2347856,390,6846.155414386099,80,1,0,0,0,0.0
1444,1769711794.2963915,decode,390,2342690,0.9975260804769002,2348246,389,6846.155414386099,80,1,0,0,0,0.0
1445,1769711794.348016,decode,389,2343079,0.9976917181179477,2342690,389,6846.155414386099,80,1,0,0,0,0.0
1446,1769711794.4000952,decode,389,2343468,0.9978573557589951,2343079,389,6846.155414386099,80,1,0,0,0,0.0
1447,1769711794.4519043,decode,389,2343857,0.9980229934000426,2343468,389,6846.155414386099,80,1,0,0,0,0.0
1448,1769711794.50419,decode,389,2344246,0.99818863104109,2343857,389,6846.155414386099,80,1,0,0,0,0.0
1449,1769711794.5571487,decode,389,2344635,0.9983542686821375,2344246,389,6846.155414386099,80,1,0,0,0,0.0
1450,1769711794.609031,decode,389,2345024,0.998519906323185,2344635,389,6846.155414386099,80,1,0,0,0,0.0
1451,1769711794.6610587,decode,389,2345413,0.9986855439642325,2345024,389,6846.155414386099,80,1,0,0,0,0.0
1452,1769711794.7132,decode,389,2345802,0.99885118160528,2345413,389,6846.155414386099,80,1,0,0,0,0.0
1453,1769711794.765703,decode,389,2346191,0.9990168192463275,2345802,389,6846.155414386099,80,1,0,0,0,0.0
1454,1769711794.8178098,decode,389,2346580,0.999182456887375,2346191,389,6846.155414386099,80,1,0,0,0,0.0
1455,1769711794.8701274,decode,389,2346969,0.9993480945284224,2346580,389,6846.155414386099,80,1,0,0,0,0.0
1456,1769711794.9224133,decode,389,2347358,0.9995137321694699,2346969,389,6846.155414386099,80,1,0,0,0,0.0
1457,1769711794.9747524,decode,389,2347747,0.9996793698105173,2347358,389,6846.155414386099,80,1,0,0,0,0.0
1458,1769711795.0268443,decode,389,2348136,0.9998450074515648,2347747,389,6846.155414386099,80,1,0,0,0,0.0
1459,1769711795.1785536,decode,389,2342564,0.9974724292101341,2348136,388,6846.155414386099,80,1,0,0,0,0.0
1460,1769711795.2301283,decode,388,2342952,0.9976376410474771,2342564,388,6846.155414386099,80,1,0,0,0,0.0
1461,1769711795.2820632,decode,388,2343340,0.9978028528848201,2342952,388,6846.155414386099,80,1,0,0,0,0.0
1462,1769711795.3341486,decode,388,2343728,0.997968064722163,2343340,388,6846.155414386099,80,1,0,0,0,0.0
1463,1769711795.3862643,decode,388,2344116,0.9981332765595061,2343728,388,6846.155414386099,80,1,0,0,0,0.0
1464,1769711795.438608,decode,388,2344504,0.9982984883968491,2344116,388,6846.155414386099,80,1,0,0,0,0.0
1465,1769711795.49081,decode,388,2344892,0.9984637002341921,2344504,388,6846.155414386099,80,1,0,0,0,0.0
1466,1769711795.54298,decode,388,2345280,0.998628912071535,2344892,388,6846.155414386099,80,1,0,0,0,0.0
1467,1769711795.5951624,decode,388,2345668,0.998794123908878,2345280,388,6846.155414386099,80,1,0,0,0,0.0
1468,1769711795.647287,decode,388,2346056,0.998959335746221,2345668,388,6846.155414386099,80,1,0,0,0,0.0
1469,1769711795.6996584,decode,388,2346444,0.999124547583564,2346056,388,6846.155414386099,80,1,0,0,0,0.0
1470,1769711795.7517743,decode,388,2346832,0.9992897594209069,2346444,388,6846.155414386099,80,1,0,0,0,0.0
1471,1769711795.8040354,decode,388,2347220,0.9994549712582499,2346832,388,6846.155414386099,80,1,0,0,0,0.0
1472,1769711795.8562694,decode,388,2347608,0.999620183095593,2347220,388,6846.155414386099,80,1,0,0,0,0.0
1473,1769711795.9084635,decode,388,2347996,0.999785394932936,2347608,388,6846.155414386099,80,1,0,0,0,0.0
1474,1769711795.9609919,decode,388,2348384,0.9999506067702789,2347996,388,6846.155414386099,80,1,0,0,0,0.0
1475,1769711796.1123667,decode,388,2342795,0.9975707898658719,2348384,387,6846.155414386099,80,1,0,0,0,0.0
1476,1769711796.1641755,decode,387,2343182,0.9977355758995103,2342795,387,6846.155414386099,80,1,0,0,0,0.0
1477,1769711796.2161965,decode,387,2343569,0.9979003619331488,2343182,387,6846.155414386099,80,1,0,0,0,0.0
1478,1769711796.2683702,decode,387,2343956,0.9980651479667874,2343569,387,6846.155414386099,80,1,0,0,0,0.0
1479,1769711796.3204906,decode,387,2344343,0.9982299340004258,2343956,387,6846.155414386099,80,1,0,0,0,0.0
1480,1769711796.3728533,decode,387,2344730,0.9983947200340643,2344343,387,6516.471045402907,80,1,0,0,0,0.0
1481,1769711796.4249468,decode,387,2345117,0.9985595060677028,2344730,387,6516.471045402907,80,1,0,0,0,0.0
1482,1769711796.4770114,decode,387,2345504,0.9987242921013413,2345117,387,6516.471045402907,80,1,0,0,0,0.0
1483,1769711796.529501,decode,387,2345891,0.9988890781349797,2345504,387,6516.471045402907,80,1,0,0,0,0.0
1484,1769711796.5816944,decode,387,2346278,0.9990538641686183,2345891,387,6516.471045402907,80,1,0,0,0,0.0
1485,1769711796.6337667,decode,387,2346665,0.9992186502022568,2346278,387,6516.471045402907,80,1,0,0,0,0.0
1486,1769711796.686083,decode,387,2347052,0.9993834362358952,2346665,387,6516.471045402907,80,1,0,0,0,0.0
1487,1769711796.738188,decode,387,2347439,0.9995482222695338,2347052,387,6516.471045402907,80,1,0,0,0,0.0
1488,1769711796.79126,decode,387,2347826,0.9997130083031722,2347439,387,6516.471045402907,80,1,0,0,0,0.0
1489,1769711796.8434813,decode,387,2348213,0.9998777943368107,2347826,387,6516.471045402907,80,1,0,0,0,0.0
1490,1769711796.9945712,decode,387,2342607,0.9974907387694273,2348213,386,6516.471045402907,80,1,0,0,0,0.0
1491,1769711797.0463302,decode,386,2342993,0.9976550989993613,2342607,386,6516.471045402907,80,1,0,0,0,0.0
1492,1769711797.0983558,decode,386,2343379,0.9978194592292953,2342993,386,6516.471045402907,80,1,0,0,0,0.0
1493,1769711797.150423,decode,386,2343765,0.9979838194592293,2343379,386,6516.471045402907,80,1,0,0,0,0.0
1494,1769711797.2030697,decode,386,2344151,0.9981481796891633,2343765,386,6516.471045402907,80,1,0,0,0,0.0
1495,1769711797.2550948,decode,386,2344537,0.9983125399190973,2344151,386,6516.471045402907,80,1,0,0,0,0.0
1496,1769711797.3074942,decode,386,2344923,0.9984769001490313,2344537,386,6516.471045402907,80,1,0,0,0,0.0
1497,1769711797.3595002,decode,386,2345309,0.9986412603789653,2344923,386,6516.471045402907,80,1,0,0,0,0.0
1498,1769711797.411497,decode,386,2345695,0.9988056206088993,2345309,386,6516.471045402907,80,1,0,0,0,0.0
1499,1769711797.4637418,decode,386,2346081,0.9989699808388333,2345695,386,6516.471045402907,80,1,0,0,0,0.0
1500,1769711797.5162084,decode,386,2346467,0.9991343410687673,2346081,386,6516.471045402907,80,1,0,0,0,0.0
1501,1769711797.5685947,decode,386,2346853,0.9992987012987014,2346467,386,6516.471045402907,80,1,0,0,0,0.0
1502,1769711797.620829,decode,386,2347239,0.9994630615286353,2346853,386,6516.471045402907,80,1,0,0,0,0.0
1503,1769711797.6730764,decode,386,2347625,0.9996274217585693,2347239,386,6516.471045402907,80,1,0,0,0,0.0
1504,1769711797.725394,decode,386,2348011,0.9997917819885033,2347625,386,6516.471045402907,80,1,0,0,0,0.0
1505,1769711797.7777712,decode,386,2348397,0.9999561422184373,2348011,386,6516.471045402907,80,1,0,0,0,0.0
1506,1769711797.9307437,decode,386,2342774,0.9975618479880775,2348397,385,6516.471045402907,80,1,0,0,0,0.0
1507,1769711797.9822583,decode,385,2343159,0.997725782414307,2342774,385,6516.471045402907,80,1,0,0,0,0.0
1508,1769711798.0341952,decode,385,2343544,0.9978897168405365,2343159,385,6516.471045402907,80,1,0,0,0,0.0
1509,1769711798.086446,decode,385,2343929,0.998053651266766,2343544,385,6516.471045402907,80,1,0,0,0,0.0
1510,1769711798.1390111,decode,385,2344314,0.9982175856929956,2343929,385,6516.471045402907,80,1,0,0,0,0.0
1511,1769711798.1910233,decode,385,2344699,0.998381520119225,2344314,385,6516.471045402907,80,1,0,0,0,0.0
1512,1769711798.243375,decode,385,2345084,0.9985454545454545,2344699,385,6516.471045402907,80,1,0,0,0,0.0
1513,1769711798.2955706,decode,385,2345469,0.998709388971684,2345084,385,6516.471045402907,80,1,0,0,0,0.0
1514,1769711798.34793,decode,385,2345854,0.9988733233979136,2345469,385,6516.471045402907,80,1,0,0,0,0.0
1515,1769711798.4002671,decode,385,2346239,0.9990372578241431,2345854,385,6516.471045402907,80,1,0,0,0,0.0
1516,1769711798.4526143,decode,385,2346624,0.9992011922503726,2346239,385,6516.471045402907,80,1,0,0,0,0.0
1517,1769711798.5050035,decode,385,2347009,0.999365126676602,2346624,385,6516.471045402907,80,1,0,0,0,0.0
1518,1769711798.557443,decode,385,2347394,0.9995290611028316,2347009,385,6516.471045402907,80,1,0,0,0,0.0
1519,1769711798.6096416,decode,385,2347779,0.9996929955290611,2347394,385,6516.471045402907,80,1,0,0,0,0.0
1520,1769711798.6630504,decode,385,2348164,0.9998569299552906,2347779,385,6740.062697884086,80,1,0,0,0,0.0
1521,1769711798.814418,decode,385,2342525,0.9974558228656589,2348164,384,6740.062697884086,80,1,0,0,0,0.0
1522,1769711798.8643866,decode,384,2342909,0.9976193314881839,2342525,384,6740.062697884086,80,1,0,0,0,0.0
1523,1769711798.91503,decode,384,2343293,0.997782840110709,2342909,384,6740.062697884086,80,1,0,0,0,0.0
1524,1769711798.9657032,decode,384,2343677,0.997946348733234,2343293,384,6740.062697884086,80,1,0,0,0,0.0
1525,1769711799.017028,decode,384,2344061,0.998109857355759,2343677,384,6740.062697884086,80,1,0,0,0,0.0
1526,1769711799.0674136,decode,384,2344445,0.998273365978284,2344061,384,6740.062697884086,80,1,0,0,0,0.0
1527,1769711799.1182518,decode,384,2344829,0.998436874600809,2344445,384,6740.062697884086,80,1,0,0,0,0.0
1528,1769711799.1689227,decode,384,2345213,0.998600383223334,2344829,384,6740.062697884086,80,1,0,0,0,0.0
1529,1769711799.2196143,decode,384,2345597,0.998763891845859,2345213,384,6740.062697884086,80,1,0,0,0,0.0
1530,1769711799.2701051,decode,384,2345981,0.9989274004683841,2345597,384,6740.062697884086,80,1,0,0,0,0.0
1531,1769711799.3209136,decode,384,2346365,0.9990909090909091,2345981,384,6740.062697884086,80,1,0,0,0,0.0
1532,1769711799.3715165,decode,384,2346749,0.9992544177134342,2346365,384,6740.062697884086,80,1,0,0,0,0.0
1533,1769711799.422466,decode,384,2347133,0.9994179263359592,2346749,384,6740.062697884086,80,1,0,0,0,0.0
1534,1769711799.4733353,decode,384,2347517,0.9995814349584842,2347133,384,6740.062697884086,80,1,0,0,0,0.0
1535,1769711799.524466,decode,384,2347901,0.9997449435810092,2347517,384,6740.062697884086,80,1,0,0,0,0.0
1536,1769711799.575004,decode,384,2348285,0.9999084522035342,2347901,384,6740.062697884086,80,1,0,0,0,0.0
1537,1769711799.724784,decode,384,2342629,0.9975001064509261,2348285,383,6740.062697884086,80,1,0,0,0,0.0
1538,1769711799.7751038,decode,383,2343012,0.9976631892697466,2342629,383,6740.062697884086,80,1,0,0,0,0.0
1539,1769711799.8257372,decode,383,2343395,0.9978262720885672,2343012,383,6740.062697884086,80,1,0,0,0,0.0
1540,1769711799.8761973,decode,383,2343778,0.9979893549073877,2343395,383,6740.062697884086,80,1,0,0,0,0.0
1541,1769711799.9268718,decode,383,2344161,0.9981524377262082,2343778,383,6740.062697884086,80,1,0,0,0,0.0
1542,1769711799.9778557,decode,383,2344544,0.9983155205450287,2344161,383,6740.062697884086,80,1,0,0,0,0.0
1543,1769711800.0286613,decode,383,2344927,0.9984786033638493,2344544,383,6740.062697884086,80,1,0,0,0,0.0
1544,1769711800.0793614,decode,383,2345310,0.9986416861826698,2344927,383,6740.062697884086,80,1,0,0,0,0.0
1545,1769711800.1305146,decode,383,2345693,0.9988047690014903,2345310,383,6740.062697884086,80,1,0,0,0,0.0
1546,1769711800.1810157,decode,383,2346076,0.9989678518203108,2345693,383,6740.062697884086,80,1,0,0,0,0.0
1547,1769711800.2318435,decode,383,2346459,0.9991309346391314,2346076,383,6740.062697884086,80,1,0,0,0,0.0
1548,1769711800.2824812,decode,383,2346842,0.9992940174579519,2346459,383,6740.062697884086,80,1,0,0,0,0.0
1549,1769711800.3331327,decode,383,2347225,0.9994571002767724,2346842,383,6740.062697884086,80,1,0,0,0,0.0
1550,1769711800.3837612,decode,383,2347608,0.999620183095593,2347225,383,6740.062697884086,80,1,0,0,0,0.0
1551,1769711800.4346015,decode,383,2347991,0.9997832659144135,2347608,383,6740.062697884086,80,1,0,0,0,0.0
1552,1769711800.4854357,decode,383,2348374,0.999946348733234,2347991,383,6740.062697884086,80,1,0,0,0,0.0
1553,1769711800.6355844,decode,383,2342700,0.9975303385139451,2348374,382,6740.062697884086,80,1,0,0,0,0.0
1554,1769711800.6853998,decode,382,2343082,0.9976929955290611,2342700,382,6740.062697884086,80,1,0,0,0,0.0
1555,1769711800.7357535,decode,382,2343464,0.9978556525441772,2343082,382,6740.062697884086,80,1,0,0,0,0.0
1556,1769711800.7864816,decode,382,2343846,0.9980183095592932,2343464,382,6740.062697884086,80,1,0,0,0,0.0
1557,1769711800.8371356,decode,382,2344228,0.9981809665744092,2343846,382,6740.062697884086,80,1,0,0,0,0.0
1558,1769711800.8886871,decode,382,2344610,0.9983436235895252,2344228,382,6740.062697884086,80,1,0,0,0,0.0
1559,1769711800.9391289,decode,382,2344992,0.9985062806046413,2344610,382,6740.062697884086,80,1,0,0,0,0.0
1560,1769711800.9898465,decode,382,2345374,0.9986689376197573,2344992,382,6588.867081184253,80,1,0,0,0,0.0
1561,1769711801.0405822,decode,382,2345756,0.9988315946348734,2345374,382,6588.867081184253,80,1,0,0,0,0.0
1562,1769711801.0912168,decode,382,2346138,0.9989942516499893,2345756,382,6588.867081184253,80,1,0,0,0,0.0
1563,1769711801.1421196,decode,382,2346520,0.9991569086651054,2346138,382,6588.867081184253,80,1,0,0,0,0.0
1564,1769711801.19263,decode,382,2346902,0.9993195656802214,2346520,382,6588.867081184253,80,1,0,0,0,0.0
1565,1769711801.2431946,decode,382,2347284,0.9994822226953375,2346902,382,6588.867081184253,80,1,0,0,0,0.0
1566,1769711801.2943587,decode,382,2347666,0.9996448797104535,2347284,382,6588.867081184253,80,1,0,0,0,0.0
1567,1769711801.3449533,decode,382,2348048,0.9998075367255695,2347666,382,6588.867081184253,80,1,0,0,0,0.0
1568,1769711801.3956172,decode,382,2348430,0.9999701937406855,2348048,382,6588.867081184253,80,1,0,0,0,0.0
1569,1769711801.5459692,decode,382,2342739,0.9975469448584202,2348430,381,6588.867081184253,80,1,0,0,0,0.0
1570,1769711801.5960033,decode,381,2343120,0.9977091760698318,2342739,381,6588.867081184253,80,1,0,0,0,0.0
1571,1769711801.646305,decode,381,2343501,0.9978714072812433,2343120,381,6588.867081184253,80,1,0,0,0,0.0
1572,1769711801.6969955,decode,381,2343882,0.9980336384926549,2343501,381,6588.867081184253,80,1,0,0,0,0.0
1573,1769711801.7475889,decode,381,2344263,0.9981958697040664,2343882,381,6588.867081184253,80,1,0,0,0,0.0
1574,1769711801.7981982,decode,381,2344644,0.9983581009154779,2344263,381,6588.867081184253,80,1,0,0,0,0.0
1575,1769711801.8490145,decode,381,2345025,0.9985203321268895,2344644,381,6588.867081184253,80,1,0,0,0,0.0
1576,1769711801.8996685,decode,381,2345406,0.9986825633383011,2345025,381,6588.867081184253,80,1,0,0,0,0.0
1577,1769711801.9502773,decode,381,2345787,0.9988447945497125,2345406,381,6588.867081184253,80,1,0,0,0,0.0
1578,1769711802.0010839,decode,381,2346168,0.9990070257611241,2345787,381,6588.867081184253,80,1,0,0,0,0.0
1579,1769711802.051891,decode,381,2346549,0.9991692569725357,2346168,381,6588.867081184253,80,1,0,0,0,0.0
1580,1769711802.103115,decode,381,2346930,0.9993314881839472,2346549,381,6588.867081184253,80,1,0,0,0,0.0
1581,1769711802.1535132,decode,381,2347311,0.9994937193953587,2346930,381,6588.867081184253,80,1,0,0,0,0.0
1582,1769711802.2041967,decode,381,2347692,0.9996559506067703,2347311,381,6588.867081184253,80,1,0,0,0,0.0
1583,1769711802.2548232,decode,381,2348073,0.9998181818181818,2347692,381,6588.867081184253,80,1,0,0,0,0.0
1584,1769711802.3055933,decode,381,2348454,0.9999804130295934,2348073,381,6588.867081184253,80,1,0,0,0,0.0
1585,1769711802.4560018,decode,381,2342746,0.9975499254843517,2348454,380,6588.867081184253,80,1,0,0,0,0.0
1586,1769711802.505971,decode,380,2343126,0.9977117308920588,2342746,380,6588.867081184253,80,1,0,0,0,0.0
1587,1769711802.5563128,decode,380,2343506,0.9978735362997658,2343126,380,6588.867081184253,80,1,0,0,0,0.0
1588,1769711802.6070895,decode,380,2343886,0.9980353417074729,2343506,380,6588.867081184253,80,1,0,0,0,0.0
1589,1769711802.6579714,decode,380,2344266,0.9981971471151799,2343886,380,6588.867081184253,80,1,0,0,0,0.0
1590,1769711802.7085915,decode,380,2344646,0.998358952522887,2344266,380,6588.867081184253,80,1,0,0,0,0.0
1591,1769711802.7592287,decode,380,2345026,0.998520757930594,2344646,380,6588.867081184253,80,1,0,0,0,0.0
1592,1769711802.8098128,decode,380,2345406,0.9986825633383011,2345026,380,6588.867081184253,80,1,0,0,0,0.0
1593,1769711802.8607152,decode,380,2345786,0.9988443687460081,2345406,380,6588.867081184253,80,1,0,0,0,0.0
1594,1769711802.9116046,decode,380,2346166,0.9990061741537152,2345786,380,6588.867081184253,80,1,0,0,0,0.0
1595,1769711802.9622178,decode,380,2346546,0.9991679795614222,2346166,380,6588.867081184253,80,1,0,0,0,0.0
1596,1769711803.0130565,decode,380,2346926,0.9993297849691293,2346546,380,6588.867081184253,80,1,0,0,0,0.0
1597,1769711803.0637786,decode,380,2347306,0.9994915903768363,2346926,380,6588.867081184253,80,1,0,0,0,0.0
1598,1769711803.1148112,decode,380,2347686,0.9996533957845434,2347306,380,6588.867081184253,80,1,0,0,0,0.0
1599,1769711803.1656423,decode,380,2348066,0.9998152011922504,2347686,380,6588.867081184253,80,1,0,0,0,0.0
1600,1769711803.2164433,decode,380,2348446,0.9999770065999575,2348066,380,6841.853073699105,80,1,0,0,0,0.0
1601,1769711803.3663006,decode,380,2342721,0.9975392803917394,2348446,379,6841.853073699105,80,1,0,0,0,0.0
1602,1769711803.416742,decode,379,2343100,0.997700659995742,2342721,379,6841.853073699105,80,1,0,0,0,0.0
1603,1769711803.4672778,decode,379,2343479,0.9978620395997445,2343100,379,6841.853073699105,80,1,0,0,0,0.0
1604,1769711803.51767,decode,379,2343858,0.998023419203747,2343479,379,6841.853073699105,80,1,0,0,0,0.0
1605,1769711803.5683856,decode,379,2344237,0.9981847988077496,2343858,379,6841.853073699105,80,1,0,0,0,0.0
1606,1769711803.6191003,decode,379,2344616,0.9983461784117522,2344237,379,6841.853073699105,80,1,0,0,0,0.0
1607,1769711803.6698053,decode,379,2344995,0.9985075580157547,2344616,379,6841.853073699105,80,1,0,0,0,0.0
1608,1769711803.721756,decode,379,2345374,0.9986689376197573,2344995,379,6841.853073699105,80,1,0,0,0,0.0
1609,1769711803.7723773,decode,379,2345753,0.9988303172237598,2345374,379,6841.853073699105,80,1,0,0,0,0.0
1610,1769711803.822757,decode,379,2346132,0.9989916968277625,2345753,379,6841.853073699105,80,1,0,0,0,0.0
1611,1769711803.873412,decode,379,2346511,0.999153076431765,2346132,379,6841.853073699105,80,1,0,0,0,0.0
1612,1769711803.923967,decode,379,2346890,0.9993144560357675,2346511,379,6841.853073699105,80,1,0,0,0,0.0
1613,1769711803.9749398,decode,379,2347269,0.99947583563977,2346890,379,6841.853073699105,80,1,0,0,0,0.0
1614,1769711804.0256944,decode,379,2347648,0.9996372152437726,2347269,379,6841.853073699105,80,1,0,0,0,0.0
1615,1769711804.0762596,decode,379,2348027,0.9997985948477752,2347648,379,6841.853073699105,80,1,0,0,0,0.0
1616,1769711804.1275694,decode,379,2348406,0.9999599744517778,2348027,379,6841.853073699105,80,1,0,0,0,0.0
1617,1769711804.277784,decode,379,2342663,0.9975145837768788,2348406,378,6841.853073699105,80,1,0,0,0,0.0
1618,1769711804.3276987,decode,378,2343041,0.997675537577177,2342663,378,6841.853073699105,80,1,0,0,0,0.0
1619,1769711804.378647,decode,378,2343419,0.997836491377475,2343041,378,6841.853073699105,80,1,0,0,0,0.0
1620,1769711804.4292536,decode,378,2343797,0.997997445177773,2343419,378,6841.853073699105,80,1,0,0,0,0.0
1621,1769711804.4801884,decode,378,2344175,0.9981583989780711,2343797,378,6841.853073699105,80,1,0,0,0,0.0
1622,1769711804.532127,decode,378,2344553,0.9983193527783691,2344175,378,6841.853073699105,80,1,0,0,0,0.0
1623,1769711804.5826085,decode,378,2344931,0.9984803065786673,2344553,378,6841.853073699105,80,1,0,0,0,0.0
1624,1769711804.6333315,decode,378,2345309,0.9986412603789653,2344931,378,6841.853073699105,80,1,0,0,0,0.0
1625,1769711804.6838768,decode,378,2345687,0.9988022141792634,2345309,378,6841.853073699105,80,1,0,0,0,0.0
1626,1769711804.734505,decode,378,2346065,0.9989631679795614,2345687,378,6841.853073699105,80,1,0,0,0,0.0
1627,1769711804.785485,decode,378,2346443,0.9991241217798594,2346065,378,6841.853073699105,80,1,0,0,0,0.0
1628,1769711804.8359995,decode,378,2346821,0.9992850755801576,2346443,378,6841.853073699105,80,1,0,0,0,0.0
1629,1769711804.8866923,decode,378,2347199,0.9994460293804556,2346821,378,6841.853073699105,80,1,0,0,0,0.0
1630,1769711804.9373808,decode,378,2347577,0.9996069831807537,2347199,378,6841.853073699105,80,1,0,0,0,0.0
1631,1769711804.9883728,decode,378,2347955,0.9997679369810517,2347577,378,6841.853073699105,80,1,0,0,0,0.0
1632,1769711805.039267,decode,378,2348333,0.9999288907813498,2347955,378,6841.853073699105,80,1,0,0,0,0.0
1633,1769711805.1891835,decode,378,2342573,0.9974762614434746,2348333,377,6841.853073699105,80,1,0,0,0,0.0
1634,1769711805.2391875,decode,377,2342950,0.9976367894400682,2342573,377,6841.853073699105,80,1,0,0,0,0.0
1635,1769711805.289528,decode,377,2343327,0.9977973174366617,2342950,377,6841.853073699105,80,1,0,0,0,0.0
1636,1769711805.3405416,decode,377,2343704,0.9979578454332553,2343327,377,6841.853073699105,80,1,0,0,0,0.0
1637,1769711805.3911796,decode,377,2344081,0.9981183734298489,2343704,377,6841.853073699105,80,1,0,0,0,0.0
1638,1769711805.4420645,decode,377,2344458,0.9982789014264424,2344081,377,6841.853073699105,80,1,0,0,0,0.0
1639,1769711805.492763,decode,377,2344835,0.998439429423036,2344458,377,6841.853073699105,80,1,0,0,0,0.0
1640,1769711805.543309,decode,377,2345212,0.9985999574196296,2344835,377,6502.738032002168,80,1,0,0,0,0.0
1641,1769711805.594304,decode,377,2345589,0.9987604854162231,2345212,377,6502.738032002168,80,1,0,0,0,0.0
1642,1769711805.644925,decode,377,2345966,0.9989210134128167,2345589,377,6502.738032002168,80,1,0,0,0,0.0
1643,1769711805.6957898,decode,377,2346343,0.9990815414094103,2345966,377,6502.738032002168,80,1,0,0,0,0.0
1644,1769711805.7465217,decode,377,2346720,0.9992420694060038,2346343,377,6502.738032002168,80,1,0,0,0,0.0
1645,1769711805.7971735,decode,377,2347097,0.9994025974025974,2346720,377,6502.738032002168,80,1,0,0,0,0.0
1646,1769711805.8484013,decode,377,2347474,0.999563125399191,2347097,377,6502.738032002168,80,1,0,0,0,0.0
1647,1769711805.89897,decode,377,2347851,0.9997236533957845,2347474,377,6502.738032002168,80,1,0,0,0,0.0
1648,1769711805.9498177,decode,377,2348228,0.9998841813923781,2347851,377,6502.738032002168,80,1,0,0,0,0.0
1649,1769711806.0998402,decode,377,2342451,0.9974243133915265,2348228,376,6502.738032002168,80,1,0,0,0,0.0
1650,1769711806.1499405,decode,376,2342827,0.9975844155844156,2342451,376,6502.738032002168,80,1,0,0,0,0.0
1651,1769711806.2005603,decode,376,2343203,0.9977445177773047,2342827,376,6502.738032002168,80,1,0,0,0,0.0
1652,1769711806.2510862,decode,376,2343579,0.9979046199701938,2343203,376,6502.738032002168,80,1,0,0,0,0.0
1653,1769711806.3018599,decode,376,2343955,0.9980647221630828,2343579,376,6502.738032002168,80,1,0,0,0,0.0
1654,1769711806.3533678,decode,376,2344331,0.9982248243559719,2343955,376,6502.738032002168,80,1,0,0,0,0.0
1655,1769711806.4039423,decode,376,2344707,0.998384926548861,2344331,376,6502.738032002168,80,1,0,0,0,0.0
1656,1769711806.4546893,decode,376,2345083,0.9985450287417501,2344707,376,6502.738032002168,80,1,0,0,0,0.0
1657,1769711806.5052547,decode,376,2345459,0.9987051309346391,2345083,376,6502.738032002168,80,1,0,0,0,0.0
1658,1769711806.556111,decode,376,2345835,0.9988652331275282,2345459,376,6502.738032002168,80,1,0,0,0,0.0
1659,1769711806.6067865,decode,376,2346211,0.9990253353204173,2345835,376,6502.738032002168,80,1,0,0,0,0.0
1660,1769711806.6578255,decode,376,2346587,0.9991854375133064,2346211,376,6502.738032002168,80,1,0,0,0,0.0
1661,1769711806.7084942,decode,376,2346963,0.9993455397061954,2346587,376,6502.738032002168,80,1,0,0,0,0.0
1662,1769711806.7591953,decode,376,2347339,0.9995056418990845,2346963,376,6502.738032002168,80,1,0,0,0,0.0
1663,1769711806.8100736,decode,376,2347715,0.9996657440919736,2347339,376,6502.738032002168,80,1,0,0,0,0.0
1664,1769711806.860931,decode,376,2348091,0.9998258462848627,2347715,376,6502.738032002168,80,1,0,0,0,0.0
1665,1769711806.9118085,decode,376,2348467,0.9999859484777518,2348091,376,6502.738032002168,80,1,0,0,0,0.0
1666,1769711807.0622346,decode,376,2342672,0.9975184160102193,2348467,375,6502.738032002168,80,1,0,0,0,0.0
1667,1769711807.1128402,decode,375,2343047,0.9976780923994039,2342672,375,6502.738032002168,80,1,0,0,0,0.0
1668,1769711807.163826,decode,375,2343422,0.9978377687885884,2343047,375,6502.738032002168,80,1,0,0,0,0.0
1669,1769711807.2149782,decode,375,2343797,0.997997445177773,2343422,375,6502.738032002168,80,1,0,0,0,0.0
1670,1769711807.2654452,decode,375,2344172,0.9981571215669577,2343797,375,6502.738032002168,80,1,0,0,0,0.0
1671,1769711807.3162293,decode,375,2344547,0.9983167979561423,2344172,375,6502.738032002168,80,1,0,0,0,0.0
1672,1769711807.366717,decode,375,2344922,0.9984764743453268,2344547,375,6502.738032002168,80,1,0,0,0,0.0
1673,1769711807.4176571,decode,375,2345297,0.9986361507345114,2344922,375,6502.738032002168,80,1,0,0,0,0.0
1674,1769711807.4684582,decode,375,2345672,0.998795827123696,2345297,375,6502.738032002168,80,1,0,0,0,0.0
1675,1769711807.5190406,decode,375,2346047,0.9989555035128805,2345672,375,6502.738032002168,80,1,0,0,0,0.0
1676,1769711807.5697653,decode,375,2346422,0.9991151799020651,2346047,375,6502.738032002168,80,1,0,0,0,0.0
1677,1769711807.620449,decode,375,2346797,0.9992748562912497,2346422,375,6502.738032002168,80,1,0,0,0,0.0
1678,1769711807.671086,decode,375,2347172,0.9994345326804344,2346797,375,6502.738032002168,80,1,0,0,0,0.0
1679,1769711807.7219808,decode,375,2347547,0.9995942090696189,2347172,375,6502.738032002168,80,1,0,0,0,0.0
1680,1769711807.7730358,decode,375,2347922,0.9997538854588035,2347547,375,6742.971500970345,80,1,0,0,0,0.0
1681,1769711807.8237495,decode,375,2348297,0.9999135618479881,2347922,375,6742.971500970345,80,1,0,0,0,0.0
1682,1769711807.9736943,decode,375,2342485,0.9974387907174792,2348297,374,6742.971500970345,80,1,0,0,0,0.0
1683,1769711808.023878,decode,374,2342859,0.9975980413029594,2342485,374,6742.971500970345,80,1,0,0,0,0.0
1684,1769711808.0744188,decode,374,2343233,0.9977572918884394,2342859,374,6742.971500970345,80,1,0,0,0,0.0
1685,1769711808.1253543,decode,374,2343607,0.9979165424739195,2343233,374,6742.971500970345,80,1,0,0,0,0.0
1686,1769711808.1760917,decode,374,2343981,0.9980757930593996,2343607,374,6742.971500970345,80,1,0,0,0,0.0
1687,1769711808.227177,decode,374,2344355,0.9982350436448797,2343981,374,6742.971500970345,80,1,0,0,0,0.0
1688,1769711808.2779663,decode,374,2344729,0.9983942942303599,2344355,374,6742.971500970345,80,1,0,0,0,0.0
1689,1769711808.3286295,decode,374,2345103,0.9985535448158399,2344729,374,6742.971500970345,80,1,0,0,0,0.0
1690,1769711808.3790576,decode,374,2345477,0.99871279540132,2345103,374,6742.971500970345,80,1,0,0,0,0.0
1691,1769711808.429835,decode,374,2345851,0.9988720459868001,2345477,374,6742.971500970345,80,1,0,0,0,0.0
1692,1769711808.4804378,decode,374,2346225,0.9990312965722802,2345851,374,6742.971500970345,80,1,0,0,0,0.0
1693,1769711808.5313253,decode,374,2346599,0.9991905471577602,2346225,374,6742.971500970345,80,1,0,0,0,0.0
1694,1769711808.5823421,decode,374,2346973,0.9993497977432404,2346599,374,6742.971500970345,80,1,0,0,0,0.0
1695,1769711808.633121,decode,374,2347347,0.9995090483287205,2346973,374,6742.971500970345,80,1,0,0,0,0.0
1696,1769711808.6838748,decode,374,2347721,0.9996682989142005,2347347,374,6742.971500970345,80,1,0,0,0,0.0
1697,1769711808.7347932,decode,374,2348095,0.9998275494996807,2347721,374,6742.971500970345,80,1,0,0,0,0.0
1698,1769711808.7855277,decode,374,2348469,0.9999868000851607,2348095,374,6742.971500970345,80,1,0,0,0,0.0
1699,1769711808.9389234,decode,374,2342639,0.9975043644879711,2348469,373,6742.971500970345,80,1,0,0,0,0.0
1700,1769711808.9897943,decode,373,2343012,0.9976631892697466,2342639,373,6742.971500970345,80,1,0,0,0,0.0
1701,1769711809.0400171,decode,373,2343385,0.9978220140515223,2343012,373,6742.971500970345,80,1,0,0,0,0.0
1702,1769711809.0906217,decode,373,2343758,0.9979808388332978,2343385,373,6742.971500970345,80,1,0,0,0,0.0
1703,1769711809.1417122,decode,373,2344131,0.9981396636150734,2343758,373,6742.971500970345,80,1,0,0,0,0.0
1704,1769711809.192142,decode,373,2344504,0.9982984883968491,2344131,373,6742.971500970345,80,1,0,0,0,0.0
1705,1769711809.242745,decode,373,2344877,0.9984573131786246,2344504,373,6742.971500970345,80,1,0,0,0,0.0
1706,1769711809.2934062,decode,373,2345250,0.9986161379604003,2344877,373,6742.971500970345,80,1,0,0,0,0.0
1707,1769711809.3440475,decode,373,2345623,0.9987749627421758,2345250,373,6742.971500970345,80,1,0,0,0,0.0
1708,1769711809.3952167,decode,373,2345996,0.9989337875239515,2345623,373,6742.971500970345,80,1,0,0,0,0.0
1709,1769711809.446843,decode,373,2346369,0.9990926123057271,2345996,373,6742.971500970345,80,1,0,0,0,0.0
1710,1769711809.4971547,decode,373,2346742,0.9992514370875026,2346369,373,6742.971500970345,80,1,0,0,0,0.0
1711,1769711809.547865,decode,373,2347115,0.9994102618692783,2346742,373,6742.971500970345,80,1,0,0,0,0.0
1712,1769711809.59846,decode,373,2347488,0.9995690866510538,2347115,373,6742.971500970345,80,1,0,0,0,0.0
1713,1769711809.6493404,decode,373,2347861,0.9997279114328295,2347488,373,6742.971500970345,80,1,0,0,0,0.0
1714,1769711809.700143,decode,373,2348234,0.9998867362146051,2347861,373,6742.971500970345,80,1,0,0,0,0.0
1715,1769711809.8501658,decode,373,2342386,0.9973966361507345,2348234,372,6742.971500970345,80,1,0,0,0,0.0
1716,1769711809.9002872,decode,372,2342758,0.9975550351288056,2342386,372,6742.971500970345,80,1,0,0,0,0.0
1717,1769711809.950731,decode,372,2343130,0.9977134341068767,2342758,372,6742.971500970345,80,1,0,0,0,0.0
1718,1769711810.0012703,decode,372,2343502,0.9978718330849479,2343130,372,6742.971500970345,80,1,0,0,0,0.0
1719,1769711810.0518985,decode,372,2343874,0.998030232063019,2343502,372,6742.971500970345,80,1,0,0,0,0.0
1720,1769711810.1038146,decode,372,2344246,0.99818863104109,2343874,372,6408.203175661532,80,1,0,0,0,0.0
1721,1769711810.1538873,decode,372,2344618,0.9983470300191611,2344246,372,6408.203175661532,80,1,0,0,0,0.0
1722,1769711810.2043684,decode,372,2344990,0.9985054289972323,2344618,372,6408.203175661532,80,1,0,0,0,0.0
1723,1769711810.2550497,decode,372,2345362,0.9986638279753034,2344990,372,6408.203175661532,80,1,0,0,0,0.0
1724,1769711810.3056133,decode,372,2345734,0.9988222269533745,2345362,372,6408.203175661532,80,1,0,0,0,0.0
1725,1769711810.3561335,decode,372,2346106,0.9989806259314457,2345734,372,6408.203175661532,80,1,0,0,0,0.0
1726,1769711810.407122,decode,372,2346478,0.9991390249095167,2346106,372,6408.203175661532,80,1,0,0,0,0.0
1727,1769711810.4580204,decode,372,2346850,0.9992974238875878,2346478,372,6408.203175661532,80,1,0,0,0,0.0
1728,1769711810.5088673,decode,372,2347222,0.9994558228656589,2346850,372,6408.203175661532,80,1,0,0,0,0.0
1729,1769711810.5597193,decode,372,2347594,0.99961422184373,2347222,372,6408.203175661532,80,1,0,0,0,0.0
1730,1769711810.6105866,decode,372,2347966,0.9997726208218012,2347594,372,6408.203175661532,80,1,0,0,0,0.0
1731,1769711810.6614761,decode,372,2348338,0.9999310197998723,2347966,372,6408.203175661532,80,1,0,0,0,0.0
1732,1769711810.8121166,decode,372,2342472,0.9974332552693208,2348338,371,6408.203175661532,80,1,0,0,0,0.0
1733,1769711810.8621666,decode,371,2342843,0.9975912284436874,2342472,371,6408.203175661532,80,1,0,0,0,0.0
1734,1769711810.9128156,decode,371,2343214,0.997749201618054,2342843,371,6408.203175661532,80,1,0,0,0,0.0
1735,1769711810.9634144,decode,371,2343585,0.9979071747924207,2343214,371,6408.203175661532,80,1,0,0,0,0.0
1736,1769711811.0144963,decode,371,2343956,0.9980651479667874,2343585,371,6408.203175661532,80,1,0,0,0,0.0
1737,1769711811.0652452,decode,371,2344327,0.998223121141154,2343956,371,6408.203175661532,80,1,0,0,0,0.0
1738,1769711811.116361,decode,371,2344698,0.9983810943155206,2344327,371,6408.203175661532,80,1,0,0,0,0.0
1739,1769711811.1669486,decode,371,2345069,0.9985390674898872,2344698,371,6408.203175661532,80,1,0,0,0,0.0
1740,1769711811.2174778,decode,371,2345440,0.9986970406642538,2345069,371,6408.203175661532,80,1,0,0,0,0.0
1741,1769711811.2683191,decode,371,2345811,0.9988550138386204,2345440,371,6408.203175661532,80,1,0,0,0,0.0
1742,1769711811.3190618,decode,371,2346182,0.999012987012987,2345811,371,6408.203175661532,80,1,0,0,0,0.0
1743,1769711811.369958,decode,371,2346553,0.9991709601873536,2346182,371,6408.203175661532,80,1,0,0,0,0.0
1744,1769711811.4206169,decode,371,2346924,0.9993289333617202,2346553,371,6408.203175661532,80,1,0,0,0,0.0
1745,1769711811.4715037,decode,371,2347295,0.9994869065360868,2346924,371,6408.203175661532,80,1,0,0,0,0.0
1746,1769711811.5224817,decode,371,2347666,0.9996448797104535,2347295,371,6408.203175661532,80,1,0,0,0,0.0
1747,1769711811.5730698,decode,371,2348037,0.9998028528848201,2347666,371,6408.203175661532,80,1,0,0,0,0.0
1748,1769711811.6237319,decode,371,2348408,0.9999608260591867,2348037,371,6408.203175661532,80,1,0,0,0,0.0
1749,1769711811.7747495,decode,371,2342524,0.9974553970619544,2348408,370,6408.203175661532,80,1,0,0,0,0.0
1750,1769711811.8246555,decode,370,2342894,0.9976129444326166,2342524,370,6408.203175661532,80,1,0,0,0,0.0
1751,1769711811.8751824,decode,370,2343264,0.9977704918032787,2342894,370,6408.203175661532,80,1,0,0,0,0.0
1752,1769711811.9259396,decode,370,2343634,0.9979280391739408,2343264,370,6408.203175661532,80,1,0,0,0,0.0
1753,1769711811.976532,decode,370,2344004,0.9980855865446029,2343634,370,6408.203175661532,80,1,0,0,0,0.0
1754,1769711812.0271423,decode,370,2344374,0.9982431339152651,2344004,370,6408.203175661532,80,1,0,0,0,0.0
1755,1769711812.077841,decode,370,2344744,0.9984006812859272,2344374,370,6408.203175661532,80,1,0,0,0,0.0
1756,1769711812.1286862,decode,370,2345114,0.9985582286565893,2344744,370,6408.203175661532,80,1,0,0,0,0.0
1757,1769711812.1792648,decode,370,2345484,0.9987157760272515,2345114,370,6408.203175661532,80,1,0,0,0,0.0
1758,1769711812.2305248,decode,370,2345854,0.9988733233979136,2345484,370,6408.203175661532,80,1,0,0,0,0.0
1759,1769711812.2810476,decode,370,2346224,0.9990308707685757,2345854,370,6408.203175661532,80,1,0,0,0,0.0
1760,1769711812.3319318,decode,370,2346594,0.9991884181392379,2346224,370,6660.764069034014,80,1,0,0,0,0.0
1761,1769711812.3824582,decode,370,2346964,0.9993459655099,2346594,370,6660.764069034014,80,1,0,0,0,0.0
1762,1769711812.433083,decode,370,2347334,0.999503512880562,2346964,370,6660.764069034014,80,1,0,0,0,0.0
1763,1769711812.4837742,decode,370,2347704,0.9996610602512241,2347334,370,6660.764069034014,80,1,0,0,0,0.0
1764,1769711812.5345082,decode,370,2348074,0.9998186076218863,2347704,370,6660.764069034014,80,1,0,0,0,0.0
1765,1769711812.5857067,decode,370,2348444,0.9999761549925484,2348074,370,6660.764069034014,80,1,0,0,0,0.0
1766,1769711812.7358189,decode,370,2342542,0.9974630615286353,2348444,369,6660.764069034014,80,1,0,0,0,0.0
1767,1769711812.7860405,decode,369,2342911,0.997620183095593,2342542,369,6660.764069034014,80,1,0,0,0,0.0
1768,1769711812.8366113,decode,369,2343280,0.9977773046625505,2342911,369,6660.764069034014,80,1,0,0,0,0.0
1769,1769711812.88734,decode,369,2343649,0.9979344262295082,2343280,369,6660.764069034014,80,1,0,0,0,0.0
1770,1769711812.937917,decode,369,2344018,0.9980915477964658,2343649,369,6660.764069034014,80,1,0,0,0,0.0
1771,1769711812.988768,decode,369,2344387,0.9982486693634235,2344018,369,6660.764069034014,80,1,0,0,0,0.0
1772,1769711813.03943,decode,369,2344756,0.9984057909303811,2344387,369,6660.764069034014,80,1,0,0,0,0.0
1773,1769711813.090251,decode,369,2345125,0.9985629124973388,2344756,369,6660.764069034014,80,1,0,0,0,0.0
1774,1769711813.1417387,decode,369,2345494,0.9987200340642963,2345125,369,6660.764069034014,80,1,0,0,0,0.0
1775,1769711813.19235,decode,369,2345863,0.998877155631254,2345494,369,6660.764069034014,80,1,0,0,0,0.0
1776,1769711813.2430873,decode,369,2346232,0.9990342771982116,2345863,369,6660.764069034014,80,1,0,0,0,0.0
1777,1769711813.293891,decode,369,2346601,0.9991913987651693,2346232,369,6660.764069034014,80,1,0,0,0,0.0
1778,1769711813.3446655,decode,369,2346970,0.9993485203321268,2346601,369,6660.764069034014,80,1,0,0,0,0.0
1779,1769711813.3959248,decode,369,2347339,0.9995056418990845,2346970,369,6660.764069034014,80,1,0,0,0,0.0
1780,1769711813.446684,decode,369,2347708,0.9996627634660421,2347339,369,6660.764069034014,80,1,0,0,0,0.0
1781,1769711813.4974315,decode,369,2348077,0.9998198850329998,2347708,369,6660.764069034014,80,1,0,0,0,0.0
1782,1769711813.5482259,decode,369,2348446,0.9999770065999575,2348077,369,6660.764069034014,80,1,0,0,0,0.0
1783,1769711813.6994853,decode,369,2342525,0.9974558228656589,2348446,368,6660.764069034014,80,1,0,0,0,0.0
1784,1769711813.7495718,decode,368,2342893,0.9976125186289121,2342525,368,6660.764069034014,80,1,0,0,0,0.0
1785,1769711813.8000107,decode,368,2343261,0.9977692143921653,2342893,368,6660.764069034014,80,1,0,0,0,0.0
1786,1769711813.8505027,decode,368,2343629,0.9979259101554183,2343261,368,6660.764069034014,80,1,0,0,0,0.0
1787,1769711813.9020631,decode,368,2343997,0.9980826059186715,2343629,368,6660.764069034014,80,1,0,0,0,0.0
1788,1769711813.95307,decode,368,2344365,0.9982393016819247,2343997,368,6660.764069034014,80,1,0,0,0,0.0
1789,1769711814.0036454,decode,368,2344733,0.9983959974451778,2344365,368,6660.764069034014,80,1,0,0,0,0.0
1790,1769711814.0544548,decode,368,2345101,0.9985526932084309,2344733,368,6660.764069034014,80,1,0,0,0,0.0
1791,1769711814.1050751,decode,368,2345469,0.998709388971684,2345101,368,6660.764069034014,80,1,0,0,0,0.0
1792,1769711814.155587,decode,368,2345837,0.9988660847349372,2345469,368,6660.764069034014,80,1,0,0,0,0.0
1793,1769711814.2063003,decode,368,2346205,0.9990227804981904,2345837,368,6660.764069034014,80,1,0,0,0,0.0
1794,1769711814.256649,decode,368,2346573,0.9991794762614434,2346205,368,6660.764069034014,80,1,0,0,0,0.0
1795,1769711814.3073204,decode,368,2346941,0.9993361720246966,2346573,368,6660.764069034014,80,1,0,0,0,0.0
1796,1769711814.3579392,decode,368,2347309,0.9994928677879498,2346941,368,6660.764069034014,80,1,0,0,0,0.0
1797,1769711814.4087503,decode,368,2347677,0.9996495635512029,2347309,368,6660.764069034014,80,1,0,0,0,0.0
1798,1769711814.4595108,decode,368,2348045,0.999806259314456,2347677,368,6660.764069034014,80,1,0,0,0,0.0
1799,1769711814.5103176,decode,368,2348413,0.9999629550777092,2348045,368,6660.764069034014,80,1,0,0,0,0.0
1800,1769711814.6609063,decode,368,2342474,0.9974341068767298,2348413,367,6332.757752973612,80,1,0,0,0,0.0
1801,1769711814.7108,decode,367,2342841,0.9975903768362785,2342474,367,6332.757752973612,80,1,0,0,0,0.0
1802,1769711814.761225,decode,367,2343208,0.9977466467958271,2342841,367,6332.757752973612,80,1,0,0,0,0.0
1803,1769711814.8117971,decode,367,2343575,0.9979029167553758,2343208,367,6332.757752973612,80,1,0,0,0,0.0
1804,1769711814.8634088,decode,367,2343942,0.9980591867149244,2343575,367,6332.757752973612,80,1,0,0,0,0.0
1805,1769711814.9148,decode,367,2344309,0.9982154566744731,2343942,367,6332.757752973612,80,1,0,0,0,0.0
1806,1769711814.9650397,decode,367,2344676,0.9983717266340217,2344309,367,6332.757752973612,80,1,0,0,0,0.0
1807,1769711815.01577,decode,367,2345043,0.9985279965935704,2344676,367,6332.757752973612,80,1,0,0,0,0.0
1808,1769711815.0663443,decode,367,2345410,0.998684266553119,2345043,367,6332.757752973612,80,1,0,0,0,0.0
1809,1769711815.1173935,decode,367,2345777,0.9988405365126677,2345410,367,6332.757752973612,80,1,0,0,0,0.0
1810,1769711815.1678898,decode,367,2346144,0.9989968064722163,2345777,367,6332.757752973612,80,1,0,0,0,0.0
1811,1769711815.2185519,decode,367,2346511,0.999153076431765,2346144,367,6332.757752973612,80,1,0,0,0,0.0
1812,1769711815.2694836,decode,367,2346878,0.9993093463913136,2346511,367,6332.757752973612,80,1,0,0,0,0.0
1813,1769711815.3201458,decode,367,2347245,0.9994656163508623,2346878,367,6332.757752973612,80,1,0,0,0,0.0
1814,1769711815.3710608,decode,367,2347612,0.9996218863104109,2347245,367,6332.757752973612,80,1,0,0,0,0.0
1815,1769711815.421835,decode,367,2347979,0.9997781562699596,2347612,367,6332.757752973612,80,1,0,0,0,0.0
1816,1769711815.4725094,decode,367,2348346,0.9999344262295082,2347979,367,6332.757752973612,80,1,0,0,0,0.0
1817,1769711815.6234863,decode,367,2342389,0.997397913561848,2348346,366,6332.757752973612,80,1,0,0,0,0.0
1818,1769711815.6734104,decode,366,2342755,0.9975537577176922,2342389,366,6332.757752973612,80,1,0,0,0,0.0
1819,1769711815.7237833,decode,366,2343121,0.9977096018735363,2342755,366,6332.757752973612,80,1,0,0,0,0.0
1820,1769711815.774456,decode,366,2343487,0.9978654460293804,2343121,366,6332.757752973612,80,1,0,0,0,0.0
1821,1769711815.8252735,decode,366,2343853,0.9980212901852246,2343487,366,6332.757752973612,80,1,0,0,0,0.0
1822,1769711815.875895,decode,366,2344219,0.9981771343410688,2343853,366,6332.757752973612,80,1,0,0,0,0.0
1823,1769711815.9265454,decode,366,2344585,0.9983329784969129,2344219,366,6332.757752973612,80,1,0,0,0,0.0
1824,1769711815.977293,decode,366,2344951,0.9984888226527571,2344585,366,6332.757752973612,80,1,0,0,0,0.0
1825,1769711816.0284147,decode,366,2345317,0.9986446668086012,2344951,366,6332.757752973612,80,1,0,0,0,0.0
1826,1769711816.079203,decode,366,2345683,0.9988005109644454,2345317,366,6332.757752973612,80,1,0,0,0,0.0
1827,1769711816.1300957,decode,366,2346049,0.9989563551202896,2345683,366,6332.757752973612,80,1,0,0,0,0.0
1828,1769711816.18035,decode,366,2346415,0.9991121992761337,2346049,366,6332.757752973612,80,1,0,0,0,0.0
1829,1769711816.230974,decode,366,2346781,0.9992680434319778,2346415,366,6332.757752973612,80,1,0,0,0,0.0
1830,1769711816.281493,decode,366,2347147,0.999423887587822,2346781,366,6332.757752973612,80,1,0,0,0,0.0
1831,1769711816.3327184,decode,366,2347513,0.9995797317436662,2347147,366,6332.757752973612,80,1,0,0,0,0.0
1832,1769711816.3833368,decode,366,2347879,0.9997355758995103,2347513,366,6332.757752973612,80,1,0,0,0,0.0
1833,1769711816.4340982,decode,366,2348245,0.9998914200553545,2347879,366,6332.757752973612,80,1,0,0,0,0.0
1834,1769711816.5840967,decode,366,2342270,0.9973472429210134,2348245,365,6332.757752973612,80,1,0,0,0,0.0
1835,1769711816.63434,decode,365,2342635,0.9975026612731531,2342270,365,6332.757752973612,80,1,0,0,0,0.0
1836,1769711816.6847105,decode,365,2343000,0.9976580796252927,2342635,365,6332.757752973612,80,1,0,0,0,0.0
1837,1769711816.73508,decode,365,2343365,0.9978134979774324,2343000,365,6332.757752973612,80,1,0,0,0,0.0
1838,1769711816.7857327,decode,365,2343730,0.9979689163295721,2343365,365,6332.757752973612,80,1,0,0,0,0.0
1839,1769711816.83645,decode,365,2344095,0.9981243346817117,2343730,365,6332.757752973612,80,1,0,0,0,0.0
1840,1769711816.887462,decode,365,2344460,0.9982797530338514,2344095,365,6580.208145191829,80,1,0,0,0,0.0
1841,1769711816.937843,decode,365,2344825,0.998435171385991,2344460,365,6580.208145191829,80,1,0,0,0,0.0
1842,1769711816.9885159,decode,365,2345190,0.9985905897381308,2344825,365,6580.208145191829,80,1,0,0,0,0.0
1843,1769711817.0391383,decode,365,2345555,0.9987460080902704,2345190,365,6580.208145191829,80,1,0,0,0,0.0
1844,1769711817.0897875,decode,365,2345920,0.9989014264424101,2345555,365,6580.208145191829,80,1,0,0,0,0.0
1845,1769711817.1406484,decode,365,2346285,0.9990568447945497,2345920,365,6580.208145191829,80,1,0,0,0,0.0
1846,1769711817.1920855,decode,365,2346650,0.9992122631466894,2346285,365,6580.208145191829,80,1,0,0,0,0.0
1847,1769711817.242891,decode,365,2347015,0.999367681498829,2346650,365,6580.208145191829,80,1,0,0,0,0.0
1848,1769711817.2932327,decode,365,2347380,0.9995230998509687,2347015,365,6580.208145191829,80,1,0,0,0,0.0
1849,1769711817.3437028,decode,365,2347745,0.9996785182031084,2347380,365,6580.208145191829,80,1,0,0,0,0.0
1850,1769711817.3943331,decode,365,2348110,0.999833936555248,2347745,365,6580.208145191829,80,1,0,0,0,0.0
1851,1769711817.4452777,decode,365,2348475,0.9999893549073877,2348110,365,6580.208145191829,80,1,0,0,0,0.0
1852,1769711817.5957155,decode,365,2342480,0.9974366616989567,2348475,364,6580.208145191829,80,1,0,0,0,0.0
1853,1769711817.6455452,decode,364,2342844,0.9975916542473919,2342480,364,6580.208145191829,80,1,0,0,0,0.0
1854,1769711817.696103,decode,364,2343208,0.9977466467958271,2342844,364,6580.208145191829,80,1,0,0,0,0.0
1855,1769711817.7465138,decode,364,2343572,0.9979016393442623,2343208,364,6580.208145191829,80,1,0,0,0,0.0
1856,1769711817.7978816,decode,364,2343936,0.9980566318926974,2343572,364,6580.208145191829,80,1,0,0,0,0.0
1857,1769711817.8481562,decode,364,2344300,0.9982116244411326,2343936,364,6580.208145191829,80,1,0,0,0,0.0
1858,1769711817.898476,decode,364,2344664,0.9983666169895679,2344300,364,6580.208145191829,80,1,0,0,0,0.0
1859,1769711817.9490464,decode,364,2345028,0.998521609538003,2344664,364,6580.208145191829,80,1,0,0,0,0.0
1860,1769711818.0001938,decode,364,2345392,0.9986766020864382,2345028,364,6580.208145191829,80,1,0,0,0,0.0
1861,1769711818.0507054,decode,364,2345756,0.9988315946348734,2345392,364,6580.208145191829,80,1,0,0,0,0.0
1862,1769711818.1014118,decode,364,2346120,0.9989865871833085,2345756,364,6580.208145191829,80,1,0,0,0,0.0
1863,1769711818.1518455,decode,364,2346484,0.9991415797317437,2346120,364,6580.208145191829,80,1,0,0,0,0.0
1864,1769711818.2024715,decode,364,2346848,0.9992965722801789,2346484,364,6580.208145191829,80,1,0,0,0,0.0
1865,1769711818.2533739,decode,364,2347212,0.999451564828614,2346848,364,6580.208145191829,80,1,0,0,0,0.0
1866,1769711818.3039217,decode,364,2347576,0.9996065573770492,2347212,364,6580.208145191829,80,1,0,0,0,0.0
1867,1769711818.3545923,decode,364,2347940,0.9997615499254844,2347576,364,6580.208145191829,80,1,0,0,0,0.0
1868,1769711818.4052038,decode,364,2348304,0.9999165424739195,2347940,364,6580.208145191829,80,1,0,0,0,0.0
1869,1769711818.5563462,decode,364,2342291,0.9973561847988077,2348304,363,6580.208145191829,80,1,0,0,0,0.0
1870,1769711818.6062465,decode,363,2342654,0.9975107515435384,2342291,363,6580.208145191829,80,1,0,0,0,0.0
1871,1769711818.656664,decode,363,2343017,0.9976653182882691,2342654,363,6580.208145191829,80,1,0,0,0,0.0
1872,1769711818.7073965,decode,363,2343380,0.9978198850329998,2343017,363,6580.208145191829,80,1,0,0,0,0.0
1873,1769711818.7579746,decode,363,2343743,0.9979744517777305,2343380,363,6580.208145191829,80,1,0,0,0,0.0
1874,1769711818.8086078,decode,363,2344106,0.9981290185224612,2343743,363,6580.208145191829,80,1,0,0,0,0.0
1875,1769711818.8590274,decode,363,2344469,0.9982835852671919,2344106,363,6580.208145191829,80,1,0,0,0,0.0
1876,1769711818.9097927,decode,363,2344832,0.9984381520119225,2344469,363,6580.208145191829,80,1,0,0,0,0.0
1877,1769711818.9604316,decode,363,2345195,0.9985927187566532,2344832,363,6580.208145191829,80,1,0,0,0,0.0
1878,1769711819.0111094,decode,363,2345558,0.9987472855013838,2345195,363,6580.208145191829,80,1,0,0,0,0.0
1879,1769711819.062103,decode,363,2345921,0.9989018522461145,2345558,363,6580.208145191829,80,1,0,0,0,0.0
1880,1769711819.1131663,decode,363,2346284,0.9990564189908452,2345921,363,6542.200395740563,80,1,0,0,0,0.0
1881,1769711819.163556,decode,363,2346647,0.9992109857355759,2346284,363,6542.200395740563,80,1,0,0,0,0.0
1882,1769711819.214146,decode,363,2347010,0.9993655524803066,2346647,363,6542.200395740563,80,1,0,0,0,0.0
1883,1769711819.2647512,decode,363,2347373,0.9995201192250373,2347010,363,6542.200395740563,80,1,0,0,0,0.0
1884,1769711819.315997,decode,363,2347736,0.9996746859697679,2347373,363,6542.200395740563,80,1,0,0,0,0.0
1885,1769711819.366343,decode,363,2348099,0.9998292527144986,2347736,363,6542.200395740563,80,1,0,0,0,0.0
1886,1769711819.4168713,decode,363,2348462,0.9999838194592293,2348099,363,6542.200395740563,80,1,0,0,0,0.0
1887,1769711819.5671577,decode,363,2342430,0.9974153715137322,2348462,362,6542.200395740563,80,1,0,0,0,0.0
1888,1769711819.6172907,decode,362,2342792,0.9975695124547583,2342430,362,6542.200395740563,80,1,0,0,0,0.0
1889,1769711819.6675334,decode,362,2343154,0.9977236533957845,2342792,362,6542.200395740563,80,1,0,0,0,0.0
1890,1769711819.7178807,decode,362,2343516,0.9978777943368107,2343154,362,6542.200395740563,80,1,0,0,0,0.0
1891,1769711819.7684996,decode,362,2343878,0.998031935277837,2343516,362,6542.200395740563,80,1,0,0,0,0.0
1892,1769711819.8189933,decode,362,2344240,0.9981860762188631,2343878,362,6542.200395740563,80,1,0,0,0,0.0
1893,1769711819.8696327,decode,362,2344602,0.9983402171598893,2344240,362,6542.200395740563,80,1,0,0,0,0.0
1894,1769711819.9201593,decode,362,2344964,0.9984943581009155,2344602,362,6542.200395740563,80,1,0,0,0,0.0
1895,1769711819.9706674,decode,362,2345326,0.9986484990419416,2344964,362,6542.200395740563,80,1,0,0,0,0.0
1896,1769711820.0217533,decode,362,2345688,0.9988026399829678,2345326,362,6542.200395740563,80,1,0,0,0,0.0
1897,1769711820.0720057,decode,362,2346050,0.9989567809239941,2345688,362,6542.200395740563,80,1,0,0,0,0.0
1898,1769711820.1228647,decode,362,2346412,0.9991109218650203,2346050,362,6542.200395740563,80,1,0,0,0,0.0
1899,1769711820.1732686,decode,362,2346774,0.9992650628060464,2346412,362,6542.200395740563,80,1,0,0,0,0.0
1900,1769711820.223734,decode,362,2347136,0.9994192037470726,2346774,362,6542.200395740563,80,1,0,0,0,0.0
1901,1769711820.2741141,decode,362,2347498,0.9995733446880988,2347136,362,6542.200395740563,80,1,0,0,0,0.0
1902,1769711820.3248546,decode,362,2347860,0.999727485629125,2347498,362,6542.200395740563,80,1,0,0,0,0.0
1903,1769711820.3754218,decode,362,2348222,0.9998816265701511,2347860,362,6542.200395740563,80,1,0,0,0,0.0
1904,1769711820.525974,decode,362,2342172,0.9973055141579732,2348222,361,6542.200395740563,80,1,0,0,0,0.0
1905,1769711820.5760024,decode,361,2342533,0.9974592292952948,2342172,361,6542.200395740563,80,1,0,0,0,0.0
1906,1769711820.6262295,decode,361,2342894,0.9976129444326166,2342533,361,6542.200395740563,80,1,0,0,0,0.0
1907,1769711820.676715,decode,361,2343255,0.9977666595699383,2342894,361,6542.200395740563,80,1,0,0,0,0.0
1908,1769711820.7272277,decode,361,2343616,0.9979203747072599,2343255,361,6542.200395740563,80,1,0,0,0,0.0
1909,1769711820.7775621,decode,361,2343977,0.9980740898445817,2343616,361,6542.200395740563,80,1,0,0,0,0.0
1910,1769711820.828084,decode,361,2344338,0.9982278049819033,2343977,361,6542.200395740563,80,1,0,0,0,0.0
1911,1769711820.8786764,decode,361,2344699,0.998381520119225,2344338,361,6542.200395740563,80,1,0,0,0,0.0
1912,1769711820.9294977,decode,361,2345060,0.9985352352565467,2344699,361,6542.200395740563,80,1,0,0,0,0.0
1913,1769711820.9806845,decode,361,2345421,0.9986889503938684,2345060,361,6542.200395740563,80,1,0,0,0,0.0
1914,1769711821.03089,decode,361,2345782,0.9988426655311902,2345421,361,6542.200395740563,80,1,0,0,0,0.0
1915,1769711821.0813017,decode,361,2346143,0.9989963806685118,2345782,361,6542.200395740563,80,1,0,0,0,0.0
1916,1769711821.1320488,decode,361,2346504,0.9991500958058335,2346143,361,6542.200395740563,80,1,0,0,0,0.0
1917,1769711821.1823,decode,361,2346865,0.9993038109431552,2346504,361,6542.200395740563,80,1,0,0,0,0.0
1918,1769711821.2331815,decode,361,2347226,0.9994575260804769,2346865,361,6542.200395740563,80,1,0,0,0,0.0
1919,1769711821.2836125,decode,361,2347587,0.9996112412177985,2347226,361,6542.200395740563,80,1,0,0,0,0.0
1920,1769711821.3343885,decode,361,2347948,0.9997649563551203,2347587,361,6514.867504568704,80,1,0,0,0,0.0
1921,1769711821.384806,decode,361,2348309,0.999918671492442,2347948,361,6514.867504568704,80,1,0,0,0,0.0
1922,1769711821.5354946,decode,361,2342239,0.9973340430061741,2348309,360,6514.867504568704,80,1,0,0,0,0.0
1923,1769711821.5854082,decode,360,2342599,0.9974873323397914,2342239,360,6514.867504568704,80,1,0,0,0,0.0
1924,1769711821.636394,decode,360,2342959,0.9976406216734086,2342599,360,6514.867504568704,80,1,0,0,0,0.0
1925,1769711821.686398,decode,360,2343319,0.9977939110070257,2342959,360,6514.867504568704,80,1,0,0,0,0.0
1926,1769711821.7371771,decode,360,2343679,0.997947200340643,2343319,360,6514.867504568704,80,1,0,0,0,0.0
1927,1769711821.7877111,decode,360,2344039,0.9981004896742601,2343679,360,6514.867504568704,80,1,0,0,0,0.0
1928,1769711821.8380547,decode,360,2344399,0.9982537790078774,2344039,360,6514.867504568704,80,1,0,0,0,0.0
1929,1769711821.8886306,decode,360,2344759,0.9984070683414946,2344399,360,6514.867504568704,80,1,0,0,0,0.0
1930,1769711821.939176,decode,360,2345119,0.9985603576751118,2344759,360,6514.867504568704,80,1,0,0,0,0.0
1931,1769711821.989655,decode,360,2345479,0.998713647008729,2345119,360,6514.867504568704,80,1,0,0,0,0.0
1932,1769711822.0413094,decode,360,2345839,0.9988669363423461,2345479,360,6514.867504568704,80,1,0,0,0,0.0
1933,1769711822.0914705,decode,360,2346199,0.9990202256759634,2345839,360,6514.867504568704,80,1,0,0,0,0.0
1934,1769711822.1420712,decode,360,2346559,0.9991735150095806,2346199,360,6514.867504568704,80,1,0,0,0,0.0
1935,1769711822.1923883,decode,360,2346919,0.9993268043431978,2346559,360,6514.867504568704,80,1,0,0,0,0.0
1936,1769711822.243201,decode,360,2347279,0.999480093676815,2346919,360,6514.867504568704,80,1,0,0,0,0.0
1937,1769711822.2936215,decode,360,2347639,0.9996333830104321,2347279,360,6514.867504568704,80,1,0,0,0,0.0
1938,1769711822.344302,decode,360,2347999,0.9997866723440494,2347639,360,6514.867504568704,80,1,0,0,0,0.0
1939,1769711822.3948953,decode,360,2348359,0.9999399616776666,2347999,360,6514.867504568704,80,1,0,0,0,0.0
1940,1769711822.5452938,decode,360,2342270,0.9973472429210134,2348359,359,6514.867504568704,80,1,0,0,0,0.0
1941,1769711822.595261,decode,359,2342629,0.9975001064509261,2342270,359,6514.867504568704,80,1,0,0,0,0.0
1942,1769711822.6453085,decode,359,2342988,0.9976529699808389,2342629,359,6514.867504568704,80,1,0,0,0,0.0
1943,1769711822.6956472,decode,359,2343347,0.9978058335107516,2342988,359,6514.867504568704,80,1,0,0,0,0.0
1944,1769711822.746681,decode,359,2343706,0.9979586970406642,2343347,359,6514.867504568704,80,1,0,0,0,0.0
1945,1769711822.797598,decode,359,2344065,0.9981115605705769,2343706,359,6514.867504568704,80,1,0,0,0,0.0
1946,1769711822.8481324,decode,359,2344424,0.9982644241004897,2344065,359,6514.867504568704,80,1,0,0,0,0.0
1947,1769711822.8982348,decode,359,2344783,0.9984172876304024,2344424,359,6514.867504568704,80,1,0,0,0,0.0
1948,1769711822.9490528,decode,359,2345142,0.9985701511603151,2344783,359,6514.867504568704,80,1,0,0,0,0.0
1949,1769711822.9995954,decode,359,2345501,0.9987230146902278,2345142,359,6514.867504568704,80,1,0,0,0,0.0
1950,1769711823.0499458,decode,359,2345860,0.9988758782201406,2345501,359,6514.867504568704,80,1,0,0,0,0.0
1951,1769711823.100974,decode,359,2346219,0.9990287417500532,2345860,359,6514.867504568704,80,1,0,0,0,0.0
1952,1769711823.1515992,decode,359,2346578,0.9991816052799659,2346219,359,6514.867504568704,80,1,0,0,0,0.0
1953,1769711823.2019298,decode,359,2346937,0.9993344688098786,2346578,359,6514.867504568704,80,1,0,0,0,0.0
1954,1769711823.2526655,decode,359,2347296,0.9994873323397914,2346937,359,6514.867504568704,80,1,0,0,0,0.0
1955,1769711823.3042428,decode,359,2347655,0.9996401958697041,2347296,359,6514.867504568704,80,1,0,0,0,0.0
1956,1769711823.3546948,decode,359,2348014,0.9997930593996168,2347655,359,6514.867504568704,80,1,0,0,0,0.0
1957,1769711823.405111,decode,359,2348373,0.9999459229295294,2348014,359,6514.867504568704,80,1,0,0,0,0.0
1958,1769711823.5553336,decode,359,2342265,0.9973451139024909,2348373,358,6514.867504568704,80,1,0,0,0,0.0
1959,1769711823.6049407,decode,358,2342623,0.9974975516286991,2342265,358,6514.867504568704,80,1,0,0,0,0.0
1960,1769711823.6553307,decode,358,2342981,0.9976499893549073,2342623,358,6195.7435945024345,80,1,0,0,0,0.0
1961,1769711823.7063968,decode,358,2343339,0.9978024270811156,2342981,358,6195.7435945024345,80,1,0,0,0,0.0
1962,1769711823.7564945,decode,358,2343697,0.9979548648073239,2343339,358,6195.7435945024345,80,1,0,0,0,0.0
1963,1769711823.8066218,decode,358,2344055,0.9981073025335321,2343697,358,6195.7435945024345,80,1,0,0,0,0.0
1964,1769711823.8570733,decode,358,2344413,0.9982597402597403,2344055,358,6195.7435945024345,80,1,0,0,0,0.0
1965,1769711823.907523,decode,358,2344771,0.9984121779859485,2344413,358,6195.7435945024345,80,1,0,0,0,0.0
1966,1769711823.958029,decode,358,2345129,0.9985646157121567,2344771,358,6195.7435945024345,80,1,0,0,0,0.0
1967,1769711824.0094929,decode,358,2345487,0.9987170534383649,2345129,358,6195.7435945024345,80,1,0,0,0,0.0
1968,1769711824.0605516,decode,358,2345845,0.9988694911645731,2345487,358,6195.7435945024345,80,1,0,0,0,0.0
1969,1769711824.1113987,decode,358,2346203,0.9990219288907813,2345845,358,6195.7435945024345,80,1,0,0,0,0.0
1970,1769711824.1620681,decode,358,2346561,0.9991743666169896,2346203,358,6195.7435945024345,80,1,0,0,0,0.0
1971,1769711824.2130182,decode,358,2346919,0.9993268043431978,2346561,358,6195.7435945024345,80,1,0,0,0,0.0
1972,1769711824.2630615,decode,358,2347277,0.999479242069406,2346919,358,6195.7435945024345,80,1,0,0,0,0.0
1973,1769711824.313503,decode,358,2347635,0.9996316797956142,2347277,358,6195.7435945024345,80,1,0,0,0,0.0
1974,1769711824.3638494,decode,358,2347993,0.9997841175218224,2347635,358,6195.7435945024345,80,1,0,0,0,0.0
1975,1769711824.4142997,decode,358,2348351,0.9999365552480307,2347993,358,6195.7435945024345,80,1,0,0,0,0.0
1976,1769711824.5654466,decode,358,2342224,0.9973276559506068,2348351,357,6195.7435945024345,80,1,0,0,0,0.0
1977,1769711824.6159682,decode,357,2342581,0.9974796678731105,2342224,357,6195.7435945024345,80,1,0,0,0,0.0
1978,1769711824.6661954,decode,357,2342938,0.9976316797956142,2342581,357,6195.7435945024345,80,1,0,0,0,0.0
1979,1769711824.7165368,decode,357,2343295,0.997783691718118,2342938,357,6195.7435945024345,80,1,0,0,0,0.0
1980,1769711824.7667956,decode,357,2343652,0.9979357036406217,2343295,357,6195.7435945024345,80,1,0,0,0,0.0
1981,1769711824.8172014,decode,357,2344009,0.9980877155631254,2343652,357,6195.7435945024345,80,1,0,0,0,0.0
1982,1769711824.8675067,decode,357,2344366,0.9982397274856292,2344009,357,6195.7435945024345,80,1,0,0,0,0.0
1983,1769711824.9179978,decode,357,2344723,0.9983917394081329,2344366,357,6195.7435945024345,80,1,0,0,0,0.0
1984,1769711824.9685802,decode,357,2345080,0.9985437513306366,2344723,357,6195.7435945024345,80,1,0,0,0,0.0
1985,1769711825.019328,decode,357,2345437,0.9986957632531404,2345080,357,6195.7435945024345,80,1,0,0,0,0.0
1986,1769711825.0697377,decode,357,2345794,0.998847775175644,2345437,357,6195.7435945024345,80,1,0,0,0,0.0
1987,1769711825.1206129,decode,357,2346151,0.9989997870981477,2345794,357,6195.7435945024345,80,1,0,0,0,0.0
1988,1769711825.1711187,decode,357,2346508,0.9991517990206514,2346151,357,6195.7435945024345,80,1,0,0,0,0.0
1989,1769711825.221874,decode,357,2346865,0.9993038109431552,2346508,357,6195.7435945024345,80,1,0,0,0,0.0
1990,1769711825.272391,decode,357,2347222,0.9994558228656589,2346865,357,6195.7435945024345,80,1,0,0,0,0.0
1991,1769711825.3227303,decode,357,2347579,0.9996078347881626,2347222,357,6195.7435945024345,80,1,0,0,0,0.0
1992,1769711825.3746681,decode,357,2347936,0.9997598467106664,2347579,357,6195.7435945024345,80,1,0,0,0,0.0
1993,1769711825.4251459,decode,357,2348293,0.9999118586331701,2347936,357,6195.7435945024345,80,1,0,0,0,0.0
1994,1769711825.5746844,decode,357,2342146,0.9972944432616564,2348293,356,6195.7435945024345,80,1,0,0,0,0.0
1995,1769711825.6242003,decode,356,2342502,0.9974460293804556,2342146,356,6195.7435945024345,80,1,0,0,0,0.0
1996,1769711825.6744392,decode,356,2342858,0.9975976154992549,2342502,356,6195.7435945024345,80,1,0,0,0,0.0
1997,1769711825.724752,decode,356,2343214,0.997749201618054,2342858,356,6195.7435945024345,80,1,0,0,0,0.0
1998,1769711825.7758791,decode,356,2343570,0.9979007877368533,2343214,356,6195.7435945024345,80,1,0,0,0,0.0
1999,1769711825.8273687,decode,356,2343926,0.9980523738556526,2343570,356,6195.7435945024345,80,1,0,0,0,0.0
2000,1769711825.878119,decode,356,2344282,0.9982039599744518,2343926,356,6428.8979498403505,80,1,0,0,0,0.0
2001,1769711825.9281492,decode,356,2344638,0.9983555460932511,2344282,356,6428.8979498403505,80,1,0,0,0,0.0
2002,1769711825.978586,decode,356,2344994,0.9985071322120502,2344638,356,6428.8979498403505,80,1,0,0,0,0.0
2003,1769711826.029165,decode,356,2345350,0.9986587183308495,2344994,356,6428.8979498403505,80,1,0,0,0,0.0
2004,1769711826.079714,decode,356,2345706,0.9988103044496487,2345350,356,6428.8979498403505,80,1,0,0,0,0.0
2005,1769711826.1302931,decode,356,2346062,0.998961890568448,2345706,356,6428.8979498403505,80,1,0,0,0,0.0
2006,1769711826.180569,decode,356,2346418,0.9991134766872471,2346062,356,6428.8979498403505,80,1,0,0,0,0.0
2007,1769711826.2309878,decode,356,2346774,0.9992650628060464,2346418,356,6428.8979498403505,80,1,0,0,0,0.0
2008,1769711826.283221,decode,356,2347130,0.9994166489248456,2346774,356,6428.8979498403505,80,1,0,0,0,0.0
2009,1769711826.3341758,decode,356,2347486,0.9995682350436449,2347130,356,6428.8979498403505,80,1,0,0,0,0.0
2010,1769711826.3849845,decode,356,2347842,0.9997198211624441,2347486,356,6428.8979498403505,80,1,0,0,0,0.0
2011,1769711826.4360764,decode,356,2348198,0.9998714072812434,2347842,356,6428.8979498403505,80,1,0,0,0,0.0
2012,1769711826.5874262,decode,356,2342032,0.9972459016393442,2348198,355,6428.8979498403505,80,1,0,0,0,0.0
2013,1769711826.63788,decode,355,2342387,0.997397061954439,2342032,355,6428.8979498403505,80,1,0,0,0,0.0
2014,1769711826.6885588,decode,355,2342742,0.9975482222695338,2342387,355,6428.8979498403505,80,1,0,0,0,0.0
2015,1769711826.7392817,decode,355,2343097,0.9976993825846285,2342742,355,6428.8979498403505,80,1,0,0,0,0.0
2016,1769711826.7901359,decode,355,2343452,0.9978505428997232,2343097,355,6428.8979498403505,80,1,0,0,0,0.0
2017,1769711826.8409905,decode,355,2343807,0.998001703214818,2343452,355,6428.8979498403505,80,1,0,0,0,0.0
2018,1769711826.8918912,decode,355,2344162,0.9981528635299127,2343807,355,6428.8979498403505,80,1,0,0,0,0.0
2019,1769711826.9426637,decode,355,2344517,0.9983040238450075,2344162,355,6428.8979498403505,80,1,0,0,0,0.0
2020,1769711826.9936008,decode,355,2344872,0.9984551841601021,2344517,355,6428.8979498403505,80,1,0,0,0,0.0
2021,1769711827.044488,decode,355,2345227,0.9986063444751969,2344872,355,6428.8979498403505,80,1,0,0,0,0.0
2022,1769711827.0952737,decode,355,2345582,0.9987575047902917,2345227,355,6428.8979498403505,80,1,0,0,0,0.0
2023,1769711827.1460824,decode,355,2345937,0.9989086651053865,2345582,355,6428.8979498403505,80,1,0,0,0,0.0
2024,1769711827.1969707,decode,355,2346292,0.9990598254204811,2345937,355,6428.8979498403505,80,1,0,0,0,0.0
2025,1769711827.24868,decode,355,2346647,0.9992109857355759,2346292,355,6428.8979498403505,80,1,0,0,0,0.0
2026,1769711827.2986586,decode,355,2347002,0.9993621460506706,2346647,355,6428.8979498403505,80,1,0,0,0,0.0
2027,1769711827.3493202,decode,355,2347357,0.9995133063657654,2347002,355,6428.8979498403505,80,1,0,0,0,0.0
2028,1769711827.400127,decode,355,2347712,0.9996644666808602,2347357,355,6428.8979498403505,80,1,0,0,0,0.0
2029,1769711827.4511406,decode,355,2348067,0.9998156269959548,2347712,355,6428.8979498403505,80,1,0,0,0,0.0
2030,1769711827.5021353,decode,355,2348422,0.9999667873110496,2348067,355,6428.8979498403505,80,1,0,0,0,0.0
2031,1769711827.653018,decode,355,2342236,0.9973327655950607,2348422,354,6428.8979498403505,80,1,0,0,0,0.0
2032,1769711827.7035332,decode,354,2342590,0.9974835001064509,2342236,354,6428.8979498403505,80,1,0,0,0,0.0
2033,1769711827.754419,decode,354,2342944,0.9976342346178412,2342590,354,6428.8979498403505,80,1,0,0,0,0.0
2034,1769711827.8051753,decode,354,2343298,0.9977849691292314,2342944,354,6428.8979498403505,80,1,0,0,0,0.0
2035,1769711827.8559365,decode,354,2343652,0.9979357036406217,2343298,354,6428.8979498403505,80,1,0,0,0,0.0
2036,1769711827.9066865,decode,354,2344006,0.9980864381520119,2343652,354,6428.8979498403505,80,1,0,0,0,0.0
2037,1769711827.9575727,decode,354,2344360,0.9982371726634022,2344006,354,6428.8979498403505,80,1,0,0,0,0.0
2038,1769711828.0085895,decode,354,2344714,0.9983879071747924,2344360,354,6428.8979498403505,80,1,0,0,0,0.0
2039,1769711828.0593104,decode,354,2345068,0.9985386416861827,2344714,354,6428.8979498403505,80,1,0,0,0,0.0
2040,1769711828.1101563,decode,354,2345422,0.9986893761975729,2345068,354,6363.2769476275,80,1,0,0,0,0.0
2041,1769711828.1609237,decode,354,2345776,0.9988401107089632,2345422,354,6363.2769476275,80,1,0,0,0,0.0
2042,1769711828.2118719,decode,354,2346130,0.9989908452203534,2345776,354,6363.2769476275,80,1,0,0,0,0.0
2043,1769711828.2627404,decode,354,2346484,0.9991415797317437,2346130,354,6363.2769476275,80,1,0,0,0,0.0
2044,1769711828.313721,decode,354,2346838,0.9992923142431339,2346484,354,6363.2769476275,80,1,0,0,0,0.0
2045,1769711828.36455,decode,354,2347192,0.9994430487545242,2346838,354,6363.2769476275,80,1,0,0,0,0.0
2046,1769711828.4155083,decode,354,2347546,0.9995937832659144,2347192,354,6363.2769476275,80,1,0,0,0,0.0
2047,1769711828.4662282,decode,354,2347900,0.9997445177773047,2347546,354,6363.2769476275,80,1,0,0,0,0.0
2048,1769711828.5172424,decode,354,2348254,0.9998952522886949,2347900,354,6363.2769476275,80,1,0,0,0,0.0
2049,1769711828.669232,decode,354,2342049,0.9972531403023206,2348254,353,6363.2769476275,80,1,0,0,0,0.0
2050,1769711828.7198014,decode,353,2342402,0.9974034490100064,2342049,353,6363.2769476275,80,1,0,0,0,0.0
2051,1769711828.7707093,decode,353,2342755,0.9975537577176922,2342402,353,6363.2769476275,80,1,0,0,0,0.0
2052,1769711828.8215716,decode,353,2343108,0.9977040664253779,2342755,353,6363.2769476275,80,1,0,0,0,0.0
2053,1769711828.8723192,decode,353,2343461,0.9978543751330636,2343108,353,6363.2769476275,80,1,0,0,0,0.0
2054,1769711828.9231985,decode,353,2343814,0.9980046838407494,2343461,353,6363.2769476275,80,1,0,0,0,0.0
2055,1769711828.973853,decode,353,2344167,0.9981549925484352,2343814,353,6363.2769476275,80,1,0,0,0,0.0
2056,1769711829.0245552,decode,353,2344520,0.9983053012561209,2344167,353,6363.2769476275,80,1,0,0,0,0.0
2057,1769711829.0752845,decode,353,2344873,0.9984556099638067,2344520,353,6363.2769476275,80,1,0,0,0,0.0
2058,1769711829.1261792,decode,353,2345226,0.9986059186714924,2344873,353,6363.2769476275,80,1,0,0,0,0.0
2059,1769711829.1784477,decode,353,2345579,0.9987562273791782,2345226,353,6363.2769476275,80,1,0,0,0,0.0
2060,1769711829.2283392,decode,353,2345932,0.998906536086864,2345579,353,6363.2769476275,80,1,0,0,0,0.0
2061,1769711829.2793076,decode,353,2346285,0.9990568447945497,2345932,353,6363.2769476275,80,1,0,0,0,0.0
2062,1769711829.3300657,decode,353,2346638,0.9992071535022354,2346285,353,6363.2769476275,80,1,0,0,0,0.0
2063,1769711829.3810353,decode,353,2346991,0.9993574622099213,2346638,353,6363.2769476275,80,1,0,0,0,0.0
2064,1769711829.431949,decode,353,2347344,0.999507770917607,2346991,353,6363.2769476275,80,1,0,0,0,0.0
2065,1769711829.4826725,decode,353,2347697,0.9996580796252927,2347344,353,6363.2769476275,80,1,0,0,0,0.0
2066,1769711829.5336063,decode,353,2348050,0.9998083883329785,2347697,353,6363.2769476275,80,1,0,0,0,0.0
2067,1769711829.5845895,decode,353,2348403,0.9999586970406642,2348050,353,6363.2769476275,80,1,0,0,0,0.0
2068,1769711829.7363646,decode,353,2342177,0.9973076431764957,2348403,352,6363.2769476275,80,1,0,0,0,0.0
2069,1769711829.78655,decode,352,2342529,0.9974575260804769,2342177,352,6363.2769476275,80,1,0,0,0,0.0
2070,1769711829.8371494,decode,352,2342881,0.9976074089844582,2342529,352,6363.2769476275,80,1,0,0,0,0.0
2071,1769711829.8879237,decode,352,2343233,0.9977572918884394,2342881,352,6363.2769476275,80,1,0,0,0,0.0
2072,1769711829.938453,decode,352,2343585,0.9979071747924207,2343233,352,6363.2769476275,80,1,0,0,0,0.0
2073,1769711829.990047,decode,352,2343937,0.998057057696402,2343585,352,6363.2769476275,80,1,0,0,0,0.0
2074,1769711830.0398667,decode,352,2344289,0.9982069406003832,2343937,352,6363.2769476275,80,1,0,0,0,0.0
2075,1769711830.0900288,decode,352,2344641,0.9983568235043645,2344289,352,6363.2769476275,80,1,0,0,0,0.0
2076,1769711830.1408708,decode,352,2344993,0.9985067064083457,2344641,352,6363.2769476275,80,1,0,0,0,0.0
2077,1769711830.1913135,decode,352,2345345,0.998656589312327,2344993,352,6363.2769476275,80,1,0,0,0,0.0
2078,1769711830.2438314,decode,352,2345697,0.9988064722163082,2345345,352,6363.2769476275,80,1,0,0,0,0.0
2079,1769711830.2926962,decode,352,2346049,0.9989563551202896,2345697,352,6363.2769476275,80,1,0,0,0,0.0
2080,1769711830.343318,decode,352,2346401,0.9991062380242708,2346049,352,6321.653755758177,80,1,0,0,0,0.0
2081,1769711830.394026,decode,352,2346753,0.9992561209282521,2346401,352,6321.653755758177,80,1,0,0,0,0.0
2082,1769711830.4446993,decode,352,2347105,0.9994060038322333,2346753,352,6321.653755758177,80,1,0,0,0,0.0
2083,1769711830.495132,decode,352,2347457,0.9995558867362146,2347105,352,6321.653755758177,80,1,0,0,0,0.0
2084,1769711830.5458138,decode,352,2347809,0.9997057696401959,2347457,352,6321.653755758177,80,1,0,0,0,0.0
2085,1769711830.596238,decode,352,2348161,0.9998556525441772,2347809,352,6321.653755758177,80,1,0,0,0,0.0
2086,1769711830.7467413,decode,352,2341916,0.9971965084096232,2348161,351,6321.653755758177,80,1,0,0,0,0.0
2087,1769711830.7967787,decode,351,2342267,0.9973459655099,2341916,351,6321.653755758177,80,1,0,0,0,0.0
2088,1769711830.8474755,decode,351,2342618,0.9974954226101768,2342267,351,6321.653755758177,80,1,0,0,0,0.0
2089,1769711830.8983073,decode,351,2342969,0.9976448797104535,2342618,351,6321.653755758177,80,1,0,0,0,0.0
2090,1769711830.9486408,decode,351,2343320,0.9977943368107303,2342969,351,6321.653755758177,80,1,0,0,0,0.0
2091,1769711830.999073,decode,351,2343671,0.9979437939110071,2343320,351,6321.653755758177,80,1,0,0,0,0.0
2092,1769711831.0495248,decode,351,2344022,0.9980932510112838,2343671,351,6321.653755758177,80,1,0,0,0,0.0
2093,1769711831.1001823,decode,351,2344373,0.9982427081115606,2344022,351,6321.653755758177,80,1,0,0,0,0.0
2094,1769711831.1505969,decode,351,2344724,0.9983921652118374,2344373,351,6321.653755758177,80,1,0,0,0,0.0
2095,1769711831.2015073,decode,351,2345075,0.9985416223121141,2344724,351,6321.653755758177,80,1,0,0,0,0.0
2096,1769711831.251881,decode,351,2345426,0.9986910794123909,2345075,351,6321.653755758177,80,1,0,0,0,0.0
2097,1769711831.3023052,decode,351,2345777,0.9988405365126677,2345426,351,6321.653755758177,80,1,0,0,0,0.0
2098,1769711831.353002,decode,351,2346128,0.9989899936129444,2345777,351,6321.653755758177,80,1,0,0,0,0.0
2099,1769711831.4035478,decode,351,2346479,0.9991394507132212,2346128,351,6321.653755758177,80,1,0,0,0,0.0
2100,1769711831.4541361,decode,351,2346830,0.999288907813498,2346479,351,6321.653755758177,80,1,0,0,0,0.0
2101,1769711831.5046802,decode,351,2347181,0.9994383649137748,2346830,351,6321.653755758177,80,1,0,0,0,0.0
2102,1769711831.5552652,decode,351,2347532,0.9995878220140515,2347181,351,6321.653755758177,80,1,0,0,0,0.0
2103,1769711831.6059122,decode,351,2347883,0.9997372791143283,2347532,351,6321.653755758177,80,1,0,0,0,0.0
2104,1769711831.6567209,decode,351,2348234,0.9998867362146051,2347883,351,6321.653755758177,80,1,0,0,0,0.0
2105,1769711831.8074574,decode,351,2341969,0.9972190760059613,2348234,350,6321.653755758177,80,1,0,0,0,0.0
2106,1769711831.857742,decode,350,2342319,0.9973681073025336,2341969,350,6321.653755758177,80,1,0,0,0,0.0
2107,1769711831.9078984,decode,350,2342669,0.9975171385991058,2342319,350,6321.653755758177,80,1,0,0,0,0.0
2108,1769711831.958758,decode,350,2343019,0.9976661698956781,2342669,350,6321.653755758177,80,1,0,0,0,0.0
2109,1769711832.0090213,decode,350,2343369,0.9978152011922504,2343019,350,6321.653755758177,80,1,0,0,0,0.0
2110,1769711832.0596979,decode,350,2343719,0.9979642324888226,2343369,350,6321.653755758177,80,1,0,0,0,0.0
2111,1769711832.1100368,decode,350,2344069,0.9981132637853949,2343719,350,6321.653755758177,80,1,0,0,0,0.0
2112,1769711832.1604388,decode,350,2344419,0.9982622950819672,2344069,350,6321.653755758177,80,1,0,0,0,0.0
2113,1769711832.2109928,decode,350,2344769,0.9984113263785395,2344419,350,6321.653755758177,80,1,0,0,0,0.0
2114,1769711832.2616026,decode,350,2345119,0.9985603576751118,2344769,350,6321.653755758177,80,1,0,0,0,0.0
2115,1769711832.3120768,decode,350,2345469,0.998709388971684,2345119,350,6321.653755758177,80,1,0,0,0,0.0
2116,1769711832.362695,decode,350,2345819,0.9988584202682563,2345469,350,6321.653755758177,80,1,0,0,0,0.0
2117,1769711832.4131322,decode,350,2346169,0.9990074515648286,2345819,350,6321.653755758177,80,1,0,0,0,0.0
2118,1769711832.4638467,decode,350,2346519,0.9991564828614009,2346169,350,6321.653755758177,80,1,0,0,0,0.0
2119,1769711832.5144675,decode,350,2346869,0.9993055141579732,2346519,350,6321.653755758177,80,1,0,0,0,0.0
2120,1769711832.5655499,decode,350,2347219,0.9994545454545455,2346869,350,6313.904546082926,80,1,0,0,0,0.0
2121,1769711832.6161938,decode,350,2347569,0.9996035767511178,2347219,350,6313.904546082926,80,1,0,0,0,0.0
2122,1769711832.6668935,decode,350,2347919,0.9997526080476901,2347569,350,6313.904546082926,80,1,0,0,0,0.0
2123,1769711832.7182071,decode,350,2348269,0.9999016393442623,2347919,350,6313.904546082926,80,1,0,0,0,0.0
2124,1769711832.867924,decode,350,2341984,0.9972254630615286,2348269,349,6313.904546082926,80,1,0,0,0,0.0
2125,1769711832.9176297,decode,349,2342333,0.9973740685543965,2341984,349,6313.904546082926,80,1,0,0,0,0.0
2126,1769711832.9681785,decode,349,2342682,0.9975226740472642,2342333,349,6313.904546082926,80,1,0,0,0,0.0
2127,1769711833.0182073,decode,349,2343031,0.997671279540132,2342682,349,6313.904546082926,80,1,0,0,0,0.0
2128,1769711833.068957,decode,349,2343380,0.9978198850329998,2343031,349,6313.904546082926,80,1,0,0,0,0.0
2129,1769711833.1194437,decode,349,2343729,0.9979684905258676,2343380,349,6313.904546082926,80,1,0,0,0,0.0
2130,1769711833.1696334,decode,349,2344078,0.9981170960187353,2343729,349,6313.904546082926,80,1,0,0,0,0.0
2131,1769711833.2201252,decode,349,2344427,0.9982657015116031,2344078,349,6313.904546082926,80,1,0,0,0,0.0
2132,1769711833.2704563,decode,349,2344776,0.998414307004471,2344427,349,6313.904546082926,80,1,0,0,0,0.0
2133,1769711833.322479,decode,349,2345125,0.9985629124973388,2344776,349,6313.904546082926,80,1,0,0,0,0.0
2134,1769711833.3735688,decode,349,2345474,0.9987115179902065,2345125,349,6313.904546082926,80,1,0,0,0,0.0
2135,1769711833.424406,decode,349,2345823,0.9988601234830743,2345474,349,6313.904546082926,80,1,0,0,0,0.0
2136,1769711833.4774604,decode,349,2346172,0.9990087289759421,2345823,349,6313.904546082926,80,1,0,0,0,0.0
2137,1769711833.5270755,decode,349,2346521,0.9991573344688098,2346172,349,6313.904546082926,80,1,0,0,0,0.0
2138,1769711833.577377,decode,349,2346870,0.9993059399616777,2346521,349,6313.904546082926,80,1,0,0,0,0.0
2139,1769711833.62722,decode,349,2347219,0.9994545454545455,2346870,349,6313.904546082926,80,1,0,0,0,0.0
2140,1769711833.6778202,decode,349,2347568,0.9996031509474133,2347219,349,6313.904546082926,80,1,0,0,0,0.0
2141,1769711833.728489,decode,349,2347917,0.999751756440281,2347568,349,6313.904546082926,80,1,0,0,0,0.0
2142,1769711833.7786453,decode,349,2348266,0.9999003619331488,2347917,349,6313.904546082926,80,1,0,0,0,0.0
2143,1769711833.9308805,decode,349,2341960,0.9972152437726208,2348266,348,6313.904546082926,80,1,0,0,0,0.0
2144,1769711833.98051,decode,348,2342308,0.9973634234617841,2341960,348,6313.904546082926,80,1,0,0,0,0.0
2145,1769711834.0306022,decode,348,2342656,0.9975116031509474,2342308,348,6313.904546082926,80,1,0,0,0,0.0
2146,1769711834.0819507,decode,348,2343004,0.9976597828401107,2342656,348,6313.904546082926,80,1,0,0,0,0.0
2147,1769711834.132847,decode,348,2343352,0.997807962529274,2343004,348,6313.904546082926,80,1,0,0,0,0.0
2148,1769711834.183779,decode,348,2343700,0.9979561422184373,2343352,348,6313.904546082926,80,1,0,0,0,0.0
2149,1769711834.23447,decode,348,2344048,0.9981043219076006,2343700,348,6313.904546082926,80,1,0,0,0,0.0
2150,1769711834.2841704,decode,348,2344396,0.9982525015967639,2344048,348,6313.904546082926,80,1,0,0,0,0.0
2151,1769711834.3345554,decode,348,2344744,0.9984006812859272,2344396,348,6313.904546082926,80,1,0,0,0,0.0
2152,1769711834.3849518,decode,348,2345092,0.9985488609750904,2344744,348,6313.904546082926,80,1,0,0,0,0.0
2153,1769711834.4355392,decode,348,2345440,0.9986970406642538,2345092,348,6313.904546082926,80,1,0,0,0,0.0
2154,1769711834.4859684,decode,348,2345788,0.998845220353417,2345440,348,6313.904546082926,80,1,0,0,0,0.0
2155,1769711834.5363557,decode,348,2346136,0.9989934000425804,2345788,348,6313.904546082926,80,1,0,0,0,0.0
2156,1769711834.5867553,decode,348,2346484,0.9991415797317437,2346136,348,6313.904546082926,80,1,0,0,0,0.0
2157,1769711834.6373432,decode,348,2346832,0.9992897594209069,2346484,348,6313.904546082926,80,1,0,0,0,0.0
2158,1769711834.6878214,decode,348,2347180,0.9994379391100703,2346832,348,6313.904546082926,80,1,0,0,0,0.0
2159,1769711834.7386973,decode,348,2347528,0.9995861187992335,2347180,348,6313.904546082926,80,1,0,0,0,0.0
2160,1769711834.789101,decode,348,2347876,0.9997342984883969,2347528,348,6272.311935508017,80,1,0,0,0,0.0
2161,1769711834.8394878,decode,348,2348224,0.9998824781775602,2347876,348,6272.311935508017,80,1,0,0,0,0.0
2162,1769711834.990871,decode,348,2341898,0.9971888439429423,2348224,347,6272.311935508017,80,1,0,0,0,0.0
2163,1769711835.0407848,decode,347,2342245,0.9973365978284011,2341898,347,6272.311935508017,80,1,0,0,0,0.0
2164,1769711835.090992,decode,347,2342592,0.99748435171386,2342245,347,6272.311935508017,80,1,0,0,0,0.0
2165,1769711835.1415074,decode,347,2342939,0.9976321055993187,2342592,347,6272.311935508017,80,1,0,0,0,0.0
2166,1769711835.1923416,decode,347,2343286,0.9977798594847775,2342939,347,6272.311935508017,80,1,0,0,0,0.0
2167,1769711835.242634,decode,347,2343633,0.9979276133702363,2343286,347,6272.311935508017,80,1,0,0,0,0.0
2168,1769711835.293123,decode,347,2343980,0.9980753672556951,2343633,347,6272.311935508017,80,1,0,0,0,0.0
2169,1769711835.3438294,decode,347,2344327,0.998223121141154,2343980,347,6272.311935508017,80,1,0,0,0,0.0
2170,1769711835.3939066,decode,347,2344674,0.9983708750266127,2344327,347,6272.311935508017,80,1,0,0,0,0.0
2171,1769711835.4441366,decode,347,2345021,0.9985186289120715,2344674,347,6272.311935508017,80,1,0,0,0,0.0
2172,1769711835.4948587,decode,347,2345368,0.9986663827975303,2345021,347,6272.311935508017,80,1,0,0,0,0.0
2173,1769711835.545248,decode,347,2345715,0.9988141366829891,2345368,347,6272.311935508017,80,1,0,0,0,0.0
2174,1769711835.5960875,decode,347,2346062,0.998961890568448,2345715,347,6272.311935508017,80,1,0,0,0,0.0
2175,1769711835.646303,decode,347,2346409,0.9991096444539067,2346062,347,6272.311935508017,80,1,0,0,0,0.0
2176,1769711835.696736,decode,347,2346756,0.9992573983393656,2346409,347,6272.311935508017,80,1,0,0,0,0.0
2177,1769711835.7474024,decode,347,2347103,0.9994051522248244,2346756,347,6272.311935508017,80,1,0,0,0,0.0
2178,1769711835.7977974,decode,347,2347450,0.9995529061102831,2347103,347,6272.311935508017,80,1,0,0,0,0.0
2179,1769711835.8482778,decode,347,2347797,0.999700659995742,2347450,347,6272.311935508017,80,1,0,0,0,0.0
2180,1769711835.9006095,decode,347,2348144,0.9998484138812007,2347797,347,6272.311935508017,80,1,0,0,0,0.0
2181,1769711835.9503343,decode,347,2348491,0.9999961677666596,2348144,347,6272.311935508017,80,1,0,0,0,0.0
2182,1769711836.1062446,decode,347,2342144,0.9972935916542474,2348491,346,6272.311935508017,80,1,0,0,0,0.0
2183,1769711836.1551766,decode,346,2342490,0.9974409197360017,2342144,346,6272.311935508017,80,1,0,0,0,0.0
2184,1769711836.2055004,decode,346,2342836,0.997588247817756,2342490,346,6272.311935508017,80,1,0,0,0,0.0
2185,1769711836.2557206,decode,346,2343182,0.9977355758995103,2342836,346,6272.311935508017,80,1,0,0,0,0.0
2186,1769711836.306107,decode,346,2343528,0.9978829039812647,2343182,346,6272.311935508017,80,1,0,0,0,0.0
2187,1769711836.3572578,decode,346,2343874,0.998030232063019,2343528,346,6272.311935508017,80,1,0,0,0,0.0
2188,1769711836.4078183,decode,346,2344220,0.9981775601447732,2343874,346,6272.311935508017,80,1,0,0,0,0.0
2189,1769711836.4594574,decode,346,2344566,0.9983248882265275,2344220,346,6272.311935508017,80,1,0,0,0,0.0
2190,1769711836.5088851,decode,346,2344912,0.9984722163082819,2344566,346,6272.311935508017,80,1,0,0,0,0.0
2191,1769711836.559169,decode,346,2345258,0.9986195443900362,2344912,346,6272.311935508017,80,1,0,0,0,0.0
2192,1769711836.6096413,decode,346,2345604,0.9987668724717905,2345258,346,6272.311935508017,80,1,0,0,0,0.0
2193,1769711836.6607134,decode,346,2345950,0.9989142005535449,2345604,346,6272.311935508017,80,1,0,0,0,0.0
2194,1769711836.7106872,decode,346,2346296,0.9990615286352992,2345950,346,6272.311935508017,80,1,0,0,0,0.0
2195,1769711836.7612627,decode,346,2346642,0.9992088567170534,2346296,346,6272.311935508017,80,1,0,0,0,0.0
2196,1769711836.812637,decode,346,2346988,0.9993561847988077,2346642,346,6272.311935508017,80,1,0,0,0,0.0
2197,1769711836.8632483,decode,346,2347334,0.999503512880562,2346988,346,6272.311935508017,80,1,0,0,0,0.0
2198,1769711836.9139185,decode,346,2347680,0.9996508409623164,2347334,346,6272.311935508017,80,1,0,0,0,0.0
2199,1769711836.9648228,decode,346,2348026,0.9997981690440707,2347680,346,6272.311935508017,80,1,0,0,0,0.0
2200,1769711837.0155902,decode,346,2348372,0.999945497125825,2348026,346,6227.104241686088,80,1,0,0,0,0.0
2201,1769711837.1671977,decode,346,2342005,0.997234404939323,2348372,345,6227.104241686088,80,1,0,0,0,0.0
2202,1769711837.2169342,decode,345,2342350,0.9973813072173728,2342005,345,6227.104241686088,80,1,0,0,0,0.0
2203,1769711837.2671468,decode,345,2342695,0.9975282094954226,2342350,345,6227.104241686088,80,1,0,0,0,0.0
2204,1769711837.3189778,decode,345,2343040,0.9976751117734725,2342695,345,6227.104241686088,80,1,0,0,0,0.0
2205,1769711837.368544,decode,345,2343385,0.9978220140515223,2343040,345,6227.104241686088,80,1,0,0,0,0.0
2206,1769711837.4193068,decode,345,2343730,0.9979689163295721,2343385,345,6227.104241686088,80,1,0,0,0,0.0
2207,1769711837.4698799,decode,345,2344075,0.9981158186076219,2343730,345,6227.104241686088,80,1,0,0,0,0.0
2208,1769711837.522734,decode,345,2344420,0.9982627208856717,2344075,345,6227.104241686088,80,1,0,0,0,0.0
2209,1769711837.5715528,decode,345,2344765,0.9984096231637215,2344420,345,6227.104241686088,80,1,0,0,0,0.0
2210,1769711837.6221159,decode,345,2345110,0.9985565254417713,2344765,345,6227.104241686088,80,1,0,0,0,0.0
2211,1769711837.673776,decode,345,2345455,0.9987034277198211,2345110,345,6227.104241686088,80,1,0,0,0,0.0
2212,1769711837.7245598,decode,345,2345800,0.9988503299978709,2345455,345,6227.104241686088,80,1,0,0,0,0.0
2213,1769711837.774667,decode,345,2346145,0.9989972322759209,2345800,345,6227.104241686088,80,1,0,0,0,0.0
2214,1769711837.825502,decode,345,2346490,0.9991441345539707,2346145,345,6227.104241686088,80,1,0,0,0,0.0
2215,1769711837.8759956,decode,345,2346835,0.9992910368320205,2346490,345,6227.104241686088,80,1,0,0,0,0.0
2216,1769711837.9264421,decode,345,2347180,0.9994379391100703,2346835,345,6227.104241686088,80,1,0,0,0,0.0
2217,1769711837.9770145,decode,345,2347525,0.9995848413881201,2347180,345,6227.104241686088,80,1,0,0,0,0.0
2218,1769711838.0278916,decode,345,2347870,0.9997317436661699,2347525,345,6227.104241686088,80,1,0,0,0,0.0
2219,1769711838.0786235,decode,345,2348215,0.9998786459442197,2347870,345,6227.104241686088,80,1,0,0,0,0.0
2220,1769711838.2306466,decode,345,2341827,0.9971586118799234,2348215,344,6227.104241686088,80,1,0,0,0,0.0
2221,1769711838.2804224,decode,344,2342171,0.9973050883542687,2341827,344,6227.104241686088,80,1,0,0,0,0.0
2222,1769711838.330616,decode,344,2342515,0.997451564828614,2342171,344,6227.104241686088,80,1,0,0,0,0.0
2223,1769711838.3809676,decode,344,2342859,0.9975980413029594,2342515,344,6227.104241686088,80,1,0,0,0,0.0
2224,1769711838.431572,decode,344,2343203,0.9977445177773047,2342859,344,6227.104241686088,80,1,0,0,0,0.0
2225,1769711838.482318,decode,344,2343547,0.99789099425165,2343203,344,6227.104241686088,80,1,0,0,0,0.0
2226,1769711838.5326946,decode,344,2343891,0.9980374707259954,2343547,344,6227.104241686088,80,1,0,0,0,0.0
2227,1769711838.5831728,decode,344,2344235,0.9981839472003406,2343891,344,6227.104241686088,80,1,0,0,0,0.0
2228,1769711838.633519,decode,344,2344579,0.9983304236746859,2344235,344,6227.104241686088,80,1,0,0,0,0.0
2229,1769711838.684799,decode,344,2344923,0.9984769001490313,2344579,344,6227.104241686088,80,1,0,0,0,0.0
2230,1769711838.7356012,decode,344,2345267,0.9986233766233766,2344923,344,6227.104241686088,80,1,0,0,0,0.0
2231,1769711838.7863913,decode,344,2345611,0.9987698530977219,2345267,344,6227.104241686088,80,1,0,0,0,0.0
2232,1769711838.8365061,decode,344,2345955,0.9989163295720673,2345611,344,6227.104241686088,80,1,0,0,0,0.0
2233,1769711838.8873088,decode,344,2346299,0.9990628060464126,2345955,344,6227.104241686088,80,1,0,0,0,0.0
2234,1769711838.938525,decode,344,2346643,0.9992092825207579,2346299,344,6227.104241686088,80,1,0,0,0,0.0
2235,1769711838.9887965,decode,344,2346987,0.9993557589951032,2346643,344,6227.104241686088,80,1,0,0,0,0.0
2236,1769711839.0393353,decode,344,2347331,0.9995022354694486,2346987,344,6227.104241686088,80,1,0,0,0,0.0
2237,1769711839.0903347,decode,344,2347675,0.9996487119437939,2347331,344,6227.104241686088,80,1,0,0,0,0.0
2238,1769711839.1412547,decode,344,2348019,0.9997951884181392,2347675,344,6227.104241686088,80,1,0,0,0,0.0
2239,1769711839.1920044,decode,344,2348363,0.9999416648924846,2348019,344,6227.104241686088,80,1,0,0,0,0.0
2240,1769711839.342981,decode,344,2341954,0.9972126889503938,2348363,343,5920.941300025019,80,1,0,0,0,0.0
2241,1769711839.3925645,decode,343,2342297,0.9973587396210347,2341954,343,5920.941300025019,80,1,0,0,0,0.0
2242,1769711839.4429917,decode,343,2342640,0.9975047902916755,2342297,343,5920.941300025019,80,1,0,0,0,0.0
2243,1769711839.4933453,decode,343,2342983,0.9976508409623164,2342640,343,5920.941300025019,80,1,0,0,0,0.0
2244,1769711839.5439718,decode,343,2343326,0.9977968916329573,2342983,343,5920.941300025019,80,1,0,0,0,0.0
2245,1769711839.595505,decode,343,2343669,0.997942942303598,2343326,343,5920.941300025019,80,1,0,0,0,0.0
2246,1769711839.6456997,decode,343,2344012,0.9980889929742389,2343669,343,5920.941300025019,80,1,0,0,0,0.0
2247,1769711839.6961374,decode,343,2344355,0.9982350436448797,2344012,343,5920.941300025019,80,1,0,0,0,0.0
2248,1769711839.7469532,decode,343,2344698,0.9983810943155206,2344355,343,5920.941300025019,80,1,0,0,0,0.0
2249,1769711839.7981105,decode,343,2345041,0.9985271449861614,2344698,343,5920.941300025019,80,1,0,0,0,0.0
2250,1769711839.8483095,decode,343,2345384,0.9986731956568022,2345041,343,5920.941300025019,80,1,0,0,0,0.0
2251,1769711839.8989632,decode,343,2345727,0.998819246327443,2345384,343,5920.941300025019,80,1,0,0,0,0.0
2252,1769711839.9496524,decode,343,2346070,0.9989652969980839,2345727,343,5920.941300025019,80,1,0,0,0,0.0
2253,1769711840.00041,decode,343,2346413,0.9991113476687247,2346070,343,5920.941300025019,80,1,0,0,0,0.0
2254,1769711840.0510504,decode,343,2346756,0.9992573983393656,2346413,343,5920.941300025019,80,1,0,0,0,0.0
2255,1769711840.102378,decode,343,2347099,0.9994034490100064,2346756,343,5920.941300025019,80,1,0,0,0,0.0
2256,1769711840.1528664,decode,343,2347442,0.9995494996806472,2347099,343,5920.941300025019,80,1,0,0,0,0.0
2257,1769711840.204218,decode,343,2347785,0.9996955503512881,2347442,343,5920.941300025019,80,1,0,0,0,0.0
2258,1769711840.255245,decode,343,2348128,0.9998416010219289,2347785,343,5920.941300025019,80,1,0,0,0,0.0
2259,1769711840.3058884,decode,343,2348471,0.9999876516925698,2348128,343,5920.941300025019,80,1,0,0,0,0.0
2260,1769711840.4576838,decode,343,2342041,0.9972497338726847,2348471,342,5920.941300025019,80,1,0,0,0,0.0
2261,1769711840.5070236,decode,342,2342383,0.997395358739621,2342041,342,5920.941300025019,80,1,0,0,0,0.0
2262,1769711840.5573585,decode,342,2342725,0.9975409836065574,2342383,342,5920.941300025019,80,1,0,0,0,0.0
2263,1769711840.6080656,decode,342,2343067,0.9976866084734938,2342725,342,5920.941300025019,80,1,0,0,0,0.0
2264,1769711840.6588385,decode,342,2343409,0.99783223334043,2343067,342,5920.941300025019,80,1,0,0,0,0.0
2265,1769711840.7108436,decode,342,2343751,0.9979778582073664,2343409,342,5920.941300025019,80,1,0,0,0,0.0
2266,1769711840.7604094,decode,342,2344093,0.9981234830743028,2343751,342,5920.941300025019,80,1,0,0,0,0.0
2267,1769711840.8111997,decode,342,2344435,0.9982691079412391,2344093,342,5920.941300025019,80,1,0,0,0,0.0
2268,1769711840.861751,decode,342,2344777,0.9984147328081754,2344435,342,5920.941300025019,80,1,0,0,0,0.0
2269,1769711840.9128315,decode,342,2345119,0.9985603576751118,2344777,342,5920.941300025019,80,1,0,0,0,0.0
2270,1769711840.9656675,decode,342,2345461,0.9987059825420481,2345119,342,5920.941300025019,80,1,0,0,0,0.0
2271,1769711841.01468,decode,342,2345803,0.9988516074089845,2345461,342,5920.941300025019,80,1,0,0,0,0.0
2272,1769711841.0658855,decode,342,2346145,0.9989972322759209,2345803,342,5920.941300025019,80,1,0,0,0,0.0
2273,1769711841.1163938,decode,342,2346487,0.9991428571428571,2346145,342,5920.941300025019,80,1,0,0,0,0.0
2274,1769711841.1674051,decode,342,2346829,0.9992884820097935,2346487,342,5920.941300025019,80,1,0,0,0,0.0
2275,1769711841.2181332,decode,342,2347171,0.9994341068767298,2346829,342,5920.941300025019,80,1,0,0,0,0.0
2276,1769711841.2687054,decode,342,2347513,0.9995797317436662,2347171,342,5920.941300025019,80,1,0,0,0,0.0
2277,1769711841.3193533,decode,342,2347855,0.9997253566106025,2347513,342,5920.941300025019,80,1,0,0,0,0.0
2278,1769711841.3702362,decode,342,2348197,0.9998709814775388,2347855,342,5920.941300025019,80,1,0,0,0,0.0
2279,1769711841.5226948,decode,342,2341747,0.997124547583564,2348197,341,5920.941300025019,80,1,0,0,0,0.0
2280,1769711841.5726736,decode,341,2342088,0.9972697466467958,2341747,341,6143.9226654784725,80,1,0,0,0,0.0
2281,1769711841.6239018,decode,341,2342429,0.9974149457100276,2342088,341,6143.9226654784725,80,1,0,0,0,0.0
2282,1769711841.6742,decode,341,2342770,0.9975601447732595,2342429,341,6143.9226654784725,80,1,0,0,0,0.0
2283,1769711841.7250586,decode,341,2343111,0.9977053438364913,2342770,341,6143.9226654784725,80,1,0,0,0,0.0
2284,1769711841.7759783,decode,341,2343452,0.9978505428997232,2343111,341,6143.9226654784725,80,1,0,0,0,0.0
2285,1769711841.8265662,decode,341,2343793,0.997995741962955,2343452,341,6143.9226654784725,80,1,0,0,0,0.0
2286,1769711841.8776147,decode,341,2344134,0.9981409410261869,2343793,341,6143.9226654784725,80,1,0,0,0,0.0
2287,1769711841.9293876,decode,341,2337475,0.9953055141579732,2344134,341,6143.9226654784725,80,1,0,0,0,0.0
2288,1769711841.9811783,decode,341,2288815,0.9745859058973813,2344475,340,6143.9226654784725,80,1,0,0,0,0.0
2289,1769711842.0329025,decode,340,2184148,0.9300183095592932,2337815,333,6143.9226654784725,80,1,0,0,0,0.0
2290,1769711842.0817308,decode,333,2184466,0.9301537151373217,2289148,318,6143.9226654784725,80,1,0,0,0,0.0
2291,1769711842.1300776,decode,318,2177784,0.9273084947839046,2184466,318,6143.9226654784725,80,1,0,0,0,0.0
2292,1769711842.1711402,decode,318,2183297,0.9296559506067703,2184784,318,6143.9226654784725,81,1,0,0,0,0.0
2294,1769711842.2356791,decode,318,2176933,0.9269461358313817,2183615,318,6143.9226654784725,80,1,0,0,0,0.0
2295,1769711842.2790759,decode,318,2182460,0.9292995529061103,2183933,318,6143.9226654784725,81,1,0,0,0,0.0
2297,1769711842.3432922,decode,318,2176096,0.9265897381307218,2182778,318,6143.9226654784725,80,1,0,0,0,0.0
2298,1769711842.3865726,decode,318,2181636,0.9289486906536086,2183096,318,6143.9226654784725,81,1,0,0,0,0.0
2300,1769711842.4505124,decode,318,2175272,0.9262388758782202,2181954,318,6143.9226654784725,80,1,0,0,0,0.0
2301,1769711842.4943006,decode,318,2173826,0.9256231637215244,2182272,318,6143.9226654784725,81,1,0,0,0,0.0
2304,1769711842.5697858,decode,318,2180029,0.9282644241004897,2179711,318,6143.9226654784725,80,1,0,0,0,0.0
2305,1769711842.6166716,decode,318,2173347,0.9254192037470726,2180029,318,6143.9226654784725,80,1,0,0,0,0.0
2306,1769711842.6710885,decode,318,2184522,0.9301775601447733,2180347,318,6143.9226654784725,82,1,0,0,0,0.0
2308,1769711842.7352638,decode,319,2178160,0.9274685969767937,2184841,319,6143.9226654784725,80,1,0,0,0,0.0
2309,1769711842.7789533,decode,319,2183768,0.9298565041515862,2185160,319,6143.9226654784725,81,1,0,0,0,0.0
2311,1769711842.8436072,decode,319,2177406,0.9271475409836065,2184087,319,6143.9226654784725,80,1,0,0,0,0.0
2312,1769711842.887427,decode,319,2176029,0.9265612092825207,2184406,319,6143.9226654784725,81,1,0,0,0,0.0
2315,1769711842.9628894,decode,319,2182302,0.9292322759208005,2181983,319,6143.9226654784725,80,1,0,0,0,0.0
2316,1769711843.009834,decode,319,2175621,0.926387481371088,2182302,319,6143.9226654784725,80,1,0,0,0,0.0
2317,1769711843.0547643,decode,319,2181270,0.9287928464977645,2182621,319,6143.9226654784725,81,1,0,0,0,0.0
2319,1769711843.1201427,decode,319,2174908,0.926083883329785,2181589,319,6143.9226654784725,80,1,0,0,0,0.0
2320,1769711843.1634758,decode,319,2180572,0.928495635512029,2181908,319,6143.9226654784725,81,1,0,0,0,0.0
2322,1769711843.2276926,decode,319,2174210,0.9257866723440494,2180891,319,6143.9226654784725,80,1,0,0,0,0.0
2323,1769711843.2712731,decode,319,2179888,0.9282043857781562,2181210,319,6143.9226654784725,81,1,0,0,0,0.0
2325,1769711843.335513,decode,319,2173526,0.9254954226101767,2180207,319,6143.9226654784725,80,1,0,0,0,0.0
2326,1769711843.380926,decode,319,2179218,0.9279190972961465,2180526,319,6143.9226654784725,81,1,0,0,0,0.0
2328,1769711843.4469078,decode,319,2172856,0.9252101341281669,2179537,319,6143.9226654784725,80,1,0,0,0,0.0
2329,1769711843.4904082,decode,319,2178562,0.9276397700659996,2179856,319,6143.9226654784725,81,1,0,0,0,0.0
2331,1769711843.5518546,decode,319,2177603,0.9272314243133916,2178881,319,6143.9226654784725,81,1,0,0,0,0.0
2334,1769711843.6285594,decode,320,2176978,0.9269652969980838,2183658,320,6143.9226654784725,80,1,0,0,0,0.0
2335,1769711843.6723282,decode,320,2182727,0.9294132424952097,2183978,320,6143.9226654784725,81,1,0,0,0,0.0
2337,1769711843.7382195,decode,320,2176367,0.9267051309346391,2183047,320,5986.518294002159,80,1,0,0,0,0.0
2338,1769711843.7816384,decode,320,2175132,0.9261792633595912,2183367,320,5986.518294002159,81,1,0,0,0,0.0
2341,1769711843.857735,decode,320,2181550,0.9289120715350223,2181230,320,5986.518294002159,80,1,0,0,0,0.0
2342,1769711843.904848,decode,320,2174870,0.9260677027890143,2181550,320,5986.518294002159,80,1,0,0,0,0.0
2343,1769711843.9489322,decode,320,2173665,0.9255546093251011,2181870,320,5986.518294002159,81,1,0,0,0,0.0
2346,1769711844.0249753,decode,320,2180113,0.928300191611667,2179793,320,5986.518294002159,80,1,0,0,0,0.0
2347,1769711844.072199,decode,320,2166433,0.9224751969342133,2180113,320,5986.518294002159,80,1,0,0,0,0.0
2348,1769711844.1276126,decode,320,2178093,0.9274400681285927,2180433,320,5986.518294002159,82,1,0,0,0,0.0
2350,1769711844.1921804,decode,320,2178733,0.9277125824994678,2178413,320,5986.518294002159,80,1,0,0,0,0.0
2351,1769711844.2393098,decode,320,2165053,0.9218875878220141,2178733,320,5986.518294002159,80,1,0,0,0,0.0
2352,1769711844.3057458,decode,320,2182656,0.9293830104321907,2179053,320,5986.518294002159,83,1,0,0,0,0.0
2354,1769711844.3705351,decode,321,2176298,0.9266757504790292,2182977,321,5986.518294002159,80,1,0,0,0,0.0
2355,1769711844.4148815,decode,321,2175197,0.9262069406003832,2183298,321,5986.518294002159,81,1,0,0,0,0.0
2358,1769711844.4914563,decode,321,2181752,0.9289980838833298,2181431,321,5986.518294002159,80,1,0,0,0,0.0
2359,1769711844.5385692,decode,321,2168073,0.9231735150095806,2181752,321,5986.518294002159,80,1,0,0,0,0.0
2360,1769711844.5941489,decode,321,2179946,0.9282290823930168,2182073,321,5986.518294002159,82,1,0,0,0,0.0
2362,1769711844.6587486,decode,321,2173588,0.9255218224398553,2180267,321,5986.518294002159,80,1,0,0,0,0.0
2363,1769711844.702708,decode,321,2179547,0.9280591867149244,2180588,321,5986.518294002159,81,1,0,0,0,0.0
2365,1769711844.767595,decode,321,2166189,0.9223713008303173,2179868,321,5986.518294002159,80,1,0,0,0,0.0
2366,1769711844.8227656,decode,321,2178155,0.9274664679582713,2180189,321,5986.518294002159,82,1,0,0,0,0.0
2368,1769711844.8869855,decode,321,2171797,0.9247592080051097,2178476,321,5986.518294002159,80,1,0,0,0,0.0
2369,1769711844.9313252,decode,321,2170805,0.9243368107302533,2178797,321,5986.518294002159,81,1,0,0,0,0.0
2372,1769711845.0057414,decode,321,2176187,0.9266284862678306,2177148,321,5986.518294002159,81,1,0,0,0,0.0
2375,1769711845.082624,decode,322,2182886,0.929480945284224,2182564,322,5986.518294002159,80,1,0,0,0,0.0
2376,1769711845.1300762,decode,322,2169208,0.9236568022141792,2182886,322,5986.518294002159,80,1,0,0,0,0.0
2377,1769711845.1858575,decode,322,2181366,0.9288337236533958,2183208,322,5986.518294002159,82,1,0,0,0,0.0
2379,1769711845.2506282,decode,322,2175010,0.9261273153076431,2181688,322,5986.518294002159,80,1,0,0,0,0.0
2380,1769711845.2950828,decode,322,2174114,0.9257457951884182,2182010,322,5986.518294002159,81,1,0,0,0,0.0
2383,1769711845.3718905,decode,322,2180878,0.9286259314456036,2180556,322,5986.518294002159,80,1,0,0,0,0.0
2384,1769711845.4190023,decode,322,2167200,0.9228017883755588,2180878,322,5986.518294002159,80,1,0,0,0,0.0
2385,1769711845.4750972,decode,322,2179488,0.9280340642963594,2181200,322,5986.518294002159,82,1,0,0,0,0.0
2387,1769711845.539729,decode,322,2166132,0.9223470300191612,2179810,322,5986.518294002159,80,1,0,0,0,0.0
2388,1769711845.5957975,decode,322,2178486,0.9276074089844581,2180132,322,5986.518294002159,82,1,0,0,0,0.0
2390,1769711845.6604013,decode,322,2165130,0.92192037470726,2178808,322,5986.518294002159,80,1,0,0,0,0.0
2391,1769711845.7164934,decode,322,2177551,0.927209282520758,2179130,322,5986.518294002159,82,1,0,0,0,0.0
2393,1769711845.781269,decode,322,2164195,0.9215222482435598,2177873,322,5986.518294002159,80,1,0,0,0,0.0
2394,1769711845.8374588,decode,322,2176684,0.9268401107089632,2178195,322,5986.518294002159,82,1,0,0,0,0.0
2396,1769711845.9022279,decode,322,2163328,0.9211530764317649,2177006,322,5986.518294002159,80,1,0,0,0,0.0
2397,1769711845.9586616,decode,322,2175886,0.9265003193527783,2177328,322,5986.518294002159,82,1,0,0,0,0.0
2399,1769711846.0213268,decode,322,2168515,0.9233617202469662,2176208,322,5986.518294002159,81,1,0,0,0,0.0
2402,1769711846.1117778,decode,323,2181822,0.9290278901426442,2181499,323,5412.981582618573,80,1,0,0,0,0.0
2403,1769711846.1588671,decode,323,2168145,0.9232041728763041,2181822,323,5412.981582618573,80,1,0,0,0,0.0
2404,1769711846.215827,decode,323,2180878,0.9286259314456036,2182145,323,5412.981582618573,82,1,0,0,0,0.0
2406,1769711846.2807276,decode,323,2167524,0.9229397487758143,2181201,323,5412.981582618573,80,1,0,0,0,0.0
2407,1769711846.3377628,decode,323,2180327,0.9283913136044284,2181524,323,5412.981582618573,82,1,0,0,0,0.0
2409,1769711846.4028952,decode,323,2166973,0.9227051309346391,2180650,323,5412.981582618573,80,1,0,0,0,0.0
2410,1769711846.4598281,decode,323,2179849,0.928187779433681,2180973,323,5412.981582618573,82,1,0,0,0,0.0
2412,1769711846.5245671,decode,323,2166495,0.9225015967638919,2180172,323,5412.981582618573,80,1,0,0,0,0.0
2413,1769711846.5821345,decode,323,2172444,0.9250347030019161,2180495,323,5412.981582618573,82,1,0,0,0,0.0
2416,1769711846.6606188,decode,323,2172592,0.9250977219501809,2179269,323,5412.981582618573,80,1,0,0,0,0.0
2417,1769711846.7057984,decode,323,2165114,0.9219135618479881,2179592,323,5412.981582618573,81,1,0,0,0,0.0
2420,1769711846.795894,decode,323,2178856,0.9277649563551202,2178533,323,5412.981582618573,80,1,0,0,0,0.0
2421,1769711846.8441098,decode,323,2165179,0.9219412390887801,2178856,323,5412.981582618573,80,1,0,0,0,0.0
2422,1769711846.9017243,decode,323,2178351,0.9275499254843517,2179179,323,5412.981582618573,82,1,0,0,0,0.0
2424,1769711846.9686477,decode,323,2164997,0.9218637428145625,2178674,323,5412.981582618573,80,1,0,0,0,0.0
2425,1769711847.0259917,decode,323,2178244,0.927504364487971,2178997,323,5412.981582618573,82,1,0,0,0,0.0
2427,1769711847.0911891,decode,323,2164890,0.9218181818181819,2178567,323,5412.981582618573,80,1,0,0,0,0.0
2428,1769711847.1501477,decode,323,2164217,0.9215316159250585,2178890,323,5412.981582618573,82,1,0,0,0,0.0
2431,1769711847.2427614,decode,323,2178266,0.9275137321694699,2177943,323,5412.981582618573,80,1,0,0,0,0.0
2432,1769711847.2902467,decode,323,2164589,0.9216900149031296,2178266,323,5412.981582618573,80,1,0,0,0,0.0
2433,1769711847.3483975,decode,323,2178071,0.9274307004470939,2178589,323,5412.981582618573,82,1,0,0,0,0.0
2435,1769711847.4137292,decode,323,2164717,0.9217445177773047,2178394,323,5412.981582618573,80,1,0,0,0,0.0
2436,1769711847.4726279,decode,323,2178278,0.9275188418139237,2178717,323,5412.981582618573,82,1,0,0,0,0.0
2438,1769711847.53855,decode,323,2164924,0.9218326591441346,2178601,323,5412.981582618573,80,1,0,0,0,0.0
2439,1769711847.571378,decode,323,2165926,0.9222593144560358,2178924,323,5412.981582618573,80,1,0,0,0,0.0
2442,1769711847.6253836,decode,324,2181250,0.9287843304236747,2176250,324,5412.981582618573,75,1,0,0,0,0.0
2444,1769711847.6920037,decode,325,2167900,0.9230998509687034,2181575,325,5412.981582618573,74,1,0,0,0,0.0
2445,1769711847.725043,decode,325,2177900,0.9273578880136257,2181900,325,5412.981582618573,74,1,0,0,0,0.0
2447,1769711847.7913485,decode,325,2157550,0.9186927826272089,2178225,325,5412.981582618573,72,1,0,0,0,0.0
2448,1769711847.8244522,decode,325,2177550,0.9272088567170534,2178550,325,5412.981582618573,72,1,0,0,0,0.0
2450,1769711847.8908746,decode,326,2164202,0.9215252288694912,2177876,326,5412.981582618573,68,1,0,0,0,0.0
2451,1769711847.9242797,decode,326,2179202,0.9279122844368746,2178202,326,5412.981582618573,68,1,0,0,0,0.0
2453,1769711847.9909172,decode,327,2158856,0.9192488822652757,2179529,327,5412.981582618573,65,1,0,0,0,0.0
2454,1769711848.0241196,decode,327,2178856,0.9277649563551202,2179856,327,5412.981582618573,65,1,0,0,0,0.0
2456,1769711848.0907667,decode,328,2158512,0.9191024057909304,2179184,328,5412.981582618573,61,1,0,0,0,0.0
2457,1769711848.1241705,decode,328,2178512,0.927618479880775,2179512,328,5412.981582618573,61,1,0,0,0,0.0
2459,1769711848.1913679,decode,329,2158170,0.918956780923994,2178841,329,5412.981582618573,57,1,0,0,0,0.0
2460,1769711848.2241695,decode,329,2173170,0.9253438364913775,2179170,329,5412.981582618573,57,1,0,0,0,0.0
2462,1769711848.2765114,decode,329,2157502,0.9186723440493932,2173499,329,5412.981582618573,54,1,0,0,0,0.0
2465,1769711848.3322823,decode,330,2177832,0.9273289333617203,2172832,330,5412.981582618573,50,1,0,0,0,0.0
2467,1769711848.3992941,decode,331,2157494,0.9186689376197573,2178163,331,5676.808973124463,49,1,0,0,0,0.0
2468,1769711848.4324288,decode,331,2172494,0.9250559931871407,2178494,331,5676.808973124463,49,1,0,0,0,0.0
2470,1769711848.4845715,decode,331,2156828,0.9183853523525655,2172825,331,5676.808973124463,46,1,0,0,0,0.0
2473,1769711848.5405235,decode,332,2177160,0.9270427932723014,2172160,332,5676.808973124463,42,1,0,0,0,0.0
2475,1769711848.6072237,decode,333,2156826,0.9183845007451564,2177493,333,5676.808973124463,41,1,0,0,0,0.0
2476,1769711848.6410263,decode,333,2157828,0.9188111560570577,2177826,333,5676.808973124463,41,1,0,0,0,0.0
2479,1769711848.7153983,decode,334,2159496,0.9195213966361507,2173162,334,5676.808973124463,35,1,0,0,0,0.0
2480,1769711848.745889,decode,334,2174496,0.9259084522035341,2173496,334,5676.808973124463,35,1,0,0,0,0.0
2482,1769711848.8145154,decode,335,2154166,0.9172518628912072,2174831,335,5676.808973124463,32,1,0,0,0,0.0
2483,1769711848.8476667,decode,335,2160168,0.9198075367255695,2175166,335,5676.808973124463,32,1,0,0,0,0.0
2486,1769711848.9031687,decode,336,2161506,0.9203772620821801,2170504,336,5676.808973124463,26,1,0,0,0,0.0
2489,1769711848.9734488,decode,337,2158180,0.918961038961039,2171843,337,5676.808973124463,23,1,0,0,0,0.0
2490,1769711849.0071495,decode,337,2159182,0.9193876942729402,2172180,337,5676.808973124463,23,1,0,0,0,0.0
2493,1769711849.061742,decode,338,2174520,0.925918671492442,2169520,338,5676.808973124463,18,1,0,0,0,0.0
2495,1769711849.133434,decode,339,2147198,0.9142848626783053,2174859,339,5676.808973124463,17,1,0,0,0,0.0
2496,1769711849.1619763,decode,339,2172198,0.9249299552906111,2175198,339,5676.808973124463,17,1,0,0,0,0.0
2498,1769711849.2294521,decode,340,2144878,0.9132969980838833,2172538,340,5676.808973124463,12,1,0,0,0,0.0
2499,1769711849.2623315,decode,340,2169878,0.923942090696189,2172878,340,5676.808973124463,12,1,0,0,0,0.0
2501,1769711849.3291357,decode,341,2149560,0.915290611028316,2170219,341,5676.808973124463,7,1,0,0,0,0.0
2502,1769711849.362812,decode,341,2148563,0.9148660847349372,2170560,341,5676.808973124463,7,1,0,0,0,0.0
2505,1769711849.432501,decode,342,2164247,0.9215443900361933,2163905,342,5676.808973124463,0,1,0,0,0,0.0
2506,1769711849.4811866,decode,342,2136589,0.9097675111773472,2164247,342,5676.808973124463,0,1,0,0,0,0.0
2507,1769711849.5294948,decode,342,2136927,0.9099114328294656,2164589,338,5676.808973124463,0,1,0,0,0,0.0
2508,1769711849.5774949,decode,338,2116265,0.9011134766872472,2136927,338,5676.808973124463,0,1,0,0,0,0.0
2509,1769711849.6248868,decode,338,2095600,0.8923142431339153,2137265,335,5676.808973124463,0,1,0,0,0,0.0
2510,1769711849.6719258,decode,335,2095932,0.8924556099638067,2116600,332,5676.808973124463,0,1,0,0,0,0.0
2511,1769711849.7196949,decode,332,2075264,0.8836550989993613,2095932,332,5676.808973124463,0,1,0,0,0,0.0
2512,1769711849.7660904,decode,332,2054593,0.8748533106238024,2096264,329,5676.808973124463,0,1,0,0,0,0.0
2513,1769711849.812418,decode,329,2054919,0.8749921226314669,2075593,326,5676.808973124463,0,1,0,0,0,0.0
2514,1769711849.860184,decode,326,2027245,0.863208430913349,2054919,326,5676.808973124463,0,1,0,0,0,0.0
2515,1769711849.9051025,decode,326,2027567,0.8633455397061954,2055245,322,5676.808973124463,0,1,0,0,0,0.0
2516,1769711849.9514163,decode,322,1999889,0.8515601447732595,2027567,322,5676.808973124463,0,1,0,0,0,0.0
2517,1769711849.9944813,decode,322,2000207,0.8516955503512881,2027889,318,5676.808973124463,0,1,0,0,0,0.0
2518,1769711850.0405748,decode,318,1972525,0.8399084522035342,2000207,318,5676.808973124463,0,1,0,0,0,0.0
2519,1769711850.08356,decode,318,1972839,0.8400421545667447,2000525,314,5676.808973124463,0,1,0,0,0,0.0
2520,1769711850.1287885,decode,314,1952153,0.8312339791356185,1972839,314,5676.808973124463,0,1,0,0,0,0.0
2521,1769711850.1725705,decode,314,1938464,0.8254051522248244,1973153,311,5676.808973124463,0,1,0,0,0,0.0
2522,1769711850.2158656,decode,311,1938773,0.8255367255695124,1952464,309,5676.808973124463,0,1,0,0,0,0.0
2523,1769711850.259978,decode,309,1911082,0.8137457951884182,1938773,309,5676.808973124463,0,1,0,0,0,0.0
2524,1769711850.3037946,decode,309,1890387,0.8049337875239515,1939082,305,5676.808973124463,0,1,0,0,0,0.0
2525,1769711850.3465664,decode,305,1890689,0.8050623802427082,1911387,302,6784.446102852917,0,1,0,0,0,0.0
2526,1769711850.3896449,decode,302,1862991,0.7932684692356824,1890689,302,6784.446102852917,0,1,0,0,0,0.0
2527,1769711850.4311442,decode,302,1863289,0.7933953587396211,1890991,298,6784.446102852917,0,1,0,0,0,0.0
2528,1769711850.475034,decode,298,1828587,0.7786191185863317,1863289,298,6784.446102852917,0,1,0,0,0,0.0
2529,1769711850.5157776,decode,298,1828880,0.7787438790717479,1863587,293,6784.446102852917,0,1,0,0,0,0.0
2530,1769711850.5586352,decode,293,1801173,0.7669461358313817,1828880,293,6784.446102852917,0,1,0,0,0,0.0
2531,1769711850.5994635,decode,293,1780462,0.7581273153076432,1829173,289,6784.446102852917,0,1,0,0,0,0.0
2532,1769711850.6402133,decode,289,1780748,0.7582490951671279,1801462,286,6784.446102852917,0,1,0,0,0,0.0
2533,1769711850.681415,decode,286,1753034,0.7464483713008303,1780748,286,6784.446102852917,0,1,0,0,0,0.0
2534,1769711850.7217185,decode,286,1732316,0.7376265701511603,1781034,282,6784.446102852917,0,1,0,0,0,0.0
2535,1769711850.7616796,decode,282,1732595,0.7377453693847137,1753316,279,6784.446102852917,0,1,0,0,0,0.0
2536,1769711850.8027327,decode,279,1697874,0.7229610389610389,1732595,279,6784.446102852917,0,1,0,0,0,0.0
2537,1769711850.8414915,decode,279,1677148,0.714135831381733,1732874,274,6784.446102852917,0,1,0,0,0,0.0
2538,1769711850.8814576,decode,274,1656419,0.7053093463913136,1698148,271,6784.446102852917,0,1,0,0,0,0.0
2539,1769711850.9192867,decode,271,1656687,0.7054234617841175,1677419,268,6784.446102852917,0,1,0,0,0,0.0
2540,1769711850.9589791,decode,268,1621955,0.6906344475196934,1656687,268,6784.446102852917,0,1,0,0,0,0.0
2541,1769711850.997004,decode,268,1601218,0.6818045560996381,1656955,263,6784.446102852917,0,1,0,0,0,0.0
2542,1769711851.0350845,decode,263,1601478,0.6819152650628061,1622218,260,6784.446102852917,0,1,0,0,0,0.0
2543,1769711851.073673,decode,260,1566738,0.667122844368746,1601478,260,6784.446102852917,0,1,0,0,0,0.0
2544,1769711851.0958085,decode,260,1566993,0.6672314243133916,1601738,255,6784.446102852917,0,1,0,0,0,0.0
2545,1769711851.1318247,decode,255,1532248,0.652436874600809,1566993,255,6784.446102852917,0,1,0,0,0,0.0
2546,1769711851.1663747,decode,255,1511498,0.6436014477325953,1567248,250,6784.446102852917,0,1,0,0,0,0.0
2547,1769711851.1999366,decode,250,1511745,0.6437066212476048,1532498,247,6784.446102852917,0,1,0,0,0,0.0
2548,1769711851.234998,decode,247,1476992,0.6289086651053865,1511745,247,6784.446102852917,0,1,0,0,0,0.0
2549,1769711851.2687964,decode,247,1449234,0.6170892058760912,1511992,242,6784.446102852917,0,1,0,0,0,0.0
2550,1769711851.3021727,decode,242,1428472,0.6082486693634235,1477234,238,6784.446102852917,0,1,0,0,0,0.0
2551,1769711851.3358414,decode,238,1407707,0.5994068554396423,1449472,235,6784.446102852917,0,1,0,0,0,0.0
2552,1769711851.3678145,decode,235,1386939,0.5905637641047478,1428707,232,6784.446102852917,0,1,0,0,0,0.0
2553,1769711851.4003568,decode,232,1359168,0.578738769427294,1407939,229,6784.446102852917,0,1,0,0,0,0.0
2554,1769711851.4321625,decode,229,1338393,0.569892697466468,1387168,225,6784.446102852917,0,1,0,0,0,0.0
2555,1769711851.4637105,decode,225,1317615,0.5610453480945284,1359393,222,6784.446102852917,0,1,0,0,0,0.0
2556,1769711851.4948792,decode,222,1296834,0.5521967213114755,1338615,219,6784.446102852917,0,1,0,0,0,0.0
2557,1769711851.5258532,decode,219,1269050,0.5403661911858633,1317834,216,6784.446102852917,0,1,0,0,0,0.0
2558,1769711851.5549057,decode,216,1248262,0.5315145837768789,1297050,212,6784.446102852917,0,1,0,0,0,0.0
2559,1769711851.5838451,decode,212,1220471,0.5196810730253353,1269262,209,6784.446102852917,0,1,0,0,0,0.0
2560,1769711851.6122072,decode,209,1199676,0.5108264849904194,1248471,205,6784.446102852917,0,1,0,0,0,0.0
2561,1769711851.6404717,decode,205,1171878,0.49898999361294444,1220676,202,6784.446102852917,0,1,0,0,0,0.0
2562,1769711851.6680708,decode,202,1151076,0.4901324249520971,1199878,198,6784.446102852917,0,1,0,0,0,0.0
2563,1769711851.6955535,decode,198,1123271,0.4782929529486907,1172076,195,6784.446102852917,0,1,0,0,0,0.0
2564,1769711851.7224002,decode,195,1102462,0.46943240366191186,1151271,191,6784.446102852917,0,1,0,0,0,0.0
2565,1769711851.7491758,decode,191,1074650,0.457589951032574,1123462,188,7182.333606096654,0,1,0,0,0,0.0
2566,1769711851.7750075,decode,188,1053834,0.4487264211198637,1102650,184,7182.333606096654,0,1,0,0,0,0.0
2567,1769711851.8010736,decode,184,1012015,0.4309197360017032,1074834,181,7182.333606096654,0,1,0,0,0,0.0
2568,1769711851.8260787,decode,181,984190,0.4190717479242069,1054015,175,7182.333606096654,0,1,0,0,0,0.0
2569,1769711851.8506958,decode,175,956361,0.4072220566318927,1012190,171,7182.333606096654,0,1,0,0,0,0.0
2570,1769711851.8749475,decode,171,928528,0.39537066212476046,984361,167,7182.333606096654,0,1,0,0,0,0.0
2571,1769711851.898833,decode,167,900691,0.3835175644028103,956528,163,7182.333606096654,0,1,0,0,0,0.0
2572,1769711851.921299,decode,163,900850,0.38358526719182456,928691,159,7182.333606096654,0,1,0,0,0,0.0
2573,1769711851.9443433,decode,159,901009,0.3836529699808388,900850,159,7182.333606096654,0,1,0,0,0,0.0
2574,1769711851.9673593,decode,159,901168,0.3837206727698531,901009,159,7182.333606096654,0,1,0,0,0,0.0
2575,1769711851.990582,decode,159,901327,0.38378837555886736,901168,159,7182.333606096654,0,1,0,0,0,0.0
2576,1769711852.013748,decode,159,901486,0.3838560783478816,901327,159,7182.333606096654,0,1,0,0,0,0.0
2577,1769711852.0370097,decode,159,901645,0.3839237811368959,901486,159,7182.333606096654,0,1,0,0,0,0.0
2578,1769711852.0601735,decode,159,901804,0.38399148392591015,901645,159,7182.333606096654,0,1,0,0,0,0.0
2579,1769711852.0833986,decode,159,901963,0.3840591867149244,901804,159,7182.333606096654,0,1,0,0,0,0.0
2580,1769711852.1065264,decode,159,902122,0.3841268895039387,901963,159,7182.333606096654,0,1,0,0,0,0.0
2581,1769711852.1296237,decode,159,902281,0.38419459229295294,902122,159,7182.333606096654,0,1,0,0,0,0.0
2582,1769711852.15285,decode,159,902440,0.3842622950819672,902281,159,7182.333606096654,0,1,0,0,0,0.0
2583,1769711852.1760228,decode,159,902599,0.3843299978709815,902440,159,7182.333606096654,0,1,0,0,0,0.0
2584,1769711852.1992488,decode,159,902758,0.38439770065999573,902599,159,7182.333606096654,0,1,0,0,0,0.0
2585,1769711852.222435,decode,159,902917,0.38446540344901,902758,159,7182.333606096654,0,1,0,0,0,0.0
2586,1769711852.2456949,decode,159,903076,0.3845331062380243,902917,159,7182.333606096654,0,1,0,0,0,0.0
2587,1769711852.2687724,decode,159,903235,0.3846008090270385,903076,159,7182.333606096654,0,1,0,0,0,0.0
2588,1769711852.2920232,decode,159,903394,0.3846685118160528,903235,159,7182.333606096654,0,1,0,0,0,0.0
2589,1769711852.3153055,decode,159,903553,0.3847362146050671,903394,159,7182.333606096654,0,1,0,0,0,0.0
2590,1769711852.338527,decode,159,903712,0.3848039173940813,903553,159,7182.333606096654,0,1,0,0,0,0.0
2591,1769711852.3617835,decode,159,903871,0.3848716201830956,903712,159,7182.333606096654,0,1,0,0,0,0.0
2592,1769711852.3849742,decode,159,904030,0.38493932297210987,903871,159,7182.333606096654,0,1,0,0,0,0.0
2593,1769711852.4081833,decode,159,904189,0.3850070257611241,904030,159,7182.333606096654,0,1,0,0,0,0.0
2594,1769711852.4313803,decode,159,904348,0.3850747285501384,904189,159,7182.333606096654,0,1,0,0,0,0.0
2595,1769711852.454635,decode,159,904507,0.38514243133915266,904348,159,7182.333606096654,0,1,0,0,0,0.0
2596,1769711852.4779737,decode,159,904666,0.3852101341281669,904507,159,7182.333606096654,0,1,0,0,0,0.0
2597,1769711852.5012383,decode,159,904825,0.3852778369171812,904666,159,7182.333606096654,0,1,0,0,0,0.0
2598,1769711852.5244884,decode,159,904984,0.38534553970619545,904825,159,7182.333606096654,0,1,0,0,0,0.0
2599,1769711852.5477083,decode,159,905143,0.3854132424952097,904984,159,7182.333606096654,0,1,0,0,0,0.0
2600,1769711852.5709076,decode,159,905302,0.385480945284224,905143,159,7182.333606096654,0,1,0,0,0,0.0
2601,1769711852.5941935,decode,159,905461,0.38554864807323824,905302,159,7182.333606096654,0,1,0,0,0,0.0
2602,1769711852.6173897,decode,159,905620,0.3856163508622525,905461,159,7182.333606096654,0,1,0,0,0,0.0
2603,1769711852.6407528,decode,159,905779,0.3856840536512668,905620,159,7182.333606096654,0,1,0,0,0,0.0
2604,1769711852.663994,decode,159,905938,0.38575175644028104,905779,159,7182.333606096654,0,1,0,0,0,0.0
2605,1769711852.6873407,decode,159,906097,0.3858194592292953,905938,159,6902.859214382674,0,1,0,0,0,0.0
2606,1769711852.71043,decode,159,906256,0.3858871620183096,906097,159,6902.859214382674,0,1,0,0,0,0.0
2607,1769711852.7341578,decode,159,906415,0.3859548648073238,906256,159,6902.859214382674,0,1,0,0,0,0.0
2608,1769711852.7570076,decode,159,906574,0.3860225675963381,906415,159,6902.859214382674,0,1,0,0,0,0.0
2609,1769711852.780264,decode,159,906733,0.3860902703853524,906574,159,6902.859214382674,0,1,0,0,0,0.0
2610,1769711852.803625,decode,159,906892,0.3861579731743666,906733,159,6902.859214382674,0,1,0,0,0,0.0
2611,1769711852.8269958,decode,159,907051,0.38622567596338087,906892,159,6902.859214382674,0,1,0,0,0,0.0
2612,1769711852.8503454,decode,159,907210,0.38629337875239517,907051,159,6902.859214382674,0,1,0,0,0,0.0
2613,1769711852.873668,decode,159,907369,0.3863610815414094,907210,159,6902.859214382674,0,1,0,0,0,0.0
2614,1769711852.8969595,decode,159,907528,0.38642878433042366,907369,159,6902.859214382674,0,1,0,0,0,0.0
2615,1769711852.9204156,decode,159,907687,0.38649648711943796,907528,159,6902.859214382674,0,1,0,0,0,0.0
2616,1769711852.9436615,decode,159,907846,0.3865641899084522,907687,159,6902.859214382674,0,1,0,0,0,0.0
2617,1769711852.9670272,decode,159,908005,0.38663189269746645,907846,159,6902.859214382674,0,1,0,0,0,0.0
2618,1769711852.9904976,decode,159,908164,0.38669959548648075,908005,159,6902.859214382674,0,1,0,0,0,0.0
2619,1769711853.0139213,decode,159,908323,0.386767298275495,908164,159,6902.859214382674,0,1,0,0,0,0.0
2620,1769711853.0374098,decode,159,908482,0.38683500106450924,908323,159,6902.859214382674,0,1,0,0,0,0.0
2621,1769711853.0610087,decode,159,908641,0.38690270385352354,908482,159,6902.859214382674,0,1,0,0,0,0.0
2622,1769711853.084483,decode,159,908800,0.3869704066425378,908641,159,6902.859214382674,0,1,0,0,0,0.0
2623,1769711853.1080313,decode,159,908959,0.38703810943155204,908800,159,6902.859214382674,0,1,0,0,0,0.0
2624,1769711853.1315112,decode,159,909118,0.38710581222056634,908959,159,6902.859214382674,0,1,0,0,0,0.0
2625,1769711853.1550293,decode,159,909277,0.3871735150095806,909118,159,6902.859214382674,0,1,0,0,0,0.0
2626,1769711853.178558,decode,159,909436,0.38724121779859483,909277,159,6902.859214382674,0,1,0,0,0,0.0
2627,1769711853.2021635,decode,159,909595,0.38730892058760913,909436,159,6902.859214382674,0,1,0,0,0,0.0
2628,1769711853.2256806,decode,159,909754,0.3873766233766234,909595,159,6902.859214382674,0,1,0,0,0,0.0
2629,1769711853.2492692,decode,159,909913,0.3874443261656376,909754,159,6902.859214382674,0,1,0,0,0,0.0
2630,1769711853.2728133,decode,159,910072,0.3875120289546519,909913,159,6902.859214382674,0,1,0,0,0,0.0
2631,1769711853.2968988,decode,159,910231,0.38757973174366617,910072,159,6902.859214382674,0,1,0,0,0,0.0
2632,1769711853.3199928,decode,159,910390,0.3876474345326804,910231,159,6902.859214382674,0,1,0,0,0,0.0
2633,1769711853.343482,decode,159,910549,0.3877151373216947,910390,159,6902.859214382674,0,1,0,0,0,0.0
2634,1769711853.3670352,decode,159,910708,0.38778284011070896,910549,159,6902.859214382674,0,1,0,0,0,0.0
2635,1769711853.3906143,decode,159,910867,0.3878505428997232,910708,159,6902.859214382674,0,1,0,0,0,0.0
2636,1769711853.4142115,decode,159,911026,0.3879182456887375,910867,159,6902.859214382674,0,1,0,0,0,0.0
2637,1769711853.4378452,decode,159,911185,0.38798594847775175,911026,159,6902.859214382674,0,1,0,0,0,0.0
2638,1769711853.461415,decode,159,911344,0.388053651266766,911185,159,6902.859214382674,0,1,0,0,0,0.0
2639,1769711853.4850094,decode,159,911503,0.3881213540557803,911344,159,6902.859214382674,0,1,0,0,0,0.0
2640,1769711853.5085578,decode,159,911662,0.38818905684479454,911503,159,6902.859214382674,0,1,0,0,0,0.0
2641,1769711853.5321484,decode,159,911821,0.3882567596338088,911662,159,6902.859214382674,0,1,0,0,0,0.0
2642,1769711853.5557168,decode,159,911980,0.3883244624228231,911821,159,6902.859214382674,0,1,0,0,0,0.0
2643,1769711853.5793717,decode,159,912139,0.38839216521183734,911980,159,6902.859214382674,0,1,0,0,0,0.0
2644,1769711853.6029186,decode,159,912298,0.3884598680008516,912139,159,6902.859214382674,0,1,0,0,0,0.0
2645,1769711853.6267228,decode,159,912457,0.3885275707898659,912298,159,6770.76080468738,0,1,0,0,0,0.0
2646,1769711853.6501856,decode,159,912616,0.38859527357888013,912457,159,6770.76080468738,0,1,0,0,0,0.0
2647,1769711853.6737998,decode,159,912775,0.3886629763678944,912616,159,6770.76080468738,0,1,0,0,0,0.0
2648,1769711853.697415,decode,159,912934,0.3887306791569087,912775,159,6770.76080468738,0,1,0,0,0,0.0
2649,1769711853.721088,decode,159,913093,0.3887983819459229,912934,159,6770.76080468738,0,1,0,0,0,0.0
2650,1769711853.74467,decode,159,913252,0.38886608473493717,913093,159,6770.76080468738,0,1,0,0,0,0.0
2651,1769711853.768298,decode,159,913411,0.38893378752395147,913252,159,6770.76080468738,0,1,0,0,0,0.0
2652,1769711853.7918286,decode,159,913570,0.3890014903129657,913411,159,6770.76080468738,0,1,0,0,0,0.0
2653,1769711853.8157299,decode,159,913729,0.38906919310197996,913570,159,6770.76080468738,0,1,0,0,0,0.0
2654,1769711853.8391612,decode,159,913888,0.38913689589099426,913729,159,6770.76080468738,0,1,0,0,0,0.0
2655,1769711853.8627415,decode,159,914047,0.3892045986800085,913888,159,6770.76080468738,0,1,0,0,0,0.0
2656,1769711853.8863301,decode,159,914206,0.3892723014690228,914047,159,6770.76080468738,0,1,0,0,0,0.0
2657,1769711853.9098923,decode,159,914365,0.38934000425803705,914206,159,6770.76080468738,0,1,0,0,0,0.0
2658,1769711853.9335382,decode,159,914524,0.3894077070470513,914365,159,6770.76080468738,0,1,0,0,0,0.0
2659,1769711853.9571579,decode,159,914683,0.3894754098360656,914524,159,6770.76080468738,0,1,0,0,0,0.0
2660,1769711853.9807818,decode,159,914842,0.38954311262507985,914683,159,6770.76080468738,0,1,0,0,0,0.0
2661,1769711854.0044158,decode,159,915001,0.3896108154140941,914842,159,6770.76080468738,0,1,0,0,0,0.0
2662,1769711854.0280743,decode,159,915160,0.3896785182031084,915001,159,6770.76080468738,0,1,0,0,0,0.0
2663,1769711854.0517125,decode,159,915319,0.38974622099212264,915160,159,6770.76080468738,0,1,0,0,0,0.0
2664,1769711854.075331,decode,159,915478,0.3898139237811369,915319,159,6770.76080468738,0,1,0,0,0,0.0
2665,1769711854.099001,decode,159,915637,0.3898816265701512,915478,159,6770.76080468738,0,1,0,0,0,0.0
2666,1769711854.122655,decode,159,915796,0.38994932935916543,915637,159,6770.76080468738,0,1,0,0,0,0.0
2667,1769711854.1463163,decode,159,915955,0.3900170321481797,915796,159,6770.76080468738,0,1,0,0,0,0.0
2668,1769711854.1700118,decode,159,916114,0.390084734937194,915955,159,6770.76080468738,0,1,0,0,0,0.0
2669,1769711854.193666,decode,159,916273,0.3901524377262082,916114,159,6770.76080468738,0,1,0,0,0,0.0
2670,1769711854.217215,decode,159,916432,0.39022014051522247,916273,159,6770.76080468738,0,1,0,0,0,0.0
2671,1769711854.2409685,decode,159,916591,0.39028784330423677,916432,159,6770.76080468738,0,1,0,0,0,0.0
2672,1769711854.2645614,decode,159,916750,0.390355546093251,916591,159,6770.76080468738,0,1,0,0,0,0.0
2673,1769711854.2882476,decode,159,916909,0.39042324888226526,916750,159,6770.76080468738,0,1,0,0,0,0.0
2674,1769711854.3118863,decode,159,917068,0.39049095167127956,916909,159,6770.76080468738,0,1,0,0,0,0.0
2675,1769711854.335563,decode,159,917227,0.3905586544602938,917068,159,6770.76080468738,0,1,0,0,0,0.0
2676,1769711854.3611343,decode,159,910386,0.38764573131786245,917227,159,6770.76080468738,0,1,0,0,0,0.0
2677,1769711854.3829424,decode,159,910544,0.38771300830317224,917386,158,6770.76080468738,0,1,0,0,0,0.0
2678,1769711854.4064941,decode,158,910702,0.387780285288482,910544,158,6770.76080468738,0,1,0,0,0,0.0
2679,1769711854.4300954,decode,158,910860,0.3878475622737918,910702,158,6770.76080468738,0,1,0,0,0,0.0
2680,1769711854.453638,decode,158,911018,0.38791483925910153,910860,158,6770.76080468738,0,1,0,0,0,0.0
2681,1769711854.4772224,decode,158,911176,0.3879821162444113,911018,158,6770.76080468738,0,1,0,0,0,0.0
2682,1769711854.5008285,decode,158,911334,0.3880493932297211,911176,158,6770.76080468738,0,1,0,0,0,0.0
2683,1769711854.5247676,decode,158,911492,0.3881166702150309,911334,158,6770.76080468738,0,1,0,0,0,0.0
2684,1769711854.5483482,decode,158,911650,0.38818394720034066,911492,158,6770.76080468738,0,1,0,0,0,0.0
2685,1769711854.5721657,decode,158,911808,0.3882512241856504,911650,158,6718.979578228579,0,1,0,0,0,0.0
2686,1769711854.5955675,decode,158,911966,0.3883185011709602,911808,158,6718.979578228579,0,1,0,0,0,0.0
2687,1769711854.6191454,decode,158,912124,0.38838577815626996,911966,158,6718.979578228579,0,1,0,0,0,0.0
2688,1769711854.6429386,decode,158,912282,0.38845305514157974,912124,158,6718.979578228579,0,1,0,0,0,0.0
2689,1769711854.6667757,decode,158,912440,0.3885203321268895,912282,158,6718.979578228579,0,1,0,0,0,0.0
2690,1769711854.6906288,decode,158,912598,0.38858760911219925,912440,158,6718.979578228579,0,1,0,0,0,0.0
2691,1769711854.7145598,decode,158,912756,0.38865488609750903,912598,158,6718.979578228579,0,1,0,0,0,0.0
2692,1769711854.7384286,decode,158,912914,0.3887221630828188,912756,158,6718.979578228579,0,1,0,0,0,0.0
2693,1769711854.7623813,decode,158,913072,0.3887894400681286,912914,158,6718.979578228579,0,1,0,0,0,0.0
2694,1769711854.7861843,decode,158,913230,0.3888567170534384,913072,158,6718.979578228579,0,1,0,0,0,0.0
2695,1769711854.8105502,decode,158,906388,0.3859433681073025,913230,158,6718.979578228579,0,1,0,0,0,0.0
2696,1769711854.8338654,decode,158,906545,0.38601021928890783,913388,157,6718.979578228579,0,1,0,0,0,0.0
2697,1769711854.857585,decode,157,906702,0.3860770704705131,906545,157,6718.979578228579,0,1,0,0,0,0.0
2698,1769711854.8813796,decode,157,906859,0.38614392165211836,906702,157,6718.979578228579,0,1,0,0,0,0.0
2699,1769711854.9051423,decode,157,907016,0.3862107728337236,906859,157,6718.979578228579,0,1,0,0,0,0.0
2700,1769711854.92883,decode,157,907173,0.38627762401532895,907016,157,6718.979578228579,0,1,0,0,0,0.0
2701,1769711854.9525359,decode,157,907330,0.3863444751969342,907173,157,6718.979578228579,0,1,0,0,0,0.0
2702,1769711854.9762232,decode,157,907487,0.3864113263785395,907330,157,6718.979578228579,0,1,0,0,0,0.0
2703,1769711855.000187,decode,157,907644,0.3864781775601448,907487,157,6718.979578228579,0,1,0,0,0,0.0
2704,1769711855.0239563,decode,157,907801,0.38654502874175006,907644,157,6718.979578228579,0,1,0,0,0,0.0
2705,1769711855.047731,decode,157,907958,0.38661187992335533,907801,157,6718.979578228579,0,1,0,0,0,0.0
2706,1769711855.0715234,decode,157,908115,0.3866787311049606,907958,157,6718.979578228579,0,1,0,0,0,0.0
2707,1769711855.0953352,decode,157,908272,0.3867455822865659,908115,157,6718.979578228579,0,1,0,0,0,0.0
2708,1769711855.1191795,decode,157,908429,0.3868124334681712,908272,157,6718.979578228579,0,1,0,0,0,0.0
2709,1769711855.142924,decode,157,908586,0.38687928464977644,908429,157,6718.979578228579,0,1,0,0,0,0.0
2710,1769711855.1667595,decode,157,908743,0.3869461358313817,908586,157,6718.979578228579,0,1,0,0,0,0.0
2711,1769711855.1905565,decode,157,908900,0.38701298701298703,908743,157,6718.979578228579,0,1,0,0,0,0.0
2712,1769711855.2143893,decode,157,909057,0.3870798381945923,908900,157,6718.979578228579,0,1,0,0,0,0.0
2713,1769711855.2385607,decode,157,902214,0.38416606344475196,909057,157,6718.979578228579,0,1,0,0,0,0.0
2714,1769711855.2625196,decode,157,902370,0.38423248882265276,909214,156,6718.979578228579,0,1,0,0,0,0.0
2715,1769711855.2856872,decode,156,902526,0.38429891420055357,902370,156,6718.979578228579,0,1,0,0,0,0.0
2716,1769711855.3093798,decode,156,902682,0.3843653395784543,902526,156,6718.979578228579,0,1,0,0,0,0.0
2717,1769711855.3330865,decode,156,902838,0.3844317649563551,902682,156,6718.979578228579,0,1,0,0,0,0.0
2718,1769711855.3568048,decode,156,902994,0.3844981903342559,902838,156,6718.979578228579,0,1,0,0,0,0.0
2719,1769711855.3804507,decode,156,903150,0.3845646157121567,902994,156,6718.979578228579,0,1,0,0,0,0.0
2720,1769711855.404137,decode,156,903306,0.38463104109005747,903150,156,6718.979578228579,0,1,0,0,0,0.0
2721,1769711855.427941,decode,156,903462,0.38469746646795827,903306,156,6718.979578228579,0,1,0,0,0,0.0
2722,1769711855.4515936,decode,156,903618,0.3847638918458591,903462,156,6718.979578228579,0,1,0,0,0,0.0
2723,1769711855.475356,decode,156,903774,0.3848303172237598,903618,156,6718.979578228579,0,1,0,0,0,0.0
2724,1769711855.4990938,decode,156,903930,0.3848967426016606,903774,156,6718.979578228579,0,1,0,0,0,0.0
2725,1769711855.5230694,decode,156,904086,0.3849631679795614,903930,156,6603.731555864232,0,1,0,0,0,0.0
2726,1769711855.5466337,decode,156,904242,0.38502959335746223,904086,156,6603.731555864232,0,1,0,0,0,0.0
2727,1769711855.5704143,decode,156,904398,0.385096018735363,904242,156,6603.731555864232,0,1,0,0,0,0.0
2728,1769711855.5941656,decode,156,904554,0.3851624441132638,904398,156,6603.731555864232,0,1,0,0,0,0.0
2729,1769711855.6180098,decode,156,904710,0.3852288694911646,904554,156,6603.731555864232,0,1,0,0,0,0.0
2730,1769711855.6417255,decode,156,904866,0.3852952948690654,904710,156,6603.731555864232,0,1,0,0,0,0.0
2731,1769711855.6654975,decode,156,905022,0.38536172024696613,904866,156,6603.731555864232,0,1,0,0,0,0.0
2732,1769711855.6892622,decode,156,905178,0.38542814562486694,905022,156,6603.731555864232,0,1,0,0,0,0.0
2733,1769711855.7133656,decode,156,898334,0.38251394507132214,905178,156,6603.731555864232,0,1,0,0,0,0.0
2734,1769711855.736795,decode,156,898489,0.3825799446455184,905334,155,6603.731555864232,0,1,0,0,0,0.0
2735,1769711855.760487,decode,155,898644,0.3826459442197147,898489,155,6603.731555864232,0,1,0,0,0,0.0
2736,1769711855.7840064,decode,155,898799,0.382711943793911,898644,155,6603.731555864232,0,1,0,0,0,0.0
2737,1769711855.807532,decode,155,898954,0.3827779433681073,898799,155,6603.731555864232,0,1,0,0,0,0.0
2738,1769711855.8311546,decode,155,899109,0.3828439429423036,898954,155,6603.731555864232,0,1,0,0,0,0.0
2739,1769711855.8546722,decode,155,899264,0.3829099425164999,899109,155,6603.731555864232,0,1,0,0,0,0.0
2740,1769711855.8782117,decode,155,899419,0.3829759420906962,899264,155,6603.731555864232,0,1,0,0,0,0.0
2741,1769711855.901888,decode,155,899574,0.38304194166489247,899419,155,6603.731555864232,0,1,0,0,0,0.0
2742,1769711855.925542,decode,155,899729,0.38310794123908876,899574,155,6603.731555864232,0,1,0,0,0,0.0
2743,1769711855.9492512,decode,155,899884,0.3831739408132851,899729,155,6603.731555864232,0,1,0,0,0,0.0
2744,1769711855.9728658,decode,155,900039,0.3832399403874814,899884,155,6603.731555864232,0,1,0,0,0,0.0
2745,1769711855.9965184,decode,155,900194,0.38330593996167767,900039,155,6603.731555864232,0,1,0,0,0,0.0
2746,1769711856.0202484,decode,155,900349,0.38337193953587395,900194,155,6603.731555864232,0,1,0,0,0,0.0
2747,1769711856.0439286,decode,155,900504,0.38343793911007024,900349,155,6603.731555864232,0,1,0,0,0,0.0
2748,1769711856.067665,decode,155,900659,0.3835039386842666,900504,155,6603.731555864232,0,1,0,0,0,0.0
2749,1769711856.0914004,decode,155,900814,0.38356993825846286,900659,155,6603.731555864232,0,1,0,0,0,0.0
2750,1769711856.1155226,decode,155,893969,0.38065531190121354,900814,155,6603.731555864232,0,1,0,0,0,0.0
2751,1769711856.139026,decode,155,894123,0.38072088567170537,900969,154,6603.731555864232,0,1,0,0,0,0.0
2752,1769711856.1623874,decode,154,894277,0.38078645944219713,894123,154,6603.731555864232,0,1,0,0,0,0.0
2753,1769711856.1860337,decode,154,894431,0.38085203321268896,894277,154,6603.731555864232,0,1,0,0,0,0.0
2754,1769711856.2095692,decode,154,894585,0.3809176069831808,894431,154,6603.731555864232,0,1,0,0,0,0.0
2755,1769711856.2331305,decode,154,894739,0.38098318075367255,894585,154,6603.731555864232,0,1,0,0,0,0.0
2756,1769711856.2567024,decode,154,894893,0.38104875452416437,894739,154,6603.731555864232,0,1,0,0,0,0.0
2757,1769711856.2803338,decode,154,895047,0.3811143282946562,894893,154,6603.731555864232,0,1,0,0,0,0.0
2758,1769711856.304036,decode,154,895201,0.38117990206514796,895047,154,6603.731555864232,0,1,0,0,0,0.0
2759,1769711856.327681,decode,154,895355,0.3812454758356398,895201,154,6603.731555864232,0,1,0,0,0,0.0
2760,1769711856.351294,decode,154,895509,0.38131104960613155,895355,154,6603.731555864232,0,1,0,0,0,0.0
2761,1769711856.3749652,decode,154,895663,0.38137662337662337,895509,154,6603.731555864232,0,1,0,0,0,0.0
2762,1769711856.39864,decode,154,895817,0.3814421971471152,895663,154,6603.731555864232,0,1,0,0,0,0.0
2763,1769711856.4222574,decode,154,895971,0.38150777091760696,895817,154,6603.731555864232,0,1,0,0,0,0.0
2764,1769711856.4458652,decode,154,896125,0.3815733446880988,895971,154,6603.731555864232,0,1,0,0,0,0.0
2765,1769711856.4696362,decode,154,896279,0.3816389184585906,896125,154,6544.490255968306,0,1,0,0,0,0.0
2766,1769711856.4930735,decode,154,896433,0.38170449222908237,896279,154,6544.490255968306,0,1,0,0,0,0.0
2767,1769711856.5167232,decode,154,896587,0.3817700659995742,896433,154,6544.490255968306,0,1,0,0,0,0.0
2768,1769711856.5404272,decode,154,896741,0.381835639770066,896587,154,6544.490255968306,0,1,0,0,0,0.0
2769,1769711856.5643444,decode,154,889895,0.3789205876091122,896741,154,6544.490255968306,0,1,0,0,0,0.0
2770,1769711856.5876184,decode,154,890048,0.3789857355758995,896895,153,6544.490255968306,0,1,0,0,0,0.0
2771,1769711856.6112058,decode,153,890201,0.37905088354268685,890048,153,6544.490255968306,0,1,0,0,0,0.0
2772,1769711856.6346822,decode,153,890354,0.37911603150947415,890201,153,6544.490255968306,0,1,0,0,0,0.0
2773,1769711856.6581872,decode,153,890507,0.37918117947626145,890354,153,6544.490255968306,0,1,0,0,0,0.0
2774,1769711856.6816528,decode,153,890660,0.37924632744304876,890507,153,6544.490255968306,0,1,0,0,0,0.0
2775,1769711856.7051961,decode,153,890813,0.37931147540983606,890660,153,6544.490255968306,0,1,0,0,0,0.0
2776,1769711856.7287538,decode,153,890966,0.37937662337662337,890813,153,6544.490255968306,0,1,0,0,0,0.0
2777,1769711856.7523317,decode,153,891119,0.37944177134341067,890966,153,6544.490255968306,0,1,0,0,0,0.0
2778,1769711856.7758162,decode,153,891272,0.379506919310198,891119,153,6544.490255968306,0,1,0,0,0,0.0
2779,1769711856.7993557,decode,153,891425,0.37957206727698534,891272,153,6544.490255968306,0,1,0,0,0,0.0
2780,1769711856.8228488,decode,153,891578,0.37963721524377264,891425,153,6544.490255968306,0,1,0,0,0,0.0
2781,1769711856.8463988,decode,153,891731,0.37970236321055995,891578,153,6544.490255968306,0,1,0,0,0,0.0
2782,1769711856.869949,decode,153,891884,0.37976751117734725,891731,153,6544.490255968306,0,1,0,0,0,0.0
2783,1769711856.8934162,decode,153,892037,0.37983265914413455,891884,153,6544.490255968306,0,1,0,0,0,0.0
2784,1769711856.9170008,decode,153,892190,0.37989780711092186,892037,153,6544.490255968306,0,1,0,0,0,0.0
2785,1769711856.9405012,decode,153,892343,0.37996295507770916,892190,153,6544.490255968306,0,1,0,0,0,0.0
2786,1769711856.9640465,decode,153,892496,0.38002810304449647,892343,153,6544.490255968306,0,1,0,0,0,0.0
2787,1769711856.9876075,decode,153,892649,0.3800932510112838,892496,153,6544.490255968306,0,1,0,0,0,0.0
2788,1769711857.0111392,decode,153,892802,0.38015839897807113,892649,153,6544.490255968306,0,1,0,0,0,0.0
2789,1769711857.035032,decode,153,885955,0.37724292101341284,892802,153,6544.490255968306,0,1,0,0,0,0.0
2790,1769711857.0582306,decode,153,886107,0.3773076431764956,892955,152,6544.490255968306,0,1,0,0,0,0.0
2791,1769711857.081648,decode,152,886259,0.37737236533957846,886107,152,6544.490255968306,0,1,0,0,0,0.0
2792,1769711857.1049893,decode,152,886411,0.37743708750266125,886259,152,6544.490255968306,0,1,0,0,0,0.0
2793,1769711857.1283698,decode,152,886563,0.3775018096657441,886411,152,6544.490255968306,0,1,0,0,0,0.0
2794,1769711857.151792,decode,152,886715,0.37756653182882693,886563,152,6544.490255968306,0,1,0,0,0,0.0
2795,1769711857.1751285,decode,152,886867,0.3776312539919097,886715,152,6544.490255968306,0,1,0,0,0,0.0
2796,1769711857.1985493,decode,152,887019,0.37769597615499256,886867,152,6544.490255968306,0,1,0,0,0,0.0
2797,1769711857.221881,decode,152,887171,0.37776069831807535,887019,152,6544.490255968306,0,1,0,0,0,0.0
2798,1769711857.2450848,decode,152,887323,0.3778254204811582,887171,152,6544.490255968306,0,1,0,0,0,0.0
2799,1769711857.2684398,decode,152,887475,0.377890142644241,887323,152,6544.490255968306,0,1,0,0,0,0.0
2800,1769711857.2918448,decode,152,887627,0.3779548648073238,887475,152,6544.490255968306,0,1,0,0,0,0.0
2801,1769711857.3153014,decode,152,887779,0.37801958697040666,887627,152,6544.490255968306,0,1,0,0,0,0.0
2802,1769711857.3386366,decode,152,887931,0.37808430913348945,887779,152,6544.490255968306,0,1,0,0,0,0.0
2803,1769711857.362187,decode,152,888083,0.3781490312965723,887931,152,6544.490255968306,0,1,0,0,0,0.0
2804,1769711857.3856022,decode,152,888235,0.3782137534596551,888083,152,6544.490255968306,0,1,0,0,0,0.0
2805,1769711857.4091249,decode,152,888387,0.3782784756227379,888235,152,6503.496958601184,0,1,0,0,0,0.0
2806,1769711857.4324791,decode,152,888539,0.37834319778582076,888387,152,6503.496958601184,0,1,0,0,0,0.0
2807,1769711857.4559333,decode,152,888691,0.37840791994890355,888539,152,6503.496958601184,0,1,0,0,0,0.0
2808,1769711857.4797282,decode,152,881843,0.3754920161805408,888691,152,6503.496958601184,0,1,0,0,0,0.0
2809,1769711857.5026908,decode,152,881994,0.3755563125399191,888843,151,6503.496958601184,0,1,0,0,0,0.0
2810,1769711857.5260167,decode,151,882145,0.37562060889929744,881994,151,6503.496958601184,0,1,0,0,0,0.0
2811,1769711857.5492918,decode,151,882296,0.37568490525867576,882145,151,6503.496958601184,0,1,0,0,0,0.0
2812,1769711857.57266,decode,151,882447,0.3757492016180541,882296,151,6503.496958601184,0,1,0,0,0,0.0
2813,1769711857.5959148,decode,151,882598,0.3758134979774324,882447,151,6503.496958601184,0,1,0,0,0,0.0
2814,1769711857.6191444,decode,151,882749,0.37587779433681073,882598,151,6503.496958601184,0,1,0,0,0,0.0
2815,1769711857.6424487,decode,151,882900,0.37594209069618906,882749,151,6503.496958601184,0,1,0,0,0,0.0
2816,1769711857.6656904,decode,151,883051,0.3760063870555674,882900,151,6503.496958601184,0,1,0,0,0,0.0
2817,1769711857.68902,decode,151,883202,0.3760706834149457,883051,151,6503.496958601184,0,1,0,0,0,0.0
2818,1769711857.7124178,decode,151,883353,0.37613497977432403,883202,151,6503.496958601184,0,1,0,0,0,0.0
2819,1769711857.7356946,decode,151,883504,0.37619927613370235,883353,151,6503.496958601184,0,1,0,0,0,0.0
2820,1769711857.758937,decode,151,883655,0.3762635724930807,883504,151,6503.496958601184,0,1,0,0,0,0.0
2821,1769711857.7823105,decode,151,883806,0.376327868852459,883655,151,6503.496958601184,0,1,0,0,0,0.0
2822,1769711857.8055718,decode,151,883957,0.3763921652118373,883806,151,6503.496958601184,0,1,0,0,0,0.0
2823,1769711857.8289552,decode,151,884108,0.37645646157121565,883957,151,6503.496958601184,0,1,0,0,0,0.0
2824,1769711857.852233,decode,151,884259,0.376520757930594,884108,151,6503.496958601184,0,1,0,0,0,0.0
2825,1769711857.8756194,decode,151,884410,0.3765850542899723,884259,151,6503.496958601184,0,1,0,0,0,0.0
2826,1769711857.899211,decode,151,877561,0.373668724717905,884410,151,6503.496958601184,0,1,0,0,0,0.0
2827,1769711857.9222505,decode,151,877711,0.3737325952735789,884561,150,6503.496958601184,0,1,0,0,0,0.0
2828,1769711857.945377,decode,150,877861,0.3737964658292527,877711,150,6503.496958601184,0,1,0,0,0,0.0
2829,1769711857.968624,decode,150,878011,0.37386033638492655,877861,150,6503.496958601184,0,1,0,0,0,0.0
2830,1769711857.9917867,decode,150,878161,0.37392420694060036,878011,150,6503.496958601184,0,1,0,0,0,0.0
2831,1769711858.0149844,decode,150,878311,0.3739880774962742,878161,150,6503.496958601184,0,1,0,0,0,0.0
2832,1769711858.038168,decode,150,878461,0.374051948051948,878311,150,6503.496958601184,0,1,0,0,0,0.0
2833,1769711858.061225,decode,150,878611,0.3741158186076219,878461,150,6503.496958601184,0,1,0,0,0,0.0
2834,1769711858.0844004,decode,150,878761,0.37417968916329575,878611,150,6503.496958601184,0,1,0,0,0,0.0
2835,1769711858.1077461,decode,150,878911,0.37424355971896955,878761,150,6503.496958601184,0,1,0,0,0,0.0
2836,1769711858.1311948,decode,150,879061,0.3743074302746434,878911,150,6503.496958601184,0,1,0,0,0,0.0
2837,1769711858.1547163,decode,150,879211,0.3743713008303172,879061,150,6503.496958601184,0,1,0,0,0,0.0
2838,1769711858.17832,decode,150,879361,0.3744351713859911,879211,150,6503.496958601184,0,1,0,0,0,0.0
2839,1769711858.2019007,decode,150,879511,0.3744990419416649,879361,150,6503.496958601184,0,1,0,0,0,0.0
2840,1769711858.2253468,decode,150,879661,0.37456291249733875,879511,150,6503.496958601184,0,1,0,0,0,0.0
2841,1769711858.2487774,decode,150,879811,0.37462678305301256,879661,150,6503.496958601184,0,1,0,0,0,0.0
2842,1769711858.272171,decode,150,879961,0.3746906536086864,879811,150,6503.496958601184,0,1,0,0,0,0.0
2843,1769711858.2957265,decode,150,880111,0.3747545241643602,879961,150,6503.496958601184,0,1,0,0,0,0.0
2844,1769711858.3192039,decode,150,880261,0.3748183947200341,880111,150,6503.496958601184,0,1,0,0,0,0.0
2845,1769711858.343195,decode,150,873411,0.3719016393442623,880261,150,6451.443119801079,0,1,0,0,0,0.0
2846,1769711858.3662972,decode,150,873560,0.37196508409623164,880411,149,6451.443119801079,0,1,0,0,0,0.0
2847,1769711858.3894875,decode,149,873709,0.372028528848201,873560,149,6451.443119801079,0,1,0,0,0,0.0
2848,1769711858.412701,decode,149,873858,0.3720919736001703,873709,149,6451.443119801079,0,1,0,0,0,0.0
2849,1769711858.4360998,decode,149,874007,0.37215541835213967,873858,149,6451.443119801079,0,1,0,0,0,0.0
2850,1769711858.4599888,decode,149,874156,0.372218863104109,874007,149,6451.443119801079,0,1,0,0,0,0.0
2851,1769711858.4828892,decode,149,874305,0.37228230785607835,874156,149,6451.443119801079,0,1,0,0,0,0.0
2852,1769711858.5061831,decode,149,874454,0.3723457526080477,874305,149,6451.443119801079,0,1,0,0,0,0.0
2853,1769711858.5295732,decode,149,874603,0.37240919736001704,874454,149,6451.443119801079,0,1,0,0,0,0.0
2854,1769711858.55275,decode,149,874752,0.3724726421119864,874603,149,6451.443119801079,0,1,0,0,0,0.0
2855,1769711858.575936,decode,149,874901,0.37253608686395573,874752,149,6451.443119801079,0,1,0,0,0,0.0
2856,1769711858.5993035,decode,149,875050,0.3725995316159251,874901,149,6451.443119801079,0,1,0,0,0,0.0
2857,1769711858.6226509,decode,149,875199,0.3726629763678944,875050,149,6451.443119801079,0,1,0,0,0,0.0
2858,1769711858.646099,decode,149,875348,0.37272642111986376,875199,149,6451.443119801079,0,1,0,0,0,0.0
2859,1769711858.6694624,decode,149,875497,0.3727898658718331,875348,149,6451.443119801079,0,1,0,0,0,0.0
2860,1769711858.6927962,decode,149,875646,0.37285331062380245,875497,149,6451.443119801079,0,1,0,0,0,0.0
2861,1769711858.7160692,decode,149,875795,0.3729167553757718,875646,149,6451.443119801079,0,1,0,0,0,0.0
2862,1769711858.7402527,decode,149,868944,0.36999957419629553,875795,149,6451.443119801079,0,1,0,0,0,0.0
2863,1769711858.7629035,decode,149,869092,0.37006259314456036,875944,148,6451.443119801079,0,1,0,0,0,0.0
2864,1769711858.7860937,decode,148,869240,0.3701256120928252,869092,148,6451.443119801079,0,1,0,0,0,0.0
2865,1769711858.8091304,decode,148,869388,0.37018863104109007,869240,148,6451.443119801079,0,1,0,0,0,0.0
2866,1769711858.8321497,decode,148,869536,0.3702516499893549,869388,148,6451.443119801079,0,1,0,0,0,0.0
2867,1769711858.855164,decode,148,869684,0.3703146689376198,869536,148,6451.443119801079,0,1,0,0,0,0.0
2868,1769711858.878282,decode,148,869832,0.3703776878858846,869684,148,6451.443119801079,0,1,0,0,0,0.0
2869,1769711858.9013376,decode,148,869980,0.3704407068341495,869832,148,6451.443119801079,0,1,0,0,0,0.0
2870,1769711858.9243894,decode,148,870128,0.3705037257824143,869980,148,6451.443119801079,0,1,0,0,0,0.0
2871,1769711858.9475832,decode,148,870276,0.37056674473067913,870128,148,6451.443119801079,0,1,0,0,0,0.0
2872,1769711858.9706326,decode,148,870424,0.370629763678944,870276,148,6451.443119801079,0,1,0,0,0,0.0
2873,1769711858.9937913,decode,148,870572,0.37069278262720884,870424,148,6451.443119801079,0,1,0,0,0,0.0
2874,1769711859.016881,decode,148,870720,0.3707558015754737,870572,148,6451.443119801079,0,1,0,0,0,0.0
2875,1769711859.040066,decode,148,870868,0.37081882052373855,870720,148,6451.443119801079,0,1,0,0,0,0.0
2876,1769711859.0631444,decode,148,871016,0.3708818394720034,870868,148,6451.443119801079,0,1,0,0,0,0.0
2877,1769711859.0863914,decode,148,871164,0.37094485842026825,871016,148,6451.443119801079,0,1,0,0,0,0.0
2878,1769711859.1094816,decode,148,871312,0.3710078773685331,871164,148,6451.443119801079,0,1,0,0,0,0.0
2879,1769711859.1328776,decode,148,871460,0.37107089631679796,871312,148,6451.443119801079,0,1,0,0,0,0.0
2880,1769711859.1571977,decode,148,864608,0.3681532893336172,871460,148,6451.443119801079,0,1,0,0,0,0.0
2881,1769711859.1790485,decode,148,864755,0.36821588247817755,871608,147,6451.443119801079,0,1,0,0,0,0.0
2882,1769711859.2022214,decode,147,864902,0.3682784756227379,864755,147,6451.443119801079,0,1,0,0,0,0.0
2883,1769711859.2252316,decode,147,865049,0.3683410687672983,864902,147,6451.443119801079,0,1,0,0,0,0.0
2884,1769711859.2483501,decode,147,865196,0.36840366191185864,865049,147,6451.443119801079,0,1,0,0,0,0.0
2885,1769711859.2716622,decode,147,865343,0.368466255056419,865196,147,6392.482174261087,0,1,0,0,0,0.0
2886,1769711859.2946036,decode,147,865490,0.36852884820097936,865343,147,6392.482174261087,0,1,0,0,0,0.0
2887,1769711859.3176253,decode,147,865637,0.3685914413455397,865490,147,6392.482174261087,0,1,0,0,0,0.0
2888,1769711859.3407397,decode,147,865784,0.3686540344901001,865637,147,6392.482174261087,0,1,0,0,0,0.0
2889,1769711859.3639202,decode,147,865931,0.3687166276346604,865784,147,6392.482174261087,0,1,0,0,0,0.0
2890,1769711859.3870454,decode,147,866078,0.36877922077922076,865931,147,6392.482174261087,0,1,0,0,0,0.0
2891,1769711859.410163,decode,147,866225,0.3688418139237811,866078,147,6392.482174261087,0,1,0,0,0,0.0
2892,1769711859.433277,decode,147,866372,0.3689044070683415,866225,147,6392.482174261087,0,1,0,0,0,0.0
2893,1769711859.4564307,decode,147,866519,0.36896700021290185,866372,147,6392.482174261087,0,1,0,0,0,0.0
2894,1769711859.4793906,decode,147,866666,0.3690295933574622,866519,147,6392.482174261087,0,1,0,0,0,0.0
2895,1769711859.5024276,decode,147,866813,0.3690921865020226,866666,147,6392.482174261087,0,1,0,0,0,0.0
2896,1769711859.525637,decode,147,866960,0.36915477964658294,866813,147,6392.482174261087,0,1,0,0,0,0.0
2897,1769711859.549277,decode,147,860107,0.3662367468596977,866960,147,6392.482174261087,0,1,0,0,0,0.0
2898,1769711859.5718925,decode,147,860253,0.36629891420055355,867107,146,6392.482174261087,0,1,0,0,0,0.0
2899,1769711859.595011,decode,146,860399,0.3663610815414094,860253,146,6392.482174261087,0,1,0,0,0,0.0
2900,1769711859.6180058,decode,146,860545,0.3664232488822653,860399,146,6392.482174261087,0,1,0,0,0,0.0
2901,1769711859.6410348,decode,146,860691,0.36648541622312114,860545,146,6392.482174261087,0,1,0,0,0,0.0
2902,1769711859.6638544,decode,146,860837,0.366547583563977,860691,146,6392.482174261087,0,1,0,0,0,0.0
2903,1769711859.6870353,decode,146,860983,0.3666097509048329,860837,146,6392.482174261087,0,1,0,0,0,0.0
2904,1769711859.7100508,decode,146,861129,0.36667191824568873,860983,146,6392.482174261087,0,1,0,0,0,0.0
2905,1769711859.7330983,decode,146,861275,0.3667340855865446,861129,146,6392.482174261087,0,1,0,0,0,0.0
2906,1769711859.7561212,decode,146,861421,0.3667962529274005,861275,146,6392.482174261087,0,1,0,0,0,0.0
2907,1769711859.7791488,decode,146,861567,0.3668584202682563,861421,146,6392.482174261087,0,1,0,0,0,0.0
2908,1769711859.8020775,decode,146,861713,0.3669205876091122,861567,146,6392.482174261087,0,1,0,0,0,0.0
2909,1769711859.8251066,decode,146,861859,0.36698275494996807,861713,146,6392.482174261087,0,1,0,0,0,0.0
2910,1769711859.8481755,decode,146,862005,0.3670449222908239,861859,146,6392.482174261087,0,1,0,0,0,0.0
2911,1769711859.871265,decode,146,862151,0.3671070896316798,862005,146,6392.482174261087,0,1,0,0,0,0.0
2912,1769711859.8943777,decode,146,862297,0.36716925697253566,862151,146,6392.482174261087,0,1,0,0,0,0.0
2913,1769711859.9174151,decode,146,862443,0.3672314243133915,862297,146,6392.482174261087,0,1,0,0,0,0.0
2914,1769711859.9404132,decode,146,862589,0.3672935916542474,862443,146,6392.482174261087,0,1,0,0,0,0.0
2915,1769711859.9637983,decode,146,855735,0.36437513306365765,862589,146,6392.482174261087,0,1,0,0,0,0.0
2916,1769711859.9864085,decode,146,855880,0.36443687460080904,862735,145,6392.482174261087,0,1,0,0,0,0.0
2917,1769711860.0094435,decode,145,856025,0.3644986161379604,855880,145,6392.482174261087,0,1,0,0,0,0.0
2918,1769711860.032507,decode,145,856170,0.36456035767511175,856025,145,6392.482174261087,0,1,0,0,0,0.0
2919,1769711860.0554779,decode,145,856315,0.36462209921226313,856170,145,6392.482174261087,0,1,0,0,0,0.0
2920,1769711860.0784502,decode,145,856460,0.3646838407494145,856315,145,6392.482174261087,0,1,0,0,0,0.0
2921,1769711860.10153,decode,145,856605,0.3647455822865659,856460,145,6392.482174261087,0,1,0,0,0,0.0
2922,1769711860.1243339,decode,145,856750,0.3648073238237173,856605,145,6392.482174261087,0,1,0,0,0,0.0
2923,1769711860.147344,decode,145,856895,0.36486906536086866,856750,145,6392.482174261087,0,1,0,0,0,0.0
2924,1769711860.1703541,decode,145,857040,0.36493080689802,856895,145,6392.482174261087,0,1,0,0,0,0.0
2925,1769711860.193671,decode,145,857185,0.36499254843517137,857040,145,6338.7099893355835,0,1,0,0,0,0.0
2926,1769711860.2163727,decode,145,857330,0.36505428997232275,857185,145,6338.7099893355835,0,1,0,0,0,0.0
2927,1769711860.239465,decode,145,857475,0.36511603150947414,857330,145,6338.7099893355835,0,1,0,0,0,0.0
2928,1769711860.26235,decode,145,857620,0.3651777730466255,857475,145,6338.7099893355835,0,1,0,0,0,0.0
2929,1769711860.2852752,decode,145,857765,0.3652395145837769,857620,145,6338.7099893355835,0,1,0,0,0,0.0
2930,1769711860.308197,decode,145,857910,0.36530125612092823,857765,145,6338.7099893355835,0,1,0,0,0,0.0
2931,1769711860.3312204,decode,145,858055,0.3653629976580796,857910,145,6338.7099893355835,0,1,0,0,0,0.0
2932,1769711860.354263,decode,145,858200,0.365424739195231,858055,145,6338.7099893355835,0,1,0,0,0,0.0
2933,1769711860.3772178,decode,145,858345,0.3654864807323824,858200,145,6338.7099893355835,0,1,0,0,0,0.0
2934,1769711860.4006374,decode,145,851490,0.36256759633808816,858345,145,6338.7099893355835,0,1,0,0,0,0.0
2935,1769711860.4233184,decode,145,851634,0.362628912071535,858490,144,6338.7099893355835,0,1,0,0,0,0.0
2936,1769711860.4461231,decode,144,851778,0.3626902278049819,851634,144,6338.7099893355835,0,1,0,0,0,0.0
2937,1769711860.4688604,decode,144,851922,0.3627515435384288,851778,144,6338.7099893355835,0,1,0,0,0,0.0
2938,1769711860.4916434,decode,144,852066,0.3628128592718757,851922,144,6338.7099893355835,0,1,0,0,0,0.0
2939,1769711860.5145004,decode,144,852210,0.36287417500532254,852066,144,6338.7099893355835,0,1,0,0,0,0.0
2940,1769711860.5373588,decode,144,852354,0.3629354907387694,852210,144,6338.7099893355835,0,1,0,0,0,0.0
2941,1769711860.5602381,decode,144,852498,0.3629968064722163,852354,144,6338.7099893355835,0,1,0,0,0,0.0
2942,1769711860.5830553,decode,144,852642,0.3630581222056632,852498,144,6338.7099893355835,0,1,0,0,0,0.0
2943,1769711860.6059535,decode,144,852786,0.36311943793911006,852642,144,6338.7099893355835,0,1,0,0,0,0.0
2944,1769711860.628699,decode,144,852930,0.363180753672557,852786,144,6338.7099893355835,0,1,0,0,0,0.0
2945,1769711860.6515155,decode,144,853074,0.36324206940600384,852930,144,6338.7099893355835,0,1,0,0,0,0.0
2946,1769711860.6745296,decode,144,853218,0.3633033851394507,853074,144,6338.7099893355835,0,1,0,0,0,0.0
2947,1769711860.6974216,decode,144,853362,0.3633647008728976,853218,144,6338.7099893355835,0,1,0,0,0,0.0
2948,1769711860.7202666,decode,144,853506,0.3634260166063445,853362,144,6338.7099893355835,0,1,0,0,0,0.0
2949,1769711860.7430627,decode,144,853650,0.36348733233979136,853506,144,6338.7099893355835,0,1,0,0,0,0.0
2950,1769711860.76621,decode,144,846794,0.3605680221417926,853650,144,6338.7099893355835,0,1,0,0,0,0.0
2951,1769711860.7887433,decode,144,846937,0.360628912071535,853794,143,6338.7099893355835,0,1,0,0,0,0.0
2952,1769711860.8113742,decode,143,847080,0.3606898020012774,846937,143,6338.7099893355835,0,1,0,0,0,0.0
2953,1769711860.8342872,decode,143,847223,0.3607506919310198,847080,143,6338.7099893355835,0,1,0,0,0,0.0
2954,1769711860.8570888,decode,143,847366,0.3608115818607622,847223,143,6338.7099893355835,0,1,0,0,0,0.0
2955,1769711860.8799357,decode,143,847509,0.3608724717905046,847366,143,6338.7099893355835,0,1,0,0,0,0.0
2956,1769711860.9028246,decode,143,847652,0.360933361720247,847509,143,6338.7099893355835,0,1,0,0,0,0.0
2957,1769711860.9257104,decode,143,847795,0.36099425164998933,847652,143,6338.7099893355835,0,1,0,0,0,0.0
2958,1769711860.9486194,decode,143,847938,0.36105514157973173,847795,143,6338.7099893355835,0,1,0,0,0,0.0
2959,1769711860.97138,decode,143,848081,0.36111603150947413,847938,143,6338.7099893355835,0,1,0,0,0,0.0
2960,1769711860.9941742,decode,143,848224,0.36117692143921654,848081,143,6338.7099893355835,0,1,0,0,0,0.0
2961,1769711861.0169897,decode,143,848367,0.3612378113689589,848224,143,6338.7099893355835,0,1,0,0,0,0.0
2962,1769711861.0398612,decode,143,848510,0.3612987012987013,848367,143,6338.7099893355835,0,1,0,0,0,0.0
2963,1769711861.0628,decode,143,848653,0.3613595912284437,848510,143,6338.7099893355835,0,1,0,0,0,0.0
2964,1769711861.085706,decode,143,848796,0.3614204811581861,848653,143,6338.7099893355835,0,1,0,0,0,0.0
2965,1769711861.1087754,decode,143,848939,0.36148137108792844,848796,143,6289.323858194103,0,1,0,0,0,0.0
2966,1769711861.1313777,decode,143,849082,0.36154226101767084,848939,143,6289.323858194103,0,1,0,0,0,0.0
2967,1769711861.1541824,decode,143,849225,0.36160315094741324,849082,143,6289.323858194103,0,1,0,0,0,0.0
2968,1769711861.1770215,decode,143,849368,0.36166404087715565,849225,143,6289.323858194103,0,1,0,0,0,0.0
2969,1769711861.2001913,decode,143,842511,0.3587443048754524,849368,143,6289.323858194103,0,1,0,0,0,0.0
2970,1769711861.2227414,decode,143,842653,0.35880476900149033,849511,142,6289.323858194103,0,1,0,0,0,0.0
2971,1769711861.2456942,decode,142,842795,0.3588652331275282,842653,142,6289.323858194103,0,1,0,0,0,0.0
2972,1769711861.268442,decode,142,842937,0.3589256972535661,842795,142,6289.323858194103,0,1,0,0,0,0.0
2973,1769711861.2911978,decode,142,843079,0.358986161379604,842937,142,6289.323858194103,0,1,0,0,0,0.0
2974,1769711861.3138936,decode,142,843221,0.3590466255056419,843079,142,6289.323858194103,0,1,0,0,0,0.0
2975,1769711861.336627,decode,142,843363,0.3591070896316798,843221,142,6289.323858194103,0,1,0,0,0,0.0
2976,1769711861.359267,decode,142,843505,0.3591675537577177,843363,142,6289.323858194103,0,1,0,0,0,0.0
2977,1769711861.38219,decode,142,843647,0.3592280178837556,843505,142,6289.323858194103,0,1,0,0,0,0.0
2978,1769711861.4050772,decode,142,843789,0.35928848200979346,843647,142,6289.323858194103,0,1,0,0,0,0.0
2979,1769711861.428054,decode,142,843931,0.3593489461358314,843789,142,6289.323858194103,0,1,0,0,0,0.0
2980,1769711861.4509273,decode,142,844073,0.3594094102618693,843931,142,6289.323858194103,0,1,0,0,0,0.0
2981,1769711861.473802,decode,142,844215,0.3594698743879072,844073,142,6289.323858194103,0,1,0,0,0,0.0
2982,1769711861.4966404,decode,142,844357,0.35953033851394506,844215,142,6289.323858194103,0,1,0,0,0,0.0
2983,1769711861.5194259,decode,142,844499,0.35959080263998294,844357,142,6289.323858194103,0,1,0,0,0,0.0
2984,1769711861.542312,decode,142,844641,0.3596512667660209,844499,142,6289.323858194103,0,1,0,0,0,0.0
2985,1769711861.565253,decode,142,844783,0.35971173089205877,844641,142,6289.323858194103,0,1,0,0,0,0.0
2986,1769711861.588158,decode,142,844925,0.35977219501809665,844783,142,6289.323858194103,0,1,0,0,0,0.0
2987,1769711861.6113894,decode,142,838067,0.35685203321268893,844925,142,6289.323858194103,0,1,0,0,0,0.0
2988,1769711861.633992,decode,142,838208,0.35691207153502236,845067,141,6289.323858194103,0,1,0,0,0,0.0
2989,1769711861.656797,decode,141,838349,0.3569721098573558,838208,141,6289.323858194103,0,1,0,0,0,0.0
2990,1769711861.679595,decode,141,838490,0.35703214817968915,838349,141,6289.323858194103,0,1,0,0,0,0.0
2991,1769711861.7029004,decode,141,838631,0.35709218650202257,838490,141,6289.323858194103,0,1,0,0,0,0.0
2992,1769711861.7257342,decode,141,838772,0.357152224824356,838631,141,6289.323858194103,0,1,0,0,0,0.0
2993,1769711861.7486405,decode,141,838913,0.35721226314668936,838772,141,6289.323858194103,0,1,0,0,0,0.0
2994,1769711861.7714179,decode,141,839054,0.3572723014690228,838913,141,6289.323858194103,0,1,0,0,0,0.0
2995,1769711861.7942169,decode,141,839195,0.3573323397913562,839054,141,6289.323858194103,0,1,0,0,0,0.0
2996,1769711861.8171394,decode,141,839336,0.35739237811368957,839195,141,6289.323858194103,0,1,0,0,0,0.0
2997,1769711861.8399215,decode,141,839477,0.357452416436023,839336,141,6289.323858194103,0,1,0,0,0,0.0
2998,1769711861.8628073,decode,141,839618,0.3575124547583564,839477,141,6289.323858194103,0,1,0,0,0,0.0
2999,1769711861.8857124,decode,141,839759,0.3575724930806898,839618,141,6289.323858194103,0,1,0,0,0,0.0
3000,1769711861.9085402,decode,141,839900,0.3576325314030232,839759,141,6289.323858194103,0,1,0,0,0,0.0
3001,1769711861.9314678,decode,141,840041,0.3576925697253566,839900,141,6289.323858194103,0,1,0,0,0,0.0
3002,1769711861.954276,decode,141,840182,0.35775260804769,840041,141,6289.323858194103,0,1,0,0,0,0.0
3003,1769711861.9776292,decode,141,833323,0.3548320204385778,840182,141,6289.323858194103,0,1,0,0,0,0.0
3004,1769711862.0001814,decode,141,833463,0.3548916329572067,840323,140,6289.323858194103,0,1,0,0,0,0.0
3005,1769711862.0231001,decode,140,833603,0.3549512454758356,833463,140,6197.9785743451075,0,1,0,0,0,0.0
3006,1769711862.0457597,decode,140,833743,0.3550108579944646,833603,140,6197.9785743451075,0,1,0,0,0,0.0
3007,1769711862.0686057,decode,140,833883,0.3550704705130935,833743,140,6197.9785743451075,0,1,0,0,0,0.0
3008,1769711862.091425,decode,140,834023,0.3551300830317224,833883,140,6197.9785743451075,0,1,0,0,0,0.0
3009,1769711862.1142538,decode,140,834163,0.3551896955503513,834023,140,6197.9785743451075,0,1,0,0,0,0.0
3010,1769711862.1371176,decode,140,834303,0.3552493080689802,834163,140,6197.9785743451075,0,1,0,0,0,0.0
3011,1769711862.1599987,decode,140,834443,0.3553089205876091,834303,140,6197.9785743451075,0,1,0,0,0,0.0
3012,1769711862.1828678,decode,140,834583,0.355368533106238,834443,140,6197.9785743451075,0,1,0,0,0,0.0
3013,1769711862.2056797,decode,140,834723,0.3554281456248669,834583,140,6197.9785743451075,0,1,0,0,0,0.0
3014,1769711862.2285678,decode,140,834863,0.35548775814349587,834723,140,6197.9785743451075,0,1,0,0,0,0.0
3015,1769711862.2514312,decode,140,835003,0.3555473706621248,834863,140,6197.9785743451075,0,1,0,0,0,0.0
3016,1769711862.2743418,decode,140,835143,0.3556069831807537,835003,140,6197.9785743451075,0,1,0,0,0,0.0
3017,1769711862.2972622,decode,140,835283,0.3556665956993826,835143,140,6197.9785743451075,0,1,0,0,0,0.0
3018,1769711862.3201768,decode,140,835423,0.3557262082180115,835283,140,6197.9785743451075,0,1,0,0,0,0.0
3019,1769711862.3430228,decode,140,835563,0.3557858207366404,835423,140,6197.9785743451075,0,1,0,0,0,0.0
3020,1769711862.3658543,decode,140,835703,0.3558454332552693,835563,140,6197.9785743451075,0,1,0,0,0,0.0
3021,1769711862.389114,decode,140,828843,0.35292441984245265,835703,140,6197.9785743451075,0,1,0,0,0,0.0
3022,1769711862.4115999,decode,140,828982,0.35298360655737704,835843,139,6197.9785743451075,0,1,0,0,0,0.0
3023,1769711862.4344249,decode,139,829121,0.3530427932723015,828982,139,6197.9785743451075,0,1,0,0,0,0.0
3024,1769711862.4571981,decode,139,829260,0.35310197998722587,829121,139,6197.9785743451075,0,1,0,0,0,0.0
3025,1769711862.4800608,decode,139,829399,0.3531611667021503,829260,139,6197.9785743451075,0,1,0,0,0,0.0
3026,1769711862.5027945,decode,139,829538,0.35322035341707475,829399,139,6197.9785743451075,0,1,0,0,0,0.0
3027,1769711862.5256815,decode,139,829677,0.35327954013199914,829538,139,6197.9785743451075,0,1,0,0,0,0.0
3028,1769711862.5484247,decode,139,829816,0.3533387268469236,829677,139,6197.9785743451075,0,1,0,0,0,0.0
3029,1769711862.5712838,decode,139,829955,0.35339791356184797,829816,139,6197.9785743451075,0,1,0,0,0,0.0
3030,1769711862.594068,decode,139,830094,0.3534571002767724,829955,139,6197.9785743451075,0,1,0,0,0,0.0
3031,1769711862.6169333,decode,139,830233,0.35351628699169685,830094,139,6197.9785743451075,0,1,0,0,0,0.0
3032,1769711862.6397684,decode,139,830372,0.35357547370662123,830233,139,6197.9785743451075,0,1,0,0,0,0.0
3033,1769711862.6625066,decode,139,830511,0.3536346604215457,830372,139,6197.9785743451075,0,1,0,0,0,0.0
3034,1769711862.6853282,decode,139,830650,0.35369384713647006,830511,139,6197.9785743451075,0,1,0,0,0,0.0
3035,1769711862.7082138,decode,139,830789,0.3537530338513945,830650,139,6197.9785743451075,0,1,0,0,0,0.0
3036,1769711862.7310698,decode,139,830928,0.35381222056631895,830789,139,6197.9785743451075,0,1,0,0,0,0.0
3037,1769711862.7538779,decode,139,831067,0.35387140728124333,830928,139,6197.9785743451075,0,1,0,0,0,0.0
3038,1769711862.7771401,decode,139,824206,0.3509499680647222,831067,139,6197.9785743451075,0,1,0,0,0,0.0
3039,1769711862.799643,decode,139,824344,0.3510087289759421,831206,138,6197.9785743451075,0,1,0,0,0,0.0
3040,1769711862.8223844,decode,138,824482,0.351067489887162,824344,138,6197.9785743451075,0,1,0,0,0,0.0
3041,1769711862.845121,decode,138,824620,0.35112625079838194,824482,138,6197.9785743451075,0,1,0,0,0,0.0
3042,1769711862.8678336,decode,138,824758,0.35118501170960187,824620,138,6197.9785743451075,0,1,0,0,0,0.0
3043,1769711862.8906567,decode,138,824896,0.3512437726208218,824758,138,6197.9785743451075,0,1,0,0,0,0.0
3044,1769711862.9133754,decode,138,825034,0.3513025335320417,824896,138,6197.9785743451075,0,1,0,0,0,0.0
3045,1769711862.9362204,decode,138,825172,0.35136129444326164,825034,138,6101.101273227689,0,1,0,0,0,0.0
3046,1769711862.958946,decode,138,825310,0.35142005535448156,825172,138,6101.101273227689,0,1,0,0,0,0.0
3047,1769711862.981653,decode,138,825448,0.3514788162657015,825310,138,6101.101273227689,0,1,0,0,0,0.0
3048,1769711863.0044172,decode,138,825586,0.3515375771769214,825448,138,6101.101273227689,0,1,0,0,0,0.0
3049,1769711863.0272143,decode,138,825724,0.3515963380881414,825586,138,6101.101273227689,0,1,0,0,0,0.0
3050,1769711863.0499656,decode,138,825862,0.3516550989993613,825724,138,6101.101273227689,0,1,0,0,0,0.0
3051,1769711863.0728085,decode,138,826000,0.35171385991058124,825862,138,6101.101273227689,0,1,0,0,0,0.0
3052,1769711863.09551,decode,138,826138,0.35177262082180116,826000,138,6101.101273227689,0,1,0,0,0,0.0
3053,1769711863.1183922,decode,138,826276,0.3518313817330211,826138,138,6101.101273227689,0,1,0,0,0,0.0
3054,1769711863.1411667,decode,138,826414,0.351890142644241,826276,138,6101.101273227689,0,1,0,0,0,0.0
3055,1769711863.1642504,decode,138,819552,0.34896827762401533,826414,138,6101.101273227689,0,1,0,0,0,0.0
3056,1769711863.1866932,decode,138,819689,0.34902661273153074,826552,137,6101.101273227689,0,1,0,0,0,0.0
3057,1769711863.209411,decode,137,819826,0.3490849478390462,819689,137,6101.101273227689,0,1,0,0,0,0.0
3058,1769711863.232136,decode,137,819963,0.34914328294656166,819826,137,6101.101273227689,0,1,0,0,0,0.0
3059,1769711863.2548876,decode,137,820100,0.34920161805407707,819963,137,6101.101273227689,0,1,0,0,0,0.0
3060,1769711863.2776055,decode,137,820237,0.34925995316159253,820100,137,6101.101273227689,0,1,0,0,0,0.0
3061,1769711863.30034,decode,137,820374,0.34931828826910793,820237,137,6101.101273227689,0,1,0,0,0,0.0
3062,1769711863.3230689,decode,137,820511,0.3493766233766234,820374,137,6101.101273227689,0,1,0,0,0,0.0
3063,1769711863.3458688,decode,137,820648,0.3494349584841388,820511,137,6101.101273227689,0,1,0,0,0,0.0
3064,1769711863.368573,decode,137,820785,0.34949329359165426,820648,137,6101.101273227689,0,1,0,0,0,0.0
3065,1769711863.391267,decode,137,820922,0.34955162869916967,820785,137,6101.101273227689,0,1,0,0,0,0.0
3066,1769711863.4139974,decode,137,821059,0.34960996380668513,820922,137,6101.101273227689,0,1,0,0,0,0.0
3067,1769711863.4368093,decode,137,821196,0.34966829891420054,821059,137,6101.101273227689,0,1,0,0,0,0.0
3068,1769711863.4597344,decode,137,821333,0.349726634021716,821196,137,6101.101273227689,0,1,0,0,0,0.0
3069,1769711863.4824984,decode,137,821470,0.3497849691292314,821333,137,6101.101273227689,0,1,0,0,0,0.0
3070,1769711863.5053172,decode,137,821607,0.34984330423674687,821470,137,6101.101273227689,0,1,0,0,0,0.0
3071,1769711863.528603,decode,137,814744,0.34692101341281667,821607,137,6101.101273227689,0,1,0,0,0,0.0
3072,1769711863.5511599,decode,137,814880,0.3469789227166276,821744,136,6101.101273227689,0,1,0,0,0,0.0
3073,1769711863.5740497,decode,136,815016,0.34703683202043856,814880,136,6101.101273227689,0,1,0,0,0,0.0
3074,1769711863.5968928,decode,136,815152,0.3470947413242495,815016,136,6101.101273227689,0,1,0,0,0,0.0
3075,1769711863.6198225,decode,136,815288,0.34715265062806044,815152,136,6101.101273227689,0,1,0,0,0,0.0
3076,1769711863.6426003,decode,136,815424,0.3472105599318714,815288,136,6101.101273227689,0,1,0,0,0,0.0
3077,1769711863.6654675,decode,136,815560,0.34726846923568233,815424,136,6101.101273227689,0,1,0,0,0,0.0
3078,1769711863.6881423,decode,136,815696,0.3473263785394933,815560,136,6101.101273227689,0,1,0,0,0,0.0
3079,1769711863.7109895,decode,136,815832,0.3473842878433042,815696,136,6101.101273227689,0,1,0,0,0,0.0
3080,1769711863.7336779,decode,136,815968,0.34744219714711516,815832,136,6101.101273227689,0,1,0,0,0,0.0
3081,1769711863.75656,decode,136,816104,0.3475001064509261,815968,136,6101.101273227689,0,1,0,0,0,0.0
3082,1769711863.7794921,decode,136,816240,0.34755801575473705,816104,136,6101.101273227689,0,1,0,0,0,0.0
3083,1769711863.8023336,decode,136,816376,0.347615925058548,816240,136,6101.101273227689,0,1,0,0,0,0.0
3084,1769711863.8251436,decode,136,816512,0.34767383436235894,816376,136,6101.101273227689,0,1,0,0,0,0.0
3085,1769711863.8481688,decode,136,816648,0.3477317436661699,816512,136,6006.961760143341,0,1,0,0,0,0.0
3086,1769711863.8709106,decode,136,816784,0.3477896529699808,816648,136,6006.961760143341,0,1,0,0,0,0.0
3087,1769711863.893805,decode,136,816920,0.34784756227379177,816784,136,6006.961760143341,0,1,0,0,0,0.0
3088,1769711863.9171154,decode,136,810056,0.3449248456461571,816920,136,6006.961760143341,0,1,0,0,0,0.0
3089,1769711863.9396424,decode,136,810191,0.3449823291462636,817056,135,6006.961760143341,0,1,0,0,0,0.0
3090,1769711863.9623945,decode,135,810326,0.34503981264637,810191,135,6006.961760143341,0,1,0,0,0,0.0
3091,1769711863.9852412,decode,135,810461,0.3450972961464765,810326,135,6006.961760143341,0,1,0,0,0,0.0
3092,1769711864.0080183,decode,135,810596,0.3451547796465829,810461,135,6006.961760143341,0,1,0,0,0,0.0
3093,1769711864.0308354,decode,135,810731,0.3452122631466894,810596,135,6006.961760143341,0,1,0,0,0,0.0
3094,1769711864.0535204,decode,135,810866,0.3452697466467958,810731,135,6006.961760143341,0,1,0,0,0,0.0
3095,1769711864.0761826,decode,135,811001,0.34532723014690225,810866,135,6006.961760143341,0,1,0,0,0,0.0
3096,1769711864.0989978,decode,135,811136,0.34538471364700873,811001,135,6006.961760143341,0,1,0,0,0,0.0
3097,1769711864.1216648,decode,135,811271,0.34544219714711516,811136,135,6006.961760143341,0,1,0,0,0,0.0
3098,1769711864.1444414,decode,135,811406,0.34549968064722164,811271,135,6006.961760143341,0,1,0,0,0,0.0
3099,1769711864.1672409,decode,135,811541,0.34555716414732807,811406,135,6006.961760143341,0,1,0,0,0,0.0
3100,1769711864.1899571,decode,135,811676,0.34561464764743455,811541,135,6006.961760143341,0,1,0,0,0,0.0
3101,1769711864.212768,decode,135,811811,0.345672131147541,811676,135,6006.961760143341,0,1,0,0,0,0.0
3102,1769711864.2354546,decode,135,811946,0.34572961464764745,811811,135,6006.961760143341,0,1,0,0,0,0.0
3103,1769711864.258344,decode,135,812081,0.3457870981477539,811946,135,6006.961760143341,0,1,0,0,0,0.0
3104,1769711864.2815893,decode,135,805216,0.34286395571641476,812081,135,6006.961760143341,0,1,0,0,0,0.0
3105,1769711864.3040204,decode,135,805350,0.34292101341281667,812216,134,6006.961760143341,0,1,0,0,0,0.0
3106,1769711864.3268547,decode,134,805484,0.34297807110921863,805350,134,6006.961760143341,0,1,0,0,0,0.0
3107,1769711864.3495586,decode,134,805618,0.3430351288056206,805484,134,6006.961760143341,0,1,0,0,0,0.0
3108,1769711864.3722608,decode,134,805752,0.34309218650202256,805618,134,6006.961760143341,0,1,0,0,0,0.0
3109,1769711864.3949358,decode,134,805886,0.3431492441984245,805752,134,6006.961760143341,0,1,0,0,0,0.0
3110,1769711864.4176137,decode,134,806020,0.3432063018948265,805886,134,6006.961760143341,0,1,0,0,0,0.0
3111,1769711864.4402788,decode,134,806154,0.34326335959122845,806020,134,6006.961760143341,0,1,0,0,0,0.0
3112,1769711864.463064,decode,134,806288,0.3433204172876304,806154,134,6006.961760143341,0,1,0,0,0,0.0
3113,1769711864.4858303,decode,134,806422,0.34337747498403237,806288,134,6006.961760143341,0,1,0,0,0,0.0
3114,1769711864.5085902,decode,134,806556,0.34343453268043433,806422,134,6006.961760143341,0,1,0,0,0,0.0
3115,1769711864.5313773,decode,134,806690,0.3434915903768363,806556,134,6006.961760143341,0,1,0,0,0,0.0
3116,1769711864.5541155,decode,134,806824,0.34354864807323826,806690,134,6006.961760143341,0,1,0,0,0,0.0
3117,1769711864.576814,decode,134,806958,0.34360570576964017,806824,134,6006.961760143341,0,1,0,0,0,0.0
3118,1769711864.5996563,decode,134,807092,0.34366276346604213,806958,134,6006.961760143341,0,1,0,0,0,0.0
3119,1769711864.6224084,decode,134,807226,0.3437198211624441,807092,134,6006.961760143341,0,1,0,0,0,0.0
3120,1769711864.6451595,decode,134,807360,0.34377687885884606,807226,134,6006.961760143341,0,1,0,0,0,0.0
3121,1769711864.6683645,decode,134,800494,0.3408533106238024,807360,134,6006.961760143341,0,1,0,0,0,0.0
3122,1769711864.6908066,decode,134,800627,0.3409099425164999,807494,133,6006.961760143341,0,1,0,0,0,0.0
3123,1769711864.713556,decode,133,800760,0.34096657440919736,800627,133,6006.961760143341,0,1,0,0,0,0.0
3124,1769711864.7361457,decode,133,800893,0.3410232063018948,800760,133,6006.961760143341,0,1,0,0,0,0.0
3125,1769711864.7589626,decode,133,801026,0.3410798381945923,800893,133,5907.976944963617,0,1,0,0,0,0.0
3126,1769711864.7814476,decode,133,801159,0.34113647008728976,801026,133,5907.976944963617,0,1,0,0,0,0.0
3127,1769711864.804198,decode,133,801292,0.3411931019799872,801159,133,5907.976944963617,0,1,0,0,0,0.0
3128,1769711864.826953,decode,133,801425,0.3412497338726847,801292,133,5907.976944963617,0,1,0,0,0,0.0
3129,1769711864.8497682,decode,133,801558,0.34130636576538215,801425,133,5907.976944963617,0,1,0,0,0,0.0
3130,1769711864.8725157,decode,133,801691,0.34136299765807965,801558,133,5907.976944963617,0,1,0,0,0,0.0
3131,1769711864.895301,decode,133,801824,0.3414196295507771,801691,133,5907.976944963617,0,1,0,0,0,0.0
3132,1769711864.9180121,decode,133,801957,0.34147626144347454,801824,133,5907.976944963617,0,1,0,0,0,0.0
3133,1769711864.9407744,decode,133,802090,0.34153289333617204,801957,133,5907.976944963617,0,1,0,0,0,0.0
3134,1769711864.9635863,decode,133,802223,0.3415895252288695,802090,133,5907.976944963617,0,1,0,0,0,0.0
3135,1769711864.986498,decode,133,802356,0.341646157121567,802223,133,5907.976944963617,0,1,0,0,0,0.0
3136,1769711865.0093718,decode,133,802489,0.34170278901426443,802356,133,5907.976944963617,0,1,0,0,0,0.0
3137,1769711865.0322049,decode,133,802622,0.3417594209069619,802489,133,5907.976944963617,0,1,0,0,0,0.0
3138,1769711865.0554316,decode,133,795755,0.3388354268682138,802622,133,5907.976944963617,0,1,0,0,0,0.0
3139,1769711865.077982,decode,133,795887,0.3388916329572067,802755,132,5907.976944963617,0,1,0,0,0,0.0
3140,1769711865.10072,decode,132,796019,0.3389478390461997,795887,132,5907.976944963617,0,1,0,0,0,0.0
3141,1769711865.1235378,decode,132,796151,0.33900404513519267,796019,132,5907.976944963617,0,1,0,0,0,0.0
3142,1769711865.1463292,decode,132,796283,0.33906025122418565,796151,132,5907.976944963617,0,1,0,0,0,0.0
3143,1769711865.1692047,decode,132,796415,0.33911645731317863,796283,132,5907.976944963617,0,1,0,0,0,0.0
3144,1769711865.192014,decode,132,796547,0.3391726634021716,796415,132,5907.976944963617,0,1,0,0,0,0.0
3145,1769711865.214797,decode,132,796679,0.3392288694911646,796547,132,5907.976944963617,0,1,0,0,0,0.0
3146,1769711865.237651,decode,132,796811,0.3392850755801575,796679,132,5907.976944963617,0,1,0,0,0,0.0
3147,1769711865.260352,decode,132,796943,0.3393412816691505,796811,132,5907.976944963617,0,1,0,0,0,0.0
3148,1769711865.2831957,decode,132,797075,0.3393974877581435,796943,132,5907.976944963617,0,1,0,0,0,0.0
3149,1769711865.3060536,decode,132,797207,0.3394536938471365,797075,132,5907.976944963617,0,1,0,0,0,0.0
3150,1769711865.3288357,decode,132,797339,0.33950989993612946,797207,132,5907.976944963617,0,1,0,0,0,0.0
3151,1769711865.35176,decode,132,797471,0.33956610602512244,797339,132,5907.976944963617,0,1,0,0,0,0.0
3152,1769711865.374531,decode,132,797603,0.33962231211411537,797471,132,5907.976944963617,0,1,0,0,0,0.0
3153,1769711865.3974798,decode,132,797735,0.33967851820310835,797603,132,5907.976944963617,0,1,0,0,0,0.0
3154,1769711865.4205647,decode,132,790867,0.33675409836065573,797735,132,5907.976944963617,0,1,0,0,0,0.0
3155,1769711865.443072,decode,132,790998,0.3368098786459442,797867,131,5907.976944963617,0,1,0,0,0,0.0
3156,1769711865.4656062,decode,131,791129,0.3368656589312327,790998,131,5907.976944963617,0,1,0,0,0,0.0
3157,1769711865.4881196,decode,131,791260,0.3369214392165212,791129,131,5907.976944963617,0,1,0,0,0,0.0
3158,1769711865.5107539,decode,131,791391,0.33697721950180964,791260,131,5907.976944963617,0,1,0,0,0,0.0
3159,1769711865.5333648,decode,131,791522,0.33703299978709816,791391,131,5907.976944963617,0,1,0,0,0,0.0
3160,1769711865.5560327,decode,131,791653,0.33708878007238663,791522,131,5907.976944963617,0,1,0,0,0,0.0
3161,1769711865.5787048,decode,131,791784,0.3371445603576751,791653,131,5907.976944963617,0,1,0,0,0,0.0
3162,1769711865.601407,decode,131,791915,0.3372003406429636,791784,131,5907.976944963617,0,1,0,0,0,0.0
3163,1769711865.6240857,decode,131,792046,0.3372561209282521,791915,131,5907.976944963617,0,1,0,0,0,0.0
3164,1769711865.6467636,decode,131,792177,0.33731190121354054,792046,131,5907.976944963617,0,1,0,0,0,0.0
3165,1769711865.6696002,decode,131,792308,0.33736768149882906,792177,131,5802.604097383735,0,1,0,0,0,0.0
3166,1769711865.6922455,decode,131,792439,0.33742346178411753,792308,131,5802.604097383735,0,1,0,0,0,0.0
3167,1769711865.7150636,decode,131,792570,0.337479242069406,792439,131,5802.604097383735,0,1,0,0,0,0.0
3168,1769711865.7379324,decode,131,792701,0.33753502235469446,792570,131,5802.604097383735,0,1,0,0,0,0.0
3169,1769711865.760628,decode,131,792832,0.337590802639983,792701,131,5802.604097383735,0,1,0,0,0,0.0
3170,1769711865.7832797,decode,131,792963,0.33764658292527144,792832,131,5802.604097383735,0,1,0,0,0,0.0
3171,1769711865.8059928,decode,131,793094,0.3377023632105599,792963,131,5802.604097383735,0,1,0,0,0,0.0
3172,1769711865.8289888,decode,131,786225,0.3347775175644028,793094,131,5802.604097383735,0,1,0,0,0,0.0
3173,1769711865.8513527,decode,131,786355,0.3348328720459868,793225,130,5802.604097383735,0,1,0,0,0,0.0
3174,1769711865.8739996,decode,130,786485,0.3348882265275708,786355,130,5802.604097383735,0,1,0,0,0,0.0
3175,1769711865.896749,decode,130,786615,0.3349435810091548,786485,130,5802.604097383735,0,1,0,0,0,0.0
3176,1769711865.9193962,decode,130,786745,0.3349989354907388,786615,130,5802.604097383735,0,1,0,0,0,0.0
3177,1769711865.9421709,decode,130,786875,0.3350542899723228,786745,130,5802.604097383735,0,1,0,0,0,0.0
3178,1769711865.9648614,decode,130,787005,0.33510964445390673,786875,130,5802.604097383735,0,1,0,0,0,0.0
3179,1769711865.987669,decode,130,787135,0.33516499893549073,787005,130,5802.604097383735,0,1,0,0,0,0.0
3180,1769711866.010404,decode,130,787265,0.33522035341707473,787135,130,5802.604097383735,0,1,0,0,0,0.0
3181,1769711866.0332174,decode,130,787395,0.33527570789865874,787265,130,5802.604097383735,0,1,0,0,0,0.0
3182,1769711866.0561223,decode,130,787525,0.3353310623802427,787395,130,5802.604097383735,0,1,0,0,0,0.0
3183,1769711866.0790212,decode,130,787655,0.3353864168618267,787525,130,5802.604097383735,0,1,0,0,0,0.0
3184,1769711866.1019504,decode,130,787785,0.3354417713434107,787655,130,5802.604097383735,0,1,0,0,0,0.0
3185,1769711866.12488,decode,130,787915,0.3354971258249947,787785,130,5802.604097383735,0,1,0,0,0,0.0
3186,1769711866.1476734,decode,130,788045,0.3355524803065787,787915,130,5802.604097383735,0,1,0,0,0,0.0
3187,1769711866.1707976,decode,130,781175,0.33262720885671704,788045,130,5802.604097383735,0,1,0,0,0,0.0
3188,1769711866.1932685,decode,130,781304,0.3326821375345966,788175,129,5802.604097383735,0,1,0,0,0,0.0
3189,1769711866.2161596,decode,129,781433,0.33273706621247606,781304,129,5802.604097383735,0,1,0,0,0,0.0
3190,1769711866.2389843,decode,129,781562,0.33279199489035555,781433,129,5802.604097383735,0,1,0,0,0,0.0
3191,1769711866.2617874,decode,129,781691,0.33284692356823503,781562,129,5802.604097383735,0,1,0,0,0,0.0
3192,1769711866.2846177,decode,129,781820,0.3329018522461145,781691,129,5802.604097383735,0,1,0,0,0,0.0
3193,1769711866.307448,decode,129,781949,0.33295678092399406,781820,129,5802.604097383735,0,1,0,0,0,0.0
3194,1769711866.3301234,decode,129,782078,0.33301170960187354,781949,129,5802.604097383735,0,1,0,0,0,0.0
3195,1769711866.3528202,decode,129,782207,0.333066638279753,782078,129,5802.604097383735,0,1,0,0,0,0.0
3196,1769711866.3756256,decode,129,782336,0.3331215669576325,782207,129,5802.604097383735,0,1,0,0,0,0.0
3197,1769711866.3983796,decode,129,782465,0.33317649563551205,782336,129,5802.604097383735,0,1,0,0,0,0.0
3198,1769711866.4212692,decode,129,782594,0.33323142431339153,782465,129,5802.604097383735,0,1,0,0,0,0.0
3199,1769711866.4441786,decode,129,782723,0.333286352991271,782594,129,5802.604097383735,0,1,0,0,0,0.0
3200,1769711866.4669242,decode,129,782852,0.3333412816691505,782723,129,5802.604097383735,0,1,0,0,0,0.0
3201,1769711866.4896922,decode,129,782981,0.33339621034703004,782852,129,5802.604097383735,0,1,0,0,0,0.0
3202,1769711866.5123088,decode,129,783110,0.3334511390249095,782981,129,5802.604097383735,0,1,0,0,0,0.0
3203,1769711866.5351396,decode,129,783239,0.333506067702789,783110,129,5802.604097383735,0,1,0,0,0,0.0
3204,1769711866.5581555,decode,129,776368,0.3305803704492229,783239,129,5802.604097383735,0,1,0,0,0,0.0
3205,1769711866.5807843,decode,129,776496,0.3306348733233979,783368,128,5696.894353889025,0,1,0,0,0,0.0
3206,1769711866.6014106,decode,128,776624,0.33068937619757294,776496,128,5696.894353889025,0,1,0,0,0,0.0
3207,1769711866.6221197,decode,128,776752,0.3307438790717479,776624,128,5696.894353889025,0,1,0,0,0,0.0
3208,1769711866.6428735,decode,128,776880,0.3307983819459229,776752,128,5696.894353889025,0,1,0,0,0,0.0
3209,1769711866.663483,decode,128,777008,0.33085288482009795,776880,128,5696.894353889025,0,1,0,0,0,0.0
3210,1769711866.6841083,decode,128,777136,0.3309073876942729,777008,128,5696.894353889025,0,1,0,0,0,0.0
3211,1769711866.704782,decode,128,777264,0.33096189056844794,777136,128,5696.894353889025,0,1,0,0,0,0.0
3212,1769711866.7254193,decode,128,777392,0.33101639344262296,777264,128,5696.894353889025,0,1,0,0,0,0.0
3213,1769711866.7460241,decode,128,777520,0.331070896316798,777392,128,5696.894353889025,0,1,0,0,0,0.0
3214,1769711866.766662,decode,128,777648,0.33112539919097295,777520,128,5696.894353889025,0,1,0,0,0,0.0
3215,1769711866.7875214,decode,128,777776,0.33117990206514797,777648,128,5696.894353889025,0,1,0,0,0,0.0
3216,1769711866.808026,decode,128,777904,0.331234404939323,777776,128,5696.894353889025,0,1,0,0,0,0.0
3217,1769711866.8286743,decode,128,778032,0.33128890781349796,777904,128,5696.894353889025,0,1,0,0,0,0.0
3218,1769711866.8494017,decode,128,778160,0.331343410687673,778032,128,5696.894353889025,0,1,0,0,0,0.0
3219,1769711866.8703763,decode,128,771288,0.3284172876304024,778160,128,5696.894353889025,0,1,0,0,0,0.0
3220,1769711866.8907008,decode,128,771415,0.3284713647008729,778288,127,5696.894353889025,0,1,0,0,0,0.0
3221,1769711866.9113665,decode,127,771542,0.3285254417713434,771415,127,5696.894353889025,0,1,0,0,0,0.0
3222,1769711866.9319391,decode,127,771669,0.3285795188418139,771542,127,5696.894353889025,0,1,0,0,0,0.0
3223,1769711866.9526482,decode,127,771796,0.3286335959122844,771669,127,5696.894353889025,0,1,0,0,0,0.0
3224,1769711866.973383,decode,127,771923,0.328687672982755,771796,127,5696.894353889025,0,1,0,0,0,0.0
3225,1769711866.9941332,decode,127,772050,0.3287417500532255,771923,127,5696.894353889025,0,1,0,0,0,0.0
3226,1769711867.0148249,decode,127,772177,0.328795827123696,772050,127,5696.894353889025,0,1,0,0,0,0.0
3227,1769711867.0356245,decode,127,772304,0.3288499041941665,772177,127,5696.894353889025,0,1,0,0,0,0.0
3228,1769711867.0563185,decode,127,772431,0.328903981264637,772304,127,5696.894353889025,0,1,0,0,0,0.0
3229,1769711867.077143,decode,127,772558,0.3289580583351075,772431,127,5696.894353889025,0,1,0,0,0,0.0
3230,1769711867.097843,decode,127,772685,0.32901213540557805,772558,127,5696.894353889025,0,1,0,0,0,0.0
3231,1769711867.1186404,decode,127,772812,0.32906621247604856,772685,127,5696.894353889025,0,1,0,0,0,0.0
3232,1769711867.139437,decode,127,772939,0.32912028954651906,772812,127,5696.894353889025,0,1,0,0,0,0.0
3233,1769711867.1601622,decode,127,773066,0.32917436661698957,772939,127,5696.894353889025,0,1,0,0,0,0.0
3234,1769711867.1809082,decode,127,773193,0.32922844368746007,773066,127,5696.894353889025,0,1,0,0,0,0.0
3235,1769711867.2016978,decode,127,773320,0.3292825207579306,773193,127,5696.894353889025,0,1,0,0,0,0.0
3236,1769711867.2228827,decode,127,766447,0.3263559718969555,773320,127,5696.894353889025,0,1,0,0,0,0.0
3237,1769711867.2432995,decode,127,766573,0.3264096231637215,773447,126,5696.894353889025,0,1,0,0,0,0.0
3238,1769711867.26406,decode,126,766699,0.32646327443048756,766573,126,5696.894353889025,0,1,0,0,0,0.0
3239,1769711867.284856,decode,126,766825,0.32651692569725355,766699,126,5696.894353889025,0,1,0,0,0,0.0
3240,1769711867.3055248,decode,126,766951,0.3265705769640196,766825,126,5696.894353889025,0,1,0,0,0,0.0
3241,1769711867.3262558,decode,126,767077,0.32662422823078563,766951,126,5696.894353889025,0,1,0,0,0,0.0
3242,1769711867.346979,decode,126,767203,0.3266778794975516,767077,126,5696.894353889025,0,1,0,0,0,0.0
3243,1769711867.367778,decode,126,767329,0.32673153076431766,767203,126,5696.894353889025,0,1,0,0,0,0.0
3244,1769711867.3884952,decode,126,767455,0.32678518203108364,767329,126,5696.894353889025,0,1,0,0,0,0.0
3245,1769711867.4093702,decode,126,767581,0.3268388332978497,767455,126,6139.677687859639,0,1,0,0,0,0.0
3246,1769711867.4300456,decode,126,767707,0.3268924845646157,767581,126,6139.677687859639,0,1,0,0,0,0.0
3247,1769711867.450624,decode,126,767833,0.3269461358313817,767707,126,6139.677687859639,0,1,0,0,0,0.0
3248,1769711867.471288,decode,126,767959,0.32699978709814775,767833,126,6139.677687859639,0,1,0,0,0,0.0
3249,1769711867.4919732,decode,126,768085,0.3270534383649138,767959,126,6139.677687859639,0,1,0,0,0,0.0
3250,1769711867.5126092,decode,126,768211,0.3271070896316798,768085,126,6139.677687859639,0,1,0,0,0,0.0
3251,1769711867.5337903,decode,126,761337,0.3241801149670002,768211,126,6139.677687859639,0,1,0,0,0,0.0
3252,1769711867.5539825,decode,126,761462,0.32423334043006174,768337,125,6139.677687859639,0,1,0,0,0,0.0
3253,1769711867.574722,decode,125,761587,0.32428656589312327,761462,125,6139.677687859639,0,1,0,0,0,0.0
3254,1769711867.5953152,decode,125,761712,0.3243397913561848,761587,125,6139.677687859639,0,1,0,0,0,0.0
3255,1769711867.6159048,decode,125,761837,0.3243930168192463,761712,125,6139.677687859639,0,1,0,0,0,0.0
3256,1769711867.6365106,decode,125,761962,0.32444624228230784,761837,125,6139.677687859639,0,1,0,0,0,0.0
3257,1769711867.657129,decode,125,762087,0.32449946774536936,761962,125,6139.677687859639,0,1,0,0,0,0.0
3258,1769711867.67781,decode,125,762212,0.3245526932084309,762087,125,6139.677687859639,0,1,0,0,0,0.0
3259,1769711867.698429,decode,125,762337,0.32460591867149247,762212,125,6139.677687859639,0,1,0,0,0,0.0
3260,1769711867.7190998,decode,125,762462,0.324659144134554,762337,125,6139.677687859639,0,1,0,0,0,0.0
3261,1769711867.7397654,decode,125,762587,0.3247123695976155,762462,125,6139.677687859639,0,1,0,0,0,0.0
3262,1769711867.7604997,decode,125,762712,0.32476559506067704,762587,125,6139.677687859639,0,1,0,0,0,0.0
3263,1769711867.7812705,decode,125,762837,0.32481882052373856,762712,125,6139.677687859639,0,1,0,0,0,0.0
3264,1769711867.802101,decode,125,762962,0.3248720459868001,762837,125,6139.677687859639,0,1,0,0,0,0.0
3265,1769711867.8228776,decode,125,763087,0.3249252714498616,762962,125,6139.677687859639,0,1,0,0,0,0.0
3266,1769711867.8436968,decode,125,763212,0.32497849691292313,763087,125,6139.677687859639,0,1,0,0,0,0.0
3267,1769711867.864849,decode,125,756337,0.32205109644453905,763212,125,6139.677687859639,0,1,0,0,0,0.0
3268,1769711867.885386,decode,125,756461,0.3221038961038961,763337,124,6139.677687859639,0,1,0,0,0,0.0
3269,1769711867.906083,decode,124,756585,0.3221566957632531,756461,124,6139.677687859639,0,1,0,0,0,0.0
3270,1769711867.9267943,decode,124,756709,0.3222094954226102,756585,124,6139.677687859639,0,1,0,0,0,0.0
3271,1769711867.947627,decode,124,756833,0.3222622950819672,756709,124,6139.677687859639,0,1,0,0,0,0.0
3272,1769711867.9683511,decode,124,756957,0.32231509474132425,756833,124,6139.677687859639,0,1,0,0,0,0.0
3273,1769711867.9891882,decode,124,757081,0.3223678944006813,756957,124,6139.677687859639,0,1,0,0,0,0.0
3274,1769711868.0099063,decode,124,757205,0.3224206940600383,757081,124,6139.677687859639,0,1,0,0,0,0.0
3275,1769711868.0307136,decode,124,757329,0.3224734937193954,757205,124,6139.677687859639,0,1,0,0,0,0.0
3276,1769711868.0513084,decode,124,757453,0.3225262933787524,757329,124,6139.677687859639,0,1,0,0,0,0.0
3277,1769711868.0720286,decode,124,757577,0.32257909303810944,757453,124,6139.677687859639,0,1,0,0,0,0.0
3278,1769711868.092646,decode,124,757701,0.32263189269746645,757577,124,6139.677687859639,0,1,0,0,0,0.0
3279,1769711868.1133811,decode,124,757825,0.3226846923568235,757701,124,6139.677687859639,0,1,0,0,0,0.0
3280,1769711868.133977,decode,124,757949,0.3227374920161805,757825,124,6139.677687859639,0,1,0,0,0,0.0
3281,1769711868.1546907,decode,124,758073,0.3227902916755376,757949,124,6139.677687859639,0,1,0,0,0,0.0
3282,1769711868.175762,decode,124,751197,0.31986246540344904,758073,124,6139.677687859639,0,1,0,0,0,0.0
3283,1769711868.1960611,decode,124,751320,0.3199148392591016,758197,123,6139.677687859639,0,1,0,0,0,0.0
3284,1769711868.2166882,decode,123,751443,0.3199672131147541,751320,123,6139.677687859639,0,1,0,0,0,0.0
3285,1769711868.23745,decode,123,751566,0.32001958697040667,751443,123,6023.362728412584,0,1,0,0,0,0.0
3286,1769711868.2579572,decode,123,751689,0.3200719608260592,751566,123,6023.362728412584,0,1,0,0,0,0.0
3287,1769711868.2785451,decode,123,751812,0.32012433468171175,751689,123,6023.362728412584,0,1,0,0,0,0.0
3288,1769711868.2991905,decode,123,751935,0.3201767085373643,751812,123,6023.362728412584,0,1,0,0,0,0.0
3289,1769711868.3198621,decode,123,752058,0.32022908239301684,751935,123,6023.362728412584,0,1,0,0,0,0.0
3290,1769711868.3404663,decode,123,752181,0.3202814562486694,752058,123,6023.362728412584,0,1,0,0,0,0.0
3291,1769711868.361143,decode,123,752304,0.3203338301043219,752181,123,6023.362728412584,0,1,0,0,0,0.0
3292,1769711868.3817127,decode,123,752427,0.32038620395997447,752304,123,6023.362728412584,0,1,0,0,0,0.0
3293,1769711868.402428,decode,123,752550,0.320438577815627,752427,123,6023.362728412584,0,1,0,0,0,0.0
3294,1769711868.4230652,decode,123,752673,0.32049095167127956,752550,123,6023.362728412584,0,1,0,0,0,0.0
3295,1769711868.4436653,decode,123,752796,0.3205433255269321,752673,123,6023.362728412584,0,1,0,0,0,0.0
3296,1769711868.464362,decode,123,752919,0.32059569938258464,752796,123,6023.362728412584,0,1,0,0,0,0.0
3297,1769711868.4849849,decode,123,753042,0.3206480732382372,752919,123,6023.362728412584,0,1,0,0,0,0.0
3298,1769711868.5059803,decode,123,746165,0.3177198211624441,753042,123,6023.362728412584,0,1,0,0,0,0.0
3299,1769711868.526359,decode,123,746287,0.31777176921439215,753165,122,6023.362728412584,0,1,0,0,0,0.0
3300,1769711868.5469067,decode,122,746409,0.31782371726634023,746287,122,6023.362728412584,0,1,0,0,0,0.0
3301,1769711868.5675704,decode,122,746531,0.31787566531828826,746409,122,6023.362728412584,0,1,0,0,0,0.0
3302,1769711868.5880888,decode,122,746653,0.31792761337023634,746531,122,6023.362728412584,0,1,0,0,0,0.0
3303,1769711868.6088076,decode,122,746775,0.31797956142218436,746653,122,6023.362728412584,0,1,0,0,0,0.0
3304,1769711868.6293368,decode,122,746897,0.31803150947413245,746775,122,6023.362728412584,0,1,0,0,0,0.0
3305,1769711868.6498961,decode,122,747019,0.31808345752608047,746897,122,6023.362728412584,0,1,0,0,0,0.0
3306,1769711868.670497,decode,122,747141,0.31813540557802855,747019,122,6023.362728412584,0,1,0,0,0,0.0
3307,1769711868.691072,decode,122,747263,0.3181873536299766,747141,122,6023.362728412584,0,1,0,0,0,0.0
3308,1769711868.7116861,decode,122,747385,0.31823930168192466,747263,122,6023.362728412584,0,1,0,0,0,0.0
3309,1769711868.7322814,decode,122,747507,0.3182912497338727,747385,122,6023.362728412584,0,1,0,0,0,0.0
3310,1769711868.7529688,decode,122,747629,0.31834319778582076,747507,122,6023.362728412584,0,1,0,0,0,0.0
3311,1769711868.7739625,decode,122,740751,0.3154145199063232,747629,122,6023.362728412584,0,1,0,0,0,0.0
3312,1769711868.7943687,decode,122,740872,0.31546604215456675,747751,121,6023.362728412584,0,1,0,0,0,0.0
3313,1769711868.8150148,decode,121,740993,0.3155175644028103,740872,121,6023.362728412584,0,1,0,0,0,0.0
3314,1769711868.8355277,decode,121,741114,0.3155690866510539,740993,121,6023.362728412584,0,1,0,0,0,0.0
3315,1769711868.8564878,decode,121,741235,0.31562060889929744,741114,121,6023.362728412584,0,1,0,0,0,0.0
3316,1769711868.877041,decode,121,741356,0.315672131147541,741235,121,6023.362728412584,0,1,0,0,0,0.0
3317,1769711868.8975947,decode,121,741477,0.31572365339578456,741356,121,6023.362728412584,0,1,0,0,0,0.0
3318,1769711868.9182136,decode,121,741598,0.3157751756440281,741477,121,6023.362728412584,0,1,0,0,0,0.0
3319,1769711868.9386396,decode,121,741719,0.31582669789227164,741598,121,6023.362728412584,0,1,0,0,0,0.0
3320,1769711868.9591885,decode,121,741840,0.3158782201405152,741719,121,6023.362728412584,0,1,0,0,0,0.0
3321,1769711868.979762,decode,121,741961,0.31592974238875876,741840,121,6023.362728412584,0,1,0,0,0,0.0
3322,1769711869.000266,decode,121,742082,0.3159812646370023,741961,121,6023.362728412584,0,1,0,0,0,0.0
3323,1769711869.020835,decode,121,742203,0.3160327868852459,742082,121,6023.362728412584,0,1,0,0,0,0.0
3324,1769711869.0413973,decode,121,742324,0.31608430913348945,742203,121,6023.362728412584,0,1,0,0,0,0.0
3325,1769711869.062118,decode,121,742445,0.316135831381733,742324,121,5918.751518982872,0,1,0,0,0,0.0
3326,1769711869.0825055,decode,121,742566,0.3161873536299766,742445,121,5918.751518982872,0,1,0,0,0,0.0
3327,1769711869.1031044,decode,121,742687,0.31623887587822014,742566,121,5918.751518982872,0,1,0,0,0,0.0
3328,1769711869.1239831,decode,121,735808,0.3133097721950181,742687,121,5918.751518982872,0,1,0,0,0,0.0
3329,1769711869.1442752,decode,121,735928,0.31336086863955714,742808,120,5918.751518982872,0,1,0,0,0,0.0
3330,1769711869.1646993,decode,120,736048,0.31341196508409624,735928,120,5918.751518982872,0,1,0,0,0,0.0
3331,1769711869.185073,decode,120,736168,0.3134630615286353,736048,120,5918.751518982872,0,1,0,0,0,0.0
3332,1769711869.2055216,decode,120,736288,0.3135141579731744,736168,120,5918.751518982872,0,1,0,0,0,0.0
3333,1769711869.2259064,decode,120,736408,0.31356525441771343,736288,120,5918.751518982872,0,1,0,0,0,0.0
3334,1769711869.2463393,decode,120,736528,0.3136163508622525,736408,120,5918.751518982872,0,1,0,0,0,0.0
3335,1769711869.2667832,decode,120,736648,0.3136674473067916,736528,120,5918.751518982872,0,1,0,0,0,0.0
3336,1769711869.2872164,decode,120,736768,0.3137185437513306,736648,120,5918.751518982872,0,1,0,0,0,0.0
3337,1769711869.307616,decode,120,736888,0.3137696401958697,736768,120,5918.751518982872,0,1,0,0,0,0.0
3338,1769711869.328087,decode,120,737008,0.31382073664040877,736888,120,5918.751518982872,0,1,0,0,0,0.0
3339,1769711869.348553,decode,120,737128,0.3138718330849478,737008,120,5918.751518982872,0,1,0,0,0,0.0
3340,1769711869.3689094,decode,120,737248,0.3139229295294869,737128,120,5918.751518982872,0,1,0,0,0,0.0
3341,1769711869.3893433,decode,120,737368,0.31397402597402596,737248,120,5918.751518982872,0,1,0,0,0,0.0
3342,1769711869.4101043,decode,120,730488,0.31104449648711946,737368,120,5918.751518982872,0,1,0,0,0,0.0
3343,1769711869.4302657,decode,120,730607,0.311095167127954,737488,119,5918.751518982872,0,1,0,0,0,0.0
3344,1769711869.4505808,decode,119,730726,0.31114583776878857,730607,119,5918.751518982872,0,1,0,0,0,0.0
3345,1769711869.4707742,decode,119,730845,0.31119650840962315,730726,119,5918.751518982872,0,1,0,0,0,0.0
3346,1769711869.4912407,decode,119,730964,0.31124717905045773,730845,119,5918.751518982872,0,1,0,0,0,0.0
3347,1769711869.5114915,decode,119,731083,0.3112978496912923,730964,119,5918.751518982872,0,1,0,0,0,0.0
3348,1769711869.531844,decode,119,731202,0.3113485203321269,731083,119,5918.751518982872,0,1,0,0,0,0.0
3349,1769711869.5522456,decode,119,731321,0.3113991909729615,731202,119,5918.751518982872,0,1,0,0,0,0.0
3350,1769711869.5725913,decode,119,731440,0.31144986161379606,731321,119,5918.751518982872,0,1,0,0,0,0.0
3351,1769711869.5930316,decode,119,731559,0.3115005322546306,731440,119,5918.751518982872,0,1,0,0,0,0.0
3352,1769711869.6133356,decode,119,731678,0.3115512028954652,731559,119,5918.751518982872,0,1,0,0,0,0.0
3353,1769711869.6337845,decode,119,731797,0.31160187353629976,731678,119,5918.751518982872,0,1,0,0,0,0.0
3354,1769711869.6541128,decode,119,731916,0.31165254417713434,731797,119,5918.751518982872,0,1,0,0,0,0.0
3355,1769711869.6744492,decode,119,732035,0.3117032148179689,731916,119,5918.751518982872,0,1,0,0,0,0.0
3356,1769711869.6947927,decode,119,732154,0.3117538854588035,732035,119,5918.751518982872,0,1,0,0,0,0.0
3357,1769711869.7152126,decode,119,732273,0.3118045560996381,732154,119,5918.751518982872,0,1,0,0,0,0.0
3358,1769711869.735906,decode,119,725392,0.308874600809027,732273,119,5918.751518982872,0,1,0,0,0,0.0
3359,1769711869.7560134,decode,119,725510,0.30892484564615713,732392,118,5918.751518982872,0,1,0,0,0,0.0
3360,1769711869.776233,decode,118,725628,0.3089750904832872,725510,118,5918.751518982872,0,1,0,0,0,0.0
3361,1769711869.7964752,decode,118,725746,0.30902533532041726,725628,118,5918.751518982872,0,1,0,0,0,0.0
3362,1769711869.816825,decode,118,725864,0.3090755801575474,725746,118,5918.751518982872,0,1,0,0,0,0.0
3363,1769711869.8370652,decode,118,725982,0.30912582499467745,725864,118,5918.751518982872,0,1,0,0,0,0.0
3364,1769711869.8573833,decode,118,726100,0.3091760698318075,725982,118,5918.751518982872,0,1,0,0,0,0.0
3365,1769711869.8778565,decode,118,726218,0.30922631466893763,726100,118,5854.819347256585,0,1,0,0,0,0.0
3366,1769711869.8980978,decode,118,726336,0.3092765595060677,726218,118,5854.819347256585,0,1,0,0,0,0.0
3367,1769711869.918487,decode,118,726454,0.30932680434319776,726336,118,5854.819347256585,0,1,0,0,0,0.0
3368,1769711869.9389317,decode,118,726572,0.3093770491803279,726454,118,5854.819347256585,0,1,0,0,0,0.0
3369,1769711869.9591687,decode,118,726690,0.30942729401745794,726572,118,5854.819347256585,0,1,0,0,0,0.0
3370,1769711869.9794939,decode,118,726808,0.309477538854588,726690,118,5854.819347256585,0,1,0,0,0,0.0
3371,1769711870.0001624,decode,118,719926,0.3065471577602725,726808,118,5854.819347256585,0,1,0,0,0,0.0
3372,1769711870.02016,decode,118,720043,0.30659697679369813,726926,117,5854.819347256585,0,1,0,0,0,0.0
3373,1769711870.040467,decode,117,720160,0.3066467958271237,720043,117,5854.819347256585,0,1,0,0,0,0.0
3374,1769711870.0607443,decode,117,720277,0.3066966148605493,720160,117,5854.819347256585,0,1,0,0,0,0.0
3375,1769711870.081053,decode,117,720394,0.3067464338939749,720277,117,5854.819347256585,0,1,0,0,0,0.0
3376,1769711870.101284,decode,117,720511,0.3067962529274005,720394,117,5854.819347256585,0,1,0,0,0,0.0
3377,1769711870.1216705,decode,117,720628,0.3068460719608261,720511,117,5854.819347256585,0,1,0,0,0,0.0
3378,1769711870.1418762,decode,117,720745,0.30689589099425163,720628,117,5854.819347256585,0,1,0,0,0,0.0
3379,1769711870.1622615,decode,117,720862,0.30694571002767723,720745,117,5854.819347256585,0,1,0,0,0,0.0
3380,1769711870.1826785,decode,117,720979,0.30699552906110283,720862,117,5854.819347256585,0,1,0,0,0,0.0
3381,1769711870.2033205,decode,117,721096,0.30704534809452844,720979,117,5854.819347256585,0,1,0,0,0,0.0
3382,1769711870.2239091,decode,117,721213,0.30709516712795404,721096,117,5854.819347256585,0,1,0,0,0,0.0
3383,1769711870.2443874,decode,117,721330,0.3071449861613796,721213,117,5854.819347256585,0,1,0,0,0,0.0
3384,1769711870.2649653,decode,117,721447,0.3071948051948052,721330,117,5854.819347256585,0,1,0,0,0,0.0
3385,1769711870.2855678,decode,117,721564,0.3072446242282308,721447,117,5854.819347256585,0,1,0,0,0,0.0
3386,1769711870.3061185,decode,117,721681,0.3072944432616564,721564,117,5854.819347256585,0,1,0,0,0,0.0
3387,1769711870.3265119,decode,117,721798,0.307344262295082,721681,117,5854.819347256585,0,1,0,0,0,0.0
3388,1769711870.3473306,decode,117,714915,0.30441345539706194,721798,117,5854.819347256585,0,1,0,0,0,0.0
3389,1769711870.3674886,decode,117,715031,0.3044628486267831,721915,116,5854.819347256585,0,1,0,0,0,0.0
3390,1769711870.3877532,decode,116,715147,0.30451224185650416,715031,116,5854.819347256585,0,1,0,0,0,0.0
3391,1769711870.4079537,decode,116,715263,0.30456163508622525,715147,116,5854.819347256585,0,1,0,0,0,0.0
3392,1769711870.428124,decode,116,715379,0.30461102831594633,715263,116,5854.819347256585,0,1,0,0,0,0.0
3393,1769711870.4486122,decode,116,715495,0.30466042154566747,715379,116,5854.819347256585,0,1,0,0,0,0.0
3394,1769711870.4688344,decode,116,715611,0.30470981477538855,715495,116,5854.819347256585,0,1,0,0,0,0.0
3395,1769711870.4895785,decode,116,715727,0.30475920800510964,715611,116,5854.819347256585,0,1,0,0,0,0.0
3396,1769711870.5098422,decode,116,715843,0.3048086012348307,715727,116,5854.819347256585,0,1,0,0,0,0.0
3397,1769711870.5300722,decode,116,715959,0.30485799446455186,715843,116,5854.819347256585,0,1,0,0,0,0.0
3398,1769711870.5503876,decode,116,716075,0.30490738769427295,715959,116,5854.819347256585,0,1,0,0,0,0.0
3399,1769711870.570884,decode,116,716191,0.30495678092399403,716075,116,5854.819347256585,0,1,0,0,0,0.0
3400,1769711870.5910845,decode,116,716307,0.3050061741537151,716191,116,5854.819347256585,0,1,0,0,0,0.0
3401,1769711870.6115584,decode,116,716423,0.30505556738343625,716307,116,5854.819347256585,0,1,0,0,0,0.0
3402,1769711870.6318471,decode,116,716539,0.30510496061315734,716423,116,5854.819347256585,0,1,0,0,0,0.0
3403,1769711870.6530638,decode,116,709655,0.3021737279114328,716539,116,5854.819347256585,0,1,0,0,0,0.0
3404,1769711870.6727977,decode,116,709770,0.30222269533744944,716655,115,5854.819347256585,0,1,0,0,0,0.0
3405,1769711870.6932054,decode,115,709885,0.30227166276346606,709770,115,5727.586098722908,0,1,0,0,0,0.0
3406,1769711870.7132938,decode,115,710000,0.30232063018948263,709885,115,5727.586098722908,0,1,0,0,0,0.0
3407,1769711870.7335541,decode,115,710115,0.30236959761549925,710000,115,5727.586098722908,0,1,0,0,0,0.0
3408,1769711870.753906,decode,115,710230,0.3024185650415159,710115,115,5727.586098722908,0,1,0,0,0,0.0
3409,1769711870.774128,decode,115,710345,0.30246753246753244,710230,115,5727.586098722908,0,1,0,0,0,0.0
3410,1769711870.7944536,decode,115,710460,0.30251649989354906,710345,115,5727.586098722908,0,1,0,0,0,0.0
3411,1769711870.814631,decode,115,710575,0.3025654673195657,710460,115,5727.586098722908,0,1,0,0,0,0.0
3412,1769711870.834947,decode,115,710690,0.3026144347455823,710575,115,5727.586098722908,0,1,0,0,0,0.0
3413,1769711870.8551404,decode,115,710805,0.30266340217159887,710690,115,5727.586098722908,0,1,0,0,0,0.0
3414,1769711870.8754718,decode,115,710920,0.3027123695976155,710805,115,5727.586098722908,0,1,0,0,0,0.0
3415,1769711870.8955894,decode,115,711035,0.3027613370236321,710920,115,5727.586098722908,0,1,0,0,0,0.0
3416,1769711870.9157696,decode,115,711150,0.30281030444964874,711035,115,5727.586098722908,0,1,0,0,0,0.0
3417,1769711870.9360828,decode,115,711265,0.3028592718756653,711150,115,5727.586098722908,0,1,0,0,0,0.0
3418,1769711870.956792,decode,115,704380,0.2999276133702363,711265,115,5727.586098722908,0,1,0,0,0,0.0
3419,1769711870.9765074,decode,115,704494,0.2999761549925484,711380,114,5727.586098722908,0,1,0,0,0,0.0
3420,1769711870.996652,decode,114,704608,0.30002469661486053,704494,114,5727.586098722908,0,1,0,0,0,0.0
3421,1769711871.016812,decode,114,704722,0.3000732382371727,704608,114,5727.586098722908,0,1,0,0,0,0.0
3422,1769711871.0368285,decode,114,704836,0.3001217798594848,704722,114,5727.586098722908,0,1,0,0,0,0.0
3423,1769711871.0568168,decode,114,704950,0.3001703214817969,704836,114,5727.586098722908,0,1,0,0,0,0.0
3424,1769711871.0768993,decode,114,705064,0.300218863104109,704950,114,5727.586098722908,0,1,0,0,0,0.0
3425,1769711871.0969172,decode,114,705178,0.3002674047264211,705064,114,5727.586098722908,0,1,0,0,0,0.0
3426,1769711871.1169987,decode,114,705292,0.3003159463487332,705178,114,5727.586098722908,0,1,0,0,0,0.0
3427,1769711871.1372313,decode,114,705406,0.30036448797104537,705292,114,5727.586098722908,0,1,0,0,0,0.0
3428,1769711871.1572802,decode,114,705520,0.3004130295933575,705406,114,5727.586098722908,0,1,0,0,0,0.0
3429,1769711871.177504,decode,114,705634,0.3004615712156696,705520,114,5727.586098722908,0,1,0,0,0,0.0
3430,1769711871.1976385,decode,114,705748,0.3005101128379817,705634,114,5727.586098722908,0,1,0,0,0,0.0
3431,1769711871.2178164,decode,114,705862,0.3005586544602938,705748,114,5727.586098722908,0,1,0,0,0,0.0
3432,1769711871.2382514,decode,114,698976,0.29762657015116034,705862,114,5727.586098722908,0,1,0,0,0,0.0
3433,1769711871.2580583,decode,114,699089,0.2976746859697679,705976,113,5727.586098722908,0,1,0,0,0,0.0
3434,1769711871.2782695,decode,113,699202,0.29772280178837557,699089,113,5727.586098722908,0,1,0,0,0,0.0
3435,1769711871.2980454,decode,113,699315,0.29777091760698315,699202,113,5727.586098722908,0,1,0,0,0,0.0
3436,1769711871.317973,decode,113,699428,0.2978190334255908,699315,113,5727.586098722908,0,1,0,0,0,0.0
3437,1769711871.3378751,decode,113,699541,0.29786714924419844,699428,113,5727.586098722908,0,1,0,0,0,0.0
3438,1769711871.358067,decode,113,699654,0.297915265062806,699541,113,5727.586098722908,0,1,0,0,0,0.0
3439,1769711871.3781476,decode,113,699767,0.29796338088141366,699654,113,5727.586098722908,0,1,0,0,0,0.0
3440,1769711871.3983262,decode,113,699880,0.2980114967000213,699767,113,5727.586098722908,0,1,0,0,0,0.0
3441,1769711871.4181783,decode,113,699993,0.2980596125186289,699880,113,5727.586098722908,0,1,0,0,0,0.0
3442,1769711871.4379172,decode,113,700106,0.29810772833723653,699993,113,5727.586098722908,0,1,0,0,0,0.0
3443,1769711871.4581308,decode,113,700219,0.2981558441558442,700106,113,5727.586098722908,0,1,0,0,0,0.0
3444,1769711871.4780846,decode,113,700332,0.29820395997445176,700219,113,5727.586098722908,0,1,0,0,0,0.0
3445,1769711871.4982388,decode,113,700445,0.2982520757930594,700332,113,5667.145302223183,0,1,0,0,0,0.0
3446,1769711871.5181406,decode,113,700558,0.29830019161166704,700445,113,5667.145302223183,0,1,0,0,0,0.0
3447,1769711871.5379725,decode,113,700671,0.29834830743027463,700558,113,5667.145302223183,0,1,0,0,0,0.0
3448,1769711871.5584338,decode,113,693784,0.29541579731743667,700671,113,5667.145302223183,0,1,0,0,0,0.0
3449,1769711871.57787,decode,113,693896,0.2954634873323398,700784,112,5667.145302223183,0,1,0,0,0,0.0
3450,1769711871.5974114,decode,112,694008,0.2955111773472429,693896,112,5667.145302223183,0,1,0,0,0,0.0
3451,1769711871.6172345,decode,112,694120,0.29555886736214604,694008,112,5667.145302223183,0,1,0,0,0,0.0
3452,1769711871.6370041,decode,112,694232,0.29560655737704916,694120,112,5667.145302223183,0,1,0,0,0,0.0
3453,1769711871.656831,decode,112,694344,0.2956542473919523,694232,112,5667.145302223183,0,1,0,0,0,0.0
3454,1769711871.6766303,decode,112,694456,0.29570193740685546,694344,112,5667.145302223183,0,1,0,0,0,0.0
3455,1769711871.6965048,decode,112,694568,0.2957496274217586,694456,112,5667.145302223183,0,1,0,0,0,0.0
3456,1769711871.7163458,decode,112,694680,0.2957973174366617,694568,112,5667.145302223183,0,1,0,0,0,0.0
3457,1769711871.7364247,decode,112,694792,0.29584500745156483,694680,112,5667.145302223183,0,1,0,0,0,0.0
3458,1769711871.7563522,decode,112,694904,0.29589269746646796,694792,112,5667.145302223183,0,1,0,0,0,0.0
3459,1769711871.7762282,decode,112,695016,0.2959403874813711,694904,112,5667.145302223183,0,1,0,0,0,0.0
3460,1769711871.7960439,decode,112,695128,0.2959880774962742,695016,112,5667.145302223183,0,1,0,0,0,0.0
3461,1769711871.8159382,decode,112,695240,0.29603576751117733,695128,112,5667.145302223183,0,1,0,0,0,0.0
3462,1769711871.8363905,decode,112,688352,0.29310283159463485,695240,112,5667.145302223183,0,1,0,0,0,0.0
3463,1769711871.8558877,decode,112,688463,0.2931500958058335,695352,111,5667.145302223183,0,1,0,0,0,0.0
3464,1769711871.875602,decode,111,688574,0.29319736001703217,688463,111,5667.145302223183,0,1,0,0,0,0.0
3465,1769711871.8952837,decode,111,688685,0.2932446242282308,688574,111,5667.145302223183,0,1,0,0,0,0.0
3466,1769711871.9149852,decode,111,688796,0.29329188843942944,688685,111,5667.145302223183,0,1,0,0,0,0.0
3467,1769711871.934743,decode,111,688907,0.29333915265062804,688796,111,5667.145302223183,0,1,0,0,0,0.0
3468,1769711871.9544318,decode,111,689018,0.2933864168618267,688907,111,5667.145302223183,0,1,0,0,0,0.0
3469,1769711871.9740486,decode,111,689129,0.2934336810730253,689018,111,5667.145302223183,0,1,0,0,0,0.0
3470,1769711871.993702,decode,111,689240,0.29348094528422397,689129,111,5667.145302223183,0,1,0,0,0,0.0
3471,1769711872.0133598,decode,111,689351,0.29352820949542263,689240,111,5667.145302223183,0,1,0,0,0,0.0
3472,1769711872.0333529,decode,111,689462,0.29357547370662124,689351,111,5667.145302223183,0,1,0,0,0,0.0
3473,1769711872.0531409,decode,111,689573,0.2936227379178199,689462,111,5667.145302223183,0,1,0,0,0,0.0
3474,1769711872.0728724,decode,111,689684,0.2936700021290185,689573,111,5667.145302223183,0,1,0,0,0,0.0
3475,1769711872.0929005,decode,111,682795,0.29073664040877156,689684,111,5667.145302223183,0,1,0,0,0,0.0
3476,1769711872.1122484,decode,111,682905,0.2907834788162657,689795,110,5667.145302223183,0,1,0,0,0,0.0
3477,1769711872.1318495,decode,110,683015,0.29083031722375985,682905,110,5667.145302223183,0,1,0,0,0,0.0
3478,1769711872.1513255,decode,110,683125,0.290877155631254,683015,110,5667.145302223183,0,1,0,0,0,0.0
3479,1769711872.1710193,decode,110,683235,0.29092399403874813,683125,110,5667.145302223183,0,1,0,0,0,0.0
3480,1769711872.1905694,decode,110,683345,0.2909708324462423,683235,110,5667.145302223183,0,1,0,0,0,0.0
3481,1769711872.2101753,decode,110,683455,0.2910176708537364,683345,110,5667.145302223183,0,1,0,0,0,0.0
3482,1769711872.2297282,decode,110,683565,0.29106450926123056,683455,110,5667.145302223183,0,1,0,0,0,0.0
3483,1769711872.2492254,decode,110,683675,0.2911113476687247,683565,110,5667.145302223183,0,1,0,0,0,0.0
3484,1769711872.2687924,decode,110,683785,0.29115818607621885,683675,110,5667.145302223183,0,1,0,0,0,0.0
3485,1769711872.2885325,decode,110,683895,0.291205024483713,683785,110,5635.001312804741,0,1,0,0,0,0.0
3486,1769711872.3078032,decode,110,684005,0.29125186289120714,683895,110,5635.001312804741,0,1,0,0,0,0.0
3487,1769711872.3272994,decode,110,684115,0.2912987012987013,684005,110,5635.001312804741,0,1,0,0,0,0.0
3488,1769711872.346819,decode,110,684225,0.2913455397061954,684115,110,5635.001312804741,0,1,0,0,0,0.0
3489,1769711872.3664489,decode,110,684335,0.29139237811368957,684225,110,5635.001312804741,0,1,0,0,0,0.0
3490,1769711872.386393,decode,110,677445,0.2884585905897381,684335,110,5635.001312804741,0,1,0,0,0,0.0
3491,1769711872.4057188,decode,110,677554,0.2885050031935278,684445,109,5635.001312804741,0,1,0,0,0,0.0
3492,1769711872.4252687,decode,109,677663,0.2885514157973174,677554,109,5635.001312804741,0,1,0,0,0,0.0
3493,1769711872.4449277,decode,109,677772,0.2885978284011071,677663,109,5635.001312804741,0,1,0,0,0,0.0
3494,1769711872.4645584,decode,109,677881,0.2886442410048967,677772,109,5635.001312804741,0,1,0,0,0,0.0
3495,1769711872.4840806,decode,109,677990,0.2886906536086864,677881,109,5635.001312804741,0,1,0,0,0,0.0
3496,1769711872.503722,decode,109,678099,0.288737066212476,677990,109,5635.001312804741,0,1,0,0,0,0.0
3497,1769711872.5232456,decode,109,678208,0.2887834788162657,678099,109,5635.001312804741,0,1,0,0,0,0.0
3498,1769711872.542743,decode,109,678317,0.28882989142005533,678208,109,5635.001312804741,0,1,0,0,0,0.0
3499,1769711872.5623388,decode,109,678426,0.288876304023845,678317,109,5635.001312804741,0,1,0,0,0,0.0
3500,1769711872.5818229,decode,109,678535,0.28892271662763463,678426,109,5635.001312804741,0,1,0,0,0,0.0
3501,1769711872.6014175,decode,109,678644,0.2889691292314243,678535,109,5635.001312804741,0,1,0,0,0,0.0
3502,1769711872.6208925,decode,109,678753,0.28901554183521394,678644,109,5635.001312804741,0,1,0,0,0,0.0
3503,1769711872.6408792,decode,109,671862,0.286081328507558,678753,109,5635.001312804741,0,1,0,0,0,0.0
3504,1769711872.660001,decode,109,671970,0.2861273153076432,678862,108,5635.001312804741,0,1,0,0,0,0.0
3505,1769711872.6773245,decode,108,672078,0.28617330210772834,671970,108,5635.001312804741,0,1,0,0,0,0.0
3506,1769711872.6947904,decode,108,672186,0.2862192889078135,672078,108,5635.001312804741,0,1,0,0,0,0.0
3507,1769711872.7122865,decode,108,672294,0.28626527570789867,672186,108,5635.001312804741,0,1,0,0,0,0.0
3508,1769711872.729961,decode,108,672402,0.28631126250798383,672294,108,5635.001312804741,0,1,0,0,0,0.0
3509,1769711872.7477527,decode,108,672510,0.286357249308069,672402,108,5635.001312804741,0,1,0,0,0,0.0
3510,1769711872.765549,decode,108,672618,0.28640323610815416,672510,108,5635.001312804741,0,1,0,0,0,0.0
3511,1769711872.7834284,decode,108,672726,0.2864492229082393,672618,108,5635.001312804741,0,1,0,0,0,0.0
3512,1769711872.801218,decode,108,672834,0.2864952097083245,672726,108,5635.001312804741,0,1,0,0,0,0.0
3513,1769711872.8190188,decode,108,672942,0.28654119650840965,672834,108,5635.001312804741,0,1,0,0,0,0.0
3514,1769711872.8368297,decode,108,673050,0.2865871833084948,672942,108,5635.001312804741,0,1,0,0,0,0.0
3515,1769711872.8544924,decode,108,673158,0.28663317010857997,673050,108,5635.001312804741,0,1,0,0,0,0.0
3516,1769711872.872163,decode,108,673266,0.2866791569086651,673158,108,5635.001312804741,0,1,0,0,0,0.0
3517,1769711872.8898716,decode,108,673374,0.28672514370875024,673266,108,5635.001312804741,0,1,0,0,0,0.0
3518,1769711872.908009,decode,108,666482,0.2837905045773898,673374,108,5635.001312804741,0,1,0,0,0,0.0
3519,1769711872.9254603,decode,108,666589,0.2838360655737705,673482,107,5635.001312804741,0,1,0,0,0,0.0
3520,1769711872.943103,decode,107,666696,0.28388162657015115,666589,107,5635.001312804741,0,1,0,0,0,0.0
3521,1769711872.960763,decode,107,666803,0.28392718756653185,666696,107,5635.001312804741,0,1,0,0,0,0.0
3522,1769711872.9783914,decode,107,666910,0.2839727485629125,666803,107,5635.001312804741,0,1,0,0,0,0.0
3523,1769711872.9959967,decode,107,667017,0.2840183095592932,666910,107,5635.001312804741,0,1,0,0,0,0.0
3524,1769711873.0135732,decode,107,667124,0.28406387055567384,667017,107,5635.001312804741,0,1,0,0,0,0.0
3525,1769711873.0313625,decode,107,667231,0.2841094315520545,667124,107,5840.4906141875745,0,1,0,0,0,0.0
3526,1769711873.04882,decode,107,667338,0.2841549925484352,667231,107,5840.4906141875745,0,1,0,0,0,0.0
3527,1769711873.0665584,decode,107,667445,0.2842005535448158,667338,107,5840.4906141875745,0,1,0,0,0,0.0
3528,1769711873.0841272,decode,107,667552,0.2842461145411965,667445,107,5840.4906141875745,0,1,0,0,0,0.0
3529,1769711873.1018913,decode,107,667659,0.28429167553757717,667552,107,5840.4906141875745,0,1,0,0,0,0.0
3530,1769711873.119533,decode,107,667766,0.28433723653395787,667659,107,5840.4906141875745,0,1,0,0,0,0.0
3531,1769711873.137636,decode,107,660873,0.2814021715988929,667766,107,5840.4906141875745,0,1,0,0,0,0.0
3532,1769711873.154948,decode,107,660979,0.2814473067915691,667873,106,5840.4906141875745,0,1,0,0,0,0.0
3533,1769711873.1724982,decode,106,661085,0.2814924419842453,660979,106,5840.4906141875745,0,1,0,0,0,0.0
3534,1769711873.190056,decode,106,661191,0.28153757717692146,661085,106,5840.4906141875745,0,1,0,0,0,0.0
3535,1769711873.2076776,decode,106,661297,0.28158271236959764,661191,106,5840.4906141875745,0,1,0,0,0,0.0
3536,1769711873.2252522,decode,106,661403,0.28162784756227377,661297,106,5840.4906141875745,0,1,0,0,0,0.0
3537,1769711873.24281,decode,106,661509,0.28167298275494995,661403,106,5840.4906141875745,0,1,0,0,0,0.0
3538,1769711873.2604172,decode,106,661615,0.28171811794762613,661509,106,5840.4906141875745,0,1,0,0,0,0.0
3539,1769711873.2779582,decode,106,661721,0.2817632531403023,661615,106,5840.4906141875745,0,1,0,0,0,0.0
3540,1769711873.2954578,decode,106,661827,0.2818083883329785,661721,106,5840.4906141875745,0,1,0,0,0,0.0
3541,1769711873.313003,decode,106,661933,0.2818535235256547,661827,106,5840.4906141875745,0,1,0,0,0,0.0
3542,1769711873.3304565,decode,106,662039,0.28189865871833086,661933,106,5840.4906141875745,0,1,0,0,0,0.0
3543,1769711873.3480775,decode,106,662145,0.28194379391100705,662039,106,5840.4906141875745,0,1,0,0,0,0.0
3544,1769711873.365571,decode,106,662251,0.28198892910368323,662145,106,5840.4906141875745,0,1,0,0,0,0.0
3545,1769711873.383065,decode,106,662357,0.28203406429635935,662251,106,5840.4906141875745,0,1,0,0,0,0.0
3546,1769711873.401027,decode,106,655463,0.27909857355758994,662357,106,5840.4906141875745,0,1,0,0,0,0.0
3547,1769711873.4181743,decode,106,655568,0.27914328294656165,662463,105,5840.4906141875745,0,1,0,0,0,0.0
3548,1769711873.435661,decode,105,655673,0.2791879923355333,655568,105,5840.4906141875745,0,1,0,0,0,0.0
3549,1769711873.45323,decode,105,655778,0.279232701724505,655673,105,5840.4906141875745,0,1,0,0,0,0.0
3550,1769711873.4707103,decode,105,655883,0.2792774111134767,655778,105,5840.4906141875745,0,1,0,0,0,0.0
3551,1769711873.4883003,decode,105,655988,0.27932212050244837,655883,105,5840.4906141875745,0,1,0,0,0,0.0
3552,1769711873.505744,decode,105,656093,0.27936682989142003,655988,105,5840.4906141875745,0,1,0,0,0,0.0
3553,1769711873.5235968,decode,105,656198,0.27941153928039175,656093,105,5840.4906141875745,0,1,0,0,0,0.0
3554,1769711873.5408676,decode,105,656303,0.2794562486693634,656198,105,5840.4906141875745,0,1,0,0,0,0.0
3555,1769711873.5582922,decode,105,656408,0.2795009580583351,656303,105,5840.4906141875745,0,1,0,0,0,0.0
3556,1769711873.5757947,decode,105,656513,0.2795456674473068,656408,105,5840.4906141875745,0,1,0,0,0,0.0
3557,1769711873.593317,decode,105,656618,0.27959037683627846,656513,105,5840.4906141875745,0,1,0,0,0,0.0
3558,1769711873.6109028,decode,105,656723,0.2796350862252502,656618,105,5840.4906141875745,0,1,0,0,0,0.0
3559,1769711873.628427,decode,105,656828,0.27967979561422185,656723,105,5840.4906141875745,0,1,0,0,0,0.0
3560,1769711873.6460044,decode,105,656933,0.2797245050031935,656828,105,5840.4906141875745,0,1,0,0,0,0.0
3561,1769711873.6634684,decode,105,657038,0.27976921439216523,656933,105,5840.4906141875745,0,1,0,0,0,0.0
3562,1769711873.6813593,decode,105,650143,0.2768332978496913,657038,105,5840.4906141875745,0,1,0,0,0,0.0
3563,1769711873.6984534,decode,105,650247,0.2768775814349585,657143,104,5840.4906141875745,0,1,0,0,0,0.0
3564,1769711873.7155886,decode,104,650351,0.2769218650202257,650247,104,5840.4906141875745,0,1,0,0,0,0.0
3565,1769711873.7328541,decode,104,650455,0.27696614860549285,650351,104,6025.984163604325,0,1,0,0,0,0.0
3566,1769711873.7497718,decode,104,650559,0.27701043219076005,650455,104,6025.984163604325,0,1,0,0,0,0.0
3567,1769711873.7668803,decode,104,650663,0.27705471577602725,650559,104,6025.984163604325,0,1,0,0,0,0.0
3568,1769711873.784093,decode,104,650767,0.27709899936129445,650663,104,6025.984163604325,0,1,0,0,0,0.0
3569,1769711873.8011057,decode,104,650871,0.27714328294656165,650767,104,6025.984163604325,0,1,0,0,0,0.0
3570,1769711873.818292,decode,104,650975,0.2771875665318288,650871,104,6025.984163604325,0,1,0,0,0,0.0
3571,1769711873.8356304,decode,104,651079,0.277231850117096,650975,104,6025.984163604325,0,1,0,0,0,0.0
3572,1769711873.8529003,decode,104,651183,0.2772761337023632,651079,104,6025.984163604325,0,1,0,0,0,0.0
3573,1769711873.8702638,decode,104,651287,0.2773204172876304,651183,104,6025.984163604325,0,1,0,0,0,0.0
3574,1769711873.887912,decode,104,644391,0.274384074941452,651287,104,6025.984163604325,0,1,0,0,0,0.0
3575,1769711873.9047968,decode,104,644494,0.2744279327230147,651391,103,6025.984163604325,0,1,0,0,0,0.0
3576,1769711873.9219189,decode,103,644597,0.2744717905045774,644494,103,6025.984163604325,0,1,0,0,0,0.0
3577,1769711873.9391499,decode,103,644700,0.2745156482861401,644597,103,6025.984163604325,0,1,0,0,0,0.0
3578,1769711873.9563785,decode,103,644803,0.2745595060677028,644700,103,6025.984163604325,0,1,0,0,0,0.0
3579,1769711873.973752,decode,103,644906,0.2746033638492655,644803,103,6025.984163604325,0,1,0,0,0,0.0
3580,1769711873.9909778,decode,103,645009,0.27464722163082816,644906,103,6025.984163604325,0,1,0,0,0,0.0
3581,1769711874.0082479,decode,103,645112,0.2746910794123909,645009,103,6025.984163604325,0,1,0,0,0,0.0
3582,1769711874.0253932,decode,103,645215,0.2747349371939536,645112,103,6025.984163604325,0,1,0,0,0,0.0
3583,1769711874.0425148,decode,103,645318,0.27477879497551627,645215,103,6025.984163604325,0,1,0,0,0,0.0
3584,1769711874.0596652,decode,103,645421,0.274822652757079,645318,103,6025.984163604325,0,1,0,0,0,0.0
3585,1769711874.0768232,decode,103,645524,0.2748665105386417,645421,103,6025.984163604325,0,1,0,0,0,0.0
3586,1769711874.094002,decode,103,645627,0.2749103683202044,645524,103,6025.984163604325,0,1,0,0,0,0.0
3587,1769711874.1111047,decode,103,645730,0.27495422610176706,645627,103,6025.984163604325,0,1,0,0,0,0.0
3588,1769711874.1285996,decode,103,638833,0.2720174579518842,645730,103,6025.984163604325,0,1,0,0,0,0.0
3589,1769711874.1454163,decode,103,638935,0.27206088992974237,645833,102,6025.984163604325,0,1,0,0,0,0.0
3590,1769711874.1624424,decode,102,639037,0.2721043219076006,638935,102,6025.984163604325,0,1,0,0,0,0.0
3591,1769711874.179581,decode,102,639139,0.2721477538854588,639037,102,6025.984163604325,0,1,0,0,0,0.0
3592,1769711874.1966228,decode,102,639241,0.27219118586331703,639139,102,6025.984163604325,0,1,0,0,0,0.0
3593,1769711874.2137918,decode,102,639343,0.2722346178411752,639241,102,6025.984163604325,0,1,0,0,0,0.0
3594,1769711874.2308168,decode,102,639445,0.2722780498190334,639343,102,6025.984163604325,0,1,0,0,0,0.0
3595,1769711874.2477508,decode,102,639547,0.27232148179689164,639445,102,6025.984163604325,0,1,0,0,0,0.0
3596,1769711874.264835,decode,102,639649,0.27236491377474986,639547,102,6025.984163604325,0,1,0,0,0,0.0
3597,1769711874.281785,decode,102,639751,0.272408345752608,639649,102,6025.984163604325,0,1,0,0,0,0.0
3598,1769711874.298739,decode,102,639853,0.27245177773046625,639751,102,6025.984163604325,0,1,0,0,0,0.0
3599,1769711874.3157756,decode,102,639955,0.27249520970832447,639853,102,6025.984163604325,0,1,0,0,0,0.0
3600,1769711874.3330622,decode,102,633057,0.2695580157547371,639955,102,6025.984163604325,0,1,0,0,0,0.0
3601,1769711874.349756,decode,102,633158,0.2696010219288908,640057,101,6025.984163604325,0,1,0,0,0,0.0
3602,1769711874.3666472,decode,101,633259,0.2696440281030445,633158,101,6025.984163604325,0,1,0,0,0,0.0
3603,1769711874.3836496,decode,101,633360,0.2696870342771982,633259,101,6025.984163604325,0,1,0,0,0,0.0
3604,1769711874.400618,decode,101,633461,0.2697300404513519,633360,101,6025.984163604325,0,1,0,0,0,0.0
3605,1769711874.4176853,decode,101,633562,0.26977304662550566,633461,101,6001.165145077177,0,1,0,0,0,0.0
3606,1769711874.4345663,decode,101,633663,0.26981605279965937,633562,101,6001.165145077177,0,1,0,0,0,0.0
3607,1769711874.4515338,decode,101,633764,0.26985905897381307,633663,101,6001.165145077177,0,1,0,0,0,0.0
3608,1769711874.468507,decode,101,633865,0.2699020651479668,633764,101,6001.165145077177,0,1,0,0,0,0.0
3609,1769711874.4854856,decode,101,633966,0.2699450713221205,633865,101,6001.165145077177,0,1,0,0,0,0.0
3610,1769711874.5024543,decode,101,634067,0.26998807749627424,633966,101,6001.165145077177,0,1,0,0,0,0.0
3611,1769711874.5194042,decode,101,634168,0.27003108367042794,634067,101,6001.165145077177,0,1,0,0,0,0.0
3612,1769711874.5364313,decode,101,634269,0.27007408984458164,634168,101,6001.165145077177,0,1,0,0,0,0.0
3613,1769711874.5533798,decode,101,634370,0.27011709601873535,634269,101,6001.165145077177,0,1,0,0,0,0.0
3614,1769711874.5706623,decode,101,627471,0.26717947626144345,634370,101,6001.165145077177,0,1,0,0,0,0.0
3615,1769711874.5872664,decode,101,627571,0.2672220566318927,634471,100,6001.165145077177,0,1,0,0,0,0.0
3616,1769711874.6041424,decode,100,627671,0.26726463700234193,627571,100,6001.165145077177,0,1,0,0,0,0.0
3617,1769711874.6209428,decode,100,627771,0.2673072173727911,627671,100,6001.165145077177,0,1,0,0,0,0.0
3618,1769711874.6378462,decode,100,627871,0.26734979774324036,627771,100,6001.165145077177,0,1,0,0,0,0.0
3619,1769711874.6546214,decode,100,627971,0.2673923781136896,627871,100,6001.165145077177,0,1,0,0,0,0.0
3620,1769711874.6714582,decode,100,628071,0.2674349584841388,627971,100,6001.165145077177,0,1,0,0,0,0.0
3621,1769711874.6882458,decode,100,628171,0.267477538854588,628071,100,6001.165145077177,0,1,0,0,0,0.0
3622,1769711874.704985,decode,100,628271,0.26752011922503727,628171,100,6001.165145077177,0,1,0,0,0,0.0
3623,1769711874.7218056,decode,100,628371,0.2675626995954865,628271,100,6001.165145077177,0,1,0,0,0,0.0
3624,1769711874.7385485,decode,100,628471,0.2676052799659357,628371,100,6001.165145077177,0,1,0,0,0,0.0
3625,1769711874.7553718,decode,100,628571,0.26764786033638494,628471,100,6001.165145077177,0,1,0,0,0,0.0
3626,1769711874.772214,decode,100,628671,0.2676904407068342,628571,100,6001.165145077177,0,1,0,0,0,0.0
3627,1769711874.7894604,decode,100,621771,0.26475239514583776,628671,100,6001.165145077177,0,1,0,0,0,0.0
3628,1769711874.806009,decode,100,621870,0.2647945497125825,628771,99,6001.165145077177,0,1,0,0,0,0.0
3629,1769711874.8229496,decode,99,621969,0.2648367042793272,621870,99,6001.165145077177,0,1,0,0,0,0.0
3630,1769711874.8397167,decode,99,622068,0.264878858846072,621969,99,6001.165145077177,0,1,0,0,0,0.0
3631,1769711874.8564763,decode,99,622167,0.2649210134128167,622068,99,6001.165145077177,0,1,0,0,0,0.0
3632,1769711874.8732991,decode,99,622266,0.26496316797956143,622167,99,6001.165145077177,0,1,0,0,0,0.0
3633,1769711874.8900878,decode,99,622365,0.26500532254630615,622266,99,6001.165145077177,0,1,0,0,0,0.0
3634,1769711874.9069407,decode,99,622464,0.2650474771130509,622365,99,6001.165145077177,0,1,0,0,0,0.0
3635,1769711874.9239004,decode,99,622563,0.2650896316797956,622464,99,6001.165145077177,0,1,0,0,0,0.0
3636,1769711874.9407945,decode,99,622662,0.2651317862465403,622563,99,6001.165145077177,0,1,0,0,0,0.0
3637,1769711874.9575589,decode,99,622761,0.2651739408132851,622662,99,6001.165145077177,0,1,0,0,0,0.0
3638,1769711874.974331,decode,99,622860,0.2652160953800298,622761,99,6001.165145077177,0,1,0,0,0,0.0
3639,1769711874.9912562,decode,99,622959,0.26525824994677455,622860,99,6001.165145077177,0,1,0,0,0,0.0
3640,1769711875.0081415,decode,99,623058,0.2653004045135193,622959,99,6001.165145077177,0,1,0,0,0,0.0
3641,1769711875.025292,decode,99,616157,0.2623619331488184,623058,99,6001.165145077177,0,1,0,0,0,0.0
3642,1769711875.0417101,decode,99,616255,0.26240366191185865,623157,98,6001.165145077177,0,1,0,0,0,0.0
3643,1769711875.05849,decode,98,616353,0.26244539067489886,616255,98,6001.165145077177,0,1,0,0,0,0.0
3644,1769711875.0751784,decode,98,616451,0.2624871194379391,616353,98,6001.165145077177,0,1,0,0,0,0.0
3645,1769711875.091949,decode,98,616549,0.2625288482009793,616451,98,5917.559251598785,0,1,0,0,0,0.0
3646,1769711875.1085851,decode,98,616647,0.2625705769640196,616549,98,5917.559251598785,0,1,0,0,0,0.0
3647,1769711875.1252098,decode,98,616745,0.26261230572705985,616647,98,5917.559251598785,0,1,0,0,0,0.0
3648,1769711875.141932,decode,98,616843,0.26265403449010005,616745,98,5917.559251598785,0,1,0,0,0,0.0
3649,1769711875.158717,decode,98,616941,0.2626957632531403,616843,98,5917.559251598785,0,1,0,0,0,0.0
3650,1769711875.1753087,decode,98,617039,0.2627374920161805,616941,98,5917.559251598785,0,1,0,0,0,0.0
3651,1769711875.1920388,decode,98,617137,0.2627792207792208,617039,98,5917.559251598785,0,1,0,0,0,0.0
3652,1769711875.2085874,decode,98,617235,0.26282094954226104,617137,98,5917.559251598785,0,1,0,0,0,0.0
3653,1769711875.2252674,decode,98,617333,0.26286267830530125,617235,98,5917.559251598785,0,1,0,0,0,0.0
3654,1769711875.242247,decode,98,610431,0.2599237811368959,617333,98,5917.559251598785,0,1,0,0,0,0.0
3655,1769711875.2585716,decode,98,610528,0.25996508409623165,617431,97,5917.559251598785,0,1,0,0,0,0.0
3656,1769711875.2751882,decode,97,610625,0.2600063870555674,610528,97,5917.559251598785,0,1,0,0,0,0.0
3657,1769711875.2917671,decode,97,610722,0.26004769001490313,610625,97,5917.559251598785,0,1,0,0,0,0.0
3658,1769711875.3083649,decode,97,610819,0.2600889929742389,610722,97,5917.559251598785,0,1,0,0,0,0.0
3659,1769711875.3249865,decode,97,610916,0.2601302959335746,610819,97,5917.559251598785,0,1,0,0,0,0.0
3660,1769711875.3415656,decode,97,611013,0.26017159889291036,610916,97,5917.559251598785,0,1,0,0,0,0.0
3661,1769711875.358172,decode,97,611110,0.2602129018522461,611013,97,5917.559251598785,0,1,0,0,0,0.0
3662,1769711875.3748052,decode,97,611207,0.26025420481158185,611110,97,5917.559251598785,0,1,0,0,0,0.0
3663,1769711875.3914022,decode,97,611304,0.2602955077709176,611207,97,5917.559251598785,0,1,0,0,0,0.0
3664,1769711875.4079099,decode,97,611401,0.26033681073025333,611304,97,5917.559251598785,0,1,0,0,0,0.0
3665,1769711875.4244597,decode,97,611498,0.2603781136895891,611401,97,5917.559251598785,0,1,0,0,0,0.0
3666,1769711875.4413788,decode,97,604595,0.2574387907174792,611498,97,5917.559251598785,0,1,0,0,0,0.0
3667,1769711875.4576166,decode,97,604691,0.2574796678731105,611595,96,5917.559251598785,0,1,0,0,0,0.0
3668,1769711875.4740682,decode,96,604787,0.2575205450287418,604691,96,5917.559251598785,0,1,0,0,0,0.0
3669,1769711875.4903834,decode,96,604883,0.257561422184373,604787,96,5917.559251598785,0,1,0,0,0,0.0
3670,1769711875.5067546,decode,96,604979,0.2576022993400043,604883,96,5917.559251598785,0,1,0,0,0,0.0
3671,1769711875.5231416,decode,96,605075,0.2576431764956355,604979,96,5917.559251598785,0,1,0,0,0,0.0
3672,1769711875.5394986,decode,96,605171,0.2576840536512668,605075,96,5917.559251598785,0,1,0,0,0,0.0
3673,1769711875.556048,decode,96,605267,0.257724930806898,605171,96,5917.559251598785,0,1,0,0,0,0.0
3674,1769711875.5725496,decode,96,605363,0.2577658079625293,605267,96,5917.559251598785,0,1,0,0,0,0.0
3675,1769711875.5891182,decode,96,605459,0.2578066851181605,605363,96,5917.559251598785,0,1,0,0,0,0.0
3676,1769711875.605546,decode,96,605555,0.2578475622737918,605459,96,5917.559251598785,0,1,0,0,0,0.0
3677,1769711875.6220844,decode,96,605651,0.257888439429423,605555,96,5917.559251598785,0,1,0,0,0,0.0
3678,1769711875.638471,decode,96,605747,0.2579293165850543,605651,96,5917.559251598785,0,1,0,0,0,0.0
3679,1769711875.6549847,decode,96,605843,0.2579701937406855,605747,96,5917.559251598785,0,1,0,0,0,0.0
3680,1769711875.6716835,decode,96,598939,0.2550304449648712,605843,96,5917.559251598785,0,1,0,0,0,0.0
3681,1769711875.6877358,decode,96,599034,0.25507089631679797,605939,95,5917.559251598785,0,1,0,0,0,0.0
3682,1769711875.704031,decode,95,599129,0.25511134766872473,599034,95,5917.559251598785,0,1,0,0,0,0.0
3683,1769711875.7202988,decode,95,599224,0.2551517990206515,599129,95,5917.559251598785,0,1,0,0,0,0.0
3684,1769711875.7366157,decode,95,599319,0.25519225037257826,599224,95,5917.559251598785,0,1,0,0,0,0.0
3685,1769711875.7530782,decode,95,599414,0.255232701724505,599319,95,5850.587400561371,0,1,0,0,0,0.0
3686,1769711875.7692077,decode,95,599509,0.2552731530764318,599414,95,5850.587400561371,0,1,0,0,0,0.0
3687,1769711875.785445,decode,95,599604,0.25531360442835854,599509,95,5850.587400561371,0,1,0,0,0,0.0
3688,1769711875.8017387,decode,95,599699,0.2553540557802853,599604,95,5850.587400561371,0,1,0,0,0,0.0
3689,1769711875.8180933,decode,95,599794,0.25539450713221207,599699,95,5850.587400561371,0,1,0,0,0,0.0
3690,1769711875.8343546,decode,95,599889,0.25543495848413883,599794,95,5850.587400561371,0,1,0,0,0,0.0
3691,1769711875.850667,decode,95,599984,0.2554754098360656,599889,95,5850.587400561371,0,1,0,0,0,0.0
3692,1769711875.8669531,decode,95,600079,0.25551586118799235,599984,95,5850.587400561371,0,1,0,0,0,0.0
3693,1769711875.8833601,decode,95,600174,0.2555563125399191,600079,95,5850.587400561371,0,1,0,0,0,0.0
3694,1769711875.900028,decode,95,593269,0.2526161379604003,600174,95,5850.587400561371,0,1,0,0,0,0.0
3695,1769711875.9160469,decode,95,593363,0.2526561635086225,600269,94,5850.587400561371,0,1,0,0,0,0.0
3696,1769711875.932449,decode,94,593457,0.2526961890568448,593363,94,5850.587400561371,0,1,0,0,0,0.0
3697,1769711875.9487169,decode,94,593551,0.25273621460506707,593457,94,5850.587400561371,0,1,0,0,0,0.0
3698,1769711875.9650285,decode,94,593645,0.2527762401532893,593551,94,5850.587400561371,0,1,0,0,0,0.0
3699,1769711875.9813688,decode,94,593739,0.2528162657015116,593645,94,5850.587400561371,0,1,0,0,0,0.0
3700,1769711875.9975889,decode,94,593833,0.25285629124973386,593739,94,5850.587400561371,0,1,0,0,0,0.0
3701,1769711876.0139215,decode,94,593927,0.25289631679795616,593833,94,5850.587400561371,0,1,0,0,0,0.0
3702,1769711876.0306535,decode,94,594021,0.2529363423461784,593927,94,5850.587400561371,0,1,0,0,0,0.0
3703,1769711876.0469568,decode,94,594115,0.2529763678944007,594021,94,5850.587400561371,0,1,0,0,0,0.0
3704,1769711876.063172,decode,94,594209,0.25301639344262294,594115,94,5850.587400561371,0,1,0,0,0,0.0
3705,1769711876.0795255,decode,94,594303,0.25305641899084524,594209,94,5850.587400561371,0,1,0,0,0,0.0
3706,1769711876.0962977,decode,94,587397,0.2501158186076219,594303,94,5850.587400561371,0,1,0,0,0,0.0
3707,1769711876.1123066,decode,94,587490,0.25015541835213967,594397,93,5850.587400561371,0,1,0,0,0,0.0
3708,1769711876.1285985,decode,93,587583,0.25019501809665745,587490,93,5850.587400561371,0,1,0,0,0,0.0
3709,1769711876.1448836,decode,93,587676,0.25023461784117523,587583,93,5850.587400561371,0,1,0,0,0,0.0
3710,1769711876.1611197,decode,93,587769,0.250274217585693,587676,93,5850.587400561371,0,1,0,0,0,0.0
3711,1769711876.1773283,decode,93,587862,0.2503138173302108,587769,93,5850.587400561371,0,1,0,0,0,0.0
3712,1769711876.1935494,decode,93,587955,0.2503534170747285,587862,93,5850.587400561371,0,1,0,0,0,0.0
3713,1769711876.2097566,decode,93,588048,0.2503930168192463,587955,93,5850.587400561371,0,1,0,0,0,0.0
3714,1769711876.225934,decode,93,588141,0.2504326165637641,588048,93,5850.587400561371,0,1,0,0,0,0.0
3715,1769711876.2421095,decode,93,588234,0.25047221630828187,588141,93,5850.587400561371,0,1,0,0,0,0.0
3716,1769711876.2582302,decode,93,588327,0.25051181605279965,588234,93,5850.587400561371,0,1,0,0,0,0.0
3717,1769711876.2744005,decode,93,588420,0.25055141579731743,588327,93,5850.587400561371,0,1,0,0,0,0.0
3718,1769711876.291001,decode,93,581513,0.24761038961038961,588420,93,5850.587400561371,0,1,0,0,0,0.0
3719,1769711876.3067336,decode,93,581605,0.2476495635512029,588513,92,5850.587400561371,0,1,0,0,0,0.0
3720,1769711876.3225813,decode,92,581697,0.24768873749201617,581605,92,5850.587400561371,0,1,0,0,0,0.0
3721,1769711876.338444,decode,92,581789,0.24772791143282946,581697,92,5850.587400561371,0,1,0,0,0,0.0
3722,1769711876.354318,decode,92,581881,0.24776708537364275,581789,92,5850.587400561371,0,1,0,0,0,0.0
3723,1769711876.3702385,decode,92,581973,0.24780625931445605,581881,92,5850.587400561371,0,1,0,0,0,0.0
3724,1769711876.3860881,decode,92,582065,0.2478454332552693,581973,92,5850.587400561371,0,1,0,0,0,0.0
3725,1769711876.4021397,decode,92,582157,0.2478846071960826,582065,92,5771.42036399199,0,1,0,0,0,0.0
3726,1769711876.4178705,decode,92,582249,0.2479237811368959,582157,92,5771.42036399199,0,1,0,0,0,0.0
3727,1769711876.4338508,decode,92,582341,0.24796295507770919,582249,92,5771.42036399199,0,1,0,0,0,0.0
3728,1769711876.449763,decode,92,582433,0.24800212901852245,582341,92,5771.42036399199,0,1,0,0,0,0.0
3729,1769711876.4657989,decode,92,582525,0.24804130295933574,582433,92,5771.42036399199,0,1,0,0,0,0.0
3730,1769711876.482021,decode,92,575617,0.24509985096870343,582525,92,5771.42036399199,0,1,0,0,0,0.0
3731,1769711876.4976819,decode,92,575708,0.24513859910581223,582617,91,5771.42036399199,0,1,0,0,0,0.0
3732,1769711876.5134542,decode,91,575799,0.245177347242921,575708,91,5771.42036399199,0,1,0,0,0,0.0
3733,1769711876.5292284,decode,91,575890,0.2452160953800298,575799,91,5771.42036399199,0,1,0,0,0,0.0
3734,1769711876.5451295,decode,91,575981,0.2452548435171386,575890,91,5771.42036399199,0,1,0,0,0,0.0
3735,1769711876.5611012,decode,91,576072,0.24529359165424738,575981,91,5771.42036399199,0,1,0,0,0,0.0
3736,1769711876.5770714,decode,91,576163,0.24533233979135619,576072,91,5771.42036399199,0,1,0,0,0,0.0
3737,1769711876.5929575,decode,91,576254,0.245371087928465,576163,91,5771.42036399199,0,1,0,0,0,0.0
3738,1769711876.6089096,decode,91,576345,0.24540983606557376,576254,91,5771.42036399199,0,1,0,0,0,0.0
3739,1769711876.6249464,decode,91,576436,0.24544858420268256,576345,91,5771.42036399199,0,1,0,0,0,0.0
3740,1769711876.6408315,decode,91,576527,0.24548733233979136,576436,91,5771.42036399199,0,1,0,0,0,0.0
3741,1769711876.656803,decode,91,576618,0.24552608047690014,576527,91,5771.42036399199,0,1,0,0,0,0.0
3742,1769711876.6726227,decode,91,576709,0.24556482861400894,576618,91,5771.42036399199,0,1,0,0,0,0.0
3743,1769711876.6889336,decode,91,569800,0.24262295081967214,576709,91,5771.42036399199,0,1,0,0,0,0.0
3744,1769711876.7044797,decode,91,569890,0.24266127315307642,576800,90,5771.42036399199,0,1,0,0,0,0.0
3745,1769711876.7202415,decode,90,569980,0.24269959548648073,569890,90,5771.42036399199,0,1,0,0,0,0.0
3746,1769711876.7361112,decode,90,570070,0.24273791781988505,569980,90,5771.42036399199,0,1,0,0,0,0.0
3747,1769711876.7518554,decode,90,570160,0.24277624015328933,570070,90,5771.42036399199,0,1,0,0,0,0.0
3748,1769711876.7677002,decode,90,570250,0.24281456248669364,570160,90,5771.42036399199,0,1,0,0,0,0.0
3749,1769711876.7836485,decode,90,570340,0.24285288482009793,570250,90,5771.42036399199,0,1,0,0,0,0.0
3750,1769711876.799468,decode,90,570430,0.24289120715350224,570340,90,5771.42036399199,0,1,0,0,0,0.0
3751,1769711876.815424,decode,90,570520,0.24292952948690655,570430,90,5771.42036399199,0,1,0,0,0,0.0
3752,1769711876.8312397,decode,90,570610,0.24296785182031083,570520,90,5771.42036399199,0,1,0,0,0,0.0
3753,1769711876.8471606,decode,90,570700,0.24300617415371514,570610,90,5771.42036399199,0,1,0,0,0,0.0
3754,1769711876.863229,decode,90,563790,0.24006387055567383,570700,90,5771.42036399199,0,1,0,0,0,0.0
3755,1769711876.8786983,decode,90,563879,0.24010176708537365,570790,89,5771.42036399199,0,1,0,0,0,0.0
3756,1769711876.8943806,decode,89,563968,0.24013966361507344,563879,89,5771.42036399199,0,1,0,0,0,0.0
3757,1769711876.910055,decode,89,564057,0.24017756014477326,563968,89,5771.42036399199,0,1,0,0,0,0.0
3758,1769711876.9257634,decode,89,564146,0.24021545667447305,564057,89,5771.42036399199,0,1,0,0,0,0.0
3759,1769711876.941497,decode,89,564235,0.24025335320417288,564146,89,5771.42036399199,0,1,0,0,0,0.0
3760,1769711876.9572213,decode,89,564324,0.2402912497338727,564235,89,5771.42036399199,0,1,0,0,0,0.0
3761,1769711876.972897,decode,89,564413,0.2403291462635725,564324,89,5771.42036399199,0,1,0,0,0,0.0
3762,1769711876.9886265,decode,89,564502,0.2403670427932723,564413,89,5771.42036399199,0,1,0,0,0,0.0
3763,1769711877.004435,decode,89,564591,0.2404049393229721,564502,89,5771.42036399199,0,1,0,0,0,0.0
3764,1769711877.0202553,decode,89,564680,0.24044283585267193,564591,89,5771.42036399199,0,1,0,0,0,0.0
3765,1769711877.0361302,decode,89,564769,0.24048073238237172,564680,89,5702.009572801096,0,1,0,0,0,0.0
3766,1769711877.0517006,decode,89,564858,0.24051862891207154,564769,89,5702.009572801096,0,1,0,0,0,0.0
3767,1769711877.0678208,decode,89,557947,0.23757589951032573,564858,89,5702.009572801096,0,1,0,0,0,0.0
3768,1769711877.083349,decode,89,558035,0.23761337023632106,564947,88,5702.009572801096,0,1,0,0,0,0.0
3769,1769711877.0990517,decode,88,558123,0.23765084096231637,558035,88,5702.009572801096,0,1,0,0,0,0.0
3770,1769711877.1146498,decode,88,558211,0.2376883116883117,558123,88,5702.009572801096,0,1,0,0,0,0.0
3771,1769711877.1302853,decode,88,558299,0.237725782414307,558211,88,5702.009572801096,0,1,0,0,0,0.0
3772,1769711877.1458356,decode,88,558387,0.23776325314030233,558299,88,5702.009572801096,0,1,0,0,0,0.0
3773,1769711877.1614227,decode,88,558475,0.23780072386629764,558387,88,5702.009572801096,0,1,0,0,0,0.0
3774,1769711877.176924,decode,88,558563,0.23783819459229294,558475,88,5702.009572801096,0,1,0,0,0,0.0
3775,1769711877.1925106,decode,88,558651,0.23787566531828827,558563,88,5702.009572801096,0,1,0,0,0,0.0
3776,1769711877.2080054,decode,88,558739,0.23791313604428357,558651,88,5702.009572801096,0,1,0,0,0,0.0
3777,1769711877.2235932,decode,88,558827,0.2379506067702789,558739,88,5702.009572801096,0,1,0,0,0,0.0
3778,1769711877.2393472,decode,88,558915,0.2379880774962742,558827,88,5702.009572801096,0,1,0,0,0,0.0
3779,1769711877.2550545,decode,88,552003,0.23504492229082394,558915,88,5702.009572801096,0,1,0,0,0,0.0
3780,1769711877.2700672,decode,88,552090,0.23508196721311475,559003,87,5702.009572801096,0,1,0,0,0,0.0
3781,1769711877.2856414,decode,87,552177,0.2351190121354056,552090,87,5702.009572801096,0,1,0,0,0,0.0
3782,1769711877.3010454,decode,87,552264,0.2351560570576964,552177,87,5702.009572801096,0,1,0,0,0,0.0
3783,1769711877.3164449,decode,87,552351,0.23519310197998722,552264,87,5702.009572801096,0,1,0,0,0,0.0
3784,1769711877.331883,decode,87,552438,0.23523014690227806,552351,87,5702.009572801096,0,1,0,0,0,0.0
3785,1769711877.347382,decode,87,552525,0.23526719182456887,552438,87,5702.009572801096,0,1,0,0,0,0.0
3786,1769711877.362858,decode,87,552612,0.23530423674685969,552525,87,5702.009572801096,0,1,0,0,0,0.0
3787,1769711877.3782413,decode,87,552699,0.23534128166915053,552612,87,5702.009572801096,0,1,0,0,0,0.0
3788,1769711877.3937154,decode,87,552786,0.23537832659144134,552699,87,5702.009572801096,0,1,0,0,0,0.0
3789,1769711877.4093323,decode,87,552873,0.23541537151373218,552786,87,5702.009572801096,0,1,0,0,0,0.0
3790,1769711877.425176,decode,87,545960,0.2324717905045774,552873,87,5702.009572801096,0,1,0,0,0,0.0
3791,1769711877.4403121,decode,87,546046,0.23250840962316371,552960,86,5702.009572801096,0,1,0,0,0,0.0
3792,1769711877.4556463,decode,86,546132,0.23254502874175006,546046,86,5702.009572801096,0,1,0,0,0,0.0
3793,1769711877.4710286,decode,86,546218,0.2325816478603364,546132,86,5702.009572801096,0,1,0,0,0,0.0
3794,1769711877.4863324,decode,86,546304,0.2326182669789227,546218,86,5702.009572801096,0,1,0,0,0,0.0
3795,1769711877.5016344,decode,86,546390,0.23265488609750906,546304,86,5702.009572801096,0,1,0,0,0,0.0
3796,1769711877.5170498,decode,86,546476,0.23269150521609538,546390,86,5702.009572801096,0,1,0,0,0,0.0
3797,1769711877.5323539,decode,86,546562,0.2327281243346817,546476,86,5702.009572801096,0,1,0,0,0,0.0
3798,1769711877.5476973,decode,86,546648,0.23276474345326803,546562,86,5702.009572801096,0,1,0,0,0,0.0
3799,1769711877.5631018,decode,86,546734,0.23280136257185438,546648,86,5702.009572801096,0,1,0,0,0,0.0
3800,1769711877.578384,decode,86,546820,0.2328379816904407,546734,86,5702.009572801096,0,1,0,0,0,0.0
3801,1769711877.5938263,decode,86,546906,0.23287460080902703,546820,86,5702.009572801096,0,1,0,0,0,0.0
3802,1769711877.609118,decode,86,546992,0.23291121992761338,546906,86,5702.009572801096,0,1,0,0,0,0.0
3803,1769711877.62456,decode,86,547078,0.2329478390461997,546992,86,5702.009572801096,0,1,0,0,0,0.0
3804,1769711877.63983,decode,86,547164,0.23298445816478602,547078,86,5702.009572801096,0,1,0,0,0,0.0
3805,1769711877.655716,decode,86,540250,0.23004045135192677,547164,86,5623.27901843121,0,1,0,0,0,0.0
3806,1769711877.670559,decode,86,540335,0.2300766446668086,547250,85,5623.27901843121,0,1,0,0,0,0.0
3807,1769711877.6858602,decode,85,540420,0.23011283798169044,540335,85,5623.27901843121,0,1,0,0,0,0.0
3808,1769711877.701089,decode,85,540505,0.23014903129657227,540420,85,5623.27901843121,0,1,0,0,0,0.0
3809,1769711877.716413,decode,85,540590,0.23018522461145413,540505,85,5623.27901843121,0,1,0,0,0,0.0
3810,1769711877.7317538,decode,85,540675,0.23022141792633596,540590,85,5623.27901843121,0,1,0,0,0,0.0
3811,1769711877.747106,decode,85,540760,0.2302576112412178,540675,85,5623.27901843121,0,1,0,0,0,0.0
3812,1769711877.7623808,decode,85,540845,0.23029380455609963,540760,85,5623.27901843121,0,1,0,0,0,0.0
3813,1769711877.7776747,decode,85,540930,0.2303299978709815,540845,85,5623.27901843121,0,1,0,0,0,0.0
3814,1769711877.7929287,decode,85,541015,0.23036619118586332,540930,85,5623.27901843121,0,1,0,0,0,0.0
3815,1769711877.8085475,decode,85,534100,0.22742175856929955,541015,85,5623.27901843121,0,1,0,0,0,0.0
3816,1769711877.8234928,decode,85,534184,0.2274575260804769,541100,84,5623.27901843121,0,1,0,0,0,0.0
3817,1769711877.838652,decode,84,534268,0.22749329359165424,534184,84,5623.27901843121,0,1,0,0,0,0.0
3818,1769711877.8537922,decode,84,534352,0.22752906110283158,534268,84,5623.27901843121,0,1,0,0,0,0.0
3819,1769711877.8688536,decode,84,534436,0.22756482861400895,534352,84,5623.27901843121,0,1,0,0,0,0.0
3820,1769711877.8839614,decode,84,534520,0.2276005961251863,534436,84,5623.27901843121,0,1,0,0,0,0.0
3821,1769711877.899108,decode,84,534604,0.22763636363636364,534520,84,5623.27901843121,0,1,0,0,0,0.0
3822,1769711877.914235,decode,84,534688,0.22767213114754098,534604,84,5623.27901843121,0,1,0,0,0,0.0
3823,1769711877.9294703,decode,84,534772,0.22770789865871832,534688,84,5623.27901843121,0,1,0,0,0,0.0
3824,1769711877.9446182,decode,84,534856,0.22774366616989566,534772,84,5623.27901843121,0,1,0,0,0,0.0
3825,1769711877.9598484,decode,84,534940,0.22777943368107303,534856,84,5623.27901843121,0,1,0,0,0,0.0
3826,1769711877.974971,decode,84,535024,0.22781520119225038,534940,84,5623.27901843121,0,1,0,0,0,0.0
3827,1769711877.990185,decode,84,535108,0.22785096870342772,535024,84,5623.27901843121,0,1,0,0,0,0.0
3828,1769711878.0057938,decode,84,535192,0.22788673621460506,535108,84,5623.27901843121,0,1,0,0,0,0.0
3829,1769711878.0217931,decode,84,528276,0.2249418777943368,535192,84,5623.27901843121,0,1,0,0,0,0.0
3830,1769711878.0356846,decode,84,528359,0.22497721950180966,535276,83,5623.27901843121,0,1,0,0,0,0.0
3831,1769711878.0508254,decode,83,528442,0.2250125612092825,528359,83,5623.27901843121,0,1,0,0,0,0.0
3832,1769711878.065873,decode,83,528525,0.2250479029167554,528442,83,5623.27901843121,0,1,0,0,0,0.0
3833,1769711878.0808914,decode,83,528608,0.22508324462422824,528525,83,5623.27901843121,0,1,0,0,0,0.0
3834,1769711878.095944,decode,83,528691,0.2251185863317011,528608,83,5623.27901843121,0,1,0,0,0,0.0
3835,1769711878.1110823,decode,83,528774,0.22515392803917395,528691,83,5623.27901843121,0,1,0,0,0,0.0
3836,1769711878.126152,decode,83,528857,0.2251892697466468,528774,83,5623.27901843121,0,1,0,0,0,0.0
3837,1769711878.1412191,decode,83,528940,0.22522461145411965,528857,83,5623.27901843121,0,1,0,0,0,0.0
3838,1769711878.1562722,decode,83,529023,0.2252599531615925,528940,83,5623.27901843121,0,1,0,0,0,0.0
3839,1769711878.1714425,decode,83,529106,0.22529529486906535,529023,83,5623.27901843121,0,1,0,0,0,0.0
3840,1769711878.1869557,decode,83,522189,0.2223500106450926,529106,83,5623.27901843121,0,1,0,0,0,0.0
3841,1769711878.2015495,decode,83,522271,0.22238492654886097,529189,82,5623.27901843121,0,1,0,0,0,0.0
3842,1769711878.216526,decode,82,522353,0.22241984245262933,522271,82,5623.27901843121,0,1,0,0,0,0.0
3843,1769711878.231512,decode,82,522435,0.2224547583563977,522353,82,5623.27901843121,0,1,0,0,0,0.0
3844,1769711878.2463715,decode,82,522517,0.22248967426016605,522435,82,5623.27901843121,0,1,0,0,0,0.0
3845,1769711878.2614176,decode,82,522599,0.22252459016393442,522517,82,5536.002954157592,0,1,0,0,0,0.0
3846,1769711878.2762232,decode,82,522681,0.22255950606770278,522599,82,5536.002954157592,0,1,0,0,0,0.0
3847,1769711878.2910743,decode,82,522763,0.22259442197147114,522681,82,5536.002954157592,0,1,0,0,0,0.0
3848,1769711878.3059804,decode,82,522845,0.2226293378752395,522763,82,5536.002954157592,0,1,0,0,0,0.0
3849,1769711878.3209581,decode,82,522927,0.22266425377900786,522845,82,5536.002954157592,0,1,0,0,0,0.0
3850,1769711878.3358085,decode,82,523009,0.22269916968277623,522927,82,5536.002954157592,0,1,0,0,0,0.0
3851,1769711878.3511639,decode,82,516091,0.219753459655099,523009,82,5536.002954157592,0,1,0,0,0,0.0
3852,1769711878.3656647,decode,82,516172,0.21978794975516286,523091,81,5536.002954157592,0,1,0,0,0,0.0
3853,1769711878.380603,decode,81,516253,0.21982243985522673,516172,81,5536.002954157592,0,1,0,0,0,0.0
3854,1769711878.3953557,decode,81,516334,0.2198569299552906,516253,81,5536.002954157592,0,1,0,0,0,0.0
3855,1769711878.4102094,decode,81,516415,0.21989142005535448,516334,81,5536.002954157592,0,1,0,0,0,0.0
3856,1769711878.4250677,decode,81,516496,0.21992591015541835,516415,81,5536.002954157592,0,1,0,0,0,0.0
3857,1769711878.439909,decode,81,516577,0.21996040025548222,516496,81,5536.002954157592,0,1,0,0,0,0.0
3858,1769711878.4547627,decode,81,516658,0.2199948903555461,516577,81,5536.002954157592,0,1,0,0,0,0.0
3859,1769711878.469631,decode,81,516739,0.22002938045560996,516658,81,5536.002954157592,0,1,0,0,0,0.0
3860,1769711878.4844925,decode,81,516820,0.22006387055567384,516739,81,5536.002954157592,0,1,0,0,0,0.0
3861,1769711878.4994042,decode,81,516901,0.2200983606557377,516820,81,5536.002954157592,0,1,0,0,0,0.0
3862,1769711878.5143495,decode,81,516982,0.22013285075580158,516901,81,5536.002954157592,0,1,0,0,0,0.0
3863,1769711878.5296423,decode,81,510063,0.21718671492441985,516982,81,5536.002954157592,0,1,0,0,0,0.0
3864,1769711878.5441968,decode,81,510143,0.21722077922077923,517063,80,5536.002954157592,0,1,0,0,0,0.0
3865,1769711878.5589967,decode,80,510223,0.2172548435171386,510143,80,5536.002954157592,0,1,0,0,0,0.0
3866,1769711878.5737605,decode,80,510303,0.21728890781349797,510223,80,5536.002954157592,0,1,0,0,0,0.0
3867,1769711878.5884843,decode,80,510383,0.21732297210985735,510303,80,5536.002954157592,0,1,0,0,0,0.0
3868,1769711878.6032906,decode,80,510463,0.21735703640621673,510383,80,5536.002954157592,0,1,0,0,0,0.0
3869,1769711878.6179922,decode,80,510543,0.2173911007025761,510463,80,5536.002954157592,0,1,0,0,0,0.0
3870,1769711878.6327295,decode,80,510623,0.2174251649989355,510543,80,5536.002954157592,0,1,0,0,0,0.0
3871,1769711878.6474733,decode,80,510703,0.21745922929529488,510623,80,5536.002954157592,0,1,0,0,0,0.0
3872,1769711878.6621826,decode,80,510783,0.21749329359165426,510703,80,5536.002954157592,0,1,0,0,0,0.0
3873,1769711878.6770265,decode,80,510863,0.21752735788801364,510783,80,5536.002954157592,0,1,0,0,0,0.0
3874,1769711878.6917078,decode,80,510943,0.217561422184373,510863,80,5536.002954157592,0,1,0,0,0,0.0
3875,1769711878.706461,decode,80,511023,0.21759548648073238,510943,80,5536.002954157592,0,1,0,0,0,0.0
3876,1769711878.721159,decode,80,511103,0.21762955077709176,511023,80,5536.002954157592,0,1,0,0,0,0.0
3877,1769711878.7359266,decode,80,511183,0.21766361507345114,511103,80,5536.002954157592,0,1,0,0,0,0.0
3878,1769711878.7506604,decode,80,511263,0.21769767936981052,511183,80,5536.002954157592,0,1,0,0,0,0.0
3879,1769711878.7652395,decode,80,511343,0.2177317436661699,511263,80,5536.002954157592,0,1,0,0,0,0.0
3880,1769711878.7799404,decode,80,511423,0.21776580796252928,511343,80,5536.002954157592,0,1,0,0,0,0.0
3881,1769711878.7946892,decode,80,511503,0.21779987225888867,511423,80,5536.002954157592,0,1,0,0,0,0.0
3882,1769711878.8094337,decode,80,511583,0.21783393655524802,511503,80,5536.002954157592,0,1,0,0,0,0.0
3883,1769711878.8240986,decode,80,511663,0.2178680008516074,511583,80,5536.002954157592,0,1,0,0,0,0.0
3884,1769711878.8388844,decode,80,511743,0.21790206514796678,511663,80,5536.002954157592,0,1,0,0,0,0.0
3885,1769711878.8538814,decode,80,511823,0.21793612944432617,511743,80,5445.709596823524,0,1,0,0,0,0.0
3886,1769711878.8684578,decode,80,511903,0.21797019374068555,511823,80,5445.709596823524,0,1,0,0,0,0.0
3887,1769711878.8832407,decode,80,511983,0.21800425803704493,511903,80,5445.709596823524,0,1,0,0,0,0.0
3888,1769711878.898089,decode,80,512063,0.2180383223334043,511983,80,5445.709596823524,0,1,0,0,0,0.0
3889,1769711878.9130194,decode,80,512143,0.2180723866297637,512063,80,5445.709596823524,0,1,0,0,0,0.0
3890,1769711878.9277778,decode,80,512223,0.21810645092612305,512143,80,5445.709596823524,0,1,0,0,0,0.0
3891,1769711878.9426432,decode,80,512303,0.21814051522248243,512223,80,5445.709596823524,0,1,0,0,0,0.0
3892,1769711878.9573555,decode,80,512383,0.2181745795188418,512303,80,5445.709596823524,0,1,0,0,0,0.0
3893,1769711878.9722567,decode,80,512463,0.2182086438152012,512383,80,5445.709596823524,0,1,0,0,0,0.0
3894,1769711878.9870918,decode,80,512543,0.21824270811156057,512463,80,5445.709596823524,0,1,0,0,0,0.0
3895,1769711879.0018616,decode,80,512623,0.21827677240791996,512543,80,5445.709596823524,0,1,0,0,0,0.0
3896,1769711879.0168052,decode,80,512703,0.21831083670427934,512623,80,5445.709596823524,0,1,0,0,0,0.0
3897,1769711879.031564,decode,80,512783,0.21834490100063872,512703,80,5445.709596823524,0,1,0,0,0,0.0
3898,1769711879.0464194,decode,80,512863,0.21837896529699807,512783,80,5445.709596823524,0,1,0,0,0,0.0
3899,1769711879.061299,decode,80,512943,0.21841302959335746,512863,80,5445.709596823524,0,1,0,0,0,0.0
3900,1769711879.0760415,decode,80,513023,0.21844709388971684,512943,80,5445.709596823524,0,1,0,0,0,0.0
3901,1769711879.0910208,decode,80,513103,0.21848115818607622,513023,80,5445.709596823524,0,1,0,0,0,0.0
3902,1769711879.1057858,decode,80,513183,0.2185152224824356,513103,80,5445.709596823524,0,1,0,0,0,0.0
3903,1769711879.120664,decode,80,513263,0.21854928677879498,513183,80,5445.709596823524,0,1,0,0,0,0.0
3904,1769711879.13546,decode,80,513343,0.21858335107515436,513263,80,5445.709596823524,0,1,0,0,0,0.0
3905,1769711879.1502397,decode,80,513423,0.21861741537151375,513343,80,5445.709596823524,0,1,0,0,0,0.0
3906,1769711879.1650865,decode,80,513503,0.2186514796678731,513423,80,5445.709596823524,0,1,0,0,0,0.0
3907,1769711879.1799107,decode,80,513583,0.21868554396423248,513503,80,5445.709596823524,0,1,0,0,0,0.0
3908,1769711879.1947837,decode,80,513663,0.21871960826059186,513583,80,5445.709596823524,0,1,0,0,0,0.0
3909,1769711879.209601,decode,80,513743,0.21875367255695125,513663,80,5445.709596823524,0,1,0,0,0,0.0
3910,1769711879.2244697,decode,80,513823,0.21878773685331063,513743,80,5445.709596823524,0,1,0,0,0,0.0
3911,1769711879.2393143,decode,80,513903,0.21882180114967,513823,80,5445.709596823524,0,1,0,0,0,0.0
3912,1769711879.2541096,decode,80,513983,0.2188558654460294,513903,80,5445.709596823524,0,1,0,0,0,0.0
3913,1769711879.2689378,decode,80,514063,0.21888992974238877,513983,80,5445.709596823524,0,1,0,0,0,0.0
3914,1769711879.283788,decode,80,514143,0.21892399403874813,514063,80,5445.709596823524,0,1,0,0,0,0.0
3915,1769711879.2986162,decode,80,514223,0.2189580583351075,514143,80,5445.709596823524,0,1,0,0,0,0.0
3916,1769711879.313463,decode,80,514303,0.2189921226314669,514223,80,5445.709596823524,0,1,0,0,0,0.0
3917,1769711879.3283107,decode,80,514383,0.21902618692782627,514303,80,5445.709596823524,0,1,0,0,0,0.0
3918,1769711879.3432677,decode,80,514463,0.21906025122418565,514383,80,5445.709596823524,0,1,0,0,0,0.0
3919,1769711879.3580227,decode,80,514543,0.21909431552054504,514463,80,5445.709596823524,0,1,0,0,0,0.0
3920,1769711879.3728566,decode,80,514623,0.21912837981690442,514543,80,5445.709596823524,0,1,0,0,0,0.0
3921,1769711879.387756,decode,80,514703,0.2191624441132638,514623,80,5445.709596823524,0,1,0,0,0,0.0
3922,1769711879.4025323,decode,80,514783,0.21919650840962315,514703,80,5445.709596823524,0,1,0,0,0,0.0
3923,1769711879.4174635,decode,80,514863,0.21923057270598253,514783,80,5445.709596823524,0,1,0,0,0,0.0
3924,1769711879.4322166,decode,80,514943,0.21926463700234192,514863,80,5445.709596823524,0,1,0,0,0,0.0
3925,1769711879.4472775,decode,80,515023,0.2192987012987013,514943,80,5391.690710927228,0,1,0,0,0,0.0
3926,1769711879.4619038,decode,80,515103,0.21933276559506068,515023,80,5391.690710927228,0,1,0,0,0,0.0
3927,1769711879.4767497,decode,80,515183,0.21936682989142006,515103,80,5391.690710927228,0,1,0,0,0,0.0
3928,1769711879.4914699,decode,80,515263,0.21940089418777944,515183,80,5391.690710927228,0,1,0,0,0,0.0
3929,1769711879.506404,decode,80,515343,0.21943495848413883,515263,80,5391.690710927228,0,1,0,0,0,0.0
3930,1769711879.521149,decode,80,515423,0.21946902278049818,515343,80,5391.690710927228,0,1,0,0,0,0.0
3931,1769711879.5360613,decode,80,515503,0.21950308707685756,515423,80,5391.690710927228,0,1,0,0,0,0.0
3932,1769711879.55098,decode,80,515583,0.21953715137321694,515503,80,5391.690710927228,0,1,0,0,0,0.0
3933,1769711879.565812,decode,80,515663,0.21957121566957633,515583,80,5391.690710927228,0,1,0,0,0,0.0
3934,1769711879.5806859,decode,80,515743,0.2196052799659357,515663,80,5391.690710927228,0,1,0,0,0,0.0
3935,1769711879.5956302,decode,80,515823,0.2196393442622951,515743,80,5391.690710927228,0,1,0,0,0,0.0
3936,1769711879.6105232,decode,80,515903,0.21967340855865447,515823,80,5391.690710927228,0,1,0,0,0,0.0
3937,1769711879.625352,decode,80,515983,0.21970747285501385,515903,80,5391.690710927228,0,1,0,0,0,0.0
3938,1769711879.6401577,decode,80,516063,0.2197415371513732,515983,80,5391.690710927228,0,1,0,0,0,0.0
3939,1769711879.6550982,decode,80,516143,0.2197756014477326,516063,80,5391.690710927228,0,1,0,0,0,0.0
3940,1769711879.6698158,decode,80,516223,0.21980966574409197,516143,80,5391.690710927228,0,1,0,0,0,0.0
3941,1769711879.6847003,decode,80,516303,0.21984373004045135,516223,80,5391.690710927228,0,1,0,0,0,0.0
3942,1769711879.699471,decode,80,516383,0.21987779433681073,516303,80,5391.690710927228,0,1,0,0,0,0.0
3943,1769711879.7144065,decode,80,516463,0.21991185863317012,516383,80,5391.690710927228,0,1,0,0,0,0.0
3944,1769711879.7291732,decode,80,516543,0.2199459229295295,516463,80,5391.690710927228,0,1,0,0,0,0.0
3945,1769711879.7439394,decode,80,516623,0.21997998722588888,516543,80,5391.690710927228,0,1,0,0,0,0.0
3946,1769711879.7588763,decode,80,516703,0.22001405152224823,516623,80,5391.690710927228,0,1,0,0,0,0.0
3947,1769711879.773607,decode,80,516783,0.22004811581860761,516703,80,5391.690710927228,0,1,0,0,0,0.0
3948,1769711879.7884336,decode,80,516863,0.220082180114967,516783,80,5391.690710927228,0,1,0,0,0,0.0
3949,1769711879.803382,decode,80,516943,0.22011624441132638,516863,80,5391.690710927228,0,1,0,0,0,0.0
3950,1769711879.8181205,decode,80,517023,0.22015030870768576,516943,80,5391.690710927228,0,1,0,0,0,0.0
3951,1769711879.8330534,decode,80,517103,0.22018437300404514,517023,80,5391.690710927228,0,1,0,0,0,0.0
3952,1769711879.8478224,decode,80,517183,0.22021843730040452,517103,80,5391.690710927228,0,1,0,0,0,0.0
3953,1769711879.8627768,decode,80,517263,0.2202525015967639,517183,80,5391.690710927228,0,1,0,0,0,0.0
3954,1769711879.877482,decode,80,517343,0.22028656589312326,517263,80,5391.690710927228,0,1,0,0,0,0.0
3955,1769711879.8923264,decode,80,517423,0.22032063018948264,517343,80,5391.690710927228,0,1,0,0,0,0.0
3956,1769711879.9071841,decode,80,517503,0.22035469448584202,517423,80,5391.690710927228,0,1,0,0,0,0.0
3957,1769711879.9220154,decode,80,517583,0.2203887587822014,517503,80,5391.690710927228,0,1,0,0,0,0.0
3958,1769711879.9368634,decode,80,517663,0.2204228230785608,517583,80,5391.690710927228,0,1,0,0,0,0.0
3959,1769711879.9517174,decode,80,517743,0.22045688737492017,517663,80,5391.690710927228,0,1,0,0,0,0.0
3960,1769711879.9665473,decode,80,517823,0.22049095167127955,517743,80,5391.690710927228,0,1,0,0,0,0.0
3961,1769711879.9813714,decode,80,517903,0.22052501596763893,517823,80,5391.690710927228,0,1,0,0,0,0.0
3962,1769711879.9962146,decode,80,517983,0.2205590802639983,517903,80,5391.690710927228,0,1,0,0,0,0.0
3963,1769711880.0110636,decode,80,518063,0.22059314456035767,517983,80,5391.690710927228,0,1,0,0,0,0.0
3964,1769711880.0259178,decode,80,518143,0.22062720885671705,518063,80,5391.690710927228,0,1,0,0,0,0.0
3965,1769711880.0409062,decode,80,518223,0.22066127315307643,518143,80,5390.598569896491,0,1,0,0,0,0.0
3966,1769711880.055643,decode,80,518303,0.2206953374494358,518223,80,5390.598569896491,0,1,0,0,0,0.0
3967,1769711880.0705073,decode,80,518383,0.2207294017457952,518303,80,5390.598569896491,0,1,0,0,0,0.0
3968,1769711880.0853925,decode,80,518463,0.22076346604215458,518383,80,5390.598569896491,0,1,0,0,0,0.0
3969,1769711880.100229,decode,80,518543,0.22079753033851396,518463,80,5390.598569896491,0,1,0,0,0,0.0
3970,1769711880.1150744,decode,80,518623,0.2208315946348733,518543,80,5390.598569896491,0,1,0,0,0,0.0
3971,1769711880.1300058,decode,80,518703,0.2208656589312327,518623,80,5390.598569896491,0,1,0,0,0,0.0
3972,1769711880.1448908,decode,80,518783,0.22089972322759208,518703,80,5390.598569896491,0,1,0,0,0,0.0
3973,1769711880.1597984,decode,80,518863,0.22093378752395146,518783,80,5390.598569896491,0,1,0,0,0,0.0
3974,1769711880.1746075,decode,80,518943,0.22096785182031084,518863,80,5390.598569896491,0,1,0,0,0,0.0
3975,1769711880.1895144,decode,80,519023,0.22100191611667022,518943,80,5390.598569896491,0,1,0,0,0,0.0
3976,1769711880.2043152,decode,80,519103,0.2210359804130296,519023,80,5390.598569896491,0,1,0,0,0,0.0
3977,1769711880.2191834,decode,80,519183,0.22107004470938899,519103,80,5390.598569896491,0,1,0,0,0,0.0
3978,1769711880.2339895,decode,80,519263,0.22110410900574834,519183,80,5390.598569896491,0,1,0,0,0,0.0
3979,1769711880.2488735,decode,80,519343,0.22113817330210772,519263,80,5390.598569896491,0,1,0,0,0,0.0
3980,1769711880.2636805,decode,80,519423,0.2211722375984671,519343,80,5390.598569896491,0,1,0,0,0,0.0
3981,1769711880.2786171,decode,80,519503,0.22120630189482648,519423,80,5390.598569896491,0,1,0,0,0,0.0
3982,1769711880.2935224,decode,80,519583,0.22124036619118587,519503,80,5390.598569896491,0,1,0,0,0,0.0
3983,1769711880.3084157,decode,80,519663,0.22127443048754525,519583,80,5390.598569896491,0,1,0,0,0,0.0
3984,1769711880.3232749,decode,80,519743,0.22130849478390463,519663,80,5390.598569896491,0,1,0,0,0,0.0
3985,1769711880.3382041,decode,80,519823,0.221342559080264,519743,80,5390.598569896491,0,1,0,0,0,0.0
3986,1769711880.3531208,decode,80,519903,0.22137662337662337,519823,80,5390.598569896491,0,1,0,0,0,0.0
3987,1769711880.368011,decode,80,519983,0.22141068767298275,519903,80,5390.598569896491,0,1,0,0,0,0.0
3988,1769711880.3828874,decode,80,520063,0.22144475196934213,519983,80,5390.598569896491,0,1,0,0,0,0.0
3989,1769711880.3978934,decode,80,520143,0.2214788162657015,520063,80,5390.598569896491,0,1,0,0,0,0.0
3990,1769711880.412779,decode,80,520223,0.2215128805620609,520143,80,5390.598569896491,0,1,0,0,0,0.0
3991,1769711880.4277658,decode,80,520303,0.22154694485842027,520223,80,5390.598569896491,0,1,0,0,0,0.0
3992,1769711880.4427023,decode,80,520383,0.22158100915477966,520303,80,5390.598569896491,0,1,0,0,0,0.0
3993,1769711880.4577315,decode,80,520463,0.22161507345113904,520383,80,5390.598569896491,0,1,0,0,0,0.0
3994,1769711880.4726174,decode,80,520543,0.2216491377474984,520463,80,5390.598569896491,0,1,0,0,0,0.0
3995,1769711880.4874878,decode,80,520623,0.22168320204385777,520543,80,5390.598569896491,0,1,0,0,0,0.0
3996,1769711880.5024364,decode,80,520703,0.22171726634021716,520623,80,5390.598569896491,0,1,0,0,0,0.0
3997,1769711880.5172915,decode,80,520783,0.22175133063657654,520703,80,5390.598569896491,0,1,0,0,0,0.0
3998,1769711880.532192,decode,80,520863,0.22178539493293592,520783,80,5390.598569896491,0,1,0,0,0,0.0
3999,1769711880.5471706,decode,80,520943,0.2218194592292953,520863,80,5390.598569896491,0,1,0,0,0,0.0
4000,1769711880.5620258,decode,80,521023,0.22185352352565468,520943,80,5390.598569896491,0,1,0,0,0,0.0
4001,1769711880.5770147,decode,80,521103,0.22188758782201407,521023,80,5390.598569896491,0,1,0,0,0,0.0
4002,1769711880.5918748,decode,80,521183,0.22192165211837342,521103,80,5390.598569896491,0,1,0,0,0,0.0
4003,1769711880.6068578,decode,80,521263,0.2219557164147328,521183,80,5390.598569896491,0,1,0,0,0,0.0
4004,1769711880.6216924,decode,80,521343,0.22198978071109218,521263,80,5390.598569896491,0,1,0,0,0,0.0
4005,1769711880.636754,decode,80,521423,0.22202384500745156,521343,80,5370.486006132665,0,1,0,0,0,0.0
4006,1769711880.6515465,decode,80,521503,0.22205790930381095,521423,80,5370.486006132665,0,1,0,0,0,0.0
4007,1769711880.6664755,decode,80,521583,0.22209197360017033,521503,80,5370.486006132665,0,1,0,0,0,0.0
4008,1769711880.6813893,decode,80,521663,0.2221260378965297,521583,80,5370.486006132665,0,1,0,0,0,0.0
4009,1769711880.6963165,decode,80,521743,0.2221601021928891,521663,80,5370.486006132665,0,1,0,0,0,0.0
4010,1769711880.7112443,decode,80,521823,0.22219416648924845,521743,80,5370.486006132665,0,1,0,0,0,0.0
4011,1769711880.726162,decode,80,521903,0.22222823078560783,521823,80,5370.486006132665,0,1,0,0,0,0.0
4012,1769711880.7411227,decode,80,521983,0.2222622950819672,521903,80,5370.486006132665,0,1,0,0,0,0.0
4013,1769711880.7560513,decode,80,522063,0.2222963593783266,521983,80,5370.486006132665,0,1,0,0,0,0.0
4014,1769711880.7710426,decode,80,522143,0.22233042367468597,522063,80,5370.486006132665,0,1,0,0,0,0.0
4015,1769711880.7860162,decode,80,522223,0.22236448797104535,522143,80,5370.486006132665,0,1,0,0,0,0.0
4016,1769711880.8009944,decode,80,522303,0.22239855226740474,522223,80,5370.486006132665,0,1,0,0,0,0.0
4017,1769711880.8159616,decode,80,522383,0.22243261656376412,522303,80,5370.486006132665,0,1,0,0,0,0.0
4018,1769711880.8310192,decode,80,522463,0.22246668086012347,522383,80,5370.486006132665,0,1,0,0,0,0.0
4019,1769711880.8459518,decode,80,522543,0.22250074515648285,522463,80,5370.486006132665,0,1,0,0,0,0.0
4020,1769711880.8609183,decode,80,522623,0.22253480945284224,522543,80,5370.486006132665,0,1,0,0,0,0.0
4021,1769711880.8759184,decode,80,522703,0.22256887374920162,522623,80,5370.486006132665,0,1,0,0,0,0.0
4022,1769711880.8909028,decode,80,522783,0.222602938045561,522703,80,5370.486006132665,0,1,0,0,0,0.0
4023,1769711880.9059215,decode,80,522863,0.22263700234192038,522783,80,5370.486006132665,0,1,0,0,0,0.0
4024,1769711880.920855,decode,80,522943,0.22267106663827976,522863,80,5370.486006132665,0,1,0,0,0,0.0
4025,1769711880.9358675,decode,80,523023,0.22270513093463915,522943,80,5370.486006132665,0,1,0,0,0,0.0
4026,1769711880.950832,decode,80,523103,0.2227391952309985,523023,80,5370.486006132665,0,1,0,0,0,0.0
4027,1769711880.9658601,decode,80,523183,0.22277325952735788,523103,80,5370.486006132665,0,1,0,0,0,0.0
4028,1769711880.9807856,decode,80,523263,0.22280732382371726,523183,80,5370.486006132665,0,1,0,0,0,0.0
4029,1769711880.9958408,decode,80,523343,0.22284138812007664,523263,80,5370.486006132665,0,1,0,0,0,0.0
4030,1769711881.0108097,decode,80,523423,0.22287545241643603,523343,80,5370.486006132665,0,1,0,0,0,0.0
4031,1769711881.0258245,decode,80,523503,0.2229095167127954,523423,80,5370.486006132665,0,1,0,0,0,0.0
4032,1769711881.0408537,decode,80,523583,0.2229435810091548,523503,80,5370.486006132665,0,1,0,0,0,0.0
4033,1769711881.0558467,decode,80,523663,0.22297764530551417,523583,80,5370.486006132665,0,1,0,0,0,0.0
4034,1769711881.070851,decode,80,523743,0.22301170960187353,523663,80,5370.486006132665,0,1,0,0,0,0.0
4035,1769711881.0858986,decode,80,523823,0.2230457738982329,523743,80,5370.486006132665,0,1,0,0,0,0.0
4036,1769711881.1009648,decode,80,523903,0.2230798381945923,523823,80,5370.486006132665,0,1,0,0,0,0.0
4037,1769711881.11594,decode,80,523983,0.22311390249095167,523903,80,5370.486006132665,0,1,0,0,0,0.0
4038,1769711881.130929,decode,80,524063,0.22314796678731105,523983,80,5370.486006132665,0,1,0,0,0,0.0
4039,1769711881.1460078,decode,80,524143,0.22318203108367043,524063,80,5370.486006132665,0,1,0,0,0,0.0
4040,1769711881.16095,decode,80,524223,0.22321609538002982,524143,80,5370.486006132665,0,1,0,0,0,0.0
4041,1769711881.1759996,decode,80,524303,0.2232501596763892,524223,80,5370.486006132665,0,1,0,0,0,0.0
4042,1769711881.1909702,decode,80,524383,0.22328422397274855,524303,80,5370.486006132665,0,1,0,0,0,0.0
4043,1769711881.2060542,decode,80,524463,0.22331828826910793,524383,80,5370.486006132665,0,1,0,0,0,0.0
4044,1769711881.221069,decode,80,524543,0.22335235256546732,524463,80,5370.486006132665,0,1,0,0,0,0.0
4045,1769711881.2361794,decode,80,524623,0.2233864168618267,524543,80,5338.4380989926385,0,1,0,0,0,0.0
4046,1769711881.2511399,decode,80,524703,0.22342048115818608,524623,80,5338.4380989926385,0,1,0,0,0,0.0
4047,1769711881.2661016,decode,80,524783,0.22345454545454546,524703,80,5338.4380989926385,0,1,0,0,0,0.0
4048,1769711881.2811024,decode,80,524863,0.22348860975090484,524783,80,5338.4380989926385,0,1,0,0,0,0.0
4049,1769711881.296185,decode,80,524943,0.22352267404726422,524863,80,5338.4380989926385,0,1,0,0,0,0.0
4050,1769711881.3111594,decode,80,525023,0.22355673834362358,524943,80,5338.4380989926385,0,1,0,0,0,0.0
4051,1769711881.3262658,decode,80,525103,0.22359080263998296,525023,80,5338.4380989926385,0,1,0,0,0,0.0
4052,1769711881.3412464,decode,80,525183,0.22362486693634234,525103,80,5338.4380989926385,0,1,0,0,0,0.0
4053,1769711881.3564017,decode,80,525263,0.22365893123270172,525183,80,5338.4380989926385,0,1,0,0,0,0.0
4054,1769711881.3713353,decode,80,525343,0.2236929955290611,525263,80,5338.4380989926385,0,1,0,0,0,0.0
4055,1769711881.3863647,decode,80,525423,0.2237270598254205,525343,80,5338.4380989926385,0,1,0,0,0,0.0
4056,1769711881.401401,decode,80,525503,0.22376112412177987,525423,80,5338.4380989926385,0,1,0,0,0,0.0
4057,1769711881.4164212,decode,80,525583,0.22379518841813925,525503,80,5338.4380989926385,0,1,0,0,0,0.0
4058,1769711881.431472,decode,80,525663,0.2238292527144986,525583,80,5338.4380989926385,0,1,0,0,0,0.0
4059,1769711881.4465005,decode,80,525743,0.223863317010858,525663,80,5338.4380989926385,0,1,0,0,0,0.0
4060,1769711881.461536,decode,80,525823,0.22389738130721737,525743,80,5338.4380989926385,0,1,0,0,0,0.0
4061,1769711881.4765434,decode,80,525903,0.22393144560357675,525823,80,5338.4380989926385,0,1,0,0,0,0.0
4062,1769711881.4916053,decode,80,525983,0.22396550989993613,525903,80,5338.4380989926385,0,1,0,0,0,0.0
4063,1769711881.5065877,decode,80,526063,0.22399957419629551,525983,80,5338.4380989926385,0,1,0,0,0,0.0
4064,1769711881.5216243,decode,80,526143,0.2240336384926549,526063,80,5338.4380989926385,0,1,0,0,0,0.0
4065,1769711881.5366225,decode,80,526223,0.22406770278901428,526143,80,5338.4380989926385,0,1,0,0,0,0.0
4066,1769711881.5516963,decode,80,526303,0.22410176708537363,526223,80,5338.4380989926385,0,1,0,0,0,0.0
4067,1769711881.566756,decode,80,526383,0.22413583138173301,526303,80,5338.4380989926385,0,1,0,0,0,0.0
4068,1769711881.58185,decode,80,526463,0.2241698956780924,526383,80,5338.4380989926385,0,1,0,0,0,0.0
4069,1769711881.5968509,decode,80,526543,0.22420395997445178,526463,80,5338.4380989926385,0,1,0,0,0,0.0
4070,1769711881.611888,decode,80,526623,0.22423802427081116,526543,80,5338.4380989926385,0,1,0,0,0,0.0
4071,1769711881.6269655,decode,80,526703,0.22427208856717054,526623,80,5338.4380989926385,0,1,0,0,0,0.0
4072,1769711881.6419857,decode,80,526783,0.22430615286352992,526703,80,5338.4380989926385,0,1,0,0,0,0.0
4073,1769711881.6570408,decode,80,526863,0.2243402171598893,526783,80,5338.4380989926385,0,1,0,0,0,0.0
4074,1769711881.672116,decode,80,526943,0.22437428145624866,526863,80,5338.4380989926385,0,1,0,0,0,0.0
4075,1769711881.6871176,decode,80,527023,0.22440834575260804,526943,80,5338.4380989926385,0,1,0,0,0,0.0
4076,1769711881.7021337,decode,80,527103,0.22444241004896742,527023,80,5338.4380989926385,0,1,0,0,0,0.0
4077,1769711881.7171938,decode,80,527183,0.2244764743453268,527103,80,5338.4380989926385,0,1,0,0,0,0.0
4078,1769711881.732247,decode,80,527263,0.22451053864168619,527183,80,5338.4380989926385,0,1,0,0,0,0.0
4079,1769711881.7473197,decode,80,527343,0.22454460293804557,527263,80,5338.4380989926385,0,1,0,0,0,0.0
4080,1769711881.762313,decode,80,527423,0.22457866723440495,527343,80,5338.4380989926385,0,1,0,0,0,0.0
4081,1769711881.7774274,decode,80,527503,0.22461273153076433,527423,80,5338.4380989926385,0,1,0,0,0,0.0
4082,1769711881.7924364,decode,80,527583,0.22464679582712369,527503,80,5338.4380989926385,0,1,0,0,0,0.0
4083,1769711881.807429,decode,80,527663,0.22468086012348307,527583,80,5338.4380989926385,0,1,0,0,0,0.0
4084,1769711881.8224852,decode,80,527743,0.22471492441984245,527663,80,5338.4380989926385,0,1,0,0,0,0.0
4085,1769711881.8376737,decode,80,527823,0.22474898871620183,527743,80,5320.1455368325005,0,1,0,0,0,0.0
4086,1769711881.8526444,decode,80,527903,0.2247830530125612,527823,80,5320.1455368325005,0,1,0,0,0,0.0
4087,1769711881.8676033,decode,80,527983,0.2248171173089206,527903,80,5320.1455368325005,0,1,0,0,0,0.0
4088,1769711881.882707,decode,80,528063,0.22485118160527998,527983,80,5320.1455368325005,0,1,0,0,0,0.0
4089,1769711881.897765,decode,80,528143,0.22488524590163936,528063,80,5320.1455368325005,0,1,0,0,0,0.0
4090,1769711881.9127712,decode,80,528223,0.2249193101979987,528143,80,5320.1455368325005,0,1,0,0,0,0.0
4091,1769711881.9278545,decode,80,528303,0.2249533744943581,528223,80,5320.1455368325005,0,1,0,0,0,0.0
4092,1769711881.9428742,decode,80,528383,0.22498743879071748,528303,80,5320.1455368325005,0,1,0,0,0,0.0
4093,1769711881.95799,decode,80,528463,0.22502150308707686,528383,80,5320.1455368325005,0,1,0,0,0,0.0
4094,1769711881.9730167,decode,80,528543,0.22505556738343624,528463,80,5320.1455368325005,0,1,0,0,0,0.0
4095,1769711881.9880433,decode,80,528623,0.22508963167979562,528543,80,5320.1455368325005,0,1,0,0,0,0.0
4096,1769711882.003202,decode,80,528703,0.225123695976155,528623,80,5320.1455368325005,0,1,0,0,0,0.0
4097,1769711882.0182257,decode,80,528783,0.22515776027251438,528703,80,5320.1455368325005,0,1,0,0,0,0.0
4098,1769711882.0332687,decode,80,528863,0.22519182456887374,528783,80,5320.1455368325005,0,1,0,0,0,0.0
4099,1769711882.0483994,decode,80,528943,0.22522588886523312,528863,80,5320.1455368325005,0,1,0,0,0,0.0
4100,1769711882.063365,decode,80,529023,0.2252599531615925,528943,80,5320.1455368325005,0,1,0,0,0,0.0
4101,1769711882.0784988,decode,80,529103,0.22529401745795188,529023,80,5320.1455368325005,0,1,0,0,0,0.0
4102,1769711882.0934944,decode,80,529183,0.22532808175431127,529103,80,5320.1455368325005,0,1,0,0,0,0.0
4103,1769711882.1086192,decode,80,529263,0.22536214605067065,529183,80,5320.1455368325005,0,1,0,0,0,0.0
4104,1769711882.123582,decode,80,529343,0.22539621034703003,529263,80,5320.1455368325005,0,1,0,0,0,0.0
4105,1769711882.13864,decode,80,529423,0.2254302746433894,529343,80,5320.1455368325005,0,1,0,0,0,0.0
4106,1769711882.1537173,decode,80,529503,0.22546433893974877,529423,80,5320.1455368325005,0,1,0,0,0,0.0
4107,1769711882.168763,decode,80,529583,0.22549840323610815,529503,80,5320.1455368325005,0,1,0,0,0,0.0
4108,1769711882.1838381,decode,80,529663,0.22553246753246753,529583,80,5320.1455368325005,0,1,0,0,0,0.0
4109,1769711882.1988933,decode,80,529743,0.2255665318288269,529663,80,5320.1455368325005,0,1,0,0,0,0.0
4110,1769711882.2139533,decode,80,529823,0.2256005961251863,529743,80,5320.1455368325005,0,1,0,0,0,0.0
4111,1769711882.2289915,decode,80,529903,0.22563466042154567,529823,80,5320.1455368325005,0,1,0,0,0,0.0
4112,1769711882.2440507,decode,80,529983,0.22566872471790506,529903,80,5320.1455368325005,0,1,0,0,0,0.0
4113,1769711882.2591255,decode,80,530063,0.22570278901426444,529983,80,5320.1455368325005,0,1,0,0,0,0.0
4114,1769711882.2741778,decode,80,530143,0.2257368533106238,530063,80,5320.1455368325005,0,1,0,0,0,0.0
4115,1769711882.2892385,decode,80,530223,0.22577091760698317,530143,80,5320.1455368325005,0,1,0,0,0,0.0
4116,1769711882.304316,decode,80,530303,0.22580498190334256,530223,80,5320.1455368325005,0,1,0,0,0,0.0
4117,1769711882.3193653,decode,80,530383,0.22583904619970194,530303,80,5320.1455368325005,0,1,0,0,0,0.0
4118,1769711882.334546,decode,80,530463,0.22587311049606132,530383,80,5320.1455368325005,0,1,0,0,0,0.0
4119,1769711882.3495536,decode,80,530543,0.2259071747924207,530463,80,5320.1455368325005,0,1,0,0,0,0.0
4120,1769711882.364605,decode,80,530623,0.22594123908878008,530543,80,5320.1455368325005,0,1,0,0,0,0.0
4121,1769711882.379753,decode,80,530703,0.22597530338513946,530623,80,5320.1455368325005,0,1,0,0,0,0.0
4122,1769711882.3947964,decode,80,530783,0.22600936768149882,530703,80,5320.1455368325005,0,1,0,0,0,0.0
4123,1769711882.4099755,decode,80,530863,0.2260434319778582,530783,80,5320.1455368325005,0,1,0,0,0,0.0
4124,1769711882.4250083,decode,80,530943,0.22607749627421758,530863,80,5320.1455368325005,0,1,0,0,0,0.0
4125,1769711882.4402792,decode,80,531023,0.22611156057057696,530943,80,5310.269135221048,0,1,0,0,0,0.0
4126,1769711882.4551845,decode,80,531103,0.22614562486693635,531023,80,5310.269135221048,0,1,0,0,0,0.0
4127,1769711882.4703534,decode,80,531183,0.22617968916329573,531103,80,5310.269135221048,0,1,0,0,0,0.0
4128,1769711882.4853878,decode,80,531263,0.2262137534596551,531183,80,5310.269135221048,0,1,0,0,0,0.0
4129,1769711882.5005457,decode,80,531343,0.2262478177560145,531263,80,5310.269135221048,0,1,0,0,0,0.0
4130,1769711882.5155709,decode,80,531423,0.22628188205237385,531343,80,5310.269135221048,0,1,0,0,0,0.0
4131,1769711882.5307243,decode,80,531503,0.22631594634873323,531423,80,5310.269135221048,0,1,0,0,0,0.0
4132,1769711882.5458384,decode,80,531583,0.2263500106450926,531503,80,5310.269135221048,0,1,0,0,0,0.0
4133,1769711882.5609179,decode,80,531663,0.226384074941452,531583,80,5310.269135221048,0,1,0,0,0,0.0
4134,1769711882.5759718,decode,80,531743,0.22641813923781137,531663,80,5310.269135221048,0,1,0,0,0,0.0
4135,1769711882.5911407,decode,80,531823,0.22645220353417075,531743,80,5310.269135221048,0,1,0,0,0,0.0
4136,1769711882.6062489,decode,80,531903,0.22648626783053014,531823,80,5310.269135221048,0,1,0,0,0,0.0
4137,1769711882.6213033,decode,80,531983,0.22652033212688952,531903,80,5310.269135221048,0,1,0,0,0,0.0
4138,1769711882.636394,decode,80,532063,0.22655439642324887,531983,80,5310.269135221048,0,1,0,0,0,0.0
4139,1769711882.651592,decode,80,532143,0.22658846071960825,532063,80,5310.269135221048,0,1,0,0,0,0.0
4140,1769711882.6666846,decode,80,532223,0.22662252501596764,532143,80,5310.269135221048,0,1,0,0,0,0.0
4141,1769711882.6820116,decode,80,532303,0.22665658931232702,532223,80,5310.269135221048,0,1,0,0,0,0.0
4142,1769711882.6973789,decode,80,532383,0.2266906536086864,532303,80,5310.269135221048,0,1,0,0,0,0.0
4143,1769711882.7129052,decode,80,532463,0.22672471790504578,532383,80,5310.269135221048,0,1,0,0,0,0.0
4144,1769711882.728428,decode,80,532543,0.22675878220140516,532463,80,5310.269135221048,0,1,0,0,0,0.0
4145,1769711882.7439787,decode,80,532623,0.22679284649776454,532543,80,5310.269135221048,0,1,0,0,0,0.0
4146,1769711882.7596467,decode,80,532703,0.2268269107941239,532623,80,5310.269135221048,0,1,0,0,0,0.0
4147,1769711882.7754452,decode,80,532783,0.22686097509048328,532703,80,5310.269135221048,0,1,0,0,0,0.0
4148,1769711882.7912655,decode,80,532863,0.22689503938684266,532783,80,5310.269135221048,0,1,0,0,0,0.0
4149,1769711882.8070178,decode,80,532943,0.22692910368320204,532863,80,5310.269135221048,0,1,0,0,0,0.0
4150,1769711882.8226576,decode,80,533023,0.22696316797956143,532943,80,5310.269135221048,0,1,0,0,0,0.0
4151,1769711882.8386137,decode,80,533103,0.2269972322759208,533023,80,5310.269135221048,0,1,0,0,0,0.0
4152,1769711882.8543475,decode,80,533183,0.2270312965722802,533103,80,5310.269135221048,0,1,0,0,0,0.0
4153,1769711882.8700836,decode,80,533263,0.22706536086863957,533183,80,5310.269135221048,0,1,0,0,0,0.0
4154,1769711882.8856113,decode,80,533343,0.22709942516499892,533263,80,5310.269135221048,0,1,0,0,0,0.0
4155,1769711882.9013052,decode,80,533423,0.2271334894613583,533343,80,5310.269135221048,0,1,0,0,0,0.0
4156,1769711882.9171574,decode,80,533503,0.2271675537577177,533423,80,5310.269135221048,0,1,0,0,0,0.0
4157,1769711882.9331646,decode,80,533583,0.22720161805407707,533503,80,5310.269135221048,0,1,0,0,0,0.0
4158,1769711882.94913,decode,80,533663,0.22723568235043645,533583,80,5310.269135221048,0,1,0,0,0,0.0
4159,1769711882.965084,decode,80,533743,0.22726974664679583,533663,80,5310.269135221048,0,1,0,0,0,0.0
4160,1769711882.9808576,decode,80,533823,0.22730381094315522,533743,80,5310.269135221048,0,1,0,0,0,0.0
4161,1769711882.9965653,decode,80,533903,0.2273378752395146,533823,80,5310.269135221048,0,1,0,0,0,0.0
4162,1769711883.0122342,decode,80,533983,0.22737193953587395,533903,80,5310.269135221048,0,1,0,0,0,0.0
4163,1769711883.0279334,decode,80,534063,0.22740600383223333,533983,80,5310.269135221048,0,1,0,0,0,0.0
4164,1769711883.0436738,decode,80,534143,0.22744006812859272,534063,80,5310.269135221048,0,1,0,0,0,0.0
4165,1769711883.0597594,decode,80,534223,0.2274741324249521,534143,80,5165.60004082569,0,1,0,0,0,0.0
4166,1769711883.0756383,decode,80,534303,0.22750819672131148,534223,80,5165.60004082569,0,1,0,0,0,0.0
4167,1769711883.0916069,decode,80,534383,0.22754226101767086,534303,80,5165.60004082569,0,1,0,0,0,0.0
4168,1769711883.107661,decode,80,534463,0.22757632531403024,534383,80,5165.60004082569,0,1,0,0,0,0.0
4169,1769711883.1235535,decode,80,534543,0.22761038961038962,534463,80,5165.60004082569,0,1,0,0,0,0.0
4170,1769711883.1395319,decode,80,534623,0.22764445390674898,534543,80,5165.60004082569,0,1,0,0,0,0.0
4171,1769711883.1555603,decode,80,534703,0.22767851820310836,534623,80,5165.60004082569,0,1,0,0,0,0.0
4172,1769711883.1714482,decode,80,534783,0.22771258249946774,534703,80,5165.60004082569,0,1,0,0,0,0.0
4173,1769711883.1872203,decode,80,534863,0.22774664679582712,534783,80,5165.60004082569,0,1,0,0,0,0.0
4174,1769711883.2034707,decode,80,534943,0.2277807110921865,534863,80,5165.60004082569,0,1,0,0,0,0.0
4175,1769711883.2192724,decode,80,535023,0.2278147753885459,534943,80,5165.60004082569,0,1,0,0,0,0.0
4176,1769711883.2350285,decode,80,535103,0.22784883968490527,535023,80,5165.60004082569,0,1,0,0,0,0.0
4177,1769711883.2510679,decode,80,535183,0.22788290398126465,535103,80,5165.60004082569,0,1,0,0,0,0.0
4178,1769711883.267006,decode,80,535263,0.227916968277624,535183,80,5165.60004082569,0,1,0,0,0,0.0
4179,1769711883.2830296,decode,80,535343,0.2279510325739834,535263,80,5165.60004082569,0,1,0,0,0,0.0
4180,1769711883.2989557,decode,80,535423,0.22798509687034277,535343,80,5165.60004082569,0,1,0,0,0,0.0
4181,1769711883.314952,decode,80,535503,0.22801916116670215,535423,80,5165.60004082569,0,1,0,0,0,0.0
4182,1769711883.3309107,decode,80,535583,0.22805322546306153,535503,80,5165.60004082569,0,1,0,0,0,0.0
4183,1769711883.3466089,decode,80,535663,0.2280872897594209,535583,80,5165.60004082569,0,1,0,0,0,0.0
4184,1769711883.3625722,decode,80,535743,0.2281213540557803,535663,80,5165.60004082569,0,1,0,0,0,0.0
4185,1769711883.378636,decode,80,535823,0.22815541835213968,535743,80,5165.60004082569,0,1,0,0,0,0.0
4186,1769711883.3945992,decode,80,535903,0.22818948264849903,535823,80,5165.60004082569,0,1,0,0,0,0.0
4187,1769711883.410555,decode,80,535983,0.2282235469448584,535903,80,5165.60004082569,0,1,0,0,0,0.0
4188,1769711883.4265022,decode,80,536063,0.2282576112412178,535983,80,5165.60004082569,0,1,0,0,0,0.0
4189,1769711883.4425256,decode,80,536143,0.22829167553757718,536063,80,5165.60004082569,0,1,0,0,0,0.0
4190,1769711883.458441,decode,80,536223,0.22832573983393656,536143,80,5165.60004082569,0,1,0,0,0,0.0
4191,1769711883.4744618,decode,80,536303,0.22835980413029594,536223,80,5165.60004082569,0,1,0,0,0,0.0
4192,1769711883.4904294,decode,80,536383,0.22839386842665532,536303,80,5165.60004082569,0,1,0,0,0,0.0
4193,1769711883.506469,decode,80,536463,0.2284279327230147,536383,80,5165.60004082569,0,1,0,0,0,0.0
4194,1769711883.522434,decode,80,536543,0.22846199701937406,536463,80,5165.60004082569,0,1,0,0,0,0.0
4195,1769711883.5383935,decode,80,536623,0.22849606131573344,536543,80,5165.60004082569,0,1,0,0,0,0.0
4196,1769711883.5544357,decode,80,536703,0.22853012561209282,536623,80,5165.60004082569,0,1,0,0,0,0.0
4197,1769711883.5703778,decode,80,536783,0.2285641899084522,536703,80,5165.60004082569,0,1,0,0,0,0.0
4198,1769711883.5863354,decode,80,536863,0.22859825420481159,536783,80,5165.60004082569,0,1,0,0,0,0.0
4199,1769711883.6023831,decode,80,536943,0.22863231850117097,536863,80,5165.60004082569,0,1,0,0,0,0.0
4200,1769711883.6183236,decode,80,537023,0.22866638279753035,536943,80,5165.60004082569,0,1,0,0,0,0.0
4201,1769711883.6343756,decode,80,537103,0.22870044709388973,537023,80,5165.60004082569,0,1,0,0,0,0.0
4202,1769711883.6502833,decode,80,537183,0.22873451139024908,537103,80,5165.60004082569,0,1,0,0,0,0.0
4203,1769711883.6663249,decode,80,537263,0.22876857568660847,537183,80,5165.60004082569,0,1,0,0,0,0.0
4204,1769711883.6822603,decode,80,537343,0.22880263998296785,537263,80,5165.60004082569,0,1,0,0,0,0.0
4205,1769711883.6983712,decode,80,537423,0.22883670427932723,537343,80,5010.888440956953,0,1,0,0,0,0.0
4206,1769711883.7142162,decode,80,537503,0.2288707685756866,537423,80,5010.888440956953,0,1,0,0,0,0.0
4207,1769711883.729973,decode,80,537583,0.228904832872046,537503,80,5010.888440956953,0,1,0,0,0,0.0
4208,1769711883.7459092,decode,80,537663,0.22893889716840538,537583,80,5010.888440956953,0,1,0,0,0,0.0
4209,1769711883.76189,decode,80,537743,0.22897296146476476,537663,80,5010.888440956953,0,1,0,0,0,0.0
4210,1769711883.777877,decode,80,537823,0.2290070257611241,537743,80,5010.888440956953,0,1,0,0,0,0.0
4211,1769711883.7938828,decode,80,537903,0.2290410900574835,537823,80,5010.888440956953,0,1,0,0,0,0.0
4212,1769711883.80984,decode,80,537983,0.22907515435384287,537903,80,5010.888440956953,0,1,0,0,0,0.0
4213,1769711883.8258493,decode,80,538063,0.22910921865020226,537983,80,5010.888440956953,0,1,0,0,0,0.0
4214,1769711883.841853,decode,80,538143,0.22914328294656164,538063,80,5010.888440956953,0,1,0,0,0,0.0
4215,1769711883.857868,decode,80,538223,0.22917734724292102,538143,80,5010.888440956953,0,1,0,0,0,0.0
4216,1769711883.8738706,decode,80,538303,0.2292114115392804,538223,80,5010.888440956953,0,1,0,0,0,0.0
4217,1769711883.8898673,decode,80,538383,0.22924547583563978,538303,80,5010.888440956953,0,1,0,0,0,0.0
4218,1769711883.9059615,decode,80,538463,0.22927954013199914,538383,80,5010.888440956953,0,1,0,0,0,0.0
4219,1769711883.921925,decode,80,538543,0.22931360442835852,538463,80,5010.888440956953,0,1,0,0,0,0.0
4220,1769711883.9379158,decode,80,538623,0.2293476687247179,538543,80,5010.888440956953,0,1,0,0,0,0.0
4221,1769711883.953949,decode,80,538703,0.22938173302107728,538623,80,5010.888440956953,0,1,0,0,0,0.0
4222,1769711883.969916,decode,80,538783,0.22941579731743666,538703,80,5010.888440956953,0,1,0,0,0,0.0
4223,1769711883.986005,decode,80,538863,0.22944986161379605,538783,80,5010.888440956953,0,1,0,0,0,0.0
4224,1769711884.0019634,decode,80,538943,0.22948392591015543,538863,80,5010.888440956953,0,1,0,0,0,0.0
4225,1769711884.0180044,decode,80,539023,0.2295179902065148,538943,80,5010.888440956953,0,1,0,0,0,0.0
4226,1769711884.0339625,decode,80,539103,0.22955205450287416,539023,80,5010.888440956953,0,1,0,0,0,0.0
4227,1769711884.0499933,decode,80,539183,0.22958611879923355,539103,80,5010.888440956953,0,1,0,0,0,0.0
4228,1769711884.065977,decode,80,539263,0.22962018309559293,539183,80,5010.888440956953,0,1,0,0,0,0.0
4229,1769711884.0820231,decode,80,539343,0.2296542473919523,539263,80,5010.888440956953,0,1,0,0,0,0.0
4230,1769711884.0980005,decode,80,539423,0.2296883116883117,539343,80,5010.888440956953,0,1,0,0,0,0.0
4231,1769711884.1140404,decode,80,539503,0.22972237598467107,539423,80,5010.888440956953,0,1,0,0,0,0.0
4232,1769711884.130071,decode,80,539583,0.22975644028103046,539503,80,5010.888440956953,0,1,0,0,0,0.0
4233,1769711884.1460578,decode,80,539663,0.22979050457738984,539583,80,5010.888440956953,0,1,0,0,0,0.0
4234,1769711884.1619663,decode,80,539743,0.2298245688737492,539663,80,5010.888440956953,0,1,0,0,0,0.0
4235,1769711884.1777916,decode,80,539823,0.22985863317010857,539743,80,5010.888440956953,0,1,0,0,0,0.0
4236,1769711884.1938298,decode,80,539903,0.22989269746646795,539823,80,5010.888440956953,0,1,0,0,0,0.0
4237,1769711884.2098017,decode,80,539983,0.22992676176282734,539903,80,5010.888440956953,0,1,0,0,0,0.0
4238,1769711884.2256768,decode,80,540063,0.22996082605918672,539983,80,5010.888440956953,0,1,0,0,0,0.0
4239,1769711884.2415636,decode,80,540143,0.2299948903555461,540063,80,5010.888440956953,0,1,0,0,0,0.0
4240,1769711884.257524,decode,80,540223,0.23002895465190548,540143,80,5010.888440956953,0,1,0,0,0,0.0
4241,1769711884.273593,decode,80,540303,0.23006301894826486,540223,80,5010.888440956953,0,1,0,0,0,0.0
4242,1769711884.2895553,decode,80,540383,0.23009708324462422,540303,80,5010.888440956953,0,1,0,0,0,0.0
4243,1769711884.305653,decode,80,540463,0.2301311475409836,540383,80,5010.888440956953,0,1,0,0,0,0.0
4244,1769711884.3215816,decode,80,540543,0.23016521183734298,540463,80,5010.888440956953,0,1,0,0,0,0.0
4245,1769711884.3374553,decode,80,540623,0.23019927613370236,540543,80,5007.185866351617,0,1,0,0,0,0.0
4246,1769711884.3533971,decode,80,540703,0.23023334043006174,540623,80,5007.185866351617,0,1,0,0,0,0.0
4247,1769711884.3694193,decode,80,540783,0.23026740472642113,540703,80,5007.185866351617,0,1,0,0,0,0.0
4248,1769711884.3854651,decode,80,540863,0.2303014690227805,540783,80,5007.185866351617,0,1,0,0,0,0.0
4249,1769711884.4014866,decode,80,540943,0.2303355333191399,540863,80,5007.185866351617,0,1,0,0,0,0.0
4250,1769711884.4172065,decode,80,541023,0.23036959761549924,540943,80,5007.185866351617,0,1,0,0,0,0.0
4251,1769711884.4330556,decode,80,541103,0.23040366191185863,541023,80,5007.185866351617,0,1,0,0,0,0.0
4252,1769711884.448766,decode,80,541183,0.230437726208218,541103,80,5007.185866351617,0,1,0,0,0,0.0
4253,1769711884.4646237,decode,80,541263,0.2304717905045774,541183,80,5007.185866351617,0,1,0,0,0,0.0
4254,1769711884.4803314,decode,80,541343,0.23050585480093677,541263,80,5007.185866351617,0,1,0,0,0,0.0
4255,1769711884.4963465,decode,80,541423,0.23053991909729615,541343,80,5007.185866351617,0,1,0,0,0,0.0
4256,1769711884.5125453,decode,80,541503,0.23057398339365553,541423,80,5007.185866351617,0,1,0,0,0,0.0
4257,1769711884.52902,decode,80,541583,0.23060804769001492,541503,80,5007.185866351617,0,1,0,0,0,0.0
4258,1769711884.5457382,decode,80,541663,0.23064211198637427,541583,80,5007.185866351617,0,1,0,0,0,0.0
4259,1769711884.5625627,decode,80,541743,0.23067617628273365,541663,80,5007.185866351617,0,1,0,0,0,0.0
4260,1769711884.5794044,decode,80,541823,0.23071024057909303,541743,80,5007.185866351617,0,1,0,0,0,0.0
4261,1769711884.5962124,decode,80,541903,0.23074430487545242,541823,80,5007.185866351617,0,1,0,0,0,0.0
4262,1769711884.6130302,decode,80,541983,0.2307783691718118,541903,80,5007.185866351617,0,1,0,0,0,0.0
4263,1769711884.6298552,decode,80,542063,0.23081243346817118,541983,80,5007.185866351617,0,1,0,0,0,0.0
4264,1769711884.6466775,decode,80,542143,0.23084649776453056,542063,80,5007.185866351617,0,1,0,0,0,0.0
4265,1769711884.6634903,decode,80,542223,0.23088056206088994,542143,80,5007.185866351617,0,1,0,0,0,0.0
4266,1769711884.6803143,decode,80,542303,0.2309146263572493,542223,80,5007.185866351617,0,1,0,0,0,0.0
4267,1769711884.6970248,decode,80,542383,0.23094869065360868,542303,80,5007.185866351617,0,1,0,0,0,0.0
4268,1769711884.7136087,decode,80,542463,0.23098275494996806,542383,80,5007.185866351617,0,1,0,0,0,0.0
4269,1769711884.7298667,decode,80,542543,0.23101681924632744,542463,80,5007.185866351617,0,1,0,0,0,0.0
4270,1769711884.7462623,decode,80,542623,0.23105088354268682,542543,80,5007.185866351617,0,1,0,0,0,0.0
4271,1769711884.7630405,decode,80,542703,0.2310849478390462,542623,80,5007.185866351617,0,1,0,0,0,0.0
4272,1769711884.7797828,decode,80,542783,0.2311190121354056,542703,80,5007.185866351617,0,1,0,0,0,0.0
4273,1769711884.796602,decode,80,542863,0.23115307643176497,542783,80,5007.185866351617,0,1,0,0,0,0.0
4274,1769711884.8133404,decode,80,542943,0.23118714072812432,542863,80,5007.185866351617,0,1,0,0,0,0.0
4275,1769711884.8300672,decode,80,543023,0.2312212050244837,542943,80,5007.185866351617,0,1,0,0,0,0.0
4276,1769711884.8464556,decode,80,543103,0.2312552693208431,543023,80,5007.185866351617,0,1,0,0,0,0.0
4277,1769711884.8632934,decode,80,543183,0.23128933361720247,543103,80,5007.185866351617,0,1,0,0,0,0.0
4278,1769711884.8801007,decode,80,543263,0.23132339791356185,543183,80,5007.185866351617,0,1,0,0,0,0.0
4279,1769711884.896608,decode,80,543343,0.23135746220992123,543263,80,5007.185866351617,0,1,0,0,0,0.0
4280,1769711884.9131532,decode,80,543423,0.23139152650628061,543343,80,5007.185866351617,0,1,0,0,0,0.0
4281,1769711884.9299908,decode,80,543503,0.23142559080264,543423,80,5007.185866351617,0,1,0,0,0,0.0
4282,1769711884.9468315,decode,80,543583,0.23145965509899935,543503,80,5007.185866351617,0,1,0,0,0,0.0
4283,1769711884.9636068,decode,80,543663,0.23149371939535873,543583,80,5007.185866351617,0,1,0,0,0,0.0
4284,1769711884.979987,decode,80,543743,0.23152778369171811,543663,80,5007.185866351617,0,1,0,0,0,0.0
4285,1769711884.9968805,decode,80,543823,0.2315618479880775,543743,80,4852.700021311403,0,1,0,0,0,0.0
4286,1769711885.0133789,decode,80,543903,0.23159591228443688,543823,80,4852.700021311403,0,1,0,0,0,0.0
4287,1769711885.0297647,decode,80,543983,0.23162997658079626,543903,80,4852.700021311403,0,1,0,0,0,0.0
4288,1769711885.0465858,decode,80,544063,0.23166404087715564,543983,80,4852.700021311403,0,1,0,0,0,0.0
4289,1769711885.063491,decode,80,544143,0.23169810517351502,544063,80,4852.700021311403,0,1,0,0,0,0.0
4290,1769711885.0799162,decode,80,544223,0.23173216946987438,544143,80,4852.700021311403,0,1,0,0,0,0.0
4291,1769711885.096647,decode,80,544303,0.23176623376623376,544223,80,4852.700021311403,0,1,0,0,0,0.0
4292,1769711885.1135433,decode,80,544383,0.23180029806259314,544303,80,4852.700021311403,0,1,0,0,0,0.0
4293,1769711885.1303952,decode,80,544463,0.23183436235895252,544383,80,4852.700021311403,0,1,0,0,0,0.0
4294,1769711885.1471806,decode,80,544543,0.2318684266553119,544463,80,4852.700021311403,0,1,0,0,0,0.0
4295,1769711885.1635382,decode,80,544623,0.2319024909516713,544543,80,4852.700021311403,0,1,0,0,0,0.0
4296,1769711885.1800015,decode,80,544703,0.23193655524803067,544623,80,4852.700021311403,0,1,0,0,0,0.0
4297,1769711885.1966019,decode,80,544783,0.23197061954439005,544703,80,4852.700021311403,0,1,0,0,0,0.0
4298,1769711885.2134178,decode,80,544863,0.2320046838407494,544783,80,4852.700021311403,0,1,0,0,0,0.0
4299,1769711885.2302916,decode,80,544943,0.23203874813710879,544863,80,4852.700021311403,0,1,0,0,0,0.0
4300,1769711885.2470748,decode,80,545023,0.23207281243346817,544943,80,4852.700021311403,0,1,0,0,0,0.0
4301,1769711885.2639554,decode,80,545103,0.23210687672982755,545023,80,4852.700021311403,0,1,0,0,0,0.0
4302,1769711885.2807417,decode,80,545183,0.23214094102618693,545103,80,4852.700021311403,0,1,0,0,0,0.0
4303,1769711885.2973673,decode,80,545263,0.2321750053225463,545183,80,4852.700021311403,0,1,0,0,0,0.0
4304,1769711885.3136969,decode,80,545343,0.2322090696189057,545263,80,4852.700021311403,0,1,0,0,0,0.0
4305,1769711885.3300865,decode,80,545423,0.23224313391526508,545343,80,4852.700021311403,0,1,0,0,0,0.0
4306,1769711885.346905,decode,80,545503,0.23227719821162443,545423,80,4852.700021311403,0,1,0,0,0,0.0
4307,1769711885.3637536,decode,80,545583,0.2323112625079838,545503,80,4852.700021311403,0,1,0,0,0,0.0
4308,1769711885.3805854,decode,80,545663,0.2323453268043432,545583,80,4852.700021311403,0,1,0,0,0,0.0
4309,1769711885.3971899,decode,80,545743,0.23237939110070258,545663,80,4852.700021311403,0,1,0,0,0,0.0
4310,1769711885.4135995,decode,80,545823,0.23241345539706196,545743,80,4852.700021311403,0,1,0,0,0,0.0
4311,1769711885.4299982,decode,80,545903,0.23244751969342134,545823,80,4852.700021311403,0,1,0,0,0,0.0
4312,1769711885.446401,decode,80,545983,0.23248158398978072,545903,80,4852.700021311403,0,1,0,0,0,0.0
4313,1769711885.4631667,decode,80,546063,0.2325156482861401,545983,80,4852.700021311403,0,1,0,0,0,0.0
4314,1769711885.4797466,decode,80,546143,0.23254971258249946,546063,80,4852.700021311403,0,1,0,0,0,0.0
4315,1769711885.4963028,decode,80,546223,0.23258377687885884,546143,80,4852.700021311403,0,1,0,0,0,0.0
4316,1769711885.5131679,decode,80,546303,0.23261784117521822,546223,80,4852.700021311403,0,1,0,0,0,0.0
4317,1769711885.5299945,decode,80,546383,0.2326519054715776,546303,80,4852.700021311403,0,1,0,0,0,0.0
4318,1769711885.5468886,decode,80,546463,0.23268596976793698,546383,80,4852.700021311403,0,1,0,0,0,0.0
4319,1769711885.5636683,decode,80,546543,0.23272003406429637,546463,80,4852.700021311403,0,1,0,0,0,0.0
4320,1769711885.5802677,decode,80,546623,0.23275409836065575,546543,80,4852.700021311403,0,1,0,0,0,0.0
4321,1769711885.5967112,decode,80,546703,0.23278816265701513,546623,80,4852.700021311403,0,1,0,0,0,0.0
4322,1769711885.6130981,decode,80,546783,0.23282222695337448,546703,80,4852.700021311403,0,1,0,0,0,0.0
4323,1769711885.6295578,decode,80,546863,0.23285629124973387,546783,80,4852.700021311403,0,1,0,0,0,0.0
4324,1769711885.645918,decode,80,546943,0.23289035554609325,546863,80,4852.700021311403,0,1,0,0,0,0.0
4325,1769711885.6628563,decode,80,547023,0.23292441984245263,546943,80,4804.98417755852,0,1,0,0,0,0.0
4326,1769711885.6796324,decode,80,547103,0.232958484138812,547023,80,4804.98417755852,0,1,0,0,0,0.0
4327,1769711885.6966305,decode,80,547183,0.2329925484351714,547103,80,4804.98417755852,0,1,0,0,0,0.0
4328,1769711885.7134013,decode,80,547263,0.23302661273153077,547183,80,4804.98417755852,0,1,0,0,0,0.0
4329,1769711885.7302942,decode,80,547343,0.23306067702789016,547263,80,4804.98417755852,0,1,0,0,0,0.0
4330,1769711885.7467659,decode,80,547423,0.2330947413242495,547343,80,4804.98417755852,0,1,0,0,0,0.0
4331,1769711885.7634816,decode,80,547503,0.2331288056206089,547423,80,4804.98417755852,0,1,0,0,0,0.0
4332,1769711885.7803388,decode,80,547583,0.23316286991696827,547503,80,4804.98417755852,0,1,0,0,0,0.0
4333,1769711885.7971623,decode,80,547663,0.23319693421332766,547583,80,4804.98417755852,0,1,0,0,0,0.0
4334,1769711885.8139744,decode,80,547743,0.23323099850968704,547663,80,4804.98417755852,0,1,0,0,0,0.0
4335,1769711885.8304205,decode,80,547823,0.23326506280604642,547743,80,4804.98417755852,0,1,0,0,0,0.0
4336,1769711885.8471353,decode,80,547903,0.2332991271024058,547823,80,4804.98417755852,0,1,0,0,0,0.0
4337,1769711885.863947,decode,80,547983,0.23333319139876518,547903,80,4804.98417755852,0,1,0,0,0,0.0
4338,1769711885.8807743,decode,80,548063,0.23336725569512454,547983,80,4804.98417755852,0,1,0,0,0,0.0
4339,1769711885.8977087,decode,80,548143,0.23340131999148392,548063,80,4804.98417755852,0,1,0,0,0,0.0
4340,1769711885.9144719,decode,80,548223,0.2334353842878433,548143,80,4804.98417755852,0,1,0,0,0,0.0
4341,1769711885.9309108,decode,80,548303,0.23346944858420268,548223,80,4804.98417755852,0,1,0,0,0,0.0
4342,1769711885.947612,decode,80,548383,0.23350351288056206,548303,80,4804.98417755852,0,1,0,0,0,0.0
4343,1769711885.964569,decode,80,548463,0.23353757717692145,548383,80,4804.98417755852,0,1,0,0,0,0.0
4344,1769711885.9814076,decode,80,548543,0.23357164147328083,548463,80,4804.98417755852,0,1,0,0,0,0.0
4345,1769711885.998231,decode,80,548623,0.2336057057696402,548543,80,4804.98417755852,0,1,0,0,0,0.0
4346,1769711886.0151598,decode,80,548703,0.23363977006599956,548623,80,4804.98417755852,0,1,0,0,0,0.0
4347,1769711886.0315323,decode,80,548783,0.23367383436235895,548703,80,4804.98417755852,0,1,0,0,0,0.0
4348,1769711886.0482802,decode,80,548863,0.23370789865871833,548783,80,4804.98417755852,0,1,0,0,0,0.0
4349,1769711886.0653017,decode,80,548943,0.2337419629550777,548863,80,4804.98417755852,0,1,0,0,0,0.0
4350,1769711886.0822062,decode,80,549023,0.2337760272514371,548943,80,4804.98417755852,0,1,0,0,0,0.0
4351,1769711886.099214,decode,80,549103,0.23381009154779647,549023,80,4804.98417755852,0,1,0,0,0,0.0
4352,1769711886.115998,decode,80,549183,0.23384415584415585,549103,80,4804.98417755852,0,1,0,0,0,0.0
4353,1769711886.132948,decode,80,549263,0.23387822014051524,549183,80,4804.98417755852,0,1,0,0,0,0.0
4354,1769711886.1497614,decode,80,549343,0.2339122844368746,549263,80,4804.98417755852,0,1,0,0,0,0.0
4355,1769711886.1666224,decode,80,549423,0.23394634873323397,549343,80,4804.98417755852,0,1,0,0,0,0.0
4356,1769711886.1833832,decode,80,549503,0.23398041302959335,549423,80,4804.98417755852,0,1,0,0,0,0.0
4357,1769711886.1998796,decode,80,549583,0.23401447732595274,549503,80,4804.98417755852,0,1,0,0,0,0.0
4358,1769711886.2167377,decode,80,549663,0.23404854162231212,549583,80,4804.98417755852,0,1,0,0,0,0.0
4359,1769711886.233223,decode,80,549743,0.2340826059186715,549663,80,4804.98417755852,0,1,0,0,0,0.0
4360,1769711886.2499216,decode,80,549823,0.23411667021503088,549743,80,4804.98417755852,0,1,0,0,0,0.0
4361,1769711886.2668042,decode,80,549903,0.23415073451139026,549823,80,4804.98417755852,0,1,0,0,0,0.0
4362,1769711886.2836843,decode,80,549983,0.23418479880774962,549903,80,4804.98417755852,0,1,0,0,0,0.0
4363,1769711886.3005521,decode,80,550063,0.234218863104109,549983,80,4804.98417755852,0,1,0,0,0,0.0
4364,1769711886.3174448,decode,80,550143,0.23425292740046838,550063,80,4804.98417755852,0,1,0,0,0,0.0
4365,1769711886.3344274,decode,80,550223,0.23428699169682776,550143,80,4764.976967335621,0,1,0,0,0,0.0
4366,1769711886.3509042,decode,80,550303,0.23432105599318714,550223,80,4764.976967335621,0,1,0,0,0,0.0
4367,1769711886.367323,decode,80,550383,0.23435512028954653,550303,80,4764.976967335621,0,1,0,0,0,0.0
4368,1769711886.3838804,decode,80,550463,0.2343891845859059,550383,80,4764.976967335621,0,1,0,0,0,0.0
4369,1769711886.4008052,decode,80,550543,0.2344232488822653,550463,80,4764.976967335621,0,1,0,0,0,0.0
4370,1769711886.4177518,decode,80,550623,0.23445731317862464,550543,80,4764.976967335621,0,1,0,0,0,0.0
4371,1769711886.434786,decode,80,550703,0.23449137747498403,550623,80,4764.976967335621,0,1,0,0,0,0.0
4372,1769711886.4517531,decode,80,550783,0.2345254417713434,550703,80,4764.976967335621,0,1,0,0,0,0.0
4373,1769711886.468787,decode,80,550863,0.2345595060677028,550783,80,4764.976967335621,0,1,0,0,0,0.0
4374,1769711886.4854293,decode,80,550943,0.23459357036406217,550863,80,4764.976967335621,0,1,0,0,0,0.0
4375,1769711886.5019083,decode,80,551023,0.23462763466042155,550943,80,4764.976967335621,0,1,0,0,0,0.0
4376,1769711886.5182998,decode,80,551103,0.23466169895678093,551023,80,4764.976967335621,0,1,0,0,0,0.0
4377,1769711886.5352125,decode,80,551183,0.23469576325314032,551103,80,4764.976967335621,0,1,0,0,0,0.0
4378,1769711886.5520327,decode,80,551263,0.23472982754949967,551183,80,4764.976967335621,0,1,0,0,0,0.0
4379,1769711886.5690105,decode,80,551343,0.23476389184585905,551263,80,4764.976967335621,0,1,0,0,0,0.0
4380,1769711886.585709,decode,80,551423,0.23479795614221843,551343,80,4764.976967335621,0,1,0,0,0,0.0
4381,1769711886.602228,decode,80,551503,0.23483202043857782,551423,80,4764.976967335621,0,1,0,0,0,0.0
4382,1769711886.6191578,decode,80,551583,0.2348660847349372,551503,80,4764.976967335621,0,1,0,0,0,0.0
4383,1769711886.636031,decode,80,551663,0.23490014903129658,551583,80,4764.976967335621,0,1,0,0,0,0.0
4384,1769711886.6529317,decode,80,551743,0.23493421332765596,551663,80,4764.976967335621,0,1,0,0,0,0.0
4385,1769711886.6699338,decode,80,551823,0.23496827762401534,551743,80,4764.976967335621,0,1,0,0,0,0.0
4386,1769711886.6867208,decode,80,551903,0.2350023419203747,551823,80,4764.976967335621,0,1,0,0,0,0.0
4387,1769711886.7031405,decode,80,551983,0.23503640621673408,551903,80,4764.976967335621,0,1,0,0,0,0.0
4388,1769711886.720059,decode,80,552063,0.23507047051309346,551983,80,4764.976967335621,0,1,0,0,0,0.0
4389,1769711886.7370698,decode,80,552143,0.23510453480945284,552063,80,4764.976967335621,0,1,0,0,0,0.0
4390,1769711886.7536087,decode,80,552223,0.23513859910581222,552143,80,4764.976967335621,0,1,0,0,0,0.0
4391,1769711886.7701576,decode,80,552303,0.2351726634021716,552223,80,4764.976967335621,0,1,0,0,0,0.0
4392,1769711886.7866986,decode,80,552383,0.235206727698531,552303,80,4764.976967335621,0,1,0,0,0,0.0
4393,1769711886.8037183,decode,80,552463,0.23524079199489037,552383,80,4764.976967335621,0,1,0,0,0,0.0
4394,1769711886.8206003,decode,80,552543,0.23527485629124972,552463,80,4764.976967335621,0,1,0,0,0,0.0
4395,1769711886.8374555,decode,80,552623,0.2353089205876091,552543,80,4764.976967335621,0,1,0,0,0,0.0
4396,1769711886.854511,decode,80,552703,0.2353429848839685,552623,80,4764.976967335621,0,1,0,0,0,0.0
4397,1769711886.8711374,decode,80,552783,0.23537704918032787,552703,80,4764.976967335621,0,1,0,0,0,0.0
4398,1769711886.8876283,decode,80,552863,0.23541111347668725,552783,80,4764.976967335621,0,1,0,0,0,0.0
4399,1769711886.9042528,decode,80,552943,0.23544517777304663,552863,80,4764.976967335621,0,1,0,0,0,0.0
4400,1769711886.921318,decode,80,553023,0.23547924206940601,552943,80,4764.976967335621,0,1,0,0,0,0.0
4401,1769711886.938197,decode,80,553103,0.2355133063657654,553023,80,4764.976967335621,0,1,0,0,0,0.0
4402,1769711886.9550574,decode,80,553183,0.23554737066212475,553103,80,4764.976967335621,0,1,0,0,0,0.0
4403,1769711886.9721475,decode,80,553263,0.23558143495848413,553183,80,4764.976967335621,0,1,0,0,0,0.0
4404,1769711886.9888635,decode,80,553343,0.2356154992548435,553263,80,4764.976967335621,0,1,0,0,0,0.0
4405,1769711887.0055737,decode,80,553423,0.2356495635512029,553343,80,4768.14758628219,0,1,0,0,0,0.0
4406,1769711887.0223954,decode,80,553503,0.23568362784756228,553423,80,4768.14758628219,0,1,0,0,0,0.0
4407,1769711887.0393746,decode,80,553583,0.23571769214392166,553503,80,4768.14758628219,0,1,0,0,0,0.0
4408,1769711887.0563734,decode,80,553663,0.23575175644028104,553583,80,4768.14758628219,0,1,0,0,0,0.0
4409,1769711887.073337,decode,80,553743,0.23578582073664042,553663,80,4768.14758628219,0,1,0,0,0,0.0
4410,1769711887.0903358,decode,80,553823,0.23581988503299978,553743,80,4768.14758628219,0,1,0,0,0,0.0
4411,1769711887.1072612,decode,80,553903,0.23585394932935916,553823,80,4768.14758628219,0,1,0,0,0,0.0
4412,1769711887.1238263,decode,80,553983,0.23588801362571854,553903,80,4768.14758628219,0,1,0,0,0,0.0
4413,1769711887.140796,decode,80,554063,0.23592207792207792,553983,80,4768.14758628219,0,1,0,0,0,0.0
4414,1769711887.1578681,decode,80,554143,0.2359561422184373,554063,80,4768.14758628219,0,1,0,0,0,0.0
4415,1769711887.1749556,decode,80,554223,0.23599020651479669,554143,80,4768.14758628219,0,1,0,0,0,0.0
4416,1769711887.1920793,decode,80,554303,0.23602427081115607,554223,80,4768.14758628219,0,1,0,0,0,0.0
4417,1769711887.209171,decode,80,554383,0.23605833510751545,554303,80,4768.14758628219,0,1,0,0,0,0.0
4418,1769711887.2262356,decode,80,554463,0.2360923994038748,554383,80,4768.14758628219,0,1,0,0,0,0.0
4419,1769711887.2432003,decode,80,554543,0.23612646370023418,554463,80,4768.14758628219,0,1,0,0,0,0.0
4420,1769711887.2602632,decode,80,554623,0.23616052799659357,554543,80,4768.14758628219,0,1,0,0,0,0.0
4421,1769711887.2773347,decode,80,554703,0.23619459229295295,554623,80,4768.14758628219,0,1,0,0,0,0.0
4422,1769711887.2943125,decode,80,554783,0.23622865658931233,554703,80,4768.14758628219,0,1,0,0,0,0.0
4423,1769711887.3113692,decode,80,554863,0.2362627208856717,554783,80,4768.14758628219,0,1,0,0,0,0.0
4424,1769711887.3283193,decode,80,554943,0.2362967851820311,554863,80,4768.14758628219,0,1,0,0,0,0.0
4425,1769711887.3453813,decode,80,555023,0.23633084947839048,554943,80,4768.14758628219,0,1,0,0,0,0.0
4426,1769711887.3623075,decode,80,555103,0.23636491377474983,555023,80,4768.14758628219,0,1,0,0,0,0.0
4427,1769711887.3793545,decode,80,555183,0.2363989780711092,555103,80,4768.14758628219,0,1,0,0,0,0.0
4428,1769711887.3961005,decode,80,555263,0.2364330423674686,555183,80,4768.14758628219,0,1,0,0,0,0.0
4429,1769711887.4128804,decode,80,555343,0.23646710666382798,555263,80,4768.14758628219,0,1,0,0,0,0.0
4430,1769711887.4298162,decode,80,555423,0.23650117096018736,555343,80,4768.14758628219,0,1,0,0,0,0.0
4431,1769711887.4468668,decode,80,555503,0.23653523525654674,555423,80,4768.14758628219,0,1,0,0,0,0.0
4432,1769711887.4638867,decode,80,555583,0.23656929955290612,555503,80,4768.14758628219,0,1,0,0,0,0.0
4433,1769711887.4808626,decode,80,555663,0.2366033638492655,555583,80,4768.14758628219,0,1,0,0,0,0.0
4434,1769711887.4978795,decode,80,555743,0.23663742814562486,555663,80,4768.14758628219,0,1,0,0,0,0.0
4435,1769711887.5149412,decode,80,555823,0.23667149244198424,555743,80,4768.14758628219,0,1,0,0,0,0.0
4436,1769711887.5319731,decode,80,555903,0.23670555673834362,555823,80,4768.14758628219,0,1,0,0,0,0.0
4437,1769711887.548975,decode,80,555983,0.236739621034703,555903,80,4768.14758628219,0,1,0,0,0,0.0
4438,1769711887.565542,decode,80,556063,0.23677368533106238,555983,80,4768.14758628219,0,1,0,0,0,0.0
4439,1769711887.5825574,decode,80,556143,0.23680774962742177,556063,80,4768.14758628219,0,1,0,0,0,0.0
4440,1769711887.5996432,decode,80,556223,0.23684181392378115,556143,80,4768.14758628219,0,1,0,0,0,0.0
4441,1769711887.6167877,decode,80,556303,0.23687587822014053,556223,80,4768.14758628219,0,1,0,0,0,0.0
4442,1769711887.6338584,decode,80,556383,0.23690994251649988,556303,80,4768.14758628219,0,1,0,0,0,0.0
4443,1769711887.6510704,decode,80,556463,0.23694400681285926,556383,80,4768.14758628219,0,1,0,0,0,0.0
4444,1769711887.6680503,decode,80,556543,0.23697807110921865,556463,80,4768.14758628219,0,1,0,0,0,0.0
4445,1769711887.6851847,decode,80,556623,0.23701213540557803,556543,80,4708.382967769461,0,1,0,0,0,0.0
4446,1769711887.702137,decode,80,556703,0.2370461997019374,556623,80,4708.382967769461,0,1,0,0,0,0.0
4447,1769711887.7191222,decode,80,556783,0.2370802639982968,556703,80,4708.382967769461,0,1,0,0,0,0.0
4448,1769711887.736139,decode,80,556863,0.23711432829465617,556783,80,4708.382967769461,0,1,0,0,0,0.0
4449,1769711887.7532346,decode,80,556943,0.23714839259101556,556863,80,4708.382967769461,0,1,0,0,0,0.0
4450,1769711887.7702281,decode,80,557023,0.2371824568873749,556943,80,4708.382967769461,0,1,0,0,0,0.0
4451,1769711887.7869093,decode,80,557103,0.2372165211837343,557023,80,4708.382967769461,0,1,0,0,0,0.0
4452,1769711887.8037858,decode,80,557183,0.23725058548009367,557103,80,4708.382967769461,0,1,0,0,0,0.0
4453,1769711887.8208811,decode,80,557263,0.23728464977645305,557183,80,4708.382967769461,0,1,0,0,0,0.0
4454,1769711887.8378394,decode,80,557343,0.23731871407281244,557263,80,4708.382967769461,0,1,0,0,0,0.0
4455,1769711887.8548884,decode,80,557423,0.23735277836917182,557343,80,4708.382967769461,0,1,0,0,0,0.0
4456,1769711887.871891,decode,80,557503,0.2373868426655312,557423,80,4708.382967769461,0,1,0,0,0,0.0
4457,1769711887.8889263,decode,80,557583,0.23742090696189058,557503,80,4708.382967769461,0,1,0,0,0,0.0
4458,1769711887.9059806,decode,80,557663,0.23745497125824994,557583,80,4708.382967769461,0,1,0,0,0,0.0
4459,1769711887.9230907,decode,80,557743,0.23748903555460932,557663,80,4708.382967769461,0,1,0,0,0,0.0
4460,1769711887.9402316,decode,80,557823,0.2375230998509687,557743,80,4708.382967769461,0,1,0,0,0,0.0
4461,1769711887.9573529,decode,80,557903,0.23755716414732808,557823,80,4708.382967769461,0,1,0,0,0,0.0
4462,1769711887.9744875,decode,80,557983,0.23759122844368746,557903,80,4708.382967769461,0,1,0,0,0,0.0
4463,1769711887.9915147,decode,80,558063,0.23762529274004685,557983,80,4708.382967769461,0,1,0,0,0,0.0
4464,1769711888.0085874,decode,80,558143,0.23765935703640623,558063,80,4708.382967769461,0,1,0,0,0,0.0
4465,1769711888.0252595,decode,80,558223,0.2376934213327656,558143,80,4708.382967769461,0,1,0,0,0,0.0
4466,1769711888.0418646,decode,80,558303,0.23772748562912496,558223,80,4708.382967769461,0,1,0,0,0,0.0
4467,1769711888.05859,decode,80,558383,0.23776154992548434,558303,80,4708.382967769461,0,1,0,0,0,0.0
4468,1769711888.0766385,decode,80,523463,0.22289248456461572,558383,80,4708.382967769461,0,1,0,0,0,0.0
4469,1769711888.0930288,decode,80,516538,0.21994379391100702,558463,75,4708.382967769461,0,1,0,0,0,0.0
4470,1769711888.1093862,decode,75,516612,0.21997530338513946,523538,74,4708.382967769461,0,1,0,0,0,0.0
4471,1769711888.1263914,decode,74,502686,0.21404556099638067,516612,74,4708.382967769461,0,1,0,0,0,0.0
4472,1769711888.1421583,decode,74,502758,0.2140762188631041,516686,72,4708.382967769461,0,1,0,0,0,0.0
4473,1769711888.1584527,decode,72,474830,0.20218437300404513,502758,72,4708.382967769461,0,1,0,0,0,0.0
4474,1769711888.1733763,decode,72,474898,0.2022133276559506,502830,68,4708.382967769461,0,1,0,0,0,0.0
4475,1769711888.1893003,decode,68,453966,0.19330040451351926,474898,68,4708.382967769461,0,1,0,0,0,0.0
4476,1769711888.20407,decode,68,454031,0.19332808175431127,474966,65,4708.382967769461,0,1,0,0,0,0.0
4477,1769711888.219861,decode,65,426096,0.18143325526932083,454031,65,4708.382967769461,0,1,0,0,0,0.0
4478,1769711888.2342448,decode,65,426157,0.18145922929529487,454096,61,4708.382967769461,0,1,0,0,0,0.0
4479,1769711888.248915,decode,61,398218,0.16956269959548648,426157,61,4708.382967769461,0,1,0,0,0,0.0
4480,1769711888.2621114,decode,61,398275,0.16958697040664253,426218,57,4708.382967769461,0,1,0,0,0,0.0
4481,1769711888.2762353,decode,57,377332,0.16066936342346178,398275,57,4708.382967769461,0,1,0,0,0,0.0
4482,1769711888.2897298,decode,57,349386,0.14876985309772195,398332,54,4708.382967769461,0,1,0,0,0,0.0
4483,1769711888.3024106,decode,54,342436,0.14581051735150097,377386,50,4708.382967769461,0,1,0,0,0,0.0
4484,1769711888.3136957,decode,50,342485,0.14583138173302107,349436,49,4708.382967769461,0,1,0,0,0,0.0
4485,1769711888.325678,decode,49,321534,0.1369103683202044,342485,49,4593.416014161382,0,1,0,0,0,0.0
4486,1769711888.3369615,decode,49,293580,0.12500745156482862,342534,46,4593.416014161382,0,1,0,0,0,0.0
4487,1769711888.347515,decode,46,286622,0.12204470938897169,321580,42,4593.416014161382,0,1,0,0,0,0.0
4488,1769711888.3577247,decode,42,286663,0.12206216734085587,293622,41,4593.416014161382,0,1,0,0,0,0.0
4489,1769711888.3689735,decode,41,244704,0.10419586970406643,286663,41,4593.416014161382,0,1,0,0,0,0.0
4490,1769711888.3783991,decode,41,244739,0.10421077283372365,286704,35,4593.416014161382,0,1,0,0,0,0.0
4491,1769711888.3886368,decode,35,223774,0.09528379816904407,244739,35,4593.416014161382,0,1,0,0,0,0.0
4492,1769711888.3976717,decode,35,223806,0.09529742388758783,244774,32,4593.416014161382,0,1,0,0,0,0.0
4493,1769711888.4076664,decode,32,181838,0.07742729401745795,223806,32,4593.416014161382,0,1,0,0,0,0.0
4494,1769711888.4162998,decode,32,160864,0.06849648711943794,223838,26,4593.416014161382,0,1,0,0,0,0.0
4495,1769711888.4241242,decode,26,160887,0.06850628060464126,181864,23,4593.416014161382,0,1,0,0,0,0.0
4496,1769711888.4327013,decode,23,125910,0.05361294443261656,160887,23,4593.416014161382,0,1,0,0,0,0.0
4497,1769711888.4399722,decode,23,118928,0.05063998296785182,160910,18,4593.416014161382,0,1,0,0,0,0.0
4498,1769711888.4468217,decode,18,118945,0.05064722163082819,125928,17,4593.416014161382,0,1,0,0,0,0.0
4499,1769711888.4546003,decode,17,83962,0.03575133063657654,118945,17,4593.416014161382,0,1,0,0,0,0.0
4500,1769711888.4607399,decode,17,83974,0.03575644028103044,118962,12,4593.416014161382,0,1,0,0,0,0.0
4501,1769711888.467772,decode,12,48986,0.020858420268256333,83974,12,4593.416014161382,0,1,0,0,0,0.0
4502,1769711888.4731736,decode,12,48993,0.020861400894187778,83986,7,4593.416014161382,0,1,0,0,0,0.0
4503,1769711888.4796786,decode,7,0,0.0,48993,7,4593.416014161382,0,1,0,0,0,0.0
4503,1769711888.484058,decode,7,0,0.0,49000,7,4593.416014161382,0,1,0,0,0,0.0
