batch_id,timestamp,forward_mode,batch_size,num_tokens,token_usage,batch_num_tokens,gpu_num_reqs,gen_throughput,num_queue_reqs,num_retracted_reqs,num_retracted_queue_reqs,num_total_queue_reqs,num_new_seqs,num_new_tokens,num_cached_tokens,cache_hit_rate
3,1777472788.6194715,decode,1,190001,0.0973741407417923,10001,1,0.0,18,0,0,18,18,0,0,0.0
6,1777472788.808088,decode,20,270021,0.1383838130180341,200021,20,0.0,7,0,0,7,7,0,0,0.0
9,1777472788.821708,decode,28,280077,0.14353744041630814,280049,28,0.0,0,0,0,0,0,0,0,0.0
10,1777472788.8304808,decode,28,280105,0.14355179021415534,280077,28,0.0,0,0,0,0,0,0,0,0.0
11,1777472788.8392327,decode,28,290105,0.14867671801673493,280105,28,0.0,1,0,0,1,1,0,0,0.0
13,1777472788.8497126,decode,29,290163,0.1487064425979899,290134,29,0.0,0,0,0,0,0,0,0,0.0
14,1777472788.8586583,decode,29,290192,0.14872130488861737,290163,29,0.0,0,0,0,0,0,0,0,0.0
15,1777472788.867594,decode,29,290221,0.14873616717924487,290192,29,0.0,0,0,0,0,0,0,0,0.0
16,1777472788.8765295,decode,29,300221,0.15386109498182443,290221,29,0.0,1,0,0,1,1,0,0,0.0
18,1777472788.8871605,decode,30,300281,0.1538918445486399,300251,30,0.0,0,0,0,0,0,0,0,0.0
19,1777472788.8962517,decode,30,300311,0.15390721933204765,300281,30,0.0,0,0,0,0,0,0,0,0.0
20,1777472788.9053962,decode,30,300341,0.1539225941154554,300311,30,0.0,0,0,0,0,0,0,0,0.0
21,1777472788.914481,decode,30,310341,0.15904752191803498,300341,30,0.0,1,0,0,1,1,0,0,0.0
23,1777472788.9258056,decode,31,310403,0.15907929647041097,310372,31,0.0,0,0,0,0,0,0,0,0.0
24,1777472788.9350457,decode,31,310434,0.15909518374659898,310403,31,0.0,0,0,0,0,0,0,0,0.0
25,1777472788.9442608,decode,31,320434,0.16422011154917854,310434,31,0.0,1,0,0,1,1,0,0,0.0
27,1777472788.9555614,decode,32,320498,0.16425291108711507,320466,32,0.0,0,0,0,0,0,0,0,0.0
28,1777472788.965011,decode,32,320530,0.16426931085608332,320498,32,0.0,0,0,0,0,0,0,0,0.0
29,1777472788.9743798,decode,32,330530,0.1693942386586629,320530,32,0.0,1,0,0,1,1,0,0,0.0
31,1777472788.9862185,decode,33,330596,0.16942806318215992,330563,33,0.0,0,0,0,0,0,0,0,0.0
32,1777472788.995728,decode,33,340596,0.1745529909847395,330596,33,0.0,1,0,0,1,1,0,0,0.0
34,1777472789.0073621,decode,34,340664,0.17458784049379705,340630,34,0.0,0,0,0,0,0,0,0,0.0
35,1777472789.0170178,decode,34,340698,0.1746052652483258,340664,34,0.0,0,0,0,0,0,0,0,0.0
36,1777472789.0266757,decode,34,350698,0.1797301930509054,340698,34,0.0,1,0,0,1,1,0,0,0.0
38,1777472789.0384793,decode,35,350768,0.17976606754552346,350733,35,0.0,0,0,0,0,0,0,0,0.0
39,1777472789.0486064,decode,35,360768,0.18489099534810302,350768,35,0.0,1,0,0,1,1,0,0,0.0
41,1777472789.0605323,decode,36,360840,0.18492789482828162,360804,36,0.0,0,0,0,0,0,0,0,0.0
42,1777472789.0707805,decode,36,370840,0.19005282263086118,360840,36,0.0,1,0,0,1,1,0,0,0.0
44,1777472789.0828412,decode,37,370914,0.1900907470966003,370877,37,0.0,0,0,0,0,0,0,0,0.0
45,1777472789.0932393,decode,37,380914,0.19521567489917985,370914,37,0.0,1,0,0,1,1,0,0,0.0
47,1777472789.1054485,decode,38,380990,0.19525462435047947,380952,38,0.0,0,0,0,0,0,0,0,0.0
48,1777472789.1160133,decode,38,390990,0.20037955215305905,380990,38,0.0,1,0,0,1,1,0,0,0.0
50,1777472789.1284041,decode,39,391068,0.20041952658991916,391029,39,0.0,0,0,0,0,0,0,0,0.0
51,1777472789.1391075,decode,39,401068,0.20554445439249874,391068,39,0.0,1,0,0,1,1,0,0,0.0
53,1777472789.151606,decode,40,411108,0.21068988190628865,401108,40,0.0,1,0,0,1,1,0,0,0.0
55,1777472789.164557,decode,41,411190,0.2107319063142698,411149,41,0.0,0,0,0,0,0,0,0,0.0
56,1777472789.1756265,decode,41,421190,0.2158568341168494,411190,41,0.0,1,0,0,1,1,0,0,0.0
58,1777472789.1885316,decode,42,421274,0.21589988351039105,421232,42,0.0,0,0,0,0,0,0,0,0.0
59,1777472789.199733,decode,42,431274,0.22102481131297064,421274,42,0.0,1,0,0,1,1,0,0,0.0
61,1777472789.2127974,decode,43,431360,0.2210688856920728,431317,43,170.35071672883538,0,0,0,0,0,0,0,0.0
62,1777472789.2241373,decode,43,441360,0.2261938134946524,431360,43,170.35071672883538,1,0,0,1,1,0,0,0.0
64,1777472789.2374418,decode,44,441448,0.2262389128593151,441404,44,170.35071672883538,0,0,0,0,0,0,0,0.0
65,1777472789.2490065,decode,44,451448,0.23136384066189467,441448,44,170.35071672883538,1,0,0,1,1,0,0,0.0
67,1777472789.2630227,decode,45,451538,0.23140996501211789,451493,45,170.35071672883538,0,0,0,0,0,0,0,0.0
68,1777472789.274653,decode,45,461538,0.23653489281469747,451538,45,170.35071672883538,1,0,0,1,1,0,0,0.0
70,1777472789.288595,decode,46,461630,0.2365820421504812,461584,46,170.35071672883538,0,0,0,0,0,0,0,0.0
71,1777472789.3004448,decode,46,471630,0.2417069699530608,461630,46,170.35071672883538,1,0,0,1,1,0,0,0.0
73,1777472789.3145719,decode,47,481677,0.2468559849163125,471677,47,170.35071672883538,1,0,0,1,1,0,0,0.0
75,1777472789.328771,decode,48,481773,0.24690518422321725,481725,48,170.35071672883538,0,0,0,0,0,0,0,0.0
76,1777472789.3410928,decode,48,491773,0.25203011202579684,481773,48,170.35071672883538,1,0,0,1,1,0,0,0.0
78,1777472789.355821,decode,49,491871,0.2520803363182621,491822,49,170.35071672883538,0,0,0,0,0,0,0,0.0
79,1777472789.368056,decode,49,501871,0.2572052641208417,491871,49,170.35071672883538,1,0,0,1,1,0,0,0.0
81,1777472789.3858647,decode,50,511921,0.2623558165624342,501921,50,170.35071672883538,1,0,0,1,1,0,0,0.0
83,1777472789.400751,decode,51,512023,0.2624080908260205,511972,51,170.35071672883538,0,0,0,0,0,0,0,0.0
84,1777472789.4133716,decode,51,522023,0.26753301862860007,512023,51,170.35071672883538,1,0,0,1,1,0,0,0.0
86,1777472789.4282238,decode,52,532075,0.27268459605575307,522075,52,170.35071672883538,1,0,0,1,1,0,0,0.0
88,1777472789.443933,decode,53,532181,0.27273892029046043,532128,53,170.35071672883538,0,0,0,0,0,0,0,0.0
89,1777472789.457814,decode,53,542181,0.27786384809304,532181,53,170.35071672883538,1,0,0,1,1,0,0,0.0
91,1777472789.4735663,decode,54,542289,0.27791919731330783,542235,54,170.35071672883538,0,0,0,0,0,0,0,0.0
92,1777472789.4875667,decode,54,552289,0.28304412511588745,542289,54,170.35071672883538,1,0,0,1,1,0,0,0.0
94,1777472789.5034113,decode,55,552399,0.2831004993217158,552344,55,170.35071672883538,0,0,0,0,0,0,0,0.0
95,1777472789.5175872,decode,55,562399,0.2882254271242954,552399,55,170.35071672883538,1,0,0,1,1,0,0,0.0
98,1777472789.5366483,decode,57,572513,0.2934087791038244,572456,57,170.35071672883538,0,0,0,0,0,0,0,0.0
99,1777472789.5511324,decode,57,582513,0.29853370690640396,572513,57,170.35071672883538,1,0,0,1,1,0,0,0.0
101,1777472789.567489,decode,58,582629,0.2985931560689139,582571,58,170.35071672883538,0,0,0,0,0,0,0,0.0
102,1777472789.5821645,decode,58,592629,0.30371808387149346,582629,58,170.35071672883538,1,0,0,1,1,0,0,0.0
105,1777472789.6022882,decode,60,602749,0.308904510807704,602689,60,170.35071672883538,0,0,0,0,0,0,0,0.0
106,1777472789.6172006,decode,60,602809,0.30893526037451946,602749,60,170.35071672883538,0,0,0,0,0,0,0,0.0
107,1777472789.6320784,decode,60,612809,0.3140601881770991,602809,60,170.35071672883538,1,0,0,1,1,0,0,0.0
110,1777472789.6523514,decode,62,622933,0.3192486650844306,622871,62,170.35071672883538,0,0,0,0,0,0,0,0.0
111,1777472789.6675334,decode,62,632933,0.32437359288701023,622933,62,170.35071672883538,1,0,0,1,1,0,0,0.0
113,1777472789.6851554,decode,63,633059,0.3244381669773227,632996,63,170.35071672883538,0,0,0,0,0,0,0,0.0
114,1777472789.7005138,decode,63,643059,0.3295630947799023,633059,63,170.35071672883538,1,0,0,1,1,0,0,0.0
117,1777472789.7216825,decode,65,653189,0.3347546466439154,653124,65,170.35071672883538,0,0,0,0,0,0,0,0.0
118,1777472789.7376707,decode,65,663189,0.33987957444649497,653189,65,170.35071672883538,1,0,0,1,1,0,0,0.0
120,1777472789.7562597,decode,66,663321,0.33994722349348905,663255,66,170.35071672883538,0,0,0,0,0,0,0,0.0
121,1777472789.7723243,decode,66,673321,0.3450721512960686,663321,66,170.35071672883538,1,0,0,1,1,0,0,0.0
124,1777472789.793562,decode,68,683457,0.35026677811676327,683389,68,170.35071672883538,0,0,0,0,0,0,0,0.0
125,1777472789.8099136,decode,68,693457,0.3553917059193429,683457,68,170.35071672883538,1,0,0,1,1,0,0,0.0
128,1777472789.8310702,decode,70,703597,0.36058838271115856,703527,70,3574.4293721149384,0,0,0,0,0,0,0,0.0
129,1777472789.8477128,decode,70,713597,0.3657133105137381,703597,70,3574.4293721149384,1,0,0,1,1,0,0,0.0
131,1777472789.8663352,decode,71,713739,0.3657860844885348,713668,71,3574.4293721149384,0,0,0,0,0,0,0,0.0
132,1777472789.8831334,decode,71,723739,0.37091101229111434,713739,71,3574.4293721149384,1,0,0,1,1,0,0,0.0
135,1777472789.9050772,decode,73,733885,0.3761107640396116,733812,73,3574.4293721149384,0,0,0,0,0,0,0,0.0
136,1777472789.9222987,decode,73,743885,0.3812356918421912,733885,73,3574.4293721149384,1,0,0,1,1,0,0,0.0
139,1777472789.9444175,decode,75,754035,0.38643749356180945,753960,75,3574.4293721149384,0,0,0,0,0,0,0,0.0
140,1777472789.961951,decode,75,764035,0.391562421364389,754035,75,3574.4293721149384,1,0,0,1,1,0,0,0.0
142,1777472789.9820802,decode,76,774111,0.3967262986182682,764111,76,3574.4293721149384,1,0,0,1,1,0,0,0.0
144,1777472790.00228,decode,77,774265,0.39680522250642797,774188,77,3574.4293721149384,0,0,0,0,0,0,0,0.0
145,1777472790.0201397,decode,77,784265,0.40193015030900753,774265,77,3574.4293721149384,1,0,0,1,1,0,0,0.0
148,1777472790.0437307,decode,79,794423,0.4071360519708679,794344,79,3574.4293721149384,0,0,0,0,0,0,0,0.0
149,1777472790.0618122,decode,79,804423,0.41226097977344744,794423,79,3574.4293721149384,1,0,0,1,1,0,0,0.0
152,1777472790.0858285,decode,81,814585,0.4174689314064288,814504,81,3574.4293721149384,0,0,0,0,0,0,0,0.0
153,1777472790.1042852,decode,81,824585,0.4225938592090084,814585,81,3574.4293721149384,1,0,0,1,1,0,0,0.0
156,1777472790.132284,decode,83,834751,0.4278038608131108,834668,83,3574.4293721149384,0,0,0,0,0,0,0,0.0
157,1777472790.1509688,decode,83,844751,0.4329287886156904,834751,83,3574.4293721149384,1,0,0,1,1,0,0,0.0
160,1777472790.174975,decode,85,854921,0.4381408401909138,854836,85,3574.4293721149384,0,0,0,0,0,0,0,0.0
161,1777472790.1939611,decode,85,864921,0.4432657679934934,854921,85,3574.4293721149384,1,0,0,1,1,0,0,0.0
163,1777472790.2154124,decode,86,865093,0.4433539167516978,865007,86,3574.4293721149384,0,0,0,0,0,0,0,0.0
164,1777472790.2347302,decode,86,875093,0.44847884455427733,865093,86,3574.4293721149384,1,0,0,1,1,0,0,0.0
167,1777472790.258934,decode,88,885269,0.4536939710861823,885181,88,3574.4293721149384,0,0,0,0,0,0,0,0.0
168,1777472790.2782545,decode,88,895269,0.45881889888876193,885269,88,3574.4293721149384,1,0,0,1,1,0,0,0.0
171,1777472790.3029451,decode,90,905449,0.4640360753917879,905359,90,3574.4293721149384,0,0,0,0,0,0,0,0.0
172,1777472790.3226283,decode,90,915449,0.4691610031943675,905449,90,3574.4293721149384,1,0,0,1,1,0,0,0.0
175,1777472790.348222,decode,92,925633,0.47438022966851456,925541,92,3574.4293721149384,0,0,0,0,0,0,0,0.0
176,1777472790.36827,decode,92,935633,0.4795051574710941,925633,92,3574.4293721149384,1,0,0,1,1,0,0,0.0
179,1777472790.3941884,decode,94,945821,0.4847264339163622,945727,94,3574.4293721149384,0,0,0,0,0,0,0,0.0
180,1777472790.4143884,decode,94,955821,0.4898513617189418,945821,94,3574.4293721149384,1,0,0,1,1,0,0,0.0
183,1777472790.4400673,decode,96,966013,0.4950746881353309,965917,96,3574.4293721149384,0,0,0,0,0,0,0,0.0
184,1777472790.4606059,decode,96,976013,0.5001996159379105,966013,96,3574.4293721149384,1,0,0,1,1,0,0,0.0
187,1777472790.4865565,decode,98,986209,0.5054249923254206,986111,98,3574.4293721149384,0,0,0,0,0,0,0,0.0
188,1777472790.5075328,decode,98,996209,0.5105499201280002,986209,98,3574.4293721149384,1,0,0,1,1,0,0,0.0
191,1777472790.5335975,decode,100,1006409,0.5157773464866313,1006309,100,3574.4293721149384,0,0,0,0,0,0,0,0.0
192,1777472790.5548632,decode,100,1016409,0.520902274289211,1006409,100,3574.4293721149384,1,0,0,1,1,0,0,0.0
195,1777472790.5812972,decode,102,1026613,0.5261317506189631,1026511,102,3574.4293721149384,0,0,0,0,0,0,0,0.0
196,1777472790.602871,decode,102,1036613,0.5312566784215428,1026613,102,3574.4293721149384,1,0,0,1,1,0,0,0.0
200,1777472790.6348996,decode,105,1056823,0.5416141575105561,1056718,105,3574.4293721149384,0,0,0,0,0,0,0,0.0
201,1777472790.657094,decode,105,1066823,0.5467390853131356,1056823,105,3574.4293721149384,1,0,0,1,1,0,0,0.0
204,1777472790.6851947,decode,107,1077037,0.5519736865706905,1076930,107,3574.4293721149384,0,0,0,0,0,0,0,0.0
205,1777472790.7077117,decode,107,1087037,0.55709861437327,1077037,107,4003.959611798647,1,0,0,1,1,0,0,0.0
208,1777472790.7397723,decode,109,1097255,0.5623352656019458,1097146,109,4003.959611798647,0,0,0,0,0,0,0,0.0
209,1777472790.7660766,decode,109,1107255,0.5674601934045254,1097255,109,4003.959611798647,1,0,0,1,1,0,0,0.0
212,1777472790.8006403,decode,112,1127479,0.5778248473924623,1127367,112,4003.959611798647,0,0,0,0,0,0,0,0.0
213,1777472790.8273253,decode,112,1137479,0.582949775195042,1127479,112,4003.959611798647,1,0,0,1,1,0,0,0.0
216,1777472790.8600934,decode,114,1147707,0.5881915513515203,1147593,114,4003.959611798647,0,0,0,0,0,0,0,0.0
217,1777472790.8870978,decode,114,1167707,0.5984414069566795,1147707,114,4003.959611798647,2,0,0,2,2,0,0,0.0
220,1777472790.9201045,decode,117,1177941,0.6036862580698394,1177824,117,4003.959611798647,0,0,0,0,0,0,0,0.0
221,1777472790.9476168,decode,117,1187941,0.608811185872419,1177941,117,4003.959611798647,1,0,0,1,1,0,0,0.0
224,1777472790.987294,decode,120,1208181,0.61918403974484,1208061,120,4003.959611798647,0,0,0,0,0,0,0,0.0
225,1777472791.0153048,decode,120,1218181,0.6243089675474197,1208181,120,4003.959611798647,1,0,0,1,1,0,0,0.0
229,1777472791.052875,decode,123,1238427,0.6346848963765223,1238304,123,4003.959611798647,0,0,0,0,0,0,0,0.0
230,1777472791.0811758,decode,123,1238550,0.6347479329884941,1238427,123,4003.959611798647,0,0,0,0,0,0,0,0.0
231,1777472791.1094868,decode,123,1248550,0.6398728607910736,1238550,123,4003.959611798647,1,0,0,1,1,0,0,0.0
234,1777472791.143671,decode,125,1258800,0.6451259117887177,1258675,125,4003.959611798647,0,0,0,0,0,0,0,0.0
235,1777472791.1721284,decode,125,1268800,0.6502508395912973,1258800,125,4003.959611798647,1,0,0,1,1,0,0,0.0
238,1777472791.2085109,decode,128,1289056,0.6606318933482025,1288928,128,4003.959611798647,0,0,0,0,0,0,0,0.0
239,1777472791.2372658,decode,128,1299056,0.665756821150782,1289056,128,4003.959611798647,1,0,0,1,1,0,0,0.0
242,1777472791.2750113,decode,131,1319318,0.6761409498643688,1319187,131,4003.959611798647,0,0,0,0,0,0,0,0.0
243,1777472791.3057086,decode,131,1329318,0.6812658776669483,1319318,131,4003.959611798647,1,0,0,1,1,0,0,0.0
246,1777472791.3443565,decode,134,1349586,0.6916530813372167,1349452,134,4003.959611798647,0,0,0,0,0,0,0,0.0
247,1777472791.3751047,decode,134,1359586,0.6967780091397963,1349586,134,4003.959611798647,1,0,0,1,1,0,0,0.0
250,1777472791.4143903,decode,137,1379860,0.7071682877667461,1379723,137,4003.959611798647,0,0,0,0,0,0,0,0.0
251,1777472791.4453735,decode,137,1389860,0.7122932155693257,1379860,137,4003.959611798647,1,0,0,1,1,0,0,0.0
254,1777472791.4840515,decode,140,1410140,0.722686569152957,1410000,140,4003.959611798647,0,0,0,0,0,0,0,0.0
255,1777472791.5153651,decode,140,1430140,0.7329364247581163,1410140,140,4003.959611798647,2,0,0,2,2,0,0,0.0
258,1777472791.5520236,decode,143,1440426,0.7382079254958496,1440283,143,4003.959611798647,0,0,0,0,0,0,0,0.0
259,1777472791.58366,decode,143,1460426,0.7484577811010087,1440426,143,4003.959611798647,2,0,0,2,2,0,0,0.0
262,1777472791.621156,decode,146,1470718,0.7537323567954236,1470572,146,4003.959611798647,0,0,0,0,0,0,0,0.0
263,1777472791.6533036,decode,146,1490718,0.7639822124005828,1470718,146,4003.959611798647,2,0,0,2,2,0,0,0.0
266,1777472791.6922572,decode,149,1501016,0.7692598630516793,1500867,149,4003.959611798647,0,0,0,0,0,0,0,0.0
267,1777472791.7246377,decode,149,1521016,0.7795097186568384,1501016,149,4003.959611798647,2,0,0,2,2,0,0,0.0
270,1777472791.7637603,decode,152,1541168,0.7898374731645968,1531168,152,4003.959611798647,1,0,0,1,1,0,0,0.0
273,1777472791.8023226,decode,154,1551476,0.7951202487434958,1551322,154,4003.959611798647,0,0,0,0,0,0,0,0.0
274,1777472791.835396,decode,154,1571476,0.805370104348655,1551476,154,4003.959611798647,2,0,0,2,2,0,0,0.0
278,1777472791.8813536,decode,158,1591792,0.8157819076723757,1591634,158,4003.959611798647,0,0,0,0,0,0,0,0.0
279,1777472791.9148765,decode,158,1601792,0.8209068354749552,1591792,158,4003.959611798647,1,0,0,1,1,0,0,0.0
282,1777472791.9563425,decode,161,1622114,0.8313217137553575,1621953,161,4003.959611798647,0,0,0,0,0,0,0,0.0
283,1777472791.9904087,decode,161,1642114,0.8415715693605166,1622114,161,4003.959611798647,2,0,0,2,2,0,0,0.0
286,1777472792.0310764,decode,164,1662278,0.8519054737816381,1652278,164,4003.959611798647,1,0,0,1,1,0,0,0.0
289,1777472792.072067,decode,166,1672610,0.8572005491872633,1672444,166,3963.051837646173,0,0,0,0,0,0,0,0.0
290,1777472792.1067193,decode,166,1692610,0.8674504047924225,1672610,166,3963.051837646173,2,0,0,2,2,0,0,0.0
293,1777472792.1482828,decode,169,1702948,0.8727485551547293,1702779,169,3963.051837646173,0,0,0,0,0,0,0,0.0
294,1777472792.183261,decode,169,1722948,0.8829984107598884,1702948,169,3963.051837646173,2,0,0,2,2,0,0,0.0
297,1777472792.2263882,decode,173,1743294,0.8934255888670168,1743121,173,3963.051837646173,0,0,0,0,0,0,0,0.0
298,1777472792.2621033,decode,173,1753294,0.8985505166695964,1743294,173,3963.051837646173,1,0,0,1,1,0,0,0.0
301,1777472792.3058949,decode,176,1773646,0.9089807697334064,1773470,176,3963.051837646173,0,0,0,0,0,0,0,0.0
302,1777472792.342049,decode,176,1793646,0.9192306253385656,1773646,176,3963.051837646173,2,0,0,2,2,0,0,0.0
305,1777472792.3878093,decode,180,1814006,0.9296649783446176,1813826,180,3963.051837646173,0,0,0,0,0,0,0,0.0
306,1777472792.424506,decode,180,1834006,0.9399148339497767,1814006,180,3963.051837646173,2,0,0,2,2,0,0,0.0
309,1777472792.4687757,decode,183,1854189,0.9502584757337231,1844189,183,3963.051837646173,1,0,0,1,1,0,0,0.0
311,1777472792.5101323,decode,184,1854557,0.950447073076858,1854373,184,3963.051837646173,1,0,0,1,0,0,0,0.0
312,1777472792.5473428,decode,184,1854741,0.9505413717484255,1854557,184,3963.051837646173,3,0,0,3,0,0,0,0.0
313,1777472792.5846262,decode,184,1854925,0.950635670419993,1854741,184,3963.051837646173,5,0,0,5,0,0,0,0.0
314,1777472792.6218572,decode,184,1855109,0.9507299690915604,1854925,184,3963.051837646173,6,0,0,6,0,0,0,0.0
315,1777472792.6594713,decode,184,1855293,0.9508242677631279,1855109,184,3963.051837646173,8,0,0,8,0,0,0,0.0
316,1777472792.696715,decode,184,1855477,0.9509185664346953,1855293,184,3963.051837646173,10,0,0,10,0,0,0,0.0
317,1777472792.7340627,decode,184,1855661,0.9510128651062628,1855477,184,3963.051837646173,11,0,0,11,0,0,0,0.0
318,1777472792.7712903,decode,184,1855845,0.9511071637778303,1855661,184,3963.051837646173,13,0,0,13,0,0,0,0.0
319,1777472792.8086333,decode,184,1856029,0.9512014624493977,1855845,184,3963.051837646173,15,0,0,15,0,0,0,0.0
320,1777472792.8457754,decode,184,1856213,0.9512957611209653,1856029,184,3963.051837646173,16,0,0,16,0,0,0,0.0
321,1777472792.8829534,decode,184,1856397,0.9513900597925327,1856213,184,3963.051837646173,18,0,0,18,0,0,0,0.0
322,1777472792.9202514,decode,184,1856581,0.9514843584641002,1856397,184,3963.051837646173,20,0,0,20,0,0,0,0.0
323,1777472792.957501,decode,184,1856765,0.9515786571356676,1856581,184,3963.051837646173,21,0,0,21,0,0,0,0.0
324,1777472792.9951787,decode,184,1856949,0.9516729558072351,1856765,184,3963.051837646173,23,0,0,23,0,0,0,0.0
325,1777472793.0349681,decode,184,1857133,0.9517672544788025,1856949,184,3963.051837646173,25,0,0,25,0,0,0,0.0
326,1777472793.0697343,decode,184,1857317,0.95186155315037,1857133,184,3963.051837646173,27,0,0,27,0,0,0,0.0
327,1777472793.1070478,decode,184,1857501,0.9519558518219374,1857317,184,3963.051837646173,28,0,0,28,0,0,0,0.0
328,1777472793.1442444,decode,184,1857685,0.9520501504935049,1857501,184,3963.051837646173,30,0,0,30,0,0,0,0.0
329,1777472793.1816843,decode,184,1857869,0.9521444491650723,1857685,184,3963.051837646173,31,0,0,31,0,0,0,0.0
330,1777472793.2188954,decode,184,1858053,0.9522387478366399,1857869,184,3963.051837646173,33,0,0,33,0,0,0,0.0
331,1777472793.2561443,decode,184,1858237,0.9523330465082073,1858053,184,3963.051837646173,34,0,0,34,0,0,0,0.0
332,1777472793.293508,decode,184,1858421,0.9524273451797748,1858237,184,3963.051837646173,36,0,0,36,0,0,0,0.0
333,1777472793.3311386,decode,184,1858605,0.9525216438513422,1858421,184,3963.051837646173,38,0,0,38,0,0,0,0.0
334,1777472793.36847,decode,184,1858789,0.9526159425229097,1858605,184,3963.051837646173,39,0,0,39,0,0,0,0.0
335,1777472793.40579,decode,184,1858973,0.9527102411944772,1858789,184,3963.051837646173,41,0,0,41,0,0,0,0.0
336,1777472793.4431672,decode,184,1859157,0.9528045398660446,1858973,184,3963.051837646173,43,0,0,43,0,0,0,0.0
337,1777472793.4804988,decode,184,1859341,0.9528988385376121,1859157,184,3963.051837646173,44,0,0,44,0,0,0,0.0
338,1777472793.517693,decode,184,1859525,0.9529931372091796,1859341,184,3963.051837646173,46,0,0,46,0,0,0,0.0
339,1777472793.5552971,decode,184,1849509,0.9478600095221159,1859525,184,3963.051837646173,48,0,0,48,0,0,0,0.0
340,1777472793.595381,decode,184,1768092,0.9061343848318537,1859709,183,4769.202963711646,49,0,0,49,0,0,0,0.0
341,1777472793.6315606,decode,183,1817495,0.9314530656549376,1849692,183,4769.202963711646,51,0,0,51,8,0,0,0.0
344,1777472793.6933887,decode,183,1847861,0.9470154214202507,1847678,183,4769.202963711646,43,0,0,43,0,0,0,0.0
345,1777472793.730637,decode,183,1848044,0.9471092075990379,1847861,183,4769.202963711646,44,0,0,44,0,0,0,0.0
346,1777472793.76767,decode,183,1848227,0.9472029937778251,1848044,183,4769.202963711646,46,0,0,46,0,0,0,0.0
347,1777472793.8048182,decode,183,1848410,0.9472967799566123,1848227,183,4769.202963711646,48,0,0,48,0,0,0,0.0
348,1777472793.841908,decode,183,1848593,0.9473905661353995,1848410,183,4769.202963711646,49,0,0,49,0,0,0,0.0
349,1777472793.8791952,decode,183,1848776,0.9474843523141868,1848593,183,4769.202963711646,51,0,0,51,0,0,0,0.0
350,1777472793.9166832,decode,183,1838759,0.9423507121343428,1848776,183,4769.202963711646,53,0,0,53,0,0,0,0.0
351,1777472793.953626,decode,183,1848759,0.9474756399369224,1848959,183,4769.202963711646,54,0,0,54,1,0,0,0.0
353,1777472793.9950824,decode,183,1849125,0.9476632122944968,1848942,183,4769.202963711646,55,0,0,55,0,0,0,0.0
354,1777472794.0336645,decode,183,1736987,0.8901932969019299,1849125,183,4769.202963711646,57,0,0,57,0,0,0,0.0
355,1777472794.086403,decode,183,1785738,0.9151778324322856,1849308,183,4769.202963711646,59,0,0,59,11,0,0,0.0
358,1777472794.1373227,decode,183,1855921,0.9511461132291299,1845921,183,4769.202963711646,45,0,0,45,1,0,0,0.0
360,1777472794.1798704,decode,184,1856289,0.9513347105722648,1856105,184,4769.202963711646,45,0,0,45,0,0,0,0.0
361,1777472794.2176142,decode,184,1836062,0.9409685191059871,1856289,184,4769.202963711646,47,0,0,47,0,0,0,0.0
362,1777472794.2544925,decode,184,1846062,0.9460934469085667,1856473,184,4769.202963711646,49,0,0,49,1,0,0,0.0
364,1777472794.2956448,decode,183,1856245,0.9513121608899334,1846245,183,4769.202963711646,50,0,0,50,1,0,0,0.0
366,1777472794.3378103,decode,184,1846413,0.9462733318744372,1856429,184,4769.202963711646,51,0,0,51,0,0,0,0.0
367,1777472794.3747528,decode,184,1856413,0.9513982596770169,1856613,184,4769.202963711646,52,0,0,52,1,0,0,0.0
369,1777472794.417029,decode,184,1846581,0.9463594306615205,1856597,184,4769.202963711646,53,0,0,53,0,0,0,0.0
370,1777472794.453982,decode,184,1846764,0.9464532168403078,1856781,183,4769.202963711646,55,0,0,55,0,0,0,0.0
371,1777472794.4911695,decode,183,1856764,0.9515781446428874,1846764,183,4769.202963711646,56,0,0,56,1,0,0,0.0
373,1777472794.5321946,decode,184,1846932,0.9465393156273911,1856948,184,4769.202963711646,56,0,0,56,0,0,0,0.0
374,1777472794.569085,decode,184,1847115,0.9466331018061783,1857132,183,4769.202963711646,57,0,0,57,0,0,0,0.0
375,1777472794.6063492,decode,183,1847298,0.9467268879849655,1847115,183,4769.202963711646,58,0,0,58,0,0,0,0.0
376,1777472794.643752,decode,183,1847481,0.9468206741637527,1847298,183,4769.202963711646,60,0,0,60,0,0,0,0.0
377,1777472794.6813793,decode,183,1837464,0.9416870339839087,1847481,183,4769.202963711646,62,0,0,62,0,0,0,0.0
378,1777472794.7181695,decode,183,1847464,0.9468119617864883,1847664,183,4769.202963711646,63,0,0,63,1,0,0,0.0
380,1777472794.760796,decode,183,1837630,0.9417721077854315,1847647,183,4769.202963711646,64,0,0,64,0,0,0,0.0
381,1777472794.7974951,decode,183,1847630,0.9468970355880112,1847830,183,4769.202963711646,66,0,0,66,1,0,0,0.0
383,1777472794.8462107,decode,183,1847996,0.9470846079455856,1847813,183,4769.202963711646,66,0,0,66,0,0,0,0.0
384,1777472794.8833716,decode,183,1848179,0.9471783941243728,1847996,183,4769.202963711646,67,0,0,67,0,0,0,0.0
385,1777472794.9205012,decode,183,1848362,0.94727218030316,1848179,183,4769.202963711646,68,0,0,68,0,0,0,0.0
386,1777472794.9584274,decode,183,1838345,0.942138540123316,1848362,183,4769.202963711646,70,0,0,70,0,0,0,0.0
387,1777472794.99514,decode,183,1848345,0.9472634679258956,1848545,183,4769.202963711646,72,0,0,72,1,0,0,0.0
389,1777472795.037618,decode,183,1828300,0.9369905501456248,1848528,183,4769.202963711646,72,0,0,72,0,0,0,0.0
390,1777472795.0744488,decode,183,1848300,0.9472404057507839,1848711,183,4769.202963711646,74,0,0,74,2,0,0,0.0
392,1777472795.1169906,decode,183,1848666,0.9474279781083584,1848483,183,4769.202963711646,74,0,0,74,0,0,0,0.0
393,1777472795.1540504,decode,183,1848849,0.9475217642871456,1848666,183,4769.202963711646,75,0,0,75,0,0,0,0.0
394,1777472795.191575,decode,183,1838832,0.9423881241073017,1848849,183,4591.554528842011,76,0,0,76,0,0,0,0.0
395,1777472795.2284262,decode,183,1848832,0.9475130519098812,1849032,183,4591.554528842011,77,0,0,77,1,0,0,0.0
397,1777472795.2697449,decode,183,1838987,0.9424675604882417,1849015,183,4591.554528842011,78,0,0,78,0,0,0,0.0
398,1777472795.3069344,decode,183,1848987,0.9475924882908212,1849198,183,4591.554528842011,79,0,0,79,1,0,0,0.0
400,1777472795.3498247,decode,183,1828942,0.9373195705105505,1849170,183,4591.554528842011,80,0,0,80,0,0,0,0.0
401,1777472795.386522,decode,183,1848942,0.9475694261157096,1849353,183,4591.554528842011,82,0,0,82,2,0,0,0.0
403,1777472795.4285874,decode,183,1849308,0.947756998473284,1849125,183,4591.554528842011,82,0,0,82,0,0,0,0.0
404,1777472795.4661615,decode,183,1839291,0.94262335829344,1849308,183,4591.554528842011,83,0,0,83,0,0,0,0.0
405,1777472795.5028453,decode,183,1849291,0.9477482860960196,1849491,183,4591.554528842011,85,0,0,85,1,0,0,0.0
407,1777472795.5449893,decode,183,1839446,0.94270279467438,1849474,183,4591.554528842011,86,0,0,86,0,0,0,0.0
408,1777472795.5820036,decode,183,1849446,0.9478277224769596,1849657,183,4591.554528842011,88,0,0,88,1,0,0,0.0
410,1777472795.6229873,decode,183,1849812,0.9480152948345341,1849629,183,4591.554528842011,89,0,0,89,0,0,0,0.0
411,1777472795.6608405,decode,183,1839795,0.9428816546546901,1849812,183,4591.554528842011,90,0,0,90,0,0,0,0.0
412,1777472795.6980588,decode,183,1839585,0.9427740311708359,1849995,183,4591.554528842011,92,0,0,92,1,0,0,0.0
415,1777472795.743192,decode,183,1839751,0.9428591049723587,1849768,183,4591.554528842011,92,0,0,92,0,0,0,0.0
416,1777472795.7799826,decode,183,1849751,0.9479840327749383,1849951,183,4591.554528842011,94,0,0,94,1,0,0,0.0
418,1777472795.8255572,decode,183,1850117,0.9481716051325126,1849934,183,4591.554528842011,95,0,0,95,0,0,0,0.0
419,1777472795.8631368,decode,183,1840089,0.9430323275320859,1850117,183,4591.554528842011,97,0,0,97,0,0,0,0.0
420,1777472795.900026,decode,183,1850089,0.9481572553346654,1850300,183,4591.554528842011,98,0,0,98,1,0,0,0.0
422,1777472795.9413364,decode,183,1850455,0.9483448276922399,1850272,183,4591.554528842011,99,0,0,99,0,0,0,0.0
423,1777472795.979345,decode,183,1840427,0.9432055500918131,1850455,183,4591.554528842011,101,0,0,101,0,0,0,0.0
424,1777472796.0163116,decode,183,1850427,0.9483304778943926,1850638,183,4591.554528842011,103,0,0,103,1,0,0,0.0
426,1777472796.0588763,decode,183,1840582,0.943284986472753,1850610,183,4591.554528842011,104,0,0,104,0,0,0,0.0
427,1777472796.0960298,decode,183,1840383,0.9431830004094818,1850793,183,4591.554528842011,105,0,0,105,1,0,0,0.0
430,1777472796.1408703,decode,183,1850749,0.9484955005696357,1850566,183,4591.554528842011,105,0,0,105,0,0,0,0.0
431,1777472796.1784155,decode,183,1830532,0.9381344340311606,1850749,183,4591.554528842011,107,0,0,107,0,0,0,0.0
432,1777472796.2154565,decode,183,1840322,0.943151738349886,1850932,183,4591.554528842011,109,0,0,109,2,0,0,0.0
435,1777472796.2597198,decode,183,1850688,0.94846423851004,1850505,183,4591.554528842011,108,0,0,108,0,0,0,0.0
436,1777472796.2974746,decode,183,1840660,0.9433249609096132,1850688,183,4591.554528842011,109,0,0,109,0,0,0,0.0
437,1777472796.334256,decode,183,1850660,0.9484498887121927,1850871,183,4591.554528842011,111,0,0,111,1,0,0,0.0
439,1777472796.3767812,decode,183,1830615,0.938176970931922,1850843,183,4591.554528842011,111,0,0,111,0,0,0,0.0
440,1777472796.4133625,decode,183,1850615,0.9484268265370812,1851026,183,4591.554528842011,113,0,0,113,2,0,0,0.0
442,1777472796.455957,decode,183,1810159,0.9276934186189653,1850798,183,4591.554528842011,113,0,0,113,0,0,0,0.0
443,1777472796.4926136,decode,183,1850159,0.9481931298292835,1850981,183,4591.554528842011,115,0,0,115,4,0,0,0.0
445,1777472796.5339901,decode,183,1850525,0.948380702186858,1850342,183,4591.554528842011,113,0,0,113,0,0,0,0.0
446,1777472796.5712495,decode,183,1850708,0.9484744883656452,1850525,183,4591.554528842011,114,0,0,114,0,0,0,0.0
447,1777472796.6092222,decode,183,1850891,0.9485682745444324,1850708,183,4591.554528842011,116,0,0,116,0,0,0,0.0
448,1777472796.6461365,decode,183,1851074,0.9486620607232196,1850891,183,4591.554528842011,118,0,0,118,0,0,0,0.0
449,1777472796.683749,decode,183,1841057,0.9435284205433756,1851074,183,4591.554528842011,119,0,0,119,0,0,0,0.0
450,1777472796.7211034,decode,183,1830637,0.9381882457730877,1851257,183,4591.554528842011,121,0,0,121,1,0,0,0.0
453,1777472796.7673268,decode,183,1851003,0.9486256737358213,1850820,183,4645.37990282776,120,0,0,120,0,0,0,0.0
454,1777472796.8045564,decode,183,1851186,0.9487194599146085,1851003,183,4645.37990282776,122,0,0,122,0,0,0,0.0
455,1777472796.8420048,decode,183,1851369,0.9488132460933957,1851186,183,4645.37990282776,124,0,0,124,0,0,0,0.0
456,1777472796.8791437,decode,183,1851552,0.9489070322721829,1851369,183,4645.37990282776,125,0,0,125,0,0,0,0.0
457,1777472796.9167461,decode,183,1841535,0.9437733920923389,1851552,183,4645.37990282776,127,0,0,127,0,0,0,0.0
458,1777472796.9541442,decode,183,1841325,0.9436657686084847,1851735,183,4645.37990282776,129,0,0,129,1,0,0,0.0
461,1777472796.9989862,decode,183,1851691,0.9489782687686387,1851508,183,4645.37990282776,129,0,0,129,0,0,0,0.0
462,1777472797.0367887,decode,183,1831452,0.938605927388998,1851691,183,4645.37990282776,130,0,0,130,0,0,0,0.0
463,1777472797.0733917,decode,183,1851452,0.9488557829941571,1851874,183,4645.37990282776,132,0,0,132,2,0,0,0.0
465,1777472797.1158824,decode,183,1821207,0.9333554388552552,1851635,183,4645.37990282776,132,0,0,132,0,0,0,0.0
466,1777472797.1526322,decode,183,1851207,0.9487302222629939,1851818,183,4645.37990282776,134,0,0,134,3,0,0,0.0
468,1777472797.1939783,decode,183,1831162,0.9384573044827231,1851390,183,4645.37990282776,133,0,0,133,0,0,0,0.0
469,1777472797.2308905,decode,183,1851162,0.9487071600878823,1851573,183,4645.37990282776,134,0,0,134,2,0,0,0.0
471,1777472797.2725956,decode,183,1831106,0.9384286048870286,1851345,183,4645.37990282776,134,0,0,134,0,0,0,0.0
472,1777472797.3098123,decode,183,1851106,0.9486784604921878,1851528,183,4645.37990282776,136,0,0,136,2,0,0,0.0
474,1777472797.3528595,decode,183,1820861,0.9331781163532858,1851289,183,4645.37990282776,136,0,0,136,0,0,0,0.0
475,1777472797.389531,decode,183,1850861,0.9485528997610246,1851472,183,4645.37990282776,138,0,0,138,3,0,0,0.0
477,1777472797.432227,decode,183,1830816,0.9382799819807538,1851044,183,4645.37990282776,136,0,0,136,0,0,0,0.0
478,1777472797.4693503,decode,183,1840606,0.9432972862994793,1851227,183,4645.37990282776,138,0,0,138,2,0,0,0.0
481,1777472797.5141332,decode,183,1830572,0.9381549337423709,1850789,183,4645.37990282776,137,0,0,137,0,0,0,0.0
482,1777472797.5511098,decode,183,1850572,0.94840478934753,1850972,183,4645.37990282776,139,0,0,139,2,0,0,0.0
484,1777472797.5920236,decode,183,1850938,0.9485923617051045,1850755,183,4645.37990282776,139,0,0,139,0,0,0,0.0
485,1777472797.629981,decode,183,1840910,0.9434530841046777,1850938,183,4645.37990282776,140,0,0,140,0,0,0,0.0
486,1777472797.6667597,decode,183,1850910,0.9485780119072572,1851121,183,4645.37990282776,142,0,0,142,1,0,0,0.0
488,1777472797.7099261,decode,183,1830854,0.9382994567064037,1851093,183,4645.37990282776,143,0,0,143,0,0,0,0.0
489,1777472797.7471156,decode,183,1830456,0.938095484579861,1851276,183,4645.37990282776,145,0,0,145,2,0,0,0.0
492,1777472797.7930875,decode,183,1850822,0.9485329125425945,1850639,183,4645.37990282776,143,0,0,143,0,0,0,0.0
493,1777472797.8306677,decode,183,1830605,0.9381718460041194,1850822,183,4645.37990282776,144,0,0,144,0,0,0,0.0
494,1777472797.867369,decode,183,1850605,0.9484217016092786,1851005,183,4645.37990282776,146,0,0,146,2,0,0,0.0
496,1777472797.908805,decode,183,1850971,0.948609273966853,1850788,183,4645.37990282776,146,0,0,146,0,0,0,0.0
497,1777472797.946085,decode,183,1851154,0.9487030601456402,1850971,183,4645.37990282776,148,0,0,148,0,0,0,0.0
498,1777472797.9844205,decode,183,1830937,0.9383419936071651,1851154,183,4645.37990282776,149,0,0,149,0,0,0,0.0
499,1777472798.0214682,decode,183,1830517,0.9381267466394567,1851337,183,4645.37990282776,151,0,0,151,2,0,0,0.0
502,1777472798.075074,decode,183,1840683,0.9433367482435591,1850700,183,4645.37990282776,149,0,0,149,0,0,0,0.0
503,1777472798.11243,decode,183,1830263,0.9379965734732711,1850883,183,4645.37990282776,151,0,0,151,1,0,0,0.0
506,1777472798.1586206,decode,183,1850629,0.9484340014360048,1850446,183,4645.37990282776,150,0,0,150,0,0,0,0.0
507,1777472798.1957867,decode,183,1850812,0.948527787614792,1850629,183,4645.37990282776,152,0,0,152,0,0,0,0.0
508,1777472798.2333918,decode,183,1830595,0.9381667210763168,1850812,183,4645.37990282776,153,0,0,153,0,0,0,0.0
509,1777472798.2702882,decode,183,1850595,0.948416576681476,1850995,183,4645.37990282776,155,0,0,155,2,0,0,0.0
511,1777472798.31205,decode,183,1850961,0.9486041490390504,1850778,183,4645.37990282776,155,0,0,155,0,0,0,0.0
512,1777472798.349822,decode,183,1830722,0.9382318076594096,1850961,183,4625.652580289442,157,0,0,157,0,0,0,0.0
513,1777472798.3868766,decode,183,1840523,0.9432547493987179,1851144,183,4625.652580289442,158,0,0,158,2,0,0,0.0
516,1777472798.431774,decode,183,1850889,0.9485672495588718,1850706,183,4625.652580289442,157,0,0,157,0,0,0,0.0
517,1777472798.4691348,decode,183,1840872,0.9434336093790279,1850889,183,4625.652580289442,159,0,0,159,0,0,0,0.0
518,1777472798.5062785,decode,183,1840662,0.9433259858951737,1851072,183,4625.652580289442,161,0,0,161,1,0,0,0.0
521,1777472798.550788,decode,183,1840828,0.9434110596966965,1850845,183,4625.652580289442,161,0,0,161,0,0,0,0.0
522,1777472798.588407,decode,183,1820198,0.9328383336399748,1851028,183,4625.652580289442,163,0,0,163,1,0,0,0.0
525,1777472798.6367521,decode,183,1830164,0.9379458366880257,1850381,183,4625.652580289442,161,0,0,161,0,0,0,0.0
526,1777472798.673449,decode,183,1850164,0.9481956922931848,1850564,183,4625.652580289442,162,0,0,162,2,0,0,0.0
528,1777472798.7165968,decode,183,1830130,0.9379284119334969,1850347,183,4625.652580289442,162,0,0,162,0,0,0,0.0
529,1777472798.7538097,decode,183,1829710,0.9377131649657885,1850530,183,4625.652580289442,164,0,0,164,2,0,0,0.0
532,1777472798.800368,decode,183,1850076,0.9481505929285221,1849893,183,4625.652580289442,162,0,0,162,0,0,0,0.0
533,1777472798.838123,decode,183,1809437,0.927323398831619,1850076,183,4625.652580289442,164,0,0,164,0,0,0,0.0
534,1777472798.874673,decode,183,1849437,0.9478231100419373,1850259,183,4625.652580289442,165,0,0,165,4,0,0,0.0
536,1777472798.9167514,decode,183,1819192,0.9323227659030353,1849620,183,4625.652580289442,163,0,0,163,0,0,0,0.0
537,1777472798.9537418,decode,183,1849192,0.9476975493107741,1849803,183,4625.652580289442,165,0,0,165,3,0,0,0.0
539,1777472798.996991,decode,183,1808736,0.9269641413926581,1849375,183,4625.652580289442,164,0,0,164,0,0,0,0.0
540,1777472799.0334957,decode,183,1848736,0.9474638526029765,1849558,183,4625.652580289442,166,0,0,166,4,0,0,0.0
542,1777472799.075998,decode,183,1818491,0.9319635084640745,1848919,183,4625.652580289442,163,0,0,163,0,0,0,0.0
543,1777472799.1126134,decode,183,1848491,0.9473382918718133,1849102,183,4625.652580289442,165,0,0,165,3,0,0,0.0
545,1777472799.1546679,decode,183,1838646,0.9422928004501736,1848674,183,4625.652580289442,164,0,0,164,0,0,0,0.0
546,1777472799.1913059,decode,183,1848646,0.9474177282527533,1848857,183,4625.652580289442,166,0,0,166,1,0,0,0.0
548,1777472799.2330432,decode,183,1828612,0.9371504478930653,1848829,183,4625.652580289442,166,0,0,166,0,0,0,0.0
549,1777472799.269916,decode,183,1848612,0.9474003034982245,1849012,183,4625.652580289442,168,0,0,168,2,0,0,0.0
551,1777472799.3120992,decode,183,1848978,0.9475878758557988,1848795,183,4625.652580289442,168,0,0,168,0,0,0,0.0
552,1777472799.3497627,decode,183,1838950,0.9424485982553721,1848978,183,4625.652580289442,170,0,0,170,0,0,0,0.0
553,1777472799.386904,decode,183,1838751,0.9423466121921007,1849161,183,4625.652580289442,171,0,0,171,1,0,0,0.0
556,1777472799.431899,decode,183,1838906,0.9424260485730407,1848934,183,4625.652580289442,171,0,0,171,0,0,0,0.0
557,1777472799.469109,decode,183,1838707,0.9423240625097694,1849117,183,4625.652580289442,173,0,0,173,1,0,0,0.0
560,1777472799.5133104,decode,183,1838862,0.9424034988907094,1848890,183,4625.652580289442,173,0,0,173,0,0,0,0.0
561,1777472799.5507739,decode,183,1828464,0.9370745989615872,1849073,183,4625.652580289442,175,0,0,175,1,0,0,0.0
564,1777472799.6072412,decode,183,1807997,0.9265854092280476,1848647,183,4625.652580289442,175,0,0,175,0,0,0,0.0
565,1777472799.64381,decode,183,1847997,0.9470851204383658,1848830,183,4625.652580289442,176,0,0,176,4,0,0,0.0
567,1777472799.6868987,decode,183,1827952,0.9368122026580951,1848180,183,4625.652580289442,174,0,0,174,0,0,0,0.0
568,1777472799.723614,decode,183,1847952,0.9470620582632542,1848363,183,4625.652580289442,176,0,0,176,2,0,0,0.0
570,1777472799.7663493,decode,183,1807485,0.9263230129245554,1848135,183,4625.652580289442,176,0,0,176,0,0,0,0.0
571,1777472799.8029027,decode,183,1847485,0.9468227241348738,1848318,183,4625.652580289442,178,0,0,178,4,0,0,0.0
573,1777472799.8445404,decode,183,1807029,0.9260893162167578,1847668,183,4625.652580289442,176,0,0,176,0,0,0,0.0
574,1777472799.8814988,decode,183,1836830,0.9413621135612252,1847851,183,4625.652580289442,177,0,0,177,4,0,0,0.0
577,1777472799.9259841,decode,183,1836593,0.9412406527723041,1847013,183,4625.652580289442,174,0,0,174,1,0,0,0.0
580,1777472799.9721756,decode,183,1846577,0.9463573806903995,1846776,183,4511.969352508222,175,0,0,175,1,0,0,0.0
582,1777472800.0151722,decode,183,1846550,0.9463435433853326,1846760,183,4511.969352508222,175,0,0,175,1,0,0,0.0
584,1777472800.0584939,decode,183,1826125,0.9358758783485638,1846733,183,4511.969352508222,176,0,0,176,1,0,0,0.0
587,1777472800.105071,decode,183,1856308,0.9513444479350898,1846308,183,4511.969352508222,176,0,0,176,1,0,0,0.0
589,1777472800.1480653,decode,184,1795443,0.9201515748646891,1856492,184,4511.969352508222,177,0,0,177,0,0,0,0.0
590,1777472800.1846688,decode,184,1845443,0.945776213877587,1856676,184,4511.969352508222,178,0,0,178,5,0,0,0.0
592,1777472800.2265213,decode,183,1814808,0.9300759975543844,1845626,183,4511.969352508222,175,0,0,175,1,0,0,0.0
595,1777472800.2761743,decode,184,1855176,0.9507643061078377,1854992,184,4511.969352508222,173,0,0,173,0,0,0,0.0
596,1777472800.3140635,decode,184,1834949,0.94039811464156,1855176,184,4511.969352508222,174,0,0,174,0,0,0,0.0
597,1777472800.351254,decode,184,1844739,0.9454154189602854,1855360,184,4511.969352508222,176,0,0,176,2,0,0,0.0
600,1777472800.3966439,decode,184,1855107,0.950728944106,1854923,184,4511.969352508222,175,0,0,175,0,0,0,0.0
601,1777472800.434482,decode,184,1834869,0.9403571152191393,1855107,184,4511.969352508222,176,0,0,176,0,0,0,0.0
602,1777472800.4712012,decode,184,1854869,0.9506069708242985,1855291,184,4511.969352508222,178,0,0,178,2,0,0,0.0
604,1777472800.513552,decode,184,1834815,0.9403294406090055,1855053,184,4511.969352508222,178,0,0,178,0,0,0,0.0
605,1777472800.5504827,decode,184,1854815,0.9505792962141646,1855237,184,4511.969352508222,180,0,0,180,2,0,0,0.0
607,1777472800.5917983,decode,184,1855183,0.9507678935572995,1854999,184,4511.969352508222,180,0,0,180,0,0,0,0.0
608,1777472800.6294067,decode,184,1855367,0.9508621922288669,1855183,184,4511.969352508222,182,0,0,182,0,0,0,0.0
609,1777472800.667367,decode,184,1835129,0.9404903633420064,1855367,184,4511.969352508222,183,0,0,183,0,0,0,0.0
610,1777472800.704203,decode,184,1855129,0.9507402189471655,1855551,184,4511.969352508222,185,0,0,185,2,0,0,0.0
612,1777472800.7475471,decode,184,1835075,0.9404626887318724,1855313,184,4511.969352508222,185,0,0,185,0,0,0,0.0
613,1777472800.7847667,decode,184,1844865,0.9454799930505979,1855497,184,4511.969352508222,187,0,0,187,2,0,0,0.0
616,1777472800.8291783,decode,184,1855233,0.9507935181963124,1855049,184,4511.969352508222,186,0,0,186,0,0,0,0.0
617,1777472800.8665812,decode,184,1855417,0.9508878168678798,1855233,184,4511.969352508222,187,0,0,187,0,0,0,0.0
618,1777472800.9038665,decode,184,1855601,0.9509821155394473,1855417,184,4511.969352508222,189,0,0,189,0,0,0,0.0
619,1777472800.9413314,decode,184,1855785,0.9510764142110149,1855601,184,4511.969352508222,191,0,0,191,0,0,0,0.0
620,1777472800.978901,decode,184,1855969,0.9511707128825823,1855785,184,4511.969352508222,193,0,0,193,0,0,0,0.0
621,1777472801.0163474,decode,184,1856153,0.9512650115541498,1855969,184,4511.969352508222,194,0,0,194,0,0,0,0.0
622,1777472801.053678,decode,184,1856337,0.9513593102257172,1856153,184,4511.969352508222,196,0,0,196,0,0,0,0.0
623,1777472801.090879,decode,184,1856521,0.9514536088972847,1856337,184,4511.969352508222,198,0,0,198,0,0,0,0.0
624,1777472801.1281435,decode,184,1856705,0.9515479075688521,1856521,184,4511.969352508222,199,0,0,199,0,0,0,0.0
625,1777472801.1655092,decode,184,1856889,0.9516422062404196,1856705,184,4511.969352508222,201,0,0,201,0,0,0,0.0
626,1777472801.2190735,decode,184,1857073,0.951736504911987,1856889,184,4511.969352508222,203,0,0,203,0,0,0,0.0
627,1777472801.255584,decode,184,1857257,0.9518308035835545,1857073,184,4511.969352508222,205,0,0,205,0,0,0,0.0
628,1777472801.2932303,decode,184,1857441,0.951925102255122,1857257,184,4511.969352508222,207,0,0,207,0,0,0,0.0
629,1777472801.3306077,decode,184,1857625,0.9520194009266895,1857441,184,4511.969352508222,209,0,0,209,0,0,0,0.0
630,1777472801.3681018,decode,184,1857809,0.9521136995982569,1857625,184,4511.969352508222,210,0,0,210,0,0,0,0.0
631,1777472801.405446,decode,184,1857993,0.9522079982698244,1857809,184,4511.969352508222,212,0,0,212,0,0,0,0.0
632,1777472801.4429502,decode,184,1858177,0.9523022969413918,1857993,184,4511.969352508222,214,0,0,214,0,0,0,0.0
633,1777472801.4801378,decode,184,1858361,0.9523965956129593,1858177,184,4511.969352508222,215,0,0,215,0,0,0,0.0
634,1777472801.5174832,decode,184,1858545,0.9524908942845267,1858361,184,4511.969352508222,217,0,0,217,0,0,0,0.0
635,1777472801.5557823,decode,184,1787329,0.915993208445676,1858545,184,4645.07375955443,219,0,0,219,0,0,0,0.0
636,1777472801.5922053,decode,184,1847329,0.9467427752611535,1858729,184,4645.07375955443,220,0,0,220,6,0,0,0.0
638,1777472801.6341727,decode,183,1847695,0.946930347618728,1847512,183,4645.07375955443,216,0,0,216,0,0,0,0.0
639,1777472801.671367,decode,183,1847878,0.9470241337975152,1847695,183,4645.07375955443,218,0,0,218,0,0,0,0.0
640,1777472801.7087278,decode,183,1848061,0.9471179199763023,1847878,183,4645.07375955443,220,0,0,220,0,0,0,0.0
641,1777472801.7458186,decode,183,1848244,0.9472117061550895,1848061,183,4645.07375955443,222,0,0,222,0,0,0,0.0
642,1777472801.7829335,decode,183,1848427,0.9473054923338767,1848244,183,4645.07375955443,223,0,0,223,0,0,0,0.0
643,1777472801.8202102,decode,183,1848610,0.9473992785126639,1848427,183,4645.07375955443,225,0,0,225,0,0,0,0.0
644,1777472801.8574033,decode,183,1848793,0.9474930646914511,1848610,183,4645.07375955443,227,0,0,227,0,0,0,0.0
645,1777472801.8946307,decode,183,1848976,0.9475868508702384,1848793,183,4645.07375955443,228,0,0,228,0,0,0,0.0
646,1777472801.9318745,decode,183,1849159,0.9476806370490256,1848976,183,4645.07375955443,230,0,0,230,0,0,0,0.0
647,1777472801.9746137,decode,183,1706498,0.8745679045246451,1849159,183,4645.07375955443,232,0,0,232,0,0,0,0.0
648,1777472802.007153,decode,183,1836299,0.9410899798949083,1849342,183,4645.07375955443,234,0,0,234,14,0,0,0.0
651,1777472802.052085,decode,183,1856482,0.9514336216788546,1846482,183,4645.07375955443,221,0,0,221,1,0,0,0.0
653,1777472802.0955222,decode,184,1856850,0.9516222190219895,1856666,184,4645.07375955443,221,0,0,221,0,0,0,0.0
654,1777472802.1329029,decode,184,1857034,0.951716517693557,1856850,184,4645.07375955443,223,0,0,223,0,0,0,0.0
655,1777472802.1704776,decode,184,1847018,0.9465833900064933,1857034,184,4645.07375955443,225,0,0,225,0,0,0,0.0
656,1777472802.2076256,decode,184,1847201,0.9466771761852805,1857218,183,4645.07375955443,226,0,0,226,0,0,0,0.0
657,1777472802.244917,decode,183,1847384,0.9467709623640677,1847201,183,4645.07375955443,228,0,0,228,0,0,0,0.0
658,1777472802.2827923,decode,183,1837356,0.9416316847636409,1847384,183,4645.07375955443,230,0,0,230,0,0,0,0.0
659,1777472802.31997,decode,183,1847356,0.9467566125662205,1847567,183,4645.07375955443,232,0,0,232,1,0,0,0.0
661,1777472802.3630757,decode,183,1837522,0.9417167585651637,1847539,183,4645.07375955443,233,0,0,233,0,0,0,0.0
662,1777472802.4006977,decode,183,1776052,0.9102138273627071,1847722,183,4645.07375955443,234,0,0,234,1,0,0,0.0
665,1777472802.4549575,decode,183,1856235,0.9513070359621308,1846235,183,4645.07375955443,229,0,0,229,1,0,0,0.0
667,1777472802.4971335,decode,184,1856603,0.9514956333052658,1856419,184,4645.07375955443,230,0,0,230,0,0,0,0.0
668,1777472802.5345392,decode,184,1856787,0.9515899319768333,1856603,184,4645.07375955443,232,0,0,232,0,0,0,0.0
669,1777472802.572154,decode,184,1846760,0.9464511668691867,1856787,184,4645.07375955443,233,0,0,233,0,0,0,0.0
670,1777472802.6096947,decode,184,1836743,0.9413175266893428,1856971,183,4645.07375955443,235,0,0,235,0,0,0,0.0
671,1777472802.6469073,decode,183,1846743,0.9464424544919223,1846943,183,4645.07375955443,237,0,0,237,1,0,0,0.0
673,1777472802.6903286,decode,183,1836517,0.9412017033210045,1846926,183,4645.07375955443,238,0,0,238,1,0,0,0.0
676,1777472802.7355917,decode,183,1856700,0.9515453451049508,1846700,183,4645.07375955443,238,0,0,238,1,0,0,0.0
678,1777472802.7782514,decode,184,1857068,0.9517339424480857,1856884,184,4645.07375955443,239,0,0,239,0,0,0,0.0
679,1777472802.8155844,decode,184,1857252,0.9518282411196533,1857068,184,4645.07375955443,240,0,0,240,0,0,0,0.0
680,1777472802.8528,decode,184,1857436,0.9519225397912207,1857252,184,4645.07375955443,242,0,0,242,0,0,0,0.0
681,1777472802.8905263,decode,184,1847420,0.946789412104157,1857436,184,4645.07375955443,244,0,0,244,0,0,0,0.0
682,1777472802.9274428,decode,184,1847603,0.9468831982829442,1857620,183,4645.07375955443,245,0,0,245,0,0,0,0.0
683,1777472802.9655888,decode,183,1837586,0.9417495581031002,1847603,183,4645.07375955443,247,0,0,247,0,0,0,0.0
684,1777472803.0037897,decode,183,1847586,0.9468744859056798,1847786,183,4645.07375955443,249,0,0,249,1,0,0,0.0
686,1777472803.0471194,decode,183,1847952,0.9470620582632542,1847769,183,4645.07375955443,250,0,0,250,0,0,0,0.0
687,1777472803.084366,decode,183,1848135,0.9471558444420414,1847952,183,4645.07375955443,252,0,0,252,0,0,0,0.0
688,1777472803.12164,decode,183,1848318,0.9472496306208287,1848135,183,4683.731165487245,253,0,0,253,0,0,0,0.0
689,1777472803.1587439,decode,183,1848501,0.9473434167996159,1848318,183,4683.731165487245,255,0,0,255,0,0,0,0.0
690,1777472803.1964617,decode,183,1838484,0.9422097766197719,1848501,183,4683.731165487245,257,0,0,257,0,0,0,0.0
691,1777472803.2331657,decode,183,1848484,0.9473347044223515,1848684,183,4683.731165487245,259,0,0,259,1,0,0,0.0
693,1777472803.27503,decode,183,1838650,0.9422948504212947,1848667,183,4683.731165487245,259,0,0,259,0,0,0,0.0
694,1777472803.3124156,decode,183,1848650,0.9474197782238742,1848850,183,4683.731165487245,261,0,0,261,1,0,0,0.0
696,1777472803.3551874,decode,183,1849016,0.9476073505814487,1848833,183,4683.731165487245,262,0,0,262,0,0,0,0.0
697,1777472803.3929968,decode,183,1838988,0.9424680729810219,1849016,183,4683.731165487245,264,0,0,264,0,0,0,0.0
698,1777472803.4297445,decode,183,1848988,0.9475930007836014,1849199,183,4683.731165487245,266,0,0,266,1,0,0,0.0
700,1777472803.4723184,decode,183,1849354,0.9477805731411759,1849171,183,4683.731165487245,266,0,0,266,0,0,0,0.0
701,1777472803.5094354,decode,183,1849537,0.9478743593199631,1849354,183,4683.731165487245,268,0,0,268,0,0,0,0.0
702,1777472803.5468993,decode,183,1839509,0.9427350817195362,1849537,183,4683.731165487245,270,0,0,270,0,0,0,0.0
703,1777472803.5840118,decode,183,1839310,0.942633095656265,1849720,183,4683.731165487245,272,0,0,272,1,0,0,0.0
706,1777472803.6280365,decode,183,1849676,0.9479455958164189,1849493,183,4683.731165487245,271,0,0,271,0,0,0,0.0
707,1777472803.665625,decode,183,1849859,0.9480393819952061,1849676,183,4683.731165487245,273,0,0,273,0,0,0,0.0
708,1777472803.7034216,decode,183,1839831,0.9429001043947793,1849859,183,4683.731165487245,275,0,0,275,0,0,0,0.0
709,1777472803.7400866,decode,183,1849831,0.9480250321973589,1850042,183,4683.731165487245,277,0,0,277,1,0,0,0.0
711,1777472803.7827418,decode,183,1850197,0.9482126045549333,1850014,183,4683.731165487245,278,0,0,278,0,0,0,0.0
712,1777472803.8201969,decode,183,1840169,0.9430733269545065,1850197,183,4683.731165487245,279,0,0,279,0,0,0,0.0
713,1777472803.8571563,decode,183,1850169,0.9481982547570861,1850380,183,4683.731165487245,281,0,0,281,1,0,0,0.0
715,1777472803.8991385,decode,183,1840324,0.9431527633354465,1850352,183,4683.731165487245,282,0,0,282,0,0,0,0.0
716,1777472803.936361,decode,183,1850324,0.9482776911380261,1850535,183,4683.731165487245,284,0,0,284,1,0,0,0.0
718,1777472803.9821866,decode,183,1840490,0.9432378371369693,1850507,183,4683.731165487245,285,0,0,285,0,0,0,0.0
719,1777472804.0192313,decode,183,1840280,0.9431302136531151,1850690,183,4683.731165487245,287,0,0,287,1,0,0,0.0
722,1777472804.0643792,decode,183,1850646,0.9484427138132692,1850463,183,4683.731165487245,287,0,0,287,0,0,0,0.0
723,1777472804.1023266,decode,183,1820218,0.93284858349558,1850646,183,4683.731165487245,288,0,0,288,0,0,0,0.0
724,1777472804.1387806,decode,183,1850218,0.9482233669033188,1850829,183,4683.731165487245,290,0,0,290,3,0,0,0.0
726,1777472804.1815057,decode,183,1850584,0.9484109392608931,1850401,183,4683.731165487245,289,0,0,289,0,0,0,0.0
727,1777472804.219156,decode,183,1830356,0.9380442353018352,1850584,183,4683.731165487245,291,0,0,291,0,0,0,0.0
728,1777472804.2560346,decode,183,1850356,0.9482940909069943,1850767,183,4683.731165487245,292,0,0,292,2,0,0,0.0
730,1777472804.2982423,decode,183,1840522,0.9432542369059376,1850539,183,4683.731165487245,292,0,0,292,0,0,0,0.0
731,1777472804.3359149,decode,183,1840312,0.9431466134220834,1850722,183,4683.731165487245,294,0,0,294,1,0,0,0.0
734,1777472804.382011,decode,183,1830278,0.938004260864975,1850495,183,4683.731165487245,294,0,0,294,0,0,0,0.0
735,1777472804.4191875,decode,183,1840068,0.9430215651837005,1850678,183,4683.731165487245,296,0,0,296,2,0,0,0.0
738,1777472804.4644132,decode,183,1850434,0.9483340653438544,1850251,183,4683.731165487245,295,0,0,295,0,0,0,0.0
739,1777472804.5017686,decode,183,1850617,0.9484278515226416,1850434,183,4683.731165487245,297,0,0,297,0,0,0,0.0
740,1777472804.5393057,decode,183,1840589,0.9432885739222149,1850617,183,4683.731165487245,299,0,0,299,0,0,0,0.0
741,1777472804.5763662,decode,183,1850589,0.9484135017247944,1850800,183,4683.731165487245,300,0,0,300,1,0,0,0.0
743,1777472804.6187007,decode,183,1820355,0.9329187950064753,1850772,183,4683.731165487245,301,0,0,301,0,0,0,0.0
744,1777472804.6558397,decode,183,1850355,0.9482935784142141,1850955,183,4683.731165487245,303,0,0,303,3,0,0,0.0
746,1777472804.6988895,decode,183,1850721,0.9484811507717885,1850538,183,4640.974933644805,302,0,0,302,0,0,0,0.0
747,1777472804.7365527,decode,183,1840693,0.9433418731713616,1850721,183,4640.974933644805,303,0,0,303,0,0,0,0.0
748,1777472804.7733066,decode,183,1850693,0.9484668009739413,1850904,183,4640.974933644805,305,0,0,305,1,0,0,0.0
750,1777472804.815591,decode,183,1830637,0.9381882457730877,1850876,183,4640.974933644805,306,0,0,306,0,0,0,0.0
751,1777472804.8525252,decode,183,1850637,0.9484381013782468,1851059,183,4640.974933644805,308,0,0,308,2,0,0,0.0
753,1777472804.8946416,decode,183,1851003,0.9486256737358213,1850820,183,4640.974933644805,308,0,0,308,0,0,0,0.0
754,1777472804.931774,decode,183,1851186,0.9487194599146085,1851003,183,4640.974933644805,309,0,0,309,0,0,0,0.0
755,1777472804.9696286,decode,183,1841169,0.9435858197347645,1851186,183,4640.974933644805,311,0,0,311,0,0,0,0.0
756,1777472805.0065668,decode,183,1851169,0.9487107475373441,1851369,183,4640.974933644805,312,0,0,312,1,0,0,0.0
758,1777472805.0501204,decode,183,1841335,0.9436708935362873,1851352,183,4640.974933644805,313,0,0,313,0,0,0,0.0
759,1777472805.0867848,decode,183,1851335,0.9487958213388669,1851535,183,4640.974933644805,315,0,0,315,1,0,0,0.0
761,1777472805.1348732,decode,183,1851701,0.9489833936964412,1851518,183,4640.974933644805,316,0,0,316,0,0,0,0.0
762,1777472805.1721127,decode,183,1851884,0.9490771798752285,1851701,183,4640.974933644805,318,0,0,318,0,0,0,0.0
763,1777472805.2096717,decode,183,1841867,0.9439435396953846,1851884,183,4640.974933644805,320,0,0,320,0,0,0,0.0
764,1777472805.2466285,decode,183,1851867,0.9490684674979641,1852067,183,4640.974933644805,321,0,0,321,1,0,0,0.0
766,1777472805.2895179,decode,183,1811411,0.9283350595798482,1852050,183,4640.974933644805,322,0,0,322,0,0,0,0.0
767,1777472805.3260174,decode,183,1851411,0.9488347707901665,1852233,183,4640.974933644805,324,0,0,324,4,0,0,0.0
769,1777472805.36953,decode,183,1841577,0.9437949167891098,1851594,183,4640.974933644805,322,0,0,322,0,0,0,0.0
770,1777472805.4067743,decode,183,1841367,0.9436872933052556,1851777,183,4640.974933644805,324,0,0,324,1,0,0,0.0
773,1777472805.4531136,decode,183,1841533,0.9437723671067784,1851550,183,4640.974933644805,324,0,0,324,0,0,0,0.0
774,1777472805.4901168,decode,183,1831113,0.9384321923364904,1851733,183,4640.974933644805,325,0,0,325,1,0,0,0.0
777,1777472805.5360286,decode,183,1851479,0.9488696202992241,1851296,183,4640.974933644805,325,0,0,325,0,0,0,0.0
778,1777472805.573716,decode,183,1821040,0.9332698525609521,1851479,183,4640.974933644805,326,0,0,326,0,0,0,0.0
779,1777472805.6106033,decode,183,1851040,0.9486446359686908,1851662,183,4640.974933644805,328,0,0,328,3,0,0,0.0
781,1777472805.6535425,decode,183,1830995,0.93837171818842,1851223,183,4640.974933644805,327,0,0,327,0,0,0,0.0
782,1777472805.6902914,decode,183,1850995,0.9486215737935791,1851406,183,4640.974933644805,329,0,0,329,2,0,0,0.0
784,1777472805.7331972,decode,183,1841150,0.9435760823719396,1851178,183,4640.974933644805,329,0,0,329,0,0,0,0.0
785,1777472805.7705421,decode,183,1840951,0.9434740963086683,1851361,183,4640.974933644805,330,0,0,330,1,0,0,0.0
788,1777472805.8163595,decode,183,1830895,0.9383204689103942,1851134,183,4640.974933644805,330,0,0,330,0,0,0,0.0
789,1777472805.8530474,decode,183,1850895,0.9485703245155533,1851317,183,4640.974933644805,332,0,0,332,2,0,0,0.0
791,1777472805.8953545,decode,183,1841050,0.9435248330939138,1851078,183,4640.974933644805,332,0,0,332,0,0,0,0.0
792,1777472805.932922,decode,183,1830652,0.9381959331647916,1851261,183,4640.974933644805,334,0,0,334,1,0,0,0.0
795,1777472805.979084,decode,183,1851018,0.9486333611275252,1850835,183,4640.974933644805,333,0,0,333,0,0,0,0.0
796,1777472806.0168238,decode,183,1841001,0.9434997209476812,1851018,183,4640.974933644805,335,0,0,335,0,0,0,0.0
797,1777472806.0534198,decode,183,1851001,0.9486246487502608,1851201,183,4640.974933644805,336,0,0,336,1,0,0,0.0
799,1777472806.0961614,decode,183,1820734,0.9331130297701931,1851184,183,4640.974933644805,337,0,0,337,0,0,0,0.0
800,1777472806.1328585,decode,183,1850734,0.9484878131779318,1851367,183,4640.974933644805,339,0,0,339,3,0,0,0.0
802,1777472806.174902,decode,183,1840900,0.9434479591768751,1850917,183,4640.974933644805,338,0,0,338,0,0,0,0.0
803,1777472806.2122314,decode,183,1840690,0.9433403356930209,1851100,183,4640.974933644805,340,0,0,340,1,0,0,0.0
806,1777472806.2562177,decode,183,1851056,0.948652835853175,1850873,183,4640.974933644805,340,0,0,340,0,0,0,0.0
807,1777472806.293859,decode,183,1841039,0.943519195673331,1851056,183,4589.417555060905,342,0,0,342,0,0,0,0.0
808,1777472806.3308964,decode,183,1851039,0.9486441234759105,1851239,183,4589.417555060905,344,0,0,344,1,0,0,0.0
810,1777472806.379877,decode,183,1830983,0.9383655682750569,1851222,183,4589.417555060905,345,0,0,345,0,0,0,0.0
811,1777472806.416299,decode,183,1850983,0.9486154238802161,1851405,183,4589.417555060905,346,0,0,346,2,0,0,0.0
813,1777472806.4588468,decode,183,1830927,0.9383368686793625,1851166,183,4589.417555060905,346,0,0,346,0,0,0,0.0
814,1777472806.4961638,decode,183,1830529,0.9381328965528198,1851349,183,4589.417555060905,348,0,0,348,2,0,0,0.0
817,1777472806.5417953,decode,183,1850895,0.9485703245155533,1850712,183,4589.417555060905,346,0,0,346,0,0,0,0.0
818,1777472806.5791533,decode,183,1851078,0.9486641106943406,1850895,183,4589.417555060905,348,0,0,348,0,0,0,0.0
819,1777472806.6167657,decode,183,1841050,0.9435248330939138,1851078,183,4589.417555060905,350,0,0,350,0,0,0,0.0
820,1777472806.6543527,decode,183,1810254,0.9277421054330897,1851261,183,4589.417555060905,352,0,0,352,1,0,0,0.0
823,1777472806.703403,decode,183,1850620,0.9484293890009825,1850437,183,4589.417555060905,349,0,0,349,0,0,0,0.0
824,1777472806.7410986,decode,183,1830381,0.9380570476213417,1850620,183,4589.417555060905,351,0,0,351,0,0,0,0.0
825,1777472806.7783406,decode,183,1840182,0.9430799893606499,1850803,183,4589.417555060905,353,0,0,353,2,0,0,0.0
828,1777472806.8220148,decode,183,1850548,0.9483924895208039,1850365,183,4589.417555060905,352,0,0,352,0,0,0,0.0
829,1777472806.8598907,decode,183,1809909,0.9275652954239008,1850548,183,4589.417555060905,353,0,0,353,0,0,0,0.0
830,1777472806.8965986,decode,183,1849909,0.948065006634219,1850731,183,4589.417555060905,355,0,0,355,4,0,0,0.0
832,1777472806.9388406,decode,183,1819653,0.9325590250747342,1850092,183,4589.417555060905,353,0,0,353,0,0,0,0.0
833,1777472806.9756064,decode,183,1849653,0.947933808482473,1850275,183,4589.417555060905,355,0,0,355,3,0,0,0.0
835,1777472807.0174754,decode,183,1809197,0.927200400564357,1849836,183,4589.417555060905,354,0,0,354,0,0,0,0.0
836,1777472807.0541546,decode,183,1849197,0.9477001117746754,1850019,183,4589.417555060905,355,0,0,355,4,0,0,0.0
838,1777472807.0962186,decode,183,1839363,0.9426602577736186,1849380,183,4589.417555060905,353,0,0,353,0,0,0,0.0
839,1777472807.1331785,decode,183,1849363,0.9477851855761982,1849563,183,4589.417555060905,355,0,0,355,1,0,0,0.0
841,1777472807.1748946,decode,183,1839529,0.9427453315751414,1849546,183,4589.417555060905,356,0,0,356,0,0,0,0.0
842,1777472807.2123373,decode,183,1818899,0.9321726055184197,1849729,183,4589.417555060905,358,0,0,358,1,0,0,0.0
845,1777472807.2593825,decode,183,1849265,0.9477349612837329,1849082,183,4589.417555060905,356,0,0,356,0,0,0,0.0
846,1777472807.296992,decode,183,1839237,0.9425956836833062,1849265,183,4589.417555060905,358,0,0,358,0,0,0,0.0
847,1777472807.3339362,decode,183,1849237,0.9477206114858857,1849448,183,4589.417555060905,360,0,0,360,1,0,0,0.0
849,1777472807.3758082,decode,183,1808770,0.9269815661471869,1849420,183,4589.417555060905,360,0,0,360,0,0,0,0.0
850,1777472807.4124255,decode,183,1848770,0.9474812773575052,1849603,183,4589.417555060905,362,0,0,362,4,0,0,0.0
852,1777472807.4546106,decode,183,1828725,0.9372083595772345,1848953,183,4589.417555060905,360,0,0,360,0,0,0,0.0
853,1777472807.4914753,decode,183,1848725,0.9474582151823936,1849136,183,4589.417555060905,362,0,0,362,2,0,0,0.0
855,1777472807.5335042,decode,183,1818491,0.9319635084640745,1848908,183,4589.417555060905,362,0,0,362,0,0,0,0.0
856,1777472807.5702946,decode,183,1848491,0.9473382918718133,1849091,183,4589.417555060905,364,0,0,364,3,0,0,0.0
858,1777472807.6119952,decode,183,1828446,0.9370653740915424,1848674,183,4589.417555060905,363,0,0,363,0,0,0,0.0
859,1777472807.6489124,decode,183,1848446,0.9473152296967017,1848857,183,4589.417555060905,364,0,0,364,2,0,0,0.0
861,1777472807.6911788,decode,183,1818212,0.9318205229783826,1848629,183,4589.417555060905,364,0,0,364,0,0,0,0.0
862,1777472807.7286973,decode,183,1827792,0.9367302038132538,1848812,183,4589.417555060905,366,0,0,366,3,0,0,0.0
865,1777472807.7763574,decode,183,1817558,0.9314853527000938,1847975,183,4589.417555060905,363,0,0,363,0,0,0,0.0
866,1777472807.8133924,decode,183,1827149,0.9364006709555479,1848158,183,4589.417555060905,364,0,0,364,3,0,0,0.0
869,1777472807.8590279,decode,183,1847515,0.9468380989182815,1847332,183,4589.417555060905,362,0,0,362,0,0,0,0.0
870,1777472807.8968098,decode,183,1817076,0.9312383311800095,1847515,183,4566.579637233917,363,0,0,363,0,0,0,0.0
871,1777472807.9341025,decode,183,1836877,0.9413862007218974,1847698,183,4566.579637233917,365,0,0,365,3,0,0,0.0
874,1777472807.979037,decode,183,1826832,0.9362382107442061,1847060,183,4566.579637233917,363,0,0,363,0,0,0,0.0
875,1777472808.015864,decode,183,1846832,0.9464880663493653,1847243,183,4566.579637233917,365,0,0,365,2,0,0,0.0
877,1777472808.0582078,decode,183,1816208,0.9307934874467456,1847015,183,4566.579637233917,365,0,0,365,1,0,0,0.0
880,1777472808.107567,decode,183,1825794,0.9357062432382984,1846391,183,4566.579637233917,363,0,0,363,1,0,0,0.0
883,1777472808.1668322,decode,183,1845767,0.9459422615383906,1845977,183,4566.579637233917,363,0,0,363,1,0,0,0.0
886,1777472808.2119362,decode,184,1856135,0.951255786684105,1855951,184,4566.579637233917,363,0,0,363,0,0,0,0.0
887,1777472808.2498717,decode,184,1815497,0.9304291050799822,1856135,184,4566.579637233917,365,0,0,365,0,0,0,0.0
888,1777472808.2869344,decode,184,1835287,0.9405713372012872,1856319,184,4566.579637233917,366,0,0,366,3,0,0,0.0
891,1777472808.3315938,decode,183,1845260,0.9456824276987998,1845470,183,4566.579637233917,364,0,0,364,1,0,0,0.0
894,1777472808.377043,decode,184,1845428,0.9457685264858832,1855444,184,4566.579637233917,364,0,0,364,0,0,0,0.0
895,1777472808.4143517,decode,184,1835008,0.9404283517155952,1855628,184,4566.579637233917,366,0,0,366,1,0,0,0.0
898,1777472808.4603767,decode,184,1834976,0.940411951946627,1855192,184,4566.579637233917,365,0,0,365,0,0,0,0.0
899,1777472808.4973664,decode,184,1854976,0.9506618075517861,1855376,184,4566.579637233917,367,0,0,367,2,0,0,0.0
901,1777472808.5393484,decode,184,1834922,0.940384277336493,1855160,184,4566.579637233917,367,0,0,367,0,0,0,0.0
902,1777472808.5770066,decode,184,1834502,0.9401690303687846,1855344,184,4566.579637233917,369,0,0,369,2,0,0,0.0
905,1777472808.623505,decode,184,1844670,0.9453800569584476,1854686,184,4566.579637233917,367,0,0,367,0,0,0,0.0
906,1777472808.6606367,decode,184,1854670,0.9505049847610272,1854870,184,4566.579637233917,369,0,0,369,1,0,0,0.0
908,1777472808.702864,decode,184,1834627,0.9402330919663169,1854854,184,4566.579637233917,370,0,0,370,0,0,0,0.0
909,1777472808.7396927,decode,184,1854627,0.9504829475714761,1855038,184,4566.579637233917,372,0,0,372,2,0,0,0.0
911,1777472808.781209,decode,184,1854995,0.950671544914611,1854811,184,4566.579637233917,371,0,0,371,0,0,0,0.0
912,1777472808.8187747,decode,184,1844968,0.9455327798069645,1854995,184,4566.579637233917,373,0,0,373,0,0,0,0.0
913,1777472808.8559651,decode,184,1854968,0.950657707609544,1855179,184,4566.579637233917,375,0,0,375,1,0,0,0.0
915,1777472808.8981779,decode,184,1855336,0.950846304952679,1855152,184,4566.579637233917,376,0,0,376,0,0,0,0.0
916,1777472808.9355357,decode,184,1855520,0.9509406036242465,1855336,184,4566.579637233917,378,0,0,378,0,0,0,0.0
917,1777472808.9729807,decode,184,1855704,0.9510349022958139,1855520,184,4566.579637233917,379,0,0,379,0,0,0,0.0
918,1777472809.010405,decode,184,1855888,0.9511292009673814,1855704,184,4566.579637233917,381,0,0,381,0,0,0,0.0
919,1777472809.0480812,decode,184,1845861,0.9459904358597349,1855888,184,4566.579637233917,383,0,0,383,0,0,0,0.0
920,1777472809.0851548,decode,184,1855861,0.9511153636623144,1856072,184,4566.579637233917,385,0,0,385,1,0,0,0.0
922,1777472809.1277065,decode,184,1835807,0.9408378334470213,1856045,184,4566.579637233917,386,0,0,386,0,0,0,0.0
923,1777472809.1654496,decode,184,1855807,0.9510876890521804,1856229,184,4566.579637233917,387,0,0,387,2,0,0,0.0
925,1777472809.2080493,decode,184,1856175,0.9512762863953154,1855991,184,4566.579637233917,387,0,0,387,0,0,0,0.0
926,1777472809.245404,decode,184,1856359,0.9513705850668829,1856175,184,4566.579637233917,389,0,0,389,0,0,0,0.0
927,1777472809.2828553,decode,184,1856543,0.9514648837384503,1856359,184,4566.579637233917,391,0,0,391,0,0,0,0.0
928,1777472809.3203301,decode,184,1856727,0.9515591824100178,1856543,184,4566.579637233917,393,0,0,393,0,0,0,0.0
929,1777472809.357608,decode,184,1856911,0.9516534810815853,1856727,184,4566.579637233917,394,0,0,394,0,0,0,0.0
930,1777472809.3951163,decode,184,1857095,0.9517477797531527,1856911,184,4566.579637233917,396,0,0,396,0,0,0,0.0
931,1777472809.4327013,decode,184,1857279,0.9518420784247202,1857095,184,4566.579637233917,398,0,0,398,0,0,0,0.0
932,1777472809.4700446,decode,184,1857463,0.9519363770962876,1857279,184,4566.579637233917,400,0,0,400,0,0,0,0.0
933,1777472809.5079691,decode,184,1827047,0.9363483966919616,1857463,184,4563.8020787855085,401,0,0,401,0,0,0,0.0
934,1777472809.5446706,decode,184,1847047,0.9465982522971208,1857647,184,4563.8020787855085,403,0,0,403,2,0,0,0.0
936,1777472809.5867305,decode,183,1847413,0.9467858246546952,1847230,183,4563.8020787855085,403,0,0,403,0,0,0,0.0
937,1777472809.624023,decode,183,1847596,0.9468796108334824,1847413,183,4563.8020787855085,405,0,0,405,0,0,0,0.0
938,1777472809.6612868,decode,183,1847779,0.9469733970122696,1847596,183,4563.8020787855085,407,0,0,407,0,0,0,0.0
939,1777472809.6987255,decode,183,1847962,0.9470671831910568,1847779,183,4563.8020787855085,408,0,0,408,0,0,0,0.0
940,1777472809.735928,decode,183,1848145,0.947160969369844,1847962,183,4563.8020787855085,410,0,0,410,0,0,0,0.0
941,1777472809.773275,decode,183,1848328,0.9472547555486313,1848145,183,4563.8020787855085,412,0,0,412,0,0,0,0.0
942,1777472809.8104813,decode,183,1848511,0.9473485417274184,1848328,183,4563.8020787855085,414,0,0,414,0,0,0,0.0
943,1777472809.8478088,decode,183,1848694,0.9474423279062056,1848511,183,4563.8020787855085,415,0,0,415,0,0,0,0.0
944,1777472809.8851316,decode,183,1848877,0.9475361140849928,1848694,183,4563.8020787855085,417,0,0,417,0,0,0,0.0
945,1777472809.923632,decode,183,1757227,0.900566150774351,1848877,183,4563.8020787855085,419,0,0,419,0,0,0,0.0
946,1777472809.959711,decode,183,1847227,0.9466905009975672,1849060,183,4563.8020787855085,421,0,0,421,9,0,0,0.0
948,1777472810.0015306,decode,183,1847593,0.9468780733551416,1847410,183,4563.8020787855085,413,0,0,413,0,0,0,0.0
949,1777472810.0387304,decode,183,1847776,0.9469718595339288,1847593,183,4563.8020787855085,415,0,0,415,0,0,0,0.0
950,1777472810.0762038,decode,183,1847959,0.947065645712716,1847776,183,4563.8020787855085,417,0,0,417,0,0,0,0.0
951,1777472810.113281,decode,183,1848142,0.9471594318915032,1847959,183,4563.8020787855085,419,0,0,419,0,0,0,0.0
952,1777472810.150567,decode,183,1848325,0.9472532180702904,1848142,183,4563.8020787855085,420,0,0,420,0,0,0,0.0
953,1777472810.1879585,decode,183,1848508,0.9473470042490777,1848325,183,4563.8020787855085,422,0,0,422,0,0,0,0.0
954,1777472810.225208,decode,183,1848691,0.9474407904278649,1848508,183,4563.8020787855085,423,0,0,423,0,0,0,0.0
955,1777472810.2625175,decode,183,1848874,0.9475345766066521,1848691,183,4563.8020787855085,425,0,0,425,0,0,0,0.0
956,1777472810.300551,decode,183,1798057,0.9214912309922834,1848874,183,4563.8020787855085,427,0,0,427,0,0,0,0.0
957,1777472810.3383417,decode,183,1756167,0.9000229084272775,1849057,183,4563.8020787855085,429,0,0,429,5,0,0,0.0
960,1777472810.3967345,decode,183,1846140,0.9461334213454268,1846350,183,4563.8020787855085,417,0,0,417,1,0,0,0.0
963,1777472810.4448771,decode,184,1856508,0.9514469464911413,1856324,184,4563.8020787855085,418,0,0,418,0,0,0,0.0
964,1777472810.482225,decode,184,1856692,0.9515412451627088,1856508,184,4563.8020787855085,419,0,0,419,0,0,0,0.0
965,1777472810.5196435,decode,184,1856876,0.9516355438342763,1856692,184,4563.8020787855085,421,0,0,421,0,0,0,0.0
966,1777472810.5574133,decode,184,1857060,0.9517298425058437,1856876,184,4563.8020787855085,423,0,0,423,0,0,0,0.0
967,1777472810.5951724,decode,184,1847044,0.9465967148187799,1857060,184,4563.8020787855085,424,0,0,424,0,0,0,0.0
968,1777472810.63196,decode,184,1847227,0.9466905009975672,1857244,183,4563.8020787855085,426,0,0,426,0,0,0,0.0
969,1777472810.6695583,decode,183,1837199,0.9415512233971404,1847227,183,4563.8020787855085,427,0,0,427,0,0,0,0.0
970,1777472810.706368,decode,183,1847199,0.9466761511997199,1847410,183,4563.8020787855085,429,0,0,429,1,0,0,0.0
972,1777472810.7487981,decode,183,1816932,0.9311645322196523,1847382,183,4563.8020787855085,430,0,0,430,0,0,0,0.0
973,1777472810.7858987,decode,183,1836722,0.9413067643409574,1847565,183,4563.8020787855085,432,0,0,432,3,0,0,0.0
976,1777472810.8302739,decode,183,1856905,0.9516504061249037,1846905,183,4563.8020787855085,430,0,0,430,1,0,0,0.0
978,1777472810.8729322,decode,184,1857273,0.9518390034680386,1857089,184,4563.8020787855085,431,0,0,431,0,0,0,0.0
979,1777472810.9106765,decode,184,1847257,0.946705875780975,1857273,184,4563.8020787855085,433,0,0,433,0,0,0,0.0
980,1777472810.947743,decode,184,1847440,0.9467996619597622,1857457,183,4563.8020787855085,434,0,0,434,0,0,0,0.0
981,1777472810.985397,decode,183,1837412,0.9416603843593353,1847440,183,4563.8020787855085,436,0,0,436,0,0,0,0.0
982,1777472811.0227134,decode,183,1837202,0.9415527608754811,1847623,183,4563.8020787855085,438,0,0,438,1,0,0,0.0
985,1777472811.0681984,decode,183,1837357,0.9416321972564211,1847385,183,4698.022554299653,438,0,0,438,0,0,0,0.0
986,1777472811.105096,decode,183,1847357,0.9467571250590008,1847568,183,4698.022554299653,440,0,0,440,1,0,0,0.0
988,1777472811.14699,decode,183,1847723,0.9469446974165752,1847540,183,4698.022554299653,441,0,0,441,0,0,0,0.0
989,1777472811.1842835,decode,183,1847906,0.9470384835953624,1847723,183,4698.022554299653,442,0,0,442,0,0,0,0.0
990,1777472811.2219474,decode,183,1837889,0.9419048434155184,1847906,183,4698.022554299653,444,0,0,444,0,0,0,0.0
991,1777472811.2588778,decode,183,1847889,0.947029771218098,1848089,183,4698.022554299653,446,0,0,446,1,0,0,0.0
993,1777472811.3014688,decode,183,1848255,0.9472173435756723,1848072,183,4698.022554299653,447,0,0,447,0,0,0,0.0
994,1777472811.3387942,decode,183,1848438,0.9473111297544596,1848255,183,4698.022554299653,448,0,0,448,0,0,0,0.0
995,1777472811.3759844,decode,183,1848621,0.9474049159332468,1848438,183,4698.022554299653,450,0,0,450,0,0,0,0.0
996,1777472811.4132736,decode,183,1848804,0.947498702112034,1848621,183,4698.022554299653,452,0,0,452,0,0,0,0.0
997,1777472811.4508564,decode,183,1848987,0.9475924882908212,1848804,183,4698.022554299653,454,0,0,454,0,0,0,0.0
998,1777472811.4882185,decode,183,1838970,0.9424588481109772,1848987,183,4698.022554299653,455,0,0,455,0,0,0,0.0
999,1777472811.525137,decode,183,1848970,0.9475837759135568,1849170,183,4698.022554299653,457,0,0,457,1,0,0,0.0
1001,1777472811.5678196,decode,183,1839125,0.9425382844919172,1849153,183,4698.022554299653,458,0,0,458,0,0,0,0.0
1002,1777472811.6056678,decode,183,1849125,0.9476632122944968,1849336,183,4698.022554299653,460,0,0,460,1,0,0,0.0
1004,1777472811.6477861,decode,183,1839291,0.94262335829344,1849308,183,4698.022554299653,461,0,0,461,0,0,0,0.0
1005,1777472811.6847084,decode,183,1849291,0.9477482860960196,1849491,183,4698.022554299653,462,0,0,462,1,0,0,0.0
1007,1777472811.7271602,decode,183,1849657,0.9479358584535941,1849474,183,4698.022554299653,463,0,0,463,0,0,0,0.0
1008,1777472811.7646725,decode,183,1839629,0.9427965808531672,1849657,183,4698.022554299653,465,0,0,465,0,0,0,0.0
1009,1777472811.8016288,decode,183,1849629,0.9479215086557468,1849840,183,4698.022554299653,467,0,0,467,1,0,0,0.0
1011,1777472811.844036,decode,183,1839795,0.9428816546546901,1849812,183,4698.022554299653,468,0,0,468,0,0,0,0.0
1012,1777472811.8809245,decode,183,1849795,0.9480065824572697,1849995,183,4698.022554299653,469,0,0,469,1,0,0,0.0
1014,1777472811.9237807,decode,183,1839950,0.9429610910356301,1849978,183,4698.022554299653,470,0,0,470,0,0,0,0.0
1015,1777472811.9607565,decode,183,1849950,0.9480860188382096,1850161,183,4698.022554299653,472,0,0,472,1,0,0,0.0
1017,1777472812.003053,decode,183,1850316,0.948273591195784,1850133,183,4698.022554299653,473,0,0,473,0,0,0,0.0
1018,1777472812.0406897,decode,183,1840299,0.9431399510159401,1850316,183,4698.022554299653,475,0,0,475,0,0,0,0.0
1019,1777472812.0775564,decode,183,1850299,0.9482648788185196,1850499,183,4698.022554299653,476,0,0,476,1,0,0,0.0
1021,1777472812.1198704,decode,183,1850665,0.948452451176094,1850482,183,4698.022554299653,477,0,0,477,0,0,0,0.0
1022,1777472812.1576035,decode,183,1850848,0.9485462373548813,1850665,183,4698.022554299653,479,0,0,479,0,0,0,0.0
1023,1777472812.1947656,decode,183,1840820,0.9434069597544544,1850848,183,4698.022554299653,481,0,0,481,0,0,0,0.0
1024,1777472812.2321231,decode,183,1830422,0.9380780598253322,1851031,183,4698.022554299653,483,0,0,483,1,0,0,0.0
1027,1777472812.2841804,decode,183,1850788,0.9485154877880658,1850605,183,4698.022554299653,482,0,0,482,0,0,0,0.0
1028,1777472812.3218381,decode,183,1820371,0.9329269948909594,1850788,183,4698.022554299653,484,0,0,484,0,0,0,0.0
1029,1777472812.358953,decode,183,1829951,0.9378366757258307,1850971,183,4698.022554299653,485,0,0,485,3,0,0,0.0
1032,1777472812.4049144,decode,183,1850317,0.9482741036885642,1850134,183,4698.022554299653,482,0,0,482,0,0,0,0.0
1033,1777472812.442197,decode,183,1850500,0.9483678898673515,1850317,183,4698.022554299653,484,0,0,484,0,0,0,0.0
1034,1777472812.48002,decode,183,1830261,0.9379955484877107,1850500,183,4698.022554299653,486,0,0,486,0,0,0,0.0
1035,1777472812.5168273,decode,183,1850261,0.9482454040928698,1850683,183,4698.022554299653,488,0,0,488,2,0,0,0.0
1037,1777472812.559271,decode,183,1830227,0.9379781237331819,1850444,183,4698.022554299653,487,0,0,487,0,0,0,0.0
1038,1777472812.5964203,decode,183,1829807,0.9377628767654735,1850627,183,4698.022554299653,489,0,0,489,2,0,0,0.0
1041,1777472812.6431496,decode,183,1850173,0.9482003047282072,1849990,183,4647.762455899539,487,0,0,487,0,0,0,0.0
1042,1777472812.6806757,decode,183,1840156,0.9430666645483632,1850173,183,4647.762455899539,489,0,0,489,0,0,0,0.0
1043,1777472812.7177346,decode,183,1850156,0.9481915923509427,1850356,183,4647.762455899539,491,0,0,491,1,0,0,0.0
1045,1777472812.760433,decode,183,1840322,0.943151738349886,1850339,183,4647.762455899539,492,0,0,492,0,0,0,0.0
1046,1777472812.797454,decode,183,1850322,0.9482766661524655,1850522,183,4647.762455899539,494,0,0,494,1,0,0,0.0
1048,1777472812.8395486,decode,183,1850688,0.94846423851004,1850505,183,4647.762455899539,494,0,0,494,0,0,0,0.0
1049,1777472812.8769038,decode,183,1850871,0.9485580246888272,1850688,183,4647.762455899539,496,0,0,496,0,0,0,0.0
1050,1777472812.914595,decode,183,1830643,0.9381913207297692,1850871,183,4647.762455899539,498,0,0,498,0,0,0,0.0
1051,1777472812.9516814,decode,183,1850643,0.9484411763349284,1851054,183,4647.762455899539,500,0,0,500,2,0,0,0.0
1053,1777472812.9941554,decode,183,1830598,0.9381682585546576,1850826,183,4647.762455899539,500,0,0,500,0,0,0,0.0
1054,1777472813.0311184,decode,183,1850598,0.9484181141598168,1851009,183,4647.762455899539,501,0,0,501,2,0,0,0.0
1056,1777472813.0735114,decode,183,1850964,0.9486056865173912,1850781,183,4647.762455899539,501,0,0,501,0,0,0,0.0
1057,1777472813.110921,decode,183,1851147,0.9486994726961784,1850964,183,4647.762455899539,503,0,0,503,0,0,0,0.0
1058,1777472813.1484215,decode,183,1841130,0.9435658325163344,1851147,183,4647.762455899539,505,0,0,505,0,0,0,0.0
1059,1777472813.1862514,decode,183,1840920,0.9434582090324802,1851330,183,4647.762455899539,506,0,0,506,1,0,0,0.0
1062,1777472813.2325072,decode,183,1830886,0.9383158564753719,1851103,183,4647.762455899539,506,0,0,506,0,0,0,0.0
1063,1777472813.2697675,decode,183,1850886,0.9485657120805311,1851286,183,4647.762455899539,508,0,0,508,2,0,0,0.0
1065,1777472813.312829,decode,183,1841052,0.9435258580794743,1851069,183,4647.762455899539,508,0,0,508,0,0,0,0.0
1066,1777472813.349752,decode,183,1851052,0.9486507858820539,1851252,183,4647.762455899539,510,0,0,510,1,0,0,0.0
1068,1777472813.398878,decode,183,1831018,0.9383835055223659,1851235,183,4647.762455899539,511,0,0,511,0,0,0,0.0
1069,1777472813.4355257,decode,183,1851018,0.9486333611275252,1851418,183,4647.762455899539,513,0,0,513,2,0,0,0.0
1071,1777472813.4778666,decode,183,1851384,0.9488209334850995,1851201,183,4647.762455899539,512,0,0,512,0,0,0,0.0
1072,1777472813.5156145,decode,183,1831167,0.9384598669466244,1851384,183,4647.762455899539,514,0,0,514,0,0,0,0.0
1073,1777472813.5525596,decode,183,1851167,0.9487097225517835,1851567,183,4647.762455899539,516,0,0,516,2,0,0,0.0
1075,1777472813.5947325,decode,183,1841333,0.9436698685507268,1851350,183,4647.762455899539,515,0,0,515,0,0,0,0.0
1076,1777472813.6320791,decode,183,1851333,0.9487947963533063,1851533,183,4647.762455899539,517,0,0,517,1,0,0,0.0
1078,1777472813.6761327,decode,183,1821077,0.9332888147938216,1851516,183,4647.762455899539,518,0,0,518,0,0,0,0.0
1079,1777472813.712854,decode,183,1851077,0.9486635982015603,1851699,183,4647.762455899539,520,0,0,520,3,0,0,0.0
1081,1777472813.7570448,decode,183,1831032,0.9383906804212896,1851260,183,4647.762455899539,519,0,0,519,0,0,0,0.0
1082,1777472813.7938051,decode,183,1851032,0.9486405360264487,1851443,183,4647.762455899539,521,0,0,521,2,0,0,0.0
1084,1777472813.837466,decode,183,1830987,0.938367618246178,1851215,183,4647.762455899539,520,0,0,520,0,0,0,0.0
1085,1777472813.8743176,decode,183,1850987,0.9486174738513371,1851398,183,4647.762455899539,522,0,0,522,2,0,0,0.0
1087,1777472813.9180264,decode,183,1851353,0.9488050462089115,1851170,183,4647.762455899539,522,0,0,522,0,0,0,0.0
1088,1777472813.955948,decode,183,1831125,0.9384383422498536,1851353,183,4647.762455899539,523,0,0,523,0,0,0,0.0
1089,1777472813.9924793,decode,183,1851125,0.9486881978550127,1851536,183,4647.762455899539,525,0,0,525,2,0,0,0.0
1091,1777472814.035805,decode,183,1831080,0.938415280074742,1851308,183,4647.762455899539,525,0,0,525,0,0,0,0.0
1092,1777472814.0725245,decode,183,1851080,0.9486651356799011,1851491,183,4647.762455899539,527,0,0,527,2,0,0,0.0
1094,1777472814.1146688,decode,183,1831035,0.9383922178996303,1851263,183,4647.762455899539,527,0,0,527,0,0,0,0.0
1095,1777472814.1520088,decode,183,1851035,0.9486420735047895,1851446,183,4647.762455899539,528,0,0,528,2,0,0,0.0
1097,1777472814.1960537,decode,183,1841190,0.9435965820831499,1851218,183,4647.762455899539,528,0,0,528,0,0,0,0.0
1098,1777472814.2333422,decode,183,1840991,0.9434945960198786,1851401,183,4603.264091685038,530,0,0,530,1,0,0,0.0
1101,1777472814.2808924,decode,183,1830935,0.9383409686216045,1851174,183,4603.264091685038,529,0,0,529,0,0,0,0.0
1102,1777472814.3180587,decode,183,1840736,0.9433639103609128,1851357,183,4603.264091685038,531,0,0,531,2,0,0,0.0
1105,1777472814.3647556,decode,183,1851102,0.9486764105210668,1850919,183,4603.264091685038,529,0,0,529,0,0,0,0.0
1106,1777472814.4023972,decode,183,1841085,0.9435427703412228,1851102,183,4603.264091685038,531,0,0,531,0,0,0,0.0
1107,1777472814.43912,decode,183,1851085,0.9486676981438024,1851285,183,4603.264091685038,532,0,0,532,1,0,0,0.0
1109,1777472814.4825451,decode,183,1831029,0.9383891429429488,1851268,183,4603.264091685038,533,0,0,533,0,0,0,0.0
1110,1777472814.51942,decode,183,1851029,0.948638998548108,1851451,183,4603.264091685038,535,0,0,535,2,0,0,0.0
1112,1777472814.5632024,decode,183,1800384,0.9226838016919436,1851212,183,4603.264091685038,535,0,0,535,0,0,0,0.0
1113,1777472814.599978,decode,183,1850384,0.9483084407048415,1851395,183,4603.264091685038,537,0,0,537,5,0,0,0.0
1115,1777472814.7158158,decode,183,1850750,0.9484960130624159,1850567,183,4603.264091685038,536,0,0,536,0,0,0,0.0
1116,1777472814.7537644,decode,183,1830533,0.9381349465239408,1850750,183,4603.264091685038,538,0,0,538,0,0,0,0.0
1117,1777472814.7904978,decode,183,1850533,0.9483848021291,1850933,183,4603.264091685038,539,0,0,539,2,0,0,0.0
1119,1777472814.8344142,decode,183,1840688,0.9433393107074604,1850716,183,4603.264091685038,539,0,0,539,0,0,0,0.0
1120,1777472814.871862,decode,183,1840489,0.9432373246441891,1850899,183,4603.264091685038,541,0,0,541,1,0,0,0.0
1123,1777472814.919468,decode,183,1820222,0.932850633466701,1850672,183,4603.264091685038,541,0,0,541,0,0,0,0.0
1124,1777472814.9562328,decode,183,1840023,0.9429985030085889,1850855,183,4603.264091685038,543,0,0,543,3,0,0,0.0
1127,1777472815.0011122,decode,183,1850389,0.9483110031687428,1850206,183,4603.264091685038,541,0,0,541,0,0,0,0.0
1128,1777472815.0394728,decode,183,1840372,0.9431773629888989,1850389,183,4603.264091685038,542,0,0,542,0,0,0,0.0
1129,1777472815.0766385,decode,183,1840162,0.9430697395050447,1850572,183,4603.264091685038,544,0,0,544,1,0,0,0.0
1132,1777472815.1235309,decode,183,1840328,0.9431548133065676,1850345,183,4603.264091685038,544,0,0,544,0,0,0,0.0
1133,1777472815.1603,decode,183,1850328,0.9482797411091471,1850528,183,4603.264091685038,546,0,0,546,1,0,0,0.0
1135,1777472815.2039816,decode,183,1820083,0.9327793969702451,1850511,183,4603.264091685038,546,0,0,546,0,0,0,0.0
1136,1777472815.2405035,decode,183,1850083,0.9481541803779839,1850694,183,4603.264091685038,548,0,0,548,3,0,0,0.0
1138,1777472815.2832522,decode,183,1850449,0.9483417527355583,1850266,183,4603.264091685038,547,0,0,547,0,0,0,0.0
1139,1777472815.320898,decode,183,1819999,0.9327363475767035,1850449,183,4603.264091685038,549,0,0,549,0,0,0,0.0
1140,1777472815.3576837,decode,183,1849999,0.9481111309844422,1850632,183,4603.264091685038,550,0,0,550,3,0,0,0.0
1142,1777472815.400832,decode,183,1809543,0.9273777230663263,1850182,183,4603.264091685038,549,0,0,549,0,0,0,0.0
1143,1777472815.437463,decode,183,1849543,0.9478774342766446,1850365,183,4603.264091685038,551,0,0,551,4,0,0,0.0
1145,1777472815.481192,decode,183,1809076,0.9271383889379459,1849726,183,4603.264091685038,549,0,0,549,0,0,0,0.0
1146,1777472815.5178246,decode,183,1849076,0.9476381001482641,1849909,183,4603.264091685038,551,0,0,551,4,0,0,0.0
1148,1777472815.5598063,decode,183,1849442,0.9478256725058386,1849259,183,4603.264091685038,549,0,0,549,0,0,0,0.0
1149,1777472815.597438,decode,183,1849625,0.9479194586846258,1849442,183,4603.264091685038,550,0,0,550,0,0,0,0.0
1150,1777472815.6353078,decode,183,1829386,0.937547117304985,1849625,183,4603.264091685038,552,0,0,552,0,0,0,0.0
1151,1777472815.6719842,decode,183,1849386,0.9477969729101441,1849808,183,4603.264091685038,553,0,0,553,2,0,0,0.0
1153,1777472815.7163038,decode,183,1819152,0.932302266191825,1849569,183,4603.264091685038,553,0,0,553,0,0,0,0.0
1154,1777472815.7532573,decode,183,1838942,0.94244449831313,1849752,183,4603.264091685038,555,0,0,555,3,0,0,0.0
1157,1777472815.7994447,decode,183,1818708,0.9320747193973905,1849125,183,4603.264091685038,553,0,0,553,0,0,0,0.0
1158,1777472815.8366258,decode,183,1828288,0.9369844002322617,1849308,183,4603.264091685038,555,0,0,555,3,0,0,0.0
1161,1777472815.8858478,decode,183,1848654,0.9474218281949953,1848471,183,4603.264091685038,552,0,0,552,0,0,0,0.0
1162,1777472815.9239752,decode,183,1818226,0.9318276978773061,1848654,183,4329.73155292501,553,0,0,553,0,0,0,0.0
1163,1777472815.9605272,decode,183,1848226,0.9472024812850449,1848837,183,4329.73155292501,555,0,0,555,3,0,0,0.0
1165,1777472816.0053885,decode,183,1797559,0.9212360095877149,1848409,183,4329.73155292501,554,0,0,554,0,0,0,0.0
1166,1777472816.0415385,decode,183,1837360,0.941633734734762,1848592,183,4329.73155292501,556,0,0,556,5,0,0,0.0
1169,1777472816.0874956,decode,183,1806904,0.9260252546192256,1847543,183,4329.73155292501,552,0,0,552,0,0,0,0.0
1170,1777472816.1245003,decode,183,1846904,0.9465249658295439,1847726,183,4329.73155292501,553,0,0,553,4,0,0,0.0
1172,1777472816.1684508,decode,183,1826848,0.9362464106286903,1847087,183,4329.73155292501,551,0,0,551,0,0,0,0.0
1173,1777472816.205193,decode,183,1846848,0.9464962662338494,1847270,183,4329.73155292501,553,0,0,553,2,0,0,0.0
1175,1777472816.2487483,decode,183,1836611,0.9412498776423487,1847031,183,4329.73155292501,553,0,0,553,1,0,0,0.0
1178,1777472816.2981482,decode,183,1836396,0.9411396916945932,1846794,183,4329.73155292501,553,0,0,553,1,0,0,0.0
1181,1777472816.3445826,decode,183,1856579,0.9514833334785396,1846579,183,4329.73155292501,553,0,0,553,1,0,0,0.0
1183,1777472816.3885388,decode,184,1805925,0.9255235241873531,1856763,184,4329.73155292501,554,0,0,554,0,0,0,0.0
1184,1777472816.4251702,decode,184,1845925,0.9460232353976713,1856947,184,4329.73155292501,556,0,0,556,4,0,0,0.0
1186,1777472816.4685998,decode,183,1845909,0.9460150355131872,1846108,183,4329.73155292501,553,0,0,553,1,0,0,0.0
1189,1777472816.5166595,decode,184,1825644,0.9356293693212597,1856093,184,4329.73155292501,553,0,0,553,0,0,0,0.0
1190,1777472816.5539756,decode,184,1815036,0.9301928459082832,1856277,184,4329.73155292501,554,0,0,554,2,0,0,0.0
1193,1777472816.6036854,decode,183,1834799,0.9403212407245213,1845219,183,4329.73155292501,551,0,0,551,1,0,0,0.0
1196,1777472816.6521578,decode,184,1844967,0.9455322673141842,1854983,184,4329.73155292501,549,0,0,549,0,0,0,0.0
1197,1777472816.689176,decode,184,1854967,0.9506571951167638,1855167,184,4329.73155292501,550,0,0,550,1,0,0,0.0
1199,1777472816.733355,decode,184,1814491,0.9299135373430427,1855151,184,4329.73155292501,551,0,0,551,0,0,0,0.0
1200,1777472816.769827,decode,184,1854491,0.950413248553361,1855335,184,4329.73155292501,553,0,0,553,4,0,0,0.0
1202,1777472816.812548,decode,184,1854859,0.9506018458964959,1854675,184,4329.73155292501,551,0,0,551,0,0,0,0.0
1203,1777472816.8503602,decode,184,1844843,0.9454687182094322,1854859,184,4329.73155292501,553,0,0,553,0,0,0,0.0
1204,1777472816.8873186,decode,184,1854843,0.9505936460120118,1855043,184,4329.73155292501,554,0,0,554,1,0,0,0.0
1206,1777472816.9303458,decode,184,1845000,0.9455491795759328,1855027,184,4329.73155292501,555,0,0,555,0,0,0,0.0
1207,1777472816.9674158,decode,184,1855000,0.9506741073785123,1855211,184,4329.73155292501,557,0,0,557,1,0,0,0.0
1209,1777472817.0278049,decode,184,1834946,0.9403965771632192,1855184,184,4329.73155292501,559,0,0,559,0,0,0,0.0
1210,1777472817.064616,decode,184,1854946,0.9506464327683783,1855368,184,4329.73155292501,560,0,0,560,2,0,0,0.0
1212,1777472817.108172,decode,184,1855314,0.9508350301115133,1855130,184,4329.73155292501,560,0,0,560,0,0,0,0.0
1213,1777472817.1455238,decode,184,1855498,0.9509293287830808,1855314,184,4329.73155292501,562,0,0,562,0,0,0,0.0
1214,1777472817.1836362,decode,184,1835260,0.9405574998962202,1855498,184,4329.73155292501,564,0,0,564,0,0,0,0.0
1215,1777472817.2205467,decode,184,1855260,0.9508073555013794,1855682,184,4329.73155292501,565,0,0,565,2,0,0,0.0
1217,1777472817.2660232,decode,184,1855628,0.9509959528445143,1855444,184,4329.73155292501,565,0,0,565,0,0,0,0.0
1218,1777472817.3033948,decode,184,1855812,0.9510902515160817,1855628,184,4329.73155292501,567,0,0,567,0,0,0,0.0
1219,1777472817.3408241,decode,184,1855996,0.9511845501876492,1855812,184,4329.73155292501,568,0,0,568,0,0,0,0.0
1220,1777472817.3782794,decode,184,1856180,0.9512788488592167,1855996,184,4329.73155292501,570,0,0,570,0,0,0,0.0
1221,1777472817.41536,decode,184,1856364,0.9513731475307842,1856180,184,4329.73155292501,571,0,0,571,0,0,0,0.0
1222,1777472817.4528565,decode,184,1856548,0.9514674462023516,1856364,184,4329.73155292501,573,0,0,573,0,0,0,0.0
1223,1777472817.490219,decode,184,1856732,0.9515617448739191,1856548,184,4329.73155292501,575,0,0,575,0,0,0,0.0
1224,1777472817.5279663,decode,184,1846705,0.9464229797662725,1856732,184,4329.73155292501,576,0,0,576,0,0,0,0.0
1225,1777472817.5653465,decode,184,1836688,0.9412893395864286,1856916,183,4476.735111651406,578,0,0,578,0,0,0,0.0
1226,1777472817.6024754,decode,183,1826268,0.9359491648161407,1846888,183,4476.735111651406,580,0,0,580,1,0,0,0.0
1229,1777472817.6495383,decode,183,1856451,0.9514177344026666,1846451,183,4476.735111651406,579,0,0,579,1,0,0,0.0
1231,1777472817.6924431,decode,184,1856819,0.9516063317458016,1856635,184,4476.735111651406,580,0,0,580,0,0,0,0.0
1232,1777472817.7300034,decode,184,1857003,0.951700630417369,1856819,184,4476.735111651406,582,0,0,582,0,0,0,0.0
1233,1777472817.767791,decode,184,1857187,0.9517949290889365,1857003,184,4476.735111651406,583,0,0,583,0,0,0,0.0
1234,1777472817.8051476,decode,184,1857371,0.9518892277605039,1857187,184,4476.735111651406,585,0,0,585,0,0,0,0.0
1235,1777472817.8426895,decode,184,1857555,0.9519835264320714,1857371,184,4476.735111651406,587,0,0,587,0,0,0,0.0
1236,1777472817.880103,decode,184,1857739,0.9520778251036388,1857555,184,4476.735111651406,588,0,0,588,0,0,0,0.0
1237,1777472817.9174802,decode,184,1857923,0.9521721237752063,1857739,184,4476.735111651406,590,0,0,590,0,0,0,0.0
1238,1777472817.9550438,decode,184,1858107,0.9522664224467737,1857923,184,4476.735111651406,592,0,0,592,0,0,0,0.0
1239,1777472817.9932294,decode,184,1797080,0.9209905255459714,1858107,184,4476.735111651406,593,0,0,593,0,0,0,0.0
1240,1777472818.0300293,decode,184,1847080,0.9466151645588693,1858291,184,4476.735111651406,595,0,0,595,5,0,0,0.0
1242,1777472818.073794,decode,183,1847446,0.9468027369164437,1847263,183,4476.735111651406,592,0,0,592,0,0,0,0.0
1243,1777472818.1110966,decode,183,1847629,0.9468965230952309,1847446,183,4476.735111651406,593,0,0,593,0,0,0,0.0
1244,1777472818.1483753,decode,183,1847812,0.9469903092740181,1847629,183,4476.735111651406,595,0,0,595,0,0,0,0.0
1245,1777472818.1856778,decode,183,1847995,0.9470840954528054,1847812,183,4476.735111651406,597,0,0,597,0,0,0,0.0
1246,1777472818.2229135,decode,183,1848178,0.9471778816315926,1847995,183,4476.735111651406,598,0,0,598,0,0,0,0.0
1247,1777472818.2599967,decode,183,1848361,0.9472716678103797,1848178,183,4476.735111651406,600,0,0,600,0,0,0,0.0
1248,1777472818.297654,decode,183,1848544,0.9473654539891669,1848361,183,4476.735111651406,602,0,0,602,0,0,0,0.0
1249,1777472818.33478,decode,183,1848727,0.9474592401679541,1848544,183,4476.735111651406,603,0,0,603,0,0,0,0.0
1250,1777472818.3734324,decode,183,1777510,0.9109610418363231,1848727,183,4476.735111651406,605,0,0,605,0,0,0,0.0
1251,1777472818.4104226,decode,183,1786272,0.9154515035769434,1848910,183,4476.735111651406,607,0,0,607,7,0,0,0.0
1254,1777472818.4653666,decode,183,1856455,0.9514197843737876,1846455,183,4476.735111651406,596,0,0,596,1,0,0,0.0
1256,1777472818.5105724,decode,184,1856823,0.9516083817169225,1856639,184,4476.735111651406,597,0,0,597,0,0,0,0.0
1257,1777472818.5482247,decode,184,1857007,0.95170268038849,1856823,184,4476.735111651406,598,0,0,598,0,0,0,0.0
1258,1777472818.5852926,decode,184,1857191,0.9517969790600574,1857007,184,4476.735111651406,600,0,0,600,0,0,0,0.0
1259,1777472818.6229746,decode,184,1857375,0.951891277731625,1857191,184,4476.735111651406,602,0,0,602,0,0,0,0.0
1260,1777472818.6605778,decode,184,1857559,0.9519855764031924,1857375,184,4476.735111651406,604,0,0,604,0,0,0,0.0
1261,1777472818.6976624,decode,184,1857743,0.9520798750747599,1857559,184,4476.735111651406,605,0,0,605,0,0,0,0.0
1262,1777472818.7355697,decode,184,1847727,0.9469467473876961,1857743,184,4476.735111651406,607,0,0,607,0,0,0,0.0
1263,1777472818.7725246,decode,184,1847910,0.9470405335664834,1857927,183,4476.735111651406,609,0,0,609,0,0,0,0.0
1264,1777472818.8110294,decode,183,1766416,0.9052754469321413,1847910,183,4476.735111651406,610,0,0,610,0,0,0,0.0
1265,1777472818.8477778,decode,183,1836217,0.9410479554869271,1848093,183,4476.735111651406,612,0,0,612,8,0,0,0.0
1268,1777472818.896668,decode,183,1856400,0.9513915972708734,1846400,183,4476.735111651406,605,0,0,605,1,0,0,0.0
1270,1777472818.9421132,decode,184,1856768,0.9515801946140083,1856584,184,4476.735111651406,606,0,0,606,0,0,0,0.0
1271,1777472818.979225,decode,184,1856952,0.9516744932855759,1856768,184,4476.735111651406,608,0,0,608,0,0,0,0.0
1272,1777472819.0165963,decode,184,1857136,0.9517687919571433,1856952,184,4476.735111651406,609,0,0,609,0,0,0,0.0
1273,1777472819.0544593,decode,184,1836920,0.9414082379114485,1857136,184,4476.735111651406,611,0,0,611,0,0,0,0.0
1274,1777472819.0916085,decode,184,1846920,0.946533165714028,1857320,184,4476.735111651406,613,0,0,613,1,0,0,0.0
1276,1777472819.13518,decode,183,1837086,0.9414933117129712,1847103,183,4677.601199669257,614,0,0,614,0,0,0,0.0
1277,1777472819.1718364,decode,183,1847086,0.9466182395155508,1847286,183,4677.601199669257,615,0,0,615,1,0,0,0.0
1279,1777472819.22251,decode,183,1847452,0.9468058118731253,1847269,183,4677.601199669257,617,0,0,617,0,0,0,0.0
1280,1777472819.2604635,decode,183,1817002,0.9312004067142704,1847452,183,4677.601199669257,618,0,0,618,0,0,0,0.0
1281,1777472819.2969232,decode,183,1847002,0.9465751901220092,1847635,183,4677.601199669257,620,0,0,620,3,0,0,0.0
1283,1777472819.339574,decode,183,1847368,0.9467627624795836,1847185,183,4677.601199669257,619,0,0,619,0,0,0,0.0
1284,1777472819.3772202,decode,183,1847551,0.9468565486583708,1847368,183,4677.601199669257,620,0,0,620,0,0,0,0.0
1285,1777472819.4145656,decode,183,1847734,0.946950334837158,1847551,183,4677.601199669257,622,0,0,622,0,0,0,0.0
1286,1777472819.4518387,decode,183,1847917,0.9470441210159452,1847734,183,4677.601199669257,624,0,0,624,0,0,0,0.0
1287,1777472819.4892194,decode,183,1848100,0.9471379071947323,1847917,183,4677.601199669257,625,0,0,625,0,0,0,0.0
1288,1777472819.5264153,decode,183,1848283,0.9472316933735196,1848100,183,4677.601199669257,626,0,0,626,0,0,0,0.0
1289,1777472819.5635762,decode,183,1848466,0.9473254795523068,1848283,183,4677.601199669257,628,0,0,628,0,0,0,0.0
1290,1777472819.6007638,decode,183,1848649,0.947419265731094,1848466,183,4677.601199669257,629,0,0,629,0,0,0,0.0
1291,1777472819.6383603,decode,183,1838632,0.9422856255512501,1848649,183,4677.601199669257,631,0,0,631,0,0,0,0.0
1292,1777472819.6751847,decode,183,1848632,0.9474105533538296,1848832,183,4677.601199669257,633,0,0,633,1,0,0,0.0
1294,1777472819.718473,decode,183,1828587,0.9371376355735589,1848815,183,4677.601199669257,634,0,0,634,0,0,0,0.0
1295,1777472819.7551284,decode,183,1848587,0.947387491178718,1848998,183,4677.601199669257,636,0,0,636,2,0,0,0.0
1297,1777472819.7974863,decode,183,1848953,0.9475750635362924,1848770,183,4677.601199669257,635,0,0,635,0,0,0,0.0
1298,1777472819.8357632,decode,183,1838936,0.9424414233564484,1848953,183,4677.601199669257,637,0,0,637,0,0,0,0.0
1299,1777472819.8718865,decode,183,1848936,0.9475663511590281,1849136,183,4677.601199669257,639,0,0,639,1,0,0,0.0
1301,1777472819.9153776,decode,183,1849302,0.9477539235166025,1849119,183,4677.601199669257,640,0,0,640,0,0,0,0.0
1302,1777472819.952592,decode,183,1849485,0.9478477096953897,1849302,183,4677.601199669257,642,0,0,642,0,0,0,0.0
1303,1777472819.9904087,decode,183,1839457,0.9427084320949629,1849485,183,4677.601199669257,643,0,0,643,0,0,0,0.0
1304,1777472820.0272107,decode,183,1849457,0.9478333598975425,1849668,183,4677.601199669257,645,0,0,645,1,0,0,0.0
1306,1777472820.0706809,decode,183,1849823,0.9480209322551169,1849640,183,4677.601199669257,646,0,0,646,0,0,0,0.0
1307,1777472820.108165,decode,183,1839806,0.9428872920752729,1849823,183,4677.601199669257,647,0,0,647,0,0,0,0.0
1308,1777472820.1449037,decode,183,1849806,0.9480122198778524,1850006,183,4677.601199669257,649,0,0,649,1,0,0,0.0
1310,1777472820.1920195,decode,183,1850172,0.9481997922354268,1849989,183,4677.601199669257,650,0,0,650,0,0,0,0.0
1311,1777472820.2292526,decode,183,1850355,0.9482935784142141,1850172,183,4677.601199669257,652,0,0,652,0,0,0,0.0
1312,1777472820.2672117,decode,183,1830138,0.937932511875739,1850355,183,4677.601199669257,653,0,0,653,0,0,0,0.0
1313,1777472820.3038538,decode,183,1850138,0.9481823674808981,1850538,183,4677.601199669257,655,0,0,655,2,0,0,0.0
1315,1777472820.3478703,decode,183,1840293,0.9431368760592586,1850321,183,4677.601199669257,655,0,0,655,0,0,0,0.0
1316,1777472820.3848157,decode,183,1819696,0.9325810622642854,1850504,183,4677.601199669257,656,0,0,656,1,0,0,0.0
1319,1777472820.4344015,decode,183,1839851,0.9429103542503845,1849879,183,4677.601199669257,654,0,0,654,0,0,0,0.0
1320,1777472820.4714038,decode,183,1849851,0.9480352820529641,1850062,183,4677.601199669257,656,0,0,656,1,0,0,0.0
1322,1777472820.515005,decode,183,1850217,0.9482228544105384,1850034,183,4677.601199669257,657,0,0,657,0,0,0,0.0
1323,1777472820.5527456,decode,183,1840200,0.9430892142306945,1850217,183,4677.601199669257,659,0,0,659,0,0,0,0.0
1324,1777472820.589695,decode,183,1850200,0.9482141420332741,1850400,183,4677.601199669257,660,0,0,660,1,0,0,0.0
1326,1777472820.6340013,decode,183,1830166,0.9379468616735862,1850383,183,4677.601199669257,661,0,0,661,0,0,0,0.0
1327,1777472820.6705294,decode,183,1850166,0.9481967172787453,1850566,183,4677.601199669257,663,0,0,663,2,0,0,0.0
1329,1777472820.7143903,decode,183,1840321,0.9431512258571058,1850349,183,4635.232778918311,663,0,0,663,0,0,0,0.0
1330,1777472820.7511706,decode,183,1850321,0.9482761536596853,1850532,183,4635.232778918311,664,0,0,664,1,0,0,0.0
1332,1777472820.7950137,decode,183,1850687,0.9484637260172597,1850504,183,4635.232778918311,665,0,0,665,0,0,0,0.0
1333,1777472820.8328435,decode,183,1830448,0.9380913846376189,1850687,183,4635.232778918311,667,0,0,667,0,0,0,0.0
1334,1777472820.8694682,decode,183,1850448,0.9483412402427781,1850870,183,4635.232778918311,668,0,0,668,2,0,0,0.0
1336,1777472820.9132736,decode,183,1850814,0.9485288126003525,1850631,183,4635.232778918311,668,0,0,668,0,0,0,0.0
1337,1777472820.95062,decode,183,1850997,0.9486225987791397,1850814,183,4635.232778918311,670,0,0,670,0,0,0,0.0
1338,1777472820.988548,decode,183,1830769,0.9382558948200818,1850997,183,4635.232778918311,672,0,0,672,0,0,0,0.0
1339,1777472821.0253017,decode,183,1850769,0.9485057504252409,1851180,183,4635.232778918311,673,0,0,673,2,0,0,0.0
1341,1777472821.0694304,decode,183,1830713,0.9382271952243872,1850952,183,4635.232778918311,673,0,0,673,0,0,0,0.0
1342,1777472821.1061292,decode,183,1850713,0.9484770508295465,1851135,183,4635.232778918311,675,0,0,675,2,0,0,0.0
1344,1777472821.148817,decode,183,1851079,0.9486646231871209,1850896,183,4635.232778918311,675,0,0,675,0,0,0,0.0
1345,1777472821.186694,decode,183,1841051,0.9435253455866941,1851079,183,4635.232778918311,677,0,0,677,0,0,0,0.0
1346,1777472821.2237294,decode,183,1851051,0.9486502733892737,1851262,183,4635.232778918311,678,0,0,678,1,0,0,0.0
1348,1777472821.2731252,decode,183,1841206,0.943604781967634,1851234,183,4635.232778918311,679,0,0,679,0,0,0,0.0
1349,1777472821.3105881,decode,183,1830808,0.9382758820385118,1851417,183,4635.232778918311,681,0,0,681,1,0,0,0.0
1352,1777472821.3591387,decode,183,1851174,0.9487133100012454,1850991,183,4635.232778918311,680,0,0,680,0,0,0,0.0
1353,1777472821.396963,decode,183,1841157,0.9435796698214014,1851174,183,4635.232778918311,682,0,0,682,0,0,0,0.0
1354,1777472821.4339757,decode,183,1840947,0.9434720463375472,1851357,183,4635.232778918311,683,0,0,683,1,0,0,0.0
1357,1777472821.4804137,decode,183,1841113,0.94355712013907,1851130,183,4635.232778918311,683,0,0,683,0,0,0,0.0
1358,1777472821.5183659,decode,183,1830693,0.9382169453687821,1851313,183,4635.232778918311,685,0,0,685,1,0,0,0.0
1361,1777472821.5679755,decode,183,1851059,0.9486543733315157,1850876,183,4635.232778918311,684,0,0,684,0,0,0,0.0
1362,1777472821.6045218,decode,183,1851242,0.9487481595103029,1851059,183,4635.232778918311,686,0,0,686,0,0,0,0.0
1363,1777472821.6418877,decode,183,1851425,0.9488419456890901,1851242,183,4635.232778918311,687,0,0,687,0,0,0,0.0
1364,1777472821.6799319,decode,183,1820986,0.9332421779508181,1851425,183,4635.232778918311,689,0,0,689,0,0,0,0.0
1365,1777472821.716297,decode,183,1850986,0.9486169613585569,1851608,183,4635.232778918311,691,0,0,691,3,0,0,0.0
1367,1777472821.7595506,decode,183,1820752,0.9331222546402378,1851169,183,4635.232778918311,689,0,0,689,0,0,0,0.0
1368,1777472821.7962337,decode,183,1850752,0.9484970380479765,1851352,183,4635.232778918311,691,0,0,691,3,0,0,0.0
1370,1777472821.8397343,decode,183,1851118,0.948684610405551,1850935,183,4635.232778918311,690,0,0,690,0,0,0,0.0
1371,1777472821.8763857,decode,183,1851301,0.9487783965843382,1851118,183,4635.232778918311,692,0,0,692,0,0,0,0.0
1372,1777472821.914208,decode,183,1831073,0.9384116926252801,1851301,183,4635.232778918311,694,0,0,694,0,0,0,0.0
1373,1777472821.9512162,decode,183,1851073,0.9486615482304394,1851484,183,4635.232778918311,695,0,0,695,2,0,0,0.0
1375,1777472821.9942296,decode,183,1851439,0.9488491205880137,1851256,183,4635.232778918311,695,0,0,695,0,0,0,0.0
1376,1777472822.032384,decode,183,1821000,0.9332493528497418,1851439,183,4635.232778918311,697,0,0,697,0,0,0,0.0
1377,1777472822.0694041,decode,183,1851000,0.9486241362574804,1851622,183,4635.232778918311,699,0,0,699,3,0,0,0.0
1379,1777472822.1134639,decode,183,1830966,0.9383568558977925,1851183,183,4635.232778918311,698,0,0,698,0,0,0,0.0
1380,1777472822.1502936,decode,183,1850966,0.9486067115029517,1851366,183,4635.232778918311,699,0,0,699,2,0,0,0.0
1382,1777472822.1945393,decode,183,1841132,0.943566857501895,1851149,183,4635.232778918311,699,0,0,699,0,0,0,0.0
1383,1777472822.231337,decode,183,1851132,0.9486917853044745,1851332,183,4635.232778918311,701,0,0,701,1,0,0,0.0
1385,1777472822.2746322,decode,183,1810676,0.9279583773863586,1851315,183,4635.232778918311,701,0,0,701,0,0,0,0.0
1386,1777472822.3118615,decode,183,1850676,0.9484580885966769,1851498,183,4582.232654294746,703,0,0,703,4,0,0,0.0
1388,1777472822.356575,decode,183,1830631,0.9381851708164062,1850859,183,4582.232654294746,701,0,0,701,0,0,0,0.0
1389,1777472822.3931396,decode,183,1850631,0.9484350264215653,1851042,183,4582.232654294746,703,0,0,703,2,0,0,0.0
1391,1777472822.4366286,decode,183,1850997,0.9486225987791397,1850814,183,4582.232654294746,703,0,0,703,0,0,0,0.0
1392,1777472822.4749212,decode,183,1830769,0.9382558948200818,1850997,183,4582.232654294746,704,0,0,704,0,0,0,0.0
1393,1777472822.5110624,decode,183,1850769,0.9485057504252409,1851180,183,4582.232654294746,705,0,0,705,2,0,0,0.0
1395,1777472822.561706,decode,183,1840935,0.9434658964241841,1850952,183,4582.232654294746,706,0,0,706,0,0,0,0.0
1396,1777472822.5989735,decode,183,1850935,0.9485908242267637,1851135,183,4582.232654294746,707,0,0,707,1,0,0,0.0
1398,1777472822.6434567,decode,183,1830890,0.9383179064464929,1851118,183,4582.232654294746,708,0,0,708,0,0,0,0.0
1399,1777472822.6802146,decode,183,1850890,0.948567762051652,1851301,183,4582.232654294746,710,0,0,710,2,0,0,0.0
1401,1777472822.724173,decode,183,1851256,0.9487553344092265,1851073,183,4582.232654294746,710,0,0,710,0,0,0,0.0
1402,1777472822.761857,decode,183,1841239,0.9436216942293826,1851256,183,4582.232654294746,711,0,0,711,0,0,0,0.0
1403,1777472822.7991934,decode,183,1830819,0.9382815194590947,1851439,183,4582.232654294746,713,0,0,713,1,0,0,0.0
1406,1777472822.8477812,decode,183,1851185,0.9487189474218282,1851002,183,4582.232654294746,712,0,0,712,0,0,0,0.0
1407,1777472822.884936,decode,183,1851368,0.9488127336006154,1851185,183,4582.232654294746,714,0,0,714,0,0,0,0.0
1408,1777472822.922931,decode,183,1820951,0.9332242407035091,1851368,183,4582.232654294746,715,0,0,715,0,0,0,0.0
1409,1777472822.9596348,decode,183,1850951,0.9485990241112479,1851551,183,4582.232654294746,717,0,0,717,3,0,0,0.0
1411,1777472823.0039577,decode,183,1841106,0.9435535326896083,1851134,183,4582.232654294746,716,0,0,716,0,0,0,0.0
1412,1777472823.0413427,decode,183,1840907,0.9434515466263369,1851317,183,4582.232654294746,718,0,0,718,1,0,0,0.0
1415,1777472823.0894883,decode,183,1810429,0.9278317916696348,1851090,183,4582.232654294746,718,0,0,718,0,0,0,0.0
1416,1777472823.126137,decode,183,1850429,0.9483315028799532,1851273,183,4582.232654294746,719,0,0,719,4,0,0,0.0
1418,1777472823.1699817,decode,183,1850795,0.9485190752375275,1850612,183,4582.232654294746,717,0,0,717,0,0,0,0.0
1419,1777472823.2077782,decode,183,1820367,0.9329249449198385,1850795,183,4582.232654294746,719,0,0,719,0,0,0,0.0
1420,1777472823.2442765,decode,183,1850367,0.9482997283275771,1850978,183,4582.232654294746,720,0,0,720,3,0,0,0.0
1422,1777472823.287373,decode,183,1830311,0.9380211731267236,1850550,183,4582.232654294746,719,0,0,719,0,0,0,0.0
1423,1777472823.3250358,decode,183,1829913,0.937817201000181,1850733,183,4582.232654294746,721,0,0,721,2,0,0,0.0
1426,1777472823.373744,decode,183,1840068,0.9430215651837005,1850096,183,4582.232654294746,719,0,0,719,0,0,0,0.0
1427,1777472823.4112687,decode,183,1819471,0.9324657513887273,1850279,183,4582.232654294746,721,0,0,721,1,0,0,0.0
1430,1777472823.4611337,decode,183,1849837,0.9480281071540405,1849654,183,4582.232654294746,719,0,0,719,0,0,0,0.0
1431,1777472823.4991713,decode,183,1819409,0.9324339768363513,1849837,183,4582.232654294746,721,0,0,721,0,0,0,0.0
1432,1777472823.5357864,decode,183,1849409,0.9478087602440901,1850020,183,4582.232654294746,722,0,0,722,3,0,0,0.0
1434,1777472823.5799427,decode,183,1839564,0.9427632688224504,1849592,183,4582.232654294746,721,0,0,721,0,0,0,0.0
1435,1777472823.61662,decode,183,1849564,0.9478881966250301,1849775,183,4582.232654294746,723,0,0,723,1,0,0,0.0
1437,1777472823.660314,decode,183,1819319,0.9323878524861281,1849747,183,4582.232654294746,723,0,0,723,0,0,0,0.0
1438,1777472823.6970103,decode,183,1849319,0.9477626358938669,1849930,183,4582.232654294746,725,0,0,725,3,0,0,0.0
1440,1777472823.7417498,decode,183,1819085,0.9322679291755478,1849502,183,4582.232654294746,724,0,0,724,0,0,0,0.0
1441,1777472823.7788255,decode,183,1838875,0.9424101612968527,1849685,183,4582.232654294746,726,0,0,726,3,0,0,0.0
1444,1777472823.8259513,decode,183,1798241,0.9215855296638509,1849058,183,4582.232654294746,723,0,0,723,0,0,0,0.0
1445,1777472823.862584,decode,183,1838031,0.941977617390315,1849241,183,4582.232654294746,725,0,0,725,5,0,0,0.0
1448,1777472823.9082859,decode,183,1848397,0.947290117550469,1848214,183,4582.232654294746,721,0,0,721,0,0,0,0.0
1449,1777472823.9462967,decode,183,1817958,0.931690349812197,1848397,183,4478.625048649082,723,0,0,723,0,0,0,0.0
1450,1777472823.9830809,decode,183,1847958,0.9470651332199358,1848580,183,4478.625048649082,725,0,0,725,3,0,0,0.0
1452,1777472824.025756,decode,183,1817724,0.9315704265016167,1848141,183,4478.625048649082,723,0,0,723,0,0,0,0.0
1453,1777472824.062515,decode,183,1847724,0.9469452099093554,1848324,183,4478.625048649082,725,0,0,725,3,0,0,0.0
1455,1777472824.1050074,decode,183,1827690,0.9366779295496674,1847907,183,4478.625048649082,724,0,0,724,0,0,0,0.0
1456,1777472824.1419199,decode,183,1847690,0.9469277851548267,1848090,183,4478.625048649082,726,0,0,726,2,0,0,0.0
1458,1777472824.1859257,decode,183,1827645,0.9366548673745558,1847873,183,4478.625048649082,726,0,0,726,0,0,0,0.0
1459,1777472824.2231243,decode,183,1827247,0.9364508952480132,1848056,183,4478.625048649082,727,0,0,727,2,0,0,0.0
1462,1777472824.2718525,decode,183,1837413,0.9416608968521156,1847430,183,4478.625048649082,725,0,0,725,0,0,0,0.0
1463,1777472824.308781,decode,183,1847413,0.9467858246546952,1847613,183,4478.625048649082,727,0,0,727,1,0,0,0.0
1465,1777472824.3525255,decode,183,1847779,0.9469733970122696,1847596,183,4478.625048649082,728,0,0,728,0,0,0,0.0
1466,1777472824.3904486,decode,183,1817340,0.9313736292739976,1847779,183,4478.625048649082,729,0,0,729,0,0,0,0.0
1467,1777472824.427474,decode,183,1837141,0.9415214988158854,1847962,183,4478.625048649082,731,0,0,731,3,0,0,0.0
1470,1777472824.4749212,decode,183,1816874,0.9311348076383974,1847324,183,4478.625048649082,729,0,0,729,0,0,0,0.0
1471,1777472824.5123217,decode,183,1806078,0.9256019355827325,1847507,183,4478.625048649082,731,0,0,731,3,0,0,0.0
1474,1777472824.5665267,decode,183,1825642,0.9356283443356992,1846261,183,4478.625048649082,726,0,0,726,1,0,0,0.0
1477,1777472824.6160114,decode,183,1855825,0.9510969139222252,1845825,183,4478.625048649082,725,0,0,725,1,0,0,0.0
1479,1777472824.660204,decode,184,1835782,0.9408250211275149,1856009,184,4478.625048649082,726,0,0,726,0,0,0,0.0
1480,1777472824.697412,decode,184,1855782,0.951074876732674,1856193,184,4478.625048649082,728,0,0,728,2,0,0,0.0
1482,1777472824.7411997,decode,184,1835739,0.9408029839379638,1855966,184,4478.625048649082,727,0,0,727,0,0,0,0.0
1483,1777472824.7783968,decode,184,1845529,0.9458202882566892,1856150,184,4478.625048649082,729,0,0,729,2,0,0,0.0
1485,1777472824.8225904,decode,183,1855712,0.9510390022380559,1845712,183,4478.625048649082,729,0,0,729,1,0,0,0.0
1487,1777472824.8680077,decode,184,1815247,0.9303009818849177,1855896,184,4478.625048649082,730,0,0,730,0,0,0,0.0
1488,1777472824.9049673,decode,184,1835037,0.9404432140062227,1856080,184,4478.625048649082,732,0,0,732,3,0,0,0.0
1491,1777472824.9507122,decode,183,1855220,0.9507868557901691,1845220,183,4478.625048649082,729,0,0,729,1,0,0,0.0
1493,1777472824.9954183,decode,184,1845377,0.9457423893540899,1855404,184,4478.625048649082,730,0,0,730,0,0,0,0.0
1494,1777472825.0322742,decode,184,1814559,0.9299483868521002,1855588,184,4478.625048649082,732,0,0,732,1,0,0,0.0
1497,1777472825.0818853,decode,183,1854742,0.9505418842412058,1844742,183,4478.625048649082,730,0,0,730,1,0,0,0.0
1499,1777472825.1259403,decode,184,1855110,0.9507304815843407,1854926,184,4478.625048649082,731,0,0,731,0,0,0,0.0
1500,1777472825.163454,decode,184,1855294,0.9508247802559081,1855110,184,4478.625048649082,733,0,0,733,0,0,0,0.0
1501,1777472825.201616,decode,184,1804445,0.9247650348725712,1855294,184,4478.625048649082,734,0,0,734,0,0,0,0.0
1502,1777472825.2382689,decode,184,1854445,0.9503896738854691,1855478,184,4478.625048649082,736,0,0,736,5,0,0,0.0
1504,1777472825.2823756,decode,184,1854813,0.950578271228604,1854629,184,4478.625048649082,733,0,0,733,0,0,0,0.0
1505,1777472825.3196106,decode,184,1854997,0.9506725699001716,1854813,184,4478.625048649082,734,0,0,734,0,0,0,0.0
1506,1777472825.3567622,decode,184,1855181,0.950766868571739,1854997,184,4478.625048649082,736,0,0,736,0,0,0,0.0
1507,1777472825.3943307,decode,184,1845154,0.9456281034640924,1855181,184,4478.625048649082,738,0,0,738,0,0,0,0.0
1508,1777472825.4317133,decode,184,1855154,0.950753031266672,1855365,184,4478.625048649082,739,0,0,739,1,0,0,0.0
1510,1777472825.4755251,decode,184,1855522,0.9509416286098069,1855338,184,4478.625048649082,740,0,0,740,0,0,0,0.0
1511,1777472825.512843,decode,184,1855706,0.9510359272813744,1855522,184,4478.625048649082,742,0,0,742,0,0,0,0.0
1512,1777472825.5503314,decode,184,1855890,0.9511302259529419,1855706,184,4478.625048649082,743,0,0,743,0,0,0,0.0
1513,1777472825.5881948,decode,184,1845874,0.9459970982658782,1855890,184,4471.036694220187,745,0,0,745,0,0,0,0.0
1514,1777472825.6254973,decode,184,1845675,0.9458951122026068,1856074,184,4471.036694220187,746,0,0,746,1,0,0,0.0
1517,1777472825.6728501,decode,184,1856043,0.9512086373483214,1855859,184,4471.036694220187,746,0,0,746,0,0,0,0.0
1518,1777472825.7103438,decode,184,1856227,0.9513029360198888,1856043,184,4471.036694220187,748,0,0,748,0,0,0,0.0
1519,1777472825.7475584,decode,184,1856411,0.9513972346914563,1856227,184,4471.036694220187,749,0,0,749,0,0,0,0.0
1520,1777472825.7850685,decode,184,1856595,0.9514915333630237,1856411,184,4471.036694220187,750,0,0,750,0,0,0,0.0
1521,1777472825.8226528,decode,184,1856779,0.9515858320345912,1856595,184,4471.036694220187,750,0,0,750,0,0,0,0.0
1522,1777472825.860112,decode,184,1856963,0.9516801307061586,1856779,184,4471.036694220187,750,0,0,750,0,0,0,0.0
1523,1777472825.897522,decode,184,1857147,0.9517744293777262,1856963,184,4471.036694220187,750,0,0,750,0,0,0,0.0
1524,1777472825.9350638,decode,184,1857331,0.9518687280492936,1857147,184,4471.036694220187,750,0,0,750,0,0,0,0.0
1525,1777472825.9726095,decode,184,1857515,0.9519630267208611,1857331,184,4471.036694220187,750,0,0,750,0,0,0,0.0
1526,1777472826.0109437,decode,184,1796477,0.9206814923994758,1857515,184,4471.036694220187,750,0,0,750,0,0,0,0.0
1527,1777472826.0474412,decode,184,1846477,0.9463061314123737,1857699,184,4471.036694220187,750,0,0,750,5,0,0,0.0
1529,1777472826.0898798,decode,183,1856660,0.9515248453937405,1846660,183,4471.036694220187,745,0,0,745,1,0,0,0.0
1531,1777472826.1327524,decode,184,1857028,0.9517134427368754,1856844,184,4471.036694220187,744,0,0,744,0,0,0,0.0
1532,1777472826.170183,decode,184,1857212,0.9518077414084429,1857028,184,4471.036694220187,744,0,0,744,0,0,0,0.0
1533,1777472826.2076998,decode,184,1857396,0.9519020400800103,1857212,184,4471.036694220187,744,0,0,744,0,0,0,0.0
1534,1777472826.2448432,decode,184,1857580,0.9519963387515779,1857396,184,4471.036694220187,744,0,0,744,0,0,0,0.0
1535,1777472826.2823036,decode,184,1857764,0.9520906374231453,1857580,184,4471.036694220187,744,0,0,744,0,0,0,0.0
1536,1777472826.3197193,decode,184,1857948,0.9521849360947128,1857764,184,4471.036694220187,744,0,0,744,0,0,0,0.0
1537,1777472826.357894,decode,184,1858132,0.9522792347662802,1857948,184,4471.036694220187,746,0,0,746,0,0,0,0.0
1538,1777472826.3968816,decode,184,1797116,0.9210089752860606,1858132,184,4471.036694220187,747,0,0,747,0,0,0,0.0
1539,1777472826.4328356,decode,184,1836906,0.9414010630125248,1858316,184,4471.036694220187,749,0,0,749,5,0,0,0.0
1542,1777472826.4916778,decode,183,1847272,0.9467135631726789,1847089,183,4471.036694220187,745,0,0,745,0,0,0,0.0
1543,1777472826.528688,decode,183,1847455,0.946807349351466,1847272,183,4471.036694220187,747,0,0,747,0,0,0,0.0
1544,1777472826.5658238,decode,183,1847638,0.9469011355302532,1847455,183,4471.036694220187,748,0,0,748,0,0,0,0.0
1545,1777472826.6032758,decode,183,1847821,0.9469949217090404,1847638,183,4471.036694220187,750,0,0,750,0,0,0,0.0
1546,1777472826.640835,decode,183,1848004,0.9470887078878276,1847821,183,4471.036694220187,752,0,0,752,0,0,0,0.0
1547,1777472826.678132,decode,183,1848187,0.9471824940666148,1848004,183,4471.036694220187,753,0,0,753,0,0,0,0.0
1548,1777472826.7154403,decode,183,1848370,0.947276280245402,1848187,183,4471.036694220187,755,0,0,755,0,0,0,0.0
1549,1777472826.7527273,decode,183,1848553,0.9473700664241892,1848370,183,4471.036694220187,756,0,0,756,0,0,0,0.0
1550,1777472826.790068,decode,183,1848736,0.9474638526029765,1848553,183,4471.036694220187,758,0,0,758,0,0,0,0.0
1551,1777472826.8289375,decode,183,1726442,0.8847890605341098,1848736,183,4471.036694220187,760,0,0,760,0,0,0,0.0
1552,1777472826.8651648,decode,183,1836232,0.941055642878631,1848919,183,4471.036694220187,761,0,0,761,12,0,0,0.0
1555,1777472826.9121578,decode,183,1856415,0.9513992846625773,1846415,183,4471.036694220187,750,0,0,750,1,0,0,0.0
1557,1777472826.9575021,decode,184,1856783,0.9515878820057122,1856599,184,4471.036694220187,751,0,0,751,0,0,0,0.0
1558,1777472826.9947536,decode,184,1856967,0.9516821806772797,1856783,184,4471.036694220187,752,0,0,752,0,0,0,0.0
1559,1777472827.0322678,decode,184,1857151,0.9517764793488471,1856967,184,4471.036694220187,754,0,0,754,0,0,0,0.0
1560,1777472827.0699806,decode,184,1847135,0.9466433516617835,1857151,184,4471.036694220187,755,0,0,755,0,0,0,0.0
1561,1777472827.1067011,decode,184,1847318,0.9467371378405707,1857335,183,4471.036694220187,756,0,0,756,0,0,0,0.0
1562,1777472827.1442816,decode,183,1847501,0.9468309240193579,1847318,183,4720.834136774132,758,0,0,758,0,0,0,0.0
1563,1777472827.1816366,decode,183,1847684,0.9469247101981451,1847501,183,4720.834136774132,759,0,0,759,0,0,0,0.0
1564,1777472827.2190137,decode,183,1847867,0.9470184963769323,1847684,183,4720.834136774132,761,0,0,761,0,0,0,0.0
1565,1777472827.257031,decode,183,1807206,0.9261800274388634,1847867,183,4720.834136774132,762,0,0,762,0,0,0,0.0
1566,1777472827.2940397,decode,183,1836996,0.941447187362748,1848050,183,4720.834136774132,763,0,0,763,4,0,0,0.0
1569,1777472827.3415184,decode,183,1847362,0.9467596875229021,1847179,183,4720.834136774132,760,0,0,760,0,0,0,0.0
1570,1777472827.3789032,decode,183,1847545,0.9468534737016893,1847362,183,4720.834136774132,761,0,0,761,0,0,0,0.0
1571,1777472827.4162083,decode,183,1847728,0.9469472598804765,1847545,183,4720.834136774132,763,0,0,763,0,0,0,0.0
1572,1777472827.4534736,decode,183,1847911,0.9470410460592636,1847728,183,4720.834136774132,764,0,0,764,0,0,0,0.0
1573,1777472827.4906626,decode,183,1848094,0.9471348322380508,1847911,183,4720.834136774132,766,0,0,766,0,0,0,0.0
1574,1777472827.5276673,decode,183,1848277,0.947228618416838,1848094,183,4720.834136774132,767,0,0,767,0,0,0,0.0
1575,1777472827.5653543,decode,183,1838249,0.9420893408164113,1848277,183,4720.834136774132,769,0,0,769,0,0,0,0.0
1576,1777472827.6024735,decode,183,1848249,0.9472142686189908,1848460,183,4720.834136774132,771,0,0,771,1,0,0,0.0
1578,1777472827.645828,decode,183,1848615,0.9474018409765652,1848432,183,4720.834136774132,772,0,0,772,0,0,0,0.0
1579,1777472827.683682,decode,183,1818165,0.9317964358177104,1848615,183,4720.834136774132,773,0,0,773,0,0,0,0.0
1580,1777472827.7209904,decode,183,1837966,0.9419443053595983,1848798,183,4720.834136774132,775,0,0,775,3,0,0,0.0
1583,1777472827.7744038,decode,183,1848332,0.9472568055197522,1848149,183,4720.834136774132,773,0,0,773,0,0,0,0.0
1584,1777472827.81176,decode,183,1848515,0.9473505916985394,1848332,183,4720.834136774132,775,0,0,775,0,0,0,0.0
1585,1777472827.8490133,decode,183,1848698,0.9474443778773266,1848515,183,4720.834136774132,776,0,0,776,0,0,0,0.0
1586,1777472827.886408,decode,183,1848881,0.9475381640561139,1848698,183,4720.834136774132,778,0,0,778,0,0,0,0.0
1587,1777472827.9236825,decode,183,1849064,0.9476319502349011,1848881,183,4720.834136774132,779,0,0,779,0,0,0,0.0
1588,1777472827.9607205,decode,183,1849247,0.9477257364136883,1849064,183,4720.834136774132,781,0,0,781,0,0,0,0.0
1589,1777472827.9984136,decode,183,1839230,0.9425920962338443,1849247,183,4720.834136774132,783,0,0,783,0,0,0,0.0
1590,1777472828.0355525,decode,183,1849230,0.9477170240364239,1849430,183,4720.834136774132,784,0,0,784,1,0,0,0.0
1592,1777472828.0796876,decode,183,1839385,0.9426715326147843,1849413,183,4720.834136774132,785,0,0,785,0,0,0,0.0
1593,1777472828.117097,decode,183,1839186,0.9425695465515129,1849596,183,4720.834136774132,787,0,0,787,1,0,0,0.0
1596,1777472828.1647294,decode,183,1839341,0.9426489829324529,1849369,183,4720.834136774132,787,0,0,787,0,0,0,0.0
1597,1777472828.2016232,decode,183,1849341,0.9477739107350325,1849552,183,4720.834136774132,789,0,0,789,1,0,0,0.0
1599,1777472828.2445958,decode,183,1849707,0.947961483092607,1849524,183,4720.834136774132,790,0,0,790,0,0,0,0.0
1600,1777472828.28221,decode,183,1839679,0.9428222054921801,1849707,183,4720.834136774132,791,0,0,791,0,0,0,0.0
1601,1777472828.3191767,decode,183,1849679,0.9479471332947597,1849890,183,4720.834136774132,793,0,0,793,1,0,0,0.0
1603,1777472828.3619971,decode,183,1829645,0.9376798529350717,1849862,183,4720.834136774132,794,0,0,794,0,0,0,0.0
1604,1777472828.3987656,decode,183,1849645,0.947929708540231,1850045,183,4720.834136774132,796,0,0,796,2,0,0,0.0
1606,1777472828.4413836,decode,183,1839811,0.9428898545391742,1849828,183,4720.834136774132,796,0,0,796,0,0,0,0.0
1607,1777472828.478492,decode,183,1849811,0.9480147823417537,1850011,183,4720.834136774132,798,0,0,798,1,0,0,0.0
1609,1777472828.5210135,decode,183,1850177,0.9482023546993281,1849994,183,4720.834136774132,798,0,0,798,0,0,0,0.0
1610,1777472828.558888,decode,183,1840160,0.9430687145194842,1850177,183,4720.834136774132,800,0,0,800,0,0,0,0.0
1611,1777472828.5958898,decode,183,1850160,0.9481936423220638,1850360,183,4720.834136774132,802,0,0,802,1,0,0,0.0
1613,1777472828.6395671,decode,183,1850526,0.9483812146796382,1850343,183,4720.834136774132,803,0,0,803,0,0,0,0.0
1614,1777472828.6768699,decode,183,1850709,0.9484750008584254,1850526,183,4720.834136774132,804,0,0,804,0,0,0,0.0
1615,1777472828.7146864,decode,183,1830470,0.9381026594787846,1850709,183,4661.197900302248,806,0,0,806,0,0,0,0.0
1616,1777472828.7511747,decode,183,1850470,0.9483525150839438,1850892,183,4661.197900302248,808,0,0,808,2,0,0,0.0
1618,1777472828.794468,decode,183,1830414,0.9380739598830902,1850653,183,4661.197900302248,807,0,0,807,0,0,0,0.0
1619,1777472828.8318589,decode,183,1840215,0.9430969016223983,1850836,183,4661.197900302248,809,0,0,809,2,0,0,0.0
1622,1777472828.8789425,decode,183,1850581,0.9484094017825524,1850398,183,4661.197900302248,808,0,0,808,0,0,0,0.0
1623,1777472828.916416,decode,183,1850764,0.9485031879613396,1850581,183,4661.197900302248,810,0,0,810,0,0,0,0.0
1624,1777472828.9536953,decode,183,1850947,0.9485969741401268,1850764,183,4661.197900302248,812,0,0,812,0,0,0,0.0
1625,1777472828.991478,decode,183,1840930,0.9434633339602828,1850947,183,4661.197900302248,813,0,0,813,0,0,0,0.0
1626,1777472829.0283787,decode,183,1850930,0.9485882617628624,1851130,183,4661.197900302248,815,0,0,815,1,0,0,0.0
1628,1777472829.072729,decode,183,1830874,0.9383097065620088,1851113,183,4661.197900302248,816,0,0,816,0,0,0,0.0
1629,1777472829.109445,decode,183,1850874,0.948559562167168,1851296,183,4661.197900302248,817,0,0,817,2,0,0,0.0
1631,1777472829.1560013,decode,183,1841029,0.9435140707455284,1851057,183,4661.197900302248,817,0,0,817,0,0,0,0.0
1632,1777472829.1934056,decode,183,1840830,0.943412084682257,1851240,183,4661.197900302248,819,0,0,819,1,0,0,0.0
1635,1777472829.2414439,decode,183,1851196,0.9487245848424111,1851013,183,4661.197900302248,819,0,0,819,0,0,0,0.0
1636,1777472829.2788386,decode,183,1830968,0.938357880883353,1851196,183,4661.197900302248,821,0,0,821,0,0,0,0.0
1637,1777472829.3158302,decode,183,1850968,0.9486077364885123,1851379,183,4661.197900302248,822,0,0,822,2,0,0,0.0
1639,1777472829.3596058,decode,183,1851334,0.9487953088460866,1851151,183,4661.197900302248,822,0,0,822,0,0,0,0.0
1640,1777472829.3972423,decode,183,1841317,0.9436616686662427,1851334,183,4661.197900302248,823,0,0,823,0,0,0,0.0
1641,1777472829.4345744,decode,183,1841107,0.9435540451823885,1851517,183,4661.197900302248,825,0,0,825,1,0,0,0.0
1644,1777472829.4824135,decode,183,1841273,0.9436391189839113,1851290,183,4661.197900302248,825,0,0,825,0,0,0,0.0
1645,1777472829.51981,decode,183,1830853,0.9382989442136234,1851473,183,4661.197900302248,827,0,0,827,1,0,0,0.0
1648,1777472829.5693095,decode,183,1851219,0.948736372176357,1851036,183,4661.197900302248,826,0,0,826,0,0,0,0.0
1649,1777472829.6066744,decode,183,1851402,0.9488301583551442,1851219,183,4661.197900302248,827,0,0,827,0,0,0,0.0
1650,1777472829.6440208,decode,183,1851585,0.9489239445339314,1851402,183,4661.197900302248,829,0,0,829,0,0,0,0.0
1651,1777472829.6815627,decode,183,1831368,0.9385628779954562,1851585,183,4661.197900302248,831,0,0,831,0,0,0,0.0
1652,1777472829.7186568,decode,183,1830948,0.9383476310277479,1851768,183,4661.197900302248,832,0,0,832,2,0,0,0.0
1655,1777472829.771634,decode,183,1830914,0.9383302062732192,1851131,183,4661.197900302248,831,0,0,831,0,0,0,0.0
1656,1777472829.8086157,decode,183,1850914,0.9485800618783783,1851314,183,4661.197900302248,832,0,0,832,2,0,0,0.0
1658,1777472829.852858,decode,183,1841069,0.9435345704567387,1851097,183,4661.197900302248,832,0,0,832,0,0,0,0.0
1659,1777472829.889824,decode,183,1851069,0.9486594982593183,1851280,183,4661.197900302248,834,0,0,834,1,0,0,0.0
1661,1777472829.9346237,decode,183,1820813,0.9331535166998335,1851252,183,4661.197900302248,835,0,0,835,0,0,0,0.0
1662,1777472829.9712946,decode,183,1850813,0.9485283001075723,1851435,183,4661.197900302248,836,0,0,836,3,0,0,0.0
1664,1777472830.015455,decode,183,1851179,0.9487158724651467,1850996,183,4661.197900302248,835,0,0,835,0,0,0,0.0
1665,1777472830.0531988,decode,183,1841162,0.9435822322853027,1851179,183,4661.197900302248,837,0,0,837,0,0,0,0.0
1666,1777472830.0898647,decode,183,1851162,0.9487071600878823,1851362,183,4661.197900302248,839,0,0,839,1,0,0,0.0
1668,1777472830.1330132,decode,183,1831117,0.9384342423076115,1851345,183,4661.197900302248,839,0,0,839,0,0,0,0.0
1669,1777472830.1705499,decode,183,1851117,0.9486840979127706,1851528,183,4661.197900302248,841,0,0,841,2,0,0,0.0
1671,1777472830.2152102,decode,183,1831072,0.9384111801324999,1851300,183,4661.197900302248,841,0,0,841,0,0,0,0.0
1672,1777472830.2521036,decode,183,1851072,0.948661035737659,1851483,183,4661.197900302248,843,0,0,843,2,0,0,0.0
1674,1777472830.2962463,decode,183,1841238,0.9436211817366023,1851255,183,4661.197900302248,843,0,0,843,0,0,0,0.0
1675,1777472830.3331,decode,183,1851238,0.9487461095391818,1851438,183,4522.935545945878,844,0,0,844,1,0,0,0.0
1677,1777472830.376877,decode,183,1841393,0.9437006181175422,1851421,183,4522.935545945878,845,0,0,845,0,0,0,0.0
1678,1777472830.4138043,decode,183,1851393,0.9488255459201218,1851604,183,4522.935545945878,847,0,0,847,1,0,0,0.0
1680,1777472830.4564385,decode,183,1851759,0.9490131182776963,1851576,183,4522.935545945878,848,0,0,848,0,0,0,0.0
1681,1777472830.4942539,decode,183,1821320,0.9334133505394243,1851759,183,4522.935545945878,850,0,0,850,0,0,0,0.0
1682,1777472830.5311437,decode,183,1851320,0.948788133947163,1851942,183,4522.935545945878,851,0,0,851,3,0,0,0.0
1684,1777472830.5739186,decode,183,1831275,0.9385152161668923,1851503,183,4522.935545945878,850,0,0,850,0,0,0,0.0
1685,1777472830.6109364,decode,183,1851275,0.9487650717720514,1851686,183,4522.935545945878,852,0,0,852,2,0,0,0.0
1687,1777472830.6535327,decode,183,1841441,0.9437252177709946,1851458,183,4522.935545945878,852,0,0,852,0,0,0,0.0
1688,1777472830.6911654,decode,183,1851441,0.9488501455735743,1851641,183,4522.935545945878,854,0,0,854,1,0,0,0.0
1690,1777472830.7359235,decode,183,1821174,0.9333385265935066,1851624,183,4522.935545945878,855,0,0,855,0,0,0,0.0
1691,1777472830.7731607,decode,183,1830776,0.9382594822695435,1851807,183,4522.935545945878,856,0,0,856,3,0,0,0.0
1694,1777472830.8227587,decode,183,1830720,0.9382307826738491,1850959,183,4522.935545945878,854,0,0,854,0,0,0,0.0
1695,1777472830.8593688,decode,183,1850720,0.9484806382790082,1851142,183,4522.935545945878,855,0,0,855,2,0,0,0.0
1697,1777472830.9026356,decode,183,1851086,0.9486682106365827,1850903,183,4522.935545945878,855,0,0,855,0,0,0,0.0
1698,1777472830.9404986,decode,183,1830858,0.9383015066775247,1851086,183,4522.935545945878,857,0,0,857,0,0,0,0.0
1699,1777472830.9780207,decode,183,1850858,0.9485513622826839,1851269,183,4522.935545945878,859,0,0,859,2,0,0,0.0
1701,1777472831.0939739,decode,183,1841024,0.9435115082816271,1851041,183,4522.935545945878,861,0,0,861,0,0,0,0.0
1702,1777472831.1308668,decode,183,1851024,0.9486364360842067,1851224,183,4522.935545945878,863,0,0,863,1,0,0,0.0
1704,1777472831.1754587,decode,183,1810579,0.9279086655866735,1851207,183,4522.935545945878,864,0,0,864,0,0,0,0.0
1705,1777472831.2121491,decode,183,1850579,0.9484083767969919,1851390,183,4522.935545945878,865,0,0,865,4,0,0,0.0
1707,1777472831.2563758,decode,183,1850945,0.9485959491545662,1850762,183,4522.935545945878,863,0,0,863,0,0,0,0.0
1708,1777472831.294416,decode,183,1810317,0.927774392478246,1850945,183,4522.935545945878,865,0,0,865,0,0,0,0.0
1709,1777472831.3310874,decode,183,1850317,0.9482741036885642,1851128,183,4522.935545945878,866,0,0,866,4,0,0,0.0
1711,1777472831.3756406,decode,183,1840483,0.9432342496875076,1850500,183,4522.935545945878,864,0,0,864,0,0,0,0.0
1712,1777472831.412482,decode,183,1850483,0.9483591774900871,1850683,183,4522.935545945878,866,0,0,866,1,0,0,0.0
1714,1777472831.4561577,decode,183,1810027,0.9276257695719712,1850666,183,4522.935545945878,867,0,0,867,0,0,0,0.0
1715,1777472831.4929087,decode,183,1850027,0.9481254807822895,1850849,183,4522.935545945878,868,0,0,868,4,0,0,0.0
1717,1777472831.5364523,decode,183,1840182,0.9430799893606499,1850210,183,4522.935545945878,866,0,0,866,0,0,0,0.0
1718,1777472831.574008,decode,183,1819585,0.9325241755656767,1850393,183,4522.935545945878,868,0,0,868,1,0,0,0.0
1721,1777472831.6244361,decode,183,1839740,0.9428534675517759,1849768,183,4522.935545945878,866,0,0,866,0,0,0,0.0
1722,1777472831.6613863,decode,183,1849740,0.9479783953543555,1849951,183,4522.935545945878,868,0,0,868,1,0,0,0.0
1724,1777472831.7051275,decode,183,1850106,0.9481659677119298,1849923,183,4522.935545945878,869,0,0,869,0,0,0,0.0
1725,1777472831.743115,decode,183,1819689,0.9325774748148236,1850106,183,4522.935545945878,870,0,0,870,0,0,0,0.0
1726,1777472831.7799745,decode,183,1849689,0.9479522582225622,1850289,183,4522.935545945878,872,0,0,872,3,0,0,0.0
1728,1777472831.8250606,decode,183,1799022,0.9219857865252323,1849872,183,4522.935545945878,871,0,0,871,0,0,0,0.0
1729,1777472831.8614054,decode,183,1849022,0.9476104255381302,1850055,183,4522.935545945878,873,0,0,873,5,0,0,0.0
1731,1777472831.9046078,decode,183,1808566,0.9268770176200143,1849205,183,4522.935545945878,869,0,0,869,0,0,0,0.0
1732,1777472831.9413195,decode,183,1848566,0.9473767288303326,1849388,183,4522.935545945878,871,0,0,871,4,0,0,0.0
1734,1777472831.9835095,decode,183,1848932,0.947564301187907,1848749,183,4522.935545945878,869,0,0,869,0,0,0,0.0
1735,1777472832.0213156,decode,183,1828715,0.9372032346494319,1848932,183,4335.929748383582,871,0,0,871,0,0,0,0.0
1736,1777472832.0584028,decode,183,1848715,0.947453090254591,1849115,183,4335.929748383582,873,0,0,873,2,0,0,0.0
1738,1777472832.1017938,decode,183,1828670,0.9371801724743203,1848898,183,4335.929748383582,872,0,0,872,0,0,0,0.0
1739,1777472832.1385226,decode,183,1848670,0.9474300280794794,1849081,183,4335.929748383582,874,0,0,874,2,0,0,0.0
1741,1777472832.1826656,decode,183,1849036,0.9476176004370539,1848853,183,4335.929748383582,874,0,0,874,0,0,0,0.0
1742,1777472832.2200067,decode,183,1849219,0.9477113866158411,1849036,183,4335.929748383582,876,0,0,876,0,0,0,0.0
1743,1777472832.2579212,decode,183,1808580,0.9268841925189379,1849219,183,4335.929748383582,877,0,0,877,0,0,0,0.0
1744,1777472832.2943034,decode,183,1848580,0.9473839037292562,1849402,183,4335.929748383582,879,0,0,879,4,0,0,0.0
1746,1777472832.3380895,decode,183,1797902,0.9214117946113434,1848763,183,4335.929748383582,877,0,0,877,0,0,0,0.0
1747,1777472832.3751316,decode,183,1847902,0.9470364336242413,1848946,183,4335.929748383582,878,0,0,878,5,0,0,0.0
1749,1777472832.4192145,decode,183,1848268,0.9472240059818158,1848085,183,4335.929748383582,875,0,0,875,0,0,0,0.0
1750,1777472832.4572704,decode,183,1828040,0.9368573020227577,1848268,183,4335.929748383582,877,0,0,877,0,0,0,0.0
1751,1777472832.4939425,decode,183,1848040,0.9471071576279169,1848451,183,4335.929748383582,878,0,0,878,2,0,0,0.0
1753,1777472832.5380855,decode,183,1817784,0.9316011760684322,1848223,183,4335.929748383582,878,0,0,878,0,0,0,0.0
1754,1777472832.574742,decode,183,1847784,0.9469759594761709,1848406,183,4335.929748383582,880,0,0,880,3,0,0,0.0
1756,1777472832.6173747,decode,183,1827728,0.9366974042753172,1847967,183,4335.929748383582,879,0,0,879,0,0,0,0.0
1757,1777472832.6543365,decode,183,1847728,0.9469472598804765,1848150,183,4335.929748383582,880,0,0,880,2,0,0,0.0
1759,1777472832.6970587,decode,183,1807272,0.9262138519623605,1847911,183,4335.929748383582,880,0,0,880,0,0,0,0.0
1760,1777472832.733888,decode,183,1847272,0.9467135631726789,1848094,183,4335.929748383582,882,0,0,882,4,0,0,0.0
1762,1777472832.77657,decode,183,1837438,0.9416737091716221,1847455,183,4335.929748383582,880,0,0,880,0,0,0,0.0
1763,1777472832.8139546,decode,183,1837239,0.9415717231083507,1847638,183,4335.929748383582,882,0,0,882,1,0,0,0.0
1766,1777472832.86975,decode,183,1847605,0.9468842232685047,1847422,183,4335.929748383582,882,0,0,882,0,0,0,0.0
1767,1777472832.9085665,decode,183,1786555,0.9155965390337564,1847605,183,4335.929748383582,884,0,0,884,0,0,0,0.0
1768,1777472832.94476,decode,183,1846555,0.9463461058492338,1847788,183,4335.929748383582,885,0,0,885,6,0,0,0.0
1770,1777472832.9898033,decode,183,1795478,0.9201695121119982,1846738,183,4335.929748383582,881,0,0,881,1,0,0,0.0
1773,1777472833.0450168,decode,183,1794434,0.9196344696494088,1845661,183,4335.929748383582,878,0,0,878,1,0,0,0.0
1776,1777472833.0990326,decode,183,1834208,0.9400183574913888,1844617,183,4335.929748383582,874,0,0,874,1,0,0,0.0
1779,1777472833.147045,decode,184,1854576,0.9504568104396829,1854392,184,4335.929748383582,873,0,0,873,0,0,0,0.0
1780,1777472833.1847792,decode,184,1854760,0.9505511091112504,1854576,184,4335.929748383582,875,0,0,875,0,0,0,0.0
1781,1777472833.222313,decode,184,1854944,0.9506454077828178,1854760,184,4335.929748383582,877,0,0,877,0,0,0,0.0
1782,1777472833.2605388,decode,184,1804117,0.9245969372406466,1854944,184,4335.929748383582,878,0,0,878,0,0,0,0.0
1783,1777472833.2971184,decode,184,1854117,0.9502215762535445,1855128,184,4335.929748383582,880,0,0,880,5,0,0,0.0
1785,1777472833.3408055,decode,184,1854485,0.9504101735966795,1854301,184,4335.929748383582,877,0,0,877,0,0,0,0.0
1786,1777472833.378593,decode,184,1844458,0.9452714084890329,1854485,184,4335.929748383582,878,0,0,878,0,0,0,0.0
1787,1777472833.4160018,decode,184,1844248,0.9451637850051787,1854669,184,4335.929748383582,880,0,0,880,1,0,0,0.0
1790,1777472833.4632974,decode,184,1854616,0.9504773101508932,1854432,184,4335.929748383582,880,0,0,880,0,0,0,0.0
1791,1777472833.501276,decode,184,1844589,0.9453385450432467,1854616,184,4335.929748383582,882,0,0,882,0,0,0,0.0
1792,1777472833.5382073,decode,184,1854589,0.9504634728458263,1854800,184,4335.929748383582,883,0,0,883,1,0,0,0.0
1794,1777472833.5823078,decode,184,1854957,0.9506520701889613,1854773,184,4335.929748383582,884,0,0,884,0,0,0,0.0
1795,1777472833.6195416,decode,184,1855141,0.9507463688605287,1854957,184,4335.929748383582,886,0,0,886,0,0,0,0.0
1796,1777472833.6569772,decode,184,1845125,0.945613241173465,1855141,184,4483.820682719223,887,0,0,887,0,0,0,0.0
1797,1777472833.6945128,decode,184,1844915,0.9455056176896108,1855325,184,4483.820682719223,889,0,0,889,1,0,0,0.0
1800,1777472833.7416704,decode,184,1855283,0.9508191428353253,1855099,184,4483.820682719223,889,0,0,889,0,0,0,0.0
1801,1777472833.7791567,decode,184,1855467,0.9509134415068927,1855283,184,4483.820682719223,891,0,0,891,0,0,0,0.0
1802,1777472833.816631,decode,184,1855651,0.9510077401784602,1855467,184,4483.820682719223,892,0,0,892,0,0,0,0.0
1803,1777472833.854134,decode,184,1855835,0.9511020388500278,1855651,184,4483.820682719223,894,0,0,894,0,0,0,0.0
1804,1777472833.891974,decode,184,1845808,0.9459632737423812,1855835,184,4483.820682719223,896,0,0,896,0,0,0,0.0
1805,1777472833.9290624,decode,184,1855808,0.9510882015449608,1856019,184,4483.820682719223,897,0,0,897,1,0,0,0.0
1807,1777472833.973356,decode,184,1856176,0.9512767988880957,1855992,184,4483.820682719223,898,0,0,898,0,0,0,0.0
1808,1777472834.0107396,decode,184,1856360,0.9513710975596631,1856176,184,4483.820682719223,900,0,0,900,0,0,0,0.0
1809,1777472834.048038,decode,184,1856544,0.9514653962312306,1856360,184,4483.820682719223,902,0,0,902,0,0,0,0.0
1810,1777472834.085824,decode,184,1826117,0.9358717784063217,1856544,184,4483.820682719223,903,0,0,903,0,0,0,0.0
1811,1777472834.1226096,decode,184,1846117,0.9461216340114809,1856728,184,4483.820682719223,905,0,0,905,2,0,0,0.0
1813,1777472834.1722891,decode,183,1856300,0.9513403479928476,1846300,183,4483.820682719223,905,0,0,905,1,0,0,0.0
1815,1777472834.2156854,decode,184,1856668,0.9515289453359825,1856484,184,4483.820682719223,906,0,0,906,0,0,0,0.0
1816,1777472834.2531435,decode,184,1856852,0.95162324400755,1856668,184,4483.820682719223,908,0,0,908,0,0,0,0.0
1817,1777472834.2912698,decode,184,1857036,0.9517175426791175,1856852,184,4483.820682719223,910,0,0,910,0,0,0,0.0
1818,1777472834.328679,decode,184,1857220,0.951811841350685,1857036,184,4483.820682719223,911,0,0,911,0,0,0,0.0
1819,1777472834.3661838,decode,184,1857404,0.9519061400222525,1857220,184,4483.820682719223,913,0,0,913,0,0,0,0.0
1820,1777472834.4035947,decode,184,1857588,0.9520004386938199,1857404,184,4483.820682719223,915,0,0,915,0,0,0,0.0
1821,1777472834.4410172,decode,184,1857772,0.9520947373653874,1857588,184,4483.820682719223,916,0,0,916,0,0,0,0.0
1822,1777472834.4787555,decode,184,1827356,0.9365067569610613,1857772,184,4483.820682719223,918,0,0,918,0,0,0,0.0
1823,1777472834.515889,decode,184,1816726,0.9310589587069192,1857956,184,4483.820682719223,920,0,0,920,2,0,0,0.0
1826,1777472834.566665,decode,183,1846699,0.946419904809591,1846909,183,4483.820682719223,917,0,0,917,1,0,0,0.0
1828,1777472834.6110873,decode,183,1856882,0.9516386187909578,1846882,183,4483.820682719223,918,0,0,918,1,0,0,0.0
1830,1777472834.6547267,decode,184,1857250,0.9518272161340927,1857066,184,4483.820682719223,919,0,0,919,0,0,0,0.0
1831,1777472834.692166,decode,184,1857434,0.9519215148056602,1857250,184,4483.820682719223,920,0,0,920,0,0,0,0.0
1832,1777472834.7292743,decode,184,1857618,0.9520158134772276,1857434,184,4483.820682719223,922,0,0,922,0,0,0,0.0
1833,1777472834.766564,decode,184,1857802,0.9521101121487952,1857618,184,4483.820682719223,924,0,0,924,0,0,0,0.0
1834,1777472834.8040109,decode,184,1857986,0.9522044108203626,1857802,184,4483.820682719223,925,0,0,925,0,0,0,0.0
1835,1777472834.8415663,decode,184,1858170,0.9522987094919301,1857986,184,4483.820682719223,927,0,0,927,0,0,0,0.0
1836,1777472834.8789382,decode,184,1858354,0.9523930081634975,1858170,184,4483.820682719223,929,0,0,929,0,0,0,0.0
1837,1777472834.9174035,decode,184,1807505,0.9263332627801606,1858354,184,4483.820682719223,930,0,0,930,0,0,0,0.0
1838,1777472834.9542994,decode,184,1837306,0.941606060124628,1858538,184,4483.820682719223,932,0,0,932,4,0,0,0.0
1841,1777472834.9998448,decode,183,1847672,0.9469185602847819,1847489,183,4483.820682719223,929,0,0,929,0,0,0,0.0
1842,1777472835.0372097,decode,183,1847855,0.9470123464635692,1847672,183,4483.820682719223,931,0,0,931,0,0,0,0.0
1843,1777472835.0744977,decode,183,1848038,0.9471061326423564,1847855,183,4483.820682719223,933,0,0,933,0,0,0,0.0
1844,1777472835.1118412,decode,183,1848221,0.9471999188211436,1848038,183,4483.820682719223,934,0,0,934,0,0,0,0.0
1845,1777472835.1494298,decode,183,1848404,0.9472937049999308,1848221,183,4483.820682719223,936,0,0,936,0,0,0,0.0
1846,1777472835.1866615,decode,183,1848587,0.947387491178718,1848404,183,4483.820682719223,938,0,0,938,0,0,0,0.0
1847,1777472835.223963,decode,183,1848770,0.9474812773575052,1848587,183,4690.522240102637,940,0,0,940,0,0,0,0.0
1848,1777472835.2612476,decode,183,1848953,0.9475750635362924,1848770,183,4690.522240102637,941,0,0,941,0,0,0,0.0
1849,1777472835.2990057,decode,183,1849136,0.9476688497150796,1848953,183,4690.522240102637,943,0,0,943,0,0,0,0.0
1850,1777472835.33818,decode,183,1716598,0.8797440816052504,1849136,183,4690.522240102637,944,0,0,944,0,0,0,0.0
1851,1777472835.3739445,decode,183,1846598,0.9463681430387849,1849319,183,4690.522240102637,946,0,0,946,13,0,0,0.0
1853,1777472835.4177363,decode,183,1856781,0.9515868570201518,1846781,183,4690.522240102637,935,0,0,935,1,0,0,0.0
1855,1777472835.462946,decode,184,1857149,0.9517754543632867,1856965,184,4690.522240102637,936,0,0,936,0,0,0,0.0
1856,1777472835.5003695,decode,184,1857333,0.9518697530348541,1857149,184,4690.522240102637,938,0,0,938,0,0,0,0.0
1857,1777472835.5378468,decode,184,1857517,0.9519640517064216,1857333,184,4690.522240102637,939,0,0,939,0,0,0,0.0
1858,1777472835.5753708,decode,184,1857701,0.952058350377989,1857517,184,4690.522240102637,941,0,0,941,0,0,0,0.0
1859,1777472835.6128252,decode,184,1857885,0.9521526490495565,1857701,184,4690.522240102637,943,0,0,943,0,0,0,0.0
1860,1777472835.6502862,decode,184,1858069,0.952246947721124,1857885,184,4690.522240102637,944,0,0,944,0,0,0,0.0
1861,1777472835.6877584,decode,184,1858253,0.9523412463926915,1858069,184,4690.522240102637,946,0,0,946,0,0,0,0.0
1862,1777472835.7252097,decode,184,1858437,0.9524355450642589,1858253,184,4690.522240102637,947,0,0,947,0,0,0,0.0
1863,1777472835.7635803,decode,184,1807588,0.926375799680922,1858437,184,4690.522240102637,949,0,0,949,0,0,0,0.0
1864,1777472835.8001769,decode,184,1847588,0.9468755108912403,1858621,184,4690.522240102637,950,0,0,950,4,0,0,0.0
1866,1777472835.8441777,decode,183,1847954,0.9470630832488147,1847771,183,4690.522240102637,948,0,0,948,0,0,0,0.0
1867,1777472835.881354,decode,183,1848137,0.9471568694276019,1847954,183,4690.522240102637,950,0,0,950,0,0,0,0.0
1868,1777472835.9191375,decode,183,1848320,0.9472506556063891,1848137,183,4690.522240102637,952,0,0,952,0,0,0,0.0
1869,1777472835.9563682,decode,183,1848503,0.9473444417851764,1848320,183,4690.522240102637,953,0,0,953,0,0,0,0.0
1870,1777472835.993782,decode,183,1848686,0.9474382279639636,1848503,183,4690.522240102637,955,0,0,955,0,0,0,0.0
1871,1777472836.0311215,decode,183,1848869,0.9475320141427508,1848686,183,4690.522240102637,957,0,0,957,0,0,0,0.0
1872,1777472836.0688505,decode,183,1838841,0.9423927365423239,1848869,183,4690.522240102637,958,0,0,958,0,0,0,0.0
1873,1777472836.1057856,decode,183,1848841,0.9475176643449036,1849052,183,4690.522240102637,960,0,0,960,1,0,0,0.0
1875,1777472836.150078,decode,183,1839007,0.9424778103438468,1849024,183,4690.522240102637,961,0,0,961,0,0,0,0.0
1876,1777472836.1875181,decode,183,1828587,0.9371376355735589,1849207,183,4690.522240102637,962,0,0,962,1,0,0,0.0
1879,1777472836.2364452,decode,183,1848953,0.9475750635362924,1848770,183,4690.522240102637,962,0,0,962,0,0,0,0.0
1880,1777472836.273754,decode,183,1849136,0.9476688497150796,1848953,183,4690.522240102637,963,0,0,963,0,0,0,0.0
1881,1777472836.311083,decode,183,1849319,0.9477626358938669,1849136,183,4690.522240102637,965,0,0,965,0,0,0,0.0
1882,1777472836.3480594,decode,183,1849502,0.9478564220726541,1849319,183,4690.522240102637,966,0,0,966,0,0,0,0.0
1883,1777472836.385234,decode,183,1849685,0.9479502082514413,1849502,183,4690.522240102637,968,0,0,968,0,0,0,0.0
1884,1777472836.4227068,decode,183,1849868,0.9480439944302285,1849685,183,4690.522240102637,970,0,0,970,0,0,0,0.0
1885,1777472836.4606233,decode,183,1850051,0.9481377806090157,1849868,183,4690.522240102637,972,0,0,972,0,0,0,0.0
1886,1777472836.498515,decode,183,1829823,0.9377710766499577,1850051,183,4690.522240102637,973,0,0,973,0,0,0,0.0
1887,1777472836.535355,decode,183,1849823,0.9480209322551169,1850234,183,4690.522240102637,975,0,0,975,2,0,0,0.0
1889,1777472836.5801508,decode,183,1839978,0.9429754408334773,1850006,183,4690.522240102637,975,0,0,975,0,0,0,0.0
1890,1777472836.6173422,decode,183,1839779,0.9428734547702059,1850189,183,4690.522240102637,976,0,0,976,1,0,0,0.0
1893,1777472836.6643376,decode,183,1839934,0.9429528911511459,1849962,183,4690.522240102637,976,0,0,976,0,0,0,0.0
1894,1777472836.7013805,decode,183,1849934,0.9480778189537254,1850145,183,4690.522240102637,978,0,0,978,1,0,0,0.0
1896,1777472836.7448153,decode,183,1850300,0.9482653913112999,1850117,183,4690.522240102637,979,0,0,979,0,0,0,0.0
1897,1777472836.7827618,decode,183,1830072,0.9378986873522419,1850300,183,4702.37958484526,981,0,0,981,0,0,0,0.0
1898,1777472836.8194544,decode,183,1850072,0.9481485429574011,1850483,183,4702.37958484526,982,0,0,982,2,0,0,0.0
1900,1777472836.8646562,decode,183,1819816,0.9326425613979163,1850255,183,4702.37958484526,982,0,0,982,0,0,0,0.0
1901,1777472836.9010425,decode,183,1849816,0.948017344805655,1850438,183,4702.37958484526,984,0,0,984,3,0,0,0.0
1903,1777472836.9445305,decode,183,1850182,0.9482049171632294,1849999,183,4702.37958484526,983,0,0,983,0,0,0,0.0
1904,1777472836.9818573,decode,183,1850365,0.9482987033420167,1850182,183,4702.37958484526,985,0,0,985,0,0,0,0.0
1905,1777472837.0191324,decode,183,1850548,0.9483924895208039,1850365,183,4702.37958484526,986,0,0,986,0,0,0,0.0
1906,1777472837.0568202,decode,183,1840531,0.9432588493409599,1850548,183,4702.37958484526,988,0,0,988,0,0,0,0.0
1907,1777472837.093872,decode,183,1850531,0.9483837771435395,1850731,183,4702.37958484526,990,0,0,990,1,0,0,0.0
1909,1777472837.1369927,decode,183,1840697,0.9433439231424827,1850714,183,4702.37958484526,991,0,0,991,0,0,0,0.0
1910,1777472837.1740172,decode,183,1850697,0.9484688509450623,1850897,183,4702.37958484526,993,0,0,993,1,0,0,0.0
1912,1777472837.216735,decode,183,1840852,0.9434233595234227,1850880,183,4702.37958484526,993,0,0,993,0,0,0,0.0
1913,1777472837.2545044,decode,183,1850852,0.9485482873260023,1851063,183,4702.37958484526,995,0,0,995,1,0,0,0.0
1915,1777472837.3040602,decode,183,1830796,0.9382697321251486,1851035,183,4702.37958484526,996,0,0,996,0,0,0,0.0
1916,1777472837.3410912,decode,183,1840597,0.9432926738644569,1851218,183,4702.37958484526,998,0,0,998,2,0,0,0.0
1919,1777472837.388855,decode,183,1850963,0.948605174024611,1850780,183,4702.37958484526,997,0,0,997,0,0,0,0.0
1920,1777472837.4262643,decode,183,1851146,0.9486989602033982,1850963,183,4702.37958484526,999,0,0,999,0,0,0,0.0
1921,1777472837.463491,decode,183,1841129,0.9435653200235542,1851146,183,4702.37958484526,1000,0,0,1000,0,0,0,0.0
1922,1777472837.5005176,decode,183,1851129,0.9486902478261338,1851329,183,4702.37958484526,1002,0,0,1002,1,0,0,0.0
1924,1777472837.544742,decode,183,1831095,0.9384229674664458,1851312,183,4702.37958484526,1003,0,0,1003,0,0,0,0.0
1925,1777472837.5818613,decode,183,1840885,0.9434402717851712,1851495,183,4702.37958484526,1005,0,0,1005,2,0,0,0.0
1928,1777472837.6302478,decode,183,1851251,0.9487527719453253,1851068,183,4702.37958484526,1004,0,0,1004,0,0,0,0.0
1929,1777472837.6684163,decode,183,1831012,0.9383804305656844,1851251,183,4702.37958484526,1006,0,0,1006,0,0,0,0.0
1930,1777472837.7053497,decode,183,1851012,0.9486302861708436,1851434,183,4702.37958484526,1007,0,0,1007,2,0,0,0.0
1932,1777472837.7504156,decode,183,1820778,0.9331355794525245,1851195,183,4702.37958484526,1007,0,0,1007,0,0,0,0.0
1933,1777472837.787701,decode,183,1840568,0.9432778115738295,1851378,183,4702.37958484526,1009,0,0,1009,3,0,0,0.0
1936,1777472837.8367865,decode,183,1850934,0.9485903117339834,1850751,183,4702.37958484526,1007,0,0,1007,0,0,0,0.0
1937,1777472837.8741877,decode,183,1851117,0.9486840979127706,1850934,183,4702.37958484526,1008,0,0,1008,0,0,0,0.0
1938,1777472837.911948,decode,183,1841089,0.9435448203123439,1851117,183,4702.37958484526,1010,0,0,1010,0,0,0,0.0
1939,1777472837.948895,decode,183,1851089,0.9486697481149234,1851300,183,4702.37958484526,1012,0,0,1012,1,0,0,0.0
1941,1777472837.993518,decode,183,1841244,0.9436242566932839,1851272,183,4702.37958484526,1012,0,0,1012,0,0,0,0.0
1942,1777472838.0303729,decode,183,1851244,0.9487491844958634,1851455,183,4702.37958484526,1014,0,0,1014,1,0,0,0.0
1944,1777472838.0750365,decode,183,1851610,0.9489367568534378,1851427,183,4702.37958484526,1015,0,0,1015,0,0,0,0.0
1945,1777472838.1127687,decode,183,1841593,0.9438031166735938,1851610,183,4702.37958484526,1017,0,0,1017,0,0,0,0.0
1946,1777472838.1497383,decode,183,1851593,0.9489280444761734,1851793,183,4702.37958484526,1018,0,0,1018,1,0,0,0.0
1948,1777472838.1948335,decode,183,1841748,0.9438825530545338,1851776,183,4702.37958484526,1019,0,0,1019,0,0,0,0.0
1949,1777472838.2317524,decode,183,1851748,0.9490074808571134,1851959,183,4702.37958484526,1021,0,0,1021,1,0,0,0.0
1951,1777472838.2765634,decode,183,1821492,0.9335014992976286,1851931,183,4702.37958484526,1022,0,0,1022,0,0,0,0.0
1952,1777472838.3134573,decode,183,1851492,0.9488762827053674,1852114,183,4702.37958484526,1023,0,0,1023,3,0,0,0.0
1954,1777472838.3582773,decode,183,1831447,0.9386033649250967,1851675,183,4702.37958484526,1022,0,0,1022,0,0,0,0.0
1955,1777472838.395066,decode,183,1851447,0.9488532205302558,1851858,183,4540.091814937451,1023,0,0,1023,2,0,0,0.0
1957,1777472838.4450352,decode,183,1821180,0.9333416015501882,1851630,183,4540.091814937451,1023,0,0,1023,0,0,0,0.0
1958,1777472838.4817538,decode,183,1851180,0.9487163849579269,1851813,183,4540.091814937451,1025,0,0,1025,3,0,0,0.0
1960,1777472838.5251107,decode,183,1851546,0.9489039573155014,1851363,183,4540.091814937451,1024,0,0,1024,0,0,0,0.0
1961,1777472838.5626624,decode,183,1841529,0.9437703171356574,1851546,183,4540.091814937451,1026,0,0,1026,0,0,0,0.0
1962,1777472838.5997603,decode,183,1851529,0.948895244938237,1851729,183,4540.091814937451,1028,0,0,1028,1,0,0,0.0
1964,1777472838.6434293,decode,183,1821273,0.9333892633787522,1851712,183,4540.091814937451,1028,0,0,1028,0,0,0,0.0
1965,1777472838.680016,decode,183,1851273,0.9487640467864908,1851895,183,4540.091814937451,1030,0,0,1030,3,0,0,0.0
1967,1777472838.724412,decode,183,1841428,0.9437185553648513,1851456,183,4540.091814937451,1029,0,0,1029,0,0,0,0.0
1968,1777472838.7617013,decode,183,1851428,0.9488434831674308,1851639,183,4540.091814937451,1031,0,0,1031,1,0,0,0.0
1970,1777472838.8068607,decode,183,1810994,0.9281213500904806,1851611,183,4540.091814937451,1032,0,0,1032,0,0,0,0.0
1971,1777472838.8434174,decode,183,1850994,0.9486210613007989,1851794,183,4540.091814937451,1033,0,0,1033,4,0,0,0.0
1973,1777472838.888612,decode,183,1820749,0.9331207171618969,1851177,183,4540.091814937451,1031,0,0,1031,0,0,0,0.0
1974,1777472838.925362,decode,183,1850749,0.9484955005696357,1851360,183,4540.091814937451,1033,0,0,1033,3,0,0,0.0
1976,1777472838.969855,decode,183,1851115,0.9486830729272101,1850932,183,4540.091814937451,1032,0,0,1032,0,0,0,0.0
1977,1777472839.007695,decode,183,1830876,0.9383107315475693,1851115,183,4540.091814937451,1034,0,0,1034,0,0,0,0.0
1978,1777472839.0444932,decode,183,1850876,0.9485605871527285,1851298,183,4540.091814937451,1035,0,0,1035,2,0,0,0.0
1980,1777472839.0888546,decode,183,1841031,0.9435150957310889,1851059,183,4540.091814937451,1035,0,0,1035,0,0,0,0.0
1981,1777472839.1258354,decode,183,1851031,0.9486400235336685,1851242,183,4540.091814937451,1037,0,0,1037,1,0,0,0.0
1983,1777472839.1687691,decode,183,1820786,0.9331396793947665,1851214,183,4540.091814937451,1038,0,0,1038,0,0,0,0.0
1984,1777472839.2056663,decode,183,1850786,0.9485144628025053,1851397,183,4540.091814937451,1039,0,0,1039,3,0,0,0.0
1986,1777472839.248615,decode,183,1840941,0.9434689713808657,1850969,183,4540.091814937451,1038,0,0,1038,0,0,0,0.0
1987,1777472839.2862318,decode,183,1820344,0.9329131575858925,1851152,183,4540.091814937451,1040,0,0,1040,1,0,0,0.0
1990,1777472839.334922,decode,183,1850710,0.9484755133512056,1850527,183,4540.091814937451,1038,0,0,1038,0,0,0,0.0
1991,1777472839.3721013,decode,183,1850893,0.9485692995299929,1850710,183,4540.091814937451,1040,0,0,1040,0,0,0,0.0
1992,1777472839.4094794,decode,183,1851076,0.9486630857087801,1850893,183,4540.091814937451,1042,0,0,1042,0,0,0,0.0
1993,1777472839.4483676,decode,183,1810437,0.927835891611877,1851076,183,4540.091814937451,1043,0,0,1043,0,0,0,0.0
1994,1777472839.485031,decode,183,1850437,0.9483356028221952,1851259,183,4540.091814937451,1045,0,0,1045,4,0,0,0.0
1996,1777472839.5301812,decode,183,1830392,0.9380626850419245,1850620,183,4540.091814937451,1043,0,0,1043,0,0,0,0.0
1997,1777472839.5670335,decode,183,1850392,0.9483125406470836,1850803,183,4540.091814937451,1045,0,0,1045,2,0,0,0.0
1999,1777472839.6117873,decode,183,1820136,0.9328065590875989,1850575,183,4540.091814937451,1044,0,0,1044,0,0,0,0.0
2000,1777472839.64807,decode,183,1850136,0.9481813424953376,1850758,183,4540.091814937451,1046,0,0,1046,3,0,0,0.0
2002,1777472839.6912591,decode,183,1850502,0.948368914852912,1850319,183,4540.091814937451,1045,0,0,1045,0,0,0,0.0
2003,1777472839.7296374,decode,183,1830274,0.938002210893854,1850502,183,4540.091814937451,1047,0,0,1047,0,0,0,0.0
2004,1777472839.7668674,decode,183,1850274,0.9482520664990132,1850685,183,4540.091814937451,1048,0,0,1048,2,0,0,0.0
2006,1777472839.8125086,decode,183,1799629,0.922296869642849,1850457,183,4540.091814937451,1048,0,0,1048,0,0,0,0.0
2007,1777472839.8490958,decode,183,1849629,0.9479215086557468,1850640,183,4540.091814937451,1050,0,0,1050,5,0,0,0.0
2009,1777472839.9032414,decode,183,1798973,0.9219606743789996,1849812,183,4540.091814937451,1047,0,0,1047,0,0,0,0.0
2010,1777472839.939807,decode,183,1848973,0.9475853133918976,1849995,183,4540.091814937451,1049,0,0,1049,5,0,0,0.0
2012,1777472839.985138,decode,183,1818706,0.93207369441183,1849156,183,4540.091814937451,1046,0,0,1046,0,0,0,0.0
2013,1777472840.0222042,decode,183,1838507,0.9422215639537178,1849339,183,4498.693739452364,1047,0,0,1047,3,0,0,0.0
2016,1777472840.0698125,decode,183,1848873,0.9475340641138718,1848690,183,4498.693739452364,1045,0,0,1045,0,0,0,0.0
2017,1777472840.1078222,decode,183,1838856,0.9424004239340278,1848873,183,4498.693739452364,1047,0,0,1047,0,0,0,0.0
2018,1777472840.1448007,decode,183,1848856,0.9475253517366075,1849056,183,4498.693739452364,1049,0,0,1049,1,0,0,0.0
2020,1777472840.1893866,decode,183,1828800,0.9372467965357538,1849039,183,4498.693739452364,1050,0,0,1050,0,0,0,0.0
2021,1777472840.2261896,decode,183,1848800,0.9474966521409129,1849222,183,4498.693739452364,1051,0,0,1051,2,0,0,0.0
2023,1777472840.2710981,decode,183,1838955,0.9424511607192734,1848983,183,4498.693739452364,1051,0,0,1051,0,0,0,0.0
2024,1777472840.307993,decode,183,1848955,0.9475760885218529,1849166,183,4498.693739452364,1053,0,0,1053,1,0,0,0.0
2026,1777472840.3525248,decode,183,1839110,0.9425305971002134,1849138,183,4498.693739452364,1054,0,0,1054,0,0,0,0.0
2027,1777472840.3894234,decode,183,1849110,0.9476555249027929,1849321,183,4498.693739452364,1055,0,0,1055,1,0,0,0.0
2029,1777472840.4340498,decode,183,1849476,0.9478430972603673,1849293,183,4498.693739452364,1056,0,0,1056,0,0,0,0.0
2030,1777472840.4721568,decode,183,1819048,0.9322489669426782,1849476,183,4498.693739452364,1058,0,0,1058,0,0,0,0.0
2031,1777472840.5088027,decode,183,1849048,0.9476237503504169,1849659,183,4498.693739452364,1060,0,0,1060,3,0,0,0.0
2033,1777472840.5537353,decode,183,1818803,0.932123406211515,1849231,183,4498.693739452364,1058,0,0,1058,0,0,0,0.0
2034,1777472840.5902054,decode,183,1848803,0.9474981896192537,1849414,183,4498.693739452364,1060,0,0,1060,3,0,0,0.0
2036,1777472840.633838,decode,183,1849169,0.9476857619768282,1848986,183,4498.693739452364,1059,0,0,1059,0,0,0,0.0
2037,1777472840.6711705,decode,183,1849352,0.9477795481556154,1849169,183,4498.693739452364,1061,0,0,1061,0,0,0,0.0
2038,1777472840.7091565,decode,183,1798491,0.9217136528589154,1849352,183,4498.693739452364,1062,0,0,1062,0,0,0,0.0
2039,1777472840.7458804,decode,183,1848491,0.9473382918718133,1849535,183,4498.693739452364,1064,0,0,1064,5,0,0,0.0
2041,1777472840.7894468,decode,183,1787602,0.9161331189746864,1848674,183,4498.693739452364,1061,0,0,1061,0,0,0,0.0
2042,1777472840.826822,decode,183,1847602,0.9468826857901639,1848857,183,4498.693739452364,1063,0,0,1063,6,0,0,0.0
2044,1777472840.8710346,decode,183,1847968,0.9470702581477384,1847785,183,4498.693739452364,1059,0,0,1059,0,0,0,0.0
2045,1777472840.9091816,decode,183,1807351,0.9262543388920008,1847968,183,4498.693739452364,1060,0,0,1060,0,0,0,0.0
2046,1777472840.946309,decode,183,1816754,0.9310733085047664,1848151,183,4498.693739452364,1062,0,0,1062,4,0,0,0.0
2049,1777472840.9968052,decode,183,1846727,0.9464342546074382,1846937,183,4498.693739452364,1057,0,0,1057,1,0,0,0.0
2051,1777472841.0407562,decode,183,1856910,0.951652968588805,1846910,183,4498.693739452364,1058,0,0,1058,1,0,0,0.0
2053,1777472841.0847666,decode,184,1836856,0.9413754383735119,1857094,184,4498.693739452364,1059,0,0,1059,0,0,0,0.0
2054,1777472841.1217442,decode,184,1846856,0.9465003661760915,1857278,184,4498.693739452364,1061,0,0,1061,1,0,0,0.0
2056,1777472841.1664212,decode,183,1826409,0.936021426298157,1847039,183,4498.693739452364,1062,0,0,1062,1,0,0,0.0
2059,1777472841.2168105,decode,183,1856592,0.951489995884683,1846592,183,4498.693739452364,1061,0,0,1061,1,0,0,0.0
2061,1777472841.26138,decode,184,1836549,0.9412181030899727,1856776,184,4498.693739452364,1062,0,0,1062,0,0,0,0.0
2062,1777472841.2984781,decode,184,1846549,0.9463430308925523,1856960,184,4498.693739452364,1063,0,0,1063,1,0,0,0.0
2064,1777472841.3418128,decode,183,1856732,0.9515617448739191,1846732,183,4498.693739452364,1064,0,0,1064,1,0,0,0.0
2066,1777472841.3852165,decode,184,1836678,0.941284214658626,1856916,184,4498.693739452364,1065,0,0,1065,0,0,0,0.0
2067,1777472841.4225314,decode,184,1816048,0.9307114886019043,1857100,184,4498.693739452364,1067,0,0,1067,1,0,0,0.0
2070,1777472841.4725,decode,183,1794971,0.9199096782724073,1846231,183,4498.693739452364,1065,0,0,1065,1,0,0,0.0
2073,1777472841.525347,decode,183,1824524,0.9350553774073708,1845154,183,4498.693739452364,1061,0,0,1061,1,0,0,0.0
2076,1777472841.5757985,decode,184,1854892,0.9506187581582445,1854708,184,4498.693739452364,1060,0,0,1060,0,0,0,0.0
2077,1777472841.6135094,decode,184,1855076,0.9507130568298119,1854892,184,4498.693739452364,1062,0,0,1062,0,0,0,0.0
2078,1777472841.651003,decode,184,1855260,0.9508073555013794,1855076,184,4498.693739452364,1063,0,0,1063,0,0,0,0.0
2079,1777472841.688596,decode,184,1855444,0.9509016541729468,1855260,184,4398.718615375573,1065,0,0,1065,0,0,0,0.0
2080,1777472841.7266448,decode,184,1814784,0.9300636977276583,1855444,184,4398.718615375573,1067,0,0,1067,0,0,0,0.0
2081,1777472841.7635744,decode,184,1854784,0.9505634089379766,1855628,184,4398.718615375573,1068,0,0,1068,4,0,0,0.0
2083,1777472841.8078425,decode,184,1855152,0.9507520062811116,1854968,184,4398.718615375573,1066,0,0,1066,0,0,0,0.0
2084,1777472841.845841,decode,184,1834914,0.940380177394251,1855152,184,4398.718615375573,1068,0,0,1068,0,0,0,0.0
2085,1777472841.8831136,decode,184,1854914,0.9506300329994101,1855336,184,4398.718615375573,1070,0,0,1070,2,0,0,0.0
2087,1777472841.9407318,decode,184,1855282,0.9508186303425451,1855098,184,4398.718615375573,1070,0,0,1070,0,0,0,0.0
2088,1777472841.978718,decode,184,1845255,0.9456798652348986,1855282,184,4398.718615375573,1072,0,0,1072,0,0,0,0.0
2089,1777472842.0155592,decode,184,1855255,0.9508047930374781,1855466,184,4398.718615375573,1073,0,0,1073,1,0,0,0.0
2091,1777472842.0603762,decode,184,1855623,0.950993390380613,1855439,184,4398.718615375573,1074,0,0,1074,0,0,0,0.0
2092,1777472842.09777,decode,184,1855807,0.9510876890521804,1855623,184,4398.718615375573,1076,0,0,1076,0,0,0,0.0
2093,1777472842.135907,decode,184,1815169,0.9302610074480576,1855807,184,4398.718615375573,1077,0,0,1077,0,0,0,0.0
2094,1777472842.1728435,decode,184,1845169,0.9456357908557963,1855991,184,4398.718615375573,1079,0,0,1079,3,0,0,0.0
2096,1777472842.217642,decode,183,1855352,0.9508545048371632,1845352,183,4398.718615375573,1078,0,0,1078,1,0,0,0.0
2098,1777472842.2622938,decode,184,1855720,0.9510431021802981,1855536,184,4398.718615375573,1079,0,0,1079,0,0,0,0.0
2099,1777472842.2996426,decode,184,1855904,0.9511374008518655,1855720,184,4398.718615375573,1080,0,0,1080,0,0,0,0.0
2100,1777472842.336919,decode,184,1856088,0.951231699523433,1855904,184,4398.718615375573,1082,0,0,1082,0,0,0,0.0
2101,1777472842.3743293,decode,184,1846061,0.9460929344157865,1856088,184,4398.718615375573,1083,0,0,1083,0,0,0,0.0
2102,1777472842.4117656,decode,184,1856061,0.951217862218366,1856272,184,4398.718615375573,1085,0,0,1085,1,0,0,0.0
2104,1777472842.4559984,decode,184,1856429,0.9514064595615009,1856245,184,4398.718615375573,1086,0,0,1086,0,0,0,0.0
2105,1777472842.4933634,decode,184,1856613,0.9515007582330683,1856429,184,4398.718615375573,1088,0,0,1088,0,0,0,0.0
2106,1777472842.5313914,decode,184,1846597,0.9463676305460047,1856613,184,4398.718615375573,1089,0,0,1089,0,0,0,0.0
2107,1777472842.5687106,decode,184,1836580,0.9412339903661607,1856797,183,4398.718615375573,1091,0,0,1091,0,0,0,0.0
2108,1777472842.606062,decode,183,1836370,0.9411263668823066,1846780,183,4398.718615375573,1093,0,0,1093,1,0,0,0.0
2111,1777472842.6539977,decode,183,1856553,0.9514700086662529,1846553,183,4398.718615375573,1093,0,0,1093,1,0,0,0.0
2113,1777472842.6982358,decode,184,1856921,0.9516586060093879,1856737,184,4398.718615375573,1094,0,0,1094,0,0,0,0.0
2114,1777472842.735733,decode,184,1857105,0.9517529046809553,1856921,184,4398.718615375573,1095,0,0,1095,0,0,0,0.0
2115,1777472842.7730606,decode,184,1857289,0.9518472033525228,1857105,184,4398.718615375573,1097,0,0,1097,0,0,0,0.0
2116,1777472842.8101265,decode,184,1857473,0.9519415020240902,1857289,184,4398.718615375573,1099,0,0,1099,0,0,0,0.0
2117,1777472842.8474743,decode,184,1857657,0.9520358006956577,1857473,184,4398.718615375573,1100,0,0,1100,0,0,0,0.0
2118,1777472842.8851728,decode,184,1857841,0.9521300993672251,1857657,184,4398.718615375573,1102,0,0,1102,0,0,0,0.0
2119,1777472842.9224026,decode,184,1858025,0.9522243980387927,1857841,184,4398.718615375573,1104,0,0,1104,0,0,0,0.0
2120,1777472842.960952,decode,184,1776565,0.9104767361589794,1858025,184,4398.718615375573,1105,0,0,1105,0,0,0,0.0
2121,1777472842.9980123,decode,184,1846565,0.9463512307770364,1858209,184,4398.718615375573,1107,0,0,1107,7,0,0,0.0
2123,1777472843.0432236,decode,183,1846538,0.9463373934719694,1846748,183,4398.718615375573,1102,0,0,1102,1,0,0,0.0
2125,1777472843.0890603,decode,183,1856721,0.9515561074533363,1846721,183,4398.718615375573,1103,0,0,1103,1,0,0,0.0
2127,1777472843.1336913,decode,184,1857089,0.9517447047964712,1856905,184,4398.718615375573,1104,0,0,1104,0,0,0,0.0
2128,1777472843.171101,decode,184,1857273,0.9518390034680386,1857089,184,4398.718615375573,1106,0,0,1106,0,0,0,0.0
2129,1777472843.2081192,decode,184,1857457,0.9519333021396061,1857273,184,4398.718615375573,1107,0,0,1107,0,0,0,0.0
2130,1777472843.2455513,decode,184,1857641,0.9520276008111735,1857457,184,4398.718615375573,1109,0,0,1109,0,0,0,0.0
2131,1777472843.2836375,decode,184,1857825,0.9521218994827411,1857641,184,4611.182406573677,1111,0,0,1111,0,0,0,0.0
2132,1777472843.3211396,decode,184,1858009,0.9522161981543085,1857825,184,4611.182406573677,1112,0,0,1112,0,0,0,0.0
2133,1777472843.358543,decode,184,1858193,0.952310496825876,1858009,184,4611.182406573677,1114,0,0,1114,0,0,0,0.0
2134,1777472843.3971524,decode,184,1797166,0.9210345999250735,1858193,184,4611.182406573677,1116,0,0,1116,0,0,0,0.0
2135,1777472843.433989,decode,184,1836967,0.9414323250721206,1858377,184,4611.182406573677,1117,0,0,1117,5,0,0,0.0
2138,1777472843.4816048,decode,183,1847333,0.9467448252322745,1847150,183,4611.182406573677,1113,0,0,1113,0,0,0,0.0
2139,1777472843.5188208,decode,183,1847516,0.9468386114110617,1847333,183,4611.182406573677,1115,0,0,1115,0,0,0,0.0
2140,1777472843.556041,decode,183,1847699,0.9469323975898489,1847516,183,4611.182406573677,1117,0,0,1117,0,0,0,0.0
2141,1777472843.5934117,decode,183,1847882,0.9470261837686361,1847699,183,4611.182406573677,1119,0,0,1119,0,0,0,0.0
2142,1777472843.6307533,decode,183,1848065,0.9471199699474233,1847882,183,4611.182406573677,1120,0,0,1120,0,0,0,0.0
2143,1777472843.6681175,decode,183,1848248,0.9472137561262106,1848065,183,4611.182406573677,1122,0,0,1122,0,0,0,0.0
2144,1777472843.7054868,decode,183,1848431,0.9473075423049978,1848248,183,4611.182406573677,1124,0,0,1124,0,0,0,0.0
2145,1777472843.7428706,decode,183,1848614,0.947401328483785,1848431,183,4611.182406573677,1126,0,0,1126,0,0,0,0.0
2146,1777472843.7807188,decode,183,1848797,0.9474951146625722,1848614,183,4611.182406573677,1127,0,0,1127,0,0,0,0.0
2147,1777472843.8196962,decode,183,1746892,0.895269537890385,1848797,183,4611.182406573677,1129,0,0,1129,0,0,0,0.0
2148,1777472843.855802,decode,183,1846892,0.9465188159161808,1848980,183,4611.182406573677,1131,0,0,1131,10,0,0,0.0
2150,1777472843.9001343,decode,183,1847258,0.9467063882737552,1847075,183,4611.182406573677,1122,0,0,1122,0,0,0,0.0
2151,1777472843.9375384,decode,183,1847441,0.9468001744525424,1847258,183,4611.182406573677,1124,0,0,1124,0,0,0,0.0
2152,1777472843.974316,decode,183,1847624,0.9468939606313296,1847441,183,4611.182406573677,1126,0,0,1126,0,0,0,0.0
2153,1777472844.011592,decode,183,1847807,0.9469877468101168,1847624,183,4611.182406573677,1127,0,0,1127,0,0,0,0.0
2154,1777472844.0493844,decode,183,1847990,0.9470815329889041,1847807,183,4611.182406573677,1129,0,0,1129,0,0,0,0.0
2155,1777472844.0869274,decode,183,1848173,0.9471753191676913,1847990,183,4611.182406573677,1131,0,0,1131,0,0,0,0.0
2156,1777472844.124202,decode,183,1848356,0.9472691053464785,1848173,183,4611.182406573677,1132,0,0,1132,0,0,0,0.0
2157,1777472844.1615875,decode,183,1848539,0.9473628915252656,1848356,183,4611.182406573677,1134,0,0,1134,0,0,0,0.0
2158,1777472844.1994522,decode,183,1828322,0.9370018249867905,1848539,183,4611.182406573677,1135,0,0,1135,0,0,0,0.0
2159,1777472844.2368598,decode,183,1827902,0.9367865780190822,1848722,183,4611.182406573677,1137,0,0,1137,2,0,0,0.0
2162,1777472844.2879899,decode,183,1848268,0.9472240059818158,1848085,183,4611.182406573677,1135,0,0,1135,0,0,0,0.0
2163,1777472844.3260393,decode,183,1848451,0.947317792160603,1848268,183,4611.182406573677,1136,0,0,1136,0,0,0,0.0
2164,1777472844.3634183,decode,183,1848634,0.9474115783393902,1848451,183,4611.182406573677,1138,0,0,1138,0,0,0,0.0
2165,1777472844.400741,decode,183,1848817,0.9475053645181774,1848634,183,4611.182406573677,1139,0,0,1139,0,0,0,0.0
2166,1777472844.437658,decode,183,1849000,0.9475991506969645,1848817,183,4611.182406573677,1141,0,0,1141,0,0,0,0.0
2167,1777472844.4749968,decode,183,1849183,0.9476929368757517,1849000,183,4611.182406573677,1142,0,0,1142,0,0,0,0.0
2168,1777472844.5123029,decode,183,1849366,0.9477867230545389,1849183,183,4611.182406573677,1144,0,0,1144,0,0,0,0.0
2169,1777472844.549643,decode,183,1829138,0.937420019095481,1849366,183,4611.182406573677,1146,0,0,1146,0,0,0,0.0
2170,1777472844.5866392,decode,183,1849138,0.9476698747006401,1849549,183,4611.182406573677,1147,0,0,1147,2,0,0,0.0
2172,1777472844.6313746,decode,183,1829093,0.9373969569203694,1849321,183,4611.182406573677,1147,0,0,1147,0,0,0,0.0
2173,1777472844.6681788,decode,183,1849093,0.9476468125255285,1849504,183,4611.182406573677,1149,0,0,1149,2,0,0,0.0
2175,1777472844.7135024,decode,183,1839259,0.9426069585244717,1849276,183,4611.182406573677,1149,0,0,1149,0,0,0,0.0
2176,1777472844.7504122,decode,183,1849259,0.9477318863270514,1849459,183,4611.182406573677,1151,0,0,1151,1,0,0,0.0
2178,1777472844.7948427,decode,183,1849625,0.9479194586846258,1849442,183,4611.182406573677,1151,0,0,1151,0,0,0,0.0
2179,1777472844.8325865,decode,183,1839608,0.9427858185047818,1849625,183,4728.361289203911,1153,0,0,1153,0,0,0,0.0
2180,1777472844.869549,decode,183,1849608,0.9479107463073614,1849808,183,4728.361289203911,1155,0,0,1155,1,0,0,0.0
2182,1777472844.9191887,decode,183,1849974,0.9480983186649358,1849791,183,4728.361289203911,1156,0,0,1156,0,0,0,0.0
2183,1777472844.9559102,decode,183,1850157,0.948192104843723,1849974,183,4728.361289203911,1157,0,0,1157,0,0,0,0.0
2184,1777472844.993445,decode,183,1840129,0.9430528272432962,1850157,183,4728.361289203911,1159,0,0,1159,0,0,0,0.0
2185,1777472845.0319722,decode,183,1850129,0.9481777550458758,1850340,183,4728.361289203911,1161,0,0,1161,1,0,0,0.0
2187,1777472845.0756989,decode,183,1840284,0.9431322636242362,1850312,183,4728.361289203911,1162,0,0,1162,0,0,0,0.0
2188,1777472845.1127687,decode,183,1850284,0.9482571914268157,1850495,183,4728.361289203911,1163,0,0,1163,1,0,0,0.0
2190,1777472845.156665,decode,183,1850650,0.9484447637843901,1850467,183,4728.361289203911,1164,0,0,1164,0,0,0,0.0
2191,1777472845.1944647,decode,183,1840633,0.9433111236045463,1850650,183,4728.361289203911,1166,0,0,1166,0,0,0,0.0
2192,1777472845.2313957,decode,183,1850633,0.9484360514071258,1850833,183,4728.361289203911,1168,0,0,1168,1,0,0,0.0
2194,1777472845.2764144,decode,183,1840788,0.9433905599854862,1850816,183,4728.361289203911,1169,0,0,1169,0,0,0,0.0
2195,1777472845.3131852,decode,183,1850788,0.9485154877880658,1850999,183,4728.361289203911,1170,0,0,1170,1,0,0,0.0
2197,1777472845.358203,decode,183,1789921,0.9173215897321046,1850971,183,4728.361289203911,1171,0,0,1171,0,0,0,0.0
2198,1777472845.3947663,decode,183,1849921,0.9480711565475821,1851154,183,4728.361289203911,1173,0,0,1173,6,0,0,0.0
2200,1777472845.4386585,decode,183,1850287,0.9482587289051565,1850104,183,4728.361289203911,1169,0,0,1169,0,0,0,0.0
2201,1777472845.4760313,decode,183,1850470,0.9483525150839438,1850287,183,4728.361289203911,1171,0,0,1171,0,0,0,0.0
2202,1777472845.5133913,decode,183,1850653,0.948446301262731,1850470,183,4728.361289203911,1172,0,0,1172,0,0,0,0.0
2203,1777472845.5511894,decode,183,1840625,0.9433070236623041,1850653,183,4728.361289203911,1174,0,0,1174,0,0,0,0.0
2204,1777472845.588694,decode,183,1830227,0.9379781237331819,1850836,183,4728.361289203911,1175,0,0,1175,1,0,0,0.0
2207,1777472845.637741,decode,183,1850593,0.9484155516959155,1850410,183,4728.361289203911,1175,0,0,1175,0,0,0,0.0
2208,1777472845.675162,decode,183,1850776,0.9485093378747027,1850593,183,4728.361289203911,1176,0,0,1176,0,0,0,0.0
2209,1777472845.7129238,decode,183,1820348,0.9329152075570135,1850776,183,4728.361289203911,1178,0,0,1178,0,0,0,0.0
2210,1777472845.7499378,decode,183,1850348,0.9482899909647523,1850959,183,4728.361289203911,1180,0,0,1180,3,0,0,0.0
2212,1777472845.7932382,decode,183,1809914,0.927567857887802,1850531,183,4728.361289203911,1179,0,0,1179,0,0,0,0.0
2213,1777472845.8300369,decode,183,1849914,0.9480675690981203,1850714,183,4728.361289203911,1180,0,0,1180,4,0,0,0.0
2215,1777472845.872814,decode,183,1850280,0.9482551414556948,1850097,183,4728.361289203911,1178,0,0,1178,0,0,0,0.0
2216,1777472845.9103057,decode,183,1850463,0.948348927634482,1850280,183,4728.361289203911,1180,0,0,1180,0,0,0,0.0
2217,1777472845.9487965,decode,183,1830235,0.9379822236754239,1850463,183,4728.361289203911,1182,0,0,1182,0,0,0,0.0
2218,1777472845.9858024,decode,183,1850235,0.9482320792805832,1850646,183,4728.361289203911,1184,0,0,1184,2,0,0,0.0
2220,1777472846.1166866,decode,183,1830190,0.9379591615003123,1850418,183,4728.361289203911,1187,0,0,1187,0,0,0,0.0
2221,1777472846.1531765,decode,183,1850190,0.9482090171054716,1850601,183,4728.361289203911,1188,0,0,1188,2,0,0,0.0
2223,1777472846.1964264,decode,183,1850556,0.948396589463046,1850373,183,4728.361289203911,1188,0,0,1188,0,0,0,0.0
2224,1777472846.2346017,decode,183,1850739,0.9484903756418331,1850556,183,4728.361289203911,1190,0,0,1190,0,0,0,0.0
2225,1777472846.2719595,decode,183,1850922,0.9485841618206203,1850739,183,4728.361289203911,1192,0,0,1192,0,0,0,0.0
2226,1777472846.3096385,decode,183,1840905,0.9434505216407764,1850922,183,4728.361289203911,1193,0,0,1193,0,0,0,0.0
2227,1777472846.346634,decode,183,1850905,0.9485754494433559,1851105,183,4728.361289203911,1195,0,0,1195,1,0,0,0.0
2229,1777472846.3915944,decode,183,1841071,0.9435355954422993,1851088,183,4728.361289203911,1196,0,0,1196,0,0,0,0.0
2230,1777472846.4284918,decode,183,1851071,0.9486605232448788,1851271,183,4728.361289203911,1197,0,0,1197,1,0,0,0.0
2232,1777472846.4739707,decode,183,1831037,0.9383932428851909,1851254,183,4728.361289203911,1198,0,0,1198,0,0,0,0.0
2233,1777472846.5109553,decode,183,1851037,0.94864309849035,1851437,183,4361.3829551944245,1200,0,0,1200,2,0,0,0.0
2235,1777472846.5568633,decode,183,1831003,0.9383758181306621,1851220,183,4361.3829551944245,1200,0,0,1200,0,0,0,0.0
2236,1777472846.593639,decode,183,1851003,0.9486256737358213,1851403,183,4361.3829551944245,1201,0,0,1201,2,0,0,0.0
2238,1777472846.6386,decode,183,1851369,0.9488132460933957,1851186,183,4361.3829551944245,1201,0,0,1201,0,0,0,0.0
2239,1777472846.6761224,decode,183,1841341,0.9436739684929688,1851369,183,4361.3829551944245,1203,0,0,1203,0,0,0,0.0
2240,1777472846.7128727,decode,183,1851341,0.9487988962955485,1851552,183,4361.3829551944245,1205,0,0,1205,1,0,0,0.0
2242,1777472846.756586,decode,183,1841507,0.9437590422944917,1851524,183,4361.3829551944245,1206,0,0,1206,0,0,0,0.0
2243,1777472846.7944357,decode,183,1851507,0.9488839700970713,1851707,183,4361.3829551944245,1207,0,0,1207,1,0,0,0.0
2245,1777472846.8401656,decode,183,1831451,0.9386054148962176,1851690,183,4361.3829551944245,1208,0,0,1208,0,0,0,0.0
2246,1777472846.8770924,decode,183,1851451,0.9488552705013769,1851873,183,4361.3829551944245,1210,0,0,1210,2,0,0,0.0
2248,1777472846.9222157,decode,183,1831417,0.9385879901416889,1851634,183,4361.3829551944245,1210,0,0,1210,0,0,0,0.0
2249,1777472846.9589837,decode,183,1851417,0.948837845746848,1851817,183,4361.3829551944245,1211,0,0,1211,2,0,0,0.0
2251,1777472847.0043306,decode,183,1841572,0.9437923543252085,1851600,183,4361.3829551944245,1211,0,0,1211,0,0,0,0.0
2252,1777472847.0411735,decode,183,1851572,0.948917282127788,1851783,183,4361.3829551944245,1213,0,0,1213,1,0,0,0.0
2254,1777472847.0909233,decode,183,1851938,0.9491048544853624,1851755,183,4361.3829551944245,1214,0,0,1214,0,0,0,0.0
2255,1777472847.1283717,decode,183,1821510,0.9335107241676733,1851938,183,4361.3829551944245,1216,0,0,1216,0,0,0,0.0
2256,1777472847.1651292,decode,183,1851510,0.948885507575412,1852121,183,4361.3829551944245,1217,0,0,1217,3,0,0,0.0
2258,1777472847.2089152,decode,183,1821254,0.9333795260159272,1851693,183,4361.3829551944245,1216,0,0,1216,0,0,0,0.0
2259,1777472847.2465267,decode,183,1851254,0.948754309423666,1851876,183,4361.3829551944245,1218,0,0,1218,3,0,0,0.0
2261,1777472847.2908401,decode,183,1831209,0.9384813916433952,1851437,183,4361.3829551944245,1217,0,0,1217,0,0,0,0.0
2262,1777472847.3284583,decode,183,1851209,0.9487312472485544,1851620,183,4361.3829551944245,1218,0,0,1218,2,0,0,0.0
2264,1777472847.3739731,decode,183,1820953,0.9332252656890696,1851392,183,4361.3829551944245,1218,0,0,1218,0,0,0,0.0
2265,1777472847.410686,decode,183,1850953,0.9486000490968084,1851575,183,4361.3829551944245,1220,0,0,1220,3,0,0,0.0
2267,1777472847.4564729,decode,183,1820686,0.9330884301167407,1851136,183,4361.3829551944245,1219,0,0,1219,0,0,0,0.0
2268,1777472847.4929347,decode,183,1850686,0.9484632135244795,1851319,183,4361.3829551944245,1221,0,0,1221,3,0,0,0.0
2270,1777472847.5363514,decode,183,1851052,0.9486507858820539,1850869,183,4361.3829551944245,1219,0,0,1219,0,0,0,0.0
2271,1777472847.574403,decode,183,1820635,0.9330622929849476,1851052,183,4361.3829551944245,1221,0,0,1221,0,0,0,0.0
2272,1777472847.6118953,decode,183,1850635,0.9484370763926864,1851235,183,4361.3829551944245,1223,0,0,1223,3,0,0,0.0
2274,1777472847.6569953,decode,183,1840801,0.9433972223916296,1850818,183,4361.3829551944245,1222,0,0,1222,0,0,0,0.0
2275,1777472847.6940317,decode,183,1850801,0.9485221501942092,1851001,183,4361.3829551944245,1223,0,0,1223,1,0,0,0.0
2277,1777472847.7398694,decode,183,1800145,0.922561315917462,1850984,183,4361.3829551944245,1224,0,0,1224,0,0,0,0.0
2278,1777472847.7760186,decode,183,1850145,0.94818595493036,1851167,183,4361.3829551944245,1226,0,0,1226,5,0,0,0.0
2280,1777472847.8203597,decode,183,1819878,0.9326743359502923,1850328,183,4361.3829551944245,1223,0,0,1223,0,0,0,0.0
2281,1777472847.8575125,decode,183,1839679,0.9428222054921801,1850511,183,4361.3829551944245,1225,0,0,1225,3,0,0,0.0
2284,1777472847.9048767,decode,183,1850045,0.9481347056523342,1849862,183,4361.3829551944245,1223,0,0,1223,0,0,0,0.0
2285,1777472847.9426796,decode,183,1809428,0.9273187863965966,1850045,183,4361.3829551944245,1225,0,0,1225,0,0,0,0.0
2286,1777472847.979543,decode,183,1849428,0.947818497606915,1850228,183,4361.3829551944245,1226,0,0,1226,4,0,0,0.0
2288,1777472848.023166,decode,183,1819183,0.9323181534680131,1849611,183,4361.3829551944245,1224,0,0,1224,0,0,0,0.0
2289,1777472848.0600386,decode,183,1849183,0.9476929368757517,1849794,183,4361.3829551944245,1226,0,0,1226,3,0,0,0.0
2291,1777472848.103707,decode,183,1818938,0.9321925927368498,1849366,183,4361.3829551944245,1225,0,0,1225,0,0,0,0.0
2292,1777472848.1410854,decode,183,1848938,0.9475673761445885,1849549,183,4490.446225566744,1227,0,0,1227,3,0,0,0.0
2294,1777472848.1856055,decode,183,1849304,0.947754948502163,1849121,183,4490.446225566744,1226,0,0,1226,0,0,0,0.0
2295,1777472848.2234035,decode,183,1839287,0.942621308322319,1849304,183,4490.446225566744,1227,0,0,1227,0,0,0,0.0
2296,1777472848.260377,decode,183,1849287,0.9477462361248986,1849487,183,4490.446225566744,1229,0,0,1229,1,0,0,0.0
2298,1777472848.3049135,decode,183,1819042,0.9322458919859966,1849470,183,4490.446225566744,1230,0,0,1230,0,0,0,0.0
2299,1777472848.3416288,decode,183,1849042,0.9476206753937354,1849653,183,4490.446225566744,1231,0,0,1231,3,0,0,0.0
2301,1777472848.3861833,decode,183,1828997,0.9373477576134647,1849225,183,4490.446225566744,1230,0,0,1230,0,0,0,0.0
2302,1777472848.4229338,decode,183,1848997,0.9475976132186238,1849408,183,4490.446225566744,1232,0,0,1232,2,0,0,0.0
2304,1777472848.4684756,decode,183,1808530,0.926858567879925,1849180,183,4490.446225566744,1232,0,0,1232,0,0,0,0.0
2305,1777472848.5052238,decode,183,1848530,0.9473582790902433,1849363,183,4490.446225566744,1234,0,0,1234,4,0,0,0.0
2307,1777472848.5503113,decode,183,1828474,0.9370797238893898,1848713,183,4490.446225566744,1231,0,0,1231,0,0,0,0.0
2308,1777472848.587778,decode,183,1817877,0.9316488378969962,1848896,183,4490.446225566744,1233,0,0,1233,2,0,0,0.0
2311,1777472848.6389766,decode,183,1848243,0.9472111936623093,1848060,183,4490.446225566744,1230,0,0,1230,0,0,0,0.0
2312,1777472848.6770098,decode,183,1828026,0.9368501271238342,1848243,183,4490.446225566744,1232,0,0,1232,0,0,0,0.0
2313,1777472848.7137477,decode,183,1848026,0.9470999827289933,1848426,183,4490.446225566744,1234,0,0,1234,2,0,0,0.0
2315,1777472848.7584395,decode,183,1848392,0.9472875550865677,1848209,183,4490.446225566744,1233,0,0,1233,0,0,0,0.0
2316,1777472848.7957704,decode,183,1848575,0.9473813412653549,1848392,183,4490.446225566744,1235,0,0,1235,0,0,0,0.0
2317,1777472848.8337557,decode,183,1807958,0.9265654220096174,1848575,183,4490.446225566744,1237,0,0,1237,0,0,0,0.0
2318,1777472848.8699718,decode,183,1847958,0.9470651332199358,1848758,183,4490.446225566744,1238,0,0,1238,4,0,0,0.0
2320,1777472848.9257662,decode,183,1807524,0.9263430001429855,1848141,183,4490.446225566744,1237,0,0,1237,0,0,0,0.0
2321,1777472848.9626265,decode,183,1847524,0.9468427113533038,1848324,183,4490.446225566744,1238,0,0,1238,4,0,0,0.0
2323,1777472849.0075696,decode,183,1847890,0.9470302837108783,1847707,183,4490.446225566744,1236,0,0,1236,0,0,0,0.0
2324,1777472849.0458298,decode,183,1797073,0.9209869380965096,1847890,183,4490.446225566744,1238,0,0,1238,0,0,0,0.0
2325,1777472849.0827105,decode,183,1836874,0.9413846632435565,1848073,183,4490.446225566744,1239,0,0,1239,5,0,0,0.0
2328,1777472849.131453,decode,183,1837029,0.9414640996244965,1847057,183,4490.446225566744,1235,0,0,1235,0,0,0,0.0
2329,1777472849.1683655,decode,183,1847029,0.9465890274270761,1847240,183,4490.446225566744,1237,0,0,1237,1,0,0,0.0
2331,1777472849.213643,decode,183,1837195,0.9415491734260194,1847212,183,4490.446225566744,1238,0,0,1238,0,0,0,0.0
2332,1777472849.2508085,decode,183,1836996,0.941447187362748,1847395,183,4490.446225566744,1240,0,0,1240,1,0,0,0.0
2335,1777472849.2998118,decode,183,1837151,0.941526623743688,1847179,183,4490.446225566744,1240,0,0,1240,0,0,0,0.0
2336,1777472849.3368297,decode,183,1847151,0.9466515515462676,1847362,183,4490.446225566744,1242,0,0,1242,1,0,0,0.0
2338,1777472849.3798735,decode,183,1816895,0.9311455699867828,1847334,183,4490.446225566744,1243,0,0,1243,0,0,0,0.0
2339,1777472849.4170995,decode,183,1836696,0.9412934395286706,1847517,183,4490.446225566744,1244,0,0,1244,3,0,0,0.0
2342,1777472849.4633405,decode,183,1856879,0.951637081312617,1846879,183,4490.446225566744,1242,0,0,1242,1,0,0,0.0
2344,1777472849.5088596,decode,184,1796025,0.9204498456627992,1857063,184,4490.446225566744,1243,0,0,1243,0,0,0,0.0
2345,1777472849.5456278,decode,184,1835826,0.9408475708098463,1857247,184,4490.446225566744,1245,0,0,1245,5,0,0,0.0
2348,1777472849.594662,decode,183,1835600,0.9407317474415079,1846009,183,4490.446225566744,1241,0,0,1241,1,0,0,0.0
2351,1777472849.645763,decode,184,1855968,0.951170200389802,1855784,184,4490.446225566744,1240,0,0,1240,0,0,0,0.0
2352,1777472849.6827893,decode,184,1856152,0.9512644990613695,1855968,184,4490.446225566744,1242,0,0,1242,0,0,0,0.0
2353,1777472849.7205534,decode,184,1835914,0.940892670174509,1856152,184,4490.446225566744,1244,0,0,1244,0,0,0,0.0
2354,1777472849.7587972,decode,184,1845704,0.9459099744932343,1856336,184,4490.446225566744,1245,0,0,1245,2,0,0,0.0
2356,1777472849.8037617,decode,183,1855887,0.9511286884746011,1845887,183,4406.149500744306,1245,0,0,1245,1,0,0,0.0
2358,1777472849.8493986,decode,184,1825655,0.9356350067418425,1856071,184,4406.149500744306,1246,0,0,1246,0,0,0,0.0
2359,1777472849.8863173,decode,184,1845655,0.9458848623470016,1856255,184,4406.149500744306,1248,0,0,1248,2,0,0,0.0
2361,1777472849.93068,decode,183,1855838,0.9511035763283685,1845838,183,4406.149500744306,1248,0,0,1248,1,0,0,0.0
2363,1777472849.9750025,decode,184,1846006,0.9460647473128723,1856022,184,4406.149500744306,1249,0,0,1249,0,0,0,0.0
2364,1777472850.0126984,decode,184,1804956,0.925026918683283,1856206,184,4406.149500744306,1251,0,0,1251,1,0,0,0.0
2367,1777472850.064899,decode,183,1824509,0.9350476900156669,1845139,183,4406.149500744306,1248,0,0,1248,1,0,0,0.0
2370,1777472850.114916,decode,184,1854877,0.9506110707665406,1854693,184,4406.149500744306,1246,0,0,1246,0,0,0,0.0
2371,1777472850.1523564,decode,184,1855061,0.950705369438108,1854877,184,4406.149500744306,1248,0,0,1248,0,0,0,0.0
2372,1777472850.1898348,decode,184,1855245,0.9507996681096755,1855061,184,4406.149500744306,1250,0,0,1250,0,0,0,0.0
2373,1777472850.2280164,decode,184,1855429,0.9508939667812429,1855245,184,4406.149500744306,1251,0,0,1251,0,0,0,0.0
2374,1777472850.2654934,decode,184,1845413,0.9457608390941793,1855429,184,4406.149500744306,1253,0,0,1253,0,0,0,0.0
2375,1777472850.3037317,decode,184,1835004,0.9404263017444742,1855613,184,4406.149500744306,1254,0,0,1254,1,0,0,0.0
2378,1777472850.3539188,decode,184,1855372,0.9508647546927682,1855188,184,4406.149500744306,1253,0,0,1253,0,0,0,0.0
2379,1777472850.3915071,decode,184,1855556,0.9509590533643357,1855372,184,4406.149500744306,1255,0,0,1255,0,0,0,0.0
2380,1777472850.4293118,decode,184,1845529,0.9458202882566892,1855556,184,4406.149500744306,1257,0,0,1257,0,0,0,0.0
2381,1777472850.4659069,decode,184,1855529,0.9509452160592687,1855740,184,4406.149500744306,1258,0,0,1258,1,0,0,0.0
2383,1777472850.509963,decode,184,1845697,0.9459063870437725,1855713,184,4406.149500744306,1259,0,0,1259,0,0,0,0.0
2384,1777472850.5481484,decode,184,1845487,0.9457987635599183,1855897,184,4406.149500744306,1261,0,0,1261,1,0,0,0.0
2387,1777472850.5970643,decode,184,1855855,0.9511122887056329,1855671,184,4406.149500744306,1261,0,0,1261,0,0,0,0.0
2388,1777472850.6346684,decode,184,1856039,0.9512065873772003,1855855,184,4406.149500744306,1263,0,0,1263,0,0,0,0.0
2389,1777472850.672085,decode,184,1856223,0.9513008860487678,1856039,184,4406.149500744306,1264,0,0,1264,0,0,0,0.0
2390,1777472850.710207,decode,184,1815585,0.9304742044446449,1856223,184,4406.149500744306,1266,0,0,1266,0,0,0,0.0
2391,1777472850.747051,decode,184,1845585,0.9458489878523836,1856407,184,4406.149500744306,1268,0,0,1268,3,0,0,0.0
2393,1777472850.7916524,decode,183,1855768,0.9510677018337504,1845768,183,4406.149500744306,1267,0,0,1267,1,0,0,0.0
2395,1777472850.8367586,decode,184,1856136,0.9512562991768854,1855952,184,4406.149500744306,1267,0,0,1267,0,0,0,0.0
2396,1777472850.8741994,decode,184,1856320,0.9513505978484528,1856136,184,4406.149500744306,1269,0,0,1269,0,0,0,0.0
2397,1777472850.9117193,decode,184,1856504,0.9514448965200203,1856320,184,4406.149500744306,1271,0,0,1271,0,0,0,0.0
2398,1777472850.949166,decode,184,1856688,0.9515391951915877,1856504,184,4406.149500744306,1272,0,0,1272,0,0,0,0.0
2399,1777472850.98666,decode,184,1856872,0.9516334938631552,1856688,184,4406.149500744306,1274,0,0,1274,0,0,0,0.0
2400,1777472851.0235727,decode,184,1857056,0.9517277925347226,1856872,184,4406.149500744306,1275,0,0,1275,0,0,0,0.0
2401,1777472851.0608838,decode,184,1857240,0.9518220912062901,1857056,184,4406.149500744306,1277,0,0,1277,0,0,0,0.0
2402,1777472851.0999439,decode,184,1816624,0.9310066844433329,1857240,184,4406.149500744306,1279,0,0,1279,0,0,0,0.0
2403,1777472851.136595,decode,184,1846624,0.9463814678510717,1857424,184,4406.149500744306,1280,0,0,1280,3,0,0,0.0
2405,1777472851.1825345,decode,183,1836398,0.9411407166801538,1846807,183,4406.149500744306,1279,0,0,1279,1,0,0,0.0
2408,1777472851.2323341,decode,183,1856581,0.9514843584641002,1846581,183,4406.149500744306,1279,0,0,1279,1,0,0,0.0
2410,1777472851.2775733,decode,184,1856949,0.9516729558072351,1856765,184,4406.149500744306,1280,0,0,1280,0,0,0,0.0
2411,1777472851.3150277,decode,184,1857133,0.9517672544788025,1856949,184,4406.149500744306,1282,0,0,1282,0,0,0,0.0
2412,1777472851.352501,decode,184,1857317,0.95186155315037,1857133,184,4406.149500744306,1284,0,0,1284,0,0,0,0.0
2413,1777472851.3900623,decode,184,1857501,0.9519558518219374,1857317,184,4406.149500744306,1285,0,0,1285,0,0,0,0.0
2414,1777472851.4273698,decode,184,1857685,0.9520501504935049,1857501,184,4530.0343364596665,1287,0,0,1287,0,0,0,0.0
2415,1777472851.4645092,decode,184,1857869,0.9521444491650723,1857685,184,4530.0343364596665,1288,0,0,1288,0,0,0,0.0
2416,1777472851.5017571,decode,184,1858053,0.9522387478366399,1857869,184,4530.0343364596665,1290,0,0,1290,0,0,0,0.0
2417,1777472851.5437083,decode,184,1807204,0.926179002453303,1858053,184,4530.0343364596665,1292,0,0,1292,0,0,0,0.0
2418,1777472851.5772133,decode,184,1836994,0.9414461623771875,1858237,184,4530.0343364596665,1294,0,0,1294,4,0,0,0.0
2421,1777472851.6253345,decode,183,1847360,0.9467586625373415,1847177,183,4530.0343364596665,1291,0,0,1291,0,0,0,0.0
2422,1777472851.6634855,decode,183,1847543,0.9468524487161287,1847360,183,4530.0343364596665,1293,0,0,1293,0,0,0,0.0
2423,1777472851.7007067,decode,183,1847726,0.9469462348949159,1847543,183,4530.0343364596665,1294,0,0,1294,0,0,0,0.0
2424,1777472851.738199,decode,183,1847909,0.9470400210737031,1847726,183,4530.0343364596665,1296,0,0,1296,0,0,0,0.0
2425,1777472851.7754471,decode,183,1848092,0.9471338072524903,1847909,183,4530.0343364596665,1297,0,0,1297,0,0,0,0.0
2426,1777472851.8126316,decode,183,1848275,0.9472275934312775,1848092,183,4530.0343364596665,1299,0,0,1299,0,0,0,0.0
2427,1777472851.849598,decode,183,1848458,0.9473213796100648,1848275,183,4530.0343364596665,1301,0,0,1301,0,0,0,0.0
2428,1777472851.8868551,decode,183,1848641,0.947415165788852,1848458,183,4530.0343364596665,1302,0,0,1302,0,0,0,0.0
2429,1777472851.9248564,decode,183,1848824,0.9475089519676392,1848641,183,4530.0343364596665,1304,0,0,1304,0,0,0,0.0
2430,1777472851.963588,decode,183,1757163,0.9005333512364144,1848824,183,4530.0343364596665,1306,0,0,1306,0,0,0,0.0
2431,1777472851.9996078,decode,183,1847163,0.9466577014596307,1849007,183,4530.0343364596665,1307,0,0,1307,9,0,0,0.0
2433,1777472852.0448759,decode,183,1847529,0.9468452738172051,1847346,183,4530.0343364596665,1300,0,0,1300,0,0,0,0.0
2434,1777472852.08204,decode,183,1847712,0.9469390599959923,1847529,183,4530.0343364596665,1302,0,0,1302,0,0,0,0.0
2435,1777472852.1189826,decode,183,1847895,0.9470328461747796,1847712,183,4530.0343364596665,1303,0,0,1303,0,0,0,0.0
2436,1777472852.156213,decode,183,1848078,0.9471266323535668,1847895,183,4530.0343364596665,1305,0,0,1305,0,0,0,0.0
2437,1777472852.193517,decode,183,1848261,0.947220418532354,1848078,183,4530.0343364596665,1307,0,0,1307,0,0,0,0.0
2438,1777472852.2308621,decode,183,1848444,0.9473142047111411,1848261,183,4530.0343364596665,1309,0,0,1309,0,0,0,0.0
2439,1777472852.268194,decode,183,1848627,0.9474079908899283,1848444,183,4530.0343364596665,1310,0,0,1310,0,0,0,0.0
2440,1777472852.3055565,decode,183,1848810,0.9475017770687155,1848627,183,4530.0343364596665,1312,0,0,1312,0,0,0,0.0
2441,1777472852.343525,decode,183,1818393,0.9319132841716092,1848810,183,4530.0343364596665,1314,0,0,1314,0,0,0,0.0
2442,1777472852.3810353,decode,183,1797343,0.9211253111471792,1848993,183,4530.0343364596665,1315,0,0,1315,3,0,0,0.0
2445,1777472852.4357016,decode,183,1847709,0.9469375225176515,1847526,183,4530.0343364596665,1310,0,0,1310,0,0,0,0.0
2446,1777472852.4731781,decode,183,1847892,0.9470313086964387,1847709,183,4530.0343364596665,1312,0,0,1312,0,0,0,0.0
2447,1777472852.5105057,decode,183,1848075,0.9471250948752259,1847892,183,4530.0343364596665,1313,0,0,1313,0,0,0,0.0
2448,1777472852.5478985,decode,183,1848258,0.9472188810540132,1848075,183,4530.0343364596665,1315,0,0,1315,0,0,0,0.0
2449,1777472852.5852966,decode,183,1848441,0.9473126672328004,1848258,183,4530.0343364596665,1316,0,0,1316,0,0,0,0.0
2450,1777472852.622058,decode,183,1848624,0.9474064534115876,1848441,183,4530.0343364596665,1318,0,0,1318,0,0,0,0.0
2451,1777472852.6592515,decode,183,1848807,0.9475002395903748,1848624,183,4530.0343364596665,1320,0,0,1320,0,0,0,0.0
2452,1777472852.6973436,decode,183,1828590,0.9371391730518996,1848807,183,4530.0343364596665,1321,0,0,1321,0,0,0,0.0
2453,1777472852.7346995,decode,183,1848590,0.9473890286570588,1848990,183,4530.0343364596665,1323,0,0,1323,2,0,0,0.0
2455,1777472852.7864602,decode,183,1828545,0.937116110876788,1848773,183,4530.0343364596665,1323,0,0,1323,0,0,0,0.0
2456,1777472852.8232758,decode,183,1848545,0.9473659664819472,1848956,183,4530.0343364596665,1325,0,0,1325,2,0,0,0.0
2458,1777472852.8688996,decode,183,1838711,0.9423261124808904,1848728,183,4530.0343364596665,1325,0,0,1325,0,0,0,0.0
2459,1777472852.9059393,decode,183,1848711,0.94745104028347,1848911,183,4530.0343364596665,1327,0,0,1327,1,0,0,0.0
2461,1777472852.9510443,decode,183,1849077,0.9476386126410444,1848894,183,4530.0343364596665,1327,0,0,1327,0,0,0,0.0
2462,1777472852.9890609,decode,183,1839060,0.9425049724612005,1849077,183,4689.805773364414,1329,0,0,1329,0,0,0,0.0
2463,1777472853.0258162,decode,183,1849060,0.94762990026378,1849260,183,4689.805773364414,1331,0,0,1331,1,0,0,0.0
2465,1777472853.0711424,decode,183,1849426,0.9478174726213544,1849243,183,4689.805773364414,1331,0,0,1331,0,0,0,0.0
2466,1777472853.1083956,decode,183,1849609,0.9479112588001416,1849426,183,4689.805773364414,1333,0,0,1333,0,0,0,0.0
2467,1777472853.145659,decode,183,1849792,0.9480050449789289,1849609,183,4689.805773364414,1334,0,0,1334,0,0,0,0.0
2468,1777472853.1825502,decode,183,1849975,0.9480988311577161,1849792,183,4689.805773364414,1336,0,0,1336,0,0,0,0.0
2469,1777472853.220078,decode,183,1839947,0.9429595535572892,1849975,183,4689.805773364414,1338,0,0,1338,0,0,0,0.0
2470,1777472853.258078,decode,183,1849947,0.9480844813598689,1850158,183,4689.805773364414,1339,0,0,1339,1,0,0,0.0
2472,1777472853.3037689,decode,183,1850313,0.9482720537174433,1850130,183,4689.805773364414,1340,0,0,1340,0,0,0,0.0
2473,1777472853.341187,decode,183,1850496,0.9483658398962305,1850313,183,4689.805773364414,1342,0,0,1342,0,0,0,0.0
2474,1777472853.3786006,decode,183,1850679,0.9484596260750177,1850496,183,4689.805773364414,1343,0,0,1343,0,0,0,0.0
2475,1777472853.4160054,decode,183,1850862,0.9485534122538049,1850679,183,4689.805773364414,1345,0,0,1345,0,0,0,0.0
2476,1777472853.453248,decode,183,1851045,0.948647198432592,1850862,183,4689.805773364414,1346,0,0,1346,0,0,0,0.0
2477,1777472853.4916048,decode,183,1820628,0.9330587055354858,1851045,183,4689.805773364414,1348,0,0,1348,0,0,0,0.0
2478,1777472853.5282545,decode,183,1850628,0.9484334889432245,1851228,183,4689.805773364414,1350,0,0,1350,3,0,0,0.0
2480,1777472853.5736446,decode,183,1840783,0.9433879975215849,1850811,183,4689.805773364414,1349,0,0,1349,0,0,0,0.0
2481,1777472853.610633,decode,183,1850783,0.9485129253241645,1850994,183,4689.805773364414,1350,0,0,1350,1,0,0,0.0
2483,1777472853.6591005,decode,183,1840938,0.9434674339025249,1850966,183,4689.805773364414,1351,0,0,1351,0,0,0,0.0
2484,1777472853.6965473,decode,183,1820341,0.9329116201075517,1851149,183,4689.805773364414,1353,0,0,1353,1,0,0,0.0
2487,1777472853.7469826,decode,183,1850707,0.9484739758728649,1850524,183,4689.805773364414,1351,0,0,1351,0,0,0,0.0
2488,1777472853.7847464,decode,183,1840679,0.9433346982724381,1850707,183,4689.805773364414,1353,0,0,1353,0,0,0,0.0
2489,1777472853.822652,decode,183,1850679,0.9484596260750177,1850890,183,4689.805773364414,1355,0,0,1355,1,0,0,0.0
2491,1777472853.8688557,decode,183,1830634,0.9381867082947469,1850862,183,4689.805773364414,1356,0,0,1356,0,0,0,0.0
2492,1777472853.9055517,decode,183,1850634,0.948436563899906,1851045,183,4689.805773364414,1358,0,0,1358,2,0,0,0.0
2494,1777472853.9516613,decode,183,1789767,0.9172426658439449,1850817,183,4689.805773364414,1357,0,0,1357,0,0,0,0.0
2495,1777472853.9875712,decode,183,1849767,0.9479922326594225,1851000,183,4689.805773364414,1359,0,0,1359,6,0,0,0.0
2497,1777472854.0315568,decode,183,1850133,0.9481798050169968,1849950,183,4689.805773364414,1355,0,0,1355,0,0,0,0.0
2498,1777472854.0697765,decode,183,1850316,0.948273591195784,1850133,183,4689.805773364414,1357,0,0,1357,0,0,0,0.0
2499,1777472854.10716,decode,183,1850499,0.9483673773745712,1850316,183,4689.805773364414,1358,0,0,1358,0,0,0,0.0
2500,1777472854.1445792,decode,183,1850682,0.9484611635533584,1850499,183,4689.805773364414,1360,0,0,1360,0,0,0,0.0
2501,1777472854.1823833,decode,183,1840665,0.9433275233735144,1850682,183,4689.805773364414,1362,0,0,1362,0,0,0,0.0
2502,1777472854.2194335,decode,183,1850665,0.948452451176094,1850865,183,4689.805773364414,1363,0,0,1363,1,0,0,0.0
2504,1777472854.2641437,decode,183,1851031,0.9486400235336685,1850848,183,4689.805773364414,1364,0,0,1364,0,0,0,0.0
2505,1777472854.3018982,decode,183,1830792,0.9382676821540277,1851031,183,4689.805773364414,1366,0,0,1366,0,0,0,0.0
2506,1777472854.339041,decode,183,1850792,0.9485175377591868,1851214,183,4689.805773364414,1368,0,0,1368,2,0,0,0.0
2508,1777472854.3824887,decode,183,1830747,0.9382446199789161,1850975,183,4689.805773364414,1367,0,0,1367,0,0,0,0.0
2509,1777472854.419513,decode,183,1850747,0.9484944755840752,1851158,183,4689.805773364414,1369,0,0,1369,2,0,0,0.0
2511,1777472854.4629614,decode,183,1851113,0.9486820479416497,1850930,183,4689.805773364414,1369,0,0,1369,0,0,0,0.0
2512,1777472854.500386,decode,183,1851296,0.9487758341204369,1851113,183,4689.805773364414,1371,0,0,1371,0,0,0,0.0
2513,1777472854.5381482,decode,183,1831057,0.938403492740796,1851296,183,4689.805773364414,1373,0,0,1373,0,0,0,0.0
2514,1777472854.5752766,decode,183,1851057,0.9486533483459552,1851479,183,4614.72234538654,1374,0,0,1374,2,0,0,0.0
2516,1777472854.6202579,decode,183,1831012,0.9383804305656844,1851240,183,4614.72234538654,1374,0,0,1374,0,0,0,0.0
2517,1777472854.6571417,decode,183,1851012,0.9486302861708436,1851423,183,4614.72234538654,1376,0,0,1376,2,0,0,0.0
2519,1777472854.702657,decode,183,1851378,0.9488178585284179,1851195,183,4614.72234538654,1376,0,0,1376,0,0,0,0.0
2520,1777472854.7403934,decode,183,1841361,0.943684218348574,1851378,183,4614.72234538654,1378,0,0,1378,0,0,0,0.0
2521,1777472854.7770412,decode,183,1851361,0.9488091461511536,1851561,183,4614.72234538654,1379,0,0,1379,1,0,0,0.0
2523,1777472854.8272507,decode,183,1851727,0.948996718508728,1851544,183,4614.72234538654,1380,0,0,1380,0,0,0,0.0
2524,1777472854.864998,decode,183,1851910,0.9490905046875152,1851727,183,4614.72234538654,1382,0,0,1382,0,0,0,0.0
2525,1777472854.903156,decode,183,1841882,0.9439512270870885,1851910,183,4614.72234538654,1384,0,0,1384,0,0,0,0.0
2526,1777472854.9401119,decode,183,1851882,0.949076154889668,1852093,183,4614.72234538654,1385,0,0,1385,1,0,0,0.0
2528,1777472854.9861972,decode,183,1831826,0.9387975996888144,1852065,183,4614.72234538654,1386,0,0,1386,0,0,0,0.0
2529,1777472855.0230181,decode,183,1851826,0.9490474552939735,1852248,183,4614.72234538654,1388,0,0,1388,2,0,0,0.0
2531,1777472855.0687628,decode,183,1841981,0.9440019638723339,1852009,183,4614.72234538654,1388,0,0,1388,0,0,0,0.0
2532,1777472855.1055954,decode,183,1851981,0.9491268916749135,1852192,183,4614.72234538654,1389,0,0,1389,1,0,0,0.0
2534,1777472855.1512332,decode,183,1852347,0.949314464032488,1852164,183,4614.72234538654,1390,0,0,1390,0,0,0,0.0
2535,1777472855.1891997,decode,183,1821930,0.9337259711353816,1852347,183,4614.72234538654,1392,0,0,1392,0,0,0,0.0
2536,1777472855.225989,decode,183,1851930,0.9491007545431204,1852530,183,4614.72234538654,1393,0,0,1393,3,0,0,0.0
2538,1777472855.272098,decode,183,1842085,0.9440552631214808,1852113,183,4614.72234538654,1392,0,0,1392,0,0,0,0.0
2539,1777472855.3090491,decode,183,1852085,0.9491801909240604,1852296,183,4614.72234538654,1394,0,0,1394,1,0,0,0.0
2541,1777472855.3538136,decode,183,1821829,0.9336742093645756,1852268,183,4614.72234538654,1395,0,0,1395,0,0,0,0.0
2542,1777472855.3908062,decode,183,1851829,0.9490489927723144,1852451,183,4614.72234538654,1396,0,0,1396,3,0,0,0.0
2544,1777472855.4360197,decode,183,1811373,0.9283155848541984,1852012,183,4614.72234538654,1395,0,0,1395,0,0,0,0.0
2545,1777472855.472626,decode,183,1851373,0.9488152960645166,1852195,183,4614.72234538654,1397,0,0,1397,4,0,0,0.0
2547,1777472855.518546,decode,183,1810928,0.9280875255669836,1851556,183,4614.72234538654,1395,0,0,1395,0,0,0,0.0
2548,1777472855.5553007,decode,183,1850928,0.948587236777302,1851739,183,4614.72234538654,1396,0,0,1396,4,0,0,0.0
2550,1777472855.600964,decode,183,1851294,0.9487748091348763,1851111,183,4614.72234538654,1394,0,0,1394,0,0,0,0.0
2551,1777472855.6387796,decode,183,1841277,0.9436411689550324,1851294,183,4614.72234538654,1396,0,0,1396,0,0,0,0.0
2552,1777472855.675818,decode,183,1851277,0.9487660967576119,1851477,183,4614.72234538654,1398,0,0,1398,1,0,0,0.0
2554,1777472855.7215514,decode,183,1810810,0.9280270514189132,1851460,183,4614.72234538654,1399,0,0,1399,0,0,0,0.0
2555,1777472855.7581496,decode,183,1850810,0.9485267626292314,1851643,183,4614.72234538654,1400,0,0,1400,4,0,0,0.0
2557,1777472855.8034687,decode,183,1820565,0.9330264184903295,1850993,183,4614.72234538654,1398,0,0,1398,0,0,0,0.0
2558,1777472855.8402786,decode,183,1850565,0.9484012018980683,1851176,183,4614.72234538654,1400,0,0,1400,3,0,0,0.0
2560,1777472855.8843906,decode,183,1799920,0.922446005041904,1850748,183,4614.72234538654,1399,0,0,1399,0,0,0,0.0
2561,1777472855.9210625,decode,183,1849920,0.9480706440548019,1850931,183,4614.72234538654,1401,0,0,1401,5,0,0,0.0
2563,1777472855.965083,decode,183,1850286,0.9482582164123763,1850103,183,4614.72234538654,1397,0,0,1397,0,0,0,0.0
2564,1777472856.0029693,decode,183,1819869,0.93266972351527,1850286,183,4614.72234538654,1399,0,0,1399,0,0,0,0.0
2565,1777472856.0397453,decode,183,1849869,0.9480445069230087,1850469,183,4614.72234538654,1401,0,0,1401,3,0,0,0.0
2567,1777472856.085549,decode,183,1809413,0.9273110990048927,1850052,183,4614.72234538654,1400,0,0,1400,0,0,0,0.0
2568,1777472856.1220315,decode,183,1849413,0.9478108102152111,1850235,183,4614.72234538654,1401,0,0,1401,4,0,0,0.0
2570,1777472856.1669567,decode,183,1819179,0.932316103496892,1849596,183,4614.72234538654,1399,0,0,1399,0,0,0,0.0
2571,1777472856.2038972,decode,183,1849179,0.9476908869046308,1849779,183,4494.605407507383,1401,0,0,1401,3,0,0,0.0
2573,1777472856.2489674,decode,183,1818912,0.9321792679245631,1849362,183,4494.605407507383,1400,0,0,1400,0,0,0,0.0
2574,1777472856.2854893,decode,183,1848912,0.9475540513323019,1849545,183,4494.605407507383,1401,0,0,1401,3,0,0,0.0
2576,1777472856.3309247,decode,183,1849278,0.9477416236898762,1849095,183,4494.605407507383,1400,0,0,1400,0,0,0,0.0
2577,1777472856.3688638,decode,183,1829061,0.9373805571514011,1849278,183,4494.605407507383,1401,0,0,1401,0,0,0,0.0
2578,1777472856.4052954,decode,183,1849061,0.9476304127565603,1849461,183,4494.605407507383,1403,0,0,1403,2,0,0,0.0
2580,1777472856.459325,decode,183,1818816,0.9321300686176583,1849244,183,4494.605407507383,1403,0,0,1403,0,0,0,0.0
2581,1777472856.49599,decode,183,1848816,0.9475048520253971,1849427,183,4494.605407507383,1405,0,0,1405,3,0,0,0.0
2583,1777472856.540203,decode,183,1828771,0.9372319342451263,1848999,183,4494.605407507383,1404,0,0,1404,0,0,0,0.0
2584,1777472856.577165,decode,183,1848771,0.9474817898502855,1849182,183,4494.605407507383,1406,0,0,1406,2,0,0,0.0
2586,1777472856.6210966,decode,183,1808337,0.9267596567733352,1848954,183,4494.605407507383,1406,0,0,1406,0,0,0,0.0
2587,1777472856.6579564,decode,183,1848337,0.9472593679836535,1849137,183,4494.605407507383,1408,0,0,1408,4,0,0,0.0
2589,1777472856.7009735,decode,183,1848703,0.9474469403412279,1848520,183,4494.605407507383,1405,0,0,1405,0,0,0,0.0
2590,1777472856.7388496,decode,183,1828475,0.93708023638217,1848703,183,4494.605407507383,1407,0,0,1407,0,0,0,0.0
2591,1777472856.7766266,decode,183,1848475,0.9473300919873291,1848886,183,4494.605407507383,1409,0,0,1409,2,0,0,0.0
2593,1777472856.8227599,decode,183,1838630,0.9422846005656895,1848658,183,4494.605407507383,1409,0,0,1409,0,0,0,0.0
2594,1777472856.8597074,decode,183,1848630,0.9474095283682691,1848841,183,4494.605407507383,1411,0,0,1411,1,0,0,0.0
2596,1777472856.9054403,decode,183,1828596,0.9371422480085811,1848813,183,4494.605407507383,1411,0,0,1411,0,0,0,0.0
2597,1777472856.9417388,decode,183,1848596,0.9473921036137404,1848996,183,4494.605407507383,1413,0,0,1413,2,0,0,0.0
2599,1777472856.9867594,decode,183,1787729,0.9161982055577792,1848779,183,4494.605407507383,1413,0,0,1413,0,0,0,0.0
2600,1777472857.0240903,decode,183,1847729,0.9469477723732567,1848962,183,4494.605407507383,1415,0,0,1415,6,0,0,0.0
2602,1777472857.0697467,decode,183,1837884,0.9419022809516171,1847912,183,4494.605407507383,1411,0,0,1411,0,0,0,0.0
2603,1777472857.1072338,decode,183,1837685,0.9418002948883457,1848095,183,4494.605407507383,1412,0,0,1412,1,0,0,0.0
2606,1777472857.1567051,decode,183,1848051,0.9471127950484998,1847868,183,4494.605407507383,1412,0,0,1412,0,0,0,0.0
2607,1777472857.1945248,decode,183,1827823,0.9367460910894417,1848051,183,4494.605407507383,1414,0,0,1414,0,0,0,0.0
2608,1777472857.2314038,decode,183,1847823,0.946995946694601,1848234,183,4494.605407507383,1415,0,0,1415,2,0,0,0.0
2610,1777472857.2767951,decode,183,1848189,0.9471835190521753,1848006,183,4494.605407507383,1415,0,0,1415,0,0,0,0.0
2611,1777472857.31424,decode,183,1848372,0.9472773052309625,1848189,183,4494.605407507383,1417,0,0,1417,0,0,0,0.0
2612,1777472857.352078,decode,183,1828133,0.9369049638513217,1848372,183,4494.605407507383,1418,0,0,1418,0,0,0,0.0
2613,1777472857.3889463,decode,183,1848133,0.947154819456481,1848555,183,4494.605407507383,1420,0,0,1420,2,0,0,0.0
2615,1777472857.4352088,decode,183,1817888,0.931654475317579,1848316,183,4494.605407507383,1420,0,0,1420,0,0,0,0.0
2616,1777472857.4721398,decode,183,1837689,0.9418023448594668,1848499,183,4494.605407507383,1422,0,0,1422,3,0,0,0.0
2619,1777472857.5199628,decode,183,1848055,0.9471148450196207,1847872,183,4494.605407507383,1420,0,0,1420,0,0,0,0.0
2620,1777472857.5585773,decode,183,1766583,0.9053610332264445,1848055,183,4494.605407507383,1421,0,0,1421,0,0,0,0.0
2621,1777472857.5960715,decode,183,1836384,0.9411335417812302,1848238,183,4494.605407507383,1423,0,0,1423,8,0,0,0.0
2624,1777472857.645753,decode,183,1856567,0.9514771835651765,1846567,183,4494.605407507383,1416,0,0,1416,1,0,0,0.0
2626,1777472857.6920364,decode,184,1856935,0.9516657809083114,1856751,184,4494.605407507383,1417,0,0,1417,0,0,0,0.0
2627,1777472857.7301023,decode,184,1836697,0.9412939520214509,1856935,184,4494.605407507383,1419,0,0,1419,0,0,0,0.0
2628,1777472857.7675097,decode,184,1836498,0.9411919659581796,1857119,184,4494.605407507383,1420,0,0,1420,1,0,0,0.0
2631,1777472857.8172414,decode,183,1836272,0.9410761425898413,1846681,183,4494.605407507383,1421,0,0,1421,1,0,0,0.0
2634,1777472857.8666341,decode,183,1856455,0.9514197843737876,1846455,183,4404.209883281146,1421,0,0,1421,1,0,0,0.0
2636,1777472857.9123437,decode,184,1826201,0.9359148277998633,1856639,184,4404.209883281146,1422,0,0,1422,0,0,0,0.0
2637,1777472857.9488983,decode,184,1846201,0.9461646834050226,1856823,184,4404.209883281146,1423,0,0,1423,2,0,0,0.0
2639,1777472857.9927154,decode,183,1856384,0.9513833973863893,1846384,183,4404.209883281146,1423,0,0,1423,1,0,0,0.0
2641,1777472858.037643,decode,184,1775119,0.9097356715987264,1856568,184,4404.209883281146,1424,0,0,1424,0,0,0,0.0
2642,1777472858.07512,decode,184,1804301,0.9246912359122141,1856752,184,4404.209883281146,1426,0,0,1426,7,0,0,0.0
2645,1777472858.1274722,decode,183,1854484,0.9504096611038992,1844484,183,4404.209883281146,1417,0,0,1417,1,0,0,0.0
2647,1777472858.174419,decode,184,1854852,0.9505982584470342,1854668,184,4404.209883281146,1418,0,0,1418,0,0,0,0.0
2648,1777472858.211613,decode,184,1855036,0.9506925571186016,1854852,184,4404.209883281146,1420,0,0,1420,0,0,0,0.0
2649,1777472858.2495499,decode,184,1845009,0.945553792010955,1855036,184,4404.209883281146,1422,0,0,1422,0,0,0,0.0
2650,1777472858.2864978,decode,184,1855009,0.9506787198135346,1855220,184,4404.209883281146,1423,0,0,1423,1,0,0,0.0
2652,1777472858.3315775,decode,184,1834977,0.9404124644394072,1855193,184,4404.209883281146,1424,0,0,1424,0,0,0,0.0
2653,1777472858.368814,decode,184,1844767,0.9454297687581327,1855377,184,4404.209883281146,1426,0,0,1426,2,0,0,0.0
2656,1777472858.4287596,decode,184,1844924,0.9455102301246331,1854951,184,4404.209883281146,1425,0,0,1425,0,0,0,0.0
2657,1777472858.4658232,decode,184,1854924,0.9506351579272126,1855135,184,4404.209883281146,1427,0,0,1427,1,0,0,0.0
2659,1777472858.511881,decode,184,1845092,0.9455963289117164,1855108,184,4404.209883281146,1428,0,0,1428,0,0,0,0.0
2660,1777472858.5493782,decode,184,1834672,0.9402561541414285,1855292,184,4404.209883281146,1430,0,0,1430,1,0,0,0.0
2663,1777472858.5992491,decode,184,1855040,0.9506946070897226,1854856,184,4404.209883281146,1429,0,0,1429,0,0,0,0.0
2664,1777472858.6367161,decode,184,1855224,0.95078890576129,1855040,184,4404.209883281146,1430,0,0,1430,0,0,0,0.0
2665,1777472858.674182,decode,184,1855408,0.9508832044328576,1855224,184,4404.209883281146,1432,0,0,1432,0,0,0,0.0
2666,1777472858.7116663,decode,184,1855592,0.950977503104425,1855408,184,4404.209883281146,1434,0,0,1434,0,0,0,0.0
2667,1777472858.7491558,decode,184,1855776,0.9510718017759925,1855592,184,4404.209883281146,1436,0,0,1436,0,0,0,0.0
2668,1777472858.7869954,decode,184,1835549,0.9407056103097148,1855776,184,4404.209883281146,1437,0,0,1437,0,0,0,0.0
2669,1777472858.8243444,decode,184,1845350,0.9457285520490231,1855960,184,4404.209883281146,1439,0,0,1439,2,0,0,0.0
2672,1777472858.871542,decode,184,1855718,0.9510420771947375,1855534,184,4404.209883281146,1438,0,0,1438,0,0,0,0.0
2673,1777472858.9090617,decode,184,1855902,0.951136375866305,1855718,184,4404.209883281146,1440,0,0,1440,0,0,0,0.0
2674,1777472858.9474072,decode,184,1856086,0.9512306745378725,1855902,184,4404.209883281146,1441,0,0,1441,0,0,0,0.0
2675,1777472858.984889,decode,184,1856270,0.9513249732094399,1856086,184,4404.209883281146,1443,0,0,1443,0,0,0,0.0
2676,1777472859.022858,decode,184,1836032,0.9409531443225794,1856270,184,4404.209883281146,1445,0,0,1445,0,0,0,0.0
2677,1777472859.0598571,decode,184,1846032,0.9460780721251589,1856454,184,4404.209883281146,1446,0,0,1446,1,0,0,0.0
2679,1777472859.105519,decode,183,1856215,0.9512967861065257,1846215,183,4404.209883281146,1447,0,0,1447,1,0,0,0.0
2681,1777472859.1501465,decode,184,1856583,0.9514853834496606,1856399,184,4404.209883281146,1448,0,0,1448,0,0,0,0.0
2682,1777472859.188027,decode,184,1836367,0.9411248294039658,1856583,184,4404.209883281146,1450,0,0,1450,0,0,0,0.0
2683,1777472859.22651,decode,184,1825947,0.9357846546336779,1856767,184,4404.209883281146,1452,0,0,1452,1,0,0,0.0
2686,1777472859.2794573,decode,183,1845931,0.9460263103543529,1846130,183,4404.209883281146,1450,0,0,1450,1,0,0,0.0
2689,1777472859.3299668,decode,184,1856299,0.9513398355000674,1856115,184,4404.209883281146,1450,0,0,1450,0,0,0,0.0
2690,1777472859.3674176,decode,184,1856483,0.9514341341716348,1856299,184,4404.209883281146,1452,0,0,1452,0,0,0,0.0
2691,1777472859.4049563,decode,184,1856667,0.9515284328432023,1856483,184,4404.209883281146,1454,0,0,1454,0,0,0,0.0
2692,1777472859.4424658,decode,184,1856851,0.9516227315147698,1856667,184,4404.209883281146,1455,0,0,1455,0,0,0,0.0
2693,1777472859.4801433,decode,184,1857035,0.9517170301863372,1856851,184,4404.209883281146,1457,0,0,1457,0,0,0,0.0
2694,1777472859.5176716,decode,184,1857219,0.9518113288579048,1857035,184,4455.402824202799,1459,0,0,1459,0,0,0,0.0
2695,1777472859.5550213,decode,184,1857403,0.9519056275294722,1857219,184,4455.402824202799,1460,0,0,1460,0,0,0,0.0
2696,1777472859.5924802,decode,184,1857587,0.9519999262010397,1857403,184,4455.402824202799,1462,0,0,1462,0,0,0,0.0
2697,1777472859.630959,decode,184,1816960,0.9311788820174995,1857587,184,4455.402824202799,1463,0,0,1463,0,0,0,0.0
2698,1777472859.667526,decode,184,1826540,0.9360885628523709,1857771,184,4455.402824202799,1465,0,0,1465,3,0,0,0.0
2701,1777472859.7181563,decode,183,1856723,0.9515571324388967,1846723,183,4455.402824202799,1462,0,0,1462,1,0,0,0.0
2703,1777472859.7635994,decode,184,1857091,0.9517457297820316,1856907,184,4455.402824202799,1463,0,0,1463,0,0,0,0.0
2704,1777472859.8010795,decode,184,1857275,0.9518400284535992,1857091,184,4455.402824202799,1465,0,0,1465,0,0,0,0.0
2705,1777472859.8385713,decode,184,1857459,0.9519343271251667,1857275,184,4455.402824202799,1466,0,0,1466,0,0,0,0.0
2706,1777472859.8760376,decode,184,1857643,0.9520286257967341,1857459,184,4455.402824202799,1468,0,0,1468,0,0,0,0.0
2707,1777472859.9135807,decode,184,1857827,0.9521229244683016,1857643,184,4455.402824202799,1470,0,0,1470,0,0,0,0.0
2708,1777472859.9510608,decode,184,1858011,0.952217223139869,1857827,184,4455.402824202799,1471,0,0,1471,0,0,0,0.0
2709,1777472859.9886594,decode,184,1858195,0.9523115218114365,1858011,184,4455.402824202799,1473,0,0,1473,0,0,0,0.0
2710,1777472860.026151,decode,184,1858379,0.9524058204830039,1858195,184,4455.402824202799,1475,0,0,1475,0,0,0,0.0
2711,1777472860.0648658,decode,184,1797341,0.9211242861616187,1858379,184,4455.402824202799,1476,0,0,1476,0,0,0,0.0
2712,1777472860.1009195,decode,184,1847341,0.9467489251745166,1858563,184,4455.402824202799,1478,0,0,1478,5,0,0,0.0
2714,1777472860.1450176,decode,183,1847707,0.946936497532091,1847524,183,4455.402824202799,1475,0,0,1475,0,0,0,0.0
2715,1777472860.1824212,decode,183,1847890,0.9470302837108783,1847707,183,4455.402824202799,1476,0,0,1476,0,0,0,0.0
2716,1777472860.219732,decode,183,1848073,0.9471240698896655,1847890,183,4455.402824202799,1478,0,0,1478,0,0,0,0.0
2717,1777472860.2571144,decode,183,1848256,0.9472178560684527,1848073,183,4455.402824202799,1480,0,0,1480,0,0,0,0.0
2718,1777472860.2945778,decode,183,1848439,0.9473116422472398,1848256,183,4455.402824202799,1482,0,0,1482,0,0,0,0.0
2719,1777472860.3328176,decode,183,1848622,0.947405428426027,1848439,183,4455.402824202799,1483,0,0,1483,0,0,0,0.0
2720,1777472860.37009,decode,183,1848805,0.9474992146048142,1848622,183,4455.402824202799,1485,0,0,1485,0,0,0,0.0
2721,1777472860.4075584,decode,183,1848988,0.9475930007836014,1848805,183,4455.402824202799,1486,0,0,1486,0,0,0,0.0
2722,1777472860.4458652,decode,183,1798171,0.9215496551692328,1848988,183,4455.402824202799,1488,0,0,1488,0,0,0,0.0
2723,1777472860.482889,decode,183,1797121,0.9210115377499619,1849171,183,4455.402824202799,1490,0,0,1490,5,0,0,0.0
2726,1777472860.538969,decode,183,1847487,0.9468237491204342,1847304,183,4455.402824202799,1482,0,0,1482,0,0,0,0.0
2727,1777472860.5769973,decode,183,1847670,0.9469175352992215,1847487,183,4455.402824202799,1484,0,0,1484,0,0,0,0.0
2728,1777472860.6143725,decode,183,1847853,0.9470113214780087,1847670,183,4455.402824202799,1485,0,0,1485,0,0,0,0.0
2729,1777472860.6517057,decode,183,1848036,0.9471051076567959,1847853,183,4455.402824202799,1487,0,0,1487,0,0,0,0.0
2730,1777472860.689118,decode,183,1848219,0.9471988938355831,1848036,183,4455.402824202799,1489,0,0,1489,0,0,0,0.0
2731,1777472860.7264428,decode,183,1848402,0.9472926800143703,1848219,183,4455.402824202799,1490,0,0,1490,0,0,0,0.0
2732,1777472860.764038,decode,183,1848585,0.9473864661931575,1848402,183,4455.402824202799,1492,0,0,1492,0,0,0,0.0
2733,1777472860.8008068,decode,183,1838568,0.9422528260133135,1848585,183,4455.402824202799,1494,0,0,1494,0,0,0,0.0
2734,1777472860.8377748,decode,183,1848568,0.9473777538158931,1848768,183,4455.402824202799,1495,0,0,1495,1,0,0,0.0
2736,1777472860.8820927,decode,183,1808101,0.9266387084771943,1848751,183,4455.402824202799,1496,0,0,1496,0,0,0,0.0
2737,1777472860.9188936,decode,183,1848101,0.9471384196875127,1848934,183,4455.402824202799,1498,0,0,1498,4,0,0,0.0
2739,1777472860.9628756,decode,183,1838267,0.9420985656864559,1848284,183,4455.402824202799,1496,0,0,1496,0,0,0,0.0
2740,1777472861.000014,decode,183,1848267,0.9472234934890355,1848467,183,4455.402824202799,1498,0,0,1498,1,0,0,0.0
2742,1777472861.0431988,decode,183,1848633,0.9474110658466098,1848450,183,4455.402824202799,1499,0,0,1499,0,0,0,0.0
2743,1777472861.0806935,decode,183,1848816,0.9475048520253971,1848633,183,4692.140663177141,1500,0,0,1500,0,0,0,0.0
2744,1777472861.1188486,decode,183,1848999,0.9475986382041843,1848816,183,4692.140663177141,1502,0,0,1502,0,0,0,0.0
2745,1777472861.156193,decode,183,1849182,0.9476924243829715,1848999,183,4692.140663177141,1504,0,0,1504,0,0,0,0.0
2746,1777472861.1935394,decode,183,1849365,0.9477862105617587,1849182,183,4692.140663177141,1505,0,0,1505,0,0,0,0.0
2747,1777472861.2313688,decode,183,1839337,0.942646932961332,1849365,183,4692.140663177141,1507,0,0,1507,0,0,0,0.0
2748,1777472861.2681303,decode,183,1849337,0.9477718607639115,1849548,183,4692.140663177141,1508,0,0,1508,1,0,0,0.0
2750,1777472861.315417,decode,183,1829292,0.9374989429836407,1849520,183,4692.140663177141,1509,0,0,1509,0,0,0,0.0
2751,1777472861.3519938,decode,183,1849292,0.9477487985887999,1849703,183,4692.140663177141,1511,0,0,1511,2,0,0,0.0
2753,1777472861.397867,decode,183,1849658,0.9479363709463743,1849475,183,4692.140663177141,1511,0,0,1511,0,0,0,0.0
2754,1777472861.4351583,decode,183,1849841,0.9480301571251615,1849658,183,4692.140663177141,1513,0,0,1513,0,0,0,0.0
2755,1777472861.4725544,decode,183,1850024,0.9481239433039487,1849841,183,4692.140663177141,1514,0,0,1514,0,0,0,0.0
2756,1777472861.5104089,decode,183,1839996,0.9429846657035219,1850024,183,4692.140663177141,1516,0,0,1516,0,0,0,0.0
2757,1777472861.5473046,decode,183,1849996,0.9481095935061015,1850207,183,4692.140663177141,1518,0,0,1518,1,0,0,0.0
2759,1777472861.6707382,decode,183,1840162,0.9430697395050447,1850179,183,4692.140663177141,1521,0,0,1521,0,0,0,0.0
2760,1777472861.7074027,decode,183,1850162,0.9481946673076243,1850362,183,4692.140663177141,1523,0,0,1523,1,0,0,0.0
2762,1777472861.7534595,decode,183,1850528,0.9483822396651987,1850345,183,4692.140663177141,1524,0,0,1524,0,0,0,0.0
2763,1777472861.7908192,decode,183,1850711,0.9484760258439859,1850528,183,4692.140663177141,1526,0,0,1526,0,0,0,0.0
2764,1777472861.8282523,decode,183,1830494,0.9381149593055108,1850711,183,4692.140663177141,1527,0,0,1527,0,0,0,0.0
2765,1777472861.864986,decode,183,1850494,0.9483648149106699,1850894,183,4692.140663177141,1529,0,0,1529,2,0,0,0.0
2767,1777472861.90862,decode,183,1850860,0.9485523872682443,1850677,183,4692.140663177141,1529,0,0,1529,0,0,0,0.0
2768,1777472861.947,decode,183,1851043,0.9486461734470316,1850860,183,4692.140663177141,1530,0,0,1530,0,0,0,0.0
2769,1777472861.9842532,decode,183,1851226,0.9487399596258188,1851043,183,4692.140663177141,1532,0,0,1532,0,0,0,0.0
2770,1777472862.022314,decode,183,1831009,0.9383788930873437,1851226,183,4692.140663177141,1534,0,0,1534,0,0,0,0.0
2771,1777472862.0590518,decode,183,1851009,0.9486287486925028,1851409,183,4692.140663177141,1535,0,0,1535,2,0,0,0.0
2773,1777472862.106169,decode,183,1790153,0.9174404880571245,1851192,183,4692.140663177141,1535,0,0,1535,0,0,0,0.0
2774,1777472862.1424017,decode,183,1850153,0.948190054872602,1851375,183,4692.140663177141,1537,0,0,1537,6,0,0,0.0
2776,1777472862.1880867,decode,183,1840308,0.9431445634509624,1850336,183,4692.140663177141,1533,0,0,1533,0,0,0,0.0
2777,1777472862.2251034,decode,183,1850308,0.948269491253542,1850519,183,4692.140663177141,1534,0,0,1534,1,0,0,0.0
2779,1777472862.272713,decode,183,1830252,0.9379909360526884,1850491,183,4692.140663177141,1535,0,0,1535,0,0,0,0.0
2780,1777472862.3096163,decode,183,1850252,0.9482407916578475,1850674,183,4692.140663177141,1537,0,0,1537,2,0,0,0.0
2782,1777472862.3544188,decode,183,1850618,0.948428364015422,1850435,183,4692.140663177141,1536,0,0,1536,0,0,0,0.0
2783,1777472862.3921425,decode,183,1840590,0.9432890864149951,1850618,183,4692.140663177141,1538,0,0,1538,0,0,0,0.0
2784,1777472862.4292552,decode,183,1850590,0.9484140142175748,1850801,183,4692.140663177141,1540,0,0,1540,1,0,0,0.0
2786,1777472862.473667,decode,183,1850956,0.9486015865751491,1850773,183,4692.140663177141,1541,0,0,1541,0,0,0,0.0
2787,1777472862.5113306,decode,183,1851139,0.9486953727539363,1850956,183,4692.140663177141,1542,0,0,1542,0,0,0,0.0
2788,1777472862.5492802,decode,183,1820700,0.9330956050156644,1851139,183,4692.140663177141,1544,0,0,1544,0,0,0,0.0
2789,1777472862.5861006,decode,183,1850700,0.948470388423403,1851322,183,4692.140663177141,1546,0,0,1546,3,0,0,0.0
2791,1777472862.6366377,decode,183,1851066,0.9486579607809775,1850883,183,4692.140663177141,1545,0,0,1545,0,0,0,0.0
2792,1777472862.6734633,decode,183,1851249,0.9487517469597647,1851066,183,4692.140663177141,1546,0,0,1546,0,0,0,0.0
2793,1777472862.7109828,decode,183,1841232,0.9436181067799208,1851249,183,4692.140663177141,1548,0,0,1548,0,0,0,0.0
2794,1777472862.7490664,decode,183,1851232,0.9487430345825003,1851432,183,4387.545988462145,1550,0,0,1550,1,0,0,0.0
2796,1777472862.7953165,decode,183,1831187,0.9384701168022296,1851415,183,4387.545988462145,1550,0,0,1550,0,0,0,0.0
2797,1777472862.8321187,decode,183,1851187,0.9487199724073887,1851598,183,4387.545988462145,1552,0,0,1552,2,0,0,0.0
2799,1777472862.8780742,decode,183,1851553,0.9489075447649631,1851370,183,4387.545988462145,1552,0,0,1552,0,0,0,0.0
2800,1777472862.915781,decode,183,1821114,0.9333077770266911,1851553,183,4387.545988462145,1554,0,0,1554,0,0,0,0.0
2801,1777472862.9523253,decode,183,1851114,0.9486825604344299,1851736,183,4387.545988462145,1555,0,0,1555,3,0,0,0.0
2803,1777472862.9968834,decode,183,1841269,0.9436370690127903,1851297,183,4387.545988462145,1554,0,0,1554,0,0,0,0.0
2804,1777472863.0340066,decode,183,1851269,0.9487619968153699,1851480,183,4387.545988462145,1556,0,0,1556,1,0,0,0.0
2806,1777472863.0778394,decode,183,1851635,0.9489495691729443,1851452,183,4387.545988462145,1557,0,0,1557,0,0,0,0.0
2807,1777472863.1155388,decode,183,1851818,0.9490433553517315,1851635,183,4387.545988462145,1559,0,0,1559,0,0,0,0.0
2808,1777472863.153183,decode,183,1821390,0.9334492250340424,1851818,183,4387.545988462145,1560,0,0,1560,0,0,0,0.0
2809,1777472863.1900969,decode,183,1851390,0.948824008441781,1852001,183,4387.545988462145,1562,0,0,1562,3,0,0,0.0
2811,1777472863.2343833,decode,183,1831345,0.9385510906615103,1851573,183,4387.545988462145,1561,0,0,1561,0,0,0,0.0
2812,1777472863.272189,decode,183,1851345,0.9488009462666694,1851756,183,4387.545988462145,1563,0,0,1563,2,0,0,0.0
2814,1777472863.3181741,decode,183,1851711,0.9489885186242438,1851528,183,4387.545988462145,1563,0,0,1563,0,0,0,0.0
2815,1777472863.3560674,decode,183,1831494,0.9386274520857687,1851711,183,4387.545988462145,1565,0,0,1565,0,0,0,0.0
2816,1777472863.3931706,decode,183,1851494,0.9488773076909279,1851894,183,4387.545988462145,1566,0,0,1566,2,0,0,0.0
2818,1777472863.4400148,decode,183,1851860,0.9490648800485023,1851677,183,4387.545988462145,1566,0,0,1566,0,0,0,0.0
2819,1777472863.4769208,decode,183,1852043,0.9491586662272895,1851860,183,4387.545988462145,1568,0,0,1568,0,0,0,0.0
2820,1777472863.5146272,decode,183,1831815,0.9387919622682316,1852043,183,4387.545988462145,1569,0,0,1569,0,0,0,0.0
2821,1777472863.5524437,decode,183,1851815,0.9490418178733907,1852226,183,4387.545988462145,1571,0,0,1571,2,0,0,0.0
2823,1777472863.5991113,decode,183,1841981,0.9440019638723339,1851998,183,4387.545988462145,1571,0,0,1571,0,0,0,0.0
2824,1777472863.6360137,decode,183,1851981,0.9491268916749135,1852181,183,4387.545988462145,1573,0,0,1573,1,0,0,0.0
2826,1777472863.6824133,decode,183,1831947,0.9388596113152256,1852164,183,4387.545988462145,1574,0,0,1574,0,0,0,0.0
2827,1777472863.7190604,decode,183,1851947,0.9491094669203848,1852347,183,4387.545988462145,1575,0,0,1575,2,0,0,0.0
2829,1777472863.770693,decode,183,1852313,0.9492970392779592,1852130,183,4387.545988462145,1575,0,0,1575,0,0,0,0.0
2830,1777472863.808675,decode,183,1832085,0.9389303353189012,1852313,183,4387.545988462145,1577,0,0,1577,0,0,0,0.0
2831,1777472863.8457677,decode,183,1852085,0.9491801909240604,1852496,183,4387.545988462145,1579,0,0,1579,2,0,0,0.0
2833,1777472863.8925607,decode,183,1801440,0.923224994067896,1852268,183,4387.545988462145,1579,0,0,1579,0,0,0,0.0
2834,1777472863.9291105,decode,183,1851440,0.948849633080794,1852451,183,4387.545988462145,1580,0,0,1580,5,0,0,0.0
2836,1777472863.9757023,decode,183,1821184,0.9333436515213092,1851623,183,4387.545988462145,1577,0,0,1577,0,0,0,0.0
2837,1777472864.0118613,decode,183,1851184,0.948718434929048,1851806,183,4387.545988462145,1579,0,0,1579,3,0,0,0.0
2839,1777472864.0566459,decode,183,1790317,0.9175245368730868,1851367,183,4387.545988462145,1578,0,0,1578,0,0,0,0.0
2840,1777472864.0940053,decode,183,1850317,0.9482741036885642,1851550,183,4387.545988462145,1579,0,0,1579,6,0,0,0.0
2842,1777472864.1407018,decode,183,1830261,0.9379955484877107,1850500,183,4387.545988462145,1575,0,0,1575,0,0,0,0.0
2843,1777472864.1778972,decode,183,1829863,0.9377915763611681,1850683,183,4387.545988462145,1577,0,0,1577,2,0,0,0.0
2846,1777472864.2293015,decode,183,1850229,0.9482290043239016,1850046,183,4387.545988462145,1575,0,0,1575,0,0,0,0.0
2847,1777472864.2673547,decode,183,1809612,0.9274130850681641,1850229,183,4387.545988462145,1577,0,0,1577,0,0,0,0.0
2848,1777472864.304072,decode,183,1849612,0.9479127962784825,1850412,183,4387.545988462145,1579,0,0,1579,4,0,0,0.0
2850,1777472864.3495252,decode,183,1849978,0.9481003686360568,1849795,183,4387.545988462145,1576,0,0,1576,0,0,0,0.0
2851,1777472864.3869135,decode,183,1850161,0.948194154814844,1849978,183,4469.288102754265,1578,0,0,1578,0,0,0,0.0
2852,1777472864.4245849,decode,183,1819722,0.932594387076572,1850161,183,4469.288102754265,1580,0,0,1580,0,0,0,0.0
2853,1777472864.460997,decode,183,1849722,0.9479691704843108,1850344,183,4469.288102754265,1581,0,0,1581,3,0,0,0.0
2855,1777472864.5056472,decode,183,1829666,0.9376906152834572,1849905,183,4469.288102754265,1580,0,0,1580,0,0,0,0.0
2856,1777472864.5428038,decode,183,1849666,0.9479404708886163,1850088,183,4469.288102754265,1582,0,0,1582,2,0,0,0.0
2858,1777472864.5866714,decode,183,1850032,0.9481280432461908,1849849,183,4469.288102754265,1582,0,0,1582,0,0,0,0.0
2859,1777472864.6244817,decode,183,1829804,0.9377613392871328,1850032,183,4469.288102754265,1584,0,0,1584,0,0,0,0.0
2860,1777472864.6623158,decode,183,1849804,0.9480111948922919,1850215,183,4469.288102754265,1586,0,0,1586,2,0,0,0.0
2862,1777472864.7084517,decode,183,1829770,0.937743914532604,1849987,183,4469.288102754265,1585,0,0,1585,0,0,0,0.0
2863,1777472864.7453399,decode,183,1849770,0.9479937701377632,1850170,183,4469.288102754265,1587,0,0,1587,2,0,0,0.0
2865,1777472864.7920682,decode,183,1809303,0.9272547247990643,1849953,183,4469.288102754265,1587,0,0,1587,0,0,0,0.0
2866,1777472864.8280575,decode,183,1849303,0.9477544360093827,1850136,183,4469.288102754265,1589,0,0,1589,4,0,0,0.0
2868,1777472864.8724022,decode,183,1829247,0.9374758808085291,1849486,183,4469.288102754265,1587,0,0,1587,0,0,0,0.0
2869,1777472864.9100542,decode,183,1849247,0.9477257364136883,1849669,183,4469.288102754265,1588,0,0,1588,2,0,0,0.0
2871,1777472864.9554799,decode,183,1849613,0.9479133087712627,1849430,183,4469.288102754265,1588,0,0,1588,0,0,0,0.0
2872,1777472864.9934773,decode,183,1819174,0.9323135410329907,1849613,183,4469.288102754265,1590,0,0,1590,0,0,0,0.0
2873,1777472865.0304353,decode,183,1849174,0.9476883244407295,1849796,183,4469.288102754265,1592,0,0,1592,3,0,0,0.0
2875,1777472865.076771,decode,183,1808718,0.9269549165226135,1849357,183,4469.288102754265,1591,0,0,1591,0,0,0,0.0
2876,1777472865.1132944,decode,183,1848718,0.9474546277329318,1849540,183,4469.288102754265,1592,0,0,1592,4,0,0,0.0
2878,1777472865.1586425,decode,183,1818484,0.9319599210146127,1848901,183,4469.288102754265,1590,0,0,1590,0,0,0,0.0
2879,1777472865.195447,decode,183,1848484,0.9473347044223515,1849084,183,4469.288102754265,1592,0,0,1592,3,0,0,0.0
2881,1777472865.2396493,decode,183,1808017,0.9265956590836527,1848667,183,4469.288102754265,1591,0,0,1591,0,0,0,0.0
2882,1777472865.2774036,decode,183,1848017,0.947095370293971,1848850,183,4469.288102754265,1593,0,0,1593,4,0,0,0.0
2884,1777472865.3220232,decode,183,1848383,0.9472829426515454,1848200,183,4469.288102754265,1590,0,0,1590,0,0,0,0.0
2885,1777472865.3597383,decode,183,1828144,0.9369106012719046,1848383,183,4469.288102754265,1592,0,0,1592,0,0,0,0.0
2886,1777472865.3967822,decode,183,1848144,0.9471604568770637,1848566,183,4469.288102754265,1594,0,0,1594,2,0,0,0.0
2888,1777472865.441299,decode,183,1848510,0.9473480292346381,1848327,183,4469.288102754265,1594,0,0,1594,0,0,0,0.0
2889,1777472865.4786325,decode,183,1848693,0.9474418154134253,1848510,183,4469.288102754265,1595,0,0,1595,0,0,0,0.0
2890,1777472865.516534,decode,183,1838676,0.9423081752335813,1848693,183,4469.288102754265,1597,0,0,1597,0,0,0,0.0
2891,1777472865.5534515,decode,183,1848676,0.947433103036161,1848876,183,4469.288102754265,1598,0,0,1598,1,0,0,0.0
2893,1777472865.6004074,decode,183,1798009,0.921466631338831,1848859,183,4469.288102754265,1599,0,0,1599,0,0,0,0.0
2894,1777472865.63639,decode,183,1848009,0.9470912703517289,1849042,183,4469.288102754265,1601,0,0,1601,5,0,0,0.0
2896,1777472865.6928039,decode,183,1838164,0.9420457789300893,1848192,183,4469.288102754265,1598,0,0,1598,0,0,0,0.0
2897,1777472865.7308376,decode,183,1817567,0.9314899651351162,1848375,183,4469.288102754265,1600,0,0,1600,1,0,0,0.0
2900,1777472865.7842736,decode,183,1847933,0.9470523209004293,1847750,183,4469.288102754265,1598,0,0,1598,0,0,0,0.0
2901,1777472865.8221097,decode,183,1827694,0.9366799795207885,1847933,183,4469.288102754265,1600,0,0,1600,0,0,0,0.0
2902,1777472865.8590136,decode,183,1847694,0.9469298351259476,1848116,183,4469.288102754265,1602,0,0,1602,2,0,0,0.0
2904,1777472865.9049518,decode,183,1837860,0.9418899811248909,1847877,183,4469.288102754265,1602,0,0,1602,0,0,0,0.0
2905,1777472865.9419222,decode,183,1847860,0.9470149089274705,1848060,183,4469.288102754265,1603,0,0,1603,1,0,0,0.0
2907,1777472865.9884775,decode,183,1838015,0.9419694175058309,1848043,183,4469.288102754265,1604,0,0,1604,0,0,0,0.0
2908,1777472866.025418,decode,183,1848015,0.9470943453084104,1848226,183,4467.489723518811,1606,0,0,1606,1,0,0,0.0
2910,1777472866.0720608,decode,183,1817759,0.9315883637489257,1848198,183,4467.489723518811,1607,0,0,1607,0,0,0,0.0
2911,1777472866.108725,decode,183,1847759,0.9469631471566644,1848381,183,4467.489723518811,1608,0,0,1608,3,0,0,0.0
2913,1777472866.1548016,decode,183,1848125,0.9471507195142388,1847942,183,4467.489723518811,1607,0,0,1607,0,0,0,0.0
2914,1777472866.1932578,decode,183,1715642,0.8792541385073238,1848125,183,4467.489723518811,1609,0,0,1609,0,0,0,0.0
2915,1777472866.2293959,decode,183,1825233,0.9354187347885736,1848308,183,4467.489723518811,1611,0,0,1611,13,0,0,0.0
2918,1777472866.2814734,decode,183,1855416,0.9508873043750996,1845416,183,4467.489723518811,1598,0,0,1598,1,0,0,0.0
2920,1777472866.3288887,decode,184,1855784,0.9510759017182345,1855600,184,4467.489723518811,1599,0,0,1599,0,0,0,0.0
2921,1777472866.3667347,decode,184,1845757,0.945937136610588,1855784,184,4467.489723518811,1601,0,0,1601,0,0,0,0.0
2922,1777472866.404334,decode,184,1835337,0.9405969618403001,1855968,184,4467.489723518811,1602,0,0,1602,1,0,0,0.0
2925,1777472866.4563725,decode,184,1845494,0.9458023510093801,1855521,184,4467.489723518811,1601,0,0,1601,0,0,0,0.0
2926,1777472866.4939947,decode,184,1835096,0.9404734510802579,1855705,184,4467.489723518811,1603,0,0,1603,1,0,0,0.0
2929,1777472866.5461164,decode,184,1845253,0.945678840249338,1855280,184,4467.489723518811,1602,0,0,1602,0,0,0,0.0
2930,1777472866.583335,decode,184,1845043,0.9455712167654838,1855464,184,4467.489723518811,1604,0,0,1604,1,0,0,0.0
2933,1777472866.6324334,decode,184,1855411,0.9508847419111983,1855227,184,4467.489723518811,1604,0,0,1604,0,0,0,0.0
2934,1777472866.6704907,decode,184,1804551,0.9248193591072785,1855411,184,4467.489723518811,1606,0,0,1606,0,0,0,0.0
2935,1777472866.70724,decode,184,1844551,0.9453190703175969,1855595,184,4467.489723518811,1608,0,0,1608,4,0,0,0.0
2937,1777472866.750576,decode,183,1854734,0.9505377842989637,1844734,183,4467.489723518811,1606,0,0,1606,1,0,0,0.0
2939,1777472866.7944024,decode,184,1855102,0.9507263816420987,1854918,184,4467.489723518811,1607,0,0,1607,0,0,0,0.0
2940,1777472866.8317754,decode,184,1855286,0.9508206803136661,1855102,184,4467.489723518811,1608,0,0,1608,0,0,0,0.0
2941,1777472866.8695586,decode,184,1845259,0.9456819152060195,1855286,184,4467.489723518811,1610,0,0,1610,0,0,0,0.0
2942,1777472866.9067547,decode,184,1855259,0.9508068430085991,1855470,184,4467.489723518811,1612,0,0,1612,1,0,0,0.0
2944,1777472866.9507573,decode,184,1825016,0.9353075238552577,1855443,184,4467.489723518811,1613,0,0,1613,0,0,0,0.0
2945,1777472866.987665,decode,184,1855016,0.9506823072629964,1855627,184,4467.489723518811,1614,0,0,1614,3,0,0,0.0
2947,1777472867.031905,decode,184,1845173,0.9456378408269174,1855200,184,4467.489723518811,1613,0,0,1613,0,0,0,0.0
2948,1777472867.0698936,decode,184,1855173,0.9507627686294969,1855384,184,4467.489723518811,1615,0,0,1615,1,0,0,0.0
2950,1777472867.1164565,decode,184,1835119,0.9404852384142038,1855357,184,4467.489723518811,1616,0,0,1616,0,0,0,0.0
2951,1777472867.1535234,decode,184,1855119,0.950735094019363,1855541,184,4467.489723518811,1618,0,0,1618,2,0,0,0.0
2953,1777472867.1996558,decode,184,1845287,0.9456962650038667,1855303,184,4467.489723518811,1618,0,0,1618,0,0,0,0.0
2954,1777472867.2370512,decode,184,1845088,0.9455942789405954,1855487,184,4467.489723518811,1619,0,0,1619,1,0,0,0.0
2957,1777472867.2861245,decode,184,1855456,0.9509078040863099,1855272,184,4467.489723518811,1620,0,0,1620,0,0,0,0.0
2958,1777472867.323641,decode,184,1855640,0.9510021027578774,1855456,184,4467.489723518811,1621,0,0,1621,0,0,0,0.0
2959,1777472867.361517,decode,184,1825224,0.9354141223535514,1855640,184,4467.489723518811,1623,0,0,1623,0,0,0,0.0
2960,1777472867.398825,decode,184,1834815,0.9403294406090055,1855824,184,4467.489723518811,1625,0,0,1625,3,0,0,0.0
2963,1777472867.456791,decode,183,1854998,0.9506730823929518,1844998,183,4467.489723518811,1623,0,0,1623,1,0,0,0.0
2965,1777472867.5017498,decode,184,1855366,0.9508616797360867,1855182,184,4467.489723518811,1624,0,0,1624,0,0,0,0.0
2966,1777472867.5391788,decode,184,1855550,0.9509559784076542,1855366,184,4467.489723518811,1626,0,0,1626,0,0,0,0.0
2967,1777472867.5767055,decode,184,1855734,0.9510502770792216,1855550,184,4467.489723518811,1628,0,0,1628,0,0,0,0.0
2968,1777472867.6151125,decode,184,1855918,0.9511445757507891,1855734,184,4467.489723518811,1630,0,0,1630,0,0,0,0.0
2969,1777472867.6525667,decode,184,1856102,0.9512388744223566,1855918,184,4467.489723518811,1631,0,0,1631,0,0,0,0.0
2970,1777472867.6901107,decode,184,1856286,0.9513331730939241,1856102,184,4416.4436004320105,1633,0,0,1633,0,0,0,0.0
2971,1777472867.727458,decode,184,1856470,0.9514274717654915,1856286,184,4416.4436004320105,1634,0,0,1634,0,0,0,0.0
2972,1777472867.7648926,decode,184,1856654,0.951521770437059,1856470,184,4416.4436004320105,1636,0,0,1636,0,0,0,0.0
2973,1777472867.8024879,decode,184,1826238,0.9359337900327329,1856654,184,4416.4436004320105,1638,0,0,1638,0,0,0,0.0
2974,1777472867.839559,decode,184,1825829,0.9357241804856075,1856838,184,4416.4436004320105,1639,0,0,1639,2,0,0,0.0
2977,1777472867.8902683,decode,183,1856012,0.9511927500721333,1846012,183,4416.4436004320105,1638,0,0,1638,1,0,0,0.0
2979,1777472867.936502,decode,184,1856380,0.9513813474152683,1856196,184,4416.4436004320105,1639,0,0,1639,0,0,0,0.0
2980,1777472867.9739883,decode,184,1856564,0.9514756460868358,1856380,184,4416.4436004320105,1640,0,0,1640,0,0,0,0.0
2981,1777472868.0115976,decode,184,1856748,0.9515699447584032,1856564,184,4416.4436004320105,1642,0,0,1642,0,0,0,0.0
2982,1777472868.048992,decode,184,1856932,0.9516642434299707,1856748,184,4416.4436004320105,1643,0,0,1643,0,0,0,0.0
2983,1777472868.0865145,decode,184,1857116,0.9517585421015381,1856932,184,4416.4436004320105,1645,0,0,1645,0,0,0,0.0
2984,1777472868.1239834,decode,184,1857300,0.9518528407731056,1857116,184,4416.4436004320105,1647,0,0,1647,0,0,0,0.0
2985,1777472868.1610477,decode,184,1857484,0.951947139444673,1857300,184,4416.4436004320105,1648,0,0,1648,0,0,0,0.0
2986,1777472868.1981828,decode,184,1857668,0.9520414381162405,1857484,184,4416.4436004320105,1650,0,0,1650,0,0,0,0.0
2987,1777472868.2367535,decode,184,1796630,0.9207599037948553,1857668,184,4416.4436004320105,1652,0,0,1652,0,0,0,0.0
2988,1777472868.273663,decode,184,1846630,0.9463845428077532,1857852,184,4416.4436004320105,1653,0,0,1653,5,0,0,0.0
2990,1777472868.3219054,decode,183,1856813,0.95160325678912,1846813,183,4416.4436004320105,1650,0,0,1650,1,0,0,0.0
2992,1777472868.3668818,decode,184,1857181,0.9517918541322549,1856997,184,4416.4436004320105,1651,0,0,1651,0,0,0,0.0
2993,1777472868.404444,decode,184,1857365,0.9518861528038224,1857181,184,4416.4436004320105,1653,0,0,1653,0,0,0,0.0
2994,1777472868.4418318,decode,184,1857549,0.9519804514753898,1857365,184,4416.4436004320105,1655,0,0,1655,0,0,0,0.0
2995,1777472868.4793994,decode,184,1857733,0.9520747501469573,1857549,184,4416.4436004320105,1656,0,0,1656,0,0,0,0.0
2996,1777472868.516938,decode,184,1857917,0.9521690488185248,1857733,184,4416.4436004320105,1658,0,0,1658,0,0,0,0.0
2997,1777472868.5544548,decode,184,1858101,0.9522633474900922,1857917,184,4416.4436004320105,1660,0,0,1660,0,0,0,0.0
2998,1777472868.5919943,decode,184,1858285,0.9523576461616597,1858101,184,4416.4436004320105,1662,0,0,1662,0,0,0,0.0
2999,1777472868.6302736,decode,184,1807469,0.9263148130400713,1858285,184,4416.4436004320105,1663,0,0,1663,0,0,0,0.0
3000,1777472868.6675088,decode,184,1837259,0.9415819729639558,1858469,184,4416.4436004320105,1665,0,0,1665,4,0,0,0.0
3003,1777472868.7155259,decode,183,1847625,0.9468944731241099,1847442,183,4416.4436004320105,1662,0,0,1662,0,0,0,0.0
3004,1777472868.7528415,decode,183,1847808,0.9469882593028971,1847625,183,4416.4436004320105,1664,0,0,1664,0,0,0,0.0
3005,1777472868.7902453,decode,183,1847991,0.9470820454816843,1847808,183,4416.4436004320105,1666,0,0,1666,0,0,0,0.0
3006,1777472868.827609,decode,183,1848174,0.9471758316604715,1847991,183,4416.4436004320105,1667,0,0,1667,0,0,0,0.0
3007,1777472868.865089,decode,183,1848357,0.9472696178392587,1848174,183,4416.4436004320105,1669,0,0,1669,0,0,0,0.0
3008,1777472868.9024901,decode,183,1848540,0.9473634040180459,1848357,183,4416.4436004320105,1671,0,0,1671,0,0,0,0.0
3009,1777472868.9399903,decode,183,1848723,0.947457190196833,1848540,183,4416.4436004320105,1673,0,0,1673,0,0,0,0.0
3010,1777472868.9773295,decode,183,1848906,0.9475509763756204,1848723,183,4416.4436004320105,1674,0,0,1674,0,0,0,0.0
3011,1777472869.014779,decode,183,1849089,0.9476447625544075,1848906,183,4416.4436004320105,1676,0,0,1676,0,0,0,0.0
3012,1777472869.0530388,decode,183,1777817,0.9111183771198623,1849089,183,4416.4436004320105,1678,0,0,1678,0,0,0,0.0
3013,1777472869.0896332,decode,183,1847817,0.9469928717379194,1849272,183,4416.4436004320105,1680,0,0,1680,7,0,0,0.0
3015,1777472869.1333008,decode,183,1848183,0.9471804440954938,1848000,183,4416.4436004320105,1674,0,0,1674,0,0,0,0.0
3016,1777472869.1707442,decode,183,1848366,0.947274230274281,1848183,183,4416.4436004320105,1676,0,0,1676,0,0,0,0.0
3017,1777472869.2082837,decode,183,1848549,0.9473680164530682,1848366,183,4416.4436004320105,1678,0,0,1678,0,0,0,0.0
3018,1777472869.2455962,decode,183,1848732,0.9474618026318554,1848549,183,4720.658661187537,1680,0,0,1680,0,0,0,0.0
3019,1777472869.2829475,decode,183,1848915,0.9475555888106426,1848732,183,4720.658661187537,1681,0,0,1681,0,0,0,0.0
3020,1777472869.3203716,decode,183,1849098,0.9476493749894298,1848915,183,4720.658661187537,1683,0,0,1683,0,0,0,0.0
3021,1777472869.3577504,decode,183,1849281,0.947743161168217,1849098,183,4720.658661187537,1685,0,0,1685,0,0,0,0.0
3022,1777472869.3960743,decode,183,1829053,0.9373764572091591,1849281,183,4720.658661187537,1687,0,0,1687,0,0,0,0.0
3023,1777472869.432763,decode,183,1849053,0.9476263128143182,1849464,183,4720.658661187537,1688,0,0,1688,2,0,0,0.0
3025,1777472869.4781241,decode,183,1818797,0.9321203312548334,1849236,183,4720.658661187537,1688,0,0,1688,0,0,0,0.0
3026,1777472869.51486,decode,183,1848797,0.9474951146625722,1849419,183,4720.658661187537,1690,0,0,1690,3,0,0,0.0
3028,1777472869.5595963,decode,183,1838952,0.9424496232409326,1848980,183,4720.658661187537,1689,0,0,1689,0,0,0,0.0
3029,1777472869.5967638,decode,183,1848952,0.9475745510435122,1849163,183,4720.658661187537,1691,0,0,1691,1,0,0,0.0
3031,1777472869.640298,decode,183,1849318,0.9477621234010866,1849135,183,4720.658661187537,1692,0,0,1692,0,0,0,0.0
3032,1777472869.6777873,decode,183,1849501,0.9478559095798738,1849318,183,4720.658661187537,1693,0,0,1693,0,0,0,0.0
3033,1777472869.715471,decode,183,1849684,0.947949695758661,1849501,183,4720.658661187537,1695,0,0,1695,0,0,0,0.0
3034,1777472869.75303,decode,183,1839667,0.942816055578817,1849684,183,4720.658661187537,1697,0,0,1697,0,0,0,0.0
3035,1777472869.789927,decode,183,1849667,0.9479409833813967,1849867,183,4720.658661187537,1699,0,0,1699,1,0,0,0.0
3037,1777472869.8336012,decode,183,1850033,0.948128555738971,1849850,183,4720.658661187537,1700,0,0,1700,0,0,0,0.0
3038,1777472869.8709953,decode,183,1850216,0.9482223419177582,1850033,183,4720.658661187537,1701,0,0,1701,0,0,0,0.0
3039,1777472869.9088507,decode,183,1829988,0.9378556379587003,1850216,183,4720.658661187537,1703,0,0,1703,0,0,0,0.0
3040,1777472869.9459567,decode,183,1849988,0.9481054935638594,1850399,183,4720.658661187537,1705,0,0,1705,2,0,0,0.0
3042,1777472869.989738,decode,183,1850354,0.9482930659214338,1850171,183,4720.658661187537,1705,0,0,1705,0,0,0,0.0
3043,1777472870.0271456,decode,183,1850537,0.948386852100221,1850354,183,4720.658661187537,1706,0,0,1706,0,0,0,0.0
3044,1777472870.0645683,decode,183,1850720,0.9484806382790082,1850537,183,4720.658661187537,1708,0,0,1708,0,0,0,0.0
3045,1777472870.1024296,decode,183,1830492,0.9381139343199503,1850720,183,4720.658661187537,1710,0,0,1710,0,0,0,0.0
3046,1777472870.1393862,decode,183,1850492,0.9483637899251094,1850903,183,4720.658661187537,1712,0,0,1712,2,0,0,0.0
3048,1777472870.1840513,decode,183,1789658,0.9171868041308968,1850675,183,4720.658661187537,1712,0,0,1712,0,0,0,0.0
3049,1777472870.2205324,decode,183,1849658,0.9479363709463743,1850858,183,4720.658661187537,1713,0,0,1713,6,0,0,0.0
3051,1777472870.2648656,decode,183,1839824,0.9428965169453175,1849841,183,4720.658661187537,1709,0,0,1709,0,0,0,0.0
3052,1777472870.3020086,decode,183,1849824,0.9480214447478971,1850024,183,4720.658661187537,1711,0,0,1711,1,0,0,0.0
3054,1777472870.346364,decode,183,1829779,0.9377485269676263,1850007,183,4720.658661187537,1712,0,0,1712,0,0,0,0.0
3055,1777472870.3835678,decode,183,1849779,0.9479983825727855,1850190,183,4720.658661187537,1714,0,0,1714,2,0,0,0.0
3057,1777472870.4332151,decode,183,1850145,0.94818595493036,1849962,183,4720.658661187537,1714,0,0,1714,0,0,0,0.0
3058,1777472870.4707854,decode,183,1840128,0.943052314750516,1850145,183,4720.658661187537,1716,0,0,1716,0,0,0,0.0
3059,1777472870.5078766,decode,183,1850128,0.9481772425530955,1850328,183,4720.658661187537,1718,0,0,1718,1,0,0,0.0
3061,1777472870.5520048,decode,183,1840283,0.943131751131456,1850311,183,4720.658661187537,1718,0,0,1718,0,0,0,0.0
3062,1777472870.5890968,decode,183,1850283,0.9482566789340355,1850494,183,4720.658661187537,1720,0,0,1720,1,0,0,0.0
3064,1777472870.6336832,decode,183,1820049,0.9327619722157164,1850466,183,4720.658661187537,1721,0,0,1721,0,0,0,0.0
3065,1777472870.6706064,decode,183,1850049,0.9481367556234551,1850649,183,4720.658661187537,1723,0,0,1723,3,0,0,0.0
3067,1777472870.7146788,decode,183,1850415,0.9483243279810296,1850232,183,4720.658661187537,1722,0,0,1722,0,0,0,0.0
3068,1777472870.7521152,decode,183,1850598,0.9484181141598168,1850415,183,4720.658661187537,1724,0,0,1724,0,0,0,0.0
3069,1777472870.7899663,decode,183,1830370,0.9380514102007588,1850598,183,4720.658661187537,1725,0,0,1725,0,0,0,0.0
3070,1777472870.8271413,decode,183,1850370,0.948301265805918,1850781,183,4628.380386015605,1727,0,0,1727,2,0,0,0.0
3072,1777472870.8715158,decode,183,1840536,0.9432614118048612,1850553,183,4628.380386015605,1727,0,0,1727,0,0,0,0.0
3073,1777472870.9086576,decode,183,1850536,0.9483863396074408,1850736,183,4628.380386015605,1729,0,0,1729,1,0,0,0.0
3075,1777472870.952769,decode,183,1850902,0.9485739119650152,1850719,183,4628.380386015605,1730,0,0,1730,0,0,0,0.0
3076,1777472870.9906542,decode,183,1830685,0.93821284542654,1850902,183,4628.380386015605,1732,0,0,1732,0,0,0,0.0
3077,1777472871.0277574,decode,183,1850685,0.9484627010316992,1851085,183,4628.380386015605,1733,0,0,1733,2,0,0,0.0
3079,1777472871.0718274,decode,183,1851051,0.9486502733892737,1850868,183,4628.380386015605,1733,0,0,1733,0,0,0,0.0
3080,1777472871.1102016,decode,183,1851234,0.9487440595680608,1851051,183,4628.380386015605,1735,0,0,1735,0,0,0,0.0
3081,1777472871.147039,decode,183,1851417,0.948837845746848,1851234,183,4628.380386015605,1737,0,0,1737,0,0,0,0.0
3082,1777472871.1841881,decode,183,1851600,0.9489316319256352,1851417,183,4628.380386015605,1738,0,0,1738,0,0,0,0.0
3083,1777472871.2219894,decode,183,1831383,0.9385705653871601,1851600,183,4628.380386015605,1740,0,0,1740,0,0,0,0.0
3084,1777472871.2589924,decode,183,1851383,0.9488204209923192,1851783,183,4628.380386015605,1742,0,0,1742,2,0,0,0.0
3086,1777472871.303066,decode,183,1841538,0.9437749295706797,1851566,183,4628.380386015605,1741,0,0,1741,0,0,0,0.0
3087,1777472871.3401816,decode,183,1851538,0.9488998573732592,1851749,183,4628.380386015605,1743,0,0,1743,1,0,0,0.0
3089,1777472871.384356,decode,183,1851904,0.9490874297308337,1851721,183,4628.380386015605,1744,0,0,1744,0,0,0,0.0
3090,1777472871.4221103,decode,183,1831676,0.9387207257717757,1851904,183,4628.380386015605,1746,0,0,1746,0,0,0,0.0
3091,1777472871.459185,decode,183,1851676,0.9489705813769349,1852087,183,4628.380386015605,1748,0,0,1748,2,0,0,0.0
3093,1777472871.509148,decode,183,1841831,0.9439250899552952,1851859,183,4628.380386015605,1748,0,0,1748,0,0,0,0.0
3094,1777472871.5461788,decode,183,1851831,0.9490500177578748,1852042,183,4628.380386015605,1750,0,0,1750,1,0,0,0.0
3096,1777472871.5904474,decode,183,1831797,0.9387827373981869,1852014,183,4628.380386015605,1751,0,0,1751,0,0,0,0.0
3097,1777472871.6275074,decode,183,1851797,0.9490325930033461,1852197,183,4628.380386015605,1752,0,0,1752,2,0,0,0.0
3099,1777472871.6720226,decode,183,1831752,0.9387596752230752,1851980,183,4628.380386015605,1752,0,0,1752,0,0,0,0.0
3100,1777472871.7091732,decode,183,1851752,0.9490095308282345,1852163,183,4628.380386015605,1754,0,0,1754,2,0,0,0.0
3102,1777472871.753691,decode,183,1831696,0.9387309756273808,1851935,183,4628.380386015605,1754,0,0,1754,0,0,0,0.0
3103,1777472871.791035,decode,183,1851696,0.94898083123254,1852118,183,4628.380386015605,1756,0,0,1756,2,0,0,0.0
3105,1777472871.8359137,decode,183,1852062,0.9491684035901145,1851879,183,4628.380386015605,1756,0,0,1756,0,0,0,0.0
3106,1777472871.8737593,decode,183,1821634,0.9335742732724253,1852062,183,4628.380386015605,1758,0,0,1758,0,0,0,0.0
3107,1777472871.9106808,decode,183,1851634,0.948949056680164,1852245,183,4628.380386015605,1759,0,0,1759,3,0,0,0.0
3109,1777472871.9553993,decode,183,1811200,0.9282269236032138,1851817,183,4628.380386015605,1758,0,0,1758,0,0,0,0.0
3110,1777472871.9923177,decode,183,1851200,0.948726634813532,1852000,183,4628.380386015605,1760,0,0,1760,4,0,0,0.0
3112,1777472872.0368476,decode,183,1820966,0.9332319280952129,1851383,183,4628.380386015605,1758,0,0,1758,0,0,0,0.0
3113,1777472872.0739117,decode,183,1850966,0.9486067115029517,1851566,183,4628.380386015605,1760,0,0,1760,3,0,0,0.0
3115,1777472872.1185117,decode,183,1820732,0.9331120047846326,1851149,183,4628.380386015605,1759,0,0,1759,0,0,0,0.0
3116,1777472872.1553507,decode,183,1850732,0.9484867881923713,1851332,183,4628.380386015605,1761,0,0,1761,3,0,0,0.0
3118,1777472872.1999326,decode,183,1800076,0.9225259539156242,1850915,183,4628.380386015605,1760,0,0,1760,0,0,0,0.0
3119,1777472872.2365263,decode,183,1850076,0.9481505929285221,1851098,183,4628.380386015605,1761,0,0,1761,5,0,0,0.0
3121,1777472872.280468,decode,183,1850442,0.9483381652860965,1850259,183,4628.380386015605,1758,0,0,1758,0,0,0,0.0
3122,1777472872.318348,decode,183,1840425,0.9432045251062525,1850442,183,4628.380386015605,1760,0,0,1760,0,0,0,0.0
3123,1777472872.3562384,decode,183,1850425,0.9483294529088322,1850625,183,4628.380386015605,1762,0,0,1762,1,0,0,0.0
3125,1777472872.402642,decode,183,1840580,0.9432839614871925,1850608,183,4628.380386015605,1763,0,0,1763,0,0,0,0.0
3126,1777472872.4395847,decode,183,1850580,0.9484088892897722,1850791,183,4539.736554618634,1764,0,0,1764,1,0,0,0.0
3128,1777472872.4864926,decode,183,1840746,0.9433690352887154,1850763,183,4539.736554618634,1765,0,0,1765,0,0,0,0.0
3129,1777472872.5233626,decode,183,1850746,0.948493963091295,1850946,183,4539.736554618634,1767,0,0,1767,1,0,0,0.0
3131,1777472872.569843,decode,183,1800079,0.922527491393965,1850929,183,4539.736554618634,1768,0,0,1768,0,0,0,0.0
3132,1777472872.6064281,decode,183,1850079,0.9481521304068629,1851112,183,4539.736554618634,1770,0,0,1770,5,0,0,0.0
3134,1777472872.6512806,decode,183,1840234,0.9431066389852233,1850262,183,4539.736554618634,1767,0,0,1767,0,0,0,0.0
3135,1777472872.6886883,decode,183,1829836,0.9377777390561011,1850445,183,4539.736554618634,1769,0,0,1769,1,0,0,0.0
3138,1777472872.7394931,decode,183,1850202,0.9482151670188346,1850019,183,4539.736554618634,1768,0,0,1768,0,0,0,0.0
3139,1777472872.77736,decode,183,1819752,0.9326097618599798,1850202,183,4539.736554618634,1770,0,0,1770,0,0,0,0.0
3140,1777472872.8143382,decode,183,1849752,0.9479845452677186,1850385,183,4539.736554618634,1771,0,0,1771,3,0,0,0.0
3142,1777472872.858933,decode,183,1819518,0.9324898385493995,1849935,183,4539.736554618634,1770,0,0,1770,0,0,0,0.0
3143,1777472872.895829,decode,183,1849518,0.9478646219571382,1850118,183,4539.736554618634,1772,0,0,1772,3,0,0,0.0
3145,1777472872.9405472,decode,183,1809062,0.9271312140390222,1849701,183,4539.736554618634,1771,0,0,1771,0,0,0,0.0
3146,1777472872.9773426,decode,183,1849062,0.9476309252493406,1849884,183,4539.736554618634,1773,0,0,1773,4,0,0,0.0
3148,1777472873.0306795,decode,183,1849428,0.947818497606915,1849245,183,4539.736554618634,1771,0,0,1771,0,0,0,0.0
3149,1777472873.0682402,decode,183,1829211,0.9374574310684398,1849428,183,4539.736554618634,1773,0,0,1773,0,0,0,0.0
3150,1777472873.1051114,decode,183,1849211,0.9477072866735989,1849611,183,4539.736554618634,1775,0,0,1775,2,0,0,0.0
3152,1777472873.1493351,decode,183,1829177,0.937440006313911,1849394,183,4539.736554618634,1775,0,0,1775,0,0,0,0.0
3153,1777472873.1863003,decode,183,1849177,0.9476898619190702,1849577,183,4539.736554618634,1776,0,0,1776,2,0,0,0.0
3155,1777472873.2308245,decode,183,1808721,0.9269564540009543,1849360,183,4539.736554618634,1776,0,0,1776,0,0,0,0.0
3156,1777472873.2677386,decode,183,1848721,0.9474561652112726,1849543,183,4539.736554618634,1778,0,0,1778,4,0,0,0.0
3158,1777472873.3125157,decode,183,1808276,0.9267283947137395,1848904,183,4539.736554618634,1776,0,0,1776,0,0,0,0.0
3159,1777472873.349433,decode,183,1848276,0.9472281059240578,1849087,183,4539.736554618634,1778,0,0,1778,4,0,0,0.0
3161,1777472873.3933742,decode,183,1848642,0.9474156782816322,1848459,183,4539.736554618634,1776,0,0,1776,0,0,0,0.0
3162,1777472873.430847,decode,183,1848825,0.9475094644604194,1848642,183,4539.736554618634,1778,0,0,1778,0,0,0,0.0
3163,1777472873.4682164,decode,183,1849008,0.9476032506392066,1848825,183,4539.736554618634,1779,0,0,1779,0,0,0,0.0
3164,1777472873.5065587,decode,183,1838980,0.9424639730387798,1849008,183,4539.736554618634,1781,0,0,1781,0,0,0,0.0
3165,1777472873.5431998,decode,183,1848980,0.9475889008413594,1849191,183,4539.736554618634,1783,0,0,1783,1,0,0,0.0
3167,1777472873.587795,decode,183,1818724,0.9320829192818746,1849163,183,4539.736554618634,1784,0,0,1784,0,0,0,0.0
3168,1777472873.624663,decode,183,1848724,0.9474577026896134,1849346,183,4539.736554618634,1786,0,0,1786,3,0,0,0.0
3170,1777472873.6689255,decode,183,1818479,0.9319573585507114,1848907,183,4539.736554618634,1784,0,0,1784,0,0,0,0.0
3171,1777472873.7058623,decode,183,1848479,0.9473321419584502,1849090,183,4539.736554618634,1786,0,0,1786,3,0,0,0.0
3173,1777472873.7504978,decode,183,1808034,0.926604371460917,1848662,183,4539.736554618634,1785,0,0,1785,0,0,0,0.0
3174,1777472873.7874298,decode,183,1848034,0.9471040826712354,1848845,183,4539.736554618634,1787,0,0,1787,4,0,0,0.0
3176,1777472873.8315735,decode,183,1848400,0.9472916550288097,1848217,183,4539.736554618634,1785,0,0,1785,0,0,0,0.0
3177,1777472873.869514,decode,183,1817961,0.9316918872905378,1848400,183,4539.736554618634,1787,0,0,1787,0,0,0,0.0
3178,1777472873.9067166,decode,183,1847961,0.9470666706982765,1848583,183,4539.736554618634,1789,0,0,1789,3,0,0,0.0
3180,1777472873.9510777,decode,183,1848327,0.9472542430558509,1848144,183,4539.736554618634,1787,0,0,1787,0,0,0,0.0
3181,1777472873.989301,decode,183,1848510,0.9473480292346381,1848327,183,4539.736554618634,1789,0,0,1789,0,0,0,0.0
3182,1777472874.0261517,decode,183,1848693,0.9474418154134253,1848510,183,4539.736554618634,1790,0,0,1790,0,0,0,0.0
3183,1777472874.063386,decode,183,1848876,0.9475356015922126,1848693,183,4507.908963309649,1792,0,0,1792,0,0,0,0.0
3184,1777472874.1014435,decode,183,1798026,0.9214753437160954,1848876,183,4507.908963309649,1794,0,0,1794,0,0,0,0.0
3185,1777472874.1382005,decode,183,1848026,0.9470999827289933,1849059,183,4507.908963309649,1796,0,0,1796,5,0,0,0.0
3187,1777472874.1823225,decode,183,1838181,0.9420544913073537,1848209,183,4507.908963309649,1792,0,0,1792,0,0,0,0.0
3188,1777472874.2206724,decode,183,1766589,0.905364108183126,1848392,183,4507.908963309649,1794,0,0,1794,1,0,0,0.0
3191,1777472874.2818003,decode,183,1846573,0.9463553307192785,1846772,183,4507.908963309649,1788,0,0,1788,1,0,0,0.0
3193,1777472874.3272164,decode,183,1846546,0.9463414934142115,1846756,183,4507.908963309649,1789,0,0,1789,1,0,0,0.0
3195,1777472874.3713934,decode,183,1856729,0.9515602073955783,1846729,183,4507.908963309649,1790,0,0,1790,1,0,0,0.0
3197,1777472874.4158356,decode,184,1826486,0.9360608882422369,1856913,184,4507.908963309649,1791,0,0,1791,0,0,0,0.0
3198,1777472874.4528816,decode,184,1846486,0.946310743847396,1857097,184,4507.908963309649,1793,0,0,1793,2,0,0,0.0
3200,1777472874.4972847,decode,183,1836260,0.9410699926764782,1846669,183,4507.908963309649,1793,0,0,1793,1,0,0,0.0
3203,1777472874.5456395,decode,183,1856443,0.9514136344604245,1846443,183,4507.908963309649,1793,0,0,1793,1,0,0,0.0
3205,1777472874.5899346,decode,184,1846600,0.9463691680243455,1856627,184,4507.908963309649,1794,0,0,1794,0,0,0,0.0
3206,1777472874.6272552,decode,184,1846783,0.9464629542031326,1856811,183,4507.908963309649,1796,0,0,1796,0,0,0,0.0
3207,1777472874.6646087,decode,183,1856783,0.9515878820057122,1846783,183,4507.908963309649,1798,0,0,1798,1,0,0,0.0
3209,1777472874.70931,decode,184,1755074,0.8994627538184555,1856967,184,4507.908963309649,1799,0,0,1799,0,0,0,0.0
3210,1777472874.7464561,decode,184,1845074,0.9455871040416718,1857151,184,4507.908963309649,1800,0,0,1800,9,0,0,0.0
3212,1777472874.79179,decode,183,1855257,0.9508058180230387,1845257,183,4507.908963309649,1793,0,0,1793,1,0,0,0.0
3214,1777472874.8372457,decode,184,1855625,0.9509944153661736,1855441,184,4507.908963309649,1794,0,0,1794,0,0,0,0.0
3215,1777472874.874955,decode,184,1845598,0.945855650258527,1855625,184,4507.908963309649,1796,0,0,1796,0,0,0,0.0
3216,1777472874.9124548,decode,184,1845399,0.9457536641952556,1855809,184,4507.908963309649,1798,0,0,1798,1,0,0,0.0
3219,1777472874.9607785,decode,184,1835345,0.9406010617825421,1855583,184,4507.908963309649,1798,0,0,1798,0,0,0,0.0
3220,1777472874.9981678,decode,184,1845146,0.9456240035218504,1855767,184,4507.908963309649,1800,0,0,1800,2,0,0,0.0
3223,1777472875.0465379,decode,184,1835092,0.9404714011091369,1855330,184,4507.908963309649,1799,0,0,1799,0,0,0,0.0
3224,1777472875.083699,decode,184,1855092,0.9507212567142961,1855514,184,4507.908963309649,1801,0,0,1801,2,0,0,0.0
3226,1777472875.1277978,decode,184,1855460,0.950909854057431,1855276,184,4507.908963309649,1801,0,0,1801,0,0,0,0.0
3227,1777472875.165549,decode,184,1835233,0.9405436625911533,1855460,184,4507.908963309649,1803,0,0,1803,0,0,0,0.0
3228,1777472875.202921,decode,184,1845023,0.9455609669098787,1855644,184,4507.908963309649,1804,0,0,1804,2,0,0,0.0
3231,1777472875.2514136,decode,184,1845191,0.945647065696962,1855207,184,4507.908963309649,1803,0,0,1803,0,0,0,0.0
3232,1777472875.2886539,decode,184,1855191,0.9507719934995416,1855391,184,4507.908963309649,1805,0,0,1805,1,0,0,0.0
3234,1777472875.3327591,decode,184,1855559,0.9509605908426765,1855375,184,4507.908963309649,1806,0,0,1806,0,0,0,0.0
3235,1777472875.3702462,decode,184,1855743,0.951054889514244,1855559,184,4507.908963309649,1808,0,0,1808,0,0,0,0.0
3236,1777472875.4081974,decode,184,1825327,0.9354669091099179,1855743,184,4507.908963309649,1810,0,0,1810,0,0,0,0.0
3237,1777472875.445613,decode,184,1834907,0.9403765899447891,1855927,184,4507.908963309649,1811,0,0,1811,3,0,0,0.0
3240,1777472875.4936388,decode,183,1855090,0.9507202317287355,1845090,183,4507.908963309649,1810,0,0,1810,1,0,0,0.0
3242,1777472875.5379963,decode,184,1845247,0.9456757652926564,1855274,184,4507.908963309649,1811,0,0,1811,0,0,0,0.0
3243,1777472875.575249,decode,184,1855247,0.9508006930952361,1855458,184,4507.908963309649,1812,0,0,1812,1,0,0,0.0
3245,1777472875.6195984,decode,184,1845404,0.9457562266591569,1855431,184,4507.908963309649,1813,0,0,1813,0,0,0,0.0
3246,1777472875.6568575,decode,184,1855404,0.9508811544617365,1855615,184,4507.908963309649,1815,0,0,1815,1,0,0,0.0
3248,1777472875.7013657,decode,184,1845561,0.9458366880256575,1855588,184,4507.908963309649,1816,0,0,1816,0,0,0,0.0
3249,1777472875.738603,decode,184,1855561,0.950961615828237,1855772,184,4386.290743188488,1818,0,0,1818,1,0,0,0.0
3251,1777472875.782923,decode,184,1855929,0.9511502131713719,1855745,184,4386.290743188488,1819,0,0,1819,0,0,0,0.0
3252,1777472875.8204198,decode,184,1856113,0.9512445118429395,1855929,184,4386.290743188488,1821,0,0,1821,0,0,0,0.0
3253,1777472875.8584027,decode,184,1825686,0.9356508940180305,1856113,184,4386.290743188488,1822,0,0,1822,0,0,0,0.0
3254,1777472875.8958015,decode,184,1825277,0.935441284470905,1856297,184,4386.290743188488,1824,0,0,1824,2,0,0,0.0
3257,1777472875.9457147,decode,183,1855460,0.950909854057431,1845460,183,4386.290743188488,1822,0,0,1822,1,0,0,0.0
3259,1777472875.9901218,decode,184,1855828,0.9510984514005659,1855644,184,4386.290743188488,1823,0,0,1823,0,0,0,0.0
3260,1777472876.0278063,decode,184,1856012,0.9511927500721333,1855828,184,4386.290743188488,1824,0,0,1824,0,0,0,0.0
3261,1777472876.0652072,decode,184,1856196,0.9512870487437008,1856012,184,4386.290743188488,1825,0,0,1825,0,0,0,0.0
3262,1777472876.10327,decode,184,1856380,0.9513813474152683,1856196,184,4386.290743188488,1827,0,0,1827,0,0,0,0.0
3263,1777472876.1403456,decode,184,1856564,0.9514756460868358,1856380,184,4386.290743188488,1829,0,0,1829,0,0,0,0.0
3264,1777472876.1776865,decode,184,1856748,0.9515699447584032,1856564,184,4386.290743188488,1830,0,0,1830,0,0,0,0.0
3265,1777472876.2151396,decode,184,1856932,0.9516642434299707,1856748,184,4386.290743188488,1832,0,0,1832,0,0,0,0.0
3266,1777472876.252712,decode,184,1857116,0.9517585421015381,1856932,184,4386.290743188488,1834,0,0,1834,0,0,0,0.0
3267,1777472876.2909641,decode,184,1806278,0.9257044341387841,1857116,184,4386.290743188488,1836,0,0,1836,0,0,0,0.0
3268,1777472876.3279464,decode,184,1836079,0.9409772314832515,1857300,184,4386.290743188488,1837,0,0,1837,4,0,0,0.0
3271,1777472876.3761902,decode,183,1856262,0.9513208732671978,1846262,183,4386.290743188488,1835,0,0,1835,1,0,0,0.0
3273,1777472876.420769,decode,184,1856630,0.9515094706103328,1856446,184,4386.290743188488,1836,0,0,1836,0,0,0,0.0
3274,1777472876.458261,decode,184,1856814,0.9516037692819003,1856630,184,4386.290743188488,1837,0,0,1837,0,0,0,0.0
3275,1777472876.495745,decode,184,1856998,0.9516980679534677,1856814,184,4386.290743188488,1839,0,0,1839,0,0,0,0.0
3276,1777472876.533248,decode,184,1857182,0.9517923666250352,1856998,184,4386.290743188488,1841,0,0,1841,0,0,0,0.0
3277,1777472876.5707617,decode,184,1857366,0.9518866652966026,1857182,184,4386.290743188488,1842,0,0,1842,0,0,0,0.0
3278,1777472876.608243,decode,184,1857550,0.9519809639681701,1857366,184,4386.290743188488,1844,0,0,1844,0,0,0,0.0
3279,1777472876.6458514,decode,184,1857734,0.9520752626397375,1857550,184,4386.290743188488,1846,0,0,1846,0,0,0,0.0
3280,1777472876.6836941,decode,184,1837518,0.9417147085940427,1857734,184,4386.290743188488,1848,0,0,1848,0,0,0,0.0
3281,1777472876.7212746,decode,184,1827098,0.9363745338237548,1857918,184,4386.290743188488,1849,0,0,1849,1,0,0,0.0
3284,1777472876.7711196,decode,183,1847464,0.9468119617864883,1847281,183,4386.290743188488,1849,0,0,1849,0,0,0,0.0
3285,1777472876.8085017,decode,183,1847647,0.9469057479652755,1847464,183,4386.290743188488,1850,0,0,1850,0,0,0,0.0
3286,1777472876.8459427,decode,183,1847830,0.9469995341440628,1847647,183,4386.290743188488,1852,0,0,1852,0,0,0,0.0
3287,1777472876.8835018,decode,183,1848013,0.94709332032285,1847830,183,4386.290743188488,1854,0,0,1854,0,0,0,0.0
3288,1777472876.9209545,decode,183,1848196,0.9471871065016372,1848013,183,4386.290743188488,1855,0,0,1855,0,0,0,0.0
3289,1777472876.958268,decode,183,1848379,0.9472808926804244,1848196,183,4386.290743188488,1857,0,0,1857,0,0,0,0.0
3290,1777472876.9955614,decode,183,1848562,0.9473746788592116,1848379,183,4386.290743188488,1858,0,0,1858,0,0,0,0.0
3291,1777472877.0697434,decode,183,1848745,0.9474684650379988,1848562,183,4386.290743188488,1860,0,0,1860,0,0,0,0.0
3292,1777472877.1058202,decode,183,1848928,0.947562251216786,1848745,183,4386.290743188488,1863,0,0,1863,0,0,0,0.0
3293,1777472877.1441095,decode,183,1767478,0.9058197142647753,1848928,183,4386.290743188488,1865,0,0,1865,0,0,0,0.0
3294,1777472877.1805325,decode,183,1847478,0.946819136685412,1849111,183,4386.290743188488,1867,0,0,1867,8,0,0,0.0
3296,1777472877.2246177,decode,183,1847844,0.9470067090429863,1847661,183,4386.290743188488,1860,0,0,1860,0,0,0,0.0
3297,1777472877.2619624,decode,183,1848027,0.9471004952217735,1847844,183,4386.290743188488,1862,0,0,1862,0,0,0,0.0
3298,1777472877.29942,decode,183,1848210,0.9471942814005607,1848027,183,4386.290743188488,1864,0,0,1864,0,0,0,0.0
3299,1777472877.3367603,decode,183,1848393,0.947288067579348,1848210,183,4594.678461101317,1866,0,0,1866,0,0,0,0.0
3300,1777472877.374186,decode,183,1848576,0.9473818537581352,1848393,183,4594.678461101317,1867,0,0,1867,0,0,0,0.0
3301,1777472877.4116209,decode,183,1848759,0.9474756399369224,1848576,183,4594.678461101317,1869,0,0,1869,0,0,0,0.0
3302,1777472877.4489856,decode,183,1848942,0.9475694261157096,1848759,183,4594.678461101317,1871,0,0,1871,0,0,0,0.0
3303,1777472877.4867656,decode,183,1828725,0.9372083595772345,1848942,183,4594.678461101317,1872,0,0,1872,0,0,0,0.0
3304,1777472877.5238032,decode,183,1848725,0.9474582151823936,1849125,183,4594.678461101317,1874,0,0,1874,2,0,0,0.0
3306,1777472877.5686269,decode,183,1808269,0.9267248072642776,1848908,183,4594.678461101317,1874,0,0,1874,0,0,0,0.0
3307,1777472877.605526,decode,183,1848269,0.947224518474596,1849091,183,4594.678461101317,1876,0,0,1876,4,0,0,0.0
3309,1777472877.6498308,decode,183,1838435,0.9421846644735392,1848452,183,4594.678461101317,1874,0,0,1874,0,0,0,0.0
3310,1777472877.686944,decode,183,1848435,0.9473095922761188,1848635,183,4594.678461101317,1875,0,0,1875,1,0,0,0.0
3312,1777472877.7310658,decode,183,1848801,0.9474971646336933,1848618,183,4594.678461101317,1876,0,0,1876,0,0,0,0.0
3313,1777472877.7684417,decode,183,1848984,0.9475909508124805,1848801,183,4594.678461101317,1878,0,0,1878,0,0,0,0.0
3314,1777472877.8059206,decode,183,1849167,0.9476847369912677,1848984,183,4594.678461101317,1880,0,0,1880,0,0,0,0.0
3315,1777472877.843587,decode,183,1839150,0.9425510968114237,1849167,183,4594.678461101317,1882,0,0,1882,0,0,0,0.0
3316,1777472877.8806963,decode,183,1849150,0.9476760246140032,1849350,183,4594.678461101317,1883,0,0,1883,1,0,0,0.0
3318,1777472877.9250894,decode,183,1849516,0.9478635969715776,1849333,183,4594.678461101317,1884,0,0,1884,0,0,0,0.0
3319,1777472877.962498,decode,183,1849699,0.9479573831503648,1849516,183,4594.678461101317,1886,0,0,1886,0,0,0,0.0
3320,1777472878.0001357,decode,183,1839671,0.9428181055499381,1849699,183,4594.678461101317,1888,0,0,1888,0,0,0,0.0
3321,1777472878.0375042,decode,183,1849671,0.9479430333525176,1849882,183,4594.678461101317,1890,0,0,1890,1,0,0,0.0
3323,1777472878.0869162,decode,183,1850037,0.9481306057100921,1849854,183,4594.678461101317,1891,0,0,1891,0,0,0,0.0
3324,1777472878.124224,decode,183,1850220,0.9482243918888793,1850037,183,4594.678461101317,1892,0,0,1892,0,0,0,0.0
3325,1777472878.1616588,decode,183,1850403,0.9483181780676665,1850220,183,4594.678461101317,1894,0,0,1894,0,0,0,0.0
3326,1777472878.199391,decode,183,1830186,0.9379571115291914,1850403,183,4594.678461101317,1896,0,0,1896,0,0,0,0.0
3327,1777472878.236425,decode,183,1850186,0.9482069671343505,1850586,183,4594.678461101317,1898,0,0,1898,2,0,0,0.0
3329,1777472878.2810197,decode,183,1819952,0.9327122604160314,1850369,183,4594.678461101317,1898,0,0,1898,0,0,0,0.0
3330,1777472878.3178687,decode,183,1849952,0.9480870438237702,1850552,183,4594.678461101317,1899,0,0,1899,3,0,0,0.0
3332,1777472878.362535,decode,183,1840118,0.9430471898227134,1850135,183,4594.678461101317,1898,0,0,1898,0,0,0,0.0
3333,1777472878.3996353,decode,183,1850118,0.948172117625293,1850318,183,4594.678461101317,1900,0,0,1900,1,0,0,0.0
3335,1777472878.4444714,decode,183,1819862,0.9326661360658082,1850301,183,4594.678461101317,1901,0,0,1901,0,0,0,0.0
3336,1777472878.4817781,decode,183,1849862,0.948040919473547,1850484,183,4594.678461101317,1903,0,0,1903,3,0,0,0.0
3338,1777472878.5267239,decode,183,1850228,0.9482284918311213,1850045,183,4594.678461101317,1902,0,0,1902,0,0,0,0.0
3339,1777472878.5643308,decode,183,1840211,0.9430948516512774,1850228,183,4594.678461101317,1904,0,0,1904,0,0,0,0.0
3340,1777472878.6014447,decode,183,1850211,0.9482197794538569,1850411,183,4594.678461101317,1905,0,0,1905,1,0,0,0.0
3342,1777472878.6459868,decode,183,1850577,0.9484073518114313,1850394,183,4594.678461101317,1906,0,0,1906,0,0,0,0.0
3343,1777472878.683346,decode,183,1850760,0.9485011379902185,1850577,183,4594.678461101317,1908,0,0,1908,0,0,0,0.0
3344,1777472878.7214599,decode,183,1810110,0.9276683064727326,1850760,183,4594.678461101317,1910,0,0,1910,0,0,0,0.0
3345,1777472878.758204,decode,183,1850110,0.9481680176830509,1850943,183,4594.678461101317,1912,0,0,1912,4,0,0,0.0
3347,1777472878.8021467,decode,183,1850476,0.9483555900406253,1850293,183,4594.678461101317,1910,0,0,1910,0,0,0,0.0
3348,1777472878.8396854,decode,183,1850659,0.9484493762194125,1850476,183,4594.678461101317,1911,0,0,1911,0,0,0,0.0
3349,1777472878.8774836,decode,183,1830431,0.9380826722603546,1850659,183,4594.678461101317,1913,0,0,1913,0,0,0,0.0
3350,1777472878.9145498,decode,183,1850431,0.9483325278655137,1850842,183,4639.400030274959,1915,0,0,1915,2,0,0,0.0
3352,1777472878.9589596,decode,183,1850797,0.9485201002230881,1850614,183,4639.400030274959,1915,0,0,1915,0,0,0,0.0
3353,1777472878.996364,decode,183,1850980,0.9486138864018753,1850797,183,4639.400030274959,1917,0,0,1917,0,0,0,0.0
3354,1777472879.0338032,decode,183,1851163,0.9487076725806625,1850980,183,4639.400030274959,1918,0,0,1918,0,0,0,0.0
3355,1777472879.0717428,decode,183,1830935,0.9383409686216045,1851163,183,4639.400030274959,1920,0,0,1920,0,0,0,0.0
3356,1777472879.108823,decode,183,1850935,0.9485908242267637,1851346,183,4639.400030274959,1922,0,0,1922,2,0,0,0.0
3358,1777472879.1597714,decode,183,1830879,0.9383122690259101,1851118,183,4639.400030274959,1922,0,0,1922,0,0,0,0.0
3359,1777472879.196787,decode,183,1850879,0.9485621246310693,1851301,183,4639.400030274959,1924,0,0,1924,2,0,0,0.0
3361,1777472879.2411957,decode,183,1851245,0.9487496969886436,1851062,183,4639.400030274959,1924,0,0,1924,0,0,0,0.0
3362,1777472879.278633,decode,183,1851428,0.9488434831674308,1851245,183,4639.400030274959,1925,0,0,1925,0,0,0,0.0
3363,1777472879.3165448,decode,183,1821000,0.9332493528497418,1851428,183,4639.400030274959,1927,0,0,1927,0,0,0,0.0
3364,1777472879.353523,decode,183,1851000,0.9486241362574804,1851611,183,4639.400030274959,1929,0,0,1929,3,0,0,0.0
3366,1777472879.3984568,decode,183,1830955,0.9383512184772097,1851183,183,4639.400030274959,1928,0,0,1928,0,0,0,0.0
3367,1777472879.4354684,decode,183,1850955,0.9486010740823688,1851366,183,4639.400030274959,1930,0,0,1930,2,0,0,0.0
3369,1777472879.4793763,decode,183,1851321,0.9487886464399433,1851138,183,4639.400030274959,1930,0,0,1930,0,0,0,0.0
3370,1777472879.5173225,decode,183,1820893,0.9331945161222541,1851321,183,4639.400030274959,1931,0,0,1931,0,0,0,0.0
3371,1777472879.5543573,decode,183,1850893,0.9485692995299929,1851504,183,4639.400030274959,1933,0,0,1933,3,0,0,0.0
3373,1777472879.5991693,decode,183,1841059,0.9435294455289361,1851076,183,4639.400030274959,1932,0,0,1932,0,0,0,0.0
3374,1777472879.6363387,decode,183,1851059,0.9486543733315157,1851259,183,4639.400030274959,1934,0,0,1934,1,0,0,0.0
3376,1777472879.6809602,decode,183,1841225,0.9436145193304589,1851242,183,4639.400030274959,1935,0,0,1935,0,0,0,0.0
3377,1777472879.7181597,decode,183,1851225,0.9487394471330385,1851425,183,4639.400030274959,1937,0,0,1937,1,0,0,0.0
3379,1777472879.762452,decode,183,1841391,0.9436995931319817,1851408,183,4639.400030274959,1938,0,0,1938,0,0,0,0.0
3380,1777472879.8002555,decode,183,1851391,0.9488245209345614,1851591,183,4639.400030274959,1939,0,0,1939,1,0,0,0.0
3382,1777472879.8462162,decode,183,1831357,0.9385572405748734,1851574,183,4639.400030274959,1940,0,0,1940,0,0,0,0.0
3383,1777472879.8831081,decode,183,1851357,0.9488070961800326,1851757,183,4639.400030274959,1942,0,0,1942,2,0,0,0.0
3385,1777472879.9271944,decode,183,1851723,0.948994668537607,1851540,183,4639.400030274959,1942,0,0,1942,0,0,0,0.0
3386,1777472879.9648998,decode,183,1841706,0.943861028357763,1851723,183,4639.400030274959,1943,0,0,1943,0,0,0,0.0
3387,1777472880.0020657,decode,183,1851706,0.9489859561603425,1851906,183,4639.400030274959,1945,0,0,1945,1,0,0,0.0
3389,1777472880.0469425,decode,183,1841872,0.9439461021592859,1851889,183,4639.400030274959,1946,0,0,1946,0,0,0,0.0
3390,1777472880.0840542,decode,183,1851872,0.9490710299618654,1852072,183,4639.400030274959,1948,0,0,1948,1,0,0,0.0
3392,1777472880.1292226,decode,183,1821627,0.9335706858229634,1852055,183,4639.400030274959,1949,0,0,1949,0,0,0,0.0
3393,1777472880.1667688,decode,183,1851627,0.9489454692307022,1852238,183,4639.400030274959,1951,0,0,1951,3,0,0,0.0
3395,1777472880.2119823,decode,183,1821382,0.9334451250918002,1851810,183,4639.400030274959,1950,0,0,1950,0,0,0,0.0
3396,1777472880.2491665,decode,183,1851382,0.948819908499539,1851993,183,4639.400030274959,1951,0,0,1951,3,0,0,0.0
3398,1777472880.3005338,decode,183,1851748,0.9490074808571134,1851565,183,4639.400030274959,1951,0,0,1951,0,0,0,0.0
3399,1777472880.3373628,decode,183,1851931,0.9491012670359006,1851748,183,4639.400030274959,1952,0,0,1952,0,0,0,0.0
3400,1777472880.3748033,decode,183,1852114,0.9491950532146879,1851931,183,4639.400030274959,1954,0,0,1954,0,0,0,0.0
3401,1777472880.4126234,decode,183,1831875,0.9388227118350471,1852114,183,4639.400030274959,1956,0,0,1956,0,0,0,0.0
3402,1777472880.4496746,decode,183,1851875,0.9490725674402062,1852297,183,4639.400030274959,1957,0,0,1957,2,0,0,0.0
3404,1777472880.4956462,decode,183,1811408,0.9283335221015074,1852058,183,4639.400030274959,1957,0,0,1957,0,0,0,0.0
3405,1777472880.532432,decode,183,1851408,0.9488332333118257,1852241,183,4524.440515503187,1959,0,0,1959,4,0,0,0.0
3407,1777472880.5781107,decode,183,1841563,0.9437877418901861,1851591,183,4524.440515503187,1957,0,0,1957,0,0,0,0.0
3408,1777472880.6150718,decode,183,1851563,0.9489126696927657,1851774,183,4524.440515503187,1959,0,0,1959,1,0,0,0.0
3410,1777472880.6605227,decode,183,1800918,0.9229574728366015,1851746,183,4524.440515503187,1960,0,0,1960,0,0,0,0.0
3411,1777472880.6972556,decode,183,1850918,0.9485821118494994,1851929,183,4524.440515503187,1962,0,0,1962,5,0,0,0.0
3413,1777472880.742487,decode,183,1779829,0.9121495125937413,1851101,183,4524.440515503187,1959,0,0,1959,0,0,0,0.0
3414,1777472880.7789767,decode,183,1849829,0.9480240072117984,1851284,183,4524.440515503187,1960,0,0,1960,7,0,0,0.0
3416,1777472880.8234458,decode,183,1850195,0.9482115795693729,1850012,183,4524.440515503187,1955,0,0,1955,0,0,0,0.0
3417,1777472880.8613064,decode,183,1829967,0.9378448756103148,1850195,183,4524.440515503187,1957,0,0,1957,0,0,0,0.0
3418,1777472880.8983483,decode,183,1849967,0.948094731215474,1850378,183,4524.440515503187,1959,0,0,1959,2,0,0,0.0
3420,1777472880.9429197,decode,183,1840133,0.9430548772144173,1850150,183,4524.440515503187,1959,0,0,1959,0,0,0,0.0
3421,1777472880.980135,decode,183,1850133,0.9481798050169968,1850333,183,4524.440515503187,1961,0,0,1961,1,0,0,0.0
3423,1777472881.0247514,decode,183,1799488,0.9222246081608325,1850316,183,4524.440515503187,1962,0,0,1962,0,0,0,0.0
3424,1777472881.0615747,decode,183,1849488,0.9478492471737304,1850499,183,4524.440515503187,1963,0,0,1963,5,0,0,0.0
3426,1777472881.1063356,decode,183,1839643,0.9428037557520909,1849671,183,4524.440515503187,1960,0,0,1960,0,0,0,0.0
3427,1777472881.1435494,decode,183,1849643,0.9479286835546704,1849854,183,4524.440515503187,1962,0,0,1962,1,0,0,0.0
3429,1777472881.188224,decode,183,1839798,0.9428831921330308,1849826,183,4524.440515503187,1963,0,0,1963,0,0,0,0.0
3430,1777472881.2254887,decode,183,1839599,0.9427812060697595,1850009,183,4524.440515503187,1965,0,0,1965,1,0,0,0.0
3433,1777472881.2741175,decode,183,1849965,0.9480937062299135,1849782,183,4524.440515503187,1965,0,0,1965,0,0,0,0.0
3434,1777472881.3122337,decode,183,1799126,0.9220390857743792,1849965,183,4524.440515503187,1967,0,0,1967,0,0,0,0.0
3435,1777472881.3490634,decode,183,1849126,0.947663724787277,1850148,183,4524.440515503187,1969,0,0,1969,5,0,0,0.0
3437,1777472881.3939366,decode,183,1798470,0.9217028905105299,1849309,183,4524.440515503187,1966,0,0,1966,0,0,0,0.0
3438,1777472881.4307702,decode,183,1848470,0.9473275295234278,1849492,183,4524.440515503187,1967,0,0,1967,5,0,0,0.0
3440,1777472881.4750555,decode,183,1848836,0.9475151018810023,1848653,183,4524.440515503187,1964,0,0,1964,0,0,0,0.0
3441,1777472881.512466,decode,183,1849019,0.9476088880597895,1848836,183,4524.440515503187,1966,0,0,1966,0,0,0,0.0
3442,1777472881.549887,decode,183,1849202,0.9477026742385767,1849019,183,4524.440515503187,1968,0,0,1968,0,0,0,0.0
3443,1777472881.5877523,decode,183,1818763,0.9321029065003047,1849202,183,4524.440515503187,1969,0,0,1969,0,0,0,0.0
3444,1777472881.6246753,decode,183,1848763,0.9474776899080434,1849385,183,4524.440515503187,1971,0,0,1971,3,0,0,0.0
3446,1777472881.6695158,decode,183,1828718,0.9372047721277726,1848946,183,4524.440515503187,1970,0,0,1970,0,0,0,0.0
3447,1777472881.706567,decode,183,1848718,0.9474546277329318,1849129,183,4524.440515503187,1972,0,0,1972,2,0,0,0.0
3449,1777472881.7513525,decode,183,1828673,0.937181709952661,1848901,183,4524.440515503187,1972,0,0,1972,0,0,0,0.0
3450,1777472881.7884176,decode,183,1848673,0.9474315655578202,1849084,183,4524.440515503187,1974,0,0,1974,2,0,0,0.0
3452,1777472881.8329225,decode,183,1818428,0.9319312214189183,1848856,183,4524.440515503187,1974,0,0,1974,0,0,0,0.0
3453,1777472881.8699641,decode,183,1848428,0.947306004826657,1849039,183,4524.440515503187,1975,0,0,1975,3,0,0,0.0
3455,1777472881.914326,decode,183,1848794,0.9474935771842314,1848611,183,4524.440515503187,1974,0,0,1974,0,0,0,0.0
3456,1777472881.9521847,decode,183,1828577,0.9371325106457563,1848794,183,4524.440515503187,1976,0,0,1976,0,0,0,0.0
3457,1777472881.9891438,decode,183,1848577,0.9473823662509154,1848977,183,4524.440515503187,1978,0,0,1978,2,0,0,0.0
3459,1777472882.0446033,decode,183,1848943,0.9475699386084898,1848760,183,4524.440515503187,1978,0,0,1978,0,0,0,0.0
3460,1777472882.081771,decode,183,1849126,0.947663724787277,1848943,183,4524.440515503187,1980,0,0,1980,0,0,0,0.0
3461,1777472882.1195047,decode,183,1828887,0.9372913834076363,1849126,183,4524.440515503187,1982,0,0,1982,0,0,0,0.0
3462,1777472882.1565738,decode,183,1848887,0.9475412390127954,1849309,183,4506.985860737666,1984,0,0,1984,2,0,0,0.0
3464,1777472882.2012837,decode,183,1808431,0.9268078310946795,1849070,183,4506.985860737666,1984,0,0,1984,0,0,0,0.0
3465,1777472882.2383597,decode,183,1848431,0.9473075423049978,1849253,183,4506.985860737666,1985,0,0,1985,4,0,0,0.0
3467,1777472882.2841868,decode,183,1777375,0.9108918553109883,1848614,183,4506.985860737666,1983,0,0,1983,0,0,0,0.0
3468,1777472882.3208053,decode,183,1847375,0.9467663499290454,1848797,183,4506.985860737666,1985,0,0,1985,7,0,0,0.0
3470,1777472882.365303,decode,183,1847741,0.9469539222866198,1847558,183,4506.985860737666,1980,0,0,1980,0,0,0,0.0
3471,1777472882.403117,decode,183,1827513,0.9365872183275619,1847741,183,4506.985860737666,1982,0,0,1982,0,0,0,0.0
3472,1777472882.4401903,decode,183,1847513,0.946837073932721,1847924,183,4506.985860737666,1984,0,0,1984,2,0,0,0.0
3474,1777472882.4842846,decode,183,1847879,0.9470246462902954,1847696,183,4506.985860737666,1983,0,0,1983,0,0,0,0.0
3475,1777472882.521971,decode,183,1837862,0.9418910061104514,1847879,183,4506.985860737666,1985,0,0,1985,0,0,0,0.0
3476,1777472882.5593367,decode,183,1837663,0.9417890200471801,1848062,183,4506.985860737666,1987,0,0,1987,1,0,0,0.0
3479,1777472882.6080616,decode,183,1848029,0.9471015202073341,1847846,183,4506.985860737666,1987,0,0,1987,0,0,0,0.0
3480,1777472882.6464012,decode,183,1817579,0.9314961150484793,1848029,183,4506.985860737666,1989,0,0,1989,0,0,0,0.0
3481,1777472882.6831646,decode,183,1847579,0.946870898456218,1848212,183,4506.985860737666,1990,0,0,1990,3,0,0,0.0
3483,1777472882.7289925,decode,183,1807101,0.9261262156969363,1847762,183,4506.985860737666,1989,0,0,1989,0,0,0,0.0
3484,1777472882.7666924,decode,183,1785896,0.9152588062915664,1847945,183,4506.985860737666,1991,0,0,1991,4,0,0,0.0
3487,1777472882.8229678,decode,183,1845869,0.9459945358019769,1846079,183,4506.985860737666,1983,0,0,1983,1,0,0,0.0
3490,1777472882.8746696,decode,184,1856237,0.9513080609476914,1856053,184,4506.985860737666,1984,0,0,1984,0,0,0,0.0
3491,1777472882.9122133,decode,184,1856421,0.9514023596192589,1856237,184,4506.985860737666,1986,0,0,1986,0,0,0,0.0
3492,1777472882.9501915,decode,184,1825983,0.9358031043737671,1856421,184,4506.985860737666,1987,0,0,1987,0,0,0,0.0
3493,1777472882.9875276,decode,184,1835773,0.9408204086924925,1856605,184,4506.985860737666,1989,0,0,1989,2,0,0,0.0
3496,1777472883.0362318,decode,183,1825359,0.9354833088788862,1845956,183,4506.985860737666,1988,0,0,1988,1,0,0,0.0
3499,1777472883.087915,decode,184,1855727,0.9510466896297598,1855543,184,4506.985860737666,1987,0,0,1987,0,0,0,0.0
3500,1777472883.1256504,decode,184,1845711,0.9459135619426962,1855727,184,4506.985860737666,1988,0,0,1988,0,0,0,0.0
3501,1777472883.163206,decode,184,1845501,0.945805938458842,1855911,184,4506.985860737666,1990,0,0,1990,1,0,0,0.0
3504,1777472883.2118711,decode,184,1855869,0.9511194636045565,1855685,184,4506.985860737666,1990,0,0,1990,0,0,0,0.0
3505,1777472883.2500024,decode,184,1805009,0.9250540808006367,1855869,184,4506.985860737666,1992,0,0,1992,0,0,0,0.0
3506,1777472883.2870626,decode,184,1834799,0.9403212407245213,1856053,184,4506.985860737666,1994,0,0,1994,4,0,0,0.0
3509,1777472883.3357906,decode,183,1844783,0.9454379686426168,1844982,183,4506.985860737666,1991,0,0,1991,1,0,0,0.0
3512,1777472883.385273,decode,184,1855151,0.9507514937883312,1854967,184,4506.985860737666,1991,0,0,1991,0,0,0,0.0
3513,1777472883.4228961,decode,184,1845124,0.9456127286806847,1855151,184,4506.985860737666,1993,0,0,1993,0,0,0,0.0
3514,1777472883.4601543,decode,184,1855124,0.9507376564832642,1855335,184,4506.985860737666,1995,0,0,1995,1,0,0,0.0
3516,1777472883.5059125,decode,184,1824892,0.9352439747505057,1855308,184,4506.985860737666,1996,0,0,1996,0,0,0,0.0
3517,1777472883.5425656,decode,184,1844693,0.9453918442923935,1855492,184,4506.985860737666,1997,0,0,1997,3,0,0,0.0
3520,1777472883.5917478,decode,184,1844850,0.9454723056588941,1854877,184,4506.985860737666,1996,0,0,1996,0,0,0,0.0
3521,1777472883.6292827,decode,184,1844651,0.9453703195956227,1855061,184,4506.985860737666,1997,0,0,1997,1,0,0,0.0
3524,1777472883.6781223,decode,184,1855019,0.9506838447413372,1854835,184,4506.985860737666,1998,0,0,1998,0,0,0,0.0
3525,1777472883.7158983,decode,184,1834781,0.9403120158544767,1855019,184,4506.985860737666,1999,0,0,1999,0,0,0,0.0
3526,1777472883.7529922,decode,184,1854781,0.9505618714596358,1855203,184,4506.985860737666,2001,0,0,2001,2,0,0,0.0
3528,1777472883.797565,decode,184,1855149,0.9507504688027707,1854965,184,4506.985860737666,2001,0,0,2001,0,0,0,0.0
3529,1777472883.8350332,decode,184,1855333,0.9508447674743382,1855149,184,4374.258181195692,2003,0,0,2003,0,0,0,0.0
3530,1777472883.8733473,decode,184,1855517,0.9509390661459056,1855333,184,4374.258181195692,2005,0,0,2005,0,0,0,0.0
3531,1777472883.9102716,decode,184,1855701,0.9510333648174731,1855517,184,4374.258181195692,2006,0,0,2006,0,0,0,0.0
3532,1777472883.9481318,decode,184,1815074,0.9302123206339331,1855701,184,4374.258181195692,2008,0,0,2008,0,0,0,0.0
3533,1777472883.9849532,decode,184,1845074,0.9455871040416718,1855885,184,4374.258181195692,2010,0,0,2010,3,0,0,0.0
3535,1777472884.0290046,decode,183,1855257,0.9508058180230387,1845257,183,4374.258181195692,2009,0,0,2009,1,0,0,0.0
3537,1777472884.0733037,decode,184,1855625,0.9509944153661736,1855441,184,4374.258181195692,2010,0,0,2010,0,0,0,0.0
3538,1777472884.1108992,decode,184,1855809,0.951088714037741,1855625,184,4374.258181195692,2011,0,0,2011,0,0,0,0.0
3539,1777472884.1485643,decode,184,1845782,0.9459499489300944,1855809,184,4374.258181195692,2013,0,0,2013,0,0,0,0.0
3540,1777472884.1857753,decode,184,1855782,0.951074876732674,1855993,184,4374.258181195692,2015,0,0,2015,1,0,0,0.0
3542,1777472884.230721,decode,184,1845939,0.946030410296595,1855966,184,4374.258181195692,2016,0,0,2016,0,0,0,0.0
3543,1777472884.2679594,decode,184,1855939,0.9511553380991745,1856150,184,4374.258181195692,2018,0,0,2018,1,0,0,0.0
3545,1777472884.3122866,decode,184,1856307,0.9513439354423094,1856123,184,4374.258181195692,2019,0,0,2019,0,0,0,0.0
3546,1777472884.3500946,decode,184,1856491,0.951438234113877,1856307,184,4374.258181195692,2020,0,0,2020,0,0,0,0.0
3547,1777472884.3879051,decode,184,1815864,0.9306171899303368,1856491,184,4374.258181195692,2022,0,0,2022,0,0,0,0.0
3548,1777472884.4250238,decode,184,1825455,0.9355325081857909,1856675,184,4374.258181195692,2024,0,0,2024,3,0,0,0.0
3551,1777472884.4766114,decode,183,1855638,0.9510010777723169,1845638,183,4374.258181195692,2021,0,0,2021,1,0,0,0.0
3553,1777472884.5217397,decode,184,1856006,0.9511896751154518,1855822,184,4374.258181195692,2022,0,0,2022,0,0,0,0.0
3554,1777472884.5592139,decode,184,1856190,0.9512839737870192,1856006,184,4374.258181195692,2024,0,0,2024,0,0,0,0.0
3555,1777472884.5967488,decode,184,1856374,0.9513782724585867,1856190,184,4374.258181195692,2026,0,0,2026,0,0,0,0.0
3556,1777472884.6341608,decode,184,1856558,0.9514725711301542,1856374,184,4374.258181195692,2027,0,0,2027,0,0,0,0.0
3557,1777472884.6716683,decode,184,1856742,0.9515668698017217,1856558,184,4374.258181195692,2029,0,0,2029,0,0,0,0.0
3558,1777472884.7091565,decode,184,1856926,0.9516611684732892,1856742,184,4374.258181195692,2031,0,0,2031,0,0,0,0.0
3559,1777472884.7466671,decode,184,1857110,0.9517554671448566,1856926,184,4374.258181195692,2033,0,0,2033,0,0,0,0.0
3560,1777472884.7845225,decode,184,1847094,0.9466223394577928,1857110,184,4374.258181195692,2034,0,0,2034,0,0,0,0.0
3561,1777472884.8228207,decode,184,1826855,0.9362499980781521,1857294,183,4374.258181195692,2036,0,0,2036,0,0,0,0.0
3562,1777472884.8592072,decode,183,1846855,0.9464998536833112,1847277,183,4374.258181195692,2038,0,0,2038,2,0,0,0.0
3564,1777472884.903834,decode,183,1857038,0.951718567664678,1847038,183,4374.258181195692,2038,0,0,2038,1,0,0,0.0
3566,1777472884.9480577,decode,184,1857406,0.9519071650078129,1857222,184,4374.258181195692,2039,0,0,2039,0,0,0,0.0
3567,1777472884.9856176,decode,184,1857590,0.9520014636793804,1857406,184,4374.258181195692,2040,0,0,2040,0,0,0,0.0
3568,1777472885.0231478,decode,184,1857774,0.9520957623509478,1857590,184,4374.258181195692,2042,0,0,2042,0,0,0,0.0
3569,1777472885.0606656,decode,184,1857958,0.9521900610225154,1857774,184,4374.258181195692,2044,0,0,2044,0,0,0,0.0
3570,1777472885.0982115,decode,184,1858142,0.9522843596940828,1857958,184,4374.258181195692,2046,0,0,2046,0,0,0,0.0
3571,1777472885.135737,decode,184,1858326,0.9523786583656503,1858142,184,4374.258181195692,2047,0,0,2047,0,0,0,0.0
3572,1777472885.1732807,decode,184,1858510,0.9524729570372178,1858326,184,4374.258181195692,2049,0,0,2049,0,0,0,0.0
3573,1777472885.211411,decode,184,1817872,0.9316462754330949,1858510,184,4374.258181195692,2051,0,0,2051,0,0,0,0.0
3574,1777472885.2484405,decode,184,1847872,0.9470210588408335,1858694,184,4374.258181195692,2052,0,0,2052,3,0,0,0.0
3576,1777472885.2931669,decode,183,1848238,0.947208631198408,1848055,183,4374.258181195692,2051,0,0,2051,0,0,0,0.0
3577,1777472885.330545,decode,183,1848421,0.9473024173771952,1848238,183,4374.258181195692,2053,0,0,2053,0,0,0,0.0
3578,1777472885.368018,decode,183,1848604,0.9473962035559824,1848421,183,4374.258181195692,2055,0,0,2055,0,0,0,0.0
3579,1777472885.405455,decode,183,1848787,0.9474899897347696,1848604,183,4681.551250344763,2057,0,0,2057,0,0,0,0.0
3580,1777472885.442834,decode,183,1848970,0.9475837759135568,1848787,183,4681.551250344763,2058,0,0,2058,0,0,0,0.0
3581,1777472885.4802597,decode,183,1849153,0.947677562092344,1848970,183,4681.551250344763,2060,0,0,2060,0,0,0,0.0
3582,1777472885.5176969,decode,183,1849336,0.9477713482711312,1849153,183,4681.551250344763,2062,0,0,2062,0,0,0,0.0
3583,1777472885.555864,decode,183,1839319,0.9426377080912872,1849336,183,4681.551250344763,2063,0,0,2063,0,0,0,0.0
3584,1777472885.5926855,decode,183,1849319,0.9477626358938669,1849519,183,4681.551250344763,2065,0,0,2065,1,0,0,0.0
3586,1777472885.6380358,decode,183,1788419,0.9165518255761572,1849502,183,4681.551250344763,2066,0,0,2066,0,0,0,0.0
3587,1777472885.6746867,decode,183,1848419,0.9473013923916347,1849685,183,4681.551250344763,2067,0,0,2067,6,0,0,0.0
3589,1777472885.7237701,decode,183,1848785,0.9474889647492091,1848602,183,4681.551250344763,2064,0,0,2064,0,0,0,0.0
3590,1777472885.761048,decode,183,1848968,0.9475827509279963,1848785,183,4681.551250344763,2065,0,0,2065,0,0,0,0.0
3591,1777472885.7983797,decode,183,1849151,0.9476765371067835,1848968,183,4681.551250344763,2067,0,0,2067,0,0,0,0.0
3592,1777472885.835766,decode,183,1849334,0.9477703232855708,1849151,183,4681.551250344763,2069,0,0,2069,0,0,0,0.0
3593,1777472885.8732333,decode,183,1849517,0.947864109464358,1849334,183,4681.551250344763,2070,0,0,2070,0,0,0,0.0
3594,1777472885.9107103,decode,183,1849700,0.9479578956431451,1849517,183,4681.551250344763,2072,0,0,2072,0,0,0,0.0
3595,1777472885.9480782,decode,183,1849883,0.9480516818219323,1849700,183,4681.551250344763,2074,0,0,2074,0,0,0,0.0
3596,1777472885.9857714,decode,183,1839855,0.9429124042215056,1849883,183,4681.551250344763,2076,0,0,2076,0,0,0,0.0
3597,1777472886.0229397,decode,183,1849855,0.9480373320240851,1850066,183,4681.551250344763,2077,0,0,2077,1,0,0,0.0
3599,1777472886.0683203,decode,183,1809377,0.9272926492648035,1850038,183,4681.551250344763,2078,0,0,2078,0,0,0,0.0
3600,1777472886.1051474,decode,183,1849377,0.9477923604751218,1850221,183,4681.551250344763,2080,0,0,2080,4,0,0,0.0
3602,1777472886.1501188,decode,183,1839532,0.9427468690534823,1849560,183,4681.551250344763,2078,0,0,2078,0,0,0,0.0
3603,1777472886.1872497,decode,183,1849532,0.9478717968560618,1849743,183,4681.551250344763,2080,0,0,2080,1,0,0,0.0
3605,1777472886.231753,decode,183,1849898,0.9480593692136362,1849715,183,4681.551250344763,2081,0,0,2081,0,0,0,0.0
3606,1777472886.2691083,decode,183,1850081,0.9481531553924234,1849898,183,4681.551250344763,2083,0,0,2083,0,0,0,0.0
3607,1777472886.306607,decode,183,1850264,0.9482469415712106,1850081,183,4681.551250344763,2084,0,0,2084,0,0,0,0.0
3608,1777472886.3444815,decode,183,1819836,0.9326528112535215,1850264,183,4681.551250344763,2086,0,0,2086,0,0,0,0.0
3609,1777472886.3813663,decode,183,1849836,0.9480275946612602,1850447,183,4681.551250344763,2088,0,0,2088,3,0,0,0.0
3611,1777472886.4266348,decode,183,1840002,0.9429877406602034,1850019,183,4681.551250344763,2087,0,0,2087,0,0,0,0.0
3612,1777472886.463591,decode,183,1850002,0.9481126684627831,1850202,183,4681.551250344763,2089,0,0,2089,1,0,0,0.0
3614,1777472886.5085177,decode,183,1819757,0.9326123243238811,1850185,183,4681.551250344763,2090,0,0,2090,0,0,0,0.0
3615,1777472886.545536,decode,183,1849757,0.9479871077316199,1850368,183,4681.551250344763,2091,0,0,2091,3,0,0,0.0
3617,1777472886.5902443,decode,183,1850123,0.9481746800891943,1849940,183,4681.551250344763,2090,0,0,2090,0,0,0,0.0
3618,1777472886.6277053,decode,183,1850306,0.9482684662679814,1850123,183,4681.551250344763,2092,0,0,2092,0,0,0,0.0
3619,1777472886.6651256,decode,183,1850489,0.9483622524467686,1850306,183,4681.551250344763,2094,0,0,2094,0,0,0,0.0
3620,1777472886.70295,decode,183,1830250,0.9379899110671278,1850489,183,4681.551250344763,2096,0,0,2096,0,0,0,0.0
3621,1777472886.7400987,decode,183,1850250,0.948239766672287,1850672,183,4681.551250344763,2097,0,0,2097,2,0,0,0.0
3623,1777472886.7907858,decode,183,1830205,0.9379668488920162,1850433,183,4681.551250344763,2097,0,0,2097,0,0,0,0.0
3624,1777472886.8274767,decode,183,1850205,0.9482167044971754,1850616,183,4681.551250344763,2099,0,0,2099,2,0,0,0.0
3626,1777472886.87225,decode,183,1850571,0.9484042768547498,1850388,183,4681.551250344763,2099,0,0,2099,0,0,0,0.0
3627,1777472886.9097893,decode,183,1850754,0.948498063033537,1850571,183,4681.551250344763,2101,0,0,2101,0,0,0,0.0
3628,1777472886.947683,decode,183,1830526,0.9381313590744791,1850754,183,4681.551250344763,2103,0,0,2103,0,0,0,0.0
3629,1777472886.984818,decode,183,1850526,0.9483812146796382,1850937,183,4634.771620271981,2104,0,0,2104,2,0,0,0.0
3631,1777472887.0296106,decode,183,1850892,0.9485687870372126,1850709,183,4634.771620271981,2104,0,0,2104,0,0,0,0.0
3632,1777472887.067389,decode,183,1840864,0.9434295094367858,1850892,183,4634.771620271981,2106,0,0,2106,0,0,0,0.0
3633,1777472887.1045792,decode,183,1850864,0.9485544372393654,1851075,183,4634.771620271981,2108,0,0,2108,1,0,0,0.0
3635,1777472887.1494873,decode,183,1851230,0.9487420095969398,1851047,183,4634.771620271981,2109,0,0,2109,0,0,0,0.0
3636,1777472887.186926,decode,183,1851413,0.948835795775727,1851230,183,4634.771620271981,2111,0,0,2111,0,0,0,0.0
3637,1777472887.224917,decode,183,1820963,0.9332303906168722,1851413,183,4634.771620271981,2112,0,0,2112,0,0,0,0.0
3638,1777472887.261884,decode,183,1850963,0.948605174024611,1851596,183,4634.771620271981,2114,0,0,2114,3,0,0,0.0
3640,1777472887.3063998,decode,183,1851329,0.9487927463821854,1851146,183,4634.771620271981,2113,0,0,2113,0,0,0,0.0
3641,1777472887.343901,decode,183,1851512,0.9488865325609726,1851329,183,4634.771620271981,2115,0,0,2115,0,0,0,0.0
3642,1777472887.38158,decode,183,1841484,0.9437472549605458,1851512,183,4634.771620271981,2117,0,0,2117,0,0,0,0.0
3643,1777472887.4188266,decode,183,1851484,0.9488721827631253,1851695,183,4634.771620271981,2118,0,0,2118,1,0,0,0.0
3645,1777472887.463837,decode,183,1831450,0.9386049024034374,1851667,183,4634.771620271981,2119,0,0,2119,0,0,0,0.0
3646,1777472887.500772,decode,183,1851450,0.9488547580085965,1851850,183,4634.771620271981,2121,0,0,2121,2,0,0,0.0
3648,1777472887.545326,decode,183,1851816,0.9490423303661709,1851633,183,4634.771620271981,2121,0,0,2121,0,0,0,0.0
3649,1777472887.583283,decode,183,1811177,0.9282151362692678,1851816,183,4634.771620271981,2123,0,0,2123,0,0,0,0.0
3650,1777472887.620346,decode,183,1851177,0.9487148474795861,1851999,183,4634.771620271981,2125,0,0,2125,4,0,0,0.0
3652,1777472887.6648853,decode,183,1831121,0.9384362922787325,1851360,183,4634.771620271981,2123,0,0,2123,0,0,0,0.0
3653,1777472887.7020164,decode,183,1851121,0.9486861478838917,1851543,183,4634.771620271981,2124,0,0,2124,2,0,0,0.0
3655,1777472887.7467597,decode,183,1841287,0.9436462938828349,1851304,183,4634.771620271981,2124,0,0,2124,0,0,0,0.0
3656,1777472887.7839084,decode,183,1851287,0.9487712216854145,1851487,183,4634.771620271981,2126,0,0,2126,1,0,0,0.0
3658,1777472887.8357403,decode,183,1821020,0.9332596027053469,1851470,183,4634.771620271981,2127,0,0,2127,0,0,0,0.0
3659,1777472887.872494,decode,183,1851020,0.9486343861130856,1851653,183,4634.771620271981,2129,0,0,2129,3,0,0,0.0
3661,1777472887.917726,decode,183,1830986,0.9383671057533977,1851203,183,4634.771620271981,2128,0,0,2128,0,0,0,0.0
3662,1777472887.954759,decode,183,1850986,0.9486169613585569,1851386,183,4634.771620271981,2130,0,0,2130,2,0,0,0.0
3664,1777472887.9992561,decode,183,1851352,0.9488045337161313,1851169,183,4634.771620271981,2130,0,0,2130,0,0,0,0.0
3665,1777472888.0370293,decode,183,1831124,0.9384378297570733,1851352,183,4634.771620271981,2132,0,0,2132,0,0,0,0.0
3666,1777472888.0741732,decode,183,1851124,0.9486876853622325,1851535,183,4634.771620271981,2133,0,0,2133,2,0,0,0.0
3668,1777472888.118951,decode,183,1841279,0.9436421939405929,1851307,183,4634.771620271981,2133,0,0,2133,0,0,0,0.0
3669,1777472888.156197,decode,183,1851279,0.9487671217431725,1851490,183,4634.771620271981,2135,0,0,2135,1,0,0,0.0
3671,1777472888.2013187,decode,183,1831245,0.9384998413834845,1851462,183,4634.771620271981,2136,0,0,2136,0,0,0,0.0
3672,1777472888.2383013,decode,183,1851245,0.9487496969886436,1851645,183,4634.771620271981,2138,0,0,2138,2,0,0,0.0
3674,1777472888.2833562,decode,183,1810800,0.9280219264911106,1851428,183,4634.771620271981,2138,0,0,2138,0,0,0,0.0
3675,1777472888.3203669,decode,183,1850800,0.9485216377014288,1851611,183,4634.771620271981,2140,0,0,2140,4,0,0,0.0
3677,1777472888.364556,decode,183,1851166,0.9487092100590033,1850983,183,4634.771620271981,2138,0,0,2138,0,0,0,0.0
3678,1777472888.4029863,decode,183,1851349,0.9488029962377905,1851166,183,4634.771620271981,2139,0,0,2139,0,0,0,0.0
3679,1777472888.439762,decode,183,1851532,0.9488967824165777,1851349,183,4634.771620271981,2141,0,0,2141,0,0,0,0.0
3680,1777472888.4769042,decode,183,1851715,0.9489905685953649,1851532,183,4634.771620271981,2142,0,0,2142,0,0,0,0.0
3681,1777472888.5144885,decode,183,1851898,0.9490843547741521,1851715,183,4634.771620271981,2144,0,0,2144,0,0,0,0.0
3682,1777472888.5521557,decode,183,1831670,0.9387176508150942,1851898,183,4634.771620271981,2146,0,0,2146,0,0,0,0.0
3683,1777472888.589155,decode,183,1851670,0.9489675064202533,1852081,183,4562.62450756865,2147,0,0,2147,2,0,0,0.0
3685,1777472888.6341534,decode,183,1831625,0.9386945886399826,1851853,183,4562.62450756865,2147,0,0,2147,0,0,0,0.0
3686,1777472888.6713183,decode,183,1851625,0.9489444442451417,1852036,183,4562.62450756865,2149,0,0,2149,2,0,0,0.0
3688,1777472888.716394,decode,183,1821391,0.9334497375268226,1851808,183,4562.62450756865,2149,0,0,2149,0,0,0,0.0
3689,1777472888.7535207,decode,183,1851391,0.9488245209345614,1851991,183,4562.62450756865,2151,0,0,2151,3,0,0,0.0
3691,1777472888.798274,decode,183,1851757,0.9490120932921358,1851574,183,4562.62450756865,2150,0,0,2150,0,0,0,0.0
3692,1777472888.8356357,decode,183,1851940,0.949105879470923,1851757,183,4562.62450756865,2152,0,0,2152,0,0,0,0.0
3693,1777472888.8730767,decode,183,1852123,0.9491996656497101,1851940,183,4562.62450756865,2153,0,0,2153,0,0,0,0.0
3694,1777472888.9110217,decode,183,1821684,0.9335998979114382,1852123,183,4562.62450756865,2155,0,0,2155,0,0,0,0.0
3695,1777472888.9480696,decode,183,1851684,0.948974681319177,1852306,183,4562.62450756865,2157,0,0,2157,3,0,0,0.0
3697,1777472888.9928799,decode,183,1811217,0.9282356359804781,1851867,183,4562.62450756865,2156,0,0,2156,0,0,0,0.0
3698,1777472889.0297992,decode,183,1851217,0.9487353471907964,1852050,183,4562.62450756865,2158,0,0,2158,4,0,0,0.0
3700,1777472889.080913,decode,183,1831183,0.9384680668311085,1851400,183,4562.62450756865,2156,0,0,2156,0,0,0,0.0
3701,1777472889.117717,decode,183,1851183,0.9487179224362676,1851583,183,4562.62450756865,2157,0,0,2157,2,0,0,0.0
3703,1777472889.1628568,decode,183,1820927,0.9332119408767829,1851366,183,4562.62450756865,2157,0,0,2157,0,0,0,0.0
3704,1777472889.1998174,decode,183,1850927,0.9485867242845216,1851549,183,4562.62450756865,2159,0,0,2159,3,0,0,0.0
3706,1777472889.245385,decode,183,1759416,0.9016879974703357,1851110,183,4562.62450756865,2158,0,0,2158,0,0,0,0.0
3707,1777472889.2818823,decode,183,1849416,0.9478123476935518,1851293,183,4562.62450756865,2160,0,0,2160,9,0,0,0.0
3709,1777472889.326611,decode,183,1849782,0.9479999200511263,1849599,183,4562.62450756865,2153,0,0,2153,0,0,0,0.0
3710,1777472889.3646965,decode,183,1798954,0.9219509370161748,1849782,183,4562.62450756865,2155,0,0,2155,0,0,0,0.0
3711,1777472889.4015021,decode,183,1848954,0.9475755760290727,1849965,183,4562.62450756865,2156,0,0,2156,5,0,0,0.0
3713,1777472889.446611,decode,183,1818720,0.9320808693107536,1849137,183,4562.62450756865,2153,0,0,2153,0,0,0,0.0
3714,1777472889.4836028,decode,183,1848720,0.9474556527184923,1849320,183,4562.62450756865,2155,0,0,2155,3,0,0,0.0
3716,1777472889.5284638,decode,183,1818453,0.9319440337384247,1848903,183,4562.62450756865,2154,0,0,2154,0,0,0,0.0
3717,1777472889.565467,decode,183,1848453,0.9473188171461635,1849086,183,4562.62450756865,2156,0,0,2156,3,0,0,0.0
3719,1777472889.6099713,decode,183,1848819,0.9475063895037379,1848636,183,4562.62450756865,2155,0,0,2155,0,0,0,0.0
3720,1777472889.64784,decode,183,1818402,0.9319178966066316,1848819,183,4562.62450756865,2156,0,0,2156,0,0,0,0.0
3721,1777472889.6847775,decode,183,1848402,0.9472926800143703,1849002,183,4562.62450756865,2158,0,0,2158,3,0,0,0.0
3723,1777472889.729526,decode,183,1828368,0.9370253996546823,1848585,183,4562.62450756865,2157,0,0,2157,0,0,0,0.0
3724,1777472889.7665513,decode,183,1848368,0.9472752552598416,1848768,183,4562.62450756865,2159,0,0,2159,2,0,0,0.0
3726,1777472889.8111339,decode,183,1838523,0.9422297638382019,1848551,183,4562.62450756865,2159,0,0,2159,0,0,0,0.0
3727,1777472889.8483467,decode,183,1848523,0.9473546916407816,1848734,183,4562.62450756865,2161,0,0,2161,1,0,0,0.0
3729,1777472889.8930397,decode,183,1797867,0.9213938573640343,1848706,183,4562.62450756865,2162,0,0,2162,0,0,0,0.0
3730,1777472889.9299178,decode,183,1847867,0.9470184963769323,1848889,183,4562.62450756865,2163,0,0,2163,5,0,0,0.0
3732,1777472889.974421,decode,183,1848233,0.9472060687345067,1848050,183,4562.62450756865,2160,0,0,2160,0,0,0,0.0
3733,1777472890.0118742,decode,183,1848416,0.9472998549132939,1848233,183,4562.62450756865,2162,0,0,2162,0,0,0,0.0
3734,1777472890.0492544,decode,183,1848599,0.9473936410920811,1848416,183,4562.62450756865,2164,0,0,2164,0,0,0,0.0
3735,1777472890.0866864,decode,183,1848782,0.9474874272708683,1848599,183,4562.62450756865,2166,0,0,2166,0,0,0,0.0
3736,1777472890.1240282,decode,183,1848965,0.9475812134496555,1848782,183,4562.62450756865,2167,0,0,2167,0,0,0,0.0
3737,1777472890.1616817,decode,183,1838948,0.9424475732698115,1848965,183,4562.62450756865,2169,0,0,2169,0,0,0,0.0
3738,1777472890.1988184,decode,183,1848948,0.9475725010723911,1849148,183,4547.5395353595095,2171,0,0,2171,1,0,0,0.0
3740,1777472890.2434645,decode,183,1818692,0.9320665195129063,1849131,183,4547.5395353595095,2172,0,0,2172,0,0,0,0.0
3741,1777472890.280406,decode,183,1848692,0.9474413029206451,1849314,183,4547.5395353595095,2174,0,0,2174,3,0,0,0.0
3743,1777472890.3249037,decode,183,1838858,0.9424014489195883,1848875,183,4547.5395353595095,2172,0,0,2172,0,0,0,0.0
3744,1777472890.3619912,decode,183,1848858,0.9475263767221679,1849058,183,4547.5395353595095,2174,0,0,2174,1,0,0,0.0
3746,1777472890.4065506,decode,183,1849224,0.9477139490797424,1849041,183,4547.5395353595095,2175,0,0,2175,0,0,0,0.0
3747,1777472890.4445362,decode,183,1808585,0.9268867549828392,1849224,183,4547.5395353595095,2177,0,0,2177,0,0,0,0.0
3748,1777472890.4813583,decode,183,1848585,0.9473864661931575,1849407,183,4547.5395353595095,2179,0,0,2179,4,0,0,0.0
3750,1777472890.5255883,decode,183,1848951,0.947574038550732,1848768,183,4547.5395353595095,2177,0,0,2177,0,0,0,0.0
3751,1777472890.5632577,decode,183,1838934,0.942440398370888,1848951,183,4547.5395353595095,2178,0,0,2178,0,0,0,0.0
3752,1777472890.6006181,decode,183,1838724,0.9423327748870338,1849134,183,4547.5395353595095,2180,0,0,2180,1,0,0,0.0
3755,1777472890.6501145,decode,183,1849090,0.9476452750471878,1848907,183,4547.5395353595095,2180,0,0,2180,0,0,0,0.0
3756,1777472890.6879518,decode,183,1818640,0.932039869888333,1849090,183,4547.5395353595095,2182,0,0,2182,0,0,0,0.0
3757,1777472890.7249408,decode,183,1848640,0.9474146532960717,1849273,183,4547.5395353595095,2184,0,0,2184,3,0,0,0.0
3759,1777472890.7806108,decode,183,1736740,0.8900667111852062,1848823,183,4547.5395353595095,2183,0,0,2183,0,0,0,0.0
3760,1777472890.8170474,decode,183,1836541,0.9412140031477306,1849006,183,4547.5395353595095,2185,0,0,2185,11,0,0,0.0
3763,1777472890.8664477,decode,183,1856724,0.951557644931677,1846724,183,4547.5395353595095,2175,0,0,2175,1,0,0,0.0
3765,1777472890.912234,decode,184,1857092,0.951746242274812,1856908,184,4547.5395353595095,2176,0,0,2176,0,0,0,0.0
3766,1777472890.9497945,decode,184,1857276,0.9518405409463794,1857092,184,4547.5395353595095,2178,0,0,2178,0,0,0,0.0
3767,1777472890.9876158,decode,184,1847260,0.9467074132593157,1857276,184,4547.5395353595095,2180,0,0,2180,0,0,0,0.0
3768,1777472891.0252154,decode,184,1827032,0.9363407093002577,1857460,183,4547.5395353595095,2181,0,0,2181,0,0,0,0.0
3769,1777472891.0621989,decode,183,1847032,0.9465905649054169,1847443,183,4547.5395353595095,2183,0,0,2183,2,0,0,0.0
3771,1777472891.1067963,decode,183,1847398,0.9467781372629913,1847215,183,4547.5395353595095,2183,0,0,2183,0,0,0,0.0
3772,1777472891.1446245,decode,183,1816948,0.9311727321041365,1847398,183,4547.5395353595095,2185,0,0,2185,0,0,0,0.0
3773,1777472891.1815588,decode,183,1846948,0.9465475155118752,1847581,183,4547.5395353595095,2187,0,0,2187,3,0,0,0.0
3775,1777472891.2263505,decode,183,1796259,0.9205697689733796,1847131,183,4547.5395353595095,2186,0,0,2186,0,0,0,0.0
3776,1777472891.2637296,decode,183,1815651,0.9305080289681419,1847314,183,4547.5395353595095,2187,0,0,2187,5,0,0,0.0
3779,1777472891.315871,decode,183,1845635,0.9458746124913965,1845834,183,4547.5395353595095,2181,0,0,2181,1,0,0,0.0
3782,1777472891.366382,decode,184,1856003,0.9511881376371111,1855819,184,4547.5395353595095,2181,0,0,2181,0,0,0,0.0
3783,1777472891.4039478,decode,184,1856187,0.9512824363086785,1856003,184,4547.5395353595095,2183,0,0,2183,0,0,0,0.0
3784,1777472891.4418762,decode,184,1825749,0.9356831810631868,1856187,184,4547.5395353595095,2185,0,0,2185,0,0,0,0.0
3785,1777472891.4794009,decode,184,1815119,0.9302353828090447,1856371,184,4547.5395353595095,2187,0,0,2187,2,0,0,0.0
3788,1777472891.5325363,decode,183,1834904,0.9403750524664484,1845302,183,4547.5395353595095,2184,0,0,2184,1,0,0,0.0
3791,1777472891.583251,decode,184,1855272,0.9508135054147425,1855088,184,4547.5395353595095,2183,0,0,2183,0,0,0,0.0
3792,1777472891.6211479,decode,184,1824834,0.9352142501692507,1855272,184,4547.5395353595095,2185,0,0,2185,0,0,0,0.0
3793,1777472891.6582592,decode,184,1854834,0.9505890335769895,1855456,184,4547.5395353595095,2187,0,0,2187,3,0,0,0.0
3795,1777472891.7025776,decode,184,1855202,0.9507776309201245,1855018,184,4547.5395353595095,2186,0,0,2186,0,0,0,0.0
3796,1777472891.7404113,decode,184,1824753,0.9351727382540499,1855202,184,4547.5395353595095,2187,0,0,2187,0,0,0,0.0
3797,1777472891.7778027,decode,184,1844543,0.9453149703753548,1855386,184,4547.5395353595095,2189,0,0,2189,3,0,0,0.0
3800,1777472891.826513,decode,184,1854911,0.9506284955210693,1854727,184,4547.5395353595095,2187,0,0,2187,0,0,0,0.0
3801,1777472891.8640304,decode,184,1855095,0.9507227941926368,1854911,184,4405.450148626203,2189,0,0,2189,0,0,0,0.0
3802,1777472891.901494,decode,184,1855279,0.9508170928642042,1855095,184,4405.450148626203,2191,0,0,2191,0,0,0,0.0
3803,1777472891.9389837,decode,184,1855463,0.9509113915357718,1855279,184,4405.450148626203,2193,0,0,2193,0,0,0,0.0
3804,1777472891.9769707,decode,184,1814825,0.9300847099316488,1855463,184,4405.450148626203,2194,0,0,2194,0,0,0,0.0
3805,1777472892.0143425,decode,184,1844626,0.9453575072761162,1855647,184,4405.450148626203,2196,0,0,2196,4,0,0,0.0
3807,1777472892.0593338,decode,183,1844599,0.9453436699710492,1844809,183,4405.450148626203,2194,0,0,2194,1,0,0,0.0
3810,1777472892.10872,decode,184,1854967,0.9506571951167638,1854783,184,4405.450148626203,2194,0,0,2194,0,0,0,0.0
3811,1777472892.1466293,decode,184,1855151,0.9507514937883312,1854967,184,4405.450148626203,2196,0,0,2196,0,0,0,0.0
3812,1777472892.1841605,decode,184,1824713,0.9351522385428396,1855151,184,4405.450148626203,2198,0,0,2198,0,0,0,0.0
3813,1777472892.221248,decode,184,1854713,0.9505270219505783,1855335,184,4405.450148626203,2200,0,0,2200,3,0,0,0.0
3815,1777472892.265731,decode,184,1844881,0.945488192935082,1854897,184,4405.450148626203,2199,0,0,2199,0,0,0,0.0
3816,1777472892.3029232,decode,184,1854881,0.9506131207376616,1855081,184,4405.450148626203,2200,0,0,2200,1,0,0,0.0
3818,1777472892.3474457,decode,184,1855249,0.9508017180807965,1855065,184,4405.450148626203,2201,0,0,2201,0,0,0,0.0
3819,1777472892.3848736,decode,184,1855433,0.950896016752364,1855249,184,4405.450148626203,2203,0,0,2203,0,0,0,0.0
3820,1777472892.4229727,decode,184,1814806,0.930074972568824,1855433,184,4405.450148626203,2205,0,0,2205,0,0,0,0.0
3821,1777472892.4601672,decode,184,1844607,0.9453477699132914,1855617,184,4405.450148626203,2206,0,0,2206,4,0,0,0.0
3823,1777472892.572145,decode,183,1854790,0.9505664838946581,1844790,183,4405.450148626203,2207,0,0,2207,1,0,0,0.0
3825,1777472892.6176887,decode,184,1855158,0.9507550812377931,1854974,184,4405.450148626203,2208,0,0,2208,0,0,0,0.0
3826,1777472892.6552074,decode,184,1855342,0.9508493799093606,1855158,184,4405.450148626203,2210,0,0,2210,0,0,0,0.0
3827,1777472892.6929824,decode,184,1855526,0.950943678580928,1855342,184,4405.450148626203,2212,0,0,2212,0,0,0,0.0
3828,1777472892.7303393,decode,184,1855710,0.9510379772524955,1855526,184,4405.450148626203,2213,0,0,2213,0,0,0,0.0
3829,1777472892.767791,decode,184,1855894,0.9511322759240629,1855710,184,4405.450148626203,2215,0,0,2215,0,0,0,0.0
3830,1777472892.8052523,decode,184,1856078,0.9512265745956304,1855894,184,4405.450148626203,2217,0,0,2217,0,0,0,0.0
3831,1777472892.8428004,decode,184,1856262,0.9513208732671978,1856078,184,4405.450148626203,2218,0,0,2218,0,0,0,0.0
3832,1777472892.8804111,decode,184,1856446,0.9514151719387653,1856262,184,4405.450148626203,2220,0,0,2220,0,0,0,0.0
3833,1777472892.918293,decode,184,1826008,0.9358159166932736,1856446,184,4405.450148626203,2222,0,0,2222,0,0,0,0.0
3834,1777472892.955506,decode,184,1835809,0.9408388584325819,1856630,184,4405.450148626203,2224,0,0,2224,2,0,0,0.0
3837,1777472893.0060089,decode,183,1855992,0.9511825002165282,1845992,183,4405.450148626203,2223,0,0,2223,1,0,0,0.0
3839,1777472893.051063,decode,184,1856360,0.9513710975596631,1856176,184,4405.450148626203,2224,0,0,2224,0,0,0,0.0
3840,1777472893.088568,decode,184,1856544,0.9514653962312306,1856360,184,4405.450148626203,2226,0,0,2226,0,0,0,0.0
3841,1777472893.1261067,decode,184,1856728,0.951559694902798,1856544,184,4405.450148626203,2227,0,0,2227,0,0,0,0.0
3842,1777472893.1635623,decode,184,1856912,0.9516539935743655,1856728,184,4405.450148626203,2229,0,0,2229,0,0,0,0.0
3843,1777472893.2011309,decode,184,1857096,0.9517482922459329,1856912,184,4405.450148626203,2231,0,0,2231,0,0,0,0.0
3844,1777472893.2386568,decode,184,1857280,0.9518425909175005,1857096,184,4405.450148626203,2233,0,0,2233,0,0,0,0.0
3845,1777472893.2761755,decode,184,1857464,0.951936889589068,1857280,184,4405.450148626203,2234,0,0,2234,0,0,0,0.0
3846,1777472893.314122,decode,184,1837248,0.941576335543373,1857464,184,4405.450148626203,2236,0,0,2236,0,0,0,0.0
3847,1777472893.351542,decode,184,1837038,0.9414687120595189,1857648,184,4405.450148626203,2238,0,0,2238,1,0,0,0.0
3850,1777472893.4063392,decode,183,1847404,0.9467812122196728,1847221,183,4405.450148626203,2238,0,0,2238,0,0,0,0.0
3851,1777472893.4437065,decode,183,1847587,0.94687499839846,1847404,183,4405.450148626203,2240,0,0,2240,0,0,0,0.0
3852,1777472893.4811006,decode,183,1847770,0.9469687845772473,1847587,183,4405.450148626203,2242,0,0,2242,0,0,0,0.0
3853,1777472893.5185218,decode,183,1847953,0.9470625707560345,1847770,183,4444.271972851231,2243,0,0,2243,0,0,0,0.0
3854,1777472893.5558188,decode,183,1848136,0.9471563569348217,1847953,183,4444.271972851231,2245,0,0,2245,0,0,0,0.0
3855,1777472893.5931823,decode,183,1848319,0.9472501431136089,1848136,183,4444.271972851231,2247,0,0,2247,0,0,0,0.0
3856,1777472893.6306045,decode,183,1848502,0.9473439292923961,1848319,183,4444.271972851231,2249,0,0,2249,0,0,0,0.0
3857,1777472893.6682606,decode,183,1838485,0.9422102891125521,1848502,183,4444.271972851231,2250,0,0,2250,0,0,0,0.0
3858,1777472893.7054377,decode,183,1848485,0.9473352169151317,1848685,183,4444.271972851231,2252,0,0,2252,1,0,0,0.0
3860,1777472893.7507553,decode,183,1818240,0.9318348727762298,1848668,183,4444.271972851231,2253,0,0,2253,0,0,0,0.0
3861,1777472893.7877352,decode,183,1848240,0.9472096561839685,1848851,183,4444.271972851231,2255,0,0,2255,3,0,0,0.0
3863,1777472893.8321006,decode,183,1848606,0.947397228541543,1848423,183,4444.271972851231,2254,0,0,2254,0,0,0,0.0
3864,1777472893.869467,decode,183,1848789,0.9474910147203301,1848606,183,4444.271972851231,2255,0,0,2255,0,0,0,0.0
3865,1777472893.9068732,decode,183,1848972,0.9475848008991173,1848789,183,4444.271972851231,2257,0,0,2257,0,0,0,0.0
3866,1777472893.944345,decode,183,1849155,0.9476785870779045,1848972,183,4444.271972851231,2259,0,0,2259,0,0,0,0.0
3867,1777472893.981766,decode,183,1849338,0.9477723732566917,1849155,183,4444.271972851231,2261,0,0,2261,0,0,0,0.0
3868,1777472894.0191498,decode,183,1849521,0.9478661594354789,1849338,183,4444.271972851231,2262,0,0,2262,0,0,0,0.0
3869,1777472894.056535,decode,183,1849704,0.9479599456142661,1849521,183,4444.271972851231,2264,0,0,2264,0,0,0,0.0
3870,1777472894.094174,decode,183,1839687,0.9428263054344221,1849704,183,4444.271972851231,2266,0,0,2266,0,0,0,0.0
3871,1777472894.131332,decode,183,1849687,0.9479512332370018,1849887,183,4444.271972851231,2268,0,0,2268,1,0,0,0.0
3873,1777472894.1776607,decode,183,1799009,0.921979124119089,1849870,183,4444.271972851231,2268,0,0,2268,0,0,0,0.0
3874,1777472894.2135725,decode,183,1849009,0.9476037631319869,1850053,183,4444.271972851231,2270,0,0,2270,5,0,0,0.0
3876,1777472894.2625468,decode,183,1849375,0.9477913354895613,1849192,183,4444.271972851231,2267,0,0,2267,0,0,0,0.0
3877,1777472894.2997777,decode,183,1849558,0.9478851216683485,1849375,183,4444.271972851231,2269,0,0,2269,0,0,0,0.0
3878,1777472894.3371577,decode,183,1849741,0.9479789078471357,1849558,183,4444.271972851231,2270,0,0,2270,0,0,0,0.0
3879,1777472894.3745835,decode,183,1849924,0.9480726940259229,1849741,183,4444.271972851231,2272,0,0,2272,0,0,0,0.0
3880,1777472894.412002,decode,183,1850107,0.9481664802047102,1849924,183,4444.271972851231,2274,0,0,2274,0,0,0,0.0
3881,1777472894.4498088,decode,183,1829890,0.9378054136662349,1850107,183,4444.271972851231,2275,0,0,2275,0,0,0,0.0
3882,1777472894.4868345,decode,183,1849890,0.9480552692713942,1850290,183,4444.271972851231,2277,0,0,2277,2,0,0,0.0
3884,1777472894.5316894,decode,183,1850256,0.9482428416289685,1850073,183,4444.271972851231,2277,0,0,2277,0,0,0,0.0
3885,1777472894.5690389,decode,183,1850439,0.9483366278077557,1850256,183,4444.271972851231,2279,0,0,2279,0,0,0,0.0
3886,1777472894.6071072,decode,183,1799589,0.9222763699316386,1850439,183,4444.271972851231,2281,0,0,2281,0,0,0,0.0
3887,1777472894.644039,decode,183,1849589,0.9479010089445364,1850622,183,4444.271972851231,2282,0,0,2282,5,0,0,0.0
3889,1777472894.6892216,decode,183,1839744,0.9428555175228969,1849772,183,4444.271972851231,2279,0,0,2279,0,0,0,0.0
3890,1777472894.7266178,decode,183,1849744,0.9479804453254764,1849955,183,4444.271972851231,2281,0,0,2281,1,0,0,0.0
3892,1777472894.771686,decode,183,1850110,0.9481680176830509,1849927,183,4444.271972851231,2282,0,0,2282,0,0,0,0.0
3893,1777472894.8093889,decode,183,1840093,0.943034377503207,1850110,183,4444.271972851231,2284,0,0,2284,0,0,0,0.0
3894,1777472894.846618,decode,183,1850093,0.9481593053057865,1850293,183,4444.271972851231,2286,0,0,2286,1,0,0,0.0
3896,1777472894.8914711,decode,183,1840248,0.943113813884147,1850276,183,4444.271972851231,2287,0,0,2287,0,0,0,0.0
3897,1777472894.9284723,decode,183,1850248,0.9482387416867265,1850459,183,4444.271972851231,2288,0,0,2288,1,0,0,0.0
3899,1777472894.9735472,decode,183,1840403,0.9431932502650869,1850431,183,4444.271972851231,2289,0,0,2289,0,0,0,0.0
3900,1777472895.0107017,decode,183,1850403,0.9483181780676665,1850614,183,4444.271972851231,2291,0,0,2291,1,0,0,0.0
3902,1777472895.055811,decode,183,1840558,0.9432726866460269,1850586,183,4444.271972851231,2292,0,0,2292,0,0,0,0.0
3903,1777472895.0930073,decode,183,1850558,0.9483976144486065,1850769,183,4649.129451684849,2294,0,0,2294,1,0,0,0.0
3905,1777472895.1379256,decode,183,1850924,0.9485851868061809,1850741,183,4649.129451684849,2295,0,0,2295,0,0,0,0.0
3906,1777472895.175573,decode,183,1840907,0.9434515466263369,1850924,183,4649.129451684849,2297,0,0,2297,0,0,0,0.0
3907,1777472895.2127635,decode,183,1850907,0.9485764744289165,1851107,183,4649.129451684849,2298,0,0,2298,1,0,0,0.0
3909,1777472895.2624896,decode,183,1841062,0.9435309830072769,1851090,183,4649.129451684849,2300,0,0,2300,0,0,0,0.0
3910,1777472895.2994964,decode,183,1851062,0.9486559108098565,1851273,183,4649.129451684849,2301,0,0,2301,1,0,0,0.0
3912,1777472895.345051,decode,183,1831006,0.9383773556090028,1851245,183,4649.129451684849,2302,0,0,2302,0,0,0,0.0
3913,1777472895.3819327,decode,183,1851006,0.948627211214162,1851428,183,4649.129451684849,2304,0,0,2304,2,0,0,0.0
3915,1777472895.4269135,decode,183,1851372,0.9488147835717364,1851189,183,4649.129451684849,2304,0,0,2304,0,0,0,0.0
3916,1777472895.4644368,decode,183,1851555,0.9489085697505236,1851372,183,4649.129451684849,2306,0,0,2306,0,0,0,0.0
3917,1777472895.5023754,decode,183,1821116,0.9333088020122516,1851555,183,4649.129451684849,2308,0,0,2308,0,0,0,0.0
3918,1777472895.5394883,decode,183,1851116,0.9486835854199904,1851738,183,4649.129451684849,2309,0,0,2309,3,0,0,0.0
3920,1777472895.5846148,decode,183,1841282,0.9436437314189337,1851299,183,4649.129451684849,2308,0,0,2308,0,0,0,0.0
3921,1777472895.621874,decode,183,1851282,0.9487686592215132,1851482,183,4649.129451684849,2310,0,0,2310,1,0,0,0.0
3923,1777472895.6667209,decode,183,1851648,0.9489562315790876,1851465,183,4649.129451684849,2311,0,0,2311,0,0,0,0.0
3924,1777472895.704412,decode,183,1841631,0.9438225913992436,1851648,183,4649.129451684849,2313,0,0,2313,0,0,0,0.0
3925,1777472895.7416098,decode,183,1851631,0.9489475192018233,1851831,183,4649.129451684849,2314,0,0,2314,1,0,0,0.0
3927,1777472895.7870133,decode,183,1821364,0.9334359002217556,1851814,183,4649.129451684849,2316,0,0,2316,0,0,0,0.0
3928,1777472895.8239481,decode,183,1851364,0.9488106836294944,1851997,183,4649.129451684849,2317,0,0,2317,3,0,0,0.0
3930,1777472895.868902,decode,183,1851730,0.9489982559870688,1851547,183,4649.129451684849,2316,0,0,2316,0,0,0,0.0
3931,1777472895.9062786,decode,183,1851913,0.949092042165856,1851730,183,4649.129451684849,2318,0,0,2318,0,0,0,0.0
3932,1777472895.9440682,decode,183,1831696,0.9387309756273808,1851913,183,4649.129451684849,2320,0,0,2320,0,0,0,0.0
3933,1777472895.9812572,decode,183,1851696,0.94898083123254,1852096,183,4649.129451684849,2321,0,0,2321,2,0,0,0.0
3935,1777472896.026443,decode,183,1841851,0.9439353398109004,1851879,183,4649.129451684849,2321,0,0,2321,0,0,0,0.0
3936,1777472896.0635967,decode,183,1851851,0.94906026761348,1852062,183,4649.129451684849,2323,0,0,2323,1,0,0,0.0
3938,1777472896.1084316,decode,183,1852217,0.9492478399710544,1852034,183,4649.129451684849,2324,0,0,2324,0,0,0,0.0
3939,1777472896.1464171,decode,183,1811567,0.9284150084535684,1852217,183,4649.129451684849,2326,0,0,2326,0,0,0,0.0
3940,1777472896.1834705,decode,183,1851567,0.9489147196638867,1852400,183,4649.129451684849,2328,0,0,2328,4,0,0,0.0
3942,1777472896.2283802,decode,183,1831511,0.9386361644630331,1851750,183,4649.129451684849,2326,0,0,2326,0,0,0,0.0
3943,1777472896.265484,decode,183,1851511,0.9488860200681923,1851933,183,4649.129451684849,2328,0,0,2328,2,0,0,0.0
3945,1777472896.3154964,decode,183,1831466,0.9386131022879215,1851694,183,4649.129451684849,2328,0,0,2328,0,0,0,0.0
3946,1777472896.3523703,decode,183,1851466,0.9488629578930807,1851877,183,4649.129451684849,2329,0,0,2329,2,0,0,0.0
3948,1777472896.3979023,decode,183,1821221,0.9333626137541787,1851649,183,4649.129451684849,2329,0,0,2329,0,0,0,0.0
3949,1777472896.4349136,decode,183,1851221,0.9487373971619175,1851832,183,4649.129451684849,2331,0,0,2331,3,0,0,0.0
3951,1777472896.4812148,decode,183,1831165,0.9384588419610639,1851404,183,4649.129451684849,2330,0,0,2330,0,0,0,0.0
3952,1777472896.5173817,decode,183,1851165,0.948708697566223,1851587,183,4649.129451684849,2332,0,0,2332,2,0,0,0.0
3954,1777472896.562287,decode,183,1851531,0.9488962699237975,1851348,183,4649.129451684849,2332,0,0,2332,0,0,0,0.0
3955,1777472896.5999594,decode,183,1841503,0.9437569923233706,1851531,183,4649.129451684849,2334,0,0,2334,0,0,0,0.0
3956,1777472896.637246,decode,183,1851503,0.9488819201259502,1851714,183,4649.129451684849,2335,0,0,2335,1,0,0,0.0
3958,1777472896.6825132,decode,183,1831458,0.9386090023456795,1851686,183,4649.129451684849,2336,0,0,2336,0,0,0,0.0
3959,1777472896.7196152,decode,183,1851458,0.9488588579508386,1851869,183,4500.166008273466,2338,0,0,2338,2,0,0,0.0
3961,1777472896.7648876,decode,183,1831413,0.9385859401705678,1851641,183,4500.166008273466,2338,0,0,2338,0,0,0,0.0
3962,1777472896.802255,decode,183,1851413,0.948835795775727,1851824,183,4500.166008273466,2340,0,0,2340,2,0,0,0.0
3964,1777472896.8480225,decode,183,1821157,0.9333298142162423,1851596,183,4500.166008273466,2340,0,0,2340,0,0,0,0.0
3965,1777472896.8851054,decode,183,1851157,0.948704597623981,1851779,183,4500.166008273466,2342,0,0,2342,3,0,0,0.0
3967,1777472896.930121,decode,183,1851523,0.9488921699815553,1851340,183,4500.166008273466,2341,0,0,2341,0,0,0,0.0
3968,1777472896.9675548,decode,183,1851706,0.9489859561603425,1851523,183,4500.166008273466,2343,0,0,2343,0,0,0,0.0
3969,1777472897.004996,decode,183,1851889,0.9490797423391298,1851706,183,4500.166008273466,2344,0,0,2344,0,0,0,0.0
3970,1777472897.0438051,decode,183,1831672,0.9387186758006547,1851889,183,4500.166008273466,2346,0,0,2346,0,0,0,0.0
3971,1777472897.0802581,decode,183,1851672,0.9489685314058138,1852072,183,4500.166008273466,2347,0,0,2347,2,0,0,0.0
3973,1777472897.1264374,decode,183,1811227,0.9282407609082807,1851855,183,4500.166008273466,2347,0,0,2347,0,0,0,0.0
3974,1777472897.1633441,decode,183,1851227,0.948740472118599,1852038,183,4500.166008273466,2349,0,0,2349,4,0,0,0.0
3976,1777472897.2088416,decode,183,1820982,0.9332401279796971,1851410,183,4500.166008273466,2347,0,0,2347,0,0,0,0.0
3977,1777472897.2458608,decode,183,1850982,0.9486149113874358,1851593,183,4500.166008273466,2349,0,0,2349,3,0,0,0.0
3979,1777472897.290885,decode,183,1830926,0.9383363561865822,1851165,183,4500.166008273466,2348,0,0,2348,0,0,0,0.0
3980,1777472897.3280194,decode,183,1850926,0.9485862117917414,1851348,183,4500.166008273466,2350,0,0,2350,2,0,0,0.0
3982,1777472897.373316,decode,183,1790092,0.9174092259975287,1851109,183,4500.166008273466,2350,0,0,2350,0,0,0,0.0
3983,1777472897.4100628,decode,183,1850092,0.9481587928130063,1851292,183,4500.166008273466,2351,0,0,2351,6,0,0,0.0
3985,1777472897.4549353,decode,183,1850458,0.9483463651705807,1850275,183,4500.166008273466,2347,0,0,2347,0,0,0,0.0
3986,1777472897.49275,decode,183,1840430,0.9432070875701538,1850458,183,4500.166008273466,2349,0,0,2349,0,0,0,0.0
3987,1777472897.5299442,decode,183,1850430,0.9483320153727335,1850641,183,4500.166008273466,2351,0,0,2351,1,0,0,0.0
3989,1777472897.5752032,decode,183,1830385,0.9380590975924626,1850613,183,4500.166008273466,2352,0,0,2352,0,0,0,0.0
3990,1777472897.612204,decode,183,1850385,0.9483089531976219,1850796,183,4500.166008273466,2354,0,0,2354,2,0,0,0.0
3992,1777472897.6571069,decode,183,1830351,0.9380416728379339,1850568,183,4500.166008273466,2354,0,0,2354,0,0,0,0.0
3993,1777472897.6942468,decode,183,1850351,0.9482915284430931,1850751,183,4500.166008273466,2355,0,0,2355,2,0,0,0.0
3995,1777472897.7394536,decode,183,1820084,0.9327799094630255,1850534,183,4500.166008273466,2355,0,0,2355,0,0,0,0.0
3996,1777472897.7769294,decode,183,1829686,0.9377008651390624,1850717,183,4500.166008273466,2357,0,0,2357,3,0,0,0.0
3999,1777472897.841244,decode,183,1819419,0.9324391017641539,1849869,183,4500.166008273466,2355,0,0,2355,0,0,0,0.0
4000,1777472897.8781097,decode,183,1849419,0.9478138851718927,1850052,183,4500.166008273466,2357,0,0,2357,3,0,0,0.0
4002,1777472897.9226398,decode,183,1849785,0.9480014575294671,1849602,183,4500.166008273466,2356,0,0,2356,0,0,0,0.0
4003,1777472897.9608533,decode,183,1788713,0.916702498453553,1849785,183,4500.166008273466,2357,0,0,2357,0,0,0,0.0
4004,1777472897.997707,decode,183,1848713,0.9474520652690305,1849968,183,4500.166008273466,2359,0,0,2359,6,0,0,0.0
4006,1777472898.0434535,decode,183,1798057,0.9214912309922834,1848896,183,4500.166008273466,2355,0,0,2355,0,0,0,0.0
4007,1777472898.0803256,decode,183,1848057,0.9471158700051813,1849079,183,4500.166008273466,2357,0,0,2357,5,0,0,0.0
4009,1777472898.1254604,decode,183,1838212,0.9420703785835417,1848240,183,4500.166008273466,2354,0,0,2354,0,0,0,0.0
4010,1777472898.1624923,decode,183,1848212,0.9471953063861213,1848423,183,4500.166008273466,2356,0,0,2356,1,0,0,0.0
4012,1777472898.206946,decode,183,1848578,0.9473828787436956,1848395,183,4500.166008273466,2357,0,0,2357,0,0,0,0.0
4013,1777472898.2449534,decode,183,1838550,0.9422436011432689,1848578,183,4500.166008273466,2358,0,0,2358,0,0,0,0.0
4014,1777472898.2819254,decode,183,1848550,0.9473685289458484,1848761,183,4500.166008273466,2360,0,0,2360,1,0,0,0.0
4016,1777472898.3276854,decode,183,1828494,0.9370899737449949,1848733,183,4500.166008273466,2361,0,0,2361,0,0,0,0.0
4017,1777472898.3644984,decode,183,1848494,0.947339829350154,1848916,183,4450.162274619336,2363,0,0,2363,2,0,0,0.0
4019,1777472898.4100802,decode,183,1828460,0.9370725489904661,1848677,183,4450.162274619336,2363,0,0,2363,0,0,0,0.0
4020,1777472898.4470773,decode,183,1848460,0.9473224045956252,1848860,183,4450.162274619336,2365,0,0,2365,2,0,0,0.0
4022,1777472898.493397,decode,183,1818204,0.9318164230361404,1848643,183,4450.162274619336,2365,0,0,2365,0,0,0,0.0
4023,1777472898.5303943,decode,183,1848204,0.9471912064438792,1848826,183,4450.162274619336,2366,0,0,2366,3,0,0,0.0
4025,1777472898.5753205,decode,183,1848570,0.9473787788014536,1848387,183,4450.162274619336,2365,0,0,2365,0,0,0,0.0
4026,1777472898.6131246,decode,183,1828353,0.9370177122629785,1848570,183,4450.162274619336,2367,0,0,2367,0,0,0,0.0
4027,1777472898.6504152,decode,183,1848353,0.9472675678681377,1848753,183,4450.162274619336,2369,0,0,2369,2,0,0,0.0
4029,1777472898.6960673,decode,183,1848719,0.9474551402257121,1848536,183,4450.162274619336,2369,0,0,2369,0,0,0,0.0
4030,1777472898.7336571,decode,183,1848902,0.9475489264044993,1848719,183,4450.162274619336,2371,0,0,2371,0,0,0,0.0
4031,1777472898.7712255,decode,183,1838874,0.9424096488040725,1848902,183,4450.162274619336,2372,0,0,2372,0,0,0,0.0
4032,1777472898.8081465,decode,183,1848874,0.9475345766066521,1849085,183,4450.162274619336,2374,0,0,2374,1,0,0,0.0
4034,1777472898.8537893,decode,183,1828829,0.9372616588263812,1849057,183,4450.162274619336,2375,0,0,2375,0,0,0,0.0
4035,1777472898.8908927,decode,183,1848829,0.9475115144315405,1849240,183,4450.162274619336,2377,0,0,2377,2,0,0,0.0
4037,1777472898.9370146,decode,183,1757395,0.9006522495614343,1849012,183,4450.162274619336,2377,0,0,2377,0,0,0,0.0
4038,1777472898.973621,decode,183,1847395,0.9467765997846506,1849195,183,4450.162274619336,2379,0,0,2379,9,0,0,0.0
4040,1777472899.018571,decode,183,1847761,0.946964172142225,1847578,183,4450.162274619336,2371,0,0,2371,0,0,0,0.0
4041,1777472899.0563219,decode,183,1827522,0.9365918307625841,1847761,183,4450.162274619336,2373,0,0,2373,0,0,0,0.0
4042,1777472899.093379,decode,183,1847522,0.9468416863677432,1847944,183,4450.162274619336,2375,0,0,2375,2,0,0,0.0
4044,1777472899.1382842,decode,183,1847888,0.9470292587253177,1847705,183,4450.162274619336,2375,0,0,2375,0,0,0,0.0
4045,1777472899.1761315,decode,183,1817449,0.9314294909870457,1847888,183,4450.162274619336,2377,0,0,2377,0,0,0,0.0
4046,1777472899.2131116,decode,183,1847449,0.9468042743947844,1848071,183,4450.162274619336,2379,0,0,2379,3,0,0,0.0
4048,1777472899.257819,decode,183,1847815,0.9469918467523589,1847632,183,4450.162274619336,2377,0,0,2377,0,0,0,0.0
4049,1777472899.295479,decode,183,1827576,0.9366195053727181,1847815,183,4450.162274619336,2379,0,0,2379,0,0,0,0.0
4050,1777472899.332437,decode,183,1847576,0.9468693609778772,1847998,183,4450.162274619336,2381,0,0,2381,2,0,0,0.0
4052,1777472899.3782575,decode,183,1786709,0.915675462921916,1847759,183,4450.162274619336,2381,0,0,2381,0,0,0,0.0
4053,1777472899.4153547,decode,183,1826300,0.9359655645851089,1847942,183,4450.162274619336,2383,0,0,2383,6,0,0,0.0
4056,1777472899.4774683,decode,183,1856483,0.9514341341716348,1846483,183,4450.162274619336,2377,0,0,2377,1,0,0,0.0
4058,1777472899.5240698,decode,184,1856851,0.9516227315147698,1856667,184,4450.162274619336,2378,0,0,2378,0,0,0,0.0
4059,1777472899.561552,decode,184,1857035,0.9517170301863372,1856851,184,4450.162274619336,2380,0,0,2380,0,0,0,0.0
4060,1777472899.5995972,decode,184,1826619,0.9361290497820112,1857035,184,4450.162274619336,2382,0,0,2382,0,0,0,0.0
4061,1777472899.637071,decode,184,1816011,0.9306925263690348,1857219,184,4450.162274619336,2384,0,0,2384,2,0,0,0.0
4064,1777472899.69052,decode,183,1856194,0.9512860237581403,1846194,183,4450.162274619336,2381,0,0,2381,1,0,0,0.0
4066,1777472899.736061,decode,184,1856562,0.9514746211012752,1856378,184,4450.162274619336,2382,0,0,2382,0,0,0,0.0
4067,1777472899.7743413,decode,184,1795513,0.9201874493593072,1856562,184,4450.162274619336,2384,0,0,2384,0,0,0,0.0
4068,1777472899.8112423,decode,184,1845513,0.9458120883722051,1856746,184,4450.162274619336,2386,0,0,2386,5,0,0,0.0
4070,1777472899.8565404,decode,183,1804646,0.924868045921403,1845696,183,4450.162274619336,2383,0,0,2383,1,0,0,0.0
4073,1777472899.9127555,decode,183,1834420,0.9401270059608036,1844829,183,4450.162274619336,2380,0,0,2380,1,0,0,0.0
4076,1777472899.9645367,decode,184,1854788,0.9505654589090976,1854604,184,4450.162274619336,2379,0,0,2379,0,0,0,0.0
4077,1777472900.0017533,decode,184,1854972,0.9506597575806651,1854788,184,4450.162274619336,2381,0,0,2381,0,0,0,0.0
4078,1777472900.0391967,decode,184,1855156,0.9507540562522325,1854972,184,4376.9189688394745,2383,0,0,2383,0,0,0,0.0
4079,1777472900.0770335,decode,184,1834918,0.940382227365372,1855156,184,4376.9189688394745,2384,0,0,2384,0,0,0,0.0
4080,1777472900.114411,decode,184,1844708,0.9453995316840974,1855340,184,4376.9189688394745,2386,0,0,2386,2,0,0,0.0
4083,1777472900.1637866,decode,184,1855076,0.9507130568298119,1854892,184,4376.9189688394745,2385,0,0,2385,0,0,0,0.0
4084,1777472900.2012606,decode,184,1855260,0.9508073555013794,1855076,184,4376.9189688394745,2387,0,0,2387,0,0,0,0.0
4085,1777472900.2387252,decode,184,1855444,0.9509016541729468,1855260,184,4376.9189688394745,2389,0,0,2389,0,0,0,0.0
4086,1777472900.2762783,decode,184,1855628,0.9509959528445143,1855444,184,4376.9189688394745,2390,0,0,2390,0,0,0,0.0
4087,1777472900.3137712,decode,184,1855812,0.9510902515160817,1855628,184,4376.9189688394745,2392,0,0,2392,0,0,0,0.0
4088,1777472900.3518806,decode,184,1804963,0.9250305061327448,1855812,184,4376.9189688394745,2394,0,0,2394,0,0,0,0.0
4089,1777472900.3887396,decode,184,1844963,0.9455302173430632,1855996,184,4376.9189688394745,2396,0,0,2396,4,0,0,0.0
4091,1777472900.43336,decode,183,1855146,0.95074893132443,1845146,183,4376.9189688394745,2394,0,0,2394,1,0,0,0.0
4093,1777472900.4785204,decode,184,1855514,0.9509375286675649,1855330,184,4376.9189688394745,2395,0,0,2395,0,0,0,0.0
4094,1777472900.5160248,decode,184,1855698,0.9510318273391324,1855514,184,4376.9189688394745,2396,0,0,2396,0,0,0,0.0
4095,1777472900.5535202,decode,184,1855882,0.9511261260106998,1855698,184,4376.9189688394745,2398,0,0,2398,0,0,0,0.0
4096,1777472900.5918655,decode,184,1794822,0.919833316848149,1855882,184,4376.9189688394745,2400,0,0,2400,0,0,0,0.0
4097,1777472900.6289408,decode,184,1824402,0.9349928532881793,1856066,184,4376.9189688394745,2402,0,0,2402,5,0,0,0.0
4100,1777472900.6813962,decode,183,1854585,0.9504614228747053,1844585,183,4376.9189688394745,2397,0,0,2397,1,0,0,0.0
4102,1777472900.727148,decode,184,1854953,0.9506500202178402,1854769,184,4376.9189688394745,2398,0,0,2398,0,0,0,0.0
4103,1777472900.764669,decode,184,1855137,0.9507443188894077,1854953,184,4376.9189688394745,2400,0,0,2400,0,0,0,0.0
4104,1777472900.802405,decode,184,1845110,0.9456055537817611,1855137,184,4376.9189688394745,2402,0,0,2402,0,0,0,0.0
4105,1777472900.8400328,decode,184,1855110,0.9507304815843407,1855321,184,4376.9189688394745,2403,0,0,2403,1,0,0,0.0
4107,1777472900.8854687,decode,184,1845267,0.9456860151482616,1855294,184,4376.9189688394745,2404,0,0,2404,0,0,0,0.0
4108,1777472900.922688,decode,184,1855267,0.9508109429508412,1855478,184,4376.9189688394745,2406,0,0,2406,1,0,0,0.0
4110,1777472900.9679618,decode,184,1855635,0.9509995402939762,1855451,184,4376.9189688394745,2407,0,0,2407,0,0,0,0.0
4111,1777472901.0058646,decode,184,1855819,0.9510938389655436,1855635,184,4376.9189688394745,2409,0,0,2409,0,0,0,0.0
4112,1777472901.0444596,decode,184,1815181,0.9302671573614206,1855819,184,4376.9189688394745,2411,0,0,2411,0,0,0,0.0
4113,1777472901.0809953,decode,184,1824772,0.9351824756168747,1856003,184,4376.9189688394745,2412,0,0,2412,3,0,0,0.0
4116,1777472901.132375,decode,183,1854955,0.9506510452034007,1844955,183,4376.9189688394745,2410,0,0,2410,1,0,0,0.0
4118,1777472901.177925,decode,184,1855323,0.9508396425465356,1855139,184,4376.9189688394745,2411,0,0,2411,0,0,0,0.0
4119,1777472901.2154496,decode,184,1855507,0.950933941218103,1855323,184,4376.9189688394745,2412,0,0,2412,0,0,0,0.0
4120,1777472901.2530208,decode,184,1855691,0.9510282398896706,1855507,184,4376.9189688394745,2414,0,0,2414,0,0,0,0.0
4121,1777472901.2904532,decode,184,1855875,0.9511225385612381,1855691,184,4376.9189688394745,2416,0,0,2416,0,0,0,0.0
4122,1777472901.3279462,decode,184,1856059,0.9512168372328055,1855875,184,4376.9189688394745,2418,0,0,2418,0,0,0,0.0
4123,1777472901.3654726,decode,184,1856243,0.951311135904373,1856059,184,4376.9189688394745,2419,0,0,2419,0,0,0,0.0
4124,1777472901.4029653,decode,184,1856427,0.9514054345759404,1856243,184,4376.9189688394745,2421,0,0,2421,0,0,0,0.0
4125,1777472901.4408126,decode,184,1846411,0.9462723068888768,1856427,184,4376.9189688394745,2423,0,0,2423,0,0,0,0.0
4126,1777472901.478319,decode,184,1846201,0.9461646834050226,1856611,184,4376.9189688394745,2424,0,0,2424,1,0,0,0.0
4128,1777472901.5232499,decode,183,1856384,0.9513833973863893,1846384,183,4376.9189688394745,2425,0,0,2425,1,0,0,0.0
4130,1777472901.568344,decode,184,1856752,0.9515719947295243,1856568,184,4376.9189688394745,2427,0,0,2427,0,0,0,0.0
4131,1777472901.6059458,decode,184,1856936,0.9516662934010918,1856752,184,4376.9189688394745,2428,0,0,2428,0,0,0,0.0
4132,1777472901.6435447,decode,184,1857120,0.9517605920726592,1856936,184,4585.03785335459,2430,0,0,2430,0,0,0,0.0
4133,1777472901.680944,decode,184,1857304,0.9518548907442267,1857120,184,4585.03785335459,2432,0,0,2432,0,0,0,0.0
4134,1777472901.7184215,decode,184,1857488,0.9519491894157941,1857304,184,4585.03785335459,2433,0,0,2433,0,0,0,0.0
4135,1777472901.7559903,decode,184,1857672,0.9520434880873616,1857488,184,4585.03785335459,2435,0,0,2435,0,0,0,0.0
4136,1777472901.7935483,decode,184,1857856,0.952137786758929,1857672,184,4585.03785335459,2437,0,0,2437,0,0,0,0.0
4137,1777472901.831127,decode,184,1858040,0.9522320854304965,1857856,184,4585.03785335459,2439,0,0,2439,0,0,0,0.0
4138,1777472901.8690474,decode,184,1837813,0.9418658939642188,1858040,184,4585.03785335459,2440,0,0,2440,0,0,0,0.0
4139,1777472901.906169,decode,184,1847813,0.9469908217667984,1858224,184,4585.03785335459,2442,0,0,2442,1,0,0,0.0
4141,1777472901.9554229,decode,183,1848179,0.9471783941243728,1847996,183,4585.03785335459,2443,0,0,2443,0,0,0,0.0
4142,1777472901.9927518,decode,183,1848362,0.94727218030316,1848179,183,4585.03785335459,2445,0,0,2445,0,0,0,0.0
4143,1777472902.0302,decode,183,1848545,0.9473659664819472,1848362,183,4585.03785335459,2447,0,0,2447,0,0,0,0.0
4144,1777472902.0675764,decode,183,1848728,0.9474597526607343,1848545,183,4585.03785335459,2448,0,0,2448,0,0,0,0.0
4145,1777472902.1049745,decode,183,1848911,0.9475535388395216,1848728,183,4585.03785335459,2450,0,0,2450,0,0,0,0.0
4146,1777472902.1423383,decode,183,1849094,0.9476473250183088,1848911,183,4585.03785335459,2452,0,0,2452,0,0,0,0.0
4147,1777472902.179797,decode,183,1849277,0.947741111197096,1849094,183,4585.03785335459,2453,0,0,2453,0,0,0,0.0
4148,1777472902.2175791,decode,183,1829049,0.937374407238038,1849277,183,4585.03785335459,2455,0,0,2455,0,0,0,0.0
4149,1777472902.2546256,decode,183,1849049,0.9476242628431972,1849460,183,4585.03785335459,2457,0,0,2457,2,0,0,0.0
4151,1777472902.3002696,decode,183,1808593,0.9268908549250813,1849232,183,4585.03785335459,2457,0,0,2457,0,0,0,0.0
4152,1777472902.3372433,decode,183,1848593,0.9473905661353995,1849415,183,4585.03785335459,2459,0,0,2459,4,0,0,0.0
4154,1777472902.382108,decode,183,1848959,0.947578138492974,1848776,183,4585.03785335459,2457,0,0,2457,0,0,0,0.0
4155,1777472902.4195347,decode,183,1849142,0.9476719246717612,1848959,183,4585.03785335459,2458,0,0,2458,0,0,0,0.0
4156,1777472902.4569697,decode,183,1849325,0.9477657108505484,1849142,183,4585.03785335459,2460,0,0,2460,0,0,0,0.0
4157,1777472902.494362,decode,183,1849508,0.9478594970293356,1849325,183,4585.03785335459,2462,0,0,2462,0,0,0,0.0
4158,1777472902.5318155,decode,183,1849691,0.9479532832081228,1849508,183,4585.03785335459,2464,0,0,2464,0,0,0,0.0
4159,1777472902.5697331,decode,183,1829474,0.9375922166696476,1849691,183,4585.03785335459,2465,0,0,2465,0,0,0,0.0
4160,1777472902.6066642,decode,183,1849474,0.9478420722748069,1849874,183,4585.03785335459,2467,0,0,2467,2,0,0,0.0
4162,1777472902.6518314,decode,183,1849840,0.9480296446323813,1849657,183,4585.03785335459,2467,0,0,2467,0,0,0,0.0
4163,1777472902.6892982,decode,183,1850023,0.9481234308111685,1849840,183,4585.03785335459,2469,0,0,2469,0,0,0,0.0
4164,1777472902.727321,decode,183,1809373,0.9272905992936824,1850023,183,4585.03785335459,2471,0,0,2471,0,0,0,0.0
4165,1777472902.7642791,decode,183,1849373,0.9477903105040008,1850206,183,4585.03785335459,2472,0,0,2472,4,0,0,0.0
4167,1777472902.810672,decode,183,1849739,0.9479778828615751,1849556,183,4585.03785335459,2470,0,0,2470,0,0,0,0.0
4168,1777472902.8472867,decode,183,1849922,0.9480716690403624,1849739,183,4585.03785335459,2472,0,0,2472,0,0,0,0.0
4169,1777472902.8849428,decode,183,1850105,0.9481654552191496,1849922,183,4585.03785335459,2473,0,0,2473,0,0,0,0.0
4170,1777472902.922357,decode,183,1840088,0.9430318150393057,1850105,183,4585.03785335459,2475,0,0,2475,0,0,0,0.0
4171,1777472902.9593058,decode,183,1850088,0.9481567428418852,1850288,183,4585.03785335459,2477,0,0,2477,1,0,0,0.0
4173,1777472903.0042644,decode,183,1850454,0.9483443151994596,1850271,183,4585.03785335459,2478,0,0,2478,0,0,0,0.0
4174,1777472903.0416317,decode,183,1850637,0.9484381013782468,1850454,183,4585.03785335459,2479,0,0,2479,0,0,0,0.0
4175,1777472903.079486,decode,183,1840620,0.9433044611984028,1850637,183,4585.03785335459,2481,0,0,2481,0,0,0,0.0
4176,1777472903.1169612,decode,183,1850620,0.9484293890009825,1850820,183,4585.03785335459,2483,0,0,2483,1,0,0,0.0
4178,1777472903.1637409,decode,183,1799942,0.9224572798830697,1850803,183,4585.03785335459,2484,0,0,2484,0,0,0,0.0
4179,1777472903.2005634,decode,183,1849942,0.9480819188959676,1850986,183,4705.788485569505,2486,0,0,2486,5,0,0,0.0
4181,1777472903.2456887,decode,183,1840097,0.9430364274743279,1850125,183,4705.788485569505,2483,0,0,2483,0,0,0,0.0
4182,1777472903.283168,decode,183,1839898,0.9429344414110566,1850308,183,4705.788485569505,2484,0,0,2484,1,0,0,0.0
4185,1777472903.3325872,decode,183,1850264,0.9482469415712106,1850081,183,4705.788485569505,2485,0,0,2485,0,0,0,0.0
4186,1777472903.3700144,decode,183,1850447,0.9483407277499978,1850264,183,4705.788485569505,2486,0,0,2486,0,0,0,0.0
4187,1777472903.4075701,decode,183,1850630,0.9484345139287851,1850447,183,4705.788485569505,2488,0,0,2488,0,0,0,0.0
4188,1777472903.4452739,decode,183,1840602,0.9432952363283582,1850630,183,4705.788485569505,2490,0,0,2490,0,0,0,0.0
4189,1777472903.4825788,decode,183,1850602,0.9484201641309378,1850813,183,4705.788485569505,2492,0,0,2492,1,0,0,0.0
4191,1777472903.5278893,decode,183,1850968,0.9486077364885123,1850785,183,4705.788485569505,2493,0,0,2493,0,0,0,0.0
4192,1777472903.5652933,decode,183,1851151,0.9487015226672995,1850968,183,4705.788485569505,2494,0,0,2494,0,0,0,0.0
4193,1777472903.6029897,decode,183,1841134,0.9435678824874555,1851151,183,4705.788485569505,2496,0,0,2496,0,0,0,0.0
4194,1777472903.6401439,decode,183,1851134,0.948692810290035,1851334,183,4705.788485569505,2498,0,0,2498,1,0,0,0.0
4196,1777472903.684926,decode,183,1851500,0.9488803826476094,1851317,183,4705.788485569505,2499,0,0,2499,0,0,0,0.0
4197,1777472903.7224262,decode,183,1851683,0.9489741688263966,1851500,183,4705.788485569505,2501,0,0,2501,0,0,0,0.0
4198,1777472903.7599378,decode,183,1851866,0.9490679550051838,1851683,183,4705.788485569505,2502,0,0,2502,0,0,0,0.0
4199,1777472903.797642,decode,183,1841838,0.943928677404757,1851866,183,4705.788485569505,2504,0,0,2504,0,0,0,0.0
4200,1777472903.8347533,decode,183,1851838,0.9490536052073366,1852049,183,4705.788485569505,2506,0,0,2506,1,0,0,0.0
4202,1777472903.884423,decode,183,1821582,0.9335476236478518,1852021,183,4705.788485569505,2507,0,0,2507,0,0,0,0.0
4203,1777472903.9210978,decode,183,1851582,0.9489224070555906,1852204,183,4705.788485569505,2509,0,0,2509,3,0,0,0.0
4205,1777472903.965969,decode,183,1851948,0.949109979413165,1851765,183,4705.788485569505,2508,0,0,2508,0,0,0,0.0
4206,1777472904.0035594,decode,183,1852131,0.9492037655919522,1851948,183,4705.788485569505,2509,0,0,2509,0,0,0,0.0
4207,1777472904.041409,decode,183,1821692,0.9336039978536802,1852131,183,4705.788485569505,2511,0,0,2511,0,0,0,0.0
4208,1777472904.0785556,decode,183,1851692,0.948978781261419,1852314,183,4705.788485569505,2513,0,0,2513,3,0,0,0.0
4210,1777472904.1237125,decode,183,1841847,0.9439332898397794,1851875,183,4705.788485569505,2512,0,0,2512,0,0,0,0.0
4211,1777472904.1608863,decode,183,1851847,0.949058217642359,1852058,183,4705.788485569505,2514,0,0,2514,1,0,0,0.0
4213,1777472904.2055626,decode,183,1852213,0.9492457899999334,1852030,183,4705.788485569505,2515,0,0,2515,0,0,0,0.0
4214,1777472904.2437193,decode,183,1801385,0.9231968069649819,1852213,183,4705.788485569505,2516,0,0,2516,0,0,0,0.0
4215,1777472904.2805767,decode,183,1851385,0.9488214459778798,1852396,183,4705.788485569505,2518,0,0,2518,5,0,0,0.0
4217,1777472904.3264458,decode,183,1821129,0.933315464418395,1851568,183,4705.788485569505,2515,0,0,2515,0,0,0,0.0
4218,1777472904.3634434,decode,183,1851129,0.9486902478261338,1851751,183,4705.788485569505,2517,0,0,2517,3,0,0,0.0
4220,1777472904.4085011,decode,183,1851495,0.9488778201837081,1851312,183,4705.788485569505,2516,0,0,2516,0,0,0,0.0
4221,1777472904.4459014,decode,183,1851678,0.9489716063624953,1851495,183,4705.788485569505,2518,0,0,2518,0,0,0,0.0
4222,1777472904.4838612,decode,183,1821250,0.9333774760448063,1851678,183,4705.788485569505,2519,0,0,2519,0,0,0,0.0
4223,1777472904.521053,decode,183,1851250,0.9487522594525449,1851861,183,4705.788485569505,2521,0,0,2521,3,0,0,0.0
4225,1777472904.5669293,decode,183,1831205,0.9384793416722742,1851433,183,4705.788485569505,2520,0,0,2520,0,0,0,0.0
4226,1777472904.6039379,decode,183,1851205,0.9487291972774333,1851616,183,4705.788485569505,2522,0,0,2522,2,0,0,0.0
4228,1777472904.64904,decode,183,1851571,0.9489167696350078,1851388,183,4705.788485569505,2522,0,0,2522,0,0,0,0.0
4229,1777472904.6867387,decode,183,1841554,0.9437831294551638,1851571,183,4705.788485569505,2524,0,0,2524,0,0,0,0.0
4230,1777472904.7239864,decode,183,1851554,0.9489080572577434,1851754,183,4705.788485569505,2525,0,0,2525,1,0,0,0.0
4232,1777472904.7696807,decode,183,1831509,0.9386351394774726,1851737,183,4705.788485569505,2526,0,0,2526,0,0,0,0.0
4233,1777472904.8067536,decode,183,1851509,0.9488849950826318,1851920,183,4557.369484011914,2528,0,0,2528,2,0,0,0.0
4235,1777472904.8524427,decode,183,1821253,0.933379013523147,1851692,183,4557.369484011914,2528,0,0,2528,0,0,0,0.0
4236,1777472904.8894477,decode,183,1851253,0.9487537969308857,1851875,183,4557.369484011914,2530,0,0,2530,3,0,0,0.0
4238,1777472904.9351337,decode,183,1831208,0.938480879150615,1851436,183,4557.369484011914,2529,0,0,2529,0,0,0,0.0
4239,1777472904.9723356,decode,183,1851208,0.9487307347557741,1851619,183,4557.369484011914,2531,0,0,2531,2,0,0,0.0
4241,1777472905.0175421,decode,183,1841363,0.9436852433341345,1851391,183,4557.369484011914,2531,0,0,2531,0,0,0,0.0
4242,1777472905.05473,decode,183,1851363,0.9488101711367141,1851574,183,4557.369484011914,2533,0,0,2533,1,0,0,0.0
4244,1777472905.0995257,decode,183,1851729,0.9489977434942886,1851546,183,4557.369484011914,2534,0,0,2534,0,0,0,0.0
4245,1777472905.1379147,decode,183,1841712,0.9438641033144446,1851729,183,4557.369484011914,2535,0,0,2535,0,0,0,0.0
4246,1777472905.1750746,decode,183,1851712,0.9489890311170242,1851912,183,4557.369484011914,2537,0,0,2537,1,0,0,0.0
4248,1777472905.2366261,decode,183,1821467,0.9334886869781222,1851895,183,4557.369484011914,2539,0,0,2539,0,0,0,0.0
4249,1777472905.2731304,decode,183,1851467,0.9488634703858609,1852078,183,4557.369484011914,2540,0,0,2540,3,0,0,0.0
4251,1777472905.3192112,decode,183,1811022,0.9281356998883278,1851650,183,4557.369484011914,2539,0,0,2539,0,0,0,0.0
4252,1777472905.3562038,decode,183,1851022,0.9486354110986461,1851833,183,4557.369484011914,2541,0,0,2541,4,0,0,0.0
4254,1777472905.4019144,decode,183,1820766,0.9331294295391613,1851205,183,4557.369484011914,2539,0,0,2539,0,0,0,0.0
4255,1777472905.4391532,decode,183,1850766,0.9485042129469001,1851388,183,4557.369484011914,2541,0,0,2541,3,0,0,0.0
4257,1777472905.4846904,decode,183,1840932,0.9434643589458434,1850949,183,4557.369484011914,2540,0,0,2540,0,0,0,0.0
4258,1777472905.5217988,decode,183,1850932,0.9485892867484229,1851132,183,4557.369484011914,2542,0,0,2542,1,0,0,0.0
4260,1777472905.5669708,decode,183,1851298,0.9487768591059973,1851115,183,4557.369484011914,2543,0,0,2543,0,0,0,0.0
4261,1777472905.6046677,decode,183,1841270,0.9436375815055705,1851298,183,4557.369484011914,2545,0,0,2545,0,0,0,0.0
4262,1777472905.6419094,decode,183,1851270,0.9487625093081501,1851481,183,4557.369484011914,2546,0,0,2546,1,0,0,0.0
4264,1777472905.6890707,decode,183,1810814,0.9280291013900341,1851453,183,4557.369484011914,2547,0,0,2547,0,0,0,0.0
4265,1777472905.7250597,decode,183,1850814,0.9485288126003525,1851636,183,4557.369484011914,2549,0,0,2549,4,0,0,0.0
4267,1777472905.770976,decode,183,1840980,0.9434889585992957,1850997,183,4557.369484011914,2547,0,0,2547,0,0,0,0.0
4268,1777472905.8082335,decode,183,1850980,0.9486138864018753,1851180,183,4557.369484011914,2548,0,0,2548,1,0,0,0.0
4270,1777472905.8541095,decode,183,1800335,0.9226586895457111,1851163,183,4557.369484011914,2549,0,0,2549,0,0,0,0.0
4271,1777472905.8910103,decode,183,1850335,0.948283328558609,1851346,183,4557.369484011914,2551,0,0,2551,5,0,0,0.0
4273,1777472905.9372785,decode,183,1779246,0.9118507293028509,1850518,183,4557.369484011914,2548,0,0,2548,0,0,0,0.0
4274,1777472905.9738941,decode,183,1849246,0.947725223920908,1850701,183,4557.369484011914,2550,0,0,2550,7,0,0,0.0
4276,1777472906.019177,decode,183,1849612,0.9479127962784825,1849429,183,4557.369484011914,2545,0,0,2545,0,0,0,0.0
4277,1777472906.0571089,decode,183,1819184,0.9323186659607933,1849612,183,4557.369484011914,2547,0,0,2547,0,0,0,0.0
4278,1777472906.0941691,decode,183,1849184,0.9476934493685321,1849795,183,4557.369484011914,2549,0,0,2549,3,0,0,0.0
4280,1777472906.1395528,decode,183,1808750,0.9269713162915817,1849367,183,4557.369484011914,2548,0,0,2548,0,0,0,0.0
4281,1777472906.176595,decode,183,1848750,0.9474710275019,1849550,183,4557.369484011914,2549,0,0,2549,4,0,0,0.0
4283,1777472906.2222364,decode,183,1828705,0.9371981097216293,1848933,183,4557.369484011914,2547,0,0,2547,0,0,0,0.0
4284,1777472906.259329,decode,183,1848705,0.9474479653267884,1849116,183,4557.369484011914,2549,0,0,2549,2,0,0,0.0
4286,1777472906.3046412,decode,183,1838860,0.9424024739051489,1848888,183,4557.369484011914,2549,0,0,2549,0,0,0,0.0
4287,1777472906.342052,decode,183,1838661,0.9423004878418775,1849071,183,4557.369484011914,2551,0,0,2551,1,0,0,0.0
4290,1777472906.391922,decode,183,1838816,0.9423799242228175,1848844,183,4557.369484011914,2551,0,0,2551,0,0,0,0.0
4291,1777472906.4290335,decode,183,1848816,0.9475048520253971,1849027,183,4557.369484011914,2553,0,0,2553,1,0,0,0.0
4293,1777472906.4743595,decode,183,1849182,0.9476924243829715,1848999,183,4389.534501418608,2554,0,0,2554,0,0,0,0.0
4294,1777472906.5124583,decode,183,1798321,0.9216265290862715,1849182,183,4389.534501418608,2556,0,0,2556,0,0,0,0.0
4295,1777472906.5493126,decode,183,1848321,0.9472511680991694,1849365,183,4389.534501418608,2557,0,0,2557,5,0,0,0.0
4297,1777472906.5950725,decode,183,1828276,0.9369782503188986,1848504,183,4389.534501418608,2554,0,0,2554,0,0,0,0.0
4298,1777472906.6322916,decode,183,1848276,0.9472281059240578,1848687,183,4389.534501418608,2556,0,0,2556,2,0,0,0.0
4300,1777472906.677405,decode,183,1848642,0.9474156782816322,1848459,183,4389.534501418608,2556,0,0,2556,0,0,0,0.0
4301,1777472906.715197,decode,183,1828425,0.9370546117431571,1848642,183,4389.534501418608,2558,0,0,2558,0,0,0,0.0
4302,1777472906.7522795,decode,183,1848425,0.9473044673483162,1848825,183,4389.534501418608,2560,0,0,2560,2,0,0,0.0
4304,1777472906.7971659,decode,183,1848791,0.9474920397058907,1848608,183,4389.534501418608,2560,0,0,2560,0,0,0,0.0
4305,1777472906.834569,decode,183,1848974,0.9475858258846779,1848791,183,4389.534501418608,2561,0,0,2561,0,0,0,0.0
4306,1777472906.8723817,decode,183,1828735,0.937213484505037,1848974,183,4389.534501418608,2563,0,0,2563,0,0,0,0.0
4307,1777472906.9095175,decode,183,1848735,0.9474633401101962,1849157,183,4389.534501418608,2565,0,0,2565,2,0,0,0.0
4309,1777472907.029461,decode,183,1818490,0.9319629959712943,1848918,183,4389.534501418608,2568,0,0,2568,0,0,0,0.0
4310,1777472907.0660272,decode,183,1848490,0.947337779379033,1849101,183,4389.534501418608,2570,0,0,2570,3,0,0,0.0
4312,1777472907.1118283,decode,183,1797834,0.9213769451022858,1848673,183,4389.534501418608,2569,0,0,2569,0,0,0,0.0
4313,1777472907.1486852,decode,183,1847834,0.9470015841151838,1848856,183,4389.534501418608,2570,0,0,2570,5,0,0,0.0
4315,1777472907.1939545,decode,183,1848200,0.9471891564727581,1848017,183,4389.534501418608,2567,0,0,2567,0,0,0,0.0
4316,1777472907.2313986,decode,183,1848383,0.9472829426515454,1848200,183,4389.534501418608,2569,0,0,2569,0,0,0,0.0
4317,1777472907.2687783,decode,183,1848566,0.9473767288303326,1848383,183,4389.534501418608,2571,0,0,2571,0,0,0,0.0
4318,1777472907.3065324,decode,183,1848749,0.9474705150091198,1848566,183,4389.534501418608,2573,0,0,2573,0,0,0,0.0
4319,1777472907.3440235,decode,183,1838732,0.9423368748292759,1848749,183,4389.534501418608,2574,0,0,2574,0,0,0,0.0
4320,1777472907.3813252,decode,183,1838522,0.9422292513454217,1848932,183,4389.534501418608,2576,0,0,2576,1,0,0,0.0
4323,1777472907.4312885,decode,183,1848888,0.9475417515055756,1848705,183,4389.534501418608,2576,0,0,2576,0,0,0,0.0
4324,1777472907.4689054,decode,183,1838871,0.9424081113257317,1848888,183,4389.534501418608,2578,0,0,2578,0,0,0,0.0
4325,1777472907.5060916,decode,183,1848871,0.9475330391283113,1849071,183,4389.534501418608,2580,0,0,2580,1,0,0,0.0
4327,1777472907.552335,decode,183,1726771,0.8849576706588146,1849054,183,4389.534501418608,2581,0,0,2581,0,0,0,0.0
4328,1777472907.588977,decode,183,1836572,0.9412298904239187,1849237,183,4389.534501418608,2583,0,0,2583,12,0,0,0.0
4331,1777472907.6389415,decode,183,1856755,0.951573532207865,1846755,183,4389.534501418608,2572,0,0,2572,1,0,0,0.0
4333,1777472907.6855943,decode,184,1836701,0.9412960019925719,1856939,184,4389.534501418608,2573,0,0,2573,0,0,0,0.0
4334,1777472907.7227125,decode,184,1846701,0.9464209297951515,1857123,184,4389.534501418608,2575,0,0,2575,1,0,0,0.0
4336,1777472907.7679415,decode,183,1826287,0.9359589021789656,1846884,183,4389.534501418608,2576,0,0,2576,1,0,0,0.0
4339,1777472907.8214335,decode,183,1825851,0.935735455326773,1846470,183,4389.534501418608,2575,0,0,2575,1,0,0,0.0
4342,1777472907.8726835,decode,183,1856034,0.951204024913299,1846034,183,4389.534501418608,2574,0,0,2574,1,0,0,0.0
4344,1777472907.9180086,decode,184,1856402,0.951392622256434,1856218,184,4389.534501418608,2575,0,0,2575,0,0,0,0.0
4345,1777472907.9562795,decode,184,1805575,0.9253441517142628,1856402,184,4389.534501418608,2577,0,0,2577,0,0,0,0.0
4346,1777472907.9938135,decode,184,1804779,0.9249362074611774,1856586,184,4389.534501418608,2579,0,0,2579,4,0,0,0.0
4349,1777472908.047875,decode,183,1824343,0.9349626162141441,1844962,183,4389.534501418608,2573,0,0,2573,1,0,0,0.0
4352,1777472908.101596,decode,184,1854711,0.9505259969650177,1854527,184,4389.534501418608,2572,0,0,2572,0,0,0,0.0
4353,1777472908.13891,decode,184,1854895,0.9506202956365852,1854711,184,4389.534501418608,2573,0,0,2573,0,0,0,0.0
4354,1777472908.1764324,decode,184,1855079,0.9507145943081526,1854895,184,4389.534501418608,2575,0,0,2575,0,0,0,0.0
4355,1777472908.2139983,decode,184,1855263,0.9508088929797202,1855079,184,4212.943790122857,2577,0,0,2577,0,0,0,0.0
4356,1777472908.2519531,decode,184,1824825,0.9352096377342284,1855263,184,4212.943790122857,2579,0,0,2579,0,0,0,0.0
4357,1777472908.2890573,decode,184,1854825,0.9505844211419672,1855447,184,4212.943790122857,2580,0,0,2580,3,0,0,0.0
4359,1777472908.3344069,decode,184,1855193,0.9507730184851021,1855009,184,4212.943790122857,2579,0,0,2579,0,0,0,0.0
4360,1777472908.3719625,decode,184,1855377,0.9508673171566695,1855193,184,4212.943790122857,2581,0,0,2581,0,0,0,0.0
4361,1777472908.4096844,decode,184,1845350,0.9457285520490231,1855377,184,4212.943790122857,2583,0,0,2583,0,0,0,0.0
4362,1777472908.447296,decode,184,1845140,0.9456209285651689,1855561,184,4212.943790122857,2585,0,0,2585,1,0,0,0.0
4365,1777472908.4993348,decode,184,1835086,0.9404683261524553,1855324,184,4212.943790122857,2585,0,0,2585,0,0,0,0.0
4366,1777472908.5369248,decode,184,1824489,0.9350374401600617,1855508,184,4212.943790122857,2587,0,0,2587,2,0,0,0.0
4369,1777472908.591481,decode,183,1844473,0.9452790958807368,1844672,183,4212.943790122857,2585,0,0,2585,1,0,0,0.0
4372,1777472908.6460693,decode,184,1854841,0.9505926210264513,1854657,184,4212.943790122857,2585,0,0,2585,0,0,0,0.0
4373,1777472908.6835692,decode,184,1855025,0.9506869196980188,1854841,184,4212.943790122857,2587,0,0,2587,0,0,0,0.0
4374,1777472908.7214055,decode,184,1834787,0.9403150908111582,1855025,184,4212.943790122857,2589,0,0,2589,0,0,0,0.0
4375,1777472908.7586255,decode,184,1854787,0.9505649464163174,1855209,184,4212.943790122857,2590,0,0,2590,2,0,0,0.0
4377,1777472908.804456,decode,184,1834755,0.94029869104219,1854971,184,4212.943790122857,2590,0,0,2590,0,0,0,0.0
4378,1777472908.841519,decode,184,1854755,0.9505485466473491,1855155,184,4212.943790122857,2592,0,0,2592,2,0,0,0.0
4380,1777472908.8986537,decode,184,1855123,0.950737143990484,1854939,184,4212.943790122857,2593,0,0,2593,0,0,0,0.0
4381,1777472908.9358199,decode,184,1855307,0.9508314426620516,1855123,184,4212.943790122857,2594,0,0,2594,0,0,0,0.0
4382,1777472908.97338,decode,184,1855491,0.950925741333619,1855307,184,4212.943790122857,2596,0,0,2596,0,0,0,0.0
4383,1777472909.011227,decode,184,1835264,0.9405595498673412,1855491,184,4212.943790122857,2598,0,0,2598,0,0,0,0.0
4384,1777472909.0483656,decode,184,1855264,0.9508094054725004,1855675,184,4212.943790122857,2599,0,0,2599,2,0,0,0.0
4386,1777472909.09392,decode,184,1855632,0.9509980028156353,1855448,184,4212.943790122857,2600,0,0,2600,0,0,0,0.0
4387,1777472909.1314347,decode,184,1855816,0.9510923014872028,1855632,184,4212.943790122857,2601,0,0,2601,0,0,0,0.0
4388,1777472909.1689675,decode,184,1856000,0.9511866001587702,1855816,184,4212.943790122857,2603,0,0,2603,0,0,0,0.0
4389,1777472909.2065096,decode,184,1856184,0.9512808988303377,1856000,184,4212.943790122857,2605,0,0,2605,0,0,0,0.0
4390,1777472909.2448318,decode,184,1784913,0.9147550258885728,1856184,184,4212.943790122857,2606,0,0,2606,0,0,0,0.0
4391,1777472909.2819502,decode,184,1834703,0.9402720414176166,1856368,184,4212.943790122857,2608,0,0,2608,6,0,0,0.0
4394,1777472909.3320534,decode,183,1854886,0.9506156832015629,1844886,183,4212.943790122857,2603,0,0,2603,1,0,0,0.0
4396,1777472909.378844,decode,184,1855254,0.9508042805446978,1855070,184,4212.943790122857,2605,0,0,2605,0,0,0,0.0
4397,1777472909.4158943,decode,184,1855438,0.9508985792162653,1855254,184,4212.943790122857,2606,0,0,2606,0,0,0,0.0
4398,1777472909.4533617,decode,184,1855622,0.9509928778878327,1855438,184,4212.943790122857,2608,0,0,2608,0,0,0,0.0
4399,1777472909.4908445,decode,184,1855806,0.9510871765594002,1855622,184,4212.943790122857,2610,0,0,2610,0,0,0,0.0
4400,1777472909.528728,decode,184,1845779,0.9459484114517537,1855806,184,4212.943790122857,2611,0,0,2611,0,0,0,0.0
4401,1777472909.5659065,decode,184,1855779,0.9510733392543332,1855990,184,4212.943790122857,2613,0,0,2613,1,0,0,0.0
4403,1777472909.6134484,decode,184,1856147,0.9512619365974682,1855963,184,4212.943790122857,2614,0,0,2614,0,0,0,0.0
4404,1777472909.6511464,decode,184,1856331,0.9513562352690357,1856147,184,4212.943790122857,2616,0,0,2616,0,0,0,0.0
4405,1777472909.688984,decode,184,1825882,0.9357513426029611,1856331,184,4212.943790122857,2618,0,0,2618,0,0,0,0.0
4406,1777472909.7262201,decode,184,1835672,0.9407686469216865,1856515,184,4212.943790122857,2619,0,0,2619,2,0,0,0.0
4409,1777472909.7785158,decode,183,1855855,0.9511122887056329,1845855,183,4212.943790122857,2619,0,0,2619,1,0,0,0.0
4411,1777472909.824565,decode,184,1856223,0.9513008860487678,1856039,184,4212.943790122857,2620,0,0,2620,0,0,0,0.0
4412,1777472909.862128,decode,184,1856407,0.9513951847203352,1856223,184,4463.844540230322,2622,0,0,2622,0,0,0,0.0
4413,1777472909.8996294,decode,184,1856591,0.9514894833919028,1856407,184,4463.844540230322,2623,0,0,2623,0,0,0,0.0
4414,1777472909.9378273,decode,184,1856775,0.9515837820634702,1856591,184,4463.844540230322,2625,0,0,2625,0,0,0,0.0
4415,1777472909.9749014,decode,184,1856959,0.9516780807350377,1856775,184,4463.844540230322,2627,0,0,2627,0,0,0,0.0
4416,1777472910.0123444,decode,184,1857143,0.9517723794066051,1856959,184,4463.844540230322,2629,0,0,2629,0,0,0,0.0
4417,1777472910.04984,decode,184,1857327,0.9518666780781726,1857143,184,4463.844540230322,2630,0,0,2630,0,0,0,0.0
4418,1777472910.0876071,decode,184,1837100,0.9415004866118949,1857327,184,4463.844540230322,2632,0,0,2632,0,0,0,0.0
4419,1777472910.1251407,decode,184,1836890,0.9413928631280407,1857511,184,4463.844540230322,2634,0,0,2634,1,0,0,0.0
4422,1777472910.1771555,decode,183,1847256,0.9467053632881947,1847073,183,4463.844540230322,2634,0,0,2634,0,0,0,0.0
4423,1777472910.2145236,decode,183,1847439,0.9467991494669818,1847256,183,4463.844540230322,2636,0,0,2636,0,0,0,0.0
4424,1777472910.2520282,decode,183,1847622,0.946892935645769,1847439,183,4463.844540230322,2638,0,0,2638,0,0,0,0.0
4425,1777472910.289453,decode,183,1847805,0.9469867218245563,1847622,183,4463.844540230322,2639,0,0,2639,0,0,0,0.0
4426,1777472910.3267465,decode,183,1847988,0.9470805080033435,1847805,183,4463.844540230322,2641,0,0,2641,0,0,0,0.0
4427,1777472910.3641195,decode,183,1848171,0.9471742941821307,1847988,183,4463.844540230322,2643,0,0,2643,0,0,0,0.0
4428,1777472910.4015481,decode,183,1848354,0.9472680803609179,1848171,183,4463.844540230322,2644,0,0,2644,0,0,0,0.0
4429,1777472910.4392774,decode,183,1838337,0.942134440181074,1848354,183,4463.844540230322,2646,0,0,2646,0,0,0,0.0
4430,1777472910.4764504,decode,183,1848337,0.9472593679836535,1848537,183,4463.844540230322,2648,0,0,2648,1,0,0,0.0
4432,1777472910.5223951,decode,183,1828303,0.9369920876239656,1848520,183,4463.844540230322,2649,0,0,2649,0,0,0,0.0
4433,1777472910.5594687,decode,183,1848303,0.9472419432291248,1848703,183,4463.844540230322,2651,0,0,2651,2,0,0,0.0
4435,1777472910.6044827,decode,183,1848669,0.9474295155866992,1848486,183,4463.844540230322,2651,0,0,2651,0,0,0,0.0
4436,1777472910.6419601,decode,183,1848852,0.9475233017654864,1848669,183,4463.844540230322,2652,0,0,2652,0,0,0,0.0
4437,1777472910.6794565,decode,183,1849035,0.9476170879442736,1848852,183,4463.844540230322,2654,0,0,2654,0,0,0,0.0
4438,1777472910.7168953,decode,183,1849218,0.9477108741230608,1849035,183,4463.844540230322,2656,0,0,2656,0,0,0,0.0
4439,1777472910.7548819,decode,183,1849401,0.947804660301848,1849218,183,4463.844540230322,2658,0,0,2658,0,0,0,0.0
4440,1777472910.7922487,decode,183,1839384,0.942671020122004,1849401,183,4463.844540230322,2659,0,0,2659,0,0,0,0.0
4441,1777472910.829167,decode,183,1849384,0.9477959479245837,1849584,183,4463.844540230322,2661,0,0,2661,1,0,0,0.0
4443,1777472910.875066,decode,183,1839539,0.942750456502944,1849567,183,4463.844540230322,2662,0,0,2662,0,0,0,0.0
4444,1777472910.9121861,decode,183,1849539,0.9478753843055236,1849750,183,4463.844540230322,2664,0,0,2664,1,0,0,0.0
4446,1777472910.9579349,decode,183,1798883,0.9219145500287764,1849722,183,4463.844540230322,2665,0,0,2665,0,0,0,0.0
4447,1777472910.994781,decode,183,1848883,0.9475391890416743,1849905,183,4463.844540230322,2666,0,0,2666,5,0,0,0.0
4449,1777472911.0403678,decode,183,1849249,0.9477267613992488,1849066,183,4463.844540230322,2663,0,0,2663,0,0,0,0.0
4450,1777472911.0778477,decode,183,1849432,0.947820547578036,1849249,183,4463.844540230322,2665,0,0,2665,0,0,0,0.0
4451,1777472911.115306,decode,183,1849615,0.9479143337568232,1849432,183,4463.844540230322,2667,0,0,2667,0,0,0,0.0
4452,1777472911.15272,decode,183,1849798,0.9480081199356104,1849615,183,4463.844540230322,2669,0,0,2669,0,0,0,0.0
4453,1777472911.1902084,decode,183,1849981,0.9481019061143976,1849798,183,4463.844540230322,2670,0,0,2670,0,0,0,0.0
4454,1777472911.227961,decode,183,1839953,0.9429626285139708,1849981,183,4463.844540230322,2672,0,0,2672,0,0,0,0.0
4455,1777472911.2650406,decode,183,1849953,0.9480875563165504,1850164,183,4463.844540230322,2674,0,0,2674,1,0,0,0.0
4457,1777472911.3102133,decode,183,1850319,0.9482751286741248,1850136,183,4463.844540230322,2675,0,0,2675,0,0,0,0.0
4458,1777472911.3476508,decode,183,1850502,0.948368914852912,1850319,183,4463.844540230322,2677,0,0,2677,0,0,0,0.0
4459,1777472911.3856645,decode,183,1809874,0.9275473581765917,1850502,183,4463.844540230322,2678,0,0,2678,0,0,0,0.0
4460,1777472911.422825,decode,183,1849874,0.94804706938691,1850685,183,4694.696480051261,2680,0,0,2680,4,0,0,0.0
4462,1777472911.4705827,decode,183,1829840,0.937779789027222,1850057,183,4694.696480051261,2678,0,0,2678,0,0,0,0.0
4463,1777472911.5066109,decode,183,1849840,0.9480296446323813,1850240,183,4694.696480051261,2679,0,0,2679,2,0,0,0.0
4465,1777472911.5526633,decode,183,1850206,0.9482172169899556,1850023,183,4694.696480051261,2679,0,0,2679,0,0,0,0.0
4466,1777472911.5903347,decode,183,1840178,0.9430779393895289,1850206,183,4694.696480051261,2681,0,0,2681,0,0,0,0.0
4467,1777472911.6276126,decode,183,1850178,0.9482028671921084,1850389,183,4694.696480051261,2683,0,0,2683,1,0,0,0.0
4469,1777472911.6731875,decode,183,1840344,0.9431630131910517,1850361,183,4694.696480051261,2684,0,0,2684,0,0,0,0.0
4470,1777472911.7102814,decode,183,1850344,0.9482879409936312,1850544,183,4694.696480051261,2685,0,0,2685,1,0,0,0.0
4472,1777472911.7607732,decode,183,1840499,0.9432424495719917,1850527,183,4694.696480051261,2687,0,0,2687,0,0,0,0.0
4473,1777472911.7976463,decode,183,1850499,0.9483673773745712,1850710,183,4694.696480051261,2688,0,0,2688,1,0,0,0.0
4475,1777472911.8440037,decode,183,1820243,0.9328613958150864,1850682,183,4694.696480051261,2689,0,0,2689,0,0,0,0.0
4476,1777472911.8810108,decode,183,1850243,0.9482361792228252,1850865,183,4694.696480051261,2691,0,0,2691,3,0,0,0.0
4478,1777472911.9266806,decode,183,1850609,0.9484237515803996,1850426,183,4694.696480051261,2690,0,0,2690,0,0,0,0.0
4479,1777472911.9641533,decode,183,1850792,0.9485175377591868,1850609,183,4694.696480051261,2692,0,0,2692,0,0,0,0.0
4480,1777472912.00167,decode,183,1850975,0.948611323937974,1850792,183,4694.696480051261,2694,0,0,2694,0,0,0,0.0
4481,1777472912.0391111,decode,183,1851158,0.9487051101167613,1850975,183,4694.696480051261,2695,0,0,2695,0,0,0,0.0
4482,1777472912.076526,decode,183,1851341,0.9487988962955485,1851158,183,4694.696480051261,2697,0,0,2697,0,0,0,0.0
4483,1777472912.1141217,decode,183,1851524,0.9488926824743357,1851341,183,4694.696480051261,2699,0,0,2699,0,0,0,0.0
4484,1777472912.151433,decode,183,1851707,0.9489864686531229,1851524,183,4694.696480051261,2700,0,0,2700,0,0,0,0.0
4485,1777472912.1889818,decode,183,1851890,0.94908025483191,1851707,183,4694.696480051261,2702,0,0,2702,0,0,0,0.0
4486,1777472912.2265103,decode,183,1852073,0.9491740410106972,1851890,183,4694.696480051261,2704,0,0,2704,0,0,0,0.0
4487,1777472912.2643764,decode,183,1842056,0.9440404008308533,1852073,183,4694.696480051261,2706,0,0,2706,0,0,0,0.0
4488,1777472912.301488,decode,183,1852056,0.9491653286334328,1852256,183,4694.696480051261,2707,0,0,2707,1,0,0,0.0
4490,1777472912.3473675,decode,183,1852422,0.9493529009910073,1852239,183,4694.696480051261,2708,0,0,2708,0,0,0,0.0
4491,1777472912.3848305,decode,183,1852605,0.9494466871697945,1852422,183,4694.696480051261,2710,0,0,2710,0,0,0,0.0
4492,1777472912.4223726,decode,183,1852788,0.9495404733485817,1852605,183,4694.696480051261,2712,0,0,2712,0,0,0,0.0
4493,1777472912.4603155,decode,183,1822360,0.9339463430308925,1852788,183,4694.696480051261,2714,0,0,2714,0,0,0,0.0
4494,1777472912.4974074,decode,183,1852360,0.9493211264386313,1852971,183,4694.696480051261,2715,0,0,2715,3,0,0,0.0
4496,1777472912.5437422,decode,183,1801693,0.9233546547413013,1852543,183,4694.696480051261,2714,0,0,2714,0,0,0,0.0
4497,1777472912.5805628,decode,183,1851693,0.9489792937541992,1852726,183,4694.696480051261,2716,0,0,2716,5,0,0,0.0
4499,1777472912.630194,decode,183,1852059,0.9491668661117737,1851876,183,4694.696480051261,2713,0,0,2713,0,0,0,0.0
4500,1777472912.667617,decode,183,1852242,0.9492606522905609,1852059,183,4694.696480051261,2715,0,0,2715,0,0,0,0.0
4501,1777472912.7055414,decode,183,1811603,0.9284334581936577,1852242,183,4694.696480051261,2717,0,0,2717,0,0,0,0.0
4502,1777472912.742422,decode,183,1851603,0.948933169403976,1852425,183,4694.696480051261,2718,0,0,2718,4,0,0,0.0
4504,1777472912.788586,decode,183,1831558,0.9386602516237053,1851786,183,4694.696480051261,2716,0,0,2716,0,0,0,0.0
4505,1777472912.8256674,decode,183,1851558,0.9489101072288644,1851969,183,4694.696480051261,2718,0,0,2718,2,0,0,0.0
4507,1777472912.8712046,decode,183,1851924,0.9490976795864389,1851741,183,4694.696480051261,2718,0,0,2718,0,0,0,0.0
4508,1777472912.9092736,decode,183,1811274,0.9282648480689528,1851924,183,4694.696480051261,2720,0,0,2720,0,0,0,0.0
4509,1777472912.9462364,decode,183,1851274,0.9487645592792712,1852107,183,4694.696480051261,2722,0,0,2722,4,0,0,0.0
4511,1777472912.9918814,decode,183,1841429,0.9437190678576316,1851457,183,4694.696480051261,2720,0,0,2720,0,0,0,0.0
4512,1777472913.029077,decode,183,1851429,0.9488439956602112,1851640,183,4557.190080133138,2721,0,0,2721,1,0,0,0.0
4514,1777472913.0745459,decode,183,1851795,0.9490315680177855,1851612,183,4557.190080133138,2722,0,0,2722,0,0,0,0.0
4515,1777472913.1119895,decode,183,1851978,0.9491253541965727,1851795,183,4557.190080133138,2724,0,0,2724,0,0,0,0.0
4516,1777472913.1499166,decode,183,1831750,0.9387586502375148,1851978,183,4557.190080133138,2726,0,0,2726,0,0,0,0.0
4517,1777472913.187147,decode,183,1851750,0.9490085058426739,1852161,183,4557.190080133138,2728,0,0,2728,2,0,0,0.0
4519,1777472913.2329288,decode,183,1841905,0.9439630144210344,1851933,183,4557.190080133138,2728,0,0,2728,0,0,0,0.0
4520,1777472913.270057,decode,183,1851905,0.9490879422236139,1852116,183,4557.190080133138,2729,0,0,2729,1,0,0,0.0
4522,1777472913.3156216,decode,183,1852271,0.9492755145811883,1852088,183,4557.190080133138,2731,0,0,2731,0,0,0,0.0
4523,1777472913.3531358,decode,183,1852454,0.9493693007599755,1852271,183,4557.190080133138,2732,0,0,2732,0,0,0,0.0
4524,1777472913.3907006,decode,183,1852637,0.9494630869387628,1852454,183,4557.190080133138,2734,0,0,2734,0,0,0,0.0
4525,1777472913.428763,decode,183,1801798,0.9234084664832284,1852637,183,4557.190080133138,2736,0,0,2736,0,0,0,0.0
4526,1777472913.4656608,decode,183,1851798,0.9490331054961263,1852820,183,4557.190080133138,2737,0,0,2737,5,0,0,0.0
4528,1777472913.5131602,decode,183,1790931,0.9178392074401652,1851981,183,4557.190080133138,2734,0,0,2734,0,0,0,0.0
4529,1777472913.549452,decode,183,1850931,0.9485887742556427,1852164,183,4557.190080133138,2736,0,0,2736,6,0,0,0.0
4531,1777472913.5968742,decode,183,1810486,0.9278610037581095,1851114,183,4557.190080133138,2732,0,0,2732,0,0,0,0.0
4532,1777472913.6336517,decode,183,1850486,0.9483607149684279,1851297,183,4557.190080133138,2734,0,0,2734,4,0,0,0.0
4534,1777472913.6800349,decode,183,1840641,0.9433152235467883,1850669,183,4557.190080133138,2732,0,0,2732,0,0,0,0.0
4535,1777472913.7170742,decode,183,1850641,0.9484401513493679,1850852,183,4557.190080133138,2734,0,0,2734,1,0,0,0.0
4537,1777472913.762318,decode,183,1851007,0.9486277237069423,1850824,183,4557.190080133138,2735,0,0,2735,0,0,0,0.0
4538,1777472913.8001175,decode,183,1830779,0.9382610197478843,1851007,183,4557.190080133138,2736,0,0,2736,0,0,0,0.0
4539,1777472913.8373222,decode,183,1850779,0.9485108753530435,1851190,183,4557.190080133138,2738,0,0,2738,2,0,0,0.0
4541,1777472913.8833392,decode,183,1830745,0.9382435949933555,1850962,183,4557.190080133138,2738,0,0,2738,0,0,0,0.0
4542,1777472913.9205277,decode,183,1850745,0.9484934505985146,1851145,183,4557.190080133138,2740,0,0,2740,2,0,0,0.0
4544,1777472913.966623,decode,183,1830700,0.9382205328182439,1850928,183,4557.190080133138,2740,0,0,2740,0,0,0,0.0
4545,1777472914.003799,decode,183,1850700,0.948470388423403,1851111,183,4557.190080133138,2742,0,0,2742,2,0,0,0.0
4547,1777472914.049432,decode,183,1840866,0.9434305344223464,1850883,183,4557.190080133138,2742,0,0,2742,0,0,0,0.0
4548,1777472914.086655,decode,183,1850866,0.9485554622249259,1851066,183,4557.190080133138,2743,0,0,2743,1,0,0,0.0
4550,1777472914.1412556,decode,183,1820621,0.9330551180860239,1851049,183,4557.190080133138,2745,0,0,2745,0,0,0,0.0
4551,1777472914.1777925,decode,183,1850621,0.9484299014937627,1851232,183,4557.190080133138,2746,0,0,2746,3,0,0,0.0
4553,1777472914.2236297,decode,183,1850987,0.9486174738513371,1850804,183,4557.190080133138,2745,0,0,2745,0,0,0,0.0
4554,1777472914.261553,decode,183,1830770,0.938256407312862,1850987,183,4557.190080133138,2747,0,0,2747,0,0,0,0.0
4555,1777472914.2989929,decode,183,1850770,0.9485062629180211,1851170,183,4557.190080133138,2749,0,0,2749,2,0,0,0.0
4557,1777472914.3463593,decode,183,1800114,0.922545428641274,1850953,183,4557.190080133138,2749,0,0,2749,0,0,0,0.0
4558,1777472914.3830066,decode,183,1850114,0.9481700676541719,1851136,183,4557.190080133138,2750,0,0,2750,5,0,0,0.0
4560,1777472914.429669,decode,183,1840280,0.9431302136531151,1850297,183,4557.190080133138,2747,0,0,2747,0,0,0,0.0
4561,1777472914.4668531,decode,183,1850280,0.9482551414556948,1850480,183,4557.190080133138,2749,0,0,2749,1,0,0,0.0
4563,1777472914.5133734,decode,183,1799602,0.922283032337782,1850463,183,4557.190080133138,2750,0,0,2750,0,0,0,0.0
4564,1777472914.5501547,decode,183,1849602,0.9479076713506799,1850646,183,4557.190080133138,2752,0,0,2752,5,0,0,0.0
4566,1777472914.5963764,decode,183,1788713,0.916702498453553,1849785,183,4557.190080133138,2749,0,0,2749,0,0,0,0.0
4567,1777472914.6330452,decode,183,1848713,0.9474520652690305,1849968,183,4557.190080133138,2750,0,0,2750,6,0,0,0.0
4569,1777472914.678772,decode,183,1849079,0.947639637626605,1848896,183,4437.192481115473,2746,0,0,2746,0,0,0,0.0
4570,1777472914.7167265,decode,183,1818651,0.9320455073089158,1849079,183,4437.192481115473,2748,0,0,2748,0,0,0,0.0
4571,1777472914.7537792,decode,183,1848651,0.9474202907166546,1849262,183,4437.192481115473,2750,0,0,2750,3,0,0,0.0
4573,1777472914.7996027,decode,183,1838806,0.9423747992950149,1848834,183,4437.192481115473,2749,0,0,2749,0,0,0,0.0
4574,1777472914.8368888,decode,183,1848806,0.9474997270975946,1849017,183,4437.192481115473,2751,0,0,2751,1,0,0,0.0
4576,1777472914.882496,decode,183,1838961,0.9424542356759549,1848989,183,4437.192481115473,2752,0,0,2752,0,0,0,0.0
4577,1777472914.9200773,decode,183,1828563,0.9371253357468327,1849172,183,4437.192481115473,2753,0,0,2753,1,0,0,0.0
4580,1777472914.9744246,decode,183,1838718,0.9423296999303522,1848746,183,4437.192481115473,2753,0,0,2753,0,0,0,0.0
4581,1777472915.0115921,decode,183,1848718,0.9474546277329318,1848929,183,4437.192481115473,2755,0,0,2755,1,0,0,0.0
4583,1777472915.0567615,decode,183,1849084,0.9476422000905063,1848901,183,4437.192481115473,2756,0,0,2756,0,0,0,0.0
4584,1777472915.0944726,decode,183,1839067,0.9425085599106623,1849084,183,4437.192481115473,2757,0,0,2757,0,0,0,0.0
4585,1777472915.1315734,decode,183,1849067,0.9476334877132419,1849267,183,4437.192481115473,2759,0,0,2759,1,0,0,0.0
4587,1777472915.1778839,decode,183,1808600,0.9268944423745431,1849250,183,4437.192481115473,2760,0,0,2760,0,0,0,0.0
4588,1777472915.214746,decode,183,1848600,0.9473941535848613,1849433,183,4437.192481115473,2762,0,0,2762,4,0,0,0.0
4590,1777472915.2610931,decode,183,1808144,0.9266607456667454,1848783,183,4437.192481115473,2760,0,0,2760,0,0,0,0.0
4591,1777472915.2984204,decode,183,1848144,0.9471604568770637,1848966,183,4437.192481115473,2762,0,0,2762,4,0,0,0.0
4593,1777472915.3444755,decode,183,1848510,0.9473480292346381,1848327,183,4437.192481115473,2760,0,0,2760,0,0,0,0.0
4594,1777472915.3818612,decode,183,1848693,0.9474418154134253,1848510,183,4437.192481115473,2761,0,0,2761,0,0,0,0.0
4595,1777472915.4191735,decode,183,1848876,0.9475356015922126,1848693,183,4437.192481115473,2763,0,0,2763,0,0,0,0.0
4596,1777472915.4567726,decode,183,1849059,0.9476293877709998,1848876,183,4437.192481115473,2765,0,0,2765,0,0,0,0.0
4597,1777472915.4941478,decode,183,1849242,0.947723173949787,1849059,183,4437.192481115473,2766,0,0,2766,0,0,0,0.0
4598,1777472915.53181,decode,183,1839214,0.9425838963493601,1849242,183,4437.192481115473,2768,0,0,2768,0,0,0,0.0
4599,1777472915.5693872,decode,183,1849214,0.9477088241519398,1849425,183,4437.192481115473,2769,0,0,2769,1,0,0,0.0
4601,1777472915.6163878,decode,183,1818958,0.932202842592455,1849397,183,4437.192481115473,2770,0,0,2770,0,0,0,0.0
4602,1777472915.653788,decode,183,1848958,0.9475776260001937,1849580,183,4437.192481115473,2771,0,0,2771,3,0,0,0.0
4604,1777472915.7024157,decode,183,1747291,0.8954740225097079,1849141,183,4437.192481115473,2770,0,0,2770,0,0,0,0.0
4605,1777472915.7397711,decode,183,1837092,0.9414963866696527,1849324,183,4437.192481115473,2772,0,0,2772,10,0,0,0.0
4608,1777472915.7927446,decode,183,1847458,0.9468088868298068,1847275,183,4437.192481115473,2763,0,0,2763,0,0,0,0.0
4609,1777472915.8302495,decode,183,1837441,0.9416752466499628,1847458,183,4437.192481115473,2765,0,0,2765,0,0,0,0.0
4610,1777472915.8678963,decode,183,1827043,0.9363463467208406,1847641,183,4437.192481115473,2767,0,0,2767,1,0,0,0.0
4613,1777472915.923418,decode,183,1827009,0.9363289219663118,1847226,183,4437.192481115473,2766,0,0,2766,0,0,0,0.0
4614,1777472915.9611154,decode,183,1816390,0.9308867611327526,1847409,183,4437.192481115473,2768,0,0,2768,2,0,0,0.0
4617,1777472916.0173018,decode,183,1856573,0.951480258521858,1846573,183,4437.192481115473,2765,0,0,2765,1,0,0,0.0
4619,1777472916.0640273,decode,184,1856941,0.9516688558649931,1856757,184,4437.192481115473,2766,0,0,2766,0,0,0,0.0
4620,1777472916.1021578,decode,184,1826525,0.936080875460667,1856941,184,4437.192481115473,2768,0,0,2768,0,0,0,0.0
4621,1777472916.1393554,decode,184,1826127,0.9358769033341243,1857125,184,4437.192481115473,2770,0,0,2770,2,0,0,0.0
4624,1777472916.1939547,decode,183,1795050,0.9199501652020478,1846310,183,4437.192481115473,2768,0,0,2768,1,0,0,0.0
4627,1777472916.2506192,decode,183,1855233,0.9507935181963124,1845233,183,4437.192481115473,2765,0,0,2765,1,0,0,0.0
4629,1777472916.2968528,decode,184,1855601,0.9509821155394473,1855417,184,4437.192481115473,2766,0,0,2766,0,0,0,0.0
4630,1777472916.3341606,decode,184,1855785,0.9510764142110149,1855601,184,4437.192481115473,2767,0,0,2767,0,0,0,0.0
4631,1777472916.3720946,decode,184,1845758,0.9459376491033683,1855785,184,4326.41632929253,2769,0,0,2769,0,0,0,0.0
4632,1777472916.4096143,decode,184,1845548,0.9458300256195141,1855969,184,4326.41632929253,2771,0,0,2771,1,0,0,0.0
4635,1777472916.463101,decode,184,1855916,0.9511435507652286,1855732,184,4326.41632929253,2771,0,0,2771,0,0,0,0.0
4636,1777472916.500729,decode,184,1856100,0.951237849436796,1855916,184,4326.41632929253,2772,0,0,2772,0,0,0,0.0
4637,1777472916.5387928,decode,184,1856284,0.9513321481083635,1856100,184,4326.41632929253,2774,0,0,2774,0,0,0,0.0
4638,1777472916.5765505,decode,184,1785013,0.9148062751665986,1856284,184,4326.41632929253,2775,0,0,2775,0,0,0,0.0
4639,1777472916.6138096,decode,184,1824593,0.9350907394092086,1856468,184,4326.41632929253,2777,0,0,2777,6,0,0,0.0
4642,1777472916.6678755,decode,183,1854776,0.9505593089957345,1844776,183,4326.41632929253,2771,0,0,2771,1,0,0,0.0
4644,1777472916.7157848,decode,184,1844944,0.9455204799802382,1854960,184,4326.41632929253,2773,0,0,2773,0,0,0,0.0
4645,1777472916.7529318,decode,184,1854944,0.9506454077828178,1855144,184,4326.41632929253,2774,0,0,2774,1,0,0,0.0
4647,1777472916.7996898,decode,184,1855312,0.9508340051259528,1855128,184,4326.41632929253,2775,0,0,2775,0,0,0,0.0
4648,1777472916.8372035,decode,184,1855496,0.9509283037975202,1855312,184,4326.41632929253,2777,0,0,2777,0,0,0,0.0
4649,1777472916.8751886,decode,184,1814847,0.9300959847728145,1855496,184,4326.41632929253,2779,0,0,2779,0,0,0,0.0
4650,1777472916.912005,decode,184,1854847,0.9505956959831329,1855680,184,4326.41632929253,2780,0,0,2780,4,0,0,0.0
4652,1777472916.958618,decode,184,1834815,0.9403294406090055,1855031,184,4326.41632929253,2778,0,0,2778,0,0,0,0.0
4653,1777472916.9955873,decode,184,1854815,0.9505792962141646,1855215,184,4326.41632929253,2780,0,0,2780,2,0,0,0.0
4655,1777472917.0418012,decode,184,1855183,0.9507678935572995,1854999,184,4326.41632929253,2780,0,0,2780,0,0,0,0.0
4656,1777472917.0792866,decode,184,1855367,0.9508621922288669,1855183,184,4326.41632929253,2782,0,0,2782,0,0,0,0.0
4657,1777472917.117671,decode,184,1814707,0.9300242357835784,1855367,184,4326.41632929253,2784,0,0,2784,0,0,0,0.0
4658,1777472917.1549127,decode,184,1834298,0.9400644818416121,1855551,184,4326.41632929253,2785,0,0,2785,4,0,0,0.0
4661,1777472917.2067945,decode,183,1854481,0.9504081236255584,1844481,183,4326.41632929253,2782,0,0,2782,1,0,0,0.0
4663,1777472917.254223,decode,184,1854849,0.9505967209686933,1854665,184,4326.41632929253,2784,0,0,2784,0,0,0,0.0
4664,1777472917.2918146,decode,184,1855033,0.9506910196402608,1854849,184,4326.41632929253,2785,0,0,2785,0,0,0,0.0
4665,1777472917.3306522,decode,184,1845006,0.9455522545326143,1855033,184,4326.41632929253,2787,0,0,2787,0,0,0,0.0
4666,1777472917.3673098,decode,184,1855006,0.9506771823351938,1855217,184,4326.41632929253,2788,0,0,2788,1,0,0,0.0
4668,1777472917.4160283,decode,184,1814574,0.9299560742438041,1855190,184,4326.41632929253,2789,0,0,2789,0,0,0,0.0
4669,1777472917.4518654,decode,184,1844375,0.9452288715882715,1855374,184,4326.41632929253,2791,0,0,2791,4,0,0,0.0
4672,1777472917.5034764,decode,184,1854743,0.950542396733986,1854559,184,4326.41632929253,2788,0,0,2788,0,0,0,0.0
4673,1777472917.5407586,decode,184,1854927,0.9506366954055535,1854743,184,4326.41632929253,2790,0,0,2790,0,0,0,0.0
4674,1777472917.5790827,decode,184,1855111,0.9507309940771209,1854927,184,4326.41632929253,2791,0,0,2791,0,0,0,0.0
4675,1777472917.6160374,decode,184,1845084,0.9455922289694744,1855111,184,4326.41632929253,2793,0,0,2793,0,0,0,0.0
4676,1777472917.6541615,decode,184,1855084,0.9507171567720539,1855295,184,4326.41632929253,2795,0,0,2795,1,0,0,0.0
4678,1777472917.7033713,decode,184,1855452,0.9509057541151889,1855268,184,4326.41632929253,2796,0,0,2796,0,0,0,0.0
4679,1777472917.7403445,decode,184,1855636,0.9510000527867564,1855452,184,4326.41632929253,2798,0,0,2798,0,0,0,0.0
4680,1777472917.7778997,decode,184,1855820,0.9510943514583239,1855636,184,4326.41632929253,2799,0,0,2799,0,0,0,0.0
4681,1777472917.8152714,decode,184,1856004,0.9511886501298913,1855820,184,4326.41632929253,2801,0,0,2801,0,0,0,0.0
4682,1777472917.8535597,decode,184,1805155,0.9251289047465544,1856004,184,4326.41632929253,2802,0,0,2802,0,0,0,0.0
4683,1777472917.8906035,decode,184,1834956,0.9404017020910218,1856188,184,4326.41632929253,2804,0,0,2804,4,0,0,0.0
4686,1777472917.9425676,decode,183,1855139,0.9507453438749681,1845139,183,4326.41632929253,2801,0,0,2801,1,0,0,0.0
4688,1777472917.9895606,decode,184,1855507,0.950933941218103,1855323,184,4326.41632929253,2802,0,0,2802,0,0,0,0.0
4689,1777472918.0274634,decode,184,1855691,0.9510282398896706,1855507,184,4444.333335123178,2804,0,0,2804,0,0,0,0.0
4690,1777472918.0648286,decode,184,1855875,0.9511225385612381,1855691,184,4444.333335123178,2806,0,0,2806,0,0,0,0.0
4691,1777472918.1025925,decode,184,1856059,0.9512168372328055,1855875,184,4444.333335123178,2808,0,0,2808,0,0,0,0.0
4692,1777472918.1402264,decode,184,1846032,0.9460780721251589,1856059,184,4444.333335123178,2809,0,0,2809,0,0,0,0.0
4693,1777472918.1774137,decode,184,1856032,0.9512029999277385,1856243,184,4444.333335123178,2811,0,0,2811,1,0,0,0.0
4695,1777472918.2246265,decode,184,1856400,0.9513915972708734,1856216,184,4444.333335123178,2812,0,0,2812,0,0,0,0.0
4696,1777472918.2620592,decode,184,1836184,0.9410310432251786,1856400,184,4444.333335123178,2814,0,0,2814,0,0,0,0.0
4697,1777472918.2992554,decode,184,1835974,0.9409234197413244,1856584,184,4444.333335123178,2815,0,0,2815,1,0,0,0.0
4700,1777472918.3503323,decode,183,1856157,0.9512670615252707,1846157,183,4444.333335123178,2816,0,0,2816,1,0,0,0.0
4702,1777472918.3963532,decode,184,1856525,0.9514556588684057,1856341,184,4444.333335123178,2817,0,0,2817,0,0,0,0.0
4703,1777472918.4341795,decode,184,1856709,0.9515499575399732,1856525,184,4444.333335123178,2818,0,0,2818,0,0,0,0.0
4704,1777472918.4715047,decode,184,1856893,0.9516442562115406,1856709,184,4444.333335123178,2820,0,0,2820,0,0,0,0.0
4705,1777472918.5091078,decode,184,1857077,0.9517385548831081,1856893,184,4444.333335123178,2822,0,0,2822,0,0,0,0.0
4706,1777472918.5465188,decode,184,1857261,0.9518328535546755,1857077,184,4444.333335123178,2823,0,0,2823,0,0,0,0.0
4707,1777472918.5851545,decode,184,1857445,0.951927152226243,1857261,184,4444.333335123178,2825,0,0,2825,0,0,0,0.0
4708,1777472918.6225414,decode,184,1857629,0.9520214508978104,1857445,184,4444.333335123178,2827,0,0,2827,0,0,0,0.0
4709,1777472918.6598794,decode,184,1857813,0.952115749569378,1857629,184,4444.333335123178,2828,0,0,2828,0,0,0,0.0
4710,1777472918.697181,decode,184,1857997,0.9522100482409454,1857813,184,4444.333335123178,2830,0,0,2830,0,0,0,0.0
4711,1777472918.7353199,decode,184,1858181,0.9523043469125129,1857997,184,4444.333335123178,2832,0,0,2832,0,0,0,0.0
4712,1777472918.7720358,decode,184,1858365,0.9523986455840804,1858181,184,4444.333335123178,2834,0,0,2834,0,0,0,0.0
4713,1777472918.8100753,decode,184,1858549,0.9524929442556478,1858365,184,4444.333335123178,2835,0,0,2835,0,0,0,0.0
4714,1777472918.8474166,decode,184,1858733,0.9525872429272153,1858549,184,4444.333335123178,2837,0,0,2837,0,0,0,0.0
4715,1777472918.8849218,decode,184,1858917,0.9526815415987827,1858733,184,4444.333335123178,2839,0,0,2839,0,0,0,0.0
4716,1777472918.9225724,decode,184,1859101,0.9527758402703502,1858917,184,4444.333335123178,2840,0,0,2840,0,0,0,0.0
4717,1777472918.9599228,decode,184,1859285,0.9528701389419176,1859101,184,4444.333335123178,2842,0,0,2842,0,0,0,0.0
4718,1777472918.997316,decode,184,1859469,0.9529644376134851,1859285,184,4444.333335123178,2844,0,0,2844,0,0,0,0.0
4719,1777472919.0357056,decode,184,1839242,0.9425982461472074,1859469,184,4444.333335123178,2845,0,0,2845,0,0,0,0.0
4720,1777472919.0728264,decode,184,1849242,0.947723173949787,1859653,184,4444.333335123178,2847,0,0,2847,1,0,0,0.0
4722,1777472919.1205256,decode,183,1808786,0.926989766031671,1849425,183,4444.333335123178,2848,0,0,2848,0,0,0,0.0
4723,1777472919.1570342,decode,183,1848786,0.9474894772419894,1849608,183,4444.333335123178,2850,0,0,2850,4,0,0,0.0
4725,1777472919.2035038,decode,183,1849152,0.9476770495995638,1848969,183,4444.333335123178,2848,0,0,2848,0,0,0,0.0
4726,1777472919.2407563,decode,183,1849335,0.947770835778351,1849152,183,4444.333335123178,2850,0,0,2850,0,0,0,0.0
4727,1777472919.2784438,decode,183,1849518,0.9478646219571382,1849335,183,4444.333335123178,2851,0,0,2851,0,0,0,0.0
4728,1777472919.3157256,decode,183,1849701,0.9479584081359254,1849518,183,4444.333335123178,2853,0,0,2853,0,0,0,0.0
4729,1777472919.353088,decode,183,1849884,0.9480521943147125,1849701,183,4444.333335123178,2855,0,0,2855,0,0,0,0.0
4730,1777472919.3908768,decode,183,1839856,0.9429129167142858,1849884,183,4444.333335123178,2856,0,0,2856,0,0,0,0.0
4731,1777472919.428136,decode,183,1849856,0.9480378445168653,1850067,183,4444.333335123178,2858,0,0,2858,1,0,0,0.0
4733,1777472919.4782205,decode,183,1850222,0.9482254168744397,1850039,183,4444.333335123178,2859,0,0,2859,0,0,0,0.0
4734,1777472919.5156498,decode,183,1850405,0.948319203053227,1850222,183,4444.333335123178,2861,0,0,2861,0,0,0,0.0
4735,1777472919.5548458,decode,183,1789355,0.9170315188184787,1850405,183,4444.333335123178,2863,0,0,2863,0,0,0,0.0
4736,1777472919.590898,decode,183,1849355,0.9477810856339561,1850588,183,4698.62265508499,2864,0,0,2864,6,0,0,0.0
4738,1777472919.6382349,decode,183,1849721,0.9479686579915305,1849538,183,4698.62265508499,2860,0,0,2860,0,0,0,0.0
4739,1777472919.675338,decode,183,1849904,0.9480624441703177,1849721,183,4698.62265508499,2862,0,0,2862,0,0,0,0.0
4740,1777472919.7126997,decode,183,1850087,0.948156230349105,1849904,183,4698.62265508499,2864,0,0,2864,0,0,0,0.0
4741,1777472919.7504947,decode,183,1850270,0.9482500165278922,1850087,183,4698.62265508499,2865,0,0,2865,0,0,0,0.0
4742,1777472919.7882333,decode,183,1850453,0.9483438027066794,1850270,183,4698.62265508499,2867,0,0,2867,0,0,0,0.0
4743,1777472919.8260953,decode,183,1830225,0.9379770987476214,1850453,183,4698.62265508499,2869,0,0,2869,0,0,0,0.0
4744,1777472919.8628027,decode,183,1850225,0.9482269543527806,1850636,183,4698.62265508499,2870,0,0,2870,2,0,0,0.0
4746,1777472919.910026,decode,183,1840391,0.9431871003517238,1850408,183,4698.62265508499,2870,0,0,2870,0,0,0,0.0
4747,1777472919.9469626,decode,183,1850391,0.9483120281543034,1850591,183,4698.62265508499,2872,0,0,2872,1,0,0,0.0
4749,1777472919.9939544,decode,183,1820146,0.9328116840154015,1850574,183,4698.62265508499,2873,0,0,2873,0,0,0,0.0
4750,1777472920.0311143,decode,183,1850146,0.9481864674231402,1850757,183,4698.62265508499,2875,0,0,2875,3,0,0,0.0
4752,1777472920.0788102,decode,183,1830090,0.9379079122222865,1850329,183,4698.62265508499,2874,0,0,2874,0,0,0,0.0
4753,1777472920.115519,decode,183,1850090,0.9481577678274458,1850512,183,4698.62265508499,2876,0,0,2876,2,0,0,0.0
4755,1777472920.1613178,decode,183,1850456,0.9483453401850201,1850273,183,4698.62265508499,2876,0,0,2876,0,0,0,0.0
4756,1777472920.1990397,decode,183,1840428,0.9432060625845934,1850456,183,4698.62265508499,2877,0,0,2877,0,0,0,0.0
4757,1777472920.2361927,decode,183,1850428,0.948330990387173,1850639,183,4698.62265508499,2879,0,0,2879,1,0,0,0.0
4759,1777472920.2831962,decode,183,1850794,0.9485185627447473,1850611,183,4698.62265508499,2880,0,0,2880,0,0,0,0.0
4760,1777472920.3200662,decode,183,1850977,0.9486123489235345,1850794,183,4698.62265508499,2881,0,0,2881,0,0,0,0.0
4761,1777472920.3575056,decode,183,1851160,0.9487061351023217,1850977,183,4698.62265508499,2883,0,0,2883,0,0,0,0.0
4762,1777472920.3948753,decode,183,1851343,0.9487999212811089,1851160,183,4698.62265508499,2885,0,0,2885,0,0,0,0.0
4763,1777472920.4333358,decode,183,1831115,0.938433217322051,1851343,183,4698.62265508499,2886,0,0,2886,0,0,0,0.0
4764,1777472920.4699142,decode,183,1851115,0.9486830729272101,1851526,183,4698.62265508499,2888,0,0,2888,2,0,0,0.0
4766,1777472920.5217488,decode,183,1851481,0.9488706452847846,1851298,183,4698.62265508499,2888,0,0,2888,0,0,0,0.0
4767,1777472920.5590768,decode,183,1851664,0.9489644314635718,1851481,183,4698.62265508499,2890,0,0,2890,0,0,0,0.0
4768,1777472920.596495,decode,183,1851847,0.949058217642359,1851664,183,4698.62265508499,2892,0,0,2892,0,0,0,0.0
4769,1777472920.6341307,decode,183,1841830,0.943924577462515,1851847,183,4698.62265508499,2893,0,0,2893,0,0,0,0.0
4770,1777472920.6709445,decode,183,1851830,0.9490495052650946,1852030,183,4698.62265508499,2895,0,0,2895,1,0,0,0.0
4772,1777472920.7180877,decode,183,1831796,0.9387822249054066,1852013,183,4698.62265508499,2896,0,0,2896,0,0,0,0.0
4773,1777472920.7550082,decode,183,1851796,0.9490320805105658,1852196,183,4698.62265508499,2898,0,0,2898,2,0,0,0.0
4775,1777472920.802168,decode,183,1852162,0.9492196528681403,1851979,183,4698.62265508499,2898,0,0,2898,0,0,0,0.0
4776,1777472920.8398836,decode,183,1852345,0.9493134390469274,1852162,183,4698.62265508499,2899,0,0,2899,0,0,0,0.0
4777,1777472920.8776252,decode,183,1832128,0.9389523725084523,1852345,183,4698.62265508499,2901,0,0,2901,0,0,0,0.0
4778,1777472920.9154284,decode,183,1852128,0.9492022281136114,1852528,183,4698.62265508499,2903,0,0,2903,2,0,0,0.0
4780,1777472920.962421,decode,183,1852494,0.9493898004711858,1852311,183,4698.62265508499,2903,0,0,2903,0,0,0,0.0
4781,1777472921.0000536,decode,183,1852677,0.9494835866499731,1852494,183,4698.62265508499,2905,0,0,2905,0,0,0,0.0
4782,1777472921.0373552,decode,183,1852860,0.9495773728287603,1852677,183,4698.62265508499,2906,0,0,2906,0,0,0,0.0
4783,1777472921.075503,decode,183,1791821,0.9182953260145947,1852860,183,4698.62265508499,2908,0,0,2908,0,0,0,0.0
4784,1777472921.1125176,decode,183,1851821,0.9490448928300722,1853043,183,4698.62265508499,2910,0,0,2910,6,0,0,0.0
4786,1777472921.1592417,decode,183,1811354,0.9283058474913735,1852004,183,4698.62265508499,2906,0,0,2906,0,0,0,0.0
4787,1777472921.1969464,decode,183,1851354,0.9488055587016918,1852187,183,4557.779057855891,2908,0,0,2908,4,0,0,0.0
4789,1777472921.2446115,decode,183,1851720,0.9489931310592662,1851537,183,4557.779057855891,2906,0,0,2906,0,0,0,0.0
4790,1777472921.281613,decode,183,1851903,0.9490869172380534,1851720,183,4557.779057855891,2907,0,0,2907,0,0,0,0.0
4791,1777472921.31937,decode,183,1831664,0.9387145758584126,1851903,183,4557.779057855891,2909,0,0,2909,0,0,0,0.0
4792,1777472921.3567832,decode,183,1851664,0.9489644314635718,1852086,183,4557.779057855891,2911,0,0,2911,2,0,0,0.0
4794,1777472921.4041266,decode,183,1831608,0.9386858762627182,1851847,183,4557.779057855891,2911,0,0,2911,0,0,0,0.0
4795,1777472921.4413457,decode,183,1851608,0.9489357318678773,1852030,183,4557.779057855891,2912,0,0,2912,2,0,0,0.0
4797,1777472921.488437,decode,183,1851974,0.9491233042254518,1851791,183,4557.779057855891,2912,0,0,2912,0,0,0,0.0
4798,1777472921.5264525,decode,183,1852157,0.949217090404239,1851974,183,4557.779057855891,2914,0,0,2914,0,0,0,0.0
4799,1777472921.563807,decode,183,1852340,0.9493108765830262,1852157,183,4557.779057855891,2916,0,0,2916,0,0,0,0.0
4800,1777472921.6017272,decode,183,1842323,0.9441772364031822,1852340,183,4557.779057855891,2918,0,0,2918,0,0,0,0.0
4801,1777472921.6387255,decode,183,1852323,0.9493021642057617,1852523,183,4557.779057855891,2919,0,0,2919,1,0,0,0.0
4803,1777472921.7597444,decode,183,1832289,0.9390348838460738,1852506,183,4557.779057855891,2923,0,0,2923,0,0,0,0.0
4804,1777472921.796675,decode,183,1852289,0.9492847394512329,1852689,183,4557.779057855891,2925,0,0,2925,2,0,0,0.0
4806,1777472921.8451855,decode,183,1811833,0.928551331533117,1852472,183,4557.779057855891,2925,0,0,2925,0,0,0,0.0
4807,1777472921.882211,decode,183,1851833,0.9490510427434353,1852655,183,4557.779057855891,2927,0,0,2927,4,0,0,0.0
4809,1777472921.9303138,decode,183,1831788,0.9387781249631646,1852016,183,4557.779057855891,2925,0,0,2925,0,0,0,0.0
4810,1777472921.9670265,decode,183,1851788,0.9490279805683237,1852199,183,4557.779057855891,2926,0,0,2926,2,0,0,0.0
4812,1777472922.013911,decode,183,1852154,0.9492155529258982,1851971,183,4557.779057855891,2927,0,0,2927,0,0,0,0.0
4813,1777472922.0515215,decode,183,1831937,0.938854486387423,1852154,183,4557.779057855891,2928,0,0,2928,0,0,0,0.0
4814,1777472922.088956,decode,183,1851937,0.9491043419925822,1852337,183,4557.779057855891,2930,0,0,2930,2,0,0,0.0
4816,1777472922.1366858,decode,183,1801259,0.9231322328746694,1852120,183,4557.779057855891,2930,0,0,2930,0,0,0,0.0
4817,1777472922.1738918,decode,183,1851259,0.9487568718875673,1852303,183,4557.779057855891,2932,0,0,2932,5,0,0,0.0
4819,1777472922.2218568,decode,183,1800581,0.9227847627696545,1851442,183,4557.779057855891,2929,0,0,2929,0,0,0,0.0
4820,1777472922.259219,decode,183,1850581,0.9484094017825524,1851625,183,4557.779057855891,2931,0,0,2931,5,0,0,0.0
4822,1777472922.3065255,decode,183,1820325,0.9329034202230676,1850764,183,4557.779057855891,2928,0,0,2928,0,0,0,0.0
4823,1777472922.3437614,decode,183,1850325,0.9482782036308064,1850947,183,4557.779057855891,2929,0,0,2929,3,0,0,0.0
4825,1777472922.391449,decode,183,1820091,0.9327834969124873,1850508,183,4557.779057855891,2929,0,0,2929,0,0,0,0.0
4826,1777472922.4284148,decode,183,1850091,0.948158280320226,1850691,183,4557.779057855891,2930,0,0,2930,3,0,0,0.0
4828,1777472922.4755218,decode,183,1850457,0.9483458526778004,1850274,183,4557.779057855891,2929,0,0,2929,0,0,0,0.0
4829,1777472922.5135837,decode,183,1840440,0.9432122124979564,1850457,183,4557.779057855891,2931,0,0,2931,0,0,0,0.0
4830,1777472922.5510292,decode,183,1850440,0.9483371403005361,1850640,183,4557.779057855891,2933,0,0,2933,1,0,0,0.0
4832,1777472922.5990202,decode,183,1820195,0.9328367961616341,1850623,183,4557.779057855891,2934,0,0,2934,0,0,0,0.0
4833,1777472922.6362698,decode,183,1850195,0.9482115795693729,1850806,183,4557.779057855891,2936,0,0,2936,3,0,0,0.0
4835,1777472922.683655,decode,183,1830150,0.937938661789102,1850378,183,4557.779057855891,2935,0,0,2935,0,0,0,0.0
4836,1777472922.7211318,decode,183,1850150,0.9481885173942612,1850561,183,4557.779057855891,2937,0,0,2937,2,0,0,0.0
4838,1777472922.7688146,decode,183,1830116,0.9379212370345733,1850333,183,4557.779057855891,2937,0,0,2937,0,0,0,0.0
4839,1777472922.8059194,decode,183,1850116,0.9481710926397324,1850516,183,4557.779057855891,2938,0,0,2938,2,0,0,0.0
4841,1777472922.8540504,decode,183,1809682,0.9274489595627822,1850299,183,4557.779057855891,2938,0,0,2938,0,0,0,0.0
4842,1777472922.891071,decode,183,1849682,0.9479486707731005,1850482,183,4557.779057855891,2940,0,0,2940,4,0,0,0.0
4844,1777472922.9387763,decode,183,1850048,0.9481362431306749,1849865,183,4202.479984553196,2938,0,0,2938,0,0,0,0.0
4845,1777472922.9766262,decode,183,1840020,0.9429969655302481,1850048,183,4202.479984553196,2940,0,0,2940,0,0,0,0.0
4846,1777472923.0137687,decode,183,1850020,0.9481218933328277,1850231,183,4202.479984553196,2942,0,0,2942,1,0,0,0.0
4848,1777472923.0614717,decode,183,1809553,0.9273828479941288,1850203,183,4202.479984553196,2943,0,0,2943,0,0,0,0.0
4849,1777472923.0987287,decode,183,1849553,0.9478825592044472,1850386,183,4202.479984553196,2944,0,0,2944,4,0,0,0.0
4851,1777472923.1467986,decode,183,1839719,0.9428427052033904,1849736,183,4202.479984553196,2943,0,0,2943,0,0,0,0.0
4852,1777472923.1841738,decode,183,1849719,0.94796763300597,1849919,183,4202.479984553196,2944,0,0,2944,1,0,0,0.0
4854,1777472923.2330403,decode,183,1819452,0.9324560140259024,1849902,183,4202.479984553196,2945,0,0,2945,0,0,0,0.0
4855,1777472923.2691746,decode,183,1849452,0.9478307974336412,1850085,183,4202.479984553196,2947,0,0,2947,3,0,0,0.0
4857,1777472923.3166485,decode,183,1829396,0.9375522422327875,1849635,183,4202.479984553196,2946,0,0,2946,0,0,0,0.0
4858,1777472923.3544528,decode,183,1839197,0.9425751839720958,1849818,183,4202.479984553196,2947,0,0,2947,2,0,0,0.0
4861,1777472923.4175863,decode,183,1849563,0.9478876841322498,1849380,183,4202.479984553196,2947,0,0,2947,0,0,0,0.0
4862,1777472923.4556077,decode,183,1808913,0.9270548526147638,1849563,183,4202.479984553196,2949,0,0,2949,0,0,0,0.0
4863,1777472923.4930196,decode,183,1848913,0.9475545638250821,1849746,183,4202.479984553196,2950,0,0,2950,4,0,0,0.0
4865,1777472923.5419052,decode,183,1839079,0.9425147098240254,1849096,183,4202.479984553196,2948,0,0,2948,0,0,0,0.0
4866,1777472923.579503,decode,183,1849079,0.947639637626605,1849279,183,4202.479984553196,2950,0,0,2950,1,0,0,0.0
4868,1777472923.6284227,decode,183,1829023,0.9373610824257513,1849262,183,4202.479984553196,2951,0,0,2951,0,0,0,0.0
4869,1777472923.6653452,decode,183,1849023,0.9476109380309105,1849445,183,4202.479984553196,2953,0,0,2953,2,0,0,0.0
4871,1777472923.712427,decode,183,1839178,0.9425654466092709,1849206,183,4202.479984553196,2953,0,0,2953,0,0,0,0.0
4872,1777472923.749434,decode,183,1849178,0.9476903744118504,1849389,183,4202.479984553196,2955,0,0,2955,1,0,0,0.0
4874,1777472923.7958825,decode,183,1849544,0.9478779467694249,1849361,183,4202.479984553196,2956,0,0,2956,0,0,0,0.0
4875,1777472923.833598,decode,183,1839527,0.942744306589581,1849544,183,4202.479984553196,2957,0,0,2957,0,0,0,0.0
4876,1777472923.8709068,decode,183,1849527,0.9478692343921605,1849727,183,4202.479984553196,2959,0,0,2959,1,0,0,0.0
4878,1777472923.9193668,decode,183,1798860,0.9219027626948305,1849710,183,4202.479984553196,2960,0,0,2960,0,0,0,0.0
4879,1777472923.9558382,decode,183,1848860,0.9475274017077284,1849893,183,4202.479984553196,2962,0,0,2962,5,0,0,0.0
4881,1777472924.0049715,decode,183,1767593,0.9058786509345049,1849043,183,4202.479984553196,2959,0,0,2959,0,0,0,0.0
4882,1777472924.0415814,decode,183,1847593,0.9468780733551416,1849226,183,4202.479984553196,2961,0,0,2961,8,0,0,0.0
4884,1777472924.088938,decode,183,1847959,0.947065645712716,1847776,183,4202.479984553196,2955,0,0,2955,0,0,0,0.0
4885,1777472924.126575,decode,183,1827742,0.9367045791742409,1847959,183,4202.479984553196,2957,0,0,2957,0,0,0,0.0
4886,1777472924.163775,decode,183,1847742,0.9469544347794,1848142,183,4202.479984553196,2958,0,0,2958,2,0,0,0.0
4888,1777472924.2115421,decode,183,1837908,0.9419145807783433,1847925,183,4202.479984553196,2958,0,0,2958,0,0,0,0.0
4889,1777472924.248399,decode,183,1847908,0.9470395085809229,1848108,183,4202.479984553196,2960,0,0,2960,1,0,0,0.0
4891,1777472924.295257,decode,183,1848274,0.9472270809384973,1848091,183,4202.479984553196,2961,0,0,2961,0,0,0,0.0
4892,1777472924.3325617,decode,183,1848457,0.9473208671172845,1848274,183,4202.479984553196,2963,0,0,2963,0,0,0,0.0
4893,1777472924.3701298,decode,183,1838429,0.9421815895168577,1848457,183,4202.479984553196,2965,0,0,2965,0,0,0,0.0
4894,1777472924.4083645,decode,183,1828031,0.9368526895877355,1848640,183,4202.479984553196,2966,0,0,2966,1,0,0,0.0
4897,1777472924.4653723,decode,183,1776931,0.9106643085165538,1848214,183,4202.479984553196,2966,0,0,2966,0,0,0,0.0
4898,1777472924.50065,decode,183,1846931,0.9465388031346108,1848397,183,4202.479984553196,2967,0,0,2967,7,0,0,0.0
4900,1777472924.5482686,decode,183,1847297,0.9467263754921853,1847114,183,4202.479984553196,2962,0,0,2962,0,0,0,0.0
4901,1777472924.5857637,decode,183,1837269,0.9415870978917584,1847297,183,4202.479984553196,2964,0,0,2964,0,0,0,0.0
4902,1777472924.6234574,decode,183,1837070,0.9414851118284872,1847480,183,4345.037124739598,2966,0,0,2966,1,0,0,0.0
4905,1777472924.676679,decode,183,1806592,0.9258653568717851,1847253,183,4345.037124739598,2966,0,0,2966,0,0,0,0.0
4906,1777472924.7140303,decode,183,1836382,0.9411325167956697,1847436,183,4345.037124739598,2968,0,0,2968,4,0,0,0.0
4909,1777472924.7666533,decode,183,1856565,0.951476158579616,1846565,183,4345.037124739598,2965,0,0,2965,1,0,0,0.0
4911,1777472924.8144703,decode,184,1856933,0.9516647559227509,1856749,184,4345.037124739598,2966,0,0,2966,0,0,0,0.0
4912,1777472924.8529813,decode,184,1795873,0.9203719467602001,1856933,184,4345.037124739598,2968,0,0,2968,0,0,0,0.0
4913,1777472924.890723,decode,184,1794834,0.919839466761512,1857117,184,4345.037124739598,2970,0,0,2970,5,0,0,0.0
4916,1777472924.9495513,decode,183,1855017,0.9506828197557767,1845017,183,4345.037124739598,2962,0,0,2962,1,0,0,0.0
4918,1777472924.9981577,decode,184,1855385,0.9508714170989117,1855201,184,4345.037124739598,2964,0,0,2964,0,0,0,0.0
4919,1777472925.0357938,decode,184,1855569,0.9509657157704791,1855385,184,4345.037124739598,2965,0,0,2965,0,0,0,0.0
4920,1777472925.0731525,decode,184,1855753,0.9510600144420466,1855569,184,4345.037124739598,2967,0,0,2967,0,0,0,0.0
4921,1777472925.1113718,decode,184,1845726,0.9459212493344,1855753,184,4345.037124739598,2969,0,0,2969,0,0,0,0.0
4922,1777472925.1486425,decode,184,1835328,0.9405923494052778,1855937,184,4345.037124739598,2970,0,0,2970,1,0,0,0.0
4925,1777472925.2052903,decode,184,1855696,0.9510308023535718,1855512,184,4345.037124739598,2970,0,0,2970,0,0,0,0.0
4926,1777472925.2427773,decode,184,1835480,0.9406702483078769,1855696,184,4345.037124739598,2972,0,0,2972,0,0,0,0.0
4927,1777472925.2799847,decode,184,1855480,0.9509201039130362,1855880,184,4345.037124739598,2973,0,0,2973,2,0,0,0.0
4929,1777472925.3400333,decode,184,1794582,0.919710318580887,1855664,184,4345.037124739598,2974,0,0,2974,0,0,0,0.0
4930,1777472925.376278,decode,184,1844582,0.9453349575937849,1855848,184,4345.037124739598,2975,0,0,2975,5,0,0,0.0
4932,1777472925.4237895,decode,183,1834367,0.9400998438434498,1844765,183,4345.037124739598,2973,0,0,2973,1,0,0,0.0
4935,1777472925.481364,decode,184,1844524,0.9453052330125299,1854551,184,4345.037124739598,2972,0,0,2972,0,0,0,0.0
4936,1777472925.5185583,decode,184,1854524,0.9504301608151096,1854735,184,4345.037124739598,2974,0,0,2974,1,0,0,0.0
4938,1777472925.5652246,decode,184,1854892,0.9506187581582445,1854708,184,4345.037124739598,2975,0,0,2975,0,0,0,0.0
4939,1777472925.6029954,decode,184,1855076,0.9507130568298119,1854892,184,4345.037124739598,2977,0,0,2977,0,0,0,0.0
4940,1777472925.6407154,decode,184,1834838,0.9403412279429514,1855076,184,4345.037124739598,2978,0,0,2978,0,0,0,0.0
4941,1777472925.6783998,decode,184,1854838,0.9505910835481105,1855260,184,4345.037124739598,2980,0,0,2980,2,0,0,0.0
4943,1777472925.7263186,decode,184,1824606,0.935097401815352,1855022,184,4345.037124739598,2980,0,0,2980,0,0,0,0.0
4944,1777472925.7635083,decode,184,1854606,0.9504721852230906,1855206,184,4345.037124739598,2982,0,0,2982,3,0,0,0.0
4946,1777472925.8100157,decode,184,1854974,0.9506607825662255,1854790,184,4345.037124739598,2981,0,0,2981,0,0,0,0.0
4947,1777472925.8476493,decode,184,1855158,0.9507550812377931,1854974,184,4345.037124739598,2983,0,0,2983,0,0,0,0.0
4948,1777472925.885584,decode,184,1824709,0.9351501885717185,1855158,184,4345.037124739598,2984,0,0,2984,0,0,0,0.0
4949,1777472925.9232817,decode,184,1844499,0.9452924206930234,1855342,184,4345.037124739598,2986,0,0,2986,3,0,0,0.0
4952,1777472925.9756334,decode,184,1854867,0.950605945838738,1854683,184,4345.037124739598,2984,0,0,2984,0,0,0,0.0
4953,1777472926.0135794,decode,184,1855051,0.9507002445103054,1854867,184,4345.037124739598,2986,0,0,2986,0,0,0,0.0
4954,1777472926.0512543,decode,184,1855235,0.950794543181873,1855051,184,4345.037124739598,2988,0,0,2988,0,0,0,0.0
4955,1777472926.0889657,decode,184,1845208,0.9456557780742264,1855235,184,4345.037124739598,2989,0,0,2989,0,0,0,0.0
4956,1777472926.126334,decode,184,1855208,0.950780705876806,1855419,184,4345.037124739598,2991,0,0,2991,1,0,0,0.0
4958,1777472926.1760652,decode,184,1814754,0.9300483229442505,1855392,184,4345.037124739598,2992,0,0,2992,0,0,0,0.0
4959,1777472926.2122972,decode,184,1854754,0.9505480341545689,1855576,184,4345.037124739598,2994,0,0,2994,4,0,0,0.0
4961,1777472926.260091,decode,184,1855122,0.9507366314977038,1854938,184,4345.037124739598,2991,0,0,2991,0,0,0,0.0
4962,1777472926.29754,decode,184,1855306,0.9508309301692712,1855122,184,4345.037124739598,2993,0,0,2993,0,0,0,0.0
4963,1777472926.334862,decode,184,1855490,0.9509252288408387,1855306,184,4297.63367765145,2995,0,0,2995,0,0,0,0.0
4964,1777472926.3731165,decode,184,1845463,0.9457864637331922,1855490,184,4297.63367765145,2996,0,0,2996,0,0,0,0.0
4965,1777472926.4100745,decode,184,1855463,0.9509113915357718,1855674,184,4297.63367765145,2998,0,0,2998,1,0,0,0.0
4967,1777472926.458227,decode,184,1845631,0.9458725625202755,1855647,184,4297.63367765145,2999,0,0,2999,0,0,0,0.0
4968,1777472926.49513,decode,184,1855631,0.9509974903228551,1855831,184,4297.63367765145,3001,0,0,3001,1,0,0,0.0
4970,1777472926.5434287,decode,184,1855999,0.95118608766599,1855815,184,4297.63367765145,3002,0,0,3002,0,0,0,0.0
4971,1777472926.581446,decode,184,1835783,0.9408255336202951,1855999,184,4297.63367765145,3004,0,0,3004,0,0,0,0.0
4972,1777472926.627954,decode,184,1814954,0.9301508215003021,1856183,184,4297.63367765145,3005,0,0,3005,2,0,0,0.0
4975,1777472926.694783,decode,183,1844927,0.9455117676029738,1845137,183,4297.63367765145,3004,0,0,3004,1,0,0,0.0
4978,1777472926.7552123,decode,184,1855295,0.9508252927486884,1855111,184,4297.63367765145,3004,0,0,3004,0,0,0,0.0
4979,1777472926.793917,decode,184,1855479,0.9509195914202558,1855295,184,4297.63367765145,3006,0,0,3006,0,0,0,0.0
4980,1777472926.830514,decode,184,1855663,0.9510138900918234,1855479,184,4297.63367765145,3008,0,0,3008,0,0,0,0.0
4981,1777472926.8680193,decode,184,1855847,0.9511081887633908,1855663,184,4297.63367765145,3009,0,0,3009,0,0,0,0.0
4982,1777472926.9054148,decode,184,1856031,0.9512024874349583,1855847,184,4297.63367765145,3011,0,0,3011,0,0,0,0.0
4983,1777472926.9428954,decode,184,1856215,0.9512967861065257,1856031,184,4297.63367765145,3013,0,0,3013,0,0,0,0.0
4984,1777472926.9806993,decode,184,1856399,0.9513910847780932,1856215,184,4297.63367765145,3014,0,0,3014,0,0,0,0.0
4985,1777472927.0181973,decode,184,1856583,0.9514853834496606,1856399,184,4297.63367765145,3016,0,0,3016,0,0,0,0.0
4986,1777472927.0558844,decode,184,1856767,0.9515796821212281,1856583,184,4297.63367765145,3018,0,0,3018,0,0,0,0.0
4987,1777472927.093292,decode,184,1856951,0.9516739807927955,1856767,184,4297.63367765145,3019,0,0,3019,0,0,0,0.0
4988,1777472927.130628,decode,184,1857135,0.951768279464363,1856951,184,4297.63367765145,3021,0,0,3021,0,0,0,0.0
4989,1777472927.1682782,decode,184,1857319,0.9518625781359306,1857135,184,4297.63367765145,3023,0,0,3023,0,0,0,0.0
4990,1777472927.2057939,decode,184,1857503,0.951956876807498,1857319,184,4297.63367765145,3024,0,0,3024,0,0,0,0.0
4991,1777472927.243229,decode,184,1857687,0.9520511754790655,1857503,184,4297.63367765145,3026,0,0,3026,0,0,0,0.0
4992,1777472927.2806196,decode,184,1857871,0.9521454741506329,1857687,184,4297.63367765145,3028,0,0,3028,0,0,0,0.0
4993,1777472927.318594,decode,184,1858055,0.9522397728222004,1857871,184,4297.63367765145,3029,0,0,3029,0,0,0,0.0
4994,1777472927.3559954,decode,184,1858239,0.9523340714937678,1858055,184,4297.63367765145,3031,0,0,3031,0,0,0,0.0
4995,1777472927.393544,decode,184,1858423,0.9524283701653353,1858239,184,4297.63367765145,3033,0,0,3033,0,0,0,0.0
4996,1777472927.4310427,decode,184,1858607,0.9525226688369027,1858423,184,4297.63367765145,3035,0,0,3035,0,0,0,0.0
4997,1777472927.4700823,decode,184,1817991,0.9317072620739455,1858607,184,4297.63367765145,3036,0,0,3036,0,0,0,0.0
4998,1777472927.506273,decode,184,1847991,0.9470820454816843,1858791,184,4297.63367765145,3038,0,0,3038,3,0,0,0.0
5000,1777472927.5533407,decode,183,1848357,0.9472696178392587,1848174,183,4297.63367765145,3037,0,0,3037,0,0,0,0.0
5001,1777472927.5905414,decode,183,1848540,0.9473634040180459,1848357,183,4297.63367765145,3039,0,0,3039,0,0,0,0.0
5002,1777472927.6281292,decode,183,1848723,0.947457190196833,1848540,183,4297.63367765145,3040,0,0,3040,0,0,0,0.0
5003,1777472927.6654475,decode,183,1848906,0.9475509763756204,1848723,183,4297.63367765145,3042,0,0,3042,0,0,0,0.0
5004,1777472927.7033098,decode,183,1849089,0.9476447625544075,1848906,183,4297.63367765145,3044,0,0,3044,0,0,0,0.0
5005,1777472927.7409084,decode,183,1839072,0.9425111223745636,1849089,183,4297.63367765145,3045,0,0,3045,0,0,0,0.0
5006,1777472927.7781217,decode,183,1849072,0.9476360501771431,1849272,183,4297.63367765145,3047,0,0,3047,1,0,0,0.0
5008,1777472927.825925,decode,183,1839227,0.9425905587555036,1849255,183,4297.63367765145,3048,0,0,3048,0,0,0,0.0
5009,1777472927.862935,decode,183,1849227,0.9477154865580831,1849438,183,4297.63367765145,3050,0,0,3050,1,0,0,0.0
5011,1777472927.9108346,decode,183,1808793,0.9269933534811329,1849410,183,4297.63367765145,3051,0,0,3051,0,0,0,0.0
5012,1777472927.9472187,decode,183,1848793,0.9474930646914511,1849593,183,4557.307256791193,3053,0,0,3053,4,0,0,0.0
5014,1777472927.9941537,decode,183,1849159,0.9476806370490256,1848976,183,4557.307256791193,3051,0,0,3051,0,0,0,0.0
5015,1777472928.0316334,decode,183,1849342,0.9477744232278128,1849159,183,4557.307256791193,3052,0,0,3052,0,0,0,0.0
5016,1777472928.0703385,decode,183,1849525,0.9478682094066,1849342,183,4557.307256791193,3054,0,0,3054,0,0,0,0.0
5017,1777472928.1066778,decode,183,1849708,0.9479619955853872,1849525,183,4557.307256791193,3056,0,0,3056,0,0,0,0.0
5018,1777472928.1441667,decode,183,1849891,0.9480557817641744,1849708,183,4557.307256791193,3057,0,0,3057,0,0,0,0.0
5019,1777472928.1816595,decode,183,1850074,0.9481495679429616,1849891,183,4557.307256791193,3059,0,0,3059,0,0,0,0.0
5020,1777472928.219319,decode,183,1850257,0.9482433541217488,1850074,183,4557.307256791193,3061,0,0,3061,0,0,0,0.0
5021,1777472928.2561047,decode,183,1850440,0.9483371403005361,1850257,183,4557.307256791193,3062,0,0,3062,0,0,0,0.0
5022,1777472928.293504,decode,183,1850623,0.9484309264793233,1850440,183,4557.307256791193,3064,0,0,3064,0,0,0,0.0
5023,1777472928.33174,decode,183,1820184,0.9328311587410513,1850623,183,4557.307256791193,3066,0,0,3066,0,0,0,0.0
5024,1777472928.3685718,decode,183,1850184,0.94820594214879,1850806,183,4557.307256791193,3068,0,0,3068,3,0,0,0.0
5026,1777472928.4195511,decode,183,1850550,0.9483935145063644,1850367,183,4557.307256791193,3067,0,0,3067,0,0,0,0.0
5027,1777472928.4567952,decode,183,1850733,0.9484873006851516,1850550,183,4557.307256791193,3068,0,0,3068,0,0,0,0.0
5028,1777472928.4949474,decode,183,1850916,0.9485810868639388,1850733,183,4557.307256791193,3070,0,0,3070,0,0,0,0.0
5029,1777472928.532161,decode,183,1840899,0.9434474466840949,1850916,183,4557.307256791193,3072,0,0,3072,0,0,0,0.0
5030,1777472928.5700154,decode,183,1850899,0.9485723744866744,1851099,183,4557.307256791193,3073,0,0,3073,1,0,0,0.0
5032,1777472928.6188512,decode,183,1830843,0.9382938192858208,1851082,183,4557.307256791193,3074,0,0,3074,0,0,0,0.0
5033,1777472928.6560304,decode,183,1850843,0.94854367489098,1851265,183,4557.307256791193,3076,0,0,3076,2,0,0,0.0
5035,1777472928.704449,decode,183,1840998,0.9434981834693403,1851026,183,4557.307256791193,3076,0,0,3076,0,0,0,0.0
5036,1777472928.7410724,decode,183,1850998,0.94862311127192,1851209,183,4557.307256791193,3078,0,0,3078,1,0,0,0.0
5038,1777472928.7886589,decode,183,1820742,0.9331171297124352,1851181,183,4557.307256791193,3079,0,0,3079,0,0,0,0.0
5039,1777472928.8256571,decode,183,1850742,0.9484919131201739,1851364,183,4557.307256791193,3081,0,0,3081,3,0,0,0.0
5041,1777472928.8730512,decode,183,1830686,0.9382133579193203,1850925,183,4557.307256791193,3080,0,0,3080,0,0,0,0.0
5042,1777472928.909953,decode,183,1850686,0.9484632135244795,1851108,183,4557.307256791193,3081,0,0,3081,2,0,0,0.0
5044,1777472928.9567308,decode,183,1851052,0.9486507858820539,1850869,183,4557.307256791193,3082,0,0,3082,0,0,0,0.0
5045,1777472928.9943762,decode,183,1841035,0.9435171457022099,1851052,183,4557.307256791193,3083,0,0,3083,0,0,0,0.0
5046,1777472929.0320864,decode,183,1851035,0.9486420735047895,1851235,183,4557.307256791193,3085,0,0,3085,1,0,0,0.0
5048,1777472929.079767,decode,183,1841201,0.9436022195037327,1851218,183,4557.307256791193,3086,0,0,3086,0,0,0,0.0
5049,1777472929.117048,decode,183,1851201,0.9487271473063124,1851401,183,4557.307256791193,3088,0,0,3088,1,0,0,0.0
5051,1777472929.1645906,decode,183,1851567,0.9489147196638867,1851384,183,4557.307256791193,3088,0,0,3088,0,0,0,0.0
5052,1777472929.2023504,decode,183,1851750,0.9490085058426739,1851567,183,4557.307256791193,3090,0,0,3090,0,0,0,0.0
5053,1777472929.239581,decode,183,1831522,0.938641801883616,1851750,183,4557.307256791193,3092,0,0,3092,0,0,0,0.0
5054,1777472929.2767177,decode,183,1851522,0.9488916574887751,1851933,183,4557.307256791193,3093,0,0,3093,2,0,0,0.0
5056,1777472929.323737,decode,183,1851888,0.9490792298463495,1851705,183,4557.307256791193,3093,0,0,3093,0,0,0,0.0
5057,1777472929.3611417,decode,183,1852071,0.9491730160251367,1851888,183,4557.307256791193,3095,0,0,3095,0,0,0,0.0
5058,1777472929.3989089,decode,183,1852254,0.9492668022039239,1852071,183,4557.307256791193,3097,0,0,3097,0,0,0,0.0
5059,1777472929.436868,decode,183,1801437,0.9232234565895553,1852254,183,4557.307256791193,3098,0,0,3098,0,0,0,0.0
5060,1777472929.474638,decode,183,1851437,0.9488480956024532,1852437,183,4557.307256791193,3100,0,0,3100,5,0,0,0.0
5062,1777472929.5241168,decode,183,1821192,0.9333477514635513,1851620,183,4557.307256791193,3097,0,0,3097,0,0,0,0.0
5063,1777472929.5612524,decode,183,1851192,0.94872253487129,1851803,183,4535.235508327406,3099,0,0,3099,3,0,0,0.0
5065,1777472929.60881,decode,183,1851558,0.9489101072288644,1851375,183,4535.235508327406,3098,0,0,3098,0,0,0,0.0
5066,1777472929.6463742,decode,183,1851741,0.9490038934076516,1851558,183,4535.235508327406,3100,0,0,3100,0,0,0,0.0
5067,1777472929.6839268,decode,183,1831513,0.9386371894485936,1851741,183,4535.235508327406,3101,0,0,3101,0,0,0,0.0
5068,1777472929.721315,decode,183,1851513,0.9488870450537528,1851924,183,4535.235508327406,3103,0,0,3103,2,0,0,0.0
5070,1777472929.7699366,decode,183,1851879,0.9490746174113273,1851696,183,4535.235508327406,3103,0,0,3103,0,0,0,0.0
5071,1777472929.8082898,decode,183,1852062,0.9491684035901145,1851879,183,4535.235508327406,3105,0,0,3105,0,0,0,0.0
5072,1777472929.8448846,decode,183,1852245,0.9492621897689016,1852062,183,4535.235508327406,3107,0,0,3107,0,0,0,0.0
5073,1777472929.8831525,decode,183,1842217,0.9441229121684749,1852245,183,4535.235508327406,3108,0,0,3108,0,0,0,0.0
5074,1777472929.92,decode,183,1852217,0.9492478399710544,1852428,183,4535.235508327406,3110,0,0,3110,1,0,0,0.0
5076,1777472929.968226,decode,183,1821961,0.9337418584115696,1852400,183,4535.235508327406,3111,0,0,3111,0,0,0,0.0
5077,1777472930.005194,decode,183,1851961,0.9491166418193083,1852583,183,4535.235508327406,3113,0,0,3113,3,0,0,0.0
5079,1777472930.0537477,decode,183,1842127,0.9440767878182517,1852144,183,4535.235508327406,3112,0,0,3112,0,0,0,0.0
5080,1777472930.0910983,decode,183,1852127,0.9492017156208312,1852327,183,4535.235508327406,3113,0,0,3113,1,0,0,0.0
5082,1777472930.1389127,decode,183,1821882,0.9337013714819292,1852310,183,4535.235508327406,3114,0,0,3114,0,0,0,0.0
5083,1777472930.1770527,decode,183,1851882,0.949076154889668,1852493,183,4535.235508327406,3116,0,0,3116,3,0,0,0.0
5085,1777472930.226049,decode,183,1811426,0.9283427469715521,1852065,183,4535.235508327406,3115,0,0,3115,0,0,0,0.0
5086,1777472930.2630177,decode,183,1851426,0.9488424581818704,1852248,183,4535.235508327406,3117,0,0,3117,4,0,0,0.0
5088,1777472930.3111048,decode,183,1851792,0.9490300305394448,1851609,183,4535.235508327406,3115,0,0,3115,0,0,0,0.0
5089,1777472930.3492184,decode,183,1841775,0.9438963903596008,1851792,183,4535.235508327406,3117,0,0,3117,0,0,0,0.0
5090,1777472930.3862312,decode,183,1851775,0.9490213181621804,1851975,183,4535.235508327406,3119,0,0,3119,1,0,0,0.0
5092,1777472930.4344082,decode,183,1821541,0.9335266114438613,1851958,183,4535.235508327406,3120,0,0,3120,0,0,0,0.0
5093,1777472930.4710317,decode,183,1851541,0.9489013948516001,1852141,183,4535.235508327406,3121,0,0,3121,3,0,0,0.0
5095,1777472930.520273,decode,183,1821296,0.9334010507126981,1851724,183,4535.235508327406,3120,0,0,3120,0,0,0,0.0
5096,1777472930.5572977,decode,183,1851296,0.9487758341204369,1851907,183,4535.235508327406,3122,0,0,3122,3,0,0,0.0
5098,1777472930.6065395,decode,183,1821040,0.9332698525609521,1851479,183,4535.235508327406,3121,0,0,3121,0,0,0,0.0
5099,1777472930.6438866,decode,183,1851040,0.9486446359686908,1851662,183,4535.235508327406,3123,0,0,3123,3,0,0,0.0
5101,1777472930.692458,decode,183,1831006,0.9383773556090028,1851223,183,4535.235508327406,3122,0,0,3122,0,0,0,0.0
5102,1777472930.730268,decode,183,1851006,0.948627211214162,1851406,183,4535.235508327406,3124,0,0,3124,2,0,0,0.0
5104,1777472930.7798195,decode,183,1851372,0.9488147835717364,1851189,183,4535.235508327406,3124,0,0,3124,0,0,0,0.0
5105,1777472930.8176522,decode,183,1841344,0.9436755059713097,1851372,183,4535.235508327406,3126,0,0,3126,0,0,0,0.0
5106,1777472930.8544023,decode,183,1851344,0.9488004337738892,1851555,183,4535.235508327406,3127,0,0,3127,1,0,0,0.0
5108,1777472930.910616,decode,183,1800688,0.9228395994971421,1851527,183,4535.235508327406,3129,0,0,3129,0,0,0,0.0
5109,1777472930.947285,decode,183,1850688,0.94846423851004,1851710,183,4535.235508327406,3130,0,0,3130,5,0,0,0.0
5111,1777472930.996115,decode,183,1810221,0.9277251931713412,1850871,183,4535.235508327406,3127,0,0,3127,0,0,0,0.0
5112,1777472931.0328243,decode,183,1850221,0.9482249043816595,1851054,183,4535.235508327406,3129,0,0,3129,4,0,0,0.0
5114,1777472931.081348,decode,183,1819965,0.9327189228221747,1850404,183,4535.235508327406,3127,0,0,3127,0,0,0,0.0
5115,1777472931.1181476,decode,183,1849965,0.9480937062299135,1850587,183,4535.235508327406,3129,0,0,3129,3,0,0,0.0
5117,1777472931.1667416,decode,183,1809520,0.9273659357323804,1850148,183,4535.235508327406,3128,0,0,3128,0,0,0,0.0
5118,1777472931.2033272,decode,183,1849520,0.9478656469426987,1850331,183,4535.235508327406,3130,0,0,3130,4,0,0,0.0
5120,1777472931.2506096,decode,183,1849886,0.9480532193002731,1849703,183,4333.018137547768,3128,0,0,3128,0,0,0,0.0
5121,1777472931.288179,decode,183,1839858,0.9429139416998463,1849886,183,4333.018137547768,3129,0,0,3129,0,0,0,0.0
5122,1777472931.3256054,decode,183,1849858,0.9480388695024259,1850069,183,4333.018137547768,3131,0,0,3131,1,0,0,0.0
5124,1777472931.3738296,decode,183,1829824,0.937771589142738,1850041,183,4333.018137547768,3132,0,0,3132,0,0,0,0.0
5125,1777472931.4106913,decode,183,1849824,0.9480214447478971,1850224,183,4333.018137547768,3134,0,0,3134,2,0,0,0.0
5127,1777472931.4588633,decode,183,1839979,0.9429759533262575,1850007,183,4333.018137547768,3134,0,0,3134,0,0,0,0.0
5128,1777472931.4959545,decode,183,1849979,0.9481008811288371,1850190,183,4333.018137547768,3136,0,0,3136,1,0,0,0.0
5130,1777472931.5440028,decode,183,1809534,0.927373110631304,1850162,183,4333.018137547768,3137,0,0,3137,0,0,0,0.0
5131,1777472931.5806766,decode,183,1849534,0.9478728218416224,1850345,183,4333.018137547768,3139,0,0,3139,4,0,0,0.0
5133,1777472931.628431,decode,183,1819289,0.9323724777027204,1849717,183,4333.018137547768,3137,0,0,3137,0,0,0,0.0
5134,1777472931.6651442,decode,183,1849289,0.9477472611104591,1849900,183,4333.018137547768,3138,0,0,3138,3,0,0,0.0
5136,1777472931.7121534,decode,183,1849655,0.9479348334680335,1849472,183,4333.018137547768,3137,0,0,3137,0,0,0,0.0
5137,1777472931.7496932,decode,183,1829427,0.9375681295089755,1849655,183,4333.018137547768,3139,0,0,3139,0,0,0,0.0
5138,1777472931.7872162,decode,183,1849427,0.9478179851141347,1849838,183,4333.018137547768,3141,0,0,3141,2,0,0,0.0
5140,1777472931.835828,decode,183,1819171,0.9323120035546499,1849610,183,4333.018137547768,3141,0,0,3141,0,0,0,0.0
5141,1777472931.8718472,decode,183,1849171,0.9476867869623886,1849793,183,4333.018137547768,3143,0,0,3143,3,0,0,0.0
5143,1777472931.9190776,decode,183,1829126,0.9374138691821179,1849354,183,4333.018137547768,3141,0,0,3141,0,0,0,0.0
5144,1777472931.955977,decode,183,1849126,0.947663724787277,1849537,183,4333.018137547768,3143,0,0,3143,2,0,0,0.0
5146,1777472932.0029173,decode,183,1849492,0.9478512971448515,1849309,183,4333.018137547768,3143,0,0,3143,0,0,0,0.0
5147,1777472932.0404634,decode,183,1849675,0.9479450833236387,1849492,183,4333.018137547768,3145,0,0,3145,0,0,0,0.0
5148,1777472932.0783458,decode,183,1839647,0.9428058057232118,1849675,183,4333.018137547768,3147,0,0,3147,0,0,0,0.0
5149,1777472932.1164181,decode,183,1849647,0.9479307335257915,1849858,183,4333.018137547768,3148,0,0,3148,1,0,0,0.0
5151,1777472932.1650574,decode,183,1850013,0.9481183058833659,1849830,183,4333.018137547768,3149,0,0,3149,0,0,0,0.0
5152,1777472932.2030294,decode,183,1799163,0.9220580480072487,1850013,183,4333.018137547768,3151,0,0,3151,0,0,0,0.0
5153,1777472932.239878,decode,183,1849163,0.9476826870201466,1850196,183,4333.018137547768,3152,0,0,3152,5,0,0,0.0
5155,1777472932.290983,decode,183,1808729,0.9269605539431963,1849346,183,4333.018137547768,3149,0,0,3149,0,0,0,0.0
5156,1777472932.3266635,decode,183,1848729,0.9474602651535147,1849529,183,4333.018137547768,3151,0,0,3151,4,0,0,0.0
5158,1777472932.3754125,decode,183,1838884,0.9424147737318751,1848912,183,4333.018137547768,3149,0,0,3149,0,0,0,0.0
5159,1777472932.4130716,decode,183,1838685,0.9423127876686037,1849095,183,4333.018137547768,3150,0,0,3150,1,0,0,0.0
5162,1777472932.4693732,decode,183,1838840,0.9423922240495437,1848868,183,4333.018137547768,3151,0,0,3151,0,0,0,0.0
5163,1777472932.5063438,decode,183,1848840,0.9475171518521233,1849051,183,4333.018137547768,3153,0,0,3153,1,0,0,0.0
5165,1777472932.552923,decode,183,1849206,0.9477047242096976,1849023,183,4333.018137547768,3154,0,0,3154,0,0,0,0.0
5166,1777472932.5909965,decode,183,1839178,0.9425654466092709,1849206,183,4333.018137547768,3155,0,0,3155,0,0,0,0.0
5167,1777472932.628116,decode,183,1849178,0.9476903744118504,1849389,183,4333.018137547768,3157,0,0,3157,1,0,0,0.0
5169,1777472932.6878784,decode,183,1808711,0.9269513290731517,1849361,183,4333.018137547768,3158,0,0,3158,0,0,0,0.0
5170,1777472932.7245536,decode,183,1848711,0.94745104028347,1849544,183,4333.018137547768,3160,0,0,3160,4,0,0,0.0
5172,1777472932.774164,decode,183,1777633,0.9110240784482948,1848894,183,4333.018137547768,3158,0,0,3158,0,0,0,0.0
5173,1777472932.8107152,decode,183,1847633,0.946898573066352,1849077,183,4333.018137547768,3160,0,0,3160,7,0,0,0.0
5175,1777472932.8581705,decode,183,1847999,0.9470861454239263,1847816,183,4333.018137547768,3155,0,0,3155,0,0,0,0.0
5176,1777472932.8959363,decode,183,1837971,0.9419468678234996,1847999,183,4333.018137547768,3157,0,0,3157,0,0,0,0.0
5177,1777472932.9328732,decode,183,1847971,0.9470717956260791,1848182,183,4351.251663584392,3158,0,0,3158,1,0,0,0.0
5179,1777472932.9806023,decode,183,1797326,0.9211165987699148,1848154,183,4351.251663584392,3159,0,0,3159,0,0,0,0.0
5180,1777472933.0175815,decode,183,1847326,0.9467412377828127,1848337,183,4351.251663584392,3161,0,0,3161,5,0,0,0.0
5182,1777472933.0648897,decode,183,1847692,0.9469288101403871,1847509,183,4351.251663584392,3158,0,0,3158,0,0,0,0.0
5183,1777472933.102977,decode,183,1847875,0.9470225963191744,1847692,183,4351.251663584392,3160,0,0,3160,0,0,0,0.0
5184,1777472933.141048,decode,183,1776636,0.9105131231463777,1847875,183,4351.251663584392,3161,0,0,3161,0,0,0,0.0
5185,1777472933.1779332,decode,183,1846636,0.9463876177644347,1848058,183,4351.251663584392,3163,0,0,3163,7,0,0,0.0
5187,1777472933.2259626,decode,183,1815979,0.9306761266000665,1846819,183,4351.251663584392,3158,0,0,3158,1,0,0,0.0
5190,1777472933.28178,decode,183,1856162,0.951269623989172,1846162,183,4351.251663584392,3157,0,0,3157,1,0,0,0.0
5192,1777472933.3283887,decode,184,1856530,0.951458221332307,1856346,184,4351.251663584392,3158,0,0,3158,0,0,0,0.0
5193,1777472933.3668225,decode,184,1836292,0.9410863924454465,1856530,184,4351.251663584392,3160,0,0,3160,0,0,0,0.0
5194,1777472933.404335,decode,184,1825894,0.9357574925163242,1856714,184,4351.251663584392,3161,0,0,3161,1,0,0,0.0
5197,1777472933.458784,decode,183,1845867,0.9459935108164164,1846077,183,4351.251663584392,3161,0,0,3161,1,0,0,0.0
5200,1777472933.5144017,decode,184,1846024,0.9460739721829169,1856051,184,4351.251663584392,3161,0,0,3161,0,0,0,0.0
5201,1777472933.5522902,decode,184,1845825,0.9459719861196455,1856235,184,4351.251663584392,3163,0,0,3163,1,0,0,0.0
5204,1777472933.6078851,decode,184,1856193,0.9512855112653601,1856009,184,4351.251663584392,3163,0,0,3163,0,0,0,0.0
5205,1777472933.6462955,decode,184,1764522,0.9043047856063328,1856193,184,4351.251663584392,3165,0,0,3165,0,0,0,0.0
5206,1777472933.6838498,decode,184,1813914,0.9296178290088338,1856377,184,4351.251663584392,3167,0,0,3167,8,0,0,0.0
5209,1777472933.742575,decode,183,1854097,0.9502113263979394,1844097,183,4351.251663584392,3158,0,0,3158,1,0,0,0.0
5211,1777472933.7917566,decode,184,1844265,0.9451724973824431,1854281,184,4351.251663584392,3159,0,0,3159,0,0,0,0.0
5212,1777472933.8290215,decode,184,1854265,0.9502974251850227,1854465,184,4351.251663584392,3161,0,0,3161,1,0,0,0.0
5214,1777472933.8762338,decode,184,1854633,0.9504860225281576,1854449,184,4351.251663584392,3162,0,0,3162,0,0,0,0.0
5215,1777472933.914492,decode,184,1844606,0.9453472574205111,1854633,184,4351.251663584392,3164,0,0,3164,0,0,0,0.0
5216,1777472933.9518669,decode,184,1844407,0.9452452713572398,1854817,184,4351.251663584392,3166,0,0,3166,1,0,0,0.0
5219,1777472934.0078728,decode,184,1854775,0.9505587965029543,1854591,184,4351.251663584392,3166,0,0,3166,0,0,0,0.0
5220,1777472934.0460846,decode,184,1834548,0.9401926050366766,1854775,184,4351.251663584392,3168,0,0,3168,0,0,0,0.0
5221,1777472934.0829573,decode,184,1854548,0.9504424606418357,1854959,184,4351.251663584392,3169,0,0,3169,2,0,0,0.0
5223,1777472934.1307003,decode,184,1844705,0.9453979942057567,1854732,184,4351.251663584392,3169,0,0,3169,0,0,0,0.0
5224,1777472934.1679244,decode,184,1844495,0.9452903707219025,1854916,184,4351.251663584392,3171,0,0,3171,1,0,0,0.0
5227,1777472934.221418,decode,184,1824263,0.9349216167917235,1854679,184,4351.251663584392,3172,0,0,3172,0,0,0,0.0
5228,1777472934.2584014,decode,184,1854263,0.9502964001994622,1854863,184,4351.251663584392,3173,0,0,3173,3,0,0,0.0
5230,1777472934.305143,decode,184,1854631,0.9504849975425971,1854447,184,4351.251663584392,3172,0,0,3172,0,0,0,0.0
5231,1777472934.3426924,decode,184,1854815,0.9505792962141646,1854631,184,4351.251663584392,3174,0,0,3174,0,0,0,0.0
5232,1777472934.3803248,decode,184,1854999,0.950673594885732,1854815,184,4351.251663584392,3176,0,0,3176,0,0,0,0.0
5233,1777472934.4182777,decode,184,1844972,0.9455348297780855,1854999,184,4351.251663584392,3177,0,0,3177,0,0,0,0.0
5234,1777472934.4558682,decode,184,1854972,0.9506597575806651,1855183,184,4351.251663584392,3179,0,0,3179,1,0,0,0.0
5236,1777472934.5048985,decode,184,1814518,0.9299273746481096,1855156,184,4351.251663584392,3180,0,0,3180,0,0,0,0.0
5237,1777472934.5412693,decode,184,1854518,0.950427085858428,1855340,184,4351.251663584392,3182,0,0,3182,4,0,0,0.0
5239,1777472934.5884283,decode,184,1854886,0.9506156832015629,1854702,184,4351.251663584392,3180,0,0,3180,0,0,0,0.0
5240,1777472934.6255994,decode,184,1855070,0.9507099818731304,1854886,184,4351.251663584392,3181,0,0,3181,0,0,0,0.0
5241,1777472934.6637495,decode,184,1845043,0.9455712167654838,1855070,184,4246.424706213978,3183,0,0,3183,0,0,0,0.0
5242,1777472934.7007818,decode,184,1855043,0.9506961445680634,1855254,184,4246.424706213978,3185,0,0,3185,1,0,0,0.0
5244,1777472934.762196,decode,184,1855411,0.9508847419111983,1855227,184,4246.424706213978,3186,0,0,3186,0,0,0,0.0
5245,1777472934.799551,decode,184,1855595,0.9509790405827658,1855411,184,4246.424706213978,3188,0,0,3188,0,0,0,0.0
5246,1777472934.8367863,decode,184,1855779,0.9510733392543332,1855595,184,4246.424706213978,3190,0,0,3190,0,0,0,0.0
5247,1777472934.8746605,decode,184,1845752,0.9459345741466867,1855779,184,4246.424706213978,3191,0,0,3191,0,0,0,0.0
5248,1777472934.912411,decode,184,1825155,0.9353787603517135,1855963,184,4246.424706213978,3193,0,0,3193,1,0,0,0.0
5251,1777472934.9675248,decode,183,1824719,0.9351553134995211,1845338,183,4246.424706213978,3193,0,0,3193,1,0,0,0.0
5254,1777472935.0261106,decode,184,1855087,0.9507186942503948,1854903,184,4246.424706213978,3191,0,0,3191,0,0,0,0.0
5255,1777472935.0643783,decode,184,1855271,0.9508129929219622,1855087,184,4246.424706213978,3193,0,0,3193,0,0,0,0.0
5256,1777472935.1017935,decode,184,1855455,0.9509072915935297,1855271,184,4246.424706213978,3194,0,0,3194,0,0,0,0.0
5257,1777472935.1390336,decode,184,1855639,0.9510015902650971,1855455,184,4246.424706213978,3196,0,0,3196,0,0,0,0.0
5258,1777472935.1765735,decode,184,1845612,0.9458628251574506,1855639,184,4246.424706213978,3197,0,0,3197,0,0,0,0.0
5259,1777472935.2137635,decode,184,1855612,0.9509877529600301,1855823,184,4246.424706213978,3199,0,0,3199,1,0,0,0.0
5261,1777472935.2607596,decode,184,1845769,0.9459432865239511,1855796,184,4246.424706213978,3200,0,0,3200,0,0,0,0.0
5262,1777472935.2979934,decode,184,1855769,0.9510682143265307,1855980,184,4246.424706213978,3202,0,0,3202,1,0,0,0.0
5264,1777472935.3448513,decode,184,1856137,0.9512568116696656,1855953,184,4246.424706213978,3203,0,0,3203,0,0,0,0.0
5265,1777472935.3826108,decode,184,1835899,0.9408849827828051,1856137,184,4246.424706213978,3205,0,0,3205,0,0,0,0.0
5266,1777472935.4201171,decode,184,1845689,0.9459022871015305,1856321,184,4246.424706213978,3206,0,0,3206,2,0,0,0.0
5268,1777472935.4666257,decode,183,1855872,0.9511210010828972,1845872,183,4246.424706213978,3207,0,0,3207,1,0,0,0.0
5270,1777472935.5128684,decode,184,1856240,0.9513095984260321,1856056,184,4246.424706213978,3208,0,0,3208,0,0,0,0.0
5271,1777472935.5504677,decode,184,1856424,0.9514038970975996,1856240,184,4246.424706213978,3209,0,0,3209,0,0,0,0.0
5272,1777472935.588005,decode,184,1856608,0.951498195769167,1856424,184,4246.424706213978,3211,0,0,3211,0,0,0,0.0
5273,1777472935.625523,decode,184,1856792,0.9515924944407346,1856608,184,4246.424706213978,3213,0,0,3213,0,0,0,0.0
5274,1777472935.6629825,decode,184,1856976,0.951686793112302,1856792,184,4246.424706213978,3215,0,0,3215,0,0,0,0.0
5275,1777472935.7005577,decode,184,1857160,0.9517810917838695,1856976,184,4246.424706213978,3216,0,0,3216,0,0,0,0.0
5276,1777472935.739093,decode,184,1857344,0.951875390455437,1857160,184,4246.424706213978,3218,0,0,3218,0,0,0,0.0
5277,1777472935.7760093,decode,184,1857528,0.9519696891270044,1857344,184,4246.424706213978,3220,0,0,3220,0,0,0,0.0
5278,1777472935.8136797,decode,184,1847512,0.9468365614399407,1857528,184,4246.424706213978,3221,0,0,3221,0,0,0,0.0
5279,1777472935.850934,decode,184,1847695,0.946930347618728,1857712,183,4246.424706213978,3223,0,0,3223,0,0,0,0.0
5280,1777472935.8882813,decode,183,1847878,0.9470241337975152,1847695,183,4246.424706213978,3225,0,0,3225,0,0,0,0.0
5281,1777472935.9256577,decode,183,1848061,0.9471179199763023,1847878,183,4246.424706213978,3226,0,0,3226,0,0,0,0.0
5282,1777472935.9631252,decode,183,1848244,0.9472117061550895,1848061,183,4246.424706213978,3228,0,0,3228,0,0,0,0.0
5283,1777472936.0005343,decode,183,1848427,0.9473054923338767,1848244,183,4246.424706213978,3230,0,0,3230,0,0,0,0.0
5284,1777472936.0380225,decode,183,1848610,0.9473992785126639,1848427,183,4246.424706213978,3231,0,0,3231,0,0,0,0.0
5285,1777472936.0754046,decode,183,1848793,0.9474930646914511,1848610,183,4246.424706213978,3233,0,0,3233,0,0,0,0.0
5286,1777472936.1128361,decode,183,1848976,0.9475868508702384,1848793,183,4246.424706213978,3235,0,0,3235,0,0,0,0.0
5287,1777472936.150289,decode,183,1849159,0.9476806370490256,1848976,183,4246.424706213978,3237,0,0,3237,0,0,0,0.0
5288,1777472936.1877167,decode,183,1849342,0.9477744232278128,1849159,183,4246.424706213978,3238,0,0,3238,0,0,0,0.0
5289,1777472936.2257175,decode,183,1818903,0.9321746554895408,1849342,183,4246.424706213978,3240,0,0,3240,0,0,0,0.0
5290,1777472936.262703,decode,183,1848903,0.9475494388972795,1849525,183,4594.880112989681,3242,0,0,3242,3,0,0,0.0
5292,1777472936.3089337,decode,183,1849269,0.947737011254854,1849086,183,4594.880112989681,3241,0,0,3241,0,0,0,0.0
5293,1777472936.3463776,decode,183,1849452,0.9478307974336412,1849269,183,4594.880112989681,3242,0,0,3242,0,0,0,0.0
5294,1777472936.3839421,decode,183,1849635,0.9479245836124284,1849452,183,4594.880112989681,3244,0,0,3244,0,0,0,0.0
5295,1777472936.4213607,decode,183,1849818,0.9480183697912156,1849635,183,4594.880112989681,3246,0,0,3246,0,0,0,0.0
5296,1777472936.458789,decode,183,1850001,0.9481121559700028,1849818,183,4594.880112989681,3248,0,0,3248,0,0,0,0.0
5297,1777472936.49681,decode,183,1839973,0.942972878369576,1850001,183,4594.880112989681,3249,0,0,3249,0,0,0,0.0
5298,1777472936.534359,decode,183,1849973,0.9480978061721556,1850184,183,4594.880112989681,3251,0,0,3251,1,0,0,0.0
5300,1777472936.5822153,decode,183,1840128,0.943052314750516,1850156,183,4594.880112989681,3252,0,0,3252,0,0,0,0.0
5301,1777472936.6193218,decode,183,1850128,0.9481772425530955,1850339,183,4594.880112989681,3254,0,0,3254,1,0,0,0.0
5303,1777472936.6663578,decode,183,1809661,0.9274381972143967,1850311,183,4594.880112989681,3255,0,0,3255,0,0,0,0.0
5304,1777472936.7032785,decode,183,1849661,0.947937908424715,1850494,183,4594.880112989681,3257,0,0,3257,4,0,0,0.0
5306,1777472936.7495754,decode,183,1850027,0.9481254807822895,1849844,183,4594.880112989681,3255,0,0,3255,0,0,0,0.0
5307,1777472936.7871656,decode,183,1850210,0.9482192669610767,1850027,183,4594.880112989681,3256,0,0,3256,0,0,0,0.0
5308,1777472936.8245926,decode,183,1850393,0.9483130531398639,1850210,183,4594.880112989681,3258,0,0,3258,0,0,0,0.0
5309,1777472936.8620582,decode,183,1850576,0.9484068393186511,1850393,183,4594.880112989681,3260,0,0,3260,0,0,0,0.0
5310,1777472936.8995745,decode,183,1850759,0.9485006254974383,1850576,183,4594.880112989681,3262,0,0,3262,0,0,0,0.0
5311,1777472936.9373293,decode,183,1830542,0.9381395589589632,1850759,183,4594.880112989681,3263,0,0,3263,0,0,0,0.0
5312,1777472936.974409,decode,183,1850542,0.9483894145641223,1850942,183,4594.880112989681,3265,0,0,3265,2,0,0,0.0
5314,1777472937.0214608,decode,183,1840708,0.9433495605630655,1850725,183,4594.880112989681,3265,0,0,3265,0,0,0,0.0
5315,1777472937.0585468,decode,183,1850708,0.9484744883656452,1850908,183,4594.880112989681,3267,0,0,3267,1,0,0,0.0
5317,1777472937.105391,decode,183,1830652,0.9381959331647916,1850891,183,4594.880112989681,3268,0,0,3268,0,0,0,0.0
5318,1777472937.142451,decode,183,1850652,0.9484457887699507,1851074,183,4594.880112989681,3270,0,0,3270,2,0,0,0.0
5320,1777472937.1889625,decode,183,1840818,0.9434059347688939,1850835,183,4594.880112989681,3270,0,0,3270,0,0,0,0.0
5321,1777472937.22621,decode,183,1850818,0.9485308625714736,1851018,183,4594.880112989681,3271,0,0,3271,1,0,0,0.0
5323,1777472937.2728472,decode,183,1851184,0.948718434929048,1851001,183,4594.880112989681,3272,0,0,3272,0,0,0,0.0
5324,1777472937.310545,decode,183,1841156,0.9435791573286212,1851184,183,4594.880112989681,3274,0,0,3274,0,0,0,0.0
5325,1777472937.3477075,decode,183,1851156,0.9487040851312007,1851367,183,4594.880112989681,3276,0,0,3276,1,0,0,0.0
5327,1777472937.39479,decode,183,1841322,0.943664231130144,1851339,183,4594.880112989681,3277,0,0,3277,0,0,0,0.0
5328,1777472937.4319084,decode,183,1851322,0.9487891589327235,1851522,183,4594.880112989681,3279,0,0,3279,1,0,0,0.0
5330,1777472937.4783974,decode,183,1851688,0.9489767312902979,1851505,183,4594.880112989681,3280,0,0,3280,0,0,0,0.0
5331,1777472937.5546079,decode,183,1851871,0.9490705174690851,1851688,183,4594.880112989681,3282,0,0,3282,0,0,0,0.0
5332,1777472937.5907898,decode,183,1821421,0.9334651123102303,1851871,183,4594.880112989681,3284,0,0,3284,0,0,0,0.0
5333,1777472937.6279366,decode,183,1851421,0.9488398957179691,1852054,183,4594.880112989681,3286,0,0,3286,3,0,0,0.0
5335,1777472937.675501,decode,183,1841576,0.9437944042963294,1851604,183,4594.880112989681,3285,0,0,3285,0,0,0,0.0
5336,1777472937.712762,decode,183,1851576,0.9489193320989091,1851787,183,4594.880112989681,3287,0,0,3287,1,0,0,0.0
5338,1777472937.7596016,decode,183,1851942,0.9491069044564835,1851759,183,4594.880112989681,3288,0,0,3288,0,0,0,0.0
5339,1777472937.7975278,decode,183,1811314,0.9282853477801631,1851942,183,4594.880112989681,3290,0,0,3290,0,0,0,0.0
5340,1777472937.8343637,decode,183,1851314,0.9487850589904815,1852125,183,4594.880112989681,3291,0,0,3291,4,0,0,0.0
5342,1777472937.8815525,decode,183,1841480,0.9437452049894247,1851497,183,4594.880112989681,3289,0,0,3289,0,0,0,0.0
5343,1777472937.9188,decode,183,1851480,0.9488701327920043,1851680,183,4420.033963660464,3291,0,0,3291,1,0,0,0.0
5345,1777472937.9654176,decode,183,1851846,0.9490577051495787,1851663,183,4420.033963660464,3292,0,0,3292,0,0,0,0.0
5346,1777472938.0044477,decode,183,1852029,0.949151491328366,1851846,183,4420.033963660464,3294,0,0,3294,0,0,0,0.0
5347,1777472938.0414703,decode,183,1811390,0.9283242972314627,1852029,183,4420.033963660464,3295,0,0,3295,0,0,0,0.0
5348,1777472938.0782125,decode,183,1851390,0.948824008441781,1852212,183,4420.033963660464,3297,0,0,3297,4,0,0,0.0
5350,1777472938.125418,decode,183,1851756,0.9490115807993554,1851573,183,4420.033963660464,3295,0,0,3295,0,0,0,0.0
5351,1777472938.162863,decode,183,1851939,0.9491053669781427,1851756,183,4420.033963660464,3297,0,0,3297,0,0,0,0.0
5352,1777472938.200358,decode,183,1852122,0.9491991531569299,1851939,183,4420.033963660464,3298,0,0,3298,0,0,0,0.0
5353,1777472938.2383423,decode,183,1821683,0.933599385418658,1852122,183,4420.033963660464,3300,0,0,3300,0,0,0,0.0
5354,1777472938.2754102,decode,183,1851683,0.9489741688263966,1852305,183,4420.033963660464,3302,0,0,3302,3,0,0,0.0
5356,1777472938.3224788,decode,183,1811227,0.9282407609082807,1851866,183,4420.033963660464,3301,0,0,3301,0,0,0,0.0
5357,1777472938.3594894,decode,183,1851227,0.948740472118599,1852049,183,4420.033963660464,3303,0,0,3303,4,0,0,0.0
5359,1777472938.405849,decode,183,1851593,0.9489280444761734,1851410,183,4420.033963660464,3301,0,0,3301,0,0,0,0.0
5360,1777472938.4433737,decode,183,1851776,0.9490218306549606,1851593,183,4420.033963660464,3302,0,0,3302,0,0,0,0.0
5361,1777472938.48187,decode,183,1831559,0.9386607641164855,1851776,183,4420.033963660464,3304,0,0,3304,0,0,0,0.0
5362,1777472938.518844,decode,183,1851559,0.9489106197216447,1851959,183,4420.033963660464,3306,0,0,3306,2,0,0,0.0
5364,1777472938.567043,decode,183,1831525,0.9386433393619568,1851742,183,4420.033963660464,3306,0,0,3306,0,0,0,0.0
5365,1777472938.603998,decode,183,1851525,0.9488931949671159,1851925,183,4420.033963660464,3308,0,0,3308,2,0,0,0.0
5367,1777472938.651345,decode,183,1851891,0.9490807673246903,1851708,183,4420.033963660464,3308,0,0,3308,0,0,0,0.0
5368,1777472938.6888456,decode,183,1852074,0.9491745535034776,1851891,183,4420.033963660464,3309,0,0,3309,0,0,0,0.0
5369,1777472938.726398,decode,183,1852257,0.9492683396822648,1852074,183,4420.033963660464,3311,0,0,3311,0,0,0,0.0
5370,1777472938.76548,decode,183,1811629,0.9284467830059444,1852257,183,4420.033963660464,3313,0,0,3313,0,0,0,0.0
5371,1777472938.8015695,decode,183,1851629,0.9489464942162628,1852440,183,4420.033963660464,3314,0,0,3314,4,0,0,0.0
5373,1777472938.8491964,decode,183,1831584,0.9386735764359919,1851812,183,4420.033963660464,3312,0,0,3312,0,0,0,0.0
5374,1777472938.886355,decode,183,1851584,0.9489234320411511,1851995,183,4420.033963660464,3314,0,0,3314,2,0,0,0.0
5376,1777472938.933606,decode,183,1831539,0.9386505142608803,1851767,183,4420.033963660464,3314,0,0,3314,0,0,0,0.0
5377,1777472938.9708326,decode,183,1851539,0.9489003698660395,1851950,183,4420.033963660464,3316,0,0,3316,2,0,0,0.0
5379,1777472939.0181656,decode,183,1821283,0.9333943883065547,1851722,183,4420.033963660464,3316,0,0,3316,0,0,0,0.0
5380,1777472939.0552049,decode,183,1851283,0.9487691717142934,1851905,183,4420.033963660464,3318,0,0,3318,3,0,0,0.0
5382,1777472939.1020525,decode,183,1851649,0.9489567440718679,1851466,183,4420.033963660464,3317,0,0,3317,0,0,0,0.0
5383,1777472939.1398537,decode,183,1841621,0.943817466471441,1851649,183,4420.033963660464,3319,0,0,3319,0,0,0,0.0
5384,1777472939.1771128,decode,183,1851621,0.9489423942740207,1851832,183,4420.033963660464,3320,0,0,3320,1,0,0,0.0
5386,1777472939.2243538,decode,183,1831587,0.9386751139143328,1851804,183,4420.033963660464,3322,0,0,3322,0,0,0,0.0
5387,1777472939.2613804,decode,183,1851587,0.9489249695194919,1851987,183,4420.033963660464,3323,0,0,3323,2,0,0,0.0
5389,1777472939.3088803,decode,183,1800931,0.9229641352427448,1851770,183,4420.033963660464,3323,0,0,3323,0,0,0,0.0
5390,1777472939.3458302,decode,183,1850931,0.9485887742556427,1851953,183,4420.033963660464,3325,0,0,3325,5,0,0,0.0
5392,1777472939.3933039,decode,183,1810475,0.9278553663375267,1851114,183,4420.033963660464,3322,0,0,3322,0,0,0,0.0
5393,1777472939.4304347,decode,183,1850475,0.9483550775478451,1851297,183,4420.033963660464,3324,0,0,3324,4,0,0,0.0
5395,1777472939.4785573,decode,183,1810030,0.9276273070503119,1850658,183,4420.033963660464,3322,0,0,3322,0,0,0,0.0
5396,1777472939.5150964,decode,183,1850030,0.9481270182606303,1850841,183,4420.033963660464,3324,0,0,3324,4,0,0,0.0
5398,1777472939.5620933,decode,183,1850396,0.9483145906182047,1850213,183,4454.469300998914,3322,0,0,3322,0,0,0,0.0
5399,1777472939.5998325,decode,183,1830168,0.9379478866591466,1850396,183,4454.469300998914,3324,0,0,3324,0,0,0,0.0
5400,1777472939.6369736,decode,183,1850168,0.9481977422643059,1850579,183,4454.469300998914,3325,0,0,3325,2,0,0,0.0
5402,1777472939.6841822,decode,183,1809701,0.927458696925607,1850351,183,4454.469300998914,3325,0,0,3325,0,0,0,0.0
5403,1777472939.7211862,decode,183,1849701,0.9479584081359254,1850534,183,4454.469300998914,3327,0,0,3327,4,0,0,0.0
5405,1777472939.768524,decode,183,1829656,0.9376854903556546,1849884,183,4454.469300998914,3325,0,0,3325,0,0,0,0.0
5406,1777472939.8056898,decode,183,1849656,0.9479353459608137,1850067,183,4454.469300998914,3327,0,0,3327,2,0,0,0.0
5408,1777472939.8529224,decode,183,1819411,0.9324350018219119,1849839,183,4454.469300998914,3327,0,0,3327,0,0,0,0.0
5409,1777472939.8897493,decode,183,1849411,0.9478097852296505,1850022,183,4454.469300998914,3329,0,0,3329,3,0,0,0.0
5411,1777472939.9368498,decode,183,1808966,0.9270820147321175,1849594,183,4454.469300998914,3328,0,0,3328,0,0,0,0.0
5412,1777472939.9737217,decode,183,1848966,0.9475817259424358,1849777,183,4454.469300998914,3330,0,0,3330,4,0,0,0.0
5414,1777472940.0200922,decode,183,1849332,0.9477692983000102,1849149,183,4454.469300998914,3328,0,0,3328,0,0,0,0.0
5415,1777472940.0579047,decode,183,1839315,0.9426356581201663,1849332,183,4454.469300998914,3329,0,0,3329,0,0,0,0.0
5416,1777472940.0951452,decode,183,1849315,0.9477605859227458,1849515,183,4454.469300998914,3331,0,0,3331,1,0,0,0.0
5418,1777472940.1422336,decode,183,1829270,0.9374876681424751,1849498,183,4454.469300998914,3332,0,0,3332,0,0,0,0.0
5419,1777472940.1793606,decode,183,1849270,0.9477375237476342,1849681,183,4454.469300998914,3334,0,0,3334,2,0,0,0.0
5421,1777472940.2266946,decode,183,1839436,0.9426976697465774,1849453,183,4454.469300998914,3334,0,0,3334,0,0,0,0.0
5422,1777472940.26383,decode,183,1849436,0.947822597549157,1849636,183,4454.469300998914,3336,0,0,3336,1,0,0,0.0
5424,1777472940.3107681,decode,183,1829380,0.9375440423483035,1849619,183,4454.469300998914,3337,0,0,3337,0,0,0,0.0
5425,1777472940.3478024,decode,183,1849380,0.9477938979534626,1849802,183,4454.469300998914,3338,0,0,3338,2,0,0,0.0
5427,1777472940.3948438,decode,183,1839546,0.9427540439524058,1849563,183,4454.469300998914,3339,0,0,3339,0,0,0,0.0
5428,1777472940.432112,decode,183,1849546,0.9478789717549854,1849746,183,4454.469300998914,3340,0,0,3340,1,0,0,0.0
5430,1777472940.4892604,decode,183,1849912,0.9480665441125599,1849729,183,4454.469300998914,3342,0,0,3342,0,0,0,0.0
5431,1777472940.5268908,decode,183,1819484,0.9324724137948707,1849912,183,4454.469300998914,3343,0,0,3343,0,0,0,0.0
5432,1777472940.5638554,decode,183,1849484,0.9478471972026095,1850095,183,4454.469300998914,3345,0,0,3345,3,0,0,0.0
5434,1777472940.611447,decode,183,1809028,0.9271137892844935,1849667,183,4454.469300998914,3344,0,0,3344,0,0,0,0.0
5435,1777472940.6488328,decode,183,1849028,0.9476135004948117,1849850,183,4454.469300998914,3346,0,0,3346,4,0,0,0.0
5437,1777472940.6971118,decode,183,1828983,0.937340582714541,1849211,183,4454.469300998914,3344,0,0,3344,0,0,0,0.0
5438,1777472940.7337935,decode,183,1848983,0.9475904383197001,1849394,183,4454.469300998914,3346,0,0,3346,2,0,0,0.0
5440,1777472940.7807488,decode,183,1839149,0.9425505843186434,1849166,183,4454.469300998914,3346,0,0,3346,0,0,0,0.0
5441,1777472940.8179312,decode,183,1849149,0.947675512121223,1849349,183,4454.469300998914,3347,0,0,3347,1,0,0,0.0
5443,1777472940.8648226,decode,183,1849515,0.9478630844787974,1849332,183,4454.469300998914,3349,0,0,3349,0,0,0,0.0
5444,1777472940.903823,decode,183,1849698,0.9479568706575846,1849515,183,4454.469300998914,3350,0,0,3350,0,0,0,0.0
5445,1777472940.9401457,decode,183,1849881,0.9480506568363718,1849698,183,4454.469300998914,3352,0,0,3352,0,0,0,0.0
5446,1777472940.9778543,decode,183,1809231,0.9272178253188859,1849881,183,4454.469300998914,3353,0,0,3353,0,0,0,0.0
5447,1777472941.014753,decode,183,1849231,0.9477175365292041,1850064,183,4454.469300998914,3355,0,0,3355,4,0,0,0.0
5449,1777472941.0620027,decode,183,1818975,0.9322115549697194,1849414,183,4454.469300998914,3353,0,0,3353,0,0,0,0.0
5450,1777472941.0989227,decode,183,1848975,0.9475863383774581,1849597,183,4454.469300998914,3355,0,0,3355,3,0,0,0.0
5452,1777472941.1457942,decode,183,1839130,0.9425408469558185,1849158,183,4454.469300998914,3354,0,0,3354,0,0,0,0.0
5453,1777472941.1828692,decode,183,1849130,0.9476657747583981,1849341,183,4454.469300998914,3355,0,0,3355,1,0,0,0.0
5455,1777472941.229698,decode,183,1849496,0.9478533471159725,1849313,183,4389.546793106622,3356,0,0,3356,0,0,0,0.0
5456,1777472941.2675738,decode,183,1819079,0.9322648542188662,1849496,183,4389.546793106622,3358,0,0,3358,0,0,0,0.0
5457,1777472941.304616,decode,183,1849079,0.947639637626605,1849679,183,4389.546793106622,3360,0,0,3360,3,0,0,0.0
5459,1777472941.3518052,decode,183,1839234,0.9425941462049653,1849262,183,4389.546793106622,3359,0,0,3359,0,0,0,0.0
5460,1777472941.3891115,decode,183,1849234,0.947719074007545,1849445,183,4389.546793106622,3361,0,0,3361,1,0,0,0.0
5462,1777472941.4363935,decode,183,1778167,0.9112977495929526,1849417,183,4389.546793106622,3362,0,0,3362,0,0,0,0.0
5463,1777472941.4736536,decode,183,1827769,0.9367184164793079,1849600,183,4389.546793106622,3364,0,0,3364,7,0,0,0.0
5466,1777472941.5308018,decode,183,1776669,0.9105300354081262,1847952,183,4389.546793106622,3357,0,0,3357,0,0,0,0.0
5467,1777472941.567511,decode,183,1846669,0.9464045300261833,1848135,183,4389.546793106622,3359,0,0,3359,7,0,0,0.0
5469,1777472941.614176,decode,183,1856852,0.95162324400755,1846852,183,4389.546793106622,3354,0,0,3354,1,0,0,0.0
5471,1777472941.6621997,decode,184,1826609,0.9361239248542086,1857036,184,4389.546793106622,3355,0,0,3355,0,0,0,0.0
5472,1777472941.6996162,decode,184,1826211,0.9359199527276659,1857220,184,4389.546793106622,3357,0,0,3357,2,0,0,0.0
5475,1777472941.7558477,decode,183,1835974,0.9409234197413244,1846394,183,4389.546793106622,3355,0,0,3355,1,0,0,0.0
5478,1777472941.8102453,decode,184,1846142,0.9461344463309873,1856158,184,4389.546793106622,3355,0,0,3355,0,0,0,0.0
5479,1777472941.847437,decode,184,1856142,0.9512593741335669,1856342,184,4389.546793106622,3356,0,0,3356,1,0,0,0.0
5481,1777472941.8941586,decode,184,1856510,0.9514479714767018,1856326,184,4389.546793106622,3357,0,0,3357,0,0,0,0.0
5482,1777472941.9326444,decode,184,1785261,0.9149333733761026,1856510,184,4389.546793106622,3359,0,0,3359,0,0,0,0.0
5483,1777472941.9699085,decode,184,1814642,0.9299909237528616,1856694,184,4389.546793106622,3361,0,0,3361,6,0,0,0.0
5486,1777472942.0247564,decode,183,1854825,0.9505844211419672,1844825,183,4389.546793106622,3354,0,0,3354,1,0,0,0.0
5488,1777472942.0726106,decode,184,1844993,0.9455455921264709,1855009,184,4389.546793106622,3356,0,0,3356,0,0,0,0.0
5489,1777472942.109874,decode,184,1854993,0.9506705199290505,1855193,184,4389.546793106622,3357,0,0,3357,1,0,0,0.0
5491,1777472942.1569803,decode,184,1845150,0.9456260534929715,1855177,184,4389.546793106622,3358,0,0,3358,0,0,0,0.0
5492,1777472942.1944995,decode,184,1844951,0.9455240674297001,1855361,184,4389.546793106622,3360,0,0,3360,1,0,0,0.0
5495,1777472942.2466211,decode,184,1855319,0.9508375925754146,1855135,184,4389.546793106622,3360,0,0,3360,0,0,0,0.0
5496,1777472942.2843914,decode,184,1845292,0.945698827467768,1855319,184,4389.546793106622,3362,0,0,3362,0,0,0,0.0
5497,1777472942.321892,decode,184,1845093,0.9455968414044967,1855503,184,4389.546793106622,3364,0,0,3364,1,0,0,0.0
5500,1777472942.3739917,decode,184,1855461,0.9509103665502112,1855277,184,4389.546793106622,3364,0,0,3364,0,0,0,0.0
5501,1777472942.4124234,decode,184,1773968,0.9091457924086495,1855461,184,4389.546793106622,3366,0,0,3366,0,0,0,0.0
5502,1777472942.450421,decode,184,1843968,0.9450202870267065,1855645,184,4389.546793106622,3368,0,0,3368,7,0,0,0.0
5504,1777472942.4983292,decode,183,1854151,0.9502390010080733,1844151,183,4389.546793106622,3363,0,0,3363,1,0,0,0.0
5506,1777472942.545664,decode,184,1854519,0.9504275983512083,1854335,184,4389.546793106622,3364,0,0,3364,0,0,0,0.0
5507,1777472942.5830584,decode,184,1854703,0.9505218970227757,1854519,184,4389.546793106622,3366,0,0,3366,0,0,0,0.0
5508,1777472942.6206234,decode,184,1854887,0.9506161956943432,1854703,184,4389.546793106622,3367,0,0,3367,0,0,0,0.0
5509,1777472942.6584103,decode,184,1844860,0.9454774305866966,1854887,184,4389.546793106622,3369,0,0,3369,0,0,0,0.0
5510,1777472942.6957004,decode,184,1854860,0.9506023583892762,1855071,184,4389.546793106622,3371,0,0,3371,1,0,0,0.0
5512,1777472942.7421944,decode,184,1855228,0.9507909557324111,1855044,184,4389.546793106622,3372,0,0,3372,0,0,0,0.0
5513,1777472942.780447,decode,184,1814601,0.9299699115488711,1855228,184,4389.546793106622,3373,0,0,3373,0,0,0,0.0
5514,1777472942.8173609,decode,184,1854601,0.9504696227591893,1855412,184,4389.546793106622,3375,0,0,3375,4,0,0,0.0
5516,1777472942.8648286,decode,184,1844758,0.9454251563231103,1854785,184,4389.546793106622,3373,0,0,3373,0,0,0,0.0
5517,1777472942.9019902,decode,184,1854758,0.9505500841256899,1854969,184,4389.546793106622,3375,0,0,3375,1,0,0,0.0
5519,1777472942.9493034,decode,184,1824493,0.9350394901311828,1854942,184,4273.073981637177,3376,0,0,3376,0,0,0,0.0
5520,1777472942.9863026,decode,184,1854493,0.9504142735389215,1855126,184,4273.073981637177,3378,0,0,3378,3,0,0,0.0
5522,1777472943.0329492,decode,184,1854861,0.9506028708820564,1854677,184,4273.073981637177,3377,0,0,3377,0,0,0,0.0
5523,1777472943.0704186,decode,184,1855045,0.9506971695536239,1854861,184,4273.073981637177,3379,0,0,3379,0,0,0,0.0
5524,1777472943.1080449,decode,184,1855229,0.9507914682251913,1855045,184,4273.073981637177,3380,0,0,3380,0,0,0,0.0
5525,1777472943.146034,decode,184,1824802,0.9351978504002825,1855229,184,4273.073981637177,3382,0,0,3382,0,0,0,0.0
5526,1777472943.1835337,decode,184,1834404,0.9401188060763194,1855413,184,4273.073981637177,3384,0,0,3384,3,0,0,0.0
5529,1777472943.2402148,decode,184,1844561,0.9453241952453995,1854588,184,4273.073981637177,3381,0,0,3381,0,0,0,0.0
5530,1777472943.277398,decode,184,1854561,0.950449123047979,1854772,184,4273.073981637177,3383,0,0,3383,1,0,0,0.0
5532,1777472943.3241804,decode,184,1854929,0.9506377203911139,1854745,184,4273.073981637177,3384,0,0,3384,0,0,0,0.0
5533,1777472943.3616543,decode,184,1855113,0.9507320190626815,1854929,184,4273.073981637177,3386,0,0,3386,0,0,0,0.0
5534,1777472943.3994677,decode,184,1845086,0.9455932539550349,1855113,184,4273.073981637177,3387,0,0,3387,0,0,0,0.0
5535,1777472943.4366899,decode,184,1855086,0.9507181817576145,1855297,184,4273.073981637177,3389,0,0,3389,1,0,0,0.0
5537,1777472943.4841118,decode,184,1855454,0.9509067791007494,1855270,184,4273.073981637177,3390,0,0,3390,0,0,0,0.0
5538,1777472943.52159,decode,184,1855638,0.9510010777723169,1855454,184,4273.073981637177,3392,0,0,3392,0,0,0,0.0
5539,1777472943.5590801,decode,184,1855822,0.9510953764438843,1855638,184,4273.073981637177,3394,0,0,3394,0,0,0,0.0
5540,1777472943.5971322,decode,184,1845795,0.9459566113362378,1855822,184,4273.073981637177,3395,0,0,3395,0,0,0,0.0
5541,1777472943.6345534,decode,184,1825176,0.935389522700099,1856006,184,4273.073981637177,3397,0,0,3397,1,0,0,0.0
5544,1777472943.696526,decode,183,1855359,0.9508580922866249,1845359,183,4273.073981637177,3397,0,0,3397,1,0,0,0.0
5546,1777472943.7436042,decode,184,1855727,0.9510466896297598,1855543,184,4273.073981637177,3398,0,0,3398,0,0,0,0.0
5547,1777472943.7811732,decode,184,1855911,0.9511409883013273,1855727,184,4273.073981637177,3399,0,0,3399,0,0,0,0.0
5548,1777472943.820287,decode,184,1856095,0.9512352869728947,1855911,184,4273.073981637177,3401,0,0,3401,0,0,0,0.0
5549,1777472943.85676,decode,184,1856279,0.9513295856444622,1856095,184,4273.073981637177,3403,0,0,3403,0,0,0,0.0
5550,1777472943.8941388,decode,184,1846252,0.9461908205368157,1856279,184,4273.073981637177,3404,0,0,3404,0,0,0,0.0
5551,1777472943.9312775,decode,184,1856252,0.9513157483393953,1856463,184,4273.073981637177,3406,0,0,3406,1,0,0,0.0
5553,1777472943.978236,decode,184,1846409,0.9462712819033162,1856436,184,4273.073981637177,3407,0,0,3407,0,0,0,0.0
5554,1777472944.0155535,decode,184,1856409,0.9513962097058958,1856620,184,4273.073981637177,3408,0,0,3408,1,0,0,0.0
5556,1777472944.0627892,decode,184,1856777,0.9515848070490307,1856593,184,4273.073981637177,3410,0,0,3410,0,0,0,0.0
5557,1777472944.1004684,decode,184,1846750,0.9464460419413842,1856777,184,4273.073981637177,3411,0,0,3411,0,0,0,0.0
5558,1777472944.1380537,decode,184,1836722,0.9413067643409574,1856961,183,4273.073981637177,3413,0,0,3413,0,0,0,0.0
5559,1777472944.1751268,decode,183,1846722,0.946431692143537,1846933,183,4273.073981637177,3415,0,0,3415,1,0,0,0.0
5561,1777472944.2221706,decode,183,1856905,0.9516504061249037,1846905,183,4273.073981637177,3416,0,0,3416,1,0,0,0.0
5563,1777472944.2690203,decode,184,1857273,0.9518390034680386,1857089,184,4273.073981637177,3417,0,0,3417,0,0,0,0.0
5564,1777472944.3066344,decode,184,1857457,0.9519333021396061,1857273,184,4273.073981637177,3419,0,0,3419,0,0,0,0.0
5565,1777472944.3441668,decode,184,1857641,0.9520276008111735,1857457,184,4273.073981637177,3420,0,0,3420,0,0,0,0.0
5566,1777472944.381646,decode,184,1857825,0.9521218994827411,1857641,184,4273.073981637177,3422,0,0,3422,0,0,0,0.0
5567,1777472944.4192126,decode,184,1858009,0.9522161981543085,1857825,184,4273.073981637177,3424,0,0,3424,0,0,0,0.0
5568,1777472944.4567997,decode,184,1858193,0.952310496825876,1858009,184,4273.073981637177,3425,0,0,3425,0,0,0,0.0
5569,1777472944.4943962,decode,184,1858377,0.9524047954974434,1858193,184,4273.073981637177,3427,0,0,3427,0,0,0,0.0
5570,1777472944.5322194,decode,184,1848361,0.9472716678103797,1858377,184,4273.073981637177,3429,0,0,3429,0,0,0,0.0
5571,1777472944.5702965,decode,184,1848544,0.9473654539891669,1858561,183,4538.612944642905,3431,0,0,3431,0,0,0,0.0
5572,1777472944.607283,decode,183,1848727,0.9474592401679541,1848544,183,4538.612944642905,3432,0,0,3432,0,0,0,0.0
5573,1777472944.644404,decode,183,1848910,0.9475530263467413,1848727,183,4538.612944642905,3434,0,0,3434,0,0,0,0.0
5574,1777472944.6818457,decode,183,1849093,0.9476468125255285,1848910,183,4538.612944642905,3436,0,0,3436,0,0,0,0.0
5575,1777472944.7193124,decode,183,1849276,0.9477405987043157,1849093,183,4538.612944642905,3437,0,0,3437,0,0,0,0.0
5576,1777472944.756743,decode,183,1849459,0.947834384883103,1849276,183,4538.612944642905,3439,0,0,3439,0,0,0,0.0
5577,1777472944.7943933,decode,183,1849642,0.9479281710618902,1849459,183,4538.612944642905,3441,0,0,3441,0,0,0,0.0
5578,1777472944.8320708,decode,183,1849825,0.9480219572406774,1849642,183,4538.612944642905,3442,0,0,3442,0,0,0,0.0
5579,1777472944.869269,decode,183,1850008,0.9481157434194646,1849825,183,4538.612944642905,3444,0,0,3444,0,0,0,0.0
5580,1777472944.906557,decode,183,1850191,0.9482095295982518,1850008,183,4538.612944642905,3446,0,0,3446,0,0,0,0.0
5581,1777472944.9447432,decode,183,1789152,0.9169274827840863,1850191,183,4538.612944642905,3447,0,0,3447,0,0,0,0.0
5582,1777472944.9815392,decode,183,1849152,0.9476770495995638,1850374,183,4538.612944642905,3449,0,0,3449,6,0,0,0.0
5584,1777472945.0287929,decode,183,1849518,0.9478646219571382,1849335,183,4538.612944642905,3445,0,0,3445,0,0,0,0.0
5585,1777472945.0662773,decode,183,1849701,0.9479584081359254,1849518,183,4538.612944642905,3447,0,0,3447,0,0,0,0.0
5586,1777472945.1036289,decode,183,1849884,0.9480521943147125,1849701,183,4538.612944642905,3449,0,0,3449,0,0,0,0.0
5587,1777472945.1410773,decode,183,1850067,0.9481459804934999,1849884,183,4538.612944642905,3450,0,0,3450,0,0,0,0.0
5588,1777472945.1785557,decode,183,1850250,0.948239766672287,1850067,183,4538.612944642905,3452,0,0,3452,0,0,0,0.0
5589,1777472945.2165213,decode,183,1819822,0.9326456363545979,1850250,183,4538.612944642905,3454,0,0,3454,0,0,0,0.0
5590,1777472945.2535605,decode,183,1849822,0.9480204197623366,1850433,183,4538.612944642905,3455,0,0,3455,3,0,0,0.0
5592,1777472945.3008895,decode,183,1839977,0.942974928340697,1850005,183,4538.612944642905,3455,0,0,3455,0,0,0,0.0
5593,1777472945.3381083,decode,183,1849977,0.9480998561432766,1850188,183,4538.612944642905,3456,0,0,3456,1,0,0,0.0
5595,1777472945.3854463,decode,183,1829943,0.9378325757835887,1850160,183,4538.612944642905,3457,0,0,3457,0,0,0,0.0
5596,1777472945.422552,decode,183,1849943,0.9480824313887478,1850343,183,4538.612944642905,3459,0,0,3459,2,0,0,0.0
5598,1777472945.4696665,decode,183,1850309,0.9482700037463222,1850126,183,4538.612944642905,3459,0,0,3459,0,0,0,0.0
5599,1777472945.507298,decode,183,1850492,0.9483637899251094,1850309,183,4538.612944642905,3461,0,0,3461,0,0,0,0.0
5600,1777472945.5454564,decode,183,1850675,0.9484575761038966,1850492,183,4538.612944642905,3463,0,0,3463,0,0,0,0.0
5601,1777472945.582409,decode,183,1850858,0.9485513622826839,1850675,183,4538.612944642905,3464,0,0,3464,0,0,0,0.0
5602,1777472945.6196454,decode,183,1851041,0.9486451484614711,1850858,183,4538.612944642905,3466,0,0,3466,0,0,0,0.0
5603,1777472945.6570632,decode,183,1851224,0.9487389346402583,1851041,183,4538.612944642905,3468,0,0,3468,0,0,0,0.0
5604,1777472945.6944711,decode,183,1851407,0.9488327208190455,1851224,183,4538.612944642905,3469,0,0,3469,0,0,0,0.0
5605,1777472945.732256,decode,183,1841379,0.9436934432186187,1851407,183,4538.612944642905,3471,0,0,3471,0,0,0,0.0
5606,1777472945.769484,decode,183,1851379,0.9488183710211983,1851590,183,4538.612944642905,3473,0,0,3473,1,0,0,0.0
5608,1777472945.8164093,decode,183,1851745,0.9490059433787726,1851562,183,4538.612944642905,3474,0,0,3474,0,0,0,0.0
5609,1777472945.8538506,decode,183,1851928,0.9490997295575598,1851745,183,4538.612944642905,3475,0,0,3475,0,0,0,0.0
5610,1777472945.8916457,decode,183,1831700,0.9387330255985019,1851928,183,4538.612944642905,3477,0,0,3477,0,0,0,0.0
5611,1777472945.928835,decode,183,1851700,0.948982881203661,1852111,183,4538.612944642905,3479,0,0,3479,2,0,0,0.0
5613,1777472945.9759662,decode,183,1852066,0.9491704535612354,1851883,183,4538.612944642905,3479,0,0,3479,0,0,0,0.0
5614,1777472946.0141459,decode,183,1811438,0.9283488968849152,1852066,183,4538.612944642905,3481,0,0,3481,0,0,0,0.0
5615,1777472946.05101,decode,183,1851438,0.9488486080952334,1852249,183,4538.612944642905,3482,0,0,3482,4,0,0,0.0
5617,1777472946.0985441,decode,183,1841593,0.9438031166735938,1851621,183,4538.612944642905,3480,0,0,3480,0,0,0,0.0
5618,1777472946.135762,decode,183,1851593,0.9489280444761734,1851804,183,4675.870164495115,3482,0,0,3482,1,0,0,0.0
5620,1777472946.18268,decode,183,1851959,0.9491156168337479,1851776,183,4675.870164495115,3483,0,0,3483,0,0,0,0.0
5621,1777472946.2200847,decode,183,1852142,0.9492094030125351,1851959,183,4675.870164495115,3485,0,0,3485,0,0,0,0.0
5622,1777472946.2583063,decode,183,1811492,0.928376571495049,1852142,183,4675.870164495115,3487,0,0,3487,0,0,0,0.0
5623,1777472946.2953312,decode,183,1851492,0.9488762827053674,1852325,183,4675.870164495115,3488,0,0,3488,4,0,0,0.0
5625,1777472946.342749,decode,183,1851858,0.9490638550629418,1851675,183,4675.870164495115,3486,0,0,3486,0,0,0,0.0
5626,1777472946.3802555,decode,183,1852041,0.949157641241729,1851858,183,4675.870164495115,3488,0,0,3488,0,0,0,0.0
5627,1777472946.417802,decode,183,1852224,0.9492514274205162,1852041,183,4675.870164495115,3490,0,0,3490,0,0,0,0.0
5628,1777472946.4556186,decode,183,1831996,0.9388847234614582,1852224,183,4675.870164495115,3491,0,0,3491,0,0,0,0.0
5629,1777472946.4928355,decode,183,1851996,0.9491345790666174,1852407,183,4675.870164495115,3493,0,0,3493,2,0,0,0.0
5631,1777472946.5453885,decode,183,1821751,0.9336342349277155,1852179,183,4675.870164495115,3493,0,0,3493,0,0,0,0.0
5632,1777472946.5821583,decode,183,1851751,0.9490090183354541,1852362,183,4675.870164495115,3495,0,0,3495,3,0,0,0.0
5634,1777472946.6295857,decode,183,1852117,0.9491965906930286,1851934,183,4675.870164495115,3494,0,0,3494,0,0,0,0.0
5635,1777472946.6671095,decode,183,1852300,0.9492903768718158,1852117,183,4675.870164495115,3496,0,0,3496,0,0,0,0.0
5636,1777472946.7051008,decode,183,1811650,0.9284575453543298,1852300,183,4675.870164495115,3497,0,0,3497,0,0,0,0.0
5637,1777472946.7437158,decode,183,1851650,0.9489572565646481,1852483,183,4675.870164495115,3499,0,0,3499,4,0,0,0.0
5639,1777472946.7934194,decode,183,1831616,0.9386899762049602,1851833,183,4675.870164495115,3497,0,0,3497,0,0,0,0.0
5640,1777472946.830324,decode,183,1851616,0.9489398318101194,1852016,183,4675.870164495115,3499,0,0,3499,2,0,0,0.0
5642,1777472946.877245,decode,183,1851982,0.9491274041676938,1851799,183,4675.870164495115,3499,0,0,3499,0,0,0,0.0
5643,1777472946.9154816,decode,183,1831743,0.938755062788053,1851982,183,4675.870164495115,3500,0,0,3500,0,0,0,0.0
5644,1777472946.9524589,decode,183,1851743,0.9490049183932121,1852165,183,4675.870164495115,3502,0,0,3502,2,0,0,0.0
5646,1777472947.0005543,decode,183,1811287,0.9282715104750962,1851926,183,4675.870164495115,3502,0,0,3502,0,0,0,0.0
5647,1777472947.0375135,decode,183,1851287,0.9487712216854145,1852109,183,4675.870164495115,3504,0,0,3504,4,0,0,0.0
5649,1777472947.085278,decode,183,1841453,0.9437313676843577,1851470,183,4675.870164495115,3502,0,0,3502,0,0,0,0.0
5650,1777472947.1229403,decode,183,1851453,0.9488562954869373,1851653,183,4675.870164495115,3504,0,0,3504,1,0,0,0.0
5652,1777472947.1709747,decode,183,1821208,0.9333559513480354,1851636,183,4675.870164495115,3505,0,0,3505,0,0,0,0.0
5653,1777472947.2079284,decode,183,1851208,0.9487307347557741,1851819,183,4675.870164495115,3506,0,0,3506,3,0,0,0.0
5655,1777472947.255493,decode,183,1841374,0.9436908807547174,1851391,183,4675.870164495115,3506,0,0,3506,0,0,0,0.0
5656,1777472947.2925947,decode,183,1851374,0.948815808557297,1851574,183,4675.870164495115,3507,0,0,3507,1,0,0,0.0
5658,1777472947.3396034,decode,183,1851740,0.9490033809148714,1851557,183,4675.870164495115,3508,0,0,3508,0,0,0,0.0
5659,1777472947.377035,decode,183,1851923,0.9490971670936585,1851740,183,4675.870164495115,3510,0,0,3510,0,0,0,0.0
5660,1777472947.4146073,decode,183,1852106,0.9491909532724457,1851923,183,4675.870164495115,3512,0,0,3512,0,0,0,0.0
5661,1777472947.4525154,decode,183,1821667,0.9335911855341738,1852106,183,4675.870164495115,3513,0,0,3513,0,0,0,0.0
5662,1777472947.4896848,decode,183,1851667,0.9489659689419125,1852289,183,4675.870164495115,3515,0,0,3515,3,0,0,0.0
5664,1777472947.5374386,decode,183,1831622,0.9386930511616418,1851850,183,4675.870164495115,3514,0,0,3514,0,0,0,0.0
5665,1777472947.5746293,decode,183,1851622,0.9489429067668009,1852033,183,4675.870164495115,3516,0,0,3516,2,0,0,0.0
5667,1777472947.6222668,decode,183,1821388,0.9334482000484818,1851805,183,4675.870164495115,3516,0,0,3516,0,0,0,0.0
5668,1777472947.6593785,decode,183,1851388,0.9488229834562205,1851988,183,4675.870164495115,3518,0,0,3518,3,0,0,0.0
5670,1777472947.7073383,decode,183,1800732,0.9228621491794734,1851571,183,4675.870164495115,3517,0,0,3517,0,0,0,0.0
5671,1777472947.7441719,decode,183,1850732,0.9484867881923713,1851754,183,4675.870164495115,3519,0,0,3519,5,0,0,0.0
5673,1777472947.7911286,decode,183,1851098,0.9486743605499458,1850915,183,4421.983967186374,3516,0,0,3516,0,0,0,0.0
5674,1777472947.828826,decode,183,1841070,0.9435350829495189,1851098,183,4421.983967186374,3517,0,0,3517,0,0,0,0.0
5675,1777472947.8659754,decode,183,1851070,0.9486600107520985,1851281,183,4421.983967186374,3519,0,0,3519,1,0,0,0.0
5677,1777472947.9138362,decode,183,1800425,0.9227048138959343,1851253,183,4421.983967186374,3520,0,0,3520,0,0,0,0.0
5678,1777472947.9508173,decode,183,1850425,0.9483294529088322,1851436,183,4421.983967186374,3522,0,0,3522,5,0,0,0.0
5680,1777472948.0072393,decode,183,1799747,0.9223573437909194,1850608,183,4421.983967186374,3519,0,0,3519,0,0,0,0.0
5681,1777472948.0437658,decode,183,1849747,0.9479819828038173,1850791,183,4421.983967186374,3521,0,0,3521,5,0,0,0.0
5683,1777472948.0917149,decode,183,1819502,0.9324816386649153,1849930,183,4421.983967186374,3518,0,0,3518,0,0,0,0.0
5684,1777472948.128672,decode,183,1849502,0.9478564220726541,1850113,183,4421.983967186374,3520,0,0,3520,3,0,0,0.0
5686,1777472948.176381,decode,183,1819257,0.9323560779337521,1849685,183,4421.983967186374,3519,0,0,3519,0,0,0,0.0
5687,1777472948.2134004,decode,183,1849257,0.9477308613414909,1849868,183,4421.983967186374,3521,0,0,3521,3,0,0,0.0
5689,1777472948.2602577,decode,183,1849623,0.9479184336990653,1849440,183,4421.983967186374,3520,0,0,3520,0,0,0,0.0
5690,1777472948.2981272,decode,183,1829384,0.9375460923194244,1849623,183,4421.983967186374,3521,0,0,3521,0,0,0,0.0
5691,1777472948.3352945,decode,183,1849384,0.9477959479245837,1849806,183,4421.983967186374,3523,0,0,3523,2,0,0,0.0
5693,1777472948.38233,decode,183,1849750,0.947983520282158,1849567,183,4421.983967186374,3523,0,0,3523,0,0,0,0.0
5694,1777472948.419712,decode,183,1849933,0.9480773064609452,1849750,183,4421.983967186374,3525,0,0,3525,0,0,0,0.0
5695,1777472948.4575868,decode,183,1829705,0.9377106025018872,1849933,183,4421.983967186374,3527,0,0,3527,0,0,0,0.0
5696,1777472948.4947646,decode,183,1849705,0.9479604581070464,1850116,183,4421.983967186374,3528,0,0,3528,2,0,0,0.0
5698,1777472948.5424294,decode,183,1819460,0.9324601139681444,1849888,183,4421.983967186374,3528,0,0,3528,0,0,0,0.0
5699,1777472948.5794442,decode,183,1849460,0.9478348973758832,1850071,183,4421.983967186374,3530,0,0,3530,3,0,0,0.0
5701,1777472948.627067,decode,183,1829404,0.9375563421750296,1849643,183,4421.983967186374,3529,0,0,3529,0,0,0,0.0
5702,1777472948.6642978,decode,183,1849404,0.9478061977801888,1849826,183,4421.983967186374,3531,0,0,3531,2,0,0,0.0
5704,1777472948.7114997,decode,183,1849770,0.9479937701377632,1849587,183,4421.983967186374,3531,0,0,3531,0,0,0,0.0
5705,1777472948.7492876,decode,183,1839742,0.9428544925373363,1849770,183,4421.983967186374,3533,0,0,3533,0,0,0,0.0
5706,1777472948.7864707,decode,183,1849742,0.947979420339916,1849953,183,4421.983967186374,3535,0,0,3535,1,0,0,0.0
5708,1777472948.8340497,decode,183,1788886,0.9167911597045376,1849925,183,4421.983967186374,3536,0,0,3536,0,0,0,0.0
5709,1777472948.8708518,decode,183,1848886,0.9475407265200152,1850108,183,4421.983967186374,3537,0,0,3537,6,0,0,0.0
5711,1777472948.9186556,decode,183,1828852,0.9372734461603273,1849069,183,4421.983967186374,3533,0,0,3533,0,0,0,0.0
5712,1777472948.9558625,decode,183,1848852,0.9475233017654864,1849252,183,4421.983967186374,3535,0,0,3535,2,0,0,0.0
5714,1777472949.0033808,decode,183,1839018,0.9424834477644296,1849035,183,4421.983967186374,3535,0,0,3535,0,0,0,0.0
5715,1777472949.0407362,decode,183,1849018,0.9476083755670092,1849218,183,4421.983967186374,3537,0,0,3537,1,0,0,0.0
5717,1777472949.0881424,decode,183,1839173,0.9425628841453696,1849201,183,4421.983967186374,3538,0,0,3538,0,0,0,0.0
5718,1777472949.1252377,decode,183,1849173,0.9476878119479492,1849384,183,4421.983967186374,3540,0,0,3540,1,0,0,0.0
5720,1777472949.1722364,decode,183,1849539,0.9478753843055236,1849356,183,4421.983967186374,3541,0,0,3541,0,0,0,0.0
5721,1777472949.2103899,decode,183,1798689,0.9218151264294064,1849539,183,4421.983967186374,3542,0,0,3542,0,0,0,0.0
5722,1777472949.247276,decode,183,1848689,0.9474397654423043,1849722,183,4421.983967186374,3544,0,0,3544,5,0,0,0.0
5724,1777472949.2946599,decode,183,1849055,0.9476273377998787,1848872,183,4421.983967186374,3541,0,0,3541,0,0,0,0.0
5725,1777472949.3321352,decode,183,1849238,0.9477211239786659,1849055,183,4421.983967186374,3543,0,0,3543,0,0,0,0.0
5726,1777472949.3697355,decode,183,1839221,0.942587483798822,1849238,183,4421.983967186374,3545,0,0,3545,0,0,0,0.0
5727,1777472949.4069624,decode,183,1849221,0.9477124116014015,1849421,183,4421.983967186374,3546,0,0,3546,1,0,0,0.0
5729,1777472949.4542384,decode,183,1849587,0.947899983958976,1849404,183,4401.402487161867,3547,0,0,3547,0,0,0,0.0
5730,1777472949.492792,decode,183,1839570,0.942766343779132,1849587,183,4401.402487161867,3549,0,0,3549,0,0,0,0.0
5731,1777472949.5293925,decode,183,1849570,0.9478912715817116,1849770,183,4401.402487161867,3551,0,0,3551,1,0,0,0.0
5733,1777472949.5862741,decode,183,1839736,0.9428514175806548,1849753,183,4401.402487161867,3552,0,0,3552,0,0,0,0.0
5734,1777472949.6229112,decode,183,1849736,0.9479763453832344,1849936,183,4401.402487161867,3554,0,0,3554,1,0,0,0.0
5736,1777472949.6725945,decode,183,1778680,0.911560658389225,1849919,183,4401.402487161867,3555,0,0,3555,0,0,0,0.0
5737,1777472949.7084415,decode,183,1848680,0.947435153007282,1850102,183,4401.402487161867,3556,0,0,3556,7,0,0,0.0
5739,1777472949.7574215,decode,183,1767413,0.9057864022340585,1848863,183,4401.402487161867,3551,0,0,3551,0,0,0,0.0
5740,1777472949.7941196,decode,183,1847413,0.9467858246546952,1849046,183,4401.402487161867,3553,0,0,3553,8,0,0,0.0
5742,1777472949.8415577,decode,183,1847779,0.9469733970122696,1847596,183,4401.402487161867,3547,0,0,3547,0,0,0,0.0
5743,1777472949.879312,decode,183,1837762,0.9418397568324256,1847779,183,4401.402487161867,3549,0,0,3549,0,0,0,0.0
5744,1777472949.9168284,decode,183,1837563,0.9417377707691543,1847962,183,4401.402487161867,3551,0,0,3551,1,0,0,0.0
5747,1777472949.9726834,decode,183,1827507,0.9365841433708803,1847746,183,4401.402487161867,3551,0,0,3551,0,0,0,0.0
5748,1777472950.0098975,decode,183,1847507,0.9468339989760394,1847929,183,4401.402487161867,3553,0,0,3553,2,0,0,0.0
5750,1777472950.0566566,decode,183,1847873,0.9470215713336139,1847690,183,4401.402487161867,3553,0,0,3553,0,0,0,0.0
5751,1777472950.0941615,decode,183,1848056,0.9471153575124011,1847873,183,4401.402487161867,3555,0,0,3555,0,0,0,0.0
5752,1777472950.132614,decode,183,1746195,0.8949123304225451,1848056,183,4401.402487161867,3556,0,0,3556,0,0,0,0.0
5753,1777472950.16946,decode,183,1846195,0.946161608448341,1848239,183,4401.402487161867,3558,0,0,3558,10,0,0,0.0
5755,1777472950.2177463,decode,183,1835958,0.9409152198568402,1846378,183,4401.402487161867,3550,0,0,3550,1,0,0,0.0
5758,1777472950.273765,decode,184,1835915,0.9408931826672892,1856142,184,4401.402487161867,3550,0,0,3550,0,0,0,0.0
5759,1777472950.310958,decode,184,1855915,0.9511430382724483,1856326,184,4401.402487161867,3551,0,0,3551,2,0,0,0.0
5761,1777472950.3586953,decode,184,1815450,0.9304050179193101,1856099,184,4401.402487161867,3551,0,0,3551,0,0,0,0.0
5762,1777472950.3963747,decode,184,1825030,0.9353146987541813,1856283,184,4401.402487161867,3553,0,0,3553,3,0,0,0.0
5765,1777472950.450805,decode,183,1855213,0.9507832683407073,1845213,183,4401.402487161867,3550,0,0,3550,1,0,0,0.0
5767,1777472950.4988768,decode,184,1835170,0.940511375545997,1855397,184,4401.402487161867,3552,0,0,3552,0,0,0,0.0
5768,1777472950.536003,decode,184,1855170,0.9507612311511562,1855581,184,4401.402487161867,3553,0,0,3553,2,0,0,0.0
5770,1777472950.5832324,decode,184,1855538,0.9509498284942911,1855354,184,4401.402487161867,3553,0,0,3553,0,0,0,0.0
5771,1777472950.621634,decode,184,1784289,0.9144352303936918,1855538,184,4401.402487161867,3555,0,0,3555,0,0,0,0.0
5772,1777472950.6589808,decode,184,1834079,0.9399522459227355,1855722,184,4401.402487161867,3557,0,0,3557,6,0,0,0.0
5775,1777472950.7121496,decode,183,1854262,0.9502958877066819,1844262,183,4401.402487161867,3552,0,0,3552,1,0,0,0.0
5777,1777472950.759925,decode,184,1854630,0.9504844850498169,1854446,184,4401.402487161867,3553,0,0,3553,0,0,0,0.0
5778,1777472950.7974098,decode,184,1854814,0.9505787837213844,1854630,184,4401.402487161867,3555,0,0,3555,0,0,0,0.0
5779,1777472950.835271,decode,184,1844787,0.9454400186137378,1854814,184,4401.402487161867,3557,0,0,3557,0,0,0,0.0
5780,1777472950.872773,decode,184,1844588,0.9453380325504664,1854998,184,4401.402487161867,3559,0,0,3559,1,0,0,0.0
5783,1777472950.9283807,decode,184,1854956,0.9506515576961809,1854772,184,4401.402487161867,3559,0,0,3559,0,0,0,0.0
5784,1777472950.9661617,decode,184,1844929,0.9455127925885344,1854956,184,4401.402487161867,3561,0,0,3561,0,0,0,0.0
5785,1777472951.003855,decode,184,1824332,0.9349569787935612,1855140,184,4401.402487161867,3562,0,0,3562,1,0,0,0.0
5788,1777472951.0624638,decode,184,1854700,0.9505203595444349,1854516,184,4401.402487161867,3561,0,0,3561,0,0,0,0.0
5789,1777472951.1010447,decode,184,1814051,0.9296880405197292,1854700,184,4401.402487161867,3563,0,0,3563,0,0,0,0.0
5790,1777472951.1381137,decode,184,1843841,0.9449552004436137,1854884,184,4401.402487161867,3564,0,0,3564,4,0,0,0.0
5793,1777472951.1950955,decode,184,1833809,0.939813872872066,1854025,184,4216.304861146497,3562,0,0,3562,0,0,0,0.0
5794,1777472951.2325392,decode,184,1853809,0.9500637284772251,1854209,184,4216.304861146497,3564,0,0,3564,2,0,0,0.0
5796,1777472951.281504,decode,184,1854177,0.95025232582036,1853993,184,4216.304861146497,3564,0,0,3564,0,0,0,0.0
5797,1777472951.3176866,decode,184,1854361,0.9503466244919274,1854177,184,4216.304861146497,3565,0,0,3565,0,0,0,0.0
5798,1777472951.355105,decode,184,1854545,0.9504409231634949,1854361,184,4216.304861146497,3567,0,0,3567,0,0,0,0.0
5799,1777472951.3933165,decode,184,1813929,0.9296255164005377,1854545,184,4216.304861146497,3569,0,0,3569,0,0,0,0.0
5800,1777472951.430096,decode,184,1853929,0.950125227610856,1854729,184,4216.304861146497,3570,0,0,3570,4,0,0,0.0
5802,1777472951.4787362,decode,184,1844086,0.9450807611747769,1854113,184,4216.304861146497,3568,0,0,3568,0,0,0,0.0
5803,1777472951.5157747,decode,184,1854086,0.9502056889773566,1854297,184,4216.304861146497,3570,0,0,3570,1,0,0,0.0
5805,1777472951.5639026,decode,184,1854454,0.9503942863204915,1854270,184,4216.304861146497,3571,0,0,3571,0,0,0,0.0
5806,1777472951.6014466,decode,184,1854638,0.9504885849920589,1854454,184,4216.304861146497,3573,0,0,3573,0,0,0,0.0
5807,1777472951.6400135,decode,184,1844611,0.9453498198844124,1854638,184,4216.304861146497,3575,0,0,3575,0,0,0,0.0
5808,1777472951.6769006,decode,184,1854611,0.9504747476869919,1854822,184,4216.304861146497,3576,0,0,3576,1,0,0,0.0
5810,1777472951.7378561,decode,184,1854979,0.9506633450301268,1854795,184,4216.304861146497,3578,0,0,3578,0,0,0,0.0
5811,1777472951.7748976,decode,184,1855163,0.9507576437016944,1854979,184,4216.304861146497,3579,0,0,3579,0,0,0,0.0
5812,1777472951.8124964,decode,184,1855347,0.9508519423732619,1855163,184,4216.304861146497,3581,0,0,3581,0,0,0,0.0
5813,1777472951.8504562,decode,184,1824920,0.9352583245483529,1855347,184,4216.304861146497,3583,0,0,3583,0,0,0,0.0
5814,1777472951.8879797,decode,184,1844721,0.9454061940902407,1855531,184,4216.304861146497,3585,0,0,3585,3,0,0,0.0
5817,1777472951.9441333,decode,184,1844878,0.9454866554567413,1854905,184,4216.304861146497,3583,0,0,3583,0,0,0,0.0
5818,1777472951.981363,decode,184,1854878,0.9506115832593208,1855089,184,4216.304861146497,3585,0,0,3585,1,0,0,0.0
5820,1777472952.0281947,decode,184,1855246,0.9508001806024557,1855062,184,4216.304861146497,3586,0,0,3586,0,0,0,0.0
5821,1777472952.065624,decode,184,1855430,0.9508944792740233,1855246,184,4216.304861146497,3588,0,0,3588,0,0,0,0.0
5822,1777472952.1034765,decode,184,1845403,0.9457557141663767,1855430,184,4216.304861146497,3589,0,0,3589,0,0,0,0.0
5823,1777472952.1411693,decode,184,1855403,0.9508806419689563,1855614,184,4216.304861146497,3591,0,0,3591,1,0,0,0.0
5825,1777472952.189107,decode,184,1855771,0.9510692393120912,1855587,184,4216.304861146497,3592,0,0,3592,0,0,0,0.0
5826,1777472952.2269084,decode,184,1845755,0.9459361116250274,1855771,184,4216.304861146497,3594,0,0,3594,0,0,0,0.0
5827,1777472952.264156,decode,184,1855755,0.9510610394276071,1855955,184,4216.304861146497,3595,0,0,3595,1,0,0,0.0
5829,1777472952.311981,decode,184,1845912,0.946016572991528,1855939,184,4216.304861146497,3597,0,0,3597,0,0,0,0.0
5830,1777472952.3491101,decode,184,1855912,0.9511415007941075,1856123,184,4216.304861146497,3598,0,0,3598,1,0,0,0.0
5832,1777472952.3967214,decode,184,1856280,0.9513300981372425,1856096,184,4216.304861146497,3599,0,0,3599,0,0,0,0.0
5833,1777472952.4340775,decode,184,1856464,0.95142439680881,1856280,184,4216.304861146497,3601,0,0,3601,0,0,0,0.0
5834,1777472952.4716513,decode,184,1856648,0.9515186954803774,1856464,184,4216.304861146497,3603,0,0,3603,0,0,0,0.0
5835,1777472952.509159,decode,184,1856832,0.9516129941519449,1856648,184,4216.304861146497,3604,0,0,3604,0,0,0,0.0
5836,1777472952.5467446,decode,184,1857016,0.9517072928235123,1856832,184,4216.304861146497,3606,0,0,3606,0,0,0,0.0
5837,1777472952.5845413,decode,184,1846989,0.9465685277158657,1857016,184,4216.304861146497,3608,0,0,3608,0,0,0,0.0
5838,1777472952.6235313,decode,184,1847172,0.946662313894653,1857200,183,4216.304861146497,3610,0,0,3610,0,0,0,0.0
5839,1777472952.6597407,decode,183,1847355,0.9467561000734402,1847172,183,4216.304861146497,3611,0,0,3611,0,0,0,0.0
5840,1777472952.6968322,decode,183,1847538,0.9468498862522274,1847355,183,4216.304861146497,3612,0,0,3612,0,0,0,0.0
5841,1777472952.734153,decode,183,1847721,0.9469436724310146,1847538,183,4216.304861146497,3614,0,0,3614,0,0,0,0.0
5842,1777472952.7714694,decode,183,1847904,0.9470374586098018,1847721,183,4216.304861146497,3616,0,0,3616,0,0,0,0.0
5843,1777472952.8092513,decode,183,1837876,0.9418981810093751,1847904,183,4556.564649761055,3617,0,0,3617,0,0,0,0.0
5844,1777472952.8466167,decode,183,1837666,0.9417905575255209,1848087,183,4556.564649761055,3619,0,0,3619,1,0,0,0.0
5847,1777472952.8998125,decode,183,1848032,0.9471030576856748,1847849,183,4556.564649761055,3619,0,0,3619,0,0,0,0.0
5848,1777472952.9371953,decode,183,1848215,0.947196843864462,1848032,183,4556.564649761055,3621,0,0,3621,0,0,0,0.0
5849,1777472952.9746408,decode,183,1848398,0.9472906300432493,1848215,183,4556.564649761055,3623,0,0,3623,0,0,0,0.0
5850,1777472953.0122087,decode,183,1848581,0.9473844162220365,1848398,183,4556.564649761055,3625,0,0,3625,0,0,0,0.0
5851,1777472953.049543,decode,183,1848764,0.9474782024008237,1848581,183,4556.564649761055,3626,0,0,3626,0,0,0,0.0
5852,1777472953.087018,decode,183,1848947,0.9475719885796109,1848764,183,4556.564649761055,3628,0,0,3628,0,0,0,0.0
5853,1777472953.1244652,decode,183,1849130,0.9476657747583981,1848947,183,4556.564649761055,3630,0,0,3630,0,0,0,0.0
5854,1777472953.16235,decode,183,1849313,0.9477595609371853,1849130,183,4556.564649761055,3631,0,0,3631,0,0,0,0.0
5855,1777472953.199879,decode,183,1829096,0.9373984943987101,1849313,183,4556.564649761055,3633,0,0,3633,0,0,0,0.0
5856,1777472953.2368236,decode,183,1849096,0.9476483500038693,1849496,183,4556.564649761055,3635,0,0,3635,2,0,0,0.0
5858,1777472953.2838726,decode,183,1849462,0.9478359223614438,1849279,183,4556.564649761055,3635,0,0,3635,0,0,0,0.0
5859,1777472953.3214107,decode,183,1849645,0.947929708540231,1849462,183,4556.564649761055,3636,0,0,3636,0,0,0,0.0
5860,1777472953.3590043,decode,183,1849828,0.9480234947190181,1849645,183,4556.564649761055,3638,0,0,3638,0,0,0,0.0
5861,1777472953.39638,decode,183,1850011,0.9481172808978053,1849828,183,4556.564649761055,3640,0,0,3640,0,0,0,0.0
5862,1777472953.4741917,decode,183,1850194,0.9482110670765925,1850011,183,4556.564649761055,3642,0,0,3642,0,0,0,0.0
5863,1777472953.509985,decode,183,1840177,0.9430774268967486,1850194,183,4556.564649761055,3645,0,0,3645,0,0,0,0.0
5864,1777472953.546787,decode,183,1850177,0.9482023546993281,1850377,183,4556.564649761055,3646,0,0,3646,1,0,0,0.0
5866,1777472953.5943124,decode,183,1850543,0.9483899270569026,1850360,183,4556.564649761055,3647,0,0,3647,0,0,0,0.0
5867,1777472953.631755,decode,183,1850726,0.9484837132356898,1850543,183,4556.564649761055,3649,0,0,3649,0,0,0,0.0
5868,1777472953.6697688,decode,183,1810065,0.927645244297621,1850726,183,4556.564649761055,3651,0,0,3651,0,0,0,0.0
5869,1777472953.7067363,decode,183,1850065,0.9481449555079393,1850909,183,4556.564649761055,3652,0,0,3652,4,0,0,0.0
5871,1777472953.7542143,decode,183,1850431,0.9483325278655137,1850248,183,4556.564649761055,3650,0,0,3650,0,0,0,0.0
5872,1777472953.7916455,decode,183,1850614,0.9484263140443009,1850431,183,4556.564649761055,3652,0,0,3652,0,0,0,0.0
5873,1777472953.8291872,decode,183,1850797,0.9485201002230881,1850614,183,4556.564649761055,3654,0,0,3654,0,0,0,0.0
5874,1777472953.86666,decode,183,1850980,0.9486138864018753,1850797,183,4556.564649761055,3655,0,0,3655,0,0,0,0.0
5875,1777472953.9041684,decode,183,1851163,0.9487076725806625,1850980,183,4556.564649761055,3657,0,0,3657,0,0,0,0.0
5876,1777472953.9419272,decode,183,1830924,0.9383353312010217,1851163,183,4556.564649761055,3659,0,0,3659,0,0,0,0.0
5877,1777472953.9789555,decode,183,1850924,0.9485851868061809,1851346,183,4556.564649761055,3661,0,0,3661,2,0,0,0.0
5879,1777472954.026317,decode,183,1830879,0.9383122690259101,1851107,183,4556.564649761055,3661,0,0,3661,0,0,0,0.0
5880,1777472954.0634596,decode,183,1850879,0.9485621246310693,1851290,183,4556.564649761055,3662,0,0,3662,2,0,0,0.0
5882,1777472954.111287,decode,183,1830823,0.9382835694302156,1851062,183,4556.564649761055,3662,0,0,3662,0,0,0,0.0
5883,1777472954.1484005,decode,183,1850823,0.9485334250353749,1851245,183,4556.564649761055,3664,0,0,3664,2,0,0,0.0
5885,1777472954.1958287,decode,183,1851189,0.9487209973929492,1851006,183,4556.564649761055,3664,0,0,3664,0,0,0,0.0
5886,1777472954.233376,decode,183,1851372,0.9488147835717364,1851189,183,4556.564649761055,3666,0,0,3666,0,0,0,0.0
5887,1777472954.2709792,decode,183,1851555,0.9489085697505236,1851372,183,4556.564649761055,3668,0,0,3668,0,0,0,0.0
5888,1777472954.308754,decode,183,1831338,0.9385475032120485,1851555,183,4556.564649761055,3669,0,0,3669,0,0,0,0.0
5889,1777472954.3457885,decode,183,1851338,0.9487973588172076,1851738,183,4556.564649761055,3671,0,0,3671,2,0,0,0.0
5891,1777472954.3977523,decode,183,1851704,0.9489849311747821,1851521,183,4556.564649761055,3671,0,0,3671,0,0,0,0.0
5892,1777472954.4349275,decode,183,1851887,0.9490787173535693,1851704,183,4502.744094597145,3673,0,0,3673,0,0,0,0.0
5893,1777472954.4723718,decode,183,1852070,0.9491725035323565,1851887,183,4502.744094597145,3675,0,0,3675,0,0,0,0.0
5894,1777472954.5098438,decode,183,1852253,0.9492662897111437,1852070,183,4502.744094597145,3676,0,0,3676,0,0,0,0.0
5895,1777472954.547657,decode,183,1832036,0.9389052231726686,1852253,183,4502.744094597145,3678,0,0,3678,0,0,0,0.0
5896,1777472954.584994,decode,183,1852036,0.9491550787778277,1852436,183,4502.744094597145,3680,0,0,3680,2,0,0,0.0
5898,1777472954.6327634,decode,183,1831980,0.9388765235769742,1852219,183,4502.744094597145,3680,0,0,3680,0,0,0,0.0
5899,1777472954.6698616,decode,183,1851980,0.9491263791821333,1852402,183,4502.744094597145,3681,0,0,3681,2,0,0,0.0
5901,1777472954.717271,decode,183,1852346,0.9493139515397077,1852163,183,4502.744094597145,3682,0,0,3682,0,0,0,0.0
5902,1777472954.7552776,decode,183,1821907,0.9337141838014357,1852346,183,4502.744094597145,3683,0,0,3683,0,0,0,0.0
5903,1777472954.7922013,decode,183,1851907,0.9490889672091745,1852529,183,4502.744094597145,3685,0,0,3685,3,0,0,0.0
5905,1777472954.8402448,decode,183,1821662,0.9335886230702725,1852090,183,4502.744094597145,3684,0,0,3684,0,0,0,0.0
5906,1777472954.877259,decode,183,1851662,0.9489634064780113,1852273,183,4502.744094597145,3686,0,0,3686,3,0,0,0.0
5908,1777472954.9246628,decode,183,1852028,0.9491509788355856,1851845,183,4502.744094597145,3685,0,0,3685,0,0,0,0.0
5909,1777472954.9621072,decode,183,1852211,0.9492447650143728,1852028,183,4502.744094597145,3687,0,0,3687,0,0,0,0.0
5910,1777472955.00014,decode,183,1811572,0.9284175709174697,1852211,183,4502.744094597145,3688,0,0,3688,0,0,0,0.0
5911,1777472955.037397,decode,183,1851572,0.948917282127788,1852394,183,4502.744094597145,3690,0,0,3690,4,0,0,0.0
5913,1777472955.085368,decode,183,1841738,0.9438774281267313,1851755,183,4502.744094597145,3688,0,0,3688,0,0,0,0.0
5914,1777472955.1224597,decode,183,1851738,0.9490023559293108,1851938,183,4502.744094597145,3690,0,0,3690,1,0,0,0.0
5916,1777472955.1695783,decode,183,1852104,0.9491899282868853,1851921,183,4502.744094597145,3691,0,0,3691,0,0,0,0.0
5917,1777472955.2073326,decode,183,1831876,0.9388232243278273,1852104,183,4502.744094597145,3693,0,0,3693,0,0,0,0.0
5918,1777472955.2447596,decode,183,1851876,0.9490730799329864,1852287,183,4502.744094597145,3694,0,0,3694,2,0,0,0.0
5920,1777472955.2929602,decode,183,1831831,0.9388001621527157,1852059,183,4502.744094597145,3694,0,0,3694,0,0,0,0.0
5921,1777472955.330158,decode,183,1851831,0.9490500177578748,1852242,183,4502.744094597145,3696,0,0,3696,2,0,0,0.0
5923,1777472955.378046,decode,183,1841997,0.9440101637568181,1852014,183,4502.744094597145,3696,0,0,3696,0,0,0,0.0
5924,1777472955.415336,decode,183,1851997,0.9491350915593977,1852197,183,4502.744094597145,3698,0,0,3698,1,0,0,0.0
5926,1777472955.4635577,decode,183,1801341,0.9231742572826506,1852180,183,4502.744094597145,3699,0,0,3699,0,0,0,0.0
5927,1777472955.5005484,decode,183,1851341,0.9487988962955485,1852363,183,4502.744094597145,3701,0,0,3701,5,0,0,0.0
5929,1777472955.5562215,decode,183,1831296,0.9385259785152776,1851524,183,4502.744094597145,3698,0,0,3698,0,0,0,0.0
5930,1777472955.5922008,decode,183,1851296,0.9487758341204369,1851707,183,4502.744094597145,3700,0,0,3700,2,0,0,0.0
5932,1777472955.6398337,decode,183,1851662,0.9489634064780113,1851479,183,4502.744094597145,3699,0,0,3699,0,0,0,0.0
5933,1777472955.6775603,decode,183,1841634,0.9438241288775845,1851662,183,4502.744094597145,3701,0,0,3701,0,0,0,0.0
5934,1777472955.714858,decode,183,1851634,0.948949056680164,1851845,183,4502.744094597145,3703,0,0,3703,1,0,0,0.0
5936,1777472955.7629337,decode,183,1800967,0.922982584982834,1851817,183,4502.744094597145,3704,0,0,3704,0,0,0,0.0
5937,1777472955.8003268,decode,183,1850967,0.9486072239957319,1852000,183,4502.744094597145,3706,0,0,3706,5,0,0,0.0
5939,1777472955.8487706,decode,183,1830933,0.938339943636044,1851150,183,4502.744094597145,3702,0,0,3702,0,0,0,0.0
5940,1777472955.8867753,decode,183,1850933,0.9485897992412032,1851333,183,4502.744094597145,3702,0,0,3702,2,0,0,0.0
5942,1777472955.9329758,decode,183,1820699,0.933095092522884,1851116,183,4502.744094597145,3700,0,0,3700,0,0,0,0.0
5943,1777472955.9707618,decode,183,1850699,0.9484698759306228,1851299,183,4502.744094597145,3700,0,0,3700,3,0,0,0.0
5945,1777472956.018131,decode,183,1820465,0.9329751692123037,1850882,183,4502.744094597145,3697,0,0,3697,0,0,0,0.0
5946,1777472956.0548315,decode,183,1850465,0.9483499526200425,1851065,183,4502.744094597145,3697,0,0,3697,3,0,0,0.0
5948,1777472956.1013198,decode,183,1850831,0.9485375249776169,1850648,183,4392.76245927331,3694,0,0,3694,0,0,0,0.0
5949,1777472956.1387525,decode,183,1851014,0.9486313111564041,1850831,183,4392.76245927331,3694,0,0,3694,0,0,0,0.0
5950,1777472956.1763237,decode,183,1851197,0.9487250973351913,1851014,183,4392.76245927331,3694,0,0,3694,0,0,0,0.0
5951,1777472956.2143302,decode,183,1810569,0.9279035406588709,1851197,183,4392.76245927331,3694,0,0,3694,0,0,0,0.0
5952,1777472956.251201,decode,183,1850569,0.9484032518691893,1851380,183,4392.76245927331,3694,0,0,3694,4,0,0,0.0
5954,1777472956.2984972,decode,183,1799935,0.9224536924336079,1850752,183,4392.76245927331,3690,0,0,3690,0,0,0,0.0
5955,1777472956.3352382,decode,183,1849935,0.9480783314465058,1850935,183,4392.76245927331,3690,0,0,3690,5,0,0,0.0
5957,1777472956.382137,decode,183,1829901,0.9378110510868178,1850118,183,4392.76245927331,3685,0,0,3685,0,0,0,0.0
5958,1777472956.4193087,decode,183,1849901,0.948060906691977,1850301,183,4392.76245927331,3685,0,0,3685,2,0,0,0.0
5960,1777472956.466682,decode,183,1829845,0.9377823514911233,1850084,183,4392.76245927331,3683,0,0,3683,0,0,0,0.0
5961,1777472956.5036318,decode,183,1849845,0.9480322070962826,1850267,183,4392.76245927331,3683,0,0,3683,2,0,0,0.0
5963,1777472956.5506816,decode,183,1850211,0.9482197794538569,1850028,183,4392.76245927331,3681,0,0,3681,0,0,0,0.0
5964,1777472956.5886343,decode,183,1819783,0.9326256491361677,1850211,183,4392.76245927331,3681,0,0,3681,0,0,0,0.0
5965,1777472956.6258368,decode,183,1849783,0.9480004325439065,1850394,183,4392.76245927331,3681,0,0,3681,3,0,0,0.0
5967,1777472956.6737294,decode,183,1829727,0.9377218773430529,1849966,183,4392.76245927331,3678,0,0,3678,0,0,0,0.0
5968,1777472956.710758,decode,183,1849727,0.9479717329482121,1850149,183,4392.76245927331,3678,0,0,3678,2,0,0,0.0
5970,1777472956.758459,decode,183,1829693,0.9377044525885242,1849910,183,4392.76245927331,3676,0,0,3676,0,0,0,0.0
5971,1777472956.7954447,decode,183,1849693,0.9479543081936833,1850093,183,4392.76245927331,3676,0,0,3676,2,0,0,0.0
5973,1777472956.843109,decode,183,1819448,0.9324539640547814,1849876,183,4392.76245927331,3674,0,0,3674,0,0,0,0.0
5974,1777472956.8799672,decode,183,1849448,0.9478287474625201,1850059,183,4392.76245927331,3674,0,0,3674,3,0,0,0.0
5976,1777472956.9274986,decode,183,1819181,0.9323171284824525,1849631,183,4392.76245927331,3671,0,0,3671,0,0,0,0.0
5977,1777472956.9642541,decode,183,1849181,0.9476919118901912,1849814,183,4392.76245927331,3671,0,0,3671,3,0,0,0.0
5979,1777472957.0103335,decode,183,1849547,0.9478794842477657,1849364,183,4392.76245927331,3668,0,0,3668,0,0,0,0.0
5980,1777472957.0476656,decode,183,1849730,0.9479732704265529,1849547,183,4392.76245927331,3668,0,0,3668,0,0,0,0.0
5981,1777472957.085074,decode,183,1849913,0.9480670566053401,1849730,183,4392.76245927331,3668,0,0,3668,0,0,0,0.0
5982,1777472957.122909,decode,183,1809296,0.9272511373496026,1849913,183,4392.76245927331,3670,0,0,3670,0,0,0,0.0
5983,1777472957.1597598,decode,183,1849296,0.9477508485599209,1850096,183,4392.76245927331,3672,0,0,3672,4,0,0,0.0
5985,1777472957.2074983,decode,183,1829262,0.9374835682002329,1849479,183,4392.76245927331,3670,0,0,3670,0,0,0,0.0
5986,1777472957.2446873,decode,183,1849262,0.9477334238053922,1849662,183,4392.76245927331,3672,0,0,3672,2,0,0,0.0
5988,1777472957.2920878,decode,183,1839417,0.9426879323837526,1849445,183,4392.76245927331,3672,0,0,3672,0,0,0,0.0
5989,1777472957.3295662,decode,183,1849417,0.9478128601863322,1849628,183,4392.76245927331,3673,0,0,3673,1,0,0,0.0
5991,1777472957.3778853,decode,183,1819161,0.9323068786268474,1849600,183,4392.76245927331,3675,0,0,3675,0,0,0,0.0
5992,1777472957.4148214,decode,183,1849161,0.947681662034586,1849783,183,4392.76245927331,3676,0,0,3676,3,0,0,0.0
5994,1777472957.4622896,decode,183,1849527,0.9478692343921605,1849344,183,4392.76245927331,3675,0,0,3675,0,0,0,0.0
5995,1777472957.5005076,decode,183,1798699,0.921820251357209,1849527,183,4392.76245927331,3677,0,0,3677,0,0,0,0.0
5996,1777472957.5375612,decode,183,1848699,0.9474448903701069,1849710,183,4392.76245927331,3679,0,0,3679,5,0,0,0.0
5998,1777472957.5851986,decode,183,1828643,0.9371663351692533,1848882,183,4392.76245927331,3676,0,0,3676,0,0,0,0.0
5999,1777472957.6222887,decode,183,1848643,0.9474161907744124,1849065,183,4392.76245927331,3678,0,0,3678,2,0,0,0.0
6001,1777472957.6693947,decode,183,1838809,0.9423763367733557,1848826,183,4392.76245927331,3678,0,0,3678,0,0,0,0.0
6002,1777472957.7065578,decode,183,1848809,0.9475012645759353,1849009,183,4392.76245927331,3679,0,0,3679,1,0,0,0.0
6004,1777472957.7540476,decode,183,1838964,0.9424557731542957,1848992,183,4429.00174001867,3680,0,0,3680,0,0,0,0.0
6005,1777472957.7913318,decode,183,1848964,0.9475807009568753,1849175,183,4429.00174001867,3682,0,0,3682,1,0,0,0.0
6007,1777472957.8387222,decode,183,1849330,0.9477682733144497,1849147,183,4429.00174001867,3683,0,0,3683,0,0,0,0.0
6008,1777472957.8763213,decode,183,1839313,0.9426346331346057,1849330,183,4429.00174001867,3685,0,0,3685,0,0,0,0.0
6009,1777472957.913571,decode,183,1849313,0.9477595609371853,1849513,183,4429.00174001867,3687,0,0,3687,1,0,0,0.0
6011,1777472957.961036,decode,183,1819068,0.9322592167982834,1849496,183,4429.00174001867,3688,0,0,3688,0,0,0,0.0
6012,1777472957.998005,decode,183,1849068,0.9476340002060221,1849679,183,4429.00174001867,3690,0,0,3690,3,0,0,0.0
6014,1777472958.045509,decode,183,1818834,0.932139293487703,1849251,183,4429.00174001867,3689,0,0,3689,0,0,0,0.0
6015,1777472958.0824664,decode,183,1848834,0.9475140768954418,1849434,183,4429.00174001867,3690,0,0,3690,3,0,0,0.0
6017,1777472958.1296105,decode,183,1849200,0.9477016492530161,1849017,183,4429.00174001867,3689,0,0,3689,0,0,0,0.0
6018,1777472958.1675313,decode,183,1828983,0.937340582714541,1849200,183,4429.00174001867,3691,0,0,3691,0,0,0,0.0
6019,1777472958.2045584,decode,183,1848983,0.9475904383197001,1849383,183,4429.00174001867,3693,0,0,3693,2,0,0,0.0
6021,1777472958.2522266,decode,183,1828938,0.9373175205394294,1849166,183,4429.00174001867,3693,0,0,3693,0,0,0,0.0
6022,1777472958.2893348,decode,183,1848938,0.9475673761445885,1849349,183,4429.00174001867,3695,0,0,3695,2,0,0,0.0
6024,1777472958.336369,decode,183,1849304,0.947754948502163,1849121,183,4429.00174001867,3695,0,0,3695,0,0,0,0.0
6025,1777472958.373938,decode,183,1849487,0.9478487346809502,1849304,183,4429.00174001867,3696,0,0,3696,0,0,0,0.0
6026,1777472958.4125133,decode,183,1737415,0.8904126438118803,1849487,183,4429.00174001867,3698,0,0,3698,0,0,0,0.0
6027,1777472958.4563096,decode,183,1847415,0.9467868496402557,1849670,183,4429.00174001867,3700,0,0,3700,11,0,0,0.0
6029,1777472958.506348,decode,183,1796726,0.92080910310176,1847598,183,4429.00174001867,3691,0,0,3691,0,0,0,0.0
6030,1777472958.5433486,decode,183,1836527,0.9412068282488071,1847781,183,4429.00174001867,3693,0,0,3693,5,0,0,0.0
6033,1777472958.6004326,decode,183,1856710,0.9515504700327534,1846710,183,4429.00174001867,3689,0,0,3689,1,0,0,0.0
6035,1777472958.6495645,decode,184,1826478,0.9360567882999948,1856894,184,4429.00174001867,3690,0,0,3690,0,0,0,0.0
6036,1777472958.6866937,decode,184,1846478,0.946306643905154,1857078,184,4429.00174001867,3692,0,0,3692,2,0,0,0.0
6038,1777472958.7343307,decode,183,1846451,0.946292806600087,1846661,183,4429.00174001867,3692,0,0,3692,1,0,0,0.0
6041,1777472958.7880197,decode,184,1856819,0.9516063317458016,1856635,184,4429.00174001867,3693,0,0,3693,0,0,0,0.0
6042,1777472958.8254595,decode,184,1857003,0.951700630417369,1856819,184,4429.00174001867,3694,0,0,3694,0,0,0,0.0
6043,1777472958.8630197,decode,184,1857187,0.9517949290889365,1857003,184,4429.00174001867,3696,0,0,3696,0,0,0,0.0
6044,1777472958.9013634,decode,184,1806327,0.9257295462850167,1857187,184,4429.00174001867,3698,0,0,3698,0,0,0,0.0
6045,1777472958.938835,decode,184,1805498,0.9253046897701829,1857371,184,4429.00174001867,3699,0,0,3699,4,0,0,0.0
6048,1777472958.9993434,decode,183,1855681,0.951023114961868,1845681,183,4429.00174001867,3694,0,0,3694,1,0,0,0.0
6050,1777472959.0478184,decode,184,1845838,0.945978648525789,1855865,184,4429.00174001867,3695,0,0,3695,0,0,0,0.0
6051,1777472959.0850933,decode,184,1855838,0.9511035763283685,1856049,184,4429.00174001867,3697,0,0,3697,1,0,0,0.0
6053,1777472959.1329956,decode,184,1825584,0.9355986197544442,1856022,184,4429.00174001867,3698,0,0,3698,0,0,0,0.0
6054,1777472959.1703818,decode,184,1835374,0.9406159240731696,1856206,184,4429.00174001867,3700,0,0,3700,2,0,0,0.0
6057,1777472959.2234418,decode,183,1855557,0.9509595658571159,1845557,183,4429.00174001867,3699,0,0,3699,1,0,0,0.0
6059,1777472959.2716143,decode,184,1825303,0.9354546092831917,1855741,184,4429.00174001867,3700,0,0,3700,0,0,0,0.0
6060,1777472959.3086555,decode,184,1855303,0.9508293926909305,1855925,184,4429.00174001867,3702,0,0,3702,3,0,0,0.0
6062,1777472959.356107,decode,184,1855671,0.9510179900340654,1855487,184,4429.00174001867,3701,0,0,3701,0,0,0,0.0
6063,1777472959.394964,decode,184,1753789,0.8988042005958241,1855671,184,4429.00174001867,3703,0,0,3703,0,0,0,0.0
6064,1777472959.4319434,decode,184,1843789,0.9449285508190404,1855855,184,4429.00174001867,3705,0,0,3705,9,0,0,0.0
6066,1777472959.4808962,decode,183,1833574,0.9396934370687053,1843972,183,4248.216759256788,3698,0,0,3698,1,0,0,0.0
6069,1777472959.5413096,decode,184,1853942,0.9501318900169994,1853758,184,4248.216759256788,3697,0,0,3697,0,0,0,0.0
6070,1777472959.578738,decode,184,1854126,0.9502261886885669,1853942,184,4248.216759256788,3699,0,0,3699,0,0,0,0.0
6071,1777472959.6165395,decode,184,1844099,0.9450874235809203,1854126,184,4248.216759256788,3701,0,0,3701,0,0,0,0.0
6072,1777472959.6538649,decode,184,1854099,0.9502123513834999,1854310,184,4248.216759256788,3702,0,0,3702,1,0,0,0.0
6074,1777472959.7016637,decode,184,1844267,0.9451735223680037,1854283,184,4248.216759256788,3704,0,0,3704,0,0,0,0.0
6075,1777472959.7393987,decode,184,1823637,0.934600796311282,1854467,184,4248.216759256788,3705,0,0,3705,1,0,0,0.0
6078,1777472959.7957368,decode,184,1843805,0.9449367507035245,1853821,184,4248.216759256788,3704,0,0,3704,0,0,0,0.0
6079,1777472959.832905,decode,184,1853805,0.950061678506104,1854005,184,4248.216759256788,3705,0,0,3705,1,0,0,0.0
6081,1777472959.8806112,decode,184,1843962,0.945017212070025,1853989,184,4248.216759256788,3707,0,0,3707,0,0,0,0.0
6082,1777472959.9177818,decode,184,1853962,0.9501421398726045,1854173,184,4248.216759256788,3708,0,0,3708,1,0,0,0.0
6084,1777472959.9669363,decode,184,1854330,0.9503307372157395,1854146,184,4248.216759256788,3709,0,0,3709,0,0,0,0.0
6085,1777472960.0033257,decode,184,1854514,0.950425035887307,1854330,184,4248.216759256788,3711,0,0,3711,0,0,0,0.0
6086,1777472960.0403616,decode,184,1854698,0.9505193345588744,1854514,184,4248.216759256788,3712,0,0,3712,0,0,0,0.0
6087,1777472960.0777922,decode,184,1854882,0.9506136332304419,1854698,184,4248.216759256788,3714,0,0,3714,0,0,0,0.0
6088,1777472960.1153026,decode,184,1855066,0.9507079319020093,1854882,184,4248.216759256788,3715,0,0,3715,0,0,0,0.0
6089,1777472960.1534162,decode,184,1814417,0.9298756128773036,1855066,184,4248.216759256788,3717,0,0,3717,0,0,0,0.0
6090,1777472960.190483,decode,184,1854417,0.9503753240876219,1855250,184,4248.216759256788,3719,0,0,3719,4,0,0,0.0
6092,1777472960.2379603,decode,184,1854785,0.9505639214307569,1854601,184,4248.216759256788,3717,0,0,3717,0,0,0,0.0
6093,1777472960.2753048,decode,184,1854969,0.9506582201023243,1854785,184,4248.216759256788,3719,0,0,3719,0,0,0,0.0
6094,1777472960.312889,decode,184,1855153,0.9507525187738918,1854969,184,4248.216759256788,3720,0,0,3720,0,0,0,0.0
6095,1777472960.3519547,decode,184,1855337,0.9508468174454593,1855153,184,4248.216759256788,3722,0,0,3722,0,0,0,0.0
6096,1777472960.3887699,decode,184,1835110,0.9404806259791815,1855337,184,4248.216759256788,3724,0,0,3724,0,0,0,0.0
6097,1777472960.4255047,decode,184,1855110,0.9507304815843407,1855521,184,4248.216759256788,3725,0,0,3725,2,0,0,0.0
6099,1777472960.4733,decode,184,1855478,0.9509190789274756,1855294,184,4248.216759256788,3725,0,0,3725,0,0,0,0.0
6100,1777472960.5111809,decode,184,1845462,0.9457859512404119,1855478,184,4248.216759256788,3727,0,0,3727,0,0,0,0.0
6101,1777472960.5484142,decode,184,1855462,0.9509108790429914,1855662,184,4248.216759256788,3729,0,0,3729,1,0,0,0.0
6103,1777472960.5961928,decode,184,1825197,0.9354002850484844,1855646,184,4248.216759256788,3730,0,0,3730,0,0,0,0.0
6104,1777472960.6332364,decode,184,1855197,0.9507750684562232,1855830,184,4248.216759256788,3732,0,0,3732,3,0,0,0.0
6106,1777472960.680828,decode,184,1845354,0.945730602020144,1855381,184,4248.216759256788,3731,0,0,3731,0,0,0,0.0
6107,1777472960.7181175,decode,184,1855354,0.9508555298227236,1855565,184,4248.216759256788,3732,0,0,3732,1,0,0,0.0
6109,1777472960.76587,decode,184,1855722,0.9510441271658585,1855538,184,4248.216759256788,3733,0,0,3733,0,0,0,0.0
6110,1777472960.8033974,decode,184,1855906,0.951138425837426,1855722,184,4248.216759256788,3735,0,0,3735,0,0,0,0.0
6111,1777472960.840943,decode,184,1856090,0.9512327245089934,1855906,184,4248.216759256788,3737,0,0,3737,0,0,0,0.0
6112,1777472960.8784938,decode,184,1856274,0.951327023180561,1856090,184,4248.216759256788,3739,0,0,3739,0,0,0,0.0
6113,1777472960.9160252,decode,184,1856458,0.9514213218521284,1856274,184,4248.216759256788,3740,0,0,3740,0,0,0,0.0
6114,1777472960.9536674,decode,184,1856642,0.9515156205236959,1856458,184,4248.216759256788,3742,0,0,3742,0,0,0,0.0
6115,1777472960.9913316,decode,184,1856826,0.9516099191952634,1856642,184,4248.216759256788,3744,0,0,3744,0,0,0,0.0
6116,1777472961.0290775,decode,184,1846799,0.9464711540876168,1856826,184,4248.216759256788,3745,0,0,3745,0,0,0,0.0
6117,1777472961.066331,decode,184,1846982,0.946564940266404,1857010,183,4248.216759256788,3747,0,0,3747,0,0,0,0.0
6118,1777472961.1041033,decode,183,1846783,0.9464629542031326,1846982,183,4533.59996060111,3749,0,0,3749,1,0,0,0.0
6120,1777472961.151321,decode,183,1856966,0.9516816681844994,1846966,183,4533.59996060111,3750,0,0,3750,1,0,0,0.0
6122,1777472961.202635,decode,184,1857334,0.9518702655276344,1857150,184,4533.59996060111,3751,0,0,3751,0,0,0,0.0
6123,1777472961.2400098,decode,184,1857518,0.9519645641992018,1857334,184,4533.59996060111,3753,0,0,3753,0,0,0,0.0
6124,1777472961.2775352,decode,184,1857702,0.9520588628707694,1857518,184,4533.59996060111,3754,0,0,3754,0,0,0,0.0
6125,1777472961.315134,decode,184,1857886,0.9521531615423368,1857702,184,4533.59996060111,3756,0,0,3756,0,0,0,0.0
6126,1777472961.3526597,decode,184,1858070,0.9522474602139043,1857886,184,4533.59996060111,3758,0,0,3758,0,0,0,0.0
6127,1777472961.390237,decode,184,1858254,0.9523417588854717,1858070,184,4533.59996060111,3760,0,0,3760,0,0,0,0.0
6128,1777472961.4278948,decode,184,1858438,0.9524360575570392,1858254,184,4533.59996060111,3761,0,0,3761,0,0,0,0.0
6129,1777472961.4656873,decode,184,1858622,0.9525303562286066,1858438,184,4533.59996060111,3763,0,0,3763,0,0,0,0.0
6130,1777472961.5033207,decode,184,1858806,0.9526246549001741,1858622,184,4533.59996060111,3765,0,0,3765,0,0,0,0.0
6131,1777472961.5411632,decode,184,1848779,0.9474858897925276,1858806,184,4533.59996060111,3766,0,0,3766,0,0,0,0.0
6132,1777472961.578386,decode,184,1848962,0.9475796759713148,1858990,183,4533.59996060111,3768,0,0,3768,0,0,0,0.0
6133,1777472961.6157768,decode,183,1849145,0.947673462150102,1848962,183,4533.59996060111,3770,0,0,3770,0,0,0,0.0
6134,1777472961.653265,decode,183,1849328,0.9477672483288891,1849145,183,4533.59996060111,3771,0,0,3771,0,0,0,0.0
6135,1777472961.6908178,decode,183,1849511,0.9478610345076763,1849328,183,4533.59996060111,3773,0,0,3773,0,0,0,0.0
6136,1777472961.728176,decode,183,1849694,0.9479548206864635,1849511,183,4533.59996060111,3775,0,0,3775,0,0,0,0.0
6137,1777472961.7656426,decode,183,1849877,0.9480486068652508,1849694,183,4533.59996060111,3776,0,0,3776,0,0,0,0.0
6138,1777472961.8030722,decode,183,1850060,0.948142393044038,1849877,183,4533.59996060111,3778,0,0,3778,0,0,0,0.0
6139,1777472961.8405578,decode,183,1850243,0.9482361792228252,1850060,183,4533.59996060111,3780,0,0,3780,0,0,0,0.0
6140,1777472961.878076,decode,183,1850426,0.9483299654016124,1850243,183,4533.59996060111,3781,0,0,3781,0,0,0,0.0
6141,1777472961.9161413,decode,183,1799587,0.9222753449460781,1850426,183,4533.59996060111,3783,0,0,3783,0,0,0,0.0
6142,1777472961.9538193,decode,183,1849587,0.947899983958976,1850609,183,4533.59996060111,3785,0,0,3785,5,0,0,0.0
6144,1777472962.0020473,decode,183,1849953,0.9480875563165504,1849770,183,4533.59996060111,3782,0,0,3782,0,0,0,0.0
6145,1777472962.0394716,decode,183,1850136,0.9481813424953376,1849953,183,4533.59996060111,3784,0,0,3784,0,0,0,0.0
6146,1777472962.0769591,decode,183,1850319,0.9482751286741248,1850136,183,4533.59996060111,3785,0,0,3785,0,0,0,0.0
6147,1777472962.1144617,decode,183,1850502,0.948368914852912,1850319,183,4533.59996060111,3787,0,0,3787,0,0,0,0.0
6148,1777472962.1519313,decode,183,1850685,0.9484627010316992,1850502,183,4533.59996060111,3789,0,0,3789,0,0,0,0.0
6149,1777472962.1899285,decode,183,1820257,0.9328685707140101,1850685,183,4533.59996060111,3790,0,0,3790,0,0,0,0.0
6150,1777472962.2269015,decode,183,1850257,0.9482433541217488,1850868,183,4533.59996060111,3792,0,0,3792,3,0,0,0.0
6152,1777472962.2749135,decode,183,1840423,0.9432035001206921,1850440,183,4533.59996060111,3791,0,0,3791,0,0,0,0.0
6153,1777472962.312051,decode,183,1850423,0.9483284279232717,1850623,183,4533.59996060111,3793,0,0,3793,1,0,0,0.0
6155,1777472962.3600852,decode,183,1820178,0.9328280837843697,1850606,183,4533.59996060111,3794,0,0,3794,0,0,0,0.0
6156,1777472962.3971665,decode,183,1850178,0.9482028671921084,1850789,183,4533.59996060111,3796,0,0,3796,3,0,0,0.0
6158,1777472962.444527,decode,183,1850544,0.9483904395496828,1850361,183,4533.59996060111,3795,0,0,3795,0,0,0,0.0
6159,1777472962.4821463,decode,183,1850727,0.94848422572847,1850544,183,4533.59996060111,3797,0,0,3797,0,0,0,0.0
6160,1777472962.5196307,decode,183,1850910,0.9485780119072572,1850727,183,4533.59996060111,3798,0,0,3798,0,0,0,0.0
6161,1777472962.5573952,decode,183,1840893,0.9434443717274132,1850910,183,4533.59996060111,3800,0,0,3800,0,0,0,0.0
6162,1777472962.594541,decode,183,1850893,0.9485692995299929,1851093,183,4533.59996060111,3802,0,0,3802,1,0,0,0.0
6164,1777472962.642182,decode,183,1851259,0.9487568718875673,1851076,183,4533.59996060111,3803,0,0,3803,0,0,0,0.0
6165,1777472962.6794553,decode,183,1851442,0.9488506580663545,1851259,183,4653.581957636083,3804,0,0,3804,0,0,0,0.0
6166,1777472962.717114,decode,183,1841414,0.9437113804659277,1851442,183,4653.581957636083,3806,0,0,3806,0,0,0,0.0
6167,1777472962.754312,decode,183,1851414,0.9488363082685073,1851625,183,4653.581957636083,3808,0,0,3808,1,0,0,0.0
6169,1777472962.801965,decode,183,1831380,0.9385690279088194,1851597,183,4653.581957636083,3809,0,0,3809,0,0,0,0.0
6170,1777472962.8390548,decode,183,1851380,0.9488188835139785,1851780,183,4653.581957636083,3811,0,0,3811,2,0,0,0.0
6172,1777472962.8866346,decode,183,1841546,0.9437790295129217,1851563,183,4653.581957636083,3811,0,0,3811,0,0,0,0.0
6173,1777472962.9254131,decode,183,1851546,0.9489039573155014,1851746,183,4653.581957636083,3812,0,0,3812,1,0,0,0.0
6175,1777472962.97464,decode,183,1851912,0.9490915296730758,1851729,183,4653.581957636083,3813,0,0,3813,0,0,0,0.0
6176,1777472963.0124228,decode,183,1821484,0.9334973993553866,1851912,183,4653.581957636083,3815,0,0,3815,0,0,0,0.0
6177,1777472963.0494242,decode,183,1851484,0.9488721827631253,1852095,183,4653.581957636083,3816,0,0,3816,3,0,0,0.0
6179,1777472963.103821,decode,183,1841650,0.9438323287620686,1851667,183,4653.581957636083,3816,0,0,3816,0,0,0,0.0
6180,1777472963.1407657,decode,183,1851650,0.9489572565646481,1851850,183,4653.581957636083,3817,0,0,3817,1,0,0,0.0
6182,1777472963.1885293,decode,183,1852016,0.9491448289222225,1851833,183,4653.581957636083,3818,0,0,3818,0,0,0,0.0
6183,1777472963.225923,decode,183,1852199,0.9492386151010098,1852016,183,4653.581957636083,3820,0,0,3820,0,0,0,0.0
6184,1777472963.2638037,decode,183,1831982,0.9388775485625346,1852199,183,4653.581957636083,3822,0,0,3822,0,0,0,0.0
6185,1777472963.3010468,decode,183,1851982,0.9491274041676938,1852382,183,4653.581957636083,3824,0,0,3824,2,0,0,0.0
6187,1777472963.3486803,decode,183,1842137,0.9440819127460542,1852165,183,4653.581957636083,3824,0,0,3824,0,0,0,0.0
6188,1777472963.3859417,decode,183,1852137,0.9492068405486338,1852348,183,4653.581957636083,3825,0,0,3825,1,0,0,0.0
6190,1777472963.433486,decode,183,1852503,0.9493944129062082,1852320,183,4653.581957636083,3826,0,0,3826,0,0,0,0.0
6191,1777472963.4713147,decode,183,1832275,0.9390277089471502,1852503,183,4653.581957636083,3828,0,0,3828,0,0,0,0.0
6192,1777472963.509085,decode,183,1852275,0.9492775645523094,1852686,183,4653.581957636083,3830,0,0,3830,2,0,0,0.0
6194,1777472963.558707,decode,183,1822019,0.9337715829928246,1852458,183,4653.581957636083,3830,0,0,3830,0,0,0,0.0
6195,1777472963.5967488,decode,183,1852019,0.9491463664005634,1852641,183,4653.581957636083,3832,0,0,3832,3,0,0,0.0
6197,1777472963.6465387,decode,183,1852385,0.9493339387581378,1852202,183,4653.581957636083,3831,0,0,3831,0,0,0,0.0
6198,1777472963.6840339,decode,183,1852568,0.949427724936925,1852385,183,4653.581957636083,3833,0,0,3833,0,0,0,0.0
6199,1777472963.722346,decode,183,1781329,0.9129182517641282,1852568,183,4653.581957636083,3834,0,0,3834,0,0,0,0.0
6200,1777472963.7592385,decode,183,1851329,0.9487927463821854,1852751,183,4653.581957636083,3836,0,0,3836,7,0,0,0.0
6202,1777472963.8075662,decode,183,1841484,0.9437472549605458,1851512,183,4653.581957636083,3831,0,0,3831,0,0,0,0.0
6203,1777472963.8447819,decode,183,1851484,0.9488721827631253,1851695,183,4653.581957636083,3833,0,0,3833,1,0,0,0.0
6205,1777472963.892137,decode,183,1851850,0.9490597551206997,1851667,183,4653.581957636083,3834,0,0,3834,0,0,0,0.0
6206,1777472963.9299254,decode,183,1831622,0.9386930511616418,1851850,183,4653.581957636083,3836,0,0,3836,0,0,0,0.0
6207,1777472963.967148,decode,183,1851622,0.9489429067668009,1852033,183,4653.581957636083,3837,0,0,3837,2,0,0,0.0
6209,1777472964.0151489,decode,183,1841777,0.9438974153451614,1851805,183,4653.581957636083,3837,0,0,3837,0,0,0,0.0
6210,1777472964.0523543,decode,183,1851777,0.9490223431477409,1851988,183,4653.581957636083,3839,0,0,3839,1,0,0,0.0
6212,1777472964.100326,decode,183,1841932,0.9439768517261014,1851960,183,4653.581957636083,3840,0,0,3840,0,0,0,0.0
6213,1777472964.137704,decode,183,1851932,0.9491017795286809,1852143,183,4653.581957636083,3842,0,0,3842,1,0,0,0.0
6215,1777472964.1862557,decode,183,1831898,0.938834499168993,1852115,183,4653.581957636083,3843,0,0,3843,0,0,0,0.0
6216,1777472964.2233799,decode,183,1851898,0.9490843547741521,1852298,183,4653.581957636083,3845,0,0,3845,2,0,0,0.0
6218,1777472964.2718587,decode,183,1821642,0.9335783732146673,1852081,183,4653.581957636083,3845,0,0,3845,0,0,0,0.0
6219,1777472964.3089395,decode,183,1851642,0.9489531566224061,1852264,183,4653.581957636083,3847,0,0,3847,3,0,0,0.0
6221,1777472964.3632543,decode,183,1852008,0.9491407289799805,1851825,183,4347.32729944109,3846,0,0,3846,0,0,0,0.0
6222,1777472964.4003518,decode,183,1852191,0.9492345151587677,1852008,183,4347.32729944109,3848,0,0,3848,0,0,0,0.0
6223,1777472964.4377408,decode,183,1852374,0.9493283013375549,1852191,183,4347.32729944109,3849,0,0,3849,0,0,0,0.0
6224,1777472964.4761946,decode,183,1770902,0.9075744895443786,1852374,183,4347.32729944109,3851,0,0,3851,0,0,0,0.0
6225,1777472964.5130672,decode,183,1850902,0.9485739119650152,1852557,183,4347.32729944109,3853,0,0,3853,8,0,0,0.0
6227,1777472964.5617428,decode,183,1810446,0.9278405040468992,1851085,183,4347.32729944109,3847,0,0,3847,0,0,0,0.0
6228,1777472964.5987878,decode,183,1850446,0.9483402152572176,1851268,183,4347.32729944109,3849,0,0,3849,4,0,0,0.0
6230,1777472964.6467838,decode,183,1830401,0.9380672974769468,1850629,183,4347.32729944109,3847,0,0,3847,0,0,0,0.0
6231,1777472964.6838536,decode,183,1850401,0.948317153082106,1850812,183,4347.32729944109,3848,0,0,3848,2,0,0,0.0
6233,1777472964.7321656,decode,183,1820145,0.9328111715226212,1850584,183,4347.32729944109,3848,0,0,3848,0,0,0,0.0
6234,1777472964.7692158,decode,183,1850145,0.94818595493036,1850767,183,4347.32729944109,3850,0,0,3850,3,0,0,0.0
6236,1777472964.8169892,decode,183,1850511,0.9483735272879343,1850328,183,4347.32729944109,3849,0,0,3849,0,0,0,0.0
6237,1777472964.85501,decode,183,1820094,0.932785034390828,1850511,183,4347.32729944109,3851,0,0,3851,0,0,0,0.0
6238,1777472964.8921952,decode,183,1850094,0.9481598177985667,1850694,183,4347.32729944109,3853,0,0,3853,3,0,0,0.0
6240,1777472964.9401445,decode,183,1840249,0.9431143263769272,1850277,183,4347.32729944109,3852,0,0,3852,0,0,0,0.0
6241,1777472964.9773524,decode,183,1850249,0.9482392541795067,1850460,183,4347.32729944109,3854,0,0,3854,1,0,0,0.0
6243,1777472965.025377,decode,183,1799582,0.9222727824821768,1850432,183,4347.32729944109,3855,0,0,3855,0,0,0,0.0
6244,1777472965.0625148,decode,183,1849582,0.9478974214950747,1850615,183,4347.32729944109,3856,0,0,3856,5,0,0,0.0
6246,1777472965.1112301,decode,183,1819337,0.9323970773561727,1849765,183,4347.32729944109,3854,0,0,3854,0,0,0,0.0
6247,1777472965.148289,decode,183,1849337,0.9477718607639115,1849948,183,4347.32729944109,3855,0,0,3855,3,0,0,0.0
6249,1777472965.1971302,decode,183,1819092,0.9322715166250095,1849520,183,4347.32729944109,3854,0,0,3854,0,0,0,0.0
6250,1777472965.2338946,decode,183,1849092,0.9476463000327483,1849703,183,4347.32729944109,3856,0,0,3856,3,0,0,0.0
6252,1777472965.2817092,decode,183,1849458,0.9478338723903227,1849275,183,4347.32729944109,3855,0,0,3855,0,0,0,0.0
6253,1777472965.3191905,decode,183,1849641,0.9479276585691099,1849458,183,4347.32729944109,3857,0,0,3857,0,0,0,0.0
6254,1777472965.3567204,decode,183,1849824,0.9480214447478971,1849641,183,4347.32729944109,3859,0,0,3859,0,0,0,0.0
6255,1777472965.3948143,decode,183,1809185,0.9271942506509939,1849824,183,4347.32729944109,3860,0,0,3860,0,0,0,0.0
6256,1777472965.4317346,decode,183,1849185,0.9476939618613123,1850007,183,4347.32729944109,3862,0,0,3862,4,0,0,0.0
6258,1777472965.4802313,decode,183,1839351,0.9426541078602555,1849368,183,4347.32729944109,3860,0,0,3860,0,0,0,0.0
6259,1777472965.517475,decode,183,1849351,0.9477790356628351,1849551,183,4347.32729944109,3862,0,0,3862,1,0,0,0.0
6261,1777472965.5653095,decode,183,1839506,0.9427335442411955,1849534,183,4347.32729944109,3863,0,0,3863,0,0,0,0.0
6262,1777472965.6024272,decode,183,1849506,0.947858472043775,1849717,183,4347.32729944109,3865,0,0,3865,1,0,0,0.0
6264,1777472965.6527095,decode,183,1829461,0.9375855542635043,1849689,183,4347.32729944109,3866,0,0,3866,0,0,0,0.0
6265,1777472965.6875858,decode,183,1849461,0.9478354098686634,1849872,183,4347.32729944109,3867,0,0,3867,2,0,0,0.0
6267,1777472965.7355516,decode,183,1849827,0.9480229822262379,1849644,183,4347.32729944109,3867,0,0,3867,0,0,0,0.0
6268,1777472965.7731454,decode,183,1850010,0.9481167684050251,1849827,183,4347.32729944109,3869,0,0,3869,0,0,0,0.0
6269,1777472965.8106713,decode,183,1850193,0.9482105545838123,1850010,183,4347.32729944109,3871,0,0,3871,0,0,0,0.0
6270,1777472965.8504682,decode,183,1809554,0.9273833604869092,1850193,183,4347.32729944109,3873,0,0,3873,0,0,0,0.0
6271,1777472965.8861325,decode,183,1849554,0.9478830716972275,1850376,183,4347.32729944109,3874,0,0,3874,4,0,0,0.0
6273,1777472965.9347196,decode,183,1829509,0.9376101539169567,1849737,183,4347.32729944109,3872,0,0,3872,0,0,0,0.0
6274,1777472965.971822,decode,183,1849509,0.9478600095221159,1849920,183,4347.32729944109,3874,0,0,3874,2,0,0,0.0
6276,1777472966.029685,decode,183,1839664,0.9428145181004762,1849692,183,4392.613161511686,3874,0,0,3874,0,0,0,0.0
6277,1777472966.0662804,decode,183,1849664,0.9479394459030558,1849875,183,4392.613161511686,3876,0,0,3876,1,0,0,0.0
6279,1777472966.114479,decode,183,1829608,0.9376608907022023,1849847,183,4392.613161511686,3877,0,0,3877,0,0,0,0.0
6280,1777472966.1514332,decode,183,1849608,0.9479107463073614,1850030,183,4392.613161511686,3878,0,0,3878,2,0,0,0.0
6282,1777472966.1993678,decode,183,1849974,0.9480983186649358,1849791,183,4392.613161511686,3878,0,0,3878,0,0,0,0.0
6283,1777472966.2376857,decode,183,1788902,0.9167993595890218,1849974,183,4392.613161511686,3880,0,0,3880,0,0,0,0.0
6284,1777472966.2745397,decode,183,1848902,0.9475489264044993,1850157,183,4392.613161511686,3882,0,0,3882,6,0,0,0.0
6286,1777472966.3231363,decode,183,1818668,0.9320542196861802,1849085,183,4392.613161511686,3878,0,0,3878,0,0,0,0.0
6287,1777472966.3603792,decode,183,1848668,0.9474290030939189,1849268,183,4392.613161511686,3880,0,0,3880,3,0,0,0.0
6289,1777472966.4080603,decode,183,1849034,0.9476165754514934,1848851,183,4392.613161511686,3879,0,0,3879,0,0,0,0.0
6290,1777472966.4457617,decode,183,1839017,0.9424829352716494,1849034,183,4392.613161511686,3881,0,0,3881,0,0,0,0.0
6291,1777472966.483269,decode,183,1838807,0.9423753117877952,1849217,183,4392.613161511686,3882,0,0,3882,1,0,0,0.0
6294,1777472966.536874,decode,183,1849173,0.9476878119479492,1848990,183,4392.613161511686,3883,0,0,3883,0,0,0,0.0
6295,1777472966.5743775,decode,183,1849356,0.9477815981267363,1849173,183,4392.613161511686,3884,0,0,3884,0,0,0,0.0
6296,1777472966.6121156,decode,183,1839328,0.9426423205263096,1849356,183,4392.613161511686,3886,0,0,3886,0,0,0,0.0
6297,1777472966.6493442,decode,183,1849328,0.9477672483288891,1849539,183,4392.613161511686,3888,0,0,3888,1,0,0,0.0
6299,1777472966.6980476,decode,183,1757872,0.9008967086176174,1849511,183,4392.613161511686,3889,0,0,3889,0,0,0,0.0
6300,1777472966.734694,decode,183,1847872,0.9470210588408335,1849694,183,4392.613161511686,3891,0,0,3891,9,0,0,0.0
6302,1777472966.7831993,decode,183,1797238,0.9210714994052521,1848055,183,4392.613161511686,3884,0,0,3884,0,0,0,0.0
6303,1777472966.820141,decode,183,1847238,0.94669613841815,1848238,183,4392.613161511686,3885,0,0,3885,5,0,0,0.0
6305,1777472966.868022,decode,183,1847604,0.9468837107757244,1847421,183,4392.613161511686,3882,0,0,3882,0,0,0,0.0
6306,1777472966.905794,decode,183,1827376,0.9365170068166665,1847604,183,4392.613161511686,3884,0,0,3884,0,0,0,0.0
6307,1777472966.9432898,decode,183,1826978,0.9363130346901238,1847787,183,4392.613161511686,3886,0,0,3886,2,0,0,0.0
6310,1777472967.0014174,decode,183,1826922,0.9362843350944293,1847161,183,4392.613161511686,3884,0,0,3884,0,0,0,0.0
6311,1777472967.038588,decode,183,1846922,0.9465341906995886,1847344,183,4392.613161511686,3886,0,0,3886,2,0,0,0.0
6313,1777472967.0863776,decode,183,1847288,0.9467217630571629,1847105,183,4392.613161511686,3886,0,0,3886,0,0,0,0.0
6314,1777472967.123794,decode,183,1847471,0.9468155492359501,1847288,183,4392.613161511686,3888,0,0,3888,0,0,0,0.0
6315,1777472967.162309,decode,183,1745610,0.8946125221460942,1847471,183,4392.613161511686,3890,0,0,3890,0,0,0,0.0
6316,1777472967.1990242,decode,183,1845610,0.94586180017189,1847654,183,4392.613161511686,3891,0,0,3891,10,0,0,0.0
6318,1777472967.247586,decode,183,1845583,0.9458479628668232,1845793,183,4392.613161511686,3883,0,0,3883,1,0,0,0.0
6321,1777472967.3062708,decode,184,1835540,0.9407009978746924,1855767,184,4392.613161511686,3884,0,0,3884,0,0,0,0.0
6322,1777472967.3434994,decode,184,1855540,0.9509508534798516,1855951,184,4392.613161511686,3886,0,0,3886,2,0,0,0.0
6324,1777472967.3915176,decode,184,1845697,0.9459063870437725,1855724,184,4392.613161511686,3886,0,0,3886,0,0,0,0.0
6325,1777472967.4287977,decode,184,1855697,0.9510313148463521,1855908,184,4392.613161511686,3888,0,0,3888,1,0,0,0.0
6327,1777472967.4762893,decode,184,1856065,0.951219912189487,1855881,184,4392.613161511686,3889,0,0,3889,0,0,0,0.0
6328,1777472967.5141456,decode,184,1846049,0.9460867845024233,1856065,184,4392.613161511686,3890,0,0,3890,0,0,0,0.0
6329,1777472967.5513995,decode,184,1856049,0.9512117123050029,1856249,184,4392.613161511686,3892,0,0,3892,1,0,0,0.0
6331,1777472967.5994534,decode,184,1856417,0.9514003096481378,1856233,184,4392.613161511686,3893,0,0,3893,0,0,0,0.0
6332,1777472967.6379158,decode,184,1774979,0.9096639226094902,1856417,184,4392.613161511686,3895,0,0,3895,0,0,0,0.0
6333,1777472967.6751125,decode,184,1814371,0.9298520382094118,1856601,184,4392.613161511686,3897,0,0,3897,7,0,0,0.0
6336,1777472967.735422,decode,183,1854554,0.9504455355985173,1844554,183,4297.262880933344,3889,0,0,3889,1,0,0,0.0
6338,1777472967.7850897,decode,184,1854922,0.9506341329416522,1854738,184,4297.262880933344,3890,0,0,3890,0,0,0,0.0
6339,1777472967.8225403,decode,184,1855106,0.9507284316132196,1854922,184,4297.262880933344,3892,0,0,3892,0,0,0,0.0
6340,1777472967.860725,decode,184,1814457,0.9298961125885139,1855106,184,4297.262880933344,3894,0,0,3894,0,0,0,0.0
6341,1777472967.898019,decode,184,1844247,0.9451632725123985,1855290,184,4297.262880933344,3895,0,0,3895,4,0,0,0.0
6344,1777472967.9556112,decode,184,1844415,0.9452493712994818,1854431,184,4297.262880933344,3893,0,0,3893,0,0,0,0.0
6345,1777472967.9931445,decode,184,1833995,0.9399091965291939,1854615,184,4297.262880933344,3895,0,0,3895,1,0,0,0.0
6348,1777472968.0514452,decode,184,1854363,0.950347649477488,1854179,184,4297.262880933344,3894,0,0,3894,0,0,0,0.0
6349,1777472968.0888622,decode,184,1854547,0.9504419481490555,1854363,184,4297.262880933344,3896,0,0,3896,0,0,0,0.0
6350,1777472968.1285903,decode,184,1813898,0.9296096291243497,1854547,184,4297.262880933344,3898,0,0,3898,0,0,0,0.0
6351,1777472968.1646843,decode,184,1843688,0.9448767890482342,1854731,184,4297.262880933344,3899,0,0,3899,4,0,0,0.0
6354,1777472968.2189798,decode,184,1854056,0.9501903141939488,1853872,184,4297.262880933344,3897,0,0,3897,0,0,0,0.0
6355,1777472968.2566102,decode,184,1854240,0.9502846128655162,1854056,184,4297.262880933344,3898,0,0,3898,0,0,0,0.0
6356,1777472968.2941146,decode,184,1854424,0.9503789115370838,1854240,184,4297.262880933344,3900,0,0,3900,0,0,0,0.0
6357,1777472968.3316054,decode,184,1854608,0.9504732102086512,1854424,184,4297.262880933344,3902,0,0,3902,0,0,0,0.0
6358,1777472968.3691456,decode,184,1854792,0.9505675088802187,1854608,184,4297.262880933344,3903,0,0,3903,0,0,0,0.0
6359,1777472968.4071364,decode,184,1824343,0.9349626162141441,1854792,184,4297.262880933344,3905,0,0,3905,0,0,0,0.0
6360,1777472968.444192,decode,184,1854343,0.9503373996218828,1854976,184,4297.262880933344,3907,0,0,3907,3,0,0,0.0
6362,1777472968.4922578,decode,184,1844500,0.9452929331858038,1854527,184,4297.262880933344,3906,0,0,3906,0,0,0,0.0
6363,1777472968.5294657,decode,184,1854500,0.9504178609883833,1854711,184,4297.262880933344,3908,0,0,3908,1,0,0,0.0
6365,1777472968.5782082,decode,184,1854868,0.9506064583315182,1854684,184,4297.262880933344,3909,0,0,3909,0,0,0,0.0
6366,1777472968.6148853,decode,184,1855052,0.9507007570030858,1854868,184,4297.262880933344,3910,0,0,3910,0,0,0,0.0
6367,1777472968.652216,decode,184,1855236,0.9507950556746532,1855052,184,4297.262880933344,3912,0,0,3912,0,0,0,0.0
6368,1777472968.6897206,decode,184,1855420,0.9508893543462207,1855236,184,4297.262880933344,3914,0,0,3914,0,0,0,0.0
6369,1777472968.7271442,decode,184,1855604,0.9509836530177881,1855420,184,4297.262880933344,3915,0,0,3915,0,0,0,0.0
6370,1777472968.764752,decode,184,1855788,0.9510779516893556,1855604,184,4297.262880933344,3917,0,0,3917,0,0,0,0.0
6371,1777472968.8040452,decode,184,1855972,0.951172250360923,1855788,184,4297.262880933344,3919,0,0,3919,0,0,0,0.0
6372,1777472968.8411403,decode,184,1794912,0.9198794411983722,1855972,184,4297.262880933344,3920,0,0,3920,0,0,0,0.0
6373,1777472968.8775587,decode,184,1844912,0.94550408021127,1856156,184,4297.262880933344,3922,0,0,3922,5,0,0,0.0
6375,1777472968.9254053,decode,183,1855095,0.9507227941926368,1845095,183,4297.262880933344,3919,0,0,3919,1,0,0,0.0
6377,1777472968.9735427,decode,184,1855463,0.9509113915357718,1855279,184,4297.262880933344,3920,0,0,3920,0,0,0,0.0
6378,1777472969.0111303,decode,184,1855647,0.9510056902073392,1855463,184,4297.262880933344,3921,0,0,3921,0,0,0,0.0
6379,1777472969.0487258,decode,184,1855831,0.9510999888789067,1855647,184,4297.262880933344,3923,0,0,3923,0,0,0,0.0
6380,1777472969.0866458,decode,184,1835593,0.9407281599920461,1855831,184,4297.262880933344,3925,0,0,3925,0,0,0,0.0
6381,1777472969.1236851,decode,184,1855593,0.9509780155972053,1856015,184,4297.262880933344,3927,0,0,3927,2,0,0,0.0
6383,1777472969.1713414,decode,184,1855961,0.9511666129403402,1855777,184,4297.262880933344,3927,0,0,3927,0,0,0,0.0
6384,1777472969.2098634,decode,184,1845934,0.9460278478326937,1855961,184,4297.262880933344,3928,0,0,3928,0,0,0,0.0
6385,1777472969.246932,decode,184,1855934,0.9511527756352732,1856145,184,4297.262880933344,3930,0,0,3930,1,0,0,0.0
6387,1777472969.302254,decode,184,1846091,0.9461083091991942,1856118,184,4297.262880933344,3931,0,0,3931,0,0,0,0.0
6388,1777472969.339583,decode,184,1845892,0.9460063231359228,1856302,184,4297.262880933344,3933,0,0,3933,1,0,0,0.0
6391,1777472969.3954716,decode,184,1846049,0.9460867845024233,1856076,184,4433.003007477001,3933,0,0,3933,0,0,0,0.0
6392,1777472969.4325442,decode,184,1856049,0.9512117123050029,1856260,184,4433.003007477001,3935,0,0,3935,1,0,0,0.0
6394,1777472969.4812777,decode,184,1856417,0.9514003096481378,1856233,184,4433.003007477001,3936,0,0,3936,0,0,0,0.0
6395,1777472969.5188487,decode,184,1856601,0.9514946083197053,1856417,184,4433.003007477001,3938,0,0,3938,0,0,0,0.0
6396,1777472969.5562866,decode,184,1856785,0.9515889069912727,1856601,184,4433.003007477001,3940,0,0,3940,0,0,0,0.0
6397,1777472969.5936766,decode,184,1856969,0.9516832056628403,1856785,184,4433.003007477001,3941,0,0,3941,0,0,0,0.0
6398,1777472969.631508,decode,184,1857153,0.9517775043344077,1856969,184,4433.003007477001,3943,0,0,3943,0,0,0,0.0
6399,1777472969.6690958,decode,184,1857337,0.9518718030059752,1857153,184,4433.003007477001,3944,0,0,3944,0,0,0,0.0
6400,1777472969.706814,decode,184,1857521,0.9519661016775426,1857337,184,4433.003007477001,3946,0,0,3946,0,0,0,0.0
6401,1777472969.7439518,decode,184,1857705,0.9520604003491101,1857521,184,4433.003007477001,3948,0,0,3948,0,0,0,0.0
6402,1777472969.7813396,decode,184,1857889,0.9521546990206775,1857705,184,4433.003007477001,3949,0,0,3949,0,0,0,0.0
6403,1777472969.8197525,decode,184,1847862,0.947015933913031,1857889,184,4433.003007477001,3951,0,0,3951,0,0,0,0.0
6404,1777472969.8566937,decode,184,1848045,0.9471097200918182,1858073,183,4433.003007477001,3953,0,0,3953,0,0,0,0.0
6405,1777472969.894079,decode,183,1848228,0.9472035062706055,1848045,183,4433.003007477001,3954,0,0,3954,0,0,0,0.0
6406,1777472969.931366,decode,183,1848411,0.9472972924493926,1848228,183,4433.003007477001,3956,0,0,3956,0,0,0,0.0
6407,1777472969.968894,decode,183,1848594,0.9473910786281798,1848411,183,4433.003007477001,3958,0,0,3958,0,0,0,0.0
6408,1777472970.006249,decode,183,1848777,0.947484864806967,1848594,183,4433.003007477001,3959,0,0,3959,0,0,0,0.0
6409,1777472970.0437179,decode,183,1848960,0.9475786509857542,1848777,183,4433.003007477001,3961,0,0,3961,0,0,0,0.0
6410,1777472970.0811424,decode,183,1849143,0.9476724371645414,1848960,183,4433.003007477001,3963,0,0,3963,0,0,0,0.0
6411,1777472970.1602108,decode,183,1849326,0.9477662233433286,1849143,183,4433.003007477001,3965,0,0,3965,0,0,0,0.0
6412,1777472970.1956706,decode,183,1849509,0.9478600095221159,1849326,183,4433.003007477001,3968,0,0,3968,0,0,0,0.0
6413,1777472970.2342067,decode,183,1829292,0.9374989429836407,1849509,183,4433.003007477001,3969,0,0,3969,0,0,0,0.0
6414,1777472970.2703233,decode,183,1849292,0.9477487985887999,1849692,183,4433.003007477001,3971,0,0,3971,2,0,0,0.0
6416,1777472970.3182392,decode,183,1849658,0.9479363709463743,1849475,183,4433.003007477001,3971,0,0,3971,0,0,0,0.0
6417,1777472970.3556972,decode,183,1849841,0.9480301571251615,1849658,183,4433.003007477001,3972,0,0,3972,0,0,0,0.0
6418,1777472970.3931627,decode,183,1850024,0.9481239433039487,1849841,183,4433.003007477001,3974,0,0,3974,0,0,0,0.0
6419,1777472970.4306207,decode,183,1850207,0.9482177294827359,1850024,183,4433.003007477001,3976,0,0,3976,0,0,0,0.0
6420,1777472970.4679928,decode,183,1850390,0.9483115156615232,1850207,183,4433.003007477001,3978,0,0,3978,0,0,0,0.0
6421,1777472970.5058563,decode,183,1830173,0.9379504491230479,1850390,183,4433.003007477001,3979,0,0,3979,0,0,0,0.0
6422,1777472970.5429983,decode,183,1850173,0.9482003047282072,1850573,183,4433.003007477001,3981,0,0,3981,2,0,0,0.0
6424,1777472970.5912073,decode,183,1850539,0.9483878770857815,1850356,183,4433.003007477001,3981,0,0,3981,0,0,0,0.0
6425,1777472970.6286414,decode,183,1850722,0.9484816632645687,1850539,183,4433.003007477001,3983,0,0,3983,0,0,0,0.0
6426,1777472970.6666677,decode,183,1810072,0.9276488317470828,1850722,183,4433.003007477001,3984,0,0,3984,0,0,0,0.0
6427,1777472970.703859,decode,183,1850072,0.9481485429574011,1850905,183,4433.003007477001,3986,0,0,3986,4,0,0,0.0
6429,1777472970.75203,decode,183,1850438,0.9483361153149755,1850255,183,4433.003007477001,3984,0,0,3984,0,0,0,0.0
6430,1777472970.7895901,decode,183,1850621,0.9484299014937627,1850438,183,4433.003007477001,3986,0,0,3986,0,0,0,0.0
6431,1777472970.8271139,decode,183,1850804,0.9485236876725499,1850621,183,4433.003007477001,3987,0,0,3987,0,0,0,0.0
6432,1777472970.8645709,decode,183,1850987,0.9486174738513371,1850804,183,4433.003007477001,3989,0,0,3989,0,0,0,0.0
6433,1777472970.9020483,decode,183,1851170,0.9487112600301243,1850987,183,4433.003007477001,3991,0,0,3991,0,0,0,0.0
6434,1777472970.9397264,decode,183,1841142,0.9435719824296975,1851170,183,4433.003007477001,3993,0,0,3993,0,0,0,0.0
6435,1777472970.9769511,decode,183,1851142,0.9486969102322771,1851353,183,4636.150105932128,3994,0,0,3994,1,0,0,0.0
6437,1777472971.0292826,decode,183,1831097,0.9384239924520064,1851325,183,4636.150105932128,3995,0,0,3995,0,0,0,0.0
6438,1777472971.0661726,decode,183,1851097,0.9486738480571655,1851508,183,4636.150105932128,3997,0,0,3997,2,0,0,0.0
6440,1777472971.1152034,decode,183,1810641,0.9279404401390495,1851280,183,4636.150105932128,3997,0,0,3997,0,0,0,0.0
6441,1777472971.1522353,decode,183,1850641,0.9484401513493679,1851463,183,4636.150105932128,3999,0,0,3999,4,0,0,0.0
6443,1777472971.2004797,decode,183,1851007,0.9486277237069423,1850824,183,4636.150105932128,3997,0,0,3997,0,0,0,0.0
6444,1777472971.2380536,decode,183,1851190,0.9487215098857295,1851007,183,4636.150105932128,3999,0,0,3999,0,0,0,0.0
6445,1777472971.2756407,decode,183,1851373,0.9488152960645166,1851190,183,4636.150105932128,4000,0,0,4000,0,0,0,0.0
6446,1777472971.3135037,decode,183,1820945,0.9332211657468276,1851373,183,4636.150105932128,4002,0,0,4002,0,0,0,0.0
6447,1777472971.350439,decode,183,1850945,0.9485959491545662,1851556,183,4636.150105932128,4004,0,0,4004,3,0,0,0.0
6449,1777472971.398541,decode,183,1841111,0.9435560951535096,1851128,183,4636.150105932128,4003,0,0,4003,0,0,0,0.0
6450,1777472971.435715,decode,183,1851111,0.9486810229560891,1851311,183,4636.150105932128,4005,0,0,4005,1,0,0,0.0
6452,1777472971.4833128,decode,183,1851477,0.9488685953136635,1851294,183,4636.150105932128,4006,0,0,4006,0,0,0,0.0
6453,1777472971.5208151,decode,183,1851660,0.9489623814924507,1851477,183,4636.150105932128,4007,0,0,4007,0,0,0,0.0
6454,1777472971.558616,decode,183,1841643,0.9438287413126067,1851660,183,4636.150105932128,4009,0,0,4009,0,0,0,0.0
6455,1777472971.5958698,decode,183,1851643,0.9489536691151863,1851843,183,4636.150105932128,4011,0,0,4011,1,0,0,0.0
6457,1777472971.644409,decode,183,1831598,0.9386807513349156,1851826,183,4636.150105932128,4012,0,0,4012,0,0,0,0.0
6458,1777472971.6814384,decode,183,1851598,0.9489306069400747,1852009,183,4636.150105932128,4014,0,0,4014,2,0,0,0.0
6460,1777472971.7291474,decode,183,1851964,0.9491181792976492,1851781,183,4636.150105932128,4014,0,0,4014,0,0,0,0.0
6461,1777472971.7688913,decode,183,1831736,0.9387514753385912,1851964,183,4636.150105932128,4015,0,0,4015,0,0,0,0.0
6462,1777472971.804638,decode,183,1851736,0.9490013309437503,1852147,183,4636.150105932128,4017,0,0,4017,2,0,0,0.0
6464,1777472971.8535242,decode,183,1821502,0.9335066242254312,1851919,183,4636.150105932128,4017,0,0,4017,0,0,0,0.0
6465,1777472971.890761,decode,183,1851502,0.94888140763317,1852102,183,4636.150105932128,4018,0,0,4018,3,0,0,0.0
6467,1777472971.93954,decode,183,1851868,0.9490689799907444,1851685,183,4636.150105932128,4018,0,0,4018,0,0,0,0.0
6468,1777472971.9767997,decode,183,1852051,0.9491627661695315,1851868,183,4636.150105932128,4019,0,0,4019,0,0,0,0.0
6469,1777472972.014797,decode,183,1821623,0.9335686358518425,1852051,183,4636.150105932128,4021,0,0,4021,0,0,0,0.0
6470,1777472972.0518494,decode,183,1851623,0.9489434192595811,1852234,183,4636.150105932128,4023,0,0,4023,3,0,0,0.0
6472,1777472972.0999897,decode,183,1841789,0.9439035652585244,1851806,183,4636.150105932128,4022,0,0,4022,0,0,0,0.0
6473,1777472972.1372073,decode,183,1851789,0.949028493061104,1851989,183,4636.150105932128,4023,0,0,4023,1,0,0,0.0
6475,1777472972.191288,decode,183,1852155,0.9492160654186784,1851972,183,4636.150105932128,4025,0,0,4025,0,0,0,0.0
6476,1777472972.2285855,decode,183,1842127,0.9440767878182517,1852155,183,4636.150105932128,4026,0,0,4026,0,0,0,0.0
6477,1777472972.2657568,decode,183,1852127,0.9492017156208312,1852338,183,4636.150105932128,4028,0,0,4028,1,0,0,0.0
6479,1777472972.3144023,decode,183,1842293,0.9441618616197744,1852310,183,4636.150105932128,4029,0,0,4029,0,0,0,0.0
6480,1777472972.3514912,decode,183,1852293,0.949286789422354,1852493,183,4636.150105932128,4031,0,0,4031,1,0,0,0.0
6482,1777472972.3992095,decode,183,1852659,0.9494743617799284,1852476,183,4636.150105932128,4032,0,0,4032,0,0,0,0.0
6483,1777472972.4366813,decode,183,1852842,0.9495681479587156,1852659,183,4636.150105932128,4034,0,0,4034,0,0,0,0.0
6484,1777472972.4749725,decode,183,1791770,0.9182691888828016,1852842,183,4636.150105932128,4035,0,0,4035,0,0,0,0.0
6485,1777472972.5120807,decode,183,1851770,0.9490187556982791,1853025,183,4636.150105932128,4037,0,0,4037,6,0,0,0.0
6487,1777472972.560968,decode,183,1831736,0.9387514753385912,1851953,183,4636.150105932128,4033,0,0,4033,0,0,0,0.0
6488,1777472972.5980983,decode,183,1851736,0.9490013309437503,1852136,183,4636.150105932128,4035,0,0,4035,2,0,0,0.0
6490,1777472972.6464562,decode,183,1852102,0.9491889033013248,1851919,183,4384.551503531971,4035,0,0,4035,0,0,0,0.0
6491,1777472972.6840236,decode,183,1831863,0.938816561921684,1852102,183,4384.551503531971,4037,0,0,4037,0,0,0,0.0
6492,1777472972.7212129,decode,183,1851863,0.9490664175268431,1852285,183,4384.551503531971,4038,0,0,4038,2,0,0,0.0
6494,1777472972.76996,decode,183,1801229,0.9231168580912616,1852046,183,4384.551503531971,4039,0,0,4039,0,0,0,0.0
6495,1777472972.8078754,decode,183,1851229,0.9487414971041596,1852229,183,4384.551503531971,4040,0,0,4040,5,0,0,0.0
6497,1777472972.8570747,decode,183,1820984,0.9332411529652576,1851412,183,4384.551503531971,4037,0,0,4037,0,0,0,0.0
6498,1777472972.89434,decode,183,1850984,0.9486159363729963,1851595,183,4384.551503531971,4039,0,0,4039,3,0,0,0.0
6500,1777472972.9428256,decode,183,1830939,0.9383430185927256,1851167,183,4384.551503531971,4038,0,0,4038,0,0,0,0.0
6501,1777472972.979976,decode,183,1850939,0.9485928741978847,1851350,183,4384.551503531971,4040,0,0,4040,2,0,0,0.0
6503,1777472973.0284967,decode,183,1830894,0.938319956417614,1851122,183,4384.551503531971,4040,0,0,4040,0,0,0,0.0
6504,1777472973.065579,decode,183,1850894,0.9485698120227731,1851305,183,4384.551503531971,4042,0,0,4042,2,0,0,0.0
6506,1777472973.1135287,decode,183,1851260,0.9487573843803475,1851077,183,4384.551503531971,4042,0,0,4042,0,0,0,0.0
6507,1777472973.1513884,decode,183,1831043,0.9383963178418724,1851260,183,4384.551503531971,4044,0,0,4044,0,0,0,0.0
6508,1777472973.188601,decode,183,1851043,0.9486461734470316,1851443,183,4384.551503531971,4045,0,0,4045,2,0,0,0.0
6510,1777472973.2373228,decode,183,1810576,0.9279071281083328,1851226,183,4384.551503531971,4045,0,0,4045,0,0,0,0.0
6511,1777472973.2744908,decode,183,1850576,0.9484068393186511,1851409,183,4384.551503531971,4047,0,0,4047,4,0,0,0.0
6513,1777472973.3235095,decode,183,1799920,0.922446005041904,1850759,183,4384.551503531971,4045,0,0,4045,0,0,0,0.0
6514,1777472973.3605728,decode,183,1849920,0.9480706440548019,1850942,183,4384.551503531971,4047,0,0,4047,5,0,0,0.0
6516,1777472973.4092822,decode,183,1819675,0.9325702999158999,1850103,183,4384.551503531971,4044,0,0,4044,0,0,0,0.0
6517,1777472973.4461184,decode,183,1849675,0.9479450833236387,1850286,183,4384.551503531971,4046,0,0,4046,3,0,0,0.0
6519,1777472973.4945736,decode,183,1809219,0.9272116754055227,1849858,183,4384.551503531971,4045,0,0,4045,0,0,0,0.0
6520,1777472973.5314422,decode,183,1849219,0.9477113866158411,1850041,183,4384.551503531971,4047,0,0,4047,4,0,0,0.0
6522,1777472973.5803962,decode,183,1849585,0.9478989589734155,1849402,183,4384.551503531971,4045,0,0,4045,0,0,0,0.0
6523,1777472973.6173701,decode,183,1839557,0.9427596813729887,1849585,183,4384.551503531971,4046,0,0,4046,0,0,0,0.0
6524,1777472973.654357,decode,183,1849557,0.9478846091755683,1849768,183,4384.551503531971,4048,0,0,4048,1,0,0,0.0
6526,1777472973.702873,decode,183,1829523,0.9376173288158803,1849740,183,4384.551503531971,4049,0,0,4049,0,0,0,0.0
6527,1777472973.7400339,decode,183,1849523,0.9478671844210395,1849923,183,4384.551503531971,4051,0,0,4051,2,0,0,0.0
6529,1777472973.798287,decode,183,1819267,0.9323612028615547,1849706,183,4384.551503531971,4051,0,0,4051,0,0,0,0.0
6530,1777472973.835009,decode,183,1849267,0.9477359862692935,1849889,183,4384.551503531971,4053,0,0,4053,3,0,0,0.0
6532,1777472973.883965,decode,183,1829222,0.9374630684890226,1849450,183,4384.551503531971,4052,0,0,4052,0,0,0,0.0
6533,1777472973.9209468,decode,183,1849222,0.9477129240941818,1849633,183,4384.551503531971,4054,0,0,4054,2,0,0,0.0
6535,1777472973.969626,decode,183,1829177,0.937440006313911,1849405,183,4384.551503531971,4054,0,0,4054,0,0,0,0.0
6536,1777472974.0072744,decode,183,1849177,0.9476898619190702,1849588,183,4384.551503531971,4056,0,0,4056,2,0,0,0.0
6538,1777472974.0560722,decode,183,1849543,0.9478774342766446,1849360,183,4384.551503531971,4056,0,0,4056,0,0,0,0.0
6539,1777472974.0933928,decode,183,1849726,0.9479712204554318,1849543,183,4384.551503531971,4057,0,0,4057,0,0,0,0.0
6540,1777472974.1309278,decode,183,1849909,0.948065006634219,1849726,183,4384.551503531971,4059,0,0,4059,0,0,0,0.0
6541,1777472974.1689174,decode,183,1809270,0.9272378125373159,1849909,183,4384.551503531971,4061,0,0,4061,0,0,0,0.0
6542,1777472974.2058725,decode,183,1849270,0.9477375237476342,1850092,183,4384.551503531971,4062,0,0,4062,4,0,0,0.0
6544,1777472974.2547095,decode,183,1829236,0.9374702433879463,1849453,183,4384.551503531971,4060,0,0,4060,0,0,0,0.0
6545,1777472974.2918546,decode,183,1849236,0.9477200989931054,1849636,183,4384.551503531971,4062,0,0,4062,2,0,0,0.0
6547,1777472974.340172,decode,183,1839402,0.9426802449920487,1849419,183,4321.854915752443,4062,0,0,4062,0,0,0,0.0
6548,1777472974.377328,decode,183,1849402,0.9478051727946283,1849602,183,4321.854915752443,4064,0,0,4064,1,0,0,0.0
6550,1777472974.4259796,decode,183,1819157,0.9323048286557263,1849585,183,4321.854915752443,4065,0,0,4065,0,0,0,0.0
6551,1777472974.4631314,decode,183,1849157,0.9476796120634651,1849768,183,4321.854915752443,4067,0,0,4067,3,0,0,0.0
6553,1777472974.5119157,decode,183,1849523,0.9478671844210395,1849340,183,4321.854915752443,4066,0,0,4066,0,0,0,0.0
6554,1777472974.5496924,decode,183,1829306,0.9375061178825643,1849523,183,4321.854915752443,4068,0,0,4068,0,0,0,0.0
6555,1777472974.586887,decode,183,1849306,0.9477559734877234,1849706,183,4321.854915752443,4069,0,0,4069,2,0,0,0.0
6557,1777472974.635769,decode,183,1808850,0.9270225655696075,1849489,183,4321.854915752443,4069,0,0,4069,0,0,0,0.0
6558,1777472974.6728199,decode,183,1848850,0.9475222767799258,1849672,183,4321.854915752443,4071,0,0,4071,4,0,0,0.0
6560,1777472974.7228794,decode,183,1849216,0.9477098491375002,1849033,183,4321.854915752443,4069,0,0,4069,0,0,0,0.0
6561,1777472974.7595577,decode,183,1839199,0.9425762089576563,1849216,183,4321.854915752443,4071,0,0,4071,0,0,0,0.0
6562,1777472974.7963102,decode,183,1849199,0.9477011367602359,1849399,183,4321.854915752443,4072,0,0,4072,1,0,0,0.0
6564,1777472974.8448067,decode,183,1849565,0.9478887091178103,1849382,183,4321.854915752443,4073,0,0,4073,0,0,0,0.0
6565,1777472974.8822994,decode,183,1849748,0.9479824952965975,1849565,183,4321.854915752443,4075,0,0,4075,0,0,0,0.0
6566,1777472974.9199245,decode,183,1839731,0.9428488551167535,1849748,183,4321.854915752443,4077,0,0,4077,0,0,0,0.0
6567,1777472974.9571607,decode,183,1849731,0.9479737829193331,1849931,183,4321.854915752443,4078,0,0,4078,1,0,0,0.0
6569,1777472975.006585,decode,183,1758253,0.9010919683668956,1849914,183,4321.854915752443,4079,0,0,4079,0,0,0,0.0
6570,1777472975.043187,decode,183,1848253,0.9472163185901119,1850097,183,4321.854915752443,4081,0,0,4081,9,0,0,0.0
6572,1777472975.099928,decode,183,1807808,0.9264885480925787,1848436,183,4321.854915752443,4074,0,0,4074,0,0,0,0.0
6573,1777472975.1364374,decode,183,1847808,0.9469882593028971,1848619,183,4321.854915752443,4076,0,0,4076,4,0,0,0.0
6575,1777472975.1847942,decode,183,1848174,0.9471758316604715,1847991,183,4321.854915752443,4074,0,0,4074,0,0,0,0.0
6576,1777472975.222807,decode,183,1817746,0.9315817013427823,1848174,183,4321.854915752443,4076,0,0,4076,0,0,0,0.0
6577,1777472975.2598681,decode,183,1847746,0.9469564847505211,1848357,183,4321.854915752443,4078,0,0,4078,3,0,0,0.0
6579,1777472975.3081856,decode,183,1827712,0.9366892043908331,1847929,183,4321.854915752443,4077,0,0,4077,0,0,0,0.0
6580,1777472975.345224,decode,183,1847712,0.9469390599959923,1848112,183,4321.854915752443,4078,0,0,4078,2,0,0,0.0
6582,1777472975.3932168,decode,183,1848078,0.9471266323535668,1847895,183,4321.854915752443,4078,0,0,4078,0,0,0,0.0
6583,1777472975.430742,decode,183,1848261,0.947220418532354,1848078,183,4321.854915752443,4080,0,0,4080,0,0,0,0.0
6584,1777472975.469243,decode,183,1756600,0.9002448178011292,1848261,183,4321.854915752443,4082,0,0,4082,0,0,0,0.0
6585,1777472975.5063934,decode,183,1826202,0.9359153402926437,1848444,183,4321.854915752443,4084,0,0,4084,9,0,0,0.0
6588,1777472975.566094,decode,183,1835965,0.9409188073063021,1846385,183,4321.854915752443,4075,0,0,4075,1,0,0,0.0
6591,1777472975.623761,decode,184,1835933,0.9409024075373338,1856149,184,4321.854915752443,4075,0,0,4075,0,0,0,0.0
6592,1777472975.660829,decode,184,1855933,0.951152263142493,1856333,184,4321.854915752443,4076,0,0,4076,2,0,0,0.0
6594,1777472975.7094796,decode,184,1825679,0.9356473065685688,1856117,184,4321.854915752443,4077,0,0,4077,0,0,0,0.0
6595,1777472975.7466404,decode,184,1845679,0.9458971621737279,1856301,184,4321.854915752443,4078,0,0,4078,2,0,0,0.0
6597,1777472975.7947803,decode,183,1855862,0.9511158761550946,1845862,183,4321.854915752443,4078,0,0,4078,1,0,0,0.0
6599,1777472975.8431544,decode,184,1856230,0.9513044734982296,1856046,184,4321.854915752443,4080,0,0,4080,0,0,0,0.0
6600,1777472975.8806272,decode,184,1856414,0.9513987721697971,1856230,184,4321.854915752443,4081,0,0,4081,0,0,0,0.0
6601,1777472975.9182916,decode,184,1856598,0.9514930708413645,1856414,184,4321.854915752443,4083,0,0,4083,0,0,0,0.0
6602,1777472975.9568381,decode,184,1764927,0.9045123451823373,1856598,184,4321.854915752443,4085,0,0,4085,0,0,0,0.0
6603,1777472975.993987,decode,184,1834728,0.940284853737123,1856782,184,4321.854915752443,4086,0,0,4086,8,0,0,0.0
6606,1777472976.0486622,decode,183,1854911,0.9506284955210693,1844911,183,4289.746548608413,4080,0,0,4080,1,0,0,0.0
6608,1777472976.0981588,decode,184,1855279,0.9508170928642042,1855095,184,4289.746548608413,4081,0,0,4081,0,0,0,0.0
6609,1777472976.1353323,decode,184,1855463,0.9509113915357718,1855279,184,4289.746548608413,4083,0,0,4083,0,0,0,0.0
6610,1777472976.173451,decode,184,1814847,0.9300959847728145,1855463,184,4289.746548608413,4084,0,0,4084,0,0,0,0.0
6611,1777472976.2106318,decode,184,1854847,0.9505956959831329,1855647,184,4289.746548608413,4086,0,0,4086,4,0,0,0.0
6613,1777472976.2596014,decode,184,1845015,0.9455568669676366,1855031,184,4289.746548608413,4084,0,0,4084,0,0,0,0.0
6614,1777472976.297122,decode,184,1844805,0.9454492434837825,1855215,184,4289.746548608413,4086,0,0,4086,1,0,0,0.0
6617,1777472976.3543725,decode,184,1855173,0.9507627686294969,1854989,184,4289.746548608413,4086,0,0,4086,0,0,0,0.0
6618,1777472976.3918688,decode,184,1855357,0.9508570673010645,1855173,184,4289.746548608413,4088,0,0,4088,0,0,0,0.0
6619,1777472976.4313312,decode,184,1763675,0.9038707042214543,1855357,184,4289.746548608413,4090,0,0,4090,0,0,0,0.0
6620,1777472976.4674714,decode,184,1843675,0.9448701266420909,1855541,184,4289.746548608413,4091,0,0,4091,8,0,0,0.0
6622,1777472976.5160851,decode,183,1853858,0.9500888406234577,1843858,183,4289.746548608413,4086,0,0,4086,1,0,0,0.0
6624,1777472976.5651166,decode,184,1854226,0.9502774379665927,1854042,184,4289.746548608413,4087,0,0,4087,0,0,0,0.0
6625,1777472976.6025376,decode,184,1854410,0.9503717366381601,1854226,184,4289.746548608413,4088,0,0,4088,0,0,0,0.0
6626,1777472976.6403186,decode,184,1844383,0.9452329715305136,1854410,184,4289.746548608413,4090,0,0,4090,0,0,0,0.0
6627,1777472976.6778228,decode,184,1854383,0.9503578993330931,1854594,184,4289.746548608413,4092,0,0,4092,1,0,0,0.0
6629,1777472976.7264378,decode,184,1824129,0.9348529427591689,1854567,184,4289.746548608413,4093,0,0,4093,0,0,0,0.0
6630,1777472976.7632797,decode,184,1854129,0.9502277261669076,1854751,184,4289.746548608413,4095,0,0,4095,3,0,0,0.0
6632,1777472976.8112798,decode,184,1854497,0.9504163235100426,1854313,184,4289.746548608413,4094,0,0,4094,0,0,0,0.0
6633,1777472976.8487892,decode,184,1854681,0.95051062218161,1854497,184,4289.746548608413,4095,0,0,4095,0,0,0,0.0
6634,1777472976.886687,decode,184,1834443,0.9401387932947495,1854681,184,4289.746548608413,4097,0,0,4097,0,0,0,0.0
6635,1777472976.9239473,decode,184,1854443,0.9503886488999086,1854865,184,4289.746548608413,4099,0,0,4099,2,0,0,0.0
6637,1777472976.9718783,decode,184,1854811,0.9505772462430435,1854627,184,4289.746548608413,4099,0,0,4099,0,0,0,0.0
6638,1777472977.009428,decode,184,1854995,0.950671544914611,1854811,184,4289.746548608413,4101,0,0,4101,0,0,0,0.0
6639,1777472977.0469568,decode,184,1855179,0.9507658435861784,1854995,184,4289.746548608413,4102,0,0,4102,0,0,0,0.0
6640,1777472977.0844808,decode,184,1855363,0.950860142257746,1855179,184,4289.746548608413,4104,0,0,4104,0,0,0,0.0
6641,1777472977.1237426,decode,184,1855547,0.9509544409293134,1855363,184,4289.746548608413,4106,0,0,4106,0,0,0,0.0
6642,1777472977.1606343,decode,184,1825109,0.9353551856838217,1855547,184,4289.746548608413,4107,0,0,4107,0,0,0,0.0
6643,1777472977.1976578,decode,184,1844910,0.9455030552257095,1855731,184,4289.746548608413,4109,0,0,4109,3,0,0,0.0
6646,1777472977.25304,decode,184,1845067,0.94558351659221,1855094,184,4289.746548608413,4107,0,0,4107,0,0,0,0.0
6647,1777472977.290237,decode,184,1855067,0.9507084443947896,1855278,184,4289.746548608413,4109,0,0,4109,1,0,0,0.0
6649,1777472977.3383305,decode,184,1855435,0.9508970417379246,1855251,184,4289.746548608413,4110,0,0,4110,0,0,0,0.0
6650,1777472977.375863,decode,184,1855619,0.950991340409492,1855435,184,4289.746548608413,4112,0,0,4112,0,0,0,0.0
6651,1777472977.413727,decode,184,1845603,0.9458582127224283,1855619,184,4289.746548608413,4113,0,0,4113,0,0,0,0.0
6652,1777472977.4511435,decode,184,1855603,0.9509831405250079,1855803,184,4289.746548608413,4115,0,0,4115,1,0,0,0.0
6654,1777472977.4995966,decode,184,1855971,0.9511717378681428,1855787,184,4289.746548608413,4116,0,0,4116,0,0,0,0.0
6655,1777472977.5375063,decode,184,1845955,0.946038610181079,1855971,184,4289.746548608413,4118,0,0,4118,0,0,0,0.0
6656,1777472977.5748594,decode,184,1855955,0.9511635379836586,1856155,184,4289.746548608413,4120,0,0,4120,1,0,0,0.0
6658,1777472977.6236777,decode,184,1805279,0.9251924538513063,1856139,184,4289.746548608413,4121,0,0,4121,0,0,0,0.0
6659,1777472977.6603801,decode,184,1845279,0.9456921650616247,1856323,184,4289.746548608413,4123,0,0,4123,4,0,0,0.0
6661,1777472977.7089355,decode,183,1855462,0.9509108790429914,1845462,183,4431.817895908928,4121,0,0,4121,1,0,0,0.0
6663,1777472977.7580533,decode,184,1855830,0.9510994763861265,1855646,184,4431.817895908928,4121,0,0,4121,0,0,0,0.0
6664,1777472977.7956038,decode,184,1856014,0.9511937750576939,1855830,184,4431.817895908928,4123,0,0,4123,0,0,0,0.0
6665,1777472977.8330758,decode,184,1856198,0.9512880737292614,1856014,184,4431.817895908928,4125,0,0,4125,0,0,0,0.0
6666,1777472977.8709648,decode,184,1846171,0.9461493086216148,1856198,184,4431.817895908928,4126,0,0,4126,0,0,0,0.0
6667,1777472977.9081702,decode,184,1856171,0.9512742364241944,1856382,184,4431.817895908928,4128,0,0,4128,1,0,0,0.0
6669,1777472977.9565606,decode,184,1856539,0.9514628337673293,1856355,184,4431.817895908928,4129,0,0,4129,0,0,0,0.0
6670,1777472977.9940598,decode,184,1856723,0.9515571324388967,1856539,184,4431.817895908928,4131,0,0,4131,0,0,0,0.0
6671,1777472978.0316634,decode,184,1856907,0.9516514311104642,1856723,184,4431.817895908928,4133,0,0,4133,0,0,0,0.0
6672,1777472978.0694475,decode,184,1846880,0.9465126660028177,1856907,184,4431.817895908928,4134,0,0,4134,0,0,0,0.0
6673,1777472978.1078105,decode,184,1847063,0.9466064521816049,1857091,183,4431.817895908928,4136,0,0,4136,0,0,0,0.0
6674,1777472978.14508,decode,183,1837035,0.9414671745811781,1847063,183,4431.817895908928,4138,0,0,4138,0,0,0,0.0
6675,1777472978.182394,decode,183,1847035,0.9465921023837577,1847246,183,4431.817895908928,4139,0,0,4139,1,0,0,0.0
6677,1777472978.2318814,decode,183,1847401,0.9467796747413321,1847218,183,4431.817895908928,4140,0,0,4140,0,0,0,0.0
6678,1777472978.2691438,decode,183,1847584,0.9468734609201193,1847401,183,4431.817895908928,4142,0,0,4142,0,0,0,0.0
6679,1777472978.306628,decode,183,1847767,0.9469672470989065,1847584,183,4431.817895908928,4144,0,0,4144,0,0,0,0.0
6680,1777472978.3441184,decode,183,1847950,0.9470610332776938,1847767,183,4431.817895908928,4145,0,0,4145,0,0,0,0.0
6681,1777472978.3814836,decode,183,1848133,0.947154819456481,1847950,183,4431.817895908928,4147,0,0,4147,0,0,0,0.0
6682,1777472978.4189618,decode,183,1848316,0.9472486056352681,1848133,183,4431.817895908928,4149,0,0,4149,0,0,0,0.0
6683,1777472978.456484,decode,183,1848499,0.9473423918140553,1848316,183,4431.817895908928,4150,0,0,4150,0,0,0,0.0
6684,1777472978.4939084,decode,183,1848682,0.9474361779928425,1848499,183,4431.817895908928,4152,0,0,4152,0,0,0,0.0
6685,1777472978.5316505,decode,183,1828465,0.9370751114543674,1848682,183,4431.817895908928,4154,0,0,4154,0,0,0,0.0
6686,1777472978.569451,decode,183,1848465,0.9473249670595265,1848865,183,4431.817895908928,4155,0,0,4155,2,0,0,0.0
6688,1777472978.6187773,decode,183,1848831,0.947512539417101,1848648,183,4431.817895908928,4156,0,0,4156,0,0,0,0.0
6689,1777472978.65621,decode,183,1849014,0.9476063255958882,1848831,183,4431.817895908928,4157,0,0,4157,0,0,0,0.0
6690,1777472978.6938078,decode,183,1849197,0.9477001117746754,1849014,183,4431.817895908928,4159,0,0,4159,0,0,0,0.0
6691,1777472978.731208,decode,183,1849380,0.9477938979534626,1849197,183,4431.817895908928,4161,0,0,4161,0,0,0,0.0
6692,1777472978.7686071,decode,183,1849563,0.9478876841322498,1849380,183,4431.817895908928,4162,0,0,4162,0,0,0,0.0
6693,1777472978.8062797,decode,183,1839546,0.9427540439524058,1849563,183,4431.817895908928,4164,0,0,4164,0,0,0,0.0
6694,1777472978.8434403,decode,183,1849546,0.9478789717549854,1849746,183,4431.817895908928,4166,0,0,4166,1,0,0,0.0
6696,1777472978.8912194,decode,183,1849912,0.9480665441125599,1849729,183,4431.817895908928,4167,0,0,4167,0,0,0,0.0
6697,1777472978.9296095,decode,183,1850095,0.948160330291347,1849912,183,4431.817895908928,4169,0,0,4169,0,0,0,0.0
6698,1777472978.9669123,decode,183,1829878,0.9377992637528719,1850095,183,4431.817895908928,4170,0,0,4170,0,0,0,0.0
6699,1777472979.0037792,decode,183,1849878,0.948049119358031,1850278,183,4431.817895908928,4172,0,0,4172,2,0,0,0.0
6701,1777472979.0519633,decode,183,1850244,0.9482366917156054,1850061,183,4431.817895908928,4172,0,0,4172,0,0,0,0.0
6702,1777472979.0895116,decode,183,1850427,0.9483304778943926,1850244,183,4431.817895908928,4174,0,0,4174,0,0,0,0.0
6703,1777472979.1270945,decode,183,1850610,0.9484242640731799,1850427,183,4431.817895908928,4175,0,0,4175,0,0,0,0.0
6704,1777472979.164549,decode,183,1850793,0.9485180502519671,1850610,183,4431.817895908928,4177,0,0,4177,0,0,0,0.0
6705,1777472979.2019691,decode,183,1850976,0.9486118364307543,1850793,183,4431.817895908928,4179,0,0,4179,0,0,0,0.0
6706,1777472979.2397768,decode,183,1830748,0.9382451324716963,1850976,183,4431.817895908928,4180,0,0,4180,0,0,0,0.0
6707,1777472979.2769496,decode,183,1850748,0.9484949880768555,1851159,183,4674.692993023068,4182,0,0,4182,2,0,0,0.0
6709,1777472979.3255496,decode,183,1851114,0.9486825604344299,1850931,183,4674.692993023068,4182,0,0,4182,0,0,0,0.0
6710,1777472979.362945,decode,183,1851297,0.9487763466132171,1851114,183,4674.692993023068,4184,0,0,4184,0,0,0,0.0
6711,1777472979.4011326,decode,183,1800458,0.9227217261576828,1851297,183,4674.692993023068,4185,0,0,4185,0,0,0,0.0
6712,1777472979.4384167,decode,183,1850458,0.9483463651705807,1851480,183,4674.692993023068,4187,0,0,4187,5,0,0,0.0
6714,1777472979.488439,decode,183,1850824,0.9485339375281551,1850641,183,4674.692993023068,4184,0,0,4184,0,0,0,0.0
6715,1777472979.5252657,decode,183,1851007,0.9486277237069423,1850824,183,4674.692993023068,4186,0,0,4186,0,0,0,0.0
6716,1777472979.5624347,decode,183,1851190,0.9487215098857295,1851007,183,4674.692993023068,4188,0,0,4188,0,0,0,0.0
6717,1777472979.600181,decode,183,1830973,0.9383604433472543,1851190,183,4674.692993023068,4189,0,0,4189,0,0,0,0.0
6718,1777472979.6371922,decode,183,1850973,0.9486102989524136,1851373,183,4674.692993023068,4191,0,0,4191,2,0,0,0.0
6720,1777472979.686129,decode,183,1841139,0.9435704449513568,1851156,183,4674.692993023068,4191,0,0,4191,0,0,0,0.0
6721,1777472979.723201,decode,183,1851139,0.9486953727539363,1851339,183,4674.692993023068,4193,0,0,4193,1,0,0,0.0
6723,1777472979.7717516,decode,183,1831083,0.9384168175530827,1851322,183,4674.692993023068,4194,0,0,4194,0,0,0,0.0
6724,1777472979.808934,decode,183,1851083,0.9486666731582419,1851505,183,4674.692993023068,4196,0,0,4196,2,0,0,0.0
6726,1777472979.8573122,decode,183,1831038,0.9383937553779711,1851266,183,4674.692993023068,4196,0,0,4196,0,0,0,0.0
6727,1777472979.894625,decode,183,1851038,0.9486436109831303,1851449,183,4674.692993023068,4197,0,0,4197,2,0,0,0.0
6729,1777472979.9481962,decode,183,1841204,0.9436037569820735,1851221,183,4674.692993023068,4198,0,0,4198,0,0,0,0.0
6730,1777472979.985091,decode,183,1851204,0.9487286847846531,1851404,183,4674.692993023068,4199,0,0,4199,1,0,0,0.0
6732,1777472980.0342007,decode,183,1851570,0.9489162571422275,1851387,183,4674.692993023068,4200,0,0,4200,0,0,0,0.0
6733,1777472980.0715308,decode,183,1831342,0.9385495531831696,1851570,183,4674.692993023068,4202,0,0,4202,0,0,0,0.0
6734,1777472980.10864,decode,183,1851342,0.9487994087883287,1851753,183,4674.692993023068,4204,0,0,4204,2,0,0,0.0
6736,1777472980.1577952,decode,183,1831308,0.9385321284286408,1851525,183,4674.692993023068,4204,0,0,4204,0,0,0,0.0
6737,1777472980.194742,decode,183,1851308,0.9487819840337999,1851708,183,4674.692993023068,4206,0,0,4206,2,0,0,0.0
6739,1777472980.2430816,decode,183,1851674,0.9489695563913744,1851491,183,4674.692993023068,4206,0,0,4206,0,0,0,0.0
6740,1777472980.281166,decode,183,1851857,0.9490633425701616,1851674,183,4674.692993023068,4208,0,0,4208,0,0,0,0.0
6741,1777472980.318621,decode,183,1831640,0.9387022760316864,1851857,183,4674.692993023068,4209,0,0,4209,0,0,0,0.0
6742,1777472980.3556507,decode,183,1851640,0.9489521316368456,1852040,183,4674.692993023068,4211,0,0,4211,2,0,0,0.0
6744,1777472980.4042516,decode,183,1841795,0.943906640215206,1851823,183,4674.692993023068,4211,0,0,4211,0,0,0,0.0
6745,1777472980.4414177,decode,183,1851795,0.9490315680177855,1852006,183,4674.692993023068,4213,0,0,4213,1,0,0,0.0
6747,1777472980.489576,decode,183,1852161,0.9492191403753599,1851978,183,4674.692993023068,4214,0,0,4214,0,0,0,0.0
6748,1777472980.5273457,decode,183,1842133,0.9440798627749332,1852161,183,4674.692993023068,4215,0,0,4215,0,0,0,0.0
6749,1777472980.564515,decode,183,1852133,0.9492047905775127,1852344,183,4674.692993023068,4217,0,0,4217,1,0,0,0.0
6751,1777472980.6134083,decode,183,1842288,0.9441592991558732,1852316,183,4674.692993023068,4218,0,0,4218,0,0,0,0.0
6752,1777472980.6524644,decode,183,1852288,0.9492842269584527,1852499,183,4674.692993023068,4220,0,0,4220,1,0,0,0.0
6754,1777472980.702689,decode,183,1852654,0.9494717993160271,1852471,183,4674.692993023068,4221,0,0,4221,0,0,0,0.0
6755,1777472980.7401466,decode,183,1852837,0.9495655854948143,1852654,183,4674.692993023068,4222,0,0,4222,0,0,0,0.0
6756,1777472980.7782207,decode,183,1822409,0.9339714551771252,1852837,183,4674.692993023068,4224,0,0,4224,0,0,0,0.0
6757,1777472980.8152792,decode,183,1852409,0.9493462385848639,1853020,183,4674.692993023068,4226,0,0,4226,3,0,0,0.0
6759,1777472980.863888,decode,183,1822164,0.933845894445962,1852592,183,4674.692993023068,4225,0,0,4225,0,0,0,0.0
6760,1777472980.9011192,decode,183,1852164,0.9492206778537008,1852775,183,4674.692993023068,4227,0,0,4227,3,0,0,0.0
6762,1777472980.9493618,decode,183,1852530,0.9494082502112752,1852347,183,4376.910615889966,4226,0,0,4226,0,0,0,0.0
6763,1777472980.9872086,decode,183,1832302,0.9390415462522171,1852530,183,4376.910615889966,4227,0,0,4227,0,0,0,0.0
6764,1777472981.0244431,decode,183,1852302,0.9492914018573764,1852713,183,4376.910615889966,4229,0,0,4229,2,0,0,0.0
6766,1777472981.079464,decode,183,1811857,0.9285636313598432,1852485,183,4376.910615889966,4229,0,0,4229,0,0,0,0.0
6767,1777472981.1160984,decode,183,1851857,0.9490633425701616,1852668,183,4376.910615889966,4231,0,0,4231,4,0,0,0.0
6769,1777472981.165444,decode,183,1831823,0.9387960622104736,1852040,183,4376.910615889966,4229,0,0,4229,0,0,0,0.0
6770,1777472981.2026749,decode,183,1851823,0.9490459178156327,1852223,183,4376.910615889966,4231,0,0,4231,2,0,0,0.0
6772,1777472981.2518342,decode,183,1811345,0.9283012350563511,1852006,183,4376.910615889966,4231,0,0,4231,0,0,0,0.0
6773,1777472981.2887955,decode,183,1851345,0.9488009462666694,1852189,183,4376.910615889966,4233,0,0,4233,4,0,0,0.0
6775,1777472981.3373258,decode,183,1841511,0.9437610922656127,1851528,183,4376.910615889966,4231,0,0,4231,0,0,0,0.0
6776,1777472981.3745258,decode,183,1851511,0.9488860200681923,1851711,183,4376.910615889966,4233,0,0,4233,1,0,0,0.0
6778,1777472981.422659,decode,183,1851877,0.9490735924257667,1851694,183,4376.910615889966,4234,0,0,4234,0,0,0,0.0
6779,1777472981.4603865,decode,183,1831649,0.9387068884667087,1851877,183,4376.910615889966,4235,0,0,4235,0,0,0,0.0
6780,1777472981.4976456,decode,183,1851649,0.9489567440718679,1852060,183,4376.910615889966,4237,0,0,4237,2,0,0,0.0
6782,1777472981.5467362,decode,183,1821393,0.9334507625123831,1851832,183,4376.910615889966,4237,0,0,4237,0,0,0,0.0
6783,1777472981.5837724,decode,183,1851393,0.9488255459201218,1852015,183,4376.910615889966,4239,0,0,4239,3,0,0,0.0
6785,1777472981.6330626,decode,183,1800748,0.9228703490639576,1851576,183,4376.910615889966,4238,0,0,4238,0,0,0,0.0
6786,1777472981.6701522,decode,183,1850748,0.9484949880768555,1851759,183,4376.910615889966,4240,0,0,4240,5,0,0,0.0
6788,1777472981.7190669,decode,183,1820492,0.9329890065173707,1850931,183,4376.910615889966,4237,0,0,4237,0,0,0,0.0
6789,1777472981.7559931,decode,183,1850492,0.9483637899251094,1851114,183,4376.910615889966,4239,0,0,4239,3,0,0,0.0
6791,1777472981.8047774,decode,183,1810047,0.9276360194275763,1850675,183,4376.910615889966,4238,0,0,4238,0,0,0,0.0
6792,1777472981.8417068,decode,183,1850047,0.9481357306378947,1850858,183,4376.910615889966,4239,0,0,4239,4,0,0,0.0
6794,1777472981.890127,decode,183,1850413,0.9483233029954691,1850230,183,4376.910615889966,4238,0,0,4238,0,0,0,0.0
6795,1777472981.92798,decode,183,1830185,0.937956599036411,1850413,183,4376.910615889966,4239,0,0,4239,0,0,0,0.0
6796,1777472981.9651258,decode,183,1850185,0.9482064546415703,1850596,183,4376.910615889966,4241,0,0,4241,2,0,0,0.0
6798,1777472982.014319,decode,183,1809718,0.9274674093028714,1850368,183,4376.910615889966,4241,0,0,4241,0,0,0,0.0
6799,1777472982.0511491,decode,183,1849718,0.9479671205131898,1850551,183,4376.910615889966,4243,0,0,4243,4,0,0,0.0
6801,1777472982.0999143,decode,183,1819473,0.9324667763742879,1849901,183,4376.910615889966,4241,0,0,4241,0,0,0,0.0
6802,1777472982.1371746,decode,183,1849473,0.9478415597820266,1850084,183,4376.910615889966,4243,0,0,4243,3,0,0,0.0
6804,1777472982.1859844,decode,183,1819217,0.9323355782225418,1849656,183,4376.910615889966,4242,0,0,4242,0,0,0,0.0
6805,1777472982.2229745,decode,183,1849217,0.9477103616302806,1849839,183,4376.910615889966,4244,0,0,4244,3,0,0,0.0
6807,1777472982.271416,decode,183,1839372,0.942664870208641,1849400,183,4376.910615889966,4243,0,0,4243,0,0,0,0.0
6808,1777472982.3086898,decode,183,1849372,0.9477897980112205,1849583,183,4376.910615889966,4244,0,0,4244,1,0,0,0.0
6810,1777472982.3579237,decode,183,1849738,0.9479773703687949,1849555,183,4376.910615889966,4245,0,0,4245,0,0,0,0.0
6811,1777472982.3950114,decode,183,1849921,0.9480711565475821,1849738,183,4376.910615889966,4247,0,0,4247,0,0,0,0.0
6812,1777472982.4324315,decode,183,1850104,0.9481649427263693,1849921,183,4376.910615889966,4249,0,0,4249,0,0,0,0.0
6813,1777472982.4703112,decode,183,1819676,0.9325708124086802,1850104,183,4376.910615889966,4250,0,0,4250,0,0,0,0.0
6814,1777472982.5073435,decode,183,1849676,0.9479455958164189,1850287,183,4376.910615889966,4252,0,0,4252,3,0,0,0.0
6816,1777472982.5563045,decode,183,1829631,0.9376726780361482,1849859,183,4376.910615889966,4251,0,0,4251,0,0,0,0.0
6817,1777472982.5935352,decode,183,1849631,0.9479225336413073,1850042,183,4376.910615889966,4253,0,0,4253,2,0,0,0.0
6819,1777472982.6427324,decode,183,1839786,0.9428770422196677,1849814,183,4322.751010417778,4253,0,0,4253,0,0,0,0.0
6820,1777472982.6795177,decode,183,1849786,0.9480019700222473,1849997,183,4322.751010417778,4255,0,0,4255,1,0,0,0.0
6822,1777472982.728429,decode,183,1809330,0.9272685621041313,1849969,183,4322.751010417778,4256,0,0,4256,0,0,0,0.0
6823,1777472982.7654488,decode,183,1849330,0.9477682733144497,1850152,183,4322.751010417778,4258,0,0,4258,4,0,0,0.0
6825,1777472982.8243809,decode,183,1849696,0.9479558456720241,1849513,183,4322.751010417778,4256,0,0,4256,0,0,0,0.0
6826,1777472982.8615527,decode,183,1849879,0.9480496318508113,1849696,183,4322.751010417778,4258,0,0,4258,0,0,0,0.0
6827,1777472982.8988886,decode,183,1850062,0.9481434180295986,1849879,183,4322.751010417778,4259,0,0,4259,0,0,0,0.0
6828,1777472982.9367564,decode,183,1819623,0.9325436502913266,1850062,183,4322.751010417778,4261,0,0,4261,0,0,0,0.0
6829,1777472982.9737475,decode,183,1849623,0.9479184336990653,1850245,183,4322.751010417778,4263,0,0,4263,3,0,0,0.0
6831,1777472983.0222793,decode,183,1839778,0.9428729422774257,1849806,183,4322.751010417778,4262,0,0,4262,0,0,0,0.0
6832,1777472983.0597723,decode,183,1839579,0.9427709562141543,1849989,183,4322.751010417778,4263,0,0,4263,1,0,0,0.0
6835,1777472983.1184452,decode,183,1839734,0.9428503925950943,1849762,183,4322.751010417778,4264,0,0,4264,0,0,0,0.0
6836,1777472983.1555243,decode,183,1849734,0.9479753203976738,1849945,183,4322.751010417778,4266,0,0,4266,1,0,0,0.0
6838,1777472983.2039938,decode,183,1839889,0.9429298289760343,1849917,183,4322.751010417778,4267,0,0,4267,0,0,0,0.0
6839,1777472983.2414756,decode,183,1849889,0.9480547567786138,1850100,183,4322.751010417778,4269,0,0,4269,1,0,0,0.0
6841,1777472983.2909622,decode,183,1850255,0.9482423291361883,1850072,183,4322.751010417778,4270,0,0,4270,0,0,0,0.0
6842,1777472983.329248,decode,183,1779016,0.9117328559633916,1850255,183,4322.751010417778,4271,0,0,4271,0,0,0,0.0
6843,1777472983.3663733,decode,183,1849016,0.9476073505814487,1850438,183,4322.751010417778,4273,0,0,4273,7,0,0,0.0
6845,1777472983.4162524,decode,183,1788149,0.9164134525254876,1849199,183,4322.751010417778,4268,0,0,4268,0,0,0,0.0
6846,1777472983.4531403,decode,183,1848149,0.947163019340965,1849382,183,4322.751010417778,4270,0,0,4270,6,0,0,0.0
6848,1777472983.5019143,decode,183,1848515,0.9473505916985394,1848332,183,4322.751010417778,4266,0,0,4266,0,0,0,0.0
6849,1777472983.5392363,decode,183,1848698,0.9474443778773266,1848515,183,4322.751010417778,4268,0,0,4268,0,0,0,0.0
6850,1777472983.576742,decode,183,1848881,0.9475381640561139,1848698,183,4322.751010417778,4270,0,0,4270,0,0,0,0.0
6851,1777472983.6189804,decode,183,1838864,0.9424045238762699,1848881,183,4322.751010417778,4271,0,0,4271,0,0,0,0.0
6852,1777472983.6522295,decode,183,1848864,0.9475294516788495,1849064,183,4322.751010417778,4273,0,0,4273,1,0,0,0.0
6854,1777472983.7011628,decode,183,1839019,0.9424839602572099,1849047,183,4322.751010417778,4273,0,0,4273,0,0,0,0.0
6855,1777472983.7384071,decode,183,1849019,0.9476088880597895,1849230,183,4322.751010417778,4275,0,0,4275,1,0,0,0.0
6857,1777472983.78814,decode,183,1767741,0.9059544998659831,1849202,183,4322.751010417778,4276,0,0,4276,0,0,0,0.0
6858,1777472983.8251746,decode,183,1837542,0.9417270084207688,1849385,183,4322.751010417778,4278,0,0,4278,8,0,0,0.0
6861,1777472983.8808057,decode,183,1837697,0.9418064448017088,1847725,183,4322.751010417778,4271,0,0,4271,0,0,0,0.0
6862,1777472983.9182928,decode,183,1837498,0.9417044587384376,1847908,183,4322.751010417778,4273,0,0,4273,1,0,0,0.0
6865,1777472983.9729714,decode,183,1847864,0.9470169588985915,1847681,183,4322.751010417778,4274,0,0,4274,0,0,0,0.0
6866,1777472984.0112038,decode,183,1797014,0.9209567010224744,1847864,183,4322.751010417778,4275,0,0,4275,0,0,0,0.0
6867,1777472984.0481431,decode,183,1847014,0.9465813400353722,1848047,183,4322.751010417778,4277,0,0,4277,5,0,0,0.0
6869,1777472984.097136,decode,183,1837169,0.9415358486137326,1847197,183,4322.751010417778,4274,0,0,4274,0,0,0,0.0
6870,1777472984.1342876,decode,183,1847169,0.9466607764163122,1847380,183,4322.751010417778,4276,0,0,4276,1,0,0,0.0
6872,1777472984.182449,decode,183,1847535,0.9468483487738867,1847352,183,4322.751010417778,4277,0,0,4277,0,0,0,0.0
6873,1777472984.2198586,decode,183,1847718,0.9469421349526739,1847535,183,4322.751010417778,4279,0,0,4279,0,0,0,0.0
6874,1777472984.2585196,decode,183,1735624,0.8894947692424383,1847718,183,4322.751010417778,4280,0,0,4280,0,0,0,0.0
6875,1777472984.2956781,decode,183,1815005,0.9301769586320953,1847901,183,4322.751010417778,4282,0,0,4282,11,0,0,0.0
6878,1777472984.3540137,decode,183,1855188,0.9507704560212008,1845188,183,4277.487318361842,4271,0,0,4271,1,0,0,0.0
6880,1777472984.4043367,decode,184,1845345,0.9457259895851218,1855372,184,4277.487318361842,4272,0,0,4272,0,0,0,0.0
6881,1777472984.441658,decode,184,1855345,0.9508509173877013,1855556,184,4277.487318361842,4274,0,0,4274,1,0,0,0.0
6883,1777472984.4916081,decode,184,1835313,0.9405846620135739,1855529,184,4277.487318361842,4275,0,0,4275,0,0,0,0.0
6884,1777472984.528365,decode,184,1845103,0.9456019663322993,1855713,184,4277.487318361842,4276,0,0,4276,2,0,0,0.0
6887,1777472984.5835896,decode,184,1855471,0.9509154914780138,1855287,184,4277.487318361842,4276,0,0,4276,0,0,0,0.0
6888,1777472984.6211843,decode,184,1855655,0.9510097901495813,1855471,184,4277.487318361842,4277,0,0,4277,0,0,0,0.0
6889,1777472984.6586688,decode,184,1855839,0.9511040888211487,1855655,184,4277.487318361842,4279,0,0,4279,0,0,0,0.0
6890,1777472984.6963112,decode,184,1856023,0.9511983874927162,1855839,184,4277.487318361842,4281,0,0,4281,0,0,0,0.0
6891,1777472984.7349563,decode,184,1754152,0.8989902354750577,1856023,184,4277.487318361842,4282,0,0,4282,0,0,0,0.0
6892,1777472984.7741861,decode,184,1844152,0.945114585698274,1856207,184,4277.487318361842,4284,0,0,4284,9,0,0,0.0
6894,1777472984.8238256,decode,183,1854335,0.9503332996796408,1844335,183,4277.487318361842,4277,0,0,4277,1,0,0,0.0
6896,1777472984.873767,decode,184,1854703,0.9505218970227757,1854519,184,4277.487318361842,4278,0,0,4278,0,0,0,0.0
6897,1777472984.9112325,decode,184,1854887,0.9506161956943432,1854703,184,4277.487318361842,4280,0,0,4280,0,0,0,0.0
6898,1777472984.9491305,decode,184,1834649,0.9402443668074826,1854887,184,4277.487318361842,4282,0,0,4282,0,0,0,0.0
6899,1777472984.9864101,decode,184,1854649,0.9504942224126418,1855071,184,4277.487318361842,4284,0,0,4284,2,0,0,0.0
6901,1777472985.035178,decode,184,1824395,0.9349892658387174,1854833,184,4277.487318361842,4284,0,0,4284,0,0,0,0.0
6902,1777472985.072309,decode,184,1854395,0.9503640492464562,1855017,184,4277.487318361842,4285,0,0,4285,3,0,0,0.0
6904,1777472985.121151,decode,184,1854763,0.9505526465895912,1854579,184,4277.487318361842,4285,0,0,4285,0,0,0,0.0
6905,1777472985.15862,decode,184,1854947,0.9506469452611587,1854763,184,4277.487318361842,4286,0,0,4286,0,0,0,0.0
6906,1777472985.1966329,decode,184,1814298,0.929814626236453,1854947,184,4277.487318361842,4288,0,0,4288,0,0,0,0.0
6907,1777472985.234001,decode,184,1844088,0.9450817861603374,1855131,184,4277.487318361842,4290,0,0,4290,4,0,0,0.0
6910,1777472985.292469,decode,184,1854456,0.9503953113060519,1854272,184,4277.487318361842,4287,0,0,4287,0,0,0,0.0
6911,1777472985.3299742,decode,184,1854640,0.9504896099776194,1854456,184,4277.487318361842,4289,0,0,4289,0,0,0,0.0
6912,1777472985.3674817,decode,184,1854824,0.950583908649187,1854640,184,4277.487318361842,4291,0,0,4291,0,0,0,0.0
6913,1777472985.4053547,decode,184,1844797,0.9454451435415404,1854824,184,4277.487318361842,4292,0,0,4292,0,0,0,0.0
6914,1777472985.4426045,decode,184,1854797,0.95057007134412,1855008,184,4277.487318361842,4294,0,0,4294,1,0,0,0.0
6916,1777472985.4918997,decode,184,1804143,0.9246102620529333,1854981,184,4277.487318361842,4295,0,0,4295,0,0,0,0.0
6917,1777472985.5288997,decode,184,1854143,0.9502349010658312,1855165,184,4277.487318361842,4297,0,0,4297,5,0,0,0.0
6919,1777472985.5775137,decode,184,1854511,0.9504234984089661,1854327,184,4277.487318361842,4294,0,0,4294,0,0,0,0.0
6920,1777472985.6149244,decode,184,1854695,0.9505177970805336,1854511,184,4277.487318361842,4296,0,0,4296,0,0,0,0.0
6921,1777472985.6527014,decode,184,1844668,0.9453790319728871,1854695,184,4277.487318361842,4297,0,0,4297,0,0,0,0.0
6922,1777472985.690007,decode,184,1854668,0.9505039597754666,1854879,184,4277.487318361842,4299,0,0,4299,1,0,0,0.0
6924,1777472985.7389803,decode,184,1844836,0.9454651307599704,1854852,184,4277.487318361842,4300,0,0,4300,0,0,0,0.0
6925,1777472985.776183,decode,184,1854836,0.95059005856255,1855036,184,4277.487318361842,4302,0,0,4302,1,0,0,0.0
6927,1777472985.824984,decode,184,1855204,0.9507786559056849,1855020,184,4277.487318361842,4303,0,0,4303,0,0,0,0.0
6928,1777472985.862462,decode,184,1855388,0.9508729545772524,1855204,184,4277.487318361842,4305,0,0,4305,0,0,0,0.0
6929,1777472985.9000509,decode,184,1855572,0.9509672532488198,1855388,184,4277.487318361842,4306,0,0,4306,0,0,0,0.0
6930,1777472985.9380388,decode,184,1825145,0.9353736354239109,1855572,184,4277.487318361842,4308,0,0,4308,0,0,0,0.0
6931,1777472985.9754472,decode,184,1844946,0.9455215049657988,1855756,184,4277.487318361842,4310,0,0,4310,3,0,0,0.0
6934,1777472986.1196935,decode,184,1845103,0.9456019663322993,1855130,184,4167.814982581331,4312,0,0,4312,0,0,0,0.0
6935,1777472986.1564295,decode,184,1855103,0.9507268941348789,1855314,184,4167.814982581331,4313,0,0,4313,1,0,0,0.0
6937,1777472986.2051835,decode,184,1855471,0.9509154914780138,1855287,184,4167.814982581331,4314,0,0,4314,0,0,0,0.0
6938,1777472986.2425826,decode,184,1855655,0.9510097901495813,1855471,184,4167.814982581331,4316,0,0,4316,0,0,0,0.0
6939,1777472986.2802045,decode,184,1855839,0.9511040888211487,1855655,184,4167.814982581331,4318,0,0,4318,0,0,0,0.0
6940,1777472986.317799,decode,184,1856023,0.9511983874927162,1855839,184,4167.814982581331,4319,0,0,4319,0,0,0,0.0
6941,1777472986.3552935,decode,184,1856207,0.9512926861642836,1856023,184,4167.814982581331,4321,0,0,4321,0,0,0,0.0
6942,1777472986.3931065,decode,184,1846180,0.9461539210566371,1856207,184,4167.814982581331,4323,0,0,4323,0,0,0,0.0
6943,1777472986.4304612,decode,184,1856180,0.9512788488592167,1856391,184,4167.814982581331,4325,0,0,4325,1,0,0,0.0
6945,1777472986.4794757,decode,184,1836126,0.9410013186439236,1856364,184,4167.814982581331,4326,0,0,4326,0,0,0,0.0
6946,1777472986.516941,decode,184,1846126,0.9461262464465032,1856548,184,4167.814982581331,4327,0,0,4327,1,0,0,0.0
6948,1777472986.5685606,decode,183,1846110,0.946118046562019,1846309,183,4167.814982581331,4328,0,0,4328,1,0,0,0.0
6951,1777472986.6265643,decode,184,1856478,0.9514315717077335,1856294,184,4167.814982581331,4329,0,0,4329,0,0,0,0.0
6952,1777472986.664141,decode,184,1856662,0.951525870379301,1856478,184,4167.814982581331,4330,0,0,4330,0,0,0,0.0
6953,1777472986.701628,decode,184,1856846,0.9516201690508685,1856662,184,4167.814982581331,4332,0,0,4332,0,0,0,0.0
6954,1777472986.7394693,decode,184,1846819,0.946481403943222,1856846,184,4167.814982581331,4334,0,0,4334,0,0,0,0.0
6955,1777472986.7768092,decode,184,1847002,0.9465751901220092,1857030,183,4167.814982581331,4335,0,0,4335,0,0,0,0.0
6956,1777472986.8142574,decode,183,1857002,0.9517001179245888,1847002,183,4167.814982581331,4337,0,0,4337,1,0,0,0.0
6958,1777472986.86294,decode,184,1857370,0.9518887152677237,1857186,184,4167.814982581331,4338,0,0,4338,0,0,0,0.0
6959,1777472986.900516,decode,184,1857554,0.9519830139392911,1857370,184,4167.814982581331,4340,0,0,4340,0,0,0,0.0
6960,1777472986.9380693,decode,184,1857738,0.9520773126108586,1857554,184,4167.814982581331,4341,0,0,4341,0,0,0,0.0
6961,1777472986.9768689,decode,184,1847722,0.9469441849237948,1857738,184,4167.814982581331,4343,0,0,4343,0,0,0,0.0
6962,1777472987.0135899,decode,184,1847905,0.9470379711025821,1857922,183,4167.814982581331,4345,0,0,4345,0,0,0,0.0
6963,1777472987.0507934,decode,183,1848088,0.9471317572813693,1847905,183,4167.814982581331,4346,0,0,4346,0,0,0,0.0
6964,1777472987.0883331,decode,183,1848271,0.9472255434601565,1848088,183,4167.814982581331,4348,0,0,4348,0,0,0,0.0
6965,1777472987.1256437,decode,183,1848454,0.9473193296389437,1848271,183,4167.814982581331,4350,0,0,4350,0,0,0,0.0
6966,1777472987.163094,decode,183,1848637,0.9474131158177309,1848454,183,4167.814982581331,4351,0,0,4351,0,0,0,0.0
6967,1777472987.200547,decode,183,1848820,0.9475069019965181,1848637,183,4167.814982581331,4353,0,0,4353,0,0,0,0.0
6968,1777472987.2382197,decode,183,1849003,0.9476006881753053,1848820,183,4167.814982581331,4355,0,0,4355,0,0,0,0.0
6969,1777472987.2755015,decode,183,1849186,0.9476944743540925,1849003,183,4167.814982581331,4356,0,0,4356,0,0,0,0.0
6970,1777472987.313366,decode,183,1849369,0.9477882605328798,1849186,183,4167.814982581331,4358,0,0,4358,0,0,0,0.0
6971,1777472987.3508828,decode,183,1849552,0.947882046711667,1849369,183,4167.814982581331,4360,0,0,4360,0,0,0,0.0
6972,1777472987.3896518,decode,183,1819124,0.9322879163939778,1849552,183,4167.814982581331,4361,0,0,4361,0,0,0,0.0
6973,1777472987.4260752,decode,183,1849124,0.9476626998017166,1849735,183,4167.814982581331,4363,0,0,4363,3,0,0,0.0
6975,1777472987.4760838,decode,183,1849490,0.947850272159291,1849307,183,4167.814982581331,4362,0,0,4362,0,0,0,0.0
6976,1777472987.5133924,decode,183,1849673,0.9479440583380782,1849490,183,4167.814982581331,4364,0,0,4364,0,0,0,0.0
6977,1777472987.5509841,decode,183,1849856,0.9480378445168653,1849673,183,4167.814982581331,4365,0,0,4365,0,0,0,0.0
6978,1777472987.5887363,decode,183,1850039,0.9481316306956525,1849856,183,4167.814982581331,4367,0,0,4367,0,0,0,0.0
6979,1777472987.6263244,decode,183,1850222,0.9482254168744397,1850039,183,4167.814982581331,4369,0,0,4369,0,0,0,0.0
6980,1777472987.6635687,decode,183,1840194,0.943086139274013,1850222,183,4167.814982581331,4370,0,0,4370,0,0,0,0.0
6981,1777472987.7005837,decode,183,1850194,0.9482110670765925,1850405,183,4642.9419169869025,4372,0,0,4372,1,0,0,0.0
6983,1777472987.7504878,decode,183,1850560,0.948398639434167,1850377,183,4642.9419169869025,4373,0,0,4373,0,0,0,0.0
6984,1777472987.7892854,decode,183,1850743,0.9484924256129542,1850560,183,4642.9419169869025,4375,0,0,4375,0,0,0,0.0
6985,1777472987.8267107,decode,183,1810126,0.9276765063572167,1850743,183,4642.9419169869025,4376,0,0,4376,0,0,0,0.0
6986,1777472987.8633213,decode,183,1850126,0.948176217567535,1850926,183,4642.9419169869025,4378,0,0,4378,4,0,0,0.0
6988,1777472987.9126978,decode,183,1850492,0.9483637899251094,1850309,183,4642.9419169869025,4376,0,0,4376,0,0,0,0.0
6989,1777472987.9501567,decode,183,1850675,0.9484575761038966,1850492,183,4642.9419169869025,4378,0,0,4378,0,0,0,0.0
6990,1777472987.9876335,decode,183,1850858,0.9485513622826839,1850675,183,4642.9419169869025,4380,0,0,4380,0,0,0,0.0
6991,1777472988.0254688,decode,183,1830641,0.9381902957442088,1850858,183,4642.9419169869025,4381,0,0,4381,0,0,0,0.0
6992,1777472988.0626826,decode,183,1850641,0.9484401513493679,1851041,183,4642.9419169869025,4383,0,0,4383,2,0,0,0.0
6994,1777472988.1120694,decode,183,1830585,0.9381615961485142,1850824,183,4642.9419169869025,4383,0,0,4383,0,0,0,0.0
6995,1777472988.1491323,decode,183,1850585,0.9484114517536735,1851007,183,4642.9419169869025,4385,0,0,4385,2,0,0,0.0
6997,1777472988.1978512,decode,183,1840751,0.9433715977526167,1850768,183,4642.9419169869025,4385,0,0,4385,0,0,0,0.0
6998,1777472988.2350621,decode,183,1850751,0.9484965255551963,1850951,183,4642.9419169869025,4387,0,0,4387,1,0,0,0.0
7000,1777472988.2838218,decode,183,1840906,0.9434510341335567,1850934,183,4642.9419169869025,4388,0,0,4388,0,0,0,0.0
7001,1777472988.322133,decode,183,1850906,0.9485759619361362,1851117,183,4642.9419169869025,4390,0,0,4390,1,0,0,0.0
7003,1777472988.3722181,decode,183,1841072,0.9435361079350795,1851089,183,4642.9419169869025,4391,0,0,4391,0,0,0,0.0
7004,1777472988.409397,decode,183,1851072,0.948661035737659,1851272,183,4642.9419169869025,4392,0,0,4392,1,0,0,0.0
7006,1777472988.4584556,decode,183,1851438,0.9488486080952334,1851255,183,4642.9419169869025,4393,0,0,4393,0,0,0,0.0
7007,1777472988.4961357,decode,183,1841421,0.9437149679153894,1851438,183,4642.9419169869025,4395,0,0,4395,0,0,0,0.0
7008,1777472988.5333369,decode,183,1851421,0.9488398957179691,1851621,183,4642.9419169869025,4397,0,0,4397,1,0,0,0.0
7010,1777472988.5844743,decode,183,1831376,0.9385669779376983,1851604,183,4642.9419169869025,4398,0,0,4398,0,0,0,0.0
7011,1777472988.6206121,decode,183,1851376,0.9488168335428575,1851787,183,4642.9419169869025,4400,0,0,4400,2,0,0,0.0
7013,1777472988.670499,decode,183,1841531,0.9437713421212178,1851559,183,4642.9419169869025,4400,0,0,4400,0,0,0,0.0
7014,1777472988.707608,decode,183,1851531,0.9488962699237975,1851742,183,4642.9419169869025,4402,0,0,4402,1,0,0,0.0
7016,1777472988.7565453,decode,183,1831475,0.9386177147229439,1851714,183,4642.9419169869025,4403,0,0,4403,0,0,0,0.0
7017,1777472988.7937994,decode,183,1851475,0.948867570328103,1851897,183,4642.9419169869025,4404,0,0,4404,2,0,0,0.0
7019,1777472988.8477488,decode,183,1851841,0.9490551426856774,1851658,183,4642.9419169869025,4405,0,0,4405,0,0,0,0.0
7020,1777472988.884826,decode,183,1852024,0.9491489288644647,1851841,183,4642.9419169869025,4406,0,0,4406,0,0,0,0.0
7021,1777472988.922311,decode,183,1852207,0.9492427150432519,1852024,183,4642.9419169869025,4408,0,0,4408,0,0,0,0.0
7022,1777472988.9599285,decode,183,1842179,0.944103437442825,1852207,183,4642.9419169869025,4410,0,0,4410,0,0,0,0.0
7023,1777472988.997073,decode,183,1852179,0.9492283652454047,1852390,183,4642.9419169869025,4411,0,0,4411,1,0,0,0.0
7025,1777472989.046428,decode,183,1832134,0.9389554474651338,1852362,183,4642.9419169869025,4412,0,0,4412,0,0,0,0.0
7026,1777472989.0835032,decode,183,1852134,0.949205303070293,1852545,183,4642.9419169869025,4414,0,0,4414,2,0,0,0.0
7028,1777472989.1323488,decode,183,1852500,0.9493928754278674,1852317,183,4642.9419169869025,4414,0,0,4414,0,0,0,0.0
7029,1777472989.1699424,decode,183,1852683,0.9494866616066546,1852500,183,4642.9419169869025,4416,0,0,4416,0,0,0,0.0
7030,1777472989.2078836,decode,183,1822244,0.9338868938683826,1852683,183,4642.9419169869025,4418,0,0,4418,0,0,0,0.0
7031,1777472989.2450838,decode,183,1852244,0.9492616772761213,1852866,183,4642.9419169869025,4419,0,0,4419,3,0,0,0.0
7033,1777472989.2944627,decode,183,1832199,0.9389887594958506,1852427,183,4642.9419169869025,4419,0,0,4419,0,0,0,0.0
7034,1777472989.3315394,decode,183,1852199,0.9492386151010098,1852610,183,4642.9419169869025,4420,0,0,4420,2,0,0,0.0
7036,1777472989.3804483,decode,183,1852565,0.9494261874585842,1852382,183,4357.496330158318,4420,0,0,4420,0,0,0,0.0
7037,1777472989.4181795,decode,183,1842537,0.9442869098581573,1852565,183,4357.496330158318,4422,0,0,4422,0,0,0,0.0
7038,1777472989.4554358,decode,183,1852537,0.949411837660737,1852748,183,4357.496330158318,4424,0,0,4424,1,0,0,0.0
7040,1777472989.5049791,decode,183,1822303,0.9339171309424178,1852720,183,4357.496330158318,4425,0,0,4425,0,0,0,0.0
7041,1777472989.5438564,decode,183,1852303,0.9492919143501566,1852903,183,4357.496330158318,4427,0,0,4427,3,0,0,0.0
7043,1777472989.5949414,decode,183,1832269,0.9390246339904686,1852486,183,4357.496330158318,4425,0,0,4425,0,0,0,0.0
7044,1777472989.6321757,decode,183,1852269,0.9492744895956278,1852669,183,4357.496330158318,4427,0,0,4427,2,0,0,0.0
7046,1777472989.6817613,decode,183,1801613,0.9233136553188807,1852452,183,4357.496330158318,4427,0,0,4427,0,0,0,0.0
7047,1777472989.7188075,decode,183,1851613,0.9489382943317786,1852635,183,4357.496330158318,4429,0,0,4429,5,0,0,0.0
7049,1777472989.7682707,decode,183,1821357,0.9334323127722938,1851796,183,4357.496330158318,4426,0,0,4426,0,0,0,0.0
7050,1777472989.8054228,decode,183,1851357,0.9488070961800326,1851979,183,4357.496330158318,4428,0,0,4428,3,0,0,0.0
7052,1777472989.854138,decode,183,1851723,0.948994668537607,1851540,183,4357.496330158318,4427,0,0,4427,0,0,0,0.0
7053,1777472989.8921115,decode,183,1811084,0.9281674744407038,1851723,183,4357.496330158318,4429,0,0,4429,0,0,0,0.0
7054,1777472989.9293253,decode,183,1851084,0.9486671856510221,1851906,183,4357.496330158318,4430,0,0,4430,4,0,0,0.0
7056,1777472989.9785283,decode,183,1820839,0.9331668415121201,1851267,183,4357.496330158318,4429,0,0,4429,0,0,0,0.0
7057,1777472990.0156555,decode,183,1850839,0.9485416249198589,1851450,183,4357.496330158318,4430,0,0,4430,3,0,0,0.0
7059,1777472990.0649426,decode,183,1820605,0.9330469182015398,1851022,183,4357.496330158318,4429,0,0,4429,0,0,0,0.0
7060,1777472990.101941,decode,183,1850605,0.9484217016092786,1851205,183,4357.496330158318,4431,0,0,4431,3,0,0,0.0
7062,1777472990.15131,decode,183,1810160,0.9276939311117455,1850788,183,4357.496330158318,4430,0,0,4430,0,0,0,0.0
7063,1777472990.1883166,decode,183,1850160,0.9481936423220638,1850971,183,4357.496330158318,4432,0,0,4432,4,0,0,0.0
7065,1777472990.2458422,decode,183,1830126,0.9379263619623759,1850343,183,4357.496330158318,4430,0,0,4430,0,0,0,0.0
7066,1777472990.2825844,decode,183,1850126,0.948176217567535,1850526,183,4357.496330158318,4432,0,0,4432,2,0,0,0.0
7068,1777472990.3316677,decode,183,1850492,0.9483637899251094,1850309,183,4357.496330158318,4432,0,0,4432,0,0,0,0.0
7069,1777472990.3691056,decode,183,1850675,0.9484575761038966,1850492,183,4357.496330158318,4434,0,0,4434,0,0,0,0.0
7070,1777472990.4066489,decode,183,1850858,0.9485513622826839,1850675,183,4357.496330158318,4436,0,0,4436,0,0,0,0.0
7071,1777472990.444661,decode,183,1810230,0.9277298056063635,1850858,183,4357.496330158318,4437,0,0,4437,0,0,0,0.0
7072,1777472990.4817247,decode,183,1850230,0.9482295168166819,1851041,183,4357.496330158318,4439,0,0,4439,4,0,0,0.0
7074,1777472990.531337,decode,183,1819974,0.9327235352571971,1850413,183,4357.496330158318,4437,0,0,4437,0,0,0,0.0
7075,1777472990.5684063,decode,183,1849974,0.9480983186649358,1850596,183,4357.496330158318,4439,0,0,4439,3,0,0,0.0
7077,1777472990.6173441,decode,183,1840140,0.943058464663879,1850157,183,4357.496330158318,4438,0,0,4438,0,0,0,0.0
7078,1777472990.654655,decode,183,1850140,0.9481833924664587,1850340,183,4357.496330158318,4440,0,0,4440,1,0,0,0.0
7080,1777472990.7046804,decode,183,1819884,0.9326774109069739,1850323,183,4357.496330158318,4441,0,0,4441,0,0,0,0.0
7081,1777472990.741183,decode,183,1849884,0.9480521943147125,1850506,183,4357.496330158318,4442,0,0,4442,3,0,0,0.0
7083,1777472990.7905357,decode,183,1850250,0.948239766672287,1850067,183,4357.496330158318,4442,0,0,4442,0,0,0,0.0
7084,1777472990.830482,decode,183,1830011,0.9378674252926462,1850250,183,4357.496330158318,4443,0,0,4443,0,0,0,0.0
7085,1777472990.8655589,decode,183,1850011,0.9481172808978053,1850433,183,4357.496330158318,4445,0,0,4445,2,0,0,0.0
7087,1777472990.9151974,decode,183,1809566,0.9273895104002723,1850194,183,4357.496330158318,4445,0,0,4445,0,0,0,0.0
7088,1777472990.9520724,decode,183,1849566,0.9478892216105905,1850377,183,4357.496330158318,4447,0,0,4447,4,0,0,0.0
7090,1777472991.0011468,decode,183,1819310,0.9323832400511057,1849749,183,4357.496330158318,4445,0,0,4445,0,0,0,0.0
7091,1777472991.0384867,decode,183,1849310,0.9477580234588445,1849932,183,4357.496330158318,4447,0,0,4447,3,0,0,0.0
7093,1777472991.087668,decode,183,1829254,0.9374794682579909,1849493,183,4287.673391870642,4446,0,0,4446,0,0,0,0.0
7094,1777472991.1246781,decode,183,1849254,0.9477293238631501,1849676,183,4287.673391870642,4447,0,0,4447,2,0,0,0.0
7096,1777472991.173903,decode,183,1829220,0.9374620435034622,1849437,183,4287.673391870642,4448,0,0,4448,0,0,0,0.0
7097,1777472991.2108877,decode,183,1849220,0.9477118991086213,1849620,183,4287.673391870642,4449,0,0,4449,2,0,0,0.0
7099,1777472991.259646,decode,183,1849586,0.9478994714661957,1849403,183,4287.673391870642,4449,0,0,4449,0,0,0,0.0
7100,1777472991.2973044,decode,183,1849769,0.9479932576449829,1849586,183,4287.673391870642,4451,0,0,4451,0,0,0,0.0
7101,1777472991.3347564,decode,183,1849952,0.9480870438237702,1849769,183,4287.673391870642,4453,0,0,4453,0,0,0,0.0
7102,1777472991.3723917,decode,183,1839935,0.9429534036439262,1849952,183,4287.673391870642,4454,0,0,4454,0,0,0,0.0
7103,1777472991.4096098,decode,183,1849935,0.9480783314465058,1850135,183,4287.673391870642,4456,0,0,4456,1,0,0,0.0
7105,1777472991.458805,decode,183,1840090,0.9430328400248662,1850118,183,4287.673391870642,4457,0,0,4457,0,0,0,0.0
7106,1777472991.4959683,decode,183,1850090,0.9481577678274458,1850301,183,4287.673391870642,4459,0,0,4459,1,0,0,0.0
7108,1777472991.5454147,decode,183,1840245,0.9431122764058061,1850273,183,4287.673391870642,4460,0,0,4460,0,0,0,0.0
7109,1777472991.5824404,decode,183,1850245,0.9482372042083858,1850456,183,4287.673391870642,4462,0,0,4462,1,0,0,0.0
7111,1777472991.6394832,decode,183,1830189,0.9379586490075321,1850428,183,4287.673391870642,4463,0,0,4463,0,0,0,0.0
7112,1777472991.6759837,decode,183,1850189,0.9482085046126912,1850611,183,4287.673391870642,4465,0,0,4465,2,0,0,0.0
7114,1777472991.7246695,decode,183,1850555,0.9483960769702657,1850372,183,4287.673391870642,4465,0,0,4465,0,0,0,0.0
7115,1777472991.7628918,decode,183,1809938,0.9275801577145282,1850555,183,4287.673391870642,4467,0,0,4467,0,0,0,0.0
7116,1777472991.8000107,decode,183,1849938,0.9480798689248465,1850738,183,4287.673391870642,4468,0,0,4468,4,0,0,0.0
7118,1777472991.849755,decode,183,1809482,0.9273464610067306,1850121,183,4287.673391870642,4466,0,0,4466,0,0,0,0.0
7119,1777472991.886772,decode,183,1849482,0.9478461722170489,1850304,183,4287.673391870642,4468,0,0,4468,4,0,0,0.0
7121,1777472991.9361372,decode,183,1829426,0.9375676170161953,1849665,183,4287.673391870642,4466,0,0,4466,0,0,0,0.0
7122,1777472991.97332,decode,183,1849426,0.9478174726213544,1849848,183,4287.673391870642,4468,0,0,4468,2,0,0,0.0
7124,1777472992.0225222,decode,183,1839581,0.9427719811997148,1849609,183,4287.673391870642,4468,0,0,4468,0,0,0,0.0
7125,1777472992.0598545,decode,183,1839382,0.9426699951364436,1849792,183,4287.673391870642,4470,0,0,4470,1,0,0,0.0
7128,1777472992.1153543,decode,183,1839537,0.9427494315173836,1849565,183,4287.673391870642,4470,0,0,4470,0,0,0,0.0
7129,1777472992.1528597,decode,183,1839338,0.9426474454541122,1849748,183,4287.673391870642,4472,0,0,4472,1,0,0,0.0
7132,1777472992.208231,decode,183,1849704,0.9479599456142661,1849521,183,4287.673391870642,4472,0,0,4472,0,0,0,0.0
7133,1777472992.2467604,decode,183,1788654,0.9166722613795178,1849704,183,4287.673391870642,4474,0,0,4474,0,0,0,0.0
7134,1777472992.28343,decode,183,1848654,0.9474218281949953,1849887,183,4287.673391870642,4476,0,0,4476,6,0,0,0.0
7136,1777472992.333359,decode,183,1787776,0.9162222927184513,1848837,183,4287.673391870642,4472,0,0,4472,0,0,0,0.0
7137,1777472992.3702488,decode,183,1847776,0.9469718595339288,1849020,183,4287.673391870642,4474,0,0,4474,6,0,0,0.0
7139,1777472992.418843,decode,183,1848142,0.9471594318915032,1847959,183,4287.673391870642,4470,0,0,4470,0,0,0,0.0
7140,1777472992.456698,decode,183,1827925,0.9367983653530281,1848142,183,4287.673391870642,4472,0,0,4472,0,0,0,0.0
7141,1777472992.4957035,decode,183,1847925,0.9470482209581873,1848325,183,4287.673391870642,4473,0,0,4473,2,0,0,0.0
7143,1777472992.5465546,decode,183,1848291,0.9472357933157617,1848108,183,4287.673391870642,4473,0,0,4473,0,0,0,0.0
7144,1777472992.584022,decode,183,1848474,0.9473295794945489,1848291,183,4287.673391870642,4475,0,0,4475,0,0,0,0.0
7145,1777472992.621386,decode,183,1848657,0.9474233656733361,1848474,183,4287.673391870642,4476,0,0,4476,0,0,0,0.0
7146,1777472992.6589215,decode,183,1848840,0.9475171518521233,1848657,183,4287.673391870642,4478,0,0,4478,0,0,0,0.0
7147,1777472992.6982086,decode,183,1665357,0.8534834390520524,1848840,183,4287.673391870642,4480,0,0,4480,0,0,0,0.0
7148,1777472992.7458663,decode,183,1845357,0.9457321394984848,1849023,183,4287.673391870642,4481,0,0,4481,18,0,0,0.0
7150,1777472992.797628,decode,183,1855540,0.9509508534798516,1845540,183,4280.814413593718,4466,0,0,4466,1,0,0,0.0
7152,1777472992.8500724,decode,184,1855908,0.9511394508229866,1855724,184,4280.814413593718,4467,0,0,4467,0,0,0,0.0
7153,1777472992.887501,decode,184,1856092,0.951233749494554,1855908,184,4280.814413593718,4469,0,0,4469,0,0,0,0.0
7154,1777472992.9257355,decode,184,1805243,0.9251740041112171,1856092,184,4280.814413593718,4471,0,0,4471,0,0,0,0.0
7155,1777472992.9627993,decode,184,1845243,0.9456737153215354,1856276,184,4280.814413593718,4472,0,0,4472,4,0,0,0.0
7157,1777472993.01196,decode,183,1845216,0.9456598780164684,1845426,183,4280.814413593718,4471,0,0,4471,1,0,0,0.0
7160,1777472993.0715806,decode,184,1855584,0.9509734031621829,1855400,184,4280.814413593718,4471,0,0,4471,0,0,0,0.0
7161,1777472993.1091123,decode,184,1855768,0.9510677018337504,1855584,184,4280.814413593718,4473,0,0,4473,0,0,0,0.0
7162,1777472993.1466765,decode,184,1855952,0.9511620005053179,1855768,184,4280.814413593718,4475,0,0,4475,0,0,0,0.0
7163,1777472993.185069,decode,184,1805114,0.9251078925425638,1855952,184,4280.814413593718,4476,0,0,4476,0,0,0,0.0
7164,1777472993.2223082,decode,184,1824705,0.9351481386005974,1856136,184,4280.814413593718,4478,0,0,4478,4,0,0,0.0
7167,1777472993.2788923,decode,183,1854888,0.9506167081871234,1844888,183,4280.814413593718,4474,0,0,4474,1,0,0,0.0
7169,1777472993.3287992,decode,184,1845045,0.9455722417510444,1855072,184,4280.814413593718,4476,0,0,4476,0,0,0,0.0
7170,1777472993.366032,decode,184,1855045,0.9506971695536239,1855256,184,4280.814413593718,4477,0,0,4477,1,0,0,0.0
7172,1777472993.415088,decode,184,1835002,0.9404252767589136,1855229,184,4280.814413593718,4479,0,0,4479,0,0,0,0.0
7173,1777472993.4522946,decode,184,1855002,0.9506751323640729,1855413,184,4280.814413593718,4480,0,0,4480,2,0,0,0.0
7175,1777472993.501693,decode,184,1845170,0.9456363033485766,1855186,184,4280.814413593718,4480,0,0,4480,0,0,0,0.0
7176,1777472993.5387983,decode,184,1855170,0.9507612311511562,1855370,184,4280.814413593718,4482,0,0,4482,1,0,0,0.0
7178,1777472993.5891676,decode,184,1855538,0.9509498284942911,1855354,184,4280.814413593718,4483,0,0,4483,0,0,0,0.0
7179,1777472993.625978,decode,184,1855722,0.9510441271658585,1855538,184,4280.814413593718,4485,0,0,4485,0,0,0,0.0
7180,1777472993.6641295,decode,184,1784440,0.9145126168035108,1855722,184,4280.814413593718,4487,0,0,4487,0,0,0,0.0
7181,1777472993.702538,decode,184,1844440,0.9452621836189883,1855906,184,4280.814413593718,4488,0,0,4488,6,0,0,0.0
7183,1777472993.7533073,decode,183,1854623,0.950480897600355,1844623,183,4280.814413593718,4484,0,0,4484,1,0,0,0.0
7185,1777472993.8035812,decode,184,1854991,0.95066949494349,1854807,184,4280.814413593718,4486,0,0,4486,0,0,0,0.0
7186,1777472993.8410194,decode,184,1855175,0.9507637936150575,1854991,184,4280.814413593718,4487,0,0,4487,0,0,0,0.0
7187,1777472993.8787494,decode,184,1845148,0.9456250285074109,1855175,184,4280.814413593718,4489,0,0,4489,0,0,0,0.0
7188,1777472993.9161243,decode,184,1855148,0.9507499563099905,1855359,184,4280.814413593718,4491,0,0,4491,1,0,0,0.0
7190,1777472993.9654474,decode,184,1794294,0.9195627206601727,1855332,184,4280.814413593718,4492,0,0,4492,0,0,0,0.0
7191,1777472994.0024219,decode,184,1844294,0.9451873596730707,1855516,184,4280.814413593718,4494,0,0,4494,5,0,0,0.0
7193,1777472994.0513015,decode,183,1854477,0.9504060736544374,1844477,183,4280.814413593718,4491,0,0,4491,1,0,0,0.0
7195,1777472994.1005085,decode,184,1854845,0.9505946709975723,1854661,184,4280.814413593718,4492,0,0,4492,0,0,0,0.0
7196,1777472994.138583,decode,184,1814185,0.9297567145522837,1854845,184,4280.814413593718,4494,0,0,4494,0,0,0,0.0
7197,1777472994.1757631,decode,184,1854185,0.950256425762602,1855029,184,4280.814413593718,4495,0,0,4495,4,0,0,0.0
7199,1777472994.2246788,decode,184,1854553,0.950445023105737,1854369,184,4280.814413593718,4493,0,0,4493,0,0,0,0.0
7200,1777472994.262358,decode,184,1854737,0.9505393217773045,1854553,184,4280.814413593718,4495,0,0,4495,0,0,0,0.0
7201,1777472994.2998402,decode,184,1854921,0.9506336204488719,1854737,184,4280.814413593718,4497,0,0,4497,0,0,0,0.0
7202,1777472994.3376105,decode,184,1844894,0.9454948553412253,1854921,184,4280.814413593718,4498,0,0,4498,0,0,0,0.0
7203,1777472994.3749132,decode,184,1854894,0.9506197831438049,1855105,184,4280.814413593718,4500,0,0,4500,1,0,0,0.0
7205,1777472994.4245226,decode,184,1824651,0.9351204639904636,1855078,184,4280.814413593718,4501,0,0,4501,0,0,0,0.0
7206,1777472994.461706,decode,184,1854651,0.9504952473982022,1855262,184,4280.814413593718,4503,0,0,4503,3,0,0,0.0
7208,1777472994.5113328,decode,184,1844819,0.945456418382706,1854835,184,4292.446311237617,4502,0,0,4502,0,0,0,0.0
7209,1777472994.5484338,decode,184,1854819,0.9505813461852857,1855019,184,4292.446311237617,4504,0,0,4504,1,0,0,0.0
7211,1777472994.5976372,decode,184,1844976,0.9455368797492065,1855003,184,4292.446311237617,4505,0,0,4505,0,0,0,0.0
7212,1777472994.6349163,decode,184,1854976,0.9506618075517861,1855187,184,4292.446311237617,4507,0,0,4507,1,0,0,0.0
7214,1777472994.6837857,decode,184,1845133,0.945617341115707,1855160,184,4292.446311237617,4508,0,0,4508,0,0,0,0.0
7215,1777472994.7210906,decode,184,1855133,0.9507422689182866,1855344,184,4292.446311237617,4510,0,0,4510,1,0,0,0.0
7217,1777472994.7698348,decode,184,1855501,0.9509308662614215,1855317,184,4292.446311237617,4511,0,0,4511,0,0,0,0.0
7218,1777472994.8075354,decode,184,1855685,0.951025164932989,1855501,184,4292.446311237617,4512,0,0,4512,0,0,0,0.0
7219,1777472994.8453102,decode,184,1855869,0.9511194636045565,1855685,184,4292.446311237617,4514,0,0,4514,0,0,0,0.0
7220,1777472994.8830144,decode,184,1835631,0.940747634717696,1855869,184,4292.446311237617,4516,0,0,4516,0,0,0,0.0
7221,1777472994.9200847,decode,184,1855631,0.9509974903228551,1856053,184,4292.446311237617,4517,0,0,4517,2,0,0,0.0
7223,1777472994.9763417,decode,184,1855999,0.95118608766599,1855815,184,4292.446311237617,4518,0,0,4518,0,0,0,0.0
7224,1777472995.0134075,decode,184,1856183,0.9512803863375575,1855999,184,4292.446311237617,4519,0,0,4519,0,0,0,0.0
7225,1777472995.0508938,decode,184,1856367,0.9513746850091249,1856183,184,4292.446311237617,4521,0,0,4521,0,0,0,0.0
7226,1777472995.088413,decode,184,1856551,0.9514689836806924,1856367,184,4292.446311237617,4523,0,0,4523,0,0,0,0.0
7227,1777472995.1258821,decode,184,1856735,0.9515632823522598,1856551,184,4292.446311237617,4524,0,0,4524,0,0,0,0.0
7228,1777472995.1634777,decode,184,1856919,0.9516575810238274,1856735,184,4292.446311237617,4526,0,0,4526,0,0,0,0.0
7229,1777472995.2010138,decode,184,1857103,0.9517518796953948,1856919,184,4292.446311237617,4528,0,0,4528,0,0,0,0.0
7230,1777472995.238925,decode,184,1847076,0.9466131145877482,1857103,184,4292.446311237617,4529,0,0,4529,0,0,0,0.0
7231,1777472995.2762976,decode,184,1847259,0.9467069007665354,1857287,183,4292.446311237617,4531,0,0,4531,0,0,0,0.0
7232,1777472995.3139234,decode,183,1837231,0.9415676231661086,1847259,183,4292.446311237617,4533,0,0,4533,0,0,0,0.0
7233,1777472995.3514433,decode,183,1826811,0.9362274483958207,1847442,183,4292.446311237617,4534,0,0,4534,1,0,0,0.0
7236,1777472995.4125106,decode,183,1856994,0.9516960179823467,1846994,183,4292.446311237617,4534,0,0,4534,1,0,0,0.0
7238,1777472995.4637125,decode,184,1857362,0.9518846153254816,1857178,184,4292.446311237617,4535,0,0,4535,0,0,0,0.0
7239,1777472995.500119,decode,184,1857546,0.951978913997049,1857362,184,4292.446311237617,4537,0,0,4537,0,0,0,0.0
7240,1777472995.5371854,decode,184,1857730,0.9520732126686166,1857546,184,4292.446311237617,4538,0,0,4538,0,0,0,0.0
7241,1777472995.5746512,decode,184,1857914,0.952167511340184,1857730,184,4292.446311237617,4540,0,0,4540,0,0,0,0.0
7242,1777472995.612463,decode,184,1847887,0.9470287462325374,1857914,184,4292.446311237617,4541,0,0,4541,0,0,0,0.0
7243,1777472995.6498344,decode,184,1848070,0.9471225324113246,1858098,183,4292.446311237617,4543,0,0,4543,0,0,0,0.0
7244,1777472995.68734,decode,183,1848253,0.9472163185901119,1848070,183,4292.446311237617,4545,0,0,4545,0,0,0,0.0
7245,1777472995.7248664,decode,183,1848436,0.9473101047688991,1848253,183,4292.446311237617,4546,0,0,4546,0,0,0,0.0
7246,1777472995.762274,decode,183,1848619,0.9474038909476863,1848436,183,4292.446311237617,4548,0,0,4548,0,0,0,0.0
7247,1777472995.800047,decode,183,1828402,0.9370428244092112,1848619,183,4292.446311237617,4550,0,0,4550,0,0,0,0.0
7248,1777472995.8371875,decode,183,1848402,0.9472926800143703,1848802,183,4292.446311237617,4551,0,0,4551,2,0,0,0.0
7250,1777472995.8904443,decode,183,1848768,0.9474802523719447,1848585,183,4292.446311237617,4552,0,0,4552,0,0,0,0.0
7251,1777472995.9278212,decode,183,1848951,0.947574038550732,1848768,183,4292.446311237617,4553,0,0,4553,0,0,0,0.0
7252,1777472995.965393,decode,183,1849134,0.9476678247295192,1848951,183,4292.446311237617,4555,0,0,4555,0,0,0,0.0
7253,1777472996.00292,decode,183,1849317,0.9477616109083064,1849134,183,4292.446311237617,4557,0,0,4557,0,0,0,0.0
7254,1777472996.0402746,decode,183,1849500,0.9478553970870935,1849317,183,4292.446311237617,4558,0,0,4558,0,0,0,0.0
7255,1777472996.0779283,decode,183,1839483,0.9427217569072496,1849500,183,4292.446311237617,4560,0,0,4560,0,0,0,0.0
7256,1777472996.1151767,decode,183,1849483,0.9478466847098291,1849683,183,4579.617882975929,4562,0,0,4562,1,0,0,0.0
7258,1777472996.1639,decode,183,1849849,0.9480342570674035,1849666,183,4579.617882975929,4563,0,0,4563,0,0,0,0.0
7259,1777472996.2013593,decode,183,1850032,0.9481280432461908,1849849,183,4579.617882975929,4565,0,0,4565,0,0,0,0.0
7260,1777472996.2393568,decode,183,1829804,0.9377613392871328,1850032,183,4579.617882975929,4566,0,0,4566,0,0,0,0.0
7261,1777472996.2764823,decode,183,1849804,0.9480111948922919,1850215,183,4579.617882975929,4568,0,0,4568,2,0,0,0.0
7263,1777472996.3257995,decode,183,1850170,0.9481987672498664,1849987,183,4579.617882975929,4568,0,0,4568,0,0,0,0.0
7264,1777472996.3635383,decode,183,1850353,0.9482925534286536,1850170,183,4579.617882975929,4570,0,0,4570,0,0,0,0.0
7265,1777472996.4008343,decode,183,1850536,0.9483863396074408,1850353,183,4579.617882975929,4572,0,0,4572,0,0,0,0.0
7266,1777472996.4391968,decode,183,1840519,0.9432526994275968,1850536,183,4579.617882975929,4573,0,0,4573,0,0,0,0.0
7267,1777472996.476195,decode,183,1850519,0.9483776272301764,1850719,183,4579.617882975929,4575,0,0,4575,1,0,0,0.0
7269,1777472996.526526,decode,183,1830485,0.9381103468704884,1850702,183,4579.617882975929,4576,0,0,4576,0,0,0,0.0
7270,1777472996.563532,decode,183,1850485,0.9483602024756477,1850885,183,4579.617882975929,4578,0,0,4578,2,0,0,0.0
7272,1777472996.6125932,decode,183,1840651,0.9433203484745909,1850668,183,4579.617882975929,4578,0,0,4578,0,0,0,0.0
7273,1777472996.649827,decode,183,1850651,0.9484452762771705,1850851,183,4579.617882975929,4580,0,0,4580,1,0,0,0.0
7275,1777472996.698958,decode,183,1820384,0.9329336572971029,1850834,183,4579.617882975929,4581,0,0,4581,0,0,0,0.0
7276,1777472996.7361422,decode,183,1850384,0.9483084407048415,1851017,183,4579.617882975929,4582,0,0,4582,3,0,0,0.0
7278,1777472996.7896283,decode,183,1840550,0.9432685867037848,1850567,183,4579.617882975929,4582,0,0,4582,0,0,0,0.0
7279,1777472996.8265338,decode,183,1850550,0.9483935145063644,1850750,183,4579.617882975929,4583,0,0,4583,1,0,0,0.0
7281,1777472996.8765254,decode,183,1850916,0.9485810868639388,1850733,183,4579.617882975929,4584,0,0,4584,0,0,0,0.0
7282,1777472996.9138486,decode,183,1840888,0.943441809263512,1850916,183,4579.617882975929,4586,0,0,4586,0,0,0,0.0
7283,1777472996.9507823,decode,183,1850888,0.9485667370660916,1851099,183,4579.617882975929,4588,0,0,4588,1,0,0,0.0
7285,1777472997.000028,decode,183,1851254,0.948754309423666,1851071,183,4579.617882975929,4589,0,0,4589,0,0,0,0.0
7286,1777472997.0373576,decode,183,1851437,0.9488480956024532,1851254,183,4579.617882975929,4591,0,0,4591,0,0,0,0.0
7287,1777472997.0751517,decode,183,1841420,0.9437144554226092,1851437,183,4579.617882975929,4592,0,0,4592,0,0,0,0.0
7288,1777472997.1124384,decode,183,1851420,0.9488393832251888,1851620,183,4579.617882975929,4594,0,0,4594,1,0,0,0.0
7290,1777472997.161929,decode,183,1841575,0.9437938918035492,1851603,183,4579.617882975929,4595,0,0,4595,0,0,0,0.0
7291,1777472997.1990848,decode,183,1851575,0.9489188196061288,1851786,183,4579.617882975929,4597,0,0,4597,1,0,0,0.0
7293,1777472997.2482545,decode,183,1851941,0.9491063919637032,1851758,183,4579.617882975929,4598,0,0,4598,0,0,0,0.0
7294,1777472997.285748,decode,183,1852124,0.9492001781424905,1851941,183,4579.617882975929,4600,0,0,4600,0,0,0,0.0
7295,1777472997.3232877,decode,183,1852307,0.9492939643212777,1852124,183,4579.617882975929,4601,0,0,4601,0,0,0,0.0
7296,1777472997.3610454,decode,183,1842279,0.9441546867208508,1852307,183,4579.617882975929,4603,0,0,4603,0,0,0,0.0
7297,1777472997.3982308,decode,183,1852279,0.9492796145234303,1852490,183,4579.617882975929,4605,0,0,4605,1,0,0,0.0
7299,1777472997.447587,decode,183,1822023,0.9337736329639457,1852462,183,4579.617882975929,4606,0,0,4606,0,0,0,0.0
7300,1777472997.484593,decode,183,1852023,0.9491484163716843,1852645,183,4579.617882975929,4608,0,0,4608,3,0,0,0.0
7302,1777472997.5333545,decode,183,1852389,0.9493359887292587,1852206,183,4579.617882975929,4607,0,0,4607,0,0,0,0.0
7303,1777472997.5710027,decode,183,1852572,0.949429774908046,1852389,183,4579.617882975929,4608,0,0,4608,0,0,0,0.0
7304,1777472997.6088648,decode,183,1832333,0.9390574335284052,1852572,183,4579.617882975929,4610,0,0,4610,0,0,0,0.0
7305,1777472997.646056,decode,183,1852333,0.9493072891335643,1852755,183,4579.617882975929,4612,0,0,4612,2,0,0,0.0
7307,1777472997.6948924,decode,183,1852699,0.9494948614911387,1852516,183,4579.617882975929,4612,0,0,4612,0,0,0,0.0
7308,1777472997.7323747,decode,183,1852882,0.9495886476699259,1852699,183,4579.617882975929,4614,0,0,4614,0,0,0,0.0
7309,1777472997.7710845,decode,183,1853065,0.9496824338487132,1852882,183,4420.564152116353,4615,0,0,4615,0,0,0,0.0
7310,1777472997.8081436,decode,183,1832837,0.9393157298896552,1853065,183,4420.564152116353,4617,0,0,4617,0,0,0,0.0
7311,1777472997.8450406,decode,183,1852837,0.9495655854948143,1853248,183,4420.564152116353,4619,0,0,4619,2,0,0,0.0
7313,1777472997.8943717,decode,183,1832792,0.9392926677145436,1853020,183,4420.564152116353,4619,0,0,4619,0,0,0,0.0
7314,1777472997.9316099,decode,183,1852792,0.9495425233197027,1853203,183,4420.564152116353,4620,0,0,4620,2,0,0,0.0
7316,1777472997.981154,decode,183,1842958,0.944502669318646,1852975,183,4420.564152116353,4620,0,0,4620,0,0,0,0.0
7317,1777472998.018652,decode,183,1852958,0.9496275971212256,1853158,183,4420.564152116353,4622,0,0,4622,1,0,0,0.0
7319,1777472998.0689738,decode,183,1792091,0.9184336990652644,1853141,183,4420.564152116353,4623,0,0,4623,0,0,0,0.0
7320,1777472998.1058888,decode,183,1852091,0.9491832658807419,1853324,183,4420.564152116353,4625,0,0,4625,6,0,0,0.0
7322,1777472998.1558518,decode,183,1821835,0.9336772843212571,1852274,183,4420.564152116353,4621,0,0,4621,0,0,0,0.0
7323,1777472998.193077,decode,183,1851835,0.9490520677289959,1852457,183,4420.564152116353,4623,0,0,4623,3,0,0,0.0
7325,1777472998.2425246,decode,183,1852201,0.9492396400865702,1852018,183,4420.564152116353,4622,0,0,4622,0,0,0,0.0
7326,1777472998.2803326,decode,183,1842184,0.9441059999067263,1852201,183,4420.564152116353,4624,0,0,4624,0,0,0,0.0
7327,1777472998.3176026,decode,183,1852184,0.949230927709306,1852384,183,4420.564152116353,4626,0,0,4626,1,0,0,0.0
7329,1777472998.3668523,decode,183,1821928,0.9337249461498212,1852367,183,4420.564152116353,4627,0,0,4627,0,0,0,0.0
7330,1777472998.4039097,decode,183,1851928,0.9490997295575598,1852550,183,4420.564152116353,4628,0,0,4628,3,0,0,0.0
7332,1777472998.4547808,decode,183,1821683,0.933599385418658,1852111,183,4420.564152116353,4628,0,0,4628,0,0,0,0.0
7333,1777472998.4912057,decode,183,1851683,0.9489741688263966,1852294,183,4420.564152116353,4629,0,0,4629,3,0,0,0.0
7335,1777472998.5410573,decode,183,1801027,0.9230133345496495,1851866,183,4420.564152116353,4628,0,0,4628,0,0,0,0.0
7336,1777472998.5793693,decode,183,1851027,0.9486379735625474,1852049,183,4420.564152116353,4630,0,0,4630,5,0,0,0.0
7338,1777472998.63045,decode,183,1820771,0.9331319920030626,1851210,183,4420.564152116353,4627,0,0,4627,0,0,0,0.0
7339,1777472998.6672888,decode,183,1850771,0.9485067754108014,1851393,183,4420.564152116353,4628,0,0,4628,3,0,0,0.0
7341,1777472998.7164762,decode,183,1851137,0.9486943477683758,1850954,183,4420.564152116353,4628,0,0,4628,0,0,0,0.0
7342,1777472998.7544024,decode,183,1820687,0.933088942609521,1851137,183,4420.564152116353,4629,0,0,4629,0,0,0,0.0
7343,1777472998.7916505,decode,183,1850687,0.9484637260172597,1851320,183,4420.564152116353,4631,0,0,4631,3,0,0,0.0
7345,1777472998.841441,decode,183,1800031,0.9225028917405126,1850870,183,4420.564152116353,4630,0,0,4630,0,0,0,0.0
7346,1777472998.8784056,decode,183,1850031,0.9481275307534105,1851053,183,4420.564152116353,4632,0,0,4632,5,0,0,0.0
7348,1777472998.928362,decode,183,1819786,0.9326271866145086,1850214,183,4420.564152116353,4629,0,0,4629,0,0,0,0.0
7349,1777472998.9664228,decode,183,1849786,0.9480019700222473,1850397,183,4420.564152116353,4631,0,0,4631,3,0,0,0.0
7351,1777472999.0170097,decode,183,1839941,0.9429564786006077,1849969,183,4420.564152116353,4630,0,0,4630,0,0,0,0.0
7352,1777472999.0539486,decode,183,1849941,0.9480814064031873,1850152,183,4420.564152116353,4632,0,0,4632,1,0,0,0.0
7354,1777472999.1033738,decode,183,1829896,0.9378084886229165,1850124,183,4420.564152116353,4633,0,0,4633,0,0,0,0.0
7355,1777472999.1403124,decode,183,1849896,0.9480583442280757,1850307,183,4420.564152116353,4634,0,0,4634,2,0,0,0.0
7357,1777472999.189715,decode,183,1850262,0.94824591658565,1850079,183,4420.564152116353,4635,0,0,4635,0,0,0,0.0
7358,1777472999.2274485,decode,183,1840245,0.9431122764058061,1850262,183,4420.564152116353,4636,0,0,4636,0,0,0,0.0
7359,1777472999.2645807,decode,183,1850245,0.9482372042083858,1850445,183,4420.564152116353,4638,0,0,4638,1,0,0,0.0
7361,1777472999.3143392,decode,183,1820000,0.9327368600694838,1850428,183,4420.564152116353,4639,0,0,4639,0,0,0,0.0
7362,1777472999.351379,decode,183,1850000,0.9481116434772225,1850611,183,4420.564152116353,4641,0,0,4641,3,0,0,0.0
7364,1777472999.400777,decode,183,1819755,0.9326112993383205,1850183,183,4420.564152116353,4640,0,0,4640,0,0,0,0.0
7365,1777472999.4380765,decode,183,1849755,0.9479860827460593,1850366,183,4420.564152116353,4642,0,0,4642,3,0,0,0.0
7367,1777472999.4987402,decode,183,1829710,0.9377131649657885,1849938,183,4236.949336419956,4641,0,0,4641,0,0,0,0.0
7368,1777472999.534966,decode,183,1849710,0.9479630205709477,1850121,183,4236.949336419956,4643,0,0,4643,2,0,0,0.0
7370,1777472999.5848649,decode,183,1809254,0.9272296126528318,1849893,183,4236.949336419956,4643,0,0,4643,0,0,0,0.0
7371,1777472999.62177,decode,183,1849254,0.9477293238631501,1850076,183,4236.949336419956,4644,0,0,4644,4,0,0,0.0
7373,1777472999.6709557,decode,183,1849620,0.9479168962207245,1849437,183,4236.949336419956,4643,0,0,4643,0,0,0,0.0
7374,1777472999.7088163,decode,183,1839592,0.9427776186202977,1849620,183,4236.949336419956,4644,0,0,4644,0,0,0,0.0
7375,1777472999.7460833,decode,183,1849592,0.9479025464228773,1849803,183,4236.949336419956,4646,0,0,4646,1,0,0,0.0
7377,1777472999.795904,decode,183,1819336,0.9323965648633925,1849775,183,4236.949336419956,4647,0,0,4647,0,0,0,0.0
7378,1777472999.83283,decode,183,1849336,0.9477713482711312,1849958,183,4236.949336419956,4649,0,0,4649,3,0,0,0.0
7380,1777472999.8822172,decode,183,1829291,0.9374984304908605,1849519,183,4236.949336419956,4648,0,0,4648,0,0,0,0.0
7381,1777472999.9193568,decode,183,1849291,0.9477482860960196,1849702,183,4236.949336419956,4650,0,0,4650,2,0,0,0.0
7383,1777472999.9686162,decode,183,1829246,0.9374753683157488,1849474,183,4236.949336419956,4650,0,0,4650,0,0,0,0.0
7384,1777473000.0056977,decode,183,1849246,0.947725223920908,1849657,183,4236.949336419956,4651,0,0,4651,2,0,0,0.0
7386,1777473000.0548675,decode,183,1849612,0.9479127962784825,1849429,183,4236.949336419956,4652,0,0,4652,0,0,0,0.0
7387,1777473000.092404,decode,183,1849795,0.9480065824572697,1849612,183,4236.949336419956,4653,0,0,4653,0,0,0,0.0
7388,1777473000.1299412,decode,183,1849978,0.9481003686360568,1849795,183,4236.949336419956,4655,0,0,4655,0,0,0,0.0
7389,1777473000.1675026,decode,183,1850161,0.948194154814844,1849978,183,4236.949336419956,4657,0,0,4657,0,0,0,0.0
7390,1777473000.2051203,decode,183,1850344,0.9482879409936312,1850161,183,4236.949336419956,4658,0,0,4658,0,0,0,0.0
7391,1777473000.242942,decode,183,1819927,0.9326994480965249,1850344,183,4236.949336419956,4660,0,0,4660,0,0,0,0.0
7392,1777473000.2800655,decode,183,1849927,0.9480742315042637,1850527,183,4236.949336419956,4662,0,0,4662,3,0,0,0.0
7394,1777473000.329212,decode,183,1840093,0.943034377503207,1850110,183,4236.949336419956,4661,0,0,4661,0,0,0,0.0
7395,1777473000.3665144,decode,183,1850093,0.9481593053057865,1850293,183,4236.949336419956,4663,0,0,4663,1,0,0,0.0
7397,1777473000.4156134,decode,183,1840259,0.9431194513047297,1850276,183,4236.949336419956,4664,0,0,4664,0,0,0,0.0
7398,1777473000.452775,decode,183,1850259,0.9482443791073093,1850459,183,4236.949336419956,4665,0,0,4665,1,0,0,0.0
7400,1777473000.5027514,decode,183,1809803,0.9275109711891933,1850442,183,4236.949336419956,4667,0,0,4667,0,0,0,0.0
7401,1777473000.5397112,decode,183,1849803,0.9480106823995117,1850625,183,4236.949336419956,4668,0,0,4668,4,0,0,0.0
7403,1777473000.5890965,decode,183,1850169,0.9481982547570861,1849986,183,4236.949336419956,4666,0,0,4666,0,0,0,0.0
7404,1777473000.6276855,decode,183,1758508,0.9012226540258614,1850169,183,4236.949336419956,4668,0,0,4668,0,0,0,0.0
7405,1777473000.664754,decode,183,1848508,0.9473470042490777,1850352,183,4236.949336419956,4670,0,0,4670,9,0,0,0.0
7407,1777473000.715221,decode,183,1787663,0.9161643810342822,1848691,183,4236.949336419956,4663,0,0,4663,0,0,0,0.0
7408,1777473000.7520728,decode,183,1847663,0.9469139478497597,1848874,183,4236.949336419956,4665,0,0,4665,6,0,0,0.0
7410,1777473000.8014026,decode,183,1837818,0.9418684564281201,1847846,183,4236.949336419956,4661,0,0,4661,0,0,0,0.0
7411,1777473000.8387666,decode,183,1837619,0.9417664703648487,1848029,183,4236.949336419956,4663,0,0,4663,1,0,0,0.0
7414,1777473000.898497,decode,183,1837774,0.9418459067457887,1847802,183,4236.949336419956,4663,0,0,4663,0,0,0,0.0
7415,1777473000.9356356,decode,183,1847774,0.9469708345483683,1847985,183,4236.949336419956,4665,0,0,4665,1,0,0,0.0
7417,1777473000.984861,decode,183,1848140,0.9471584069059427,1847957,183,4236.949336419956,4666,0,0,4666,0,0,0,0.0
7418,1777473001.0223236,decode,183,1848323,0.94725219308473,1848140,183,4236.949336419956,4668,0,0,4668,0,0,0,0.0
7419,1777473001.0602417,decode,183,1848506,0.9473459792635172,1848323,183,4236.949336419956,4669,0,0,4669,0,0,0,0.0
7420,1777473001.1466017,decode,183,1736478,0.8899324380767786,1848506,183,4236.949336419956,4671,0,0,4671,0,0,0,0.0
7421,1777473001.1810105,decode,183,1846478,0.946306643905154,1848689,183,4236.949336419956,4674,0,0,4674,11,0,0,0.0
7423,1777473001.231558,decode,183,1846451,0.946292806600087,1846661,183,4224.323963295785,4665,0,0,4665,1,0,0,0.0
7426,1777473001.2898214,decode,184,1856819,0.9516063317458016,1856635,184,4224.323963295785,4666,0,0,4666,0,0,0,0.0
7427,1777473001.327051,decode,184,1857003,0.951700630417369,1856819,184,4224.323963295785,4668,0,0,4668,0,0,0,0.0
7428,1777473001.3650632,decode,184,1836776,0.9413344389510913,1857003,184,4224.323963295785,4669,0,0,4669,0,0,0,0.0
7429,1777473001.4026268,decode,184,1826378,0.936005539021969,1857187,184,4224.323963295785,4671,0,0,4671,1,0,0,0.0
7432,1777473001.4628196,decode,183,1856561,0.951474108608495,1846561,183,4224.323963295785,4670,0,0,4670,1,0,0,0.0
7434,1777473001.512632,decode,184,1856929,0.9516627059516299,1856745,184,4224.323963295785,4671,0,0,4671,0,0,0,0.0
7435,1777473001.5501292,decode,184,1857113,0.9517570046231973,1856929,184,4224.323963295785,4673,0,0,4673,0,0,0,0.0
7436,1777473001.5880227,decode,184,1857297,0.9518513032947649,1857113,184,4224.323963295785,4674,0,0,4674,0,0,0,0.0
7437,1777473001.6265442,decode,184,1745193,0.8943988126567267,1857297,184,4224.323963295785,4676,0,0,4676,0,0,0,0.0
7438,1777473001.6636298,decode,184,1834983,0.9404155393960888,1857481,184,4224.323963295785,4678,0,0,4678,10,0,0,0.0
7441,1777473001.720452,decode,183,1855166,0.9507591811800351,1845166,183,4224.323963295785,4669,0,0,4669,1,0,0,0.0
7443,1777473001.771501,decode,184,1855534,0.95094777852317,1855350,184,4224.323963295785,4671,0,0,4671,0,0,0,0.0
7444,1777473001.8089795,decode,184,1855718,0.9510420771947375,1855534,184,4224.323963295785,4672,0,0,4672,0,0,0,0.0
7445,1777473001.8472402,decode,184,1815069,0.9302097581700318,1855718,184,4224.323963295785,4674,0,0,4674,0,0,0,0.0
7446,1777473001.8844006,decode,184,1845069,0.9455845415777705,1855902,184,4224.323963295785,4676,0,0,4676,3,0,0,0.0
7448,1777473001.9336674,decode,183,1845053,0.9455763416932864,1845252,183,4224.323963295785,4675,0,0,4675,1,0,0,0.0
7451,1777473001.9939616,decode,184,1855421,0.9508898668390009,1855237,184,4224.323963295785,4675,0,0,4675,0,0,0,0.0
7452,1777473002.0314987,decode,184,1855605,0.9509841655105684,1855421,184,4224.323963295785,4677,0,0,4677,0,0,0,0.0
7453,1777473002.0691395,decode,184,1855789,0.9510784641821358,1855605,184,4224.323963295785,4679,0,0,4679,0,0,0,0.0
7454,1777473002.1074376,decode,184,1804940,0.9250187187987989,1855789,184,4224.323963295785,4681,0,0,4681,0,0,0,0.0
7455,1777473002.144732,decode,184,1824531,0.9350589648568326,1855973,184,4224.323963295785,4682,0,0,4682,4,0,0,0.0
7458,1777473002.2022214,decode,183,1854714,0.9505275344433586,1844714,183,4224.323963295785,4679,0,0,4679,1,0,0,0.0
7460,1777473002.252136,decode,184,1844871,0.9454830680072794,1854898,184,4224.323963295785,4680,0,0,4680,0,0,0,0.0
7461,1777473002.2893941,decode,184,1854871,0.950607995809859,1855082,184,4224.323963295785,4682,0,0,4682,1,0,0,0.0
7463,1777473002.338685,decode,184,1845028,0.94556352937378,1855055,184,4224.323963295785,4683,0,0,4683,0,0,0,0.0
7464,1777473002.3758135,decode,184,1855028,0.9506884571763595,1855239,184,4224.323963295785,4684,0,0,4684,1,0,0,0.0
7466,1777473002.4255395,decode,184,1845196,0.9456496281608633,1855212,184,4224.323963295785,4686,0,0,4686,0,0,0,0.0
7467,1777473002.4626853,decode,184,1855196,0.9507745559634428,1855396,184,4224.323963295785,4687,0,0,4687,1,0,0,0.0
7469,1777473002.5121078,decode,184,1855564,0.9509631533065778,1855380,184,4224.323963295785,4688,0,0,4688,0,0,0,0.0
7470,1777473002.549746,decode,184,1855748,0.9510574519781453,1855564,184,4224.323963295785,4690,0,0,4690,0,0,0,0.0
7471,1777473002.5880864,decode,184,1784488,0.9145372164569632,1855748,184,4224.323963295785,4692,0,0,4692,0,0,0,0.0
7472,1777473002.6254768,decode,184,1844488,0.9452867832724406,1855932,184,4224.323963295785,4694,0,0,4694,6,0,0,0.0
7474,1777473002.6750722,decode,183,1854671,0.9505054972538074,1844671,183,4224.323963295785,4690,0,0,4690,1,0,0,0.0
7476,1777473002.7249408,decode,184,1855039,0.9506940945969423,1854855,184,4224.323963295785,4691,0,0,4691,0,0,0,0.0
7477,1777473002.762391,decode,184,1855223,0.9507883932685098,1855039,184,4224.323963295785,4693,0,0,4693,0,0,0,0.0
7478,1777473002.8003078,decode,184,1834996,0.9404222018022321,1855223,184,4224.323963295785,4694,0,0,4694,0,0,0,0.0
7479,1777473002.837719,decode,184,1854996,0.9506720574073912,1855407,184,4224.323963295785,4696,0,0,4696,2,0,0,0.0
7481,1777473002.8878412,decode,184,1794120,0.9194735469164078,1855180,184,4224.323963295785,4696,0,0,4696,0,0,0,0.0
7482,1777473002.9251885,decode,184,1833910,0.939865634642872,1855364,184,4224.323963295785,4698,0,0,4698,5,0,0,0.0
7485,1777473002.9956117,decode,183,1843894,0.9449823625609675,1844093,183,4168.817671480544,4695,0,0,4695,1,0,0,0.0
7488,1777473003.0529974,decode,184,1854262,0.9502958877066819,1854078,184,4168.817671480544,4695,0,0,4695,0,0,0,0.0
7489,1777473003.0908165,decode,184,1844235,0.9451571225990354,1854262,184,4168.817671480544,4697,0,0,4697,0,0,0,0.0
7490,1777473003.1282935,decode,184,1854235,0.950282050401615,1854446,184,4168.817671480544,4699,0,0,4699,1,0,0,0.0
7492,1777473003.1786933,decode,184,1854603,0.9504706477447499,1854419,184,4168.817671480544,4700,0,0,4700,0,0,0,0.0
7493,1777473003.2160275,decode,184,1854787,0.9505649464163174,1854603,184,4168.817671480544,4702,0,0,4702,0,0,0,0.0
7494,1777473003.2535052,decode,184,1854971,0.9506592450878848,1854787,184,4168.817671480544,4703,0,0,4703,0,0,0,0.0
7495,1777473003.2911246,decode,184,1855155,0.9507535437594523,1854971,184,4168.817671480544,4705,0,0,4705,0,0,0,0.0
7496,1777473003.3287232,decode,184,1855339,0.9508478424310197,1855155,184,4168.817671480544,4707,0,0,4707,0,0,0,0.0
7497,1777473003.3666961,decode,184,1824912,0.9352542246061109,1855339,184,4168.817671480544,4708,0,0,4708,0,0,0,0.0
7498,1777473003.4038959,decode,184,1854912,0.9506290080138496,1855523,184,4168.817671480544,4710,0,0,4710,3,0,0,0.0
7500,1777473003.4532037,decode,184,1855280,0.9508176053569846,1855096,184,4168.817671480544,4709,0,0,4709,0,0,0,0.0
7501,1777473003.4913938,decode,184,1855464,0.950911904028552,1855280,184,4168.817671480544,4711,0,0,4711,0,0,0,0.0
7502,1777473003.5289595,decode,184,1845437,0.9457731389209054,1855464,184,4168.817671480544,4712,0,0,4712,0,0,0,0.0
7503,1777473003.5665922,decode,184,1855437,0.950898066723485,1855648,184,4168.817671480544,4714,0,0,4714,1,0,0,0.0
7505,1777473003.6175697,decode,184,1845594,0.945853600287406,1855621,184,4168.817671480544,4715,0,0,4715,0,0,0,0.0
7506,1777473003.6546986,decode,184,1855594,0.9509785280899855,1855805,184,4168.817671480544,4717,0,0,4717,1,0,0,0.0
7508,1777473003.7039413,decode,184,1855962,0.9511671254331204,1855778,184,4168.817671480544,4718,0,0,4718,0,0,0,0.0
7509,1777473003.741596,decode,184,1856146,0.951261424104688,1855962,184,4168.817671480544,4720,0,0,4720,0,0,0,0.0
7510,1777473003.7792113,decode,184,1856330,0.9513557227762554,1856146,184,4168.817671480544,4721,0,0,4721,0,0,0,0.0
7511,1777473003.8172076,decode,184,1825914,0.9357677423719294,1856330,184,4168.817671480544,4723,0,0,4723,0,0,0,0.0
7512,1777473003.8544877,decode,184,1835715,0.9407906841112376,1856514,184,4168.817671480544,4725,0,0,4725,2,0,0,0.0
7515,1777473003.9142902,decode,183,1855898,0.951134325895184,1845898,183,4168.817671480544,4724,0,0,4724,1,0,0,0.0
7517,1777473003.9639795,decode,184,1856266,0.9513229232383189,1856082,184,4168.817671480544,4726,0,0,4726,0,0,0,0.0
7518,1777473004.001603,decode,184,1856450,0.9514172219098863,1856266,184,4168.817671480544,4727,0,0,4727,0,0,0,0.0
7519,1777473004.0406413,decode,184,1856634,0.9515115205814538,1856450,184,4168.817671480544,4729,0,0,4729,0,0,0,0.0
7520,1777473004.0772874,decode,184,1856818,0.9516058192530212,1856634,184,4168.817671480544,4731,0,0,4731,0,0,0,0.0
7521,1777473004.1145136,decode,184,1857002,0.9517001179245888,1856818,184,4168.817671480544,4732,0,0,4732,0,0,0,0.0
7522,1777473004.152119,decode,184,1857186,0.9517944165961562,1857002,184,4168.817671480544,4734,0,0,4734,0,0,0,0.0
7523,1777473004.1896844,decode,184,1857370,0.9518887152677237,1857186,184,4168.817671480544,4736,0,0,4736,0,0,0,0.0
7524,1777473004.2272723,decode,184,1857554,0.9519830139392911,1857370,184,4168.817671480544,4737,0,0,4737,0,0,0,0.0
7525,1777473004.2648396,decode,184,1857738,0.9520773126108586,1857554,184,4168.817671480544,4739,0,0,4739,0,0,0,0.0
7526,1777473004.302571,decode,184,1847722,0.9469441849237948,1857738,184,4168.817671480544,4741,0,0,4741,0,0,0,0.0
7527,1777473004.3400486,decode,184,1847905,0.9470379711025821,1857922,183,4168.817671480544,4742,0,0,4742,0,0,0,0.0
7528,1777473004.3775437,decode,183,1848088,0.9471317572813693,1847905,183,4168.817671480544,4744,0,0,4744,0,0,0,0.0
7529,1777473004.4159539,decode,183,1848271,0.9472255434601565,1848088,183,4168.817671480544,4746,0,0,4746,0,0,0,0.0
7530,1777473004.4526439,decode,183,1848454,0.9473193296389437,1848271,183,4168.817671480544,4747,0,0,4747,0,0,0,0.0
7531,1777473004.490055,decode,183,1848637,0.9474131158177309,1848454,183,4168.817671480544,4748,0,0,4748,0,0,0,0.0
7532,1777473004.52745,decode,183,1848820,0.9475069019965181,1848637,183,4168.817671480544,4750,0,0,4750,0,0,0,0.0
7533,1777473004.5648844,decode,183,1849003,0.9476006881753053,1848820,183,4168.817671480544,4752,0,0,4752,0,0,0,0.0
7534,1777473004.6023564,decode,183,1849186,0.9476944743540925,1849003,183,4575.703531721418,4753,0,0,4753,0,0,0,0.0
7535,1777473004.639885,decode,183,1849369,0.9477882605328798,1849186,183,4575.703531721418,4755,0,0,4755,0,0,0,0.0
7536,1777473004.677344,decode,183,1849552,0.947882046711667,1849369,183,4575.703531721418,4757,0,0,4757,0,0,0,0.0
7537,1777473004.715247,decode,183,1819124,0.9322879163939778,1849552,183,4575.703531721418,4758,0,0,4758,0,0,0,0.0
7538,1777473004.7523253,decode,183,1849124,0.9476626998017166,1849735,183,4575.703531721418,4760,0,0,4760,3,0,0,0.0
7540,1777473004.8045735,decode,183,1849490,0.947850272159291,1849307,183,4575.703531721418,4759,0,0,4759,0,0,0,0.0
7541,1777473004.842096,decode,183,1849673,0.9479440583380782,1849490,183,4575.703531721418,4761,0,0,4761,0,0,0,0.0
7542,1777473004.8796,decode,183,1849856,0.9480378445168653,1849673,183,4575.703531721418,4763,0,0,4763,0,0,0,0.0
7543,1777473004.9172149,decode,183,1850039,0.9481316306956525,1849856,183,4575.703531721418,4764,0,0,4764,0,0,0,0.0
7544,1777473004.9546063,decode,183,1850222,0.9482254168744397,1850039,183,4575.703531721418,4766,0,0,4766,0,0,0,0.0
7545,1777473004.992495,decode,183,1819794,0.9326312865567506,1850222,183,4575.703531721418,4768,0,0,4768,0,0,0,0.0
7546,1777473005.0295362,decode,183,1849794,0.9480060699644893,1850405,183,4575.703531721418,4769,0,0,4769,3,0,0,0.0
7548,1777473005.0790603,decode,183,1850160,0.9481936423220638,1849977,183,4575.703531721418,4768,0,0,4768,0,0,0,0.0
7549,1777473005.1165848,decode,183,1850343,0.948287428500851,1850160,183,4575.703531721418,4770,0,0,4770,0,0,0,0.0
7550,1777473005.154522,decode,183,1830126,0.9379263619623759,1850343,183,4575.703531721418,4772,0,0,4772,0,0,0,0.0
7551,1777473005.191754,decode,183,1850126,0.948176217567535,1850526,183,4575.703531721418,4773,0,0,4773,2,0,0,0.0
7553,1777473005.2422807,decode,183,1840292,0.9431363635664782,1850309,183,4575.703531721418,4774,0,0,4774,0,0,0,0.0
7554,1777473005.2792568,decode,183,1850292,0.9482612913690578,1850492,183,4575.703531721418,4775,0,0,4775,1,0,0,0.0
7556,1777473005.3290505,decode,183,1850658,0.9484488637266323,1850475,183,4575.703531721418,4776,0,0,4776,0,0,0,0.0
7557,1777473005.3668604,decode,183,1830430,0.9380821597675743,1850658,183,4575.703531721418,4778,0,0,4778,0,0,0,0.0
7558,1777473005.404689,decode,183,1850430,0.9483320153727335,1850841,183,4575.703531721418,4780,0,0,4780,2,0,0,0.0
7560,1777473005.4554667,decode,183,1850796,0.9485195877303079,1850613,183,4575.703531721418,4780,0,0,4780,0,0,0,0.0
7561,1777473005.4928637,decode,183,1850979,0.9486133739090951,1850796,183,4575.703531721418,4782,0,0,4782,0,0,0,0.0
7562,1777473005.5304537,decode,183,1840951,0.9434740963086683,1850979,183,4575.703531721418,4783,0,0,4783,0,0,0,0.0
7563,1777473005.5677845,decode,183,1850951,0.9485990241112479,1851162,183,4575.703531721418,4785,0,0,4785,1,0,0,0.0
7565,1777473005.618901,decode,183,1841106,0.9435535326896083,1851134,183,4575.703531721418,4786,0,0,4786,0,0,0,0.0
7566,1777473005.655733,decode,183,1851106,0.9486784604921878,1851317,183,4575.703531721418,4788,0,0,4788,1,0,0,0.0
7568,1777473005.7064545,decode,183,1851472,0.9488660328497622,1851289,183,4575.703531721418,4789,0,0,4789,0,0,0,0.0
7569,1777473005.743564,decode,183,1851655,0.9489598190285494,1851472,183,4575.703531721418,4791,0,0,4791,0,0,0,0.0
7570,1777473005.7822838,decode,183,1851838,0.9490536052073366,1851655,183,4575.703531721418,4792,0,0,4792,0,0,0,0.0
7571,1777473005.8192575,decode,183,1841821,0.9439199650274926,1851838,183,4575.703531721418,4794,0,0,4794,0,0,0,0.0
7572,1777473005.8559866,decode,183,1851821,0.9490448928300722,1852021,183,4575.703531721418,4795,0,0,4795,1,0,0,0.0
7574,1777473005.9082444,decode,183,1821587,0.9335501861117531,1852004,183,4575.703531721418,4797,0,0,4797,0,0,0,0.0
7575,1777473005.9450035,decode,183,1851587,0.9489249695194919,1852187,183,4575.703531721418,4798,0,0,4798,3,0,0,0.0
7577,1777473005.9954467,decode,183,1841742,0.9438794780978523,1851770,183,4575.703531721418,4797,0,0,4797,0,0,0,0.0
7578,1777473006.032694,decode,183,1851742,0.9490044059004319,1851953,183,4575.703531721418,4799,0,0,4799,1,0,0,0.0
7580,1777473006.082916,decode,183,1831697,0.9387314881201612,1851925,183,4575.703531721418,4800,0,0,4800,0,0,0,0.0
7581,1777473006.1201785,decode,183,1851697,0.9489813437253203,1852108,183,4575.703531721418,4802,0,0,4802,2,0,0,0.0
7583,1777473006.1698244,decode,183,1852063,0.9491689160828947,1851880,183,4575.703531721418,4802,0,0,4802,0,0,0,0.0
7584,1777473006.2073607,decode,183,1852246,0.9492627022616819,1852063,183,4575.703531721418,4804,0,0,4804,0,0,0,0.0
7585,1777473006.2449105,decode,183,1852429,0.949356488440469,1852246,183,4456.478664569469,4805,0,0,4805,0,0,0,0.0
7586,1777473006.2827065,decode,183,1842412,0.9442228482606251,1852429,183,4456.478664569469,4807,0,0,4807,0,0,0,0.0
7587,1777473006.3197587,decode,183,1852412,0.9493477760632048,1852612,183,4456.478664569469,4809,0,0,4809,1,0,0,0.0
7589,1777473006.369727,decode,183,1842578,0.944307922062148,1852595,183,4456.478664569469,4810,0,0,4810,0,0,0,0.0
7590,1777473006.4068844,decode,183,1852578,0.9494328498647275,1852778,183,4456.478664569469,4812,0,0,4812,1,0,0,0.0
7592,1777473006.4568465,decode,183,1842744,0.9443929958636708,1852761,183,4456.478664569469,4813,0,0,4813,0,0,0,0.0
7593,1777473006.4938357,decode,183,1852744,0.9495179236662503,1852944,183,4456.478664569469,4815,0,0,4815,1,0,0,0.0
7595,1777473006.5437024,decode,183,1812299,0.9287901531687173,1852927,183,4456.478664569469,4816,0,0,4816,0,0,0,0.0
7596,1777473006.5807893,decode,183,1852299,0.9492898643790355,1853110,183,4456.478664569469,4817,0,0,4817,4,0,0,0.0
7598,1777473006.6310668,decode,183,1832265,0.9390225840193476,1852482,183,4456.478664569469,4816,0,0,4816,0,0,0,0.0
7599,1777473006.6681945,decode,183,1852265,0.9492724396245068,1852665,183,4456.478664569469,4817,0,0,4817,2,0,0,0.0
7601,1777473006.717776,decode,183,1852631,0.9494600119820812,1852448,183,4456.478664569469,4817,0,0,4817,0,0,0,0.0
7602,1777473006.755596,decode,183,1832403,0.9390933080230233,1852631,183,4456.478664569469,4819,0,0,4819,0,0,0,0.0
7603,1777473006.792791,decode,183,1852403,0.9493431636281824,1852814,183,4456.478664569469,4821,0,0,4821,2,0,0,0.0
7605,1777473006.8477068,decode,183,1822158,0.9338428194892805,1852586,183,4456.478664569469,4821,0,0,4821,0,0,0,0.0
7606,1777473006.8844824,decode,183,1852158,0.9492176028970192,1852769,183,4456.478664569469,4823,0,0,4823,3,0,0,0.0
7608,1777473006.9347527,decode,183,1821924,0.9337228961787001,1852341,183,4456.478664569469,4822,0,0,4822,0,0,0,0.0
7609,1777473006.9719803,decode,183,1851924,0.9490976795864389,1852524,183,4456.478664569469,4824,0,0,4824,3,0,0,0.0
7611,1777473007.0221293,decode,183,1791057,0.9179037815304777,1852107,183,4456.478664569469,4823,0,0,4823,0,0,0,0.0
7612,1777473007.059093,decode,183,1851057,0.9486533483459552,1852290,183,4456.478664569469,4824,0,0,4824,6,0,0,0.0
7614,1777473007.1092668,decode,183,1820812,0.9331530042070533,1851240,183,4456.478664569469,4821,0,0,4821,0,0,0,0.0
7615,1777473007.1464512,decode,183,1850812,0.948527787614792,1851423,183,4456.478664569469,4822,0,0,4822,3,0,0,0.0
7617,1777473007.1965914,decode,183,1851178,0.9487153599723663,1850995,183,4456.478664569469,4821,0,0,4821,0,0,0,0.0
7618,1777473007.2341666,decode,183,1841161,0.9435817197925225,1851178,183,4456.478664569469,4823,0,0,4823,0,0,0,0.0
7619,1777473007.271392,decode,183,1851161,0.948706647595102,1851361,183,4456.478664569469,4825,0,0,4825,1,0,0,0.0
7621,1777473007.3223655,decode,183,1810716,0.9279788770975689,1851344,183,4456.478664569469,4826,0,0,4826,0,0,0,0.0
7622,1777473007.358597,decode,183,1850716,0.9484785883078872,1851527,183,4456.478664569469,4828,0,0,4828,4,0,0,0.0
7624,1777473007.4097445,decode,183,1840882,0.9434387343068305,1850899,183,4456.478664569469,4826,0,0,4826,0,0,0,0.0
7625,1777473007.447225,decode,183,1850882,0.94856366210941,1851082,183,4456.478664569469,4827,0,0,4827,1,0,0,0.0
7627,1777473007.4979665,decode,183,1830826,0.9382851069085564,1851065,183,4456.478664569469,4828,0,0,4828,0,0,0,0.0
7628,1777473007.5351508,decode,183,1850826,0.9485349625137156,1851248,183,4456.478664569469,4830,0,0,4830,2,0,0,0.0
7630,1777473007.5858629,decode,183,1830781,0.9382620447334448,1851009,183,4456.478664569469,4830,0,0,4830,0,0,0,0.0
7631,1777473007.6224902,decode,183,1850781,0.948511900338604,1851192,183,4456.478664569469,4832,0,0,4832,2,0,0,0.0
7633,1777473007.6719985,decode,183,1851147,0.9486994726961784,1850964,183,4456.478664569469,4832,0,0,4832,0,0,0,0.0
7634,1777473007.709843,decode,183,1830908,0.9383271313165376,1851147,183,4456.478664569469,4834,0,0,4834,0,0,0,0.0
7635,1777473007.7470057,decode,183,1850908,0.9485769869216968,1851330,183,4456.478664569469,4835,0,0,4835,2,0,0,0.0
7637,1777473007.7970388,decode,183,1820652,0.933071005362212,1851091,183,4456.478664569469,4835,0,0,4835,0,0,0,0.0
7638,1777473007.8341284,decode,183,1850652,0.9484457887699507,1851274,183,4456.478664569469,4837,0,0,4837,3,0,0,0.0
7640,1777473007.884581,decode,183,1810196,0.9277123808518347,1850835,183,4456.478664569469,4836,0,0,4836,0,0,0,0.0
7641,1777473007.921686,decode,183,1850196,0.9482120920621531,1851018,183,4456.478664569469,4838,0,0,4838,4,0,0,0.0
7643,1777473007.9717994,decode,183,1840351,0.9431666006405135,1850379,183,4238.834614323041,4836,0,0,4836,0,0,0,0.0
7644,1777473008.008994,decode,183,1850351,0.9482915284430931,1850562,183,4238.834614323041,4838,0,0,4838,1,0,0,0.0
7646,1777473008.0586898,decode,183,1830306,0.9380186106628223,1850534,183,4238.834614323041,4839,0,0,4839,0,0,0,0.0
7647,1777473008.0957074,decode,183,1850306,0.9482684662679814,1850717,183,4238.834614323041,4841,0,0,4841,2,0,0,0.0
7649,1777473008.1450763,decode,183,1850672,0.9484560386255558,1850489,183,4238.834614323041,4841,0,0,4841,0,0,0,0.0
7650,1777473008.1829278,decode,183,1830444,0.9380893346664979,1850672,183,4238.834614323041,4842,0,0,4842,0,0,0,0.0
7651,1777473008.219956,decode,183,1850444,0.948339190271657,1850855,183,4238.834614323041,4844,0,0,4844,2,0,0,0.0
7653,1777473008.2701826,decode,183,1809988,0.9276057823535411,1850627,183,4238.834614323041,4844,0,0,4844,0,0,0,0.0
7654,1777473008.3071756,decode,183,1849988,0.9481054935638594,1850810,183,4238.834614323041,4846,0,0,4846,4,0,0,0.0
7656,1777473008.357293,decode,183,1829943,0.9378325757835887,1850171,183,4238.834614323041,4844,0,0,4844,0,0,0,0.0
7657,1777473008.3946652,decode,183,1849943,0.9480824313887478,1850354,183,4238.834614323041,4846,0,0,4846,2,0,0,0.0
7659,1777473008.4447565,decode,183,1819687,0.932576449829263,1850126,183,4238.834614323041,4846,0,0,4846,0,0,0,0.0
7660,1777473008.4825475,decode,183,1849687,0.9479512332370018,1850309,183,4238.834614323041,4848,0,0,4848,3,0,0,0.0
7662,1777473008.5435112,decode,183,1819420,0.9324396142569341,1849870,183,4238.834614323041,4847,0,0,4847,0,0,0,0.0
7663,1777473008.5800557,decode,183,1849420,0.9478143976646729,1850053,183,4238.834614323041,4849,0,0,4849,3,0,0,0.0
7665,1777473008.629936,decode,183,1849786,0.9480019700222473,1849603,183,4238.834614323041,4848,0,0,4848,0,0,0,0.0
7666,1777473008.6673117,decode,183,1849969,0.9480957562010345,1849786,183,4238.834614323041,4850,0,0,4850,0,0,0,0.0
7667,1777473008.7051947,decode,183,1850152,0.9481895423798217,1849969,183,4238.834614323041,4851,0,0,4851,0,0,0,0.0
7668,1777473008.7428815,decode,183,1809524,0.9273679857035014,1850152,183,4238.834614323041,4853,0,0,4853,0,0,0,0.0
7669,1777473008.7799578,decode,183,1849524,0.9478676969138198,1850335,183,4238.834614323041,4855,0,0,4855,4,0,0,0.0
7671,1777473008.8296466,decode,183,1839679,0.9428222054921801,1849707,183,4238.834614323041,4853,0,0,4853,0,0,0,0.0
7672,1777473008.866898,decode,183,1849679,0.9479471332947597,1849890,183,4238.834614323041,4855,0,0,4855,1,0,0,0.0
7674,1777473008.9166436,decode,183,1829634,0.9376742155144889,1849862,183,4238.834614323041,4856,0,0,4856,0,0,0,0.0
7675,1777473008.9536328,decode,183,1849634,0.947924071119648,1850045,183,4238.834614323041,4857,0,0,4857,2,0,0,0.0
7677,1777473009.0037613,decode,183,1819400,0.932429364401329,1849817,183,4238.834614323041,4858,0,0,4858,0,0,0,0.0
7678,1777473009.0408645,decode,183,1849400,0.9478041478090677,1850000,183,4238.834614323041,4859,0,0,4859,3,0,0,0.0
7680,1777473009.0904884,decode,183,1849766,0.9479917201666421,1849583,183,4238.834614323041,4859,0,0,4859,0,0,0,0.0
7681,1777473009.1287463,decode,183,1798949,0.9219483745522735,1849766,183,4238.834614323041,4860,0,0,4860,0,0,0,0.0
7682,1777473009.1657064,decode,183,1848949,0.9475730135651714,1849949,183,4238.834614323041,4862,0,0,4862,5,0,0,0.0
7684,1777473009.2163913,decode,183,1798315,0.9216234541295899,1849132,183,4238.834614323041,4859,0,0,4859,0,0,0,0.0
7685,1777473009.2533226,decode,183,1848315,0.9472480931424878,1849315,183,4238.834614323041,4861,0,0,4861,5,0,0,0.0
7687,1777473009.3030713,decode,183,1828270,0.9369751753622171,1848498,183,4238.834614323041,4858,0,0,4858,0,0,0,0.0
7688,1777473009.3401182,decode,183,1848270,0.9472250309673762,1848681,183,4238.834614323041,4860,0,0,4860,2,0,0,0.0
7690,1777473009.3904254,decode,183,1848636,0.9474126033249507,1848453,183,4238.834614323041,4860,0,0,4860,0,0,0,0.0
7691,1777473009.427199,decode,183,1848819,0.9475063895037379,1848636,183,4238.834614323041,4861,0,0,4861,0,0,0,0.0
7692,1777473009.4650536,decode,183,1838791,0.942367111903311,1848819,183,4238.834614323041,4863,0,0,4863,0,0,0,0.0
7693,1777473009.5024688,decode,183,1848791,0.9474920397058907,1849002,183,4238.834614323041,4865,0,0,4865,1,0,0,0.0
7695,1777473009.5527544,decode,183,1849157,0.9476796120634651,1848974,183,4238.834614323041,4866,0,0,4866,0,0,0,0.0
7696,1777473009.5911863,decode,183,1757496,0.9007040113322403,1849157,183,4238.834614323041,4867,0,0,4867,0,0,0,0.0
7697,1777473009.6285985,decode,183,1827098,0.9363745338237548,1849340,183,4238.834614323041,4869,0,0,4869,9,0,0,0.0
7700,1777473009.6878698,decode,183,1837253,0.9415788980072743,1847281,183,4265.567012887419,4860,0,0,4860,0,0,0,0.0
7701,1777473009.7249522,decode,183,1847253,0.9467038258098539,1847464,183,4265.567012887419,4862,0,0,4862,1,0,0,0.0
7703,1777473009.774709,decode,183,1837408,0.9416583343882143,1847436,183,4265.567012887419,4863,0,0,4863,0,0,0,0.0
7704,1777473009.8123348,decode,183,1827010,0.936329434459092,1847619,183,4265.567012887419,4865,0,0,4865,1,0,0,0.0
7707,1777473009.8705025,decode,183,1837165,0.9415337986426117,1847193,183,4265.567012887419,4865,0,0,4865,0,0,0,0.0
7708,1777473009.9077058,decode,183,1847165,0.9466587264451912,1847376,183,4265.567012887419,4866,0,0,4866,1,0,0,0.0
7710,1777473009.9572837,decode,183,1847531,0.9468462988027656,1847348,183,4265.567012887419,4867,0,0,4867,0,0,0,0.0
7711,1777473009.9947414,decode,183,1847714,0.9469400849815528,1847531,183,4265.567012887419,4869,0,0,4869,0,0,0,0.0
7712,1777473010.0322137,decode,183,1847897,0.94703387116034,1847714,183,4265.567012887419,4871,0,0,4871,0,0,0,0.0
7713,1777473010.0710254,decode,183,1715414,0.879137290153425,1847897,183,4265.567012887419,4872,0,0,4872,0,0,0,0.0
7714,1777473010.1083446,decode,183,1835215,0.9405344377211086,1848080,183,4265.567012887419,4874,0,0,4874,13,0,0,0.0
7717,1777473010.1666925,decode,183,1855398,0.950878079505055,1845398,183,4265.567012887419,4863,0,0,4863,1,0,0,0.0
7719,1777473010.2178524,decode,184,1855766,0.9510666768481899,1855582,184,4265.567012887419,4864,0,0,4864,0,0,0,0.0
7720,1777473010.255353,decode,184,1855950,0.9511609755197573,1855766,184,4265.567012887419,4866,0,0,4866,0,0,0,0.0
7721,1777473010.2933955,decode,184,1835723,0.9407947840534796,1855950,184,4265.567012887419,4867,0,0,4867,0,0,0,0.0
7722,1777473010.3311315,decode,184,1835314,0.9405851745063541,1856134,184,4265.567012887419,4869,0,0,4869,2,0,0,0.0
7725,1777473010.3897803,decode,183,1855497,0.9509288162903005,1845497,183,4265.567012887419,4868,0,0,4868,1,0,0,0.0
7727,1777473010.4417925,decode,184,1855865,0.9511174136334355,1855681,184,4265.567012887419,4869,0,0,4869,0,0,0,0.0
7728,1777473010.479175,decode,184,1856049,0.9512117123050029,1855865,184,4265.567012887419,4871,0,0,4871,0,0,0,0.0
7729,1777473010.5168467,decode,184,1856233,0.9513060109765704,1856049,184,4265.567012887419,4873,0,0,4873,0,0,0,0.0
7730,1777473010.5573585,decode,184,1784973,0.9147857754553883,1856233,184,4265.567012887419,4874,0,0,4874,0,0,0,0.0
7731,1777473010.5929906,decode,184,1834774,0.9403084284050148,1856417,184,4265.567012887419,4876,0,0,4876,6,0,0,0.0
7734,1777473010.6543486,decode,183,1854957,0.9506520701889613,1844957,183,4265.567012887419,4871,0,0,4871,1,0,0,0.0
7736,1777473010.7055492,decode,184,1845125,0.945613241173465,1855141,184,4265.567012887419,4873,0,0,4873,0,0,0,0.0
7737,1777473010.7427275,decode,184,1855125,0.9507381689760446,1855325,184,4265.567012887419,4874,0,0,4874,1,0,0,0.0
7739,1777473010.7929082,decode,184,1824871,0.9352332124021203,1855309,184,4265.567012887419,4875,0,0,4875,0,0,0,0.0
7740,1777473010.8304174,decode,184,1844661,0.9453754445234253,1855493,184,4265.567012887419,4877,0,0,4877,3,0,0,0.0
7743,1777473010.8874319,decode,184,1855029,0.9506889696691397,1854845,184,4265.567012887419,4876,0,0,4876,0,0,0,0.0
7744,1777473010.9249458,decode,184,1855213,0.9507832683407073,1855029,184,4265.567012887419,4877,0,0,4877,0,0,0,0.0
7745,1777473010.9625318,decode,184,1855397,0.9508775670122747,1855213,184,4265.567012887419,4879,0,0,4879,0,0,0,0.0
7746,1777473011.0000255,decode,184,1855581,0.9509718656838422,1855397,184,4265.567012887419,4881,0,0,4881,0,0,0,0.0
7747,1777473011.0383856,decode,184,1794532,0.9196846939418741,1855581,184,4265.567012887419,4882,0,0,4882,0,0,0,0.0
7748,1777473011.0755656,decode,184,1834333,0.9400824190889211,1855765,184,4265.567012887419,4884,0,0,4884,5,0,0,0.0
7751,1777473011.1327264,decode,183,1854516,0.9504260608728674,1844516,183,4265.567012887419,4881,0,0,4881,1,0,0,0.0
7753,1777473011.1831524,decode,184,1854884,0.9506146582160023,1854700,184,4265.567012887419,4882,0,0,4882,0,0,0,0.0
7754,1777473011.2205734,decode,184,1855068,0.9507089568875698,1854884,184,4265.567012887419,4883,0,0,4883,0,0,0,0.0
7755,1777473011.2582438,decode,184,1855252,0.9508032555591374,1855068,184,4265.567012887419,4885,0,0,4885,0,0,0,0.0
7756,1777473011.2958105,decode,184,1855436,0.9508975542307048,1855252,184,4265.567012887419,4887,0,0,4887,0,0,0,0.0
7757,1777473011.3337958,decode,184,1835209,0.9405313627644271,1855436,184,4265.567012887419,4889,0,0,4889,0,0,0,0.0
7758,1777473011.3713787,decode,184,1845010,0.9455543045037353,1855620,184,4265.567012887419,4890,0,0,4890,2,0,0,0.0
7761,1777473011.4285831,decode,184,1855378,0.9508678296494498,1855194,184,4220.109470695287,4890,0,0,4890,0,0,0,0.0
7762,1777473011.467563,decode,184,1855562,0.9509621283210172,1855378,184,4220.109470695287,4891,0,0,4891,0,0,0,0.0
7763,1777473011.5053952,decode,184,1825113,0.9353572356549427,1855562,184,4220.109470695287,4893,0,0,4893,0,0,0,0.0
7764,1777473011.541888,decode,184,1855113,0.9507320190626815,1855746,184,4220.109470695287,4895,0,0,4895,3,0,0,0.0
7766,1777473011.592884,decode,184,1855481,0.9509206164058164,1855297,184,4220.109470695287,4894,0,0,4894,0,0,0,0.0
7767,1777473011.6305842,decode,184,1855665,0.9510149150773839,1855481,184,4220.109470695287,4896,0,0,4896,0,0,0,0.0
7768,1777473011.6679919,decode,184,1855849,0.9511092137489513,1855665,184,4220.109470695287,4897,0,0,4897,0,0,0,0.0
7769,1777473011.7059653,decode,184,1835611,0.9407373848620908,1855849,184,4220.109470695287,4899,0,0,4899,0,0,0,0.0
7770,1777473011.7431993,decode,184,1855611,0.9509872404672499,1856033,184,4220.109470695287,4901,0,0,4901,2,0,0,0.0
7772,1777473011.7937145,decode,184,1784524,0.9145556661970524,1855795,184,4220.109470695287,4901,0,0,4901,0,0,0,0.0
7773,1777473011.8308227,decode,184,1834314,0.9400726817260961,1855979,184,4220.109470695287,4903,0,0,4903,6,0,0,0.0
7776,1777473011.8995845,decode,183,1854497,0.9504163235100426,1844497,183,4220.109470695287,4898,0,0,4898,1,0,0,0.0
7778,1777473011.9512947,decode,184,1854865,0.9506049208531775,1854681,184,4220.109470695287,4900,0,0,4900,0,0,0,0.0
7779,1777473011.9890895,decode,184,1834638,0.9402387293868998,1854865,184,4220.109470695287,4901,0,0,4901,0,0,0,0.0
7780,1777473012.0263777,decode,184,1854638,0.9504885849920589,1855049,184,4220.109470695287,4903,0,0,4903,2,0,0,0.0
7782,1777473012.0764594,decode,184,1844806,0.9454497559765627,1854822,184,4220.109470695287,4903,0,0,4903,0,0,0,0.0
7783,1777473012.1138194,decode,184,1854806,0.9505746837791422,1855006,184,4220.109470695287,4905,0,0,4905,1,0,0,0.0
7785,1777473012.163689,decode,184,1855174,0.9507632811222771,1854990,184,4220.109470695287,4906,0,0,4906,0,0,0,0.0
7786,1777473012.2013006,decode,184,1855358,0.9508575797938447,1855174,184,4220.109470695287,4908,0,0,4908,0,0,0,0.0
7787,1777473012.238864,decode,184,1855542,0.9509518784654121,1855358,184,4220.109470695287,4909,0,0,4909,0,0,0,0.0
7788,1777473012.2768023,decode,184,1835315,0.9405856869991344,1855542,184,4220.109470695287,4911,0,0,4911,0,0,0,0.0
7789,1777473012.3141599,decode,184,1845116,0.9456086287384426,1855726,184,4220.109470695287,4913,0,0,4913,2,0,0,0.0
7792,1777473012.3749712,decode,184,1855484,0.9509221538841571,1855300,184,4220.109470695287,4912,0,0,4912,0,0,0,0.0
7793,1777473012.4124508,decode,184,1855668,0.9510164525557246,1855484,184,4220.109470695287,4914,0,0,4914,0,0,0,0.0
7794,1777473012.4500678,decode,184,1855852,0.951110751227292,1855668,184,4220.109470695287,4916,0,0,4916,0,0,0,0.0
7795,1777473012.4876575,decode,184,1856036,0.9512050498988596,1855852,184,4220.109470695287,4918,0,0,4918,0,0,0,0.0
7796,1777473012.525239,decode,184,1856220,0.951299348570427,1856036,184,4220.109470695287,4919,0,0,4919,0,0,0,0.0
7797,1777473012.5628579,decode,184,1856404,0.9513936472419945,1856220,184,4220.109470695287,4921,0,0,4921,0,0,0,0.0
7798,1777473012.600555,decode,184,1856588,0.9514879459135619,1856404,184,4220.109470695287,4923,0,0,4923,0,0,0,0.0
7799,1777473012.6380668,decode,184,1856772,0.9515822445851294,1856588,184,4220.109470695287,4924,0,0,4924,0,0,0,0.0
7800,1777473012.6756341,decode,184,1856956,0.9516765432566968,1856772,184,4220.109470695287,4926,0,0,4926,0,0,0,0.0
7801,1777473012.7135458,decode,184,1836718,0.9413047143698363,1856956,184,4220.109470695287,4927,0,0,4927,0,0,0,0.0
7802,1777473012.7507706,decode,184,1846718,0.9464296421724159,1857140,184,4220.109470695287,4929,0,0,4929,1,0,0,0.0
7804,1777473012.8006725,decode,183,1856901,0.9516483561537827,1846901,183,4220.109470695287,4930,0,0,4930,1,0,0,0.0
7806,1777473012.8507662,decode,184,1857269,0.9518369534969177,1857085,184,4220.109470695287,4931,0,0,4931,0,0,0,0.0
7807,1777473012.8895667,decode,184,1857453,0.9519312521684851,1857269,184,4220.109470695287,4933,0,0,4933,0,0,0,0.0
7808,1777473012.9263208,decode,184,1857637,0.9520255508400526,1857453,184,4220.109470695287,4935,0,0,4935,0,0,0,0.0
7809,1777473012.9636724,decode,184,1857821,0.95211984951162,1857637,184,4220.109470695287,4936,0,0,4936,0,0,0,0.0
7810,1777473013.001133,decode,184,1858005,0.9522141481831875,1857821,184,4220.109470695287,4938,0,0,4938,0,0,0,0.0
7811,1777473013.0387769,decode,184,1858189,0.9523084468547549,1858005,184,4220.109470695287,4940,0,0,4940,0,0,0,0.0
7812,1777473013.0764246,decode,184,1858373,0.9524027455263224,1858189,184,4465.253973953007,4941,0,0,4941,0,0,0,0.0
7813,1777473013.1141214,decode,184,1858557,0.9524970441978898,1858373,184,4465.253973953007,4943,0,0,4943,0,0,0,0.0
7814,1777473013.1517708,decode,184,1858741,0.9525913428694573,1858557,184,4465.253973953007,4945,0,0,4945,0,0,0,0.0
7815,1777473013.189628,decode,184,1838525,0.9422307888237624,1858741,184,4465.253973953007,4946,0,0,4946,0,0,0,0.0
7816,1777473013.2269015,decode,184,1848525,0.947355716626342,1858925,184,4465.253973953007,4948,0,0,4948,1,0,0,0.0
7818,1777473013.2767713,decode,183,1848891,0.9475432889839165,1848708,183,4465.253973953007,4949,0,0,4949,0,0,0,0.0
7819,1777473013.3143919,decode,183,1849074,0.9476370751627037,1848891,183,4465.253973953007,4951,0,0,4951,0,0,0,0.0
7820,1777473013.3540978,decode,183,1849257,0.9477308613414909,1849074,183,4465.253973953007,4953,0,0,4953,0,0,0,0.0
7821,1777473013.3900852,decode,183,1849440,0.9478246475202781,1849257,183,4465.253973953007,4954,0,0,4954,0,0,0,0.0
7822,1777473013.426935,decode,183,1849623,0.9479184336990653,1849440,183,4465.253973953007,4955,0,0,4955,0,0,0,0.0
7823,1777473013.4647667,decode,183,1829406,0.9375573671605901,1849623,183,4465.253973953007,4957,0,0,4957,0,0,0,0.0
7824,1777473013.501813,decode,183,1849406,0.9478072227657492,1849806,183,4465.253973953007,4959,0,0,4959,2,0,0,0.0
7826,1777473013.5514843,decode,183,1849772,0.9479947951233237,1849589,183,4465.253973953007,4959,0,0,4959,0,0,0,0.0
7827,1777473013.5907815,decode,183,1849955,0.9480885813021109,1849772,183,4465.253973953007,4961,0,0,4961,0,0,0,0.0
7828,1777473013.6280031,decode,183,1819527,0.9324944509844217,1849955,183,4465.253973953007,4962,0,0,4962,0,0,0,0.0
7829,1777473013.6647542,decode,183,1849527,0.9478692343921605,1850138,183,4465.253973953007,4964,0,0,4964,3,0,0,0.0
7831,1777473013.7185783,decode,183,1839693,0.9428293803911038,1849710,183,4465.253973953007,4963,0,0,4963,0,0,0,0.0
7832,1777473013.7555182,decode,183,1849693,0.9479543081936833,1849893,183,4465.253973953007,4965,0,0,4965,1,0,0,0.0
7834,1777473013.8053644,decode,183,1850059,0.9481418805512577,1849876,183,4465.253973953007,4966,0,0,4966,0,0,0,0.0
7835,1777473013.8431406,decode,183,1829842,0.9377808140127826,1850059,183,4465.253973953007,4968,0,0,4968,0,0,0,0.0
7836,1777473013.8802862,decode,183,1849842,0.9480306696179418,1850242,183,4465.253973953007,4969,0,0,4969,2,0,0,0.0
7838,1777473013.930743,decode,183,1839997,0.9429851781963021,1850025,183,4465.253973953007,4969,0,0,4969,0,0,0,0.0
7839,1777473013.9679637,decode,183,1849997,0.9481101059988818,1850208,183,4465.253973953007,4971,0,0,4971,1,0,0,0.0
7841,1777473014.0180426,decode,183,1850363,0.9482976783564562,1850180,183,4465.253973953007,4972,0,0,4972,0,0,0,0.0
7842,1777473014.055576,decode,183,1850546,0.9483914645352434,1850363,183,4465.253973953007,4974,0,0,4974,0,0,0,0.0
7843,1777473014.093178,decode,183,1850729,0.9484852507140306,1850546,183,4465.253973953007,4976,0,0,4976,0,0,0,0.0
7844,1777473014.1306548,decode,183,1850912,0.9485790368928178,1850729,183,4465.253973953007,4977,0,0,4977,0,0,0,0.0
7845,1777473014.1681418,decode,183,1851095,0.9486728230716049,1850912,183,4465.253973953007,4979,0,0,4979,0,0,0,0.0
7846,1777473014.2056186,decode,183,1851278,0.9487666092503921,1851095,183,4465.253973953007,4981,0,0,4981,0,0,0,0.0
7847,1777473014.2432973,decode,183,1851461,0.9488603954291794,1851278,183,4465.253973953007,4982,0,0,4982,0,0,0,0.0
7848,1777473014.2806907,decode,183,1851644,0.9489541816079666,1851461,183,4465.253973953007,4984,0,0,4984,0,0,0,0.0
7849,1777473014.318136,decode,183,1851827,0.9490479677867538,1851644,183,4465.253973953007,4986,0,0,4986,0,0,0,0.0
7850,1777473014.35605,decode,183,1841810,0.9439143276069099,1851827,183,4465.253973953007,4987,0,0,4987,0,0,0,0.0
7851,1777473014.393336,decode,183,1851810,0.9490392554094894,1852010,183,4465.253973953007,4989,0,0,4989,1,0,0,0.0
7853,1777473014.4440696,decode,183,1831765,0.9387663376292187,1851993,183,4465.253973953007,4990,0,0,4990,0,0,0,0.0
7854,1777473014.4811516,decode,183,1851765,0.9490161932343778,1852176,183,4465.253973953007,4992,0,0,4992,2,0,0,0.0
7856,1777473014.5317807,decode,183,1821520,0.9335158490954759,1851948,183,4465.253973953007,4992,0,0,4992,0,0,0,0.0
7857,1777473014.5689414,decode,183,1851520,0.9488906325032146,1852131,183,4465.253973953007,4994,0,0,4994,3,0,0,0.0
7859,1777473014.6233475,decode,183,1851886,0.949078204860789,1851703,183,4465.253973953007,4993,0,0,4993,0,0,0,0.0
7860,1777473014.6606464,decode,183,1852069,0.9491719910395763,1851886,183,4465.253973953007,4995,0,0,4995,0,0,0,0.0
7861,1777473014.6980813,decode,183,1852252,0.9492657772183635,1852069,183,4516.358571594436,4996,0,0,4996,0,0,0,0.0
7862,1777473014.7359326,decode,183,1832024,0.9388990732593054,1852252,183,4516.358571594436,4998,0,0,4998,0,0,0,0.0
7863,1777473014.7729442,decode,183,1852024,0.9491489288644647,1852435,183,4516.358571594436,5000,0,0,5000,2,0,0,0.0
7865,1777473014.8231337,decode,183,1821768,0.9336429473049799,1852207,183,4516.358571594436,5000,0,0,5000,0,0,0,0.0
7866,1777473014.8603969,decode,183,1851768,0.9490177307127186,1852390,183,4516.358571594436,5002,0,0,5002,3,0,0,0.0
7868,1777473014.910432,decode,183,1852134,0.949205303070293,1851951,183,4516.358571594436,5001,0,0,5001,0,0,0,0.0
7869,1777473014.9479287,decode,183,1852317,0.9492990892490802,1852134,183,4516.358571594436,5003,0,0,5003,0,0,0,0.0
7870,1777473014.9858267,decode,183,1832100,0.9389380227106051,1852317,183,4516.358571594436,5004,0,0,5004,0,0,0,0.0
7871,1777473015.0231383,decode,183,1852100,0.9491878783157642,1852500,183,4516.358571594436,5006,0,0,5006,2,0,0,0.0
7873,1777473015.0735462,decode,183,1842266,0.9441480243147075,1852283,183,4516.358571594436,5006,0,0,5006,0,0,0,0.0
7874,1777473015.1109424,decode,183,1852266,0.949272952117287,1852466,183,4516.358571594436,5008,0,0,5008,1,0,0,0.0
7876,1777473015.1608746,decode,183,1852632,0.9494605244748615,1852449,183,4516.358571594436,5009,0,0,5009,0,0,0,0.0
7877,1777473015.198584,decode,183,1842615,0.9443268842950175,1852632,183,4516.358571594436,5011,0,0,5011,0,0,0,0.0
7878,1777473015.2357588,decode,183,1852615,0.9494518120975971,1852815,183,4516.358571594436,5012,0,0,5012,1,0,0,0.0
7880,1777473015.2859771,decode,183,1852981,0.9496393844551715,1852798,183,4516.358571594436,5014,0,0,5014,0,0,0,0.0
7881,1777473015.3233938,decode,183,1853164,0.9497331706339587,1852981,183,4516.358571594436,5015,0,0,5015,0,0,0,0.0
7882,1777473015.3614457,decode,183,1832936,0.9393664666749008,1853164,183,4516.358571594436,5017,0,0,5017,0,0,0,0.0
7883,1777473015.3986206,decode,183,1852936,0.9496163222800599,1853347,183,4516.358571594436,5019,0,0,5019,2,0,0,0.0
7885,1777473015.4493496,decode,183,1781880,0.9132006352860504,1853119,183,4516.358571594436,5019,0,0,5019,0,0,0,0.0
7886,1777473015.4862816,decode,183,1851880,0.9490751299041075,1853302,183,4516.358571594436,5021,0,0,5021,7,0,0,0.0
7888,1777473015.536708,decode,183,1831835,0.9388022121238367,1852063,183,4516.358571594436,5016,0,0,5016,0,0,0,0.0
7889,1777473015.5739098,decode,183,1851835,0.9490520677289959,1852246,183,4516.358571594436,5017,0,0,5017,2,0,0,0.0
7891,1777473015.6241913,decode,183,1852201,0.9492396400865702,1852018,183,4516.358571594436,5018,0,0,5018,0,0,0,0.0
7892,1777473015.6620543,decode,183,1831973,0.9388729361275123,1852201,183,4516.358571594436,5019,0,0,5019,0,0,0,0.0
7893,1777473015.6997888,decode,183,1851973,0.9491227917326714,1852384,183,4516.358571594436,5021,0,0,5021,2,0,0,0.0
7895,1777473015.7512581,decode,183,1801306,0.9231563200353415,1852156,183,4516.358571594436,5021,0,0,5021,0,0,0,0.0
7896,1777473015.78806,decode,183,1851306,0.9487809590482394,1852339,183,4516.358571594436,5023,0,0,5023,5,0,0,0.0
7898,1777473015.9017546,decode,183,1821050,0.9332749774887547,1851489,183,4516.358571594436,5022,0,0,5022,0,0,0,0.0
7899,1777473015.9385636,decode,183,1851050,0.9486497608964933,1851672,183,4516.358571594436,5024,0,0,5024,3,0,0,0.0
7901,1777473015.9890862,decode,183,1831005,0.9383768431162226,1851233,183,4516.358571594436,5023,0,0,5023,0,0,0,0.0
7902,1777473016.0260227,decode,183,1851005,0.9486266987213817,1851416,183,4516.358571594436,5025,0,0,5025,2,0,0,0.0
7904,1777473016.076192,decode,183,1820749,0.9331207171618969,1851188,183,4516.358571594436,5025,0,0,5025,0,0,0,0.0
7905,1777473016.113476,decode,183,1850749,0.9484955005696357,1851371,183,4516.358571594436,5026,0,0,5026,3,0,0,0.0
7907,1777473016.1638277,decode,183,1851115,0.9486830729272101,1850932,183,4516.358571594436,5026,0,0,5026,0,0,0,0.0
7908,1777473016.2014406,decode,183,1851298,0.9487768591059973,1851115,183,4516.358571594436,5027,0,0,5027,0,0,0,0.0
7909,1777473016.2388976,decode,183,1851481,0.9488706452847846,1851298,183,4516.358571594436,5029,0,0,5029,0,0,0,0.0
7910,1777473016.2770195,decode,183,1810842,0.9280434511878813,1851481,183,4516.358571594436,5031,0,0,5031,0,0,0,0.0
7911,1777473016.3139703,decode,183,1850842,0.9485431623981997,1851664,183,4516.358571594436,5032,0,0,5032,4,0,0,0.0
7913,1777473016.3658898,decode,183,1820608,0.9330484556798806,1851025,183,4516.358571594436,5031,0,0,5031,0,0,0,0.0
7914,1777473016.4023306,decode,183,1850608,0.9484232390876194,1851208,183,4516.358571594436,5032,0,0,5032,3,0,0,0.0
7916,1777473016.4528642,decode,183,1840763,0.9433777476659797,1850791,183,4171.456531530016,5031,0,0,5031,0,0,0,0.0
7917,1777473016.4899485,decode,183,1850763,0.9485026754685594,1850974,183,4171.456531530016,5033,0,0,5033,1,0,0,0.0
7919,1777473016.5401523,decode,183,1830718,0.9382297576882885,1850946,183,4171.456531530016,5034,0,0,5034,0,0,0,0.0
7920,1777473016.5771995,decode,183,1850718,0.9484796132934478,1851129,183,4171.456531530016,5035,0,0,5035,2,0,0,0.0
7922,1777473016.627302,decode,183,1851084,0.9486671856510221,1850901,183,4171.456531530016,5036,0,0,5036,0,0,0,0.0
7923,1777473016.6652775,decode,183,1820645,0.9330674179127502,1851084,183,4171.456531530016,5037,0,0,5037,0,0,0,0.0
7924,1777473016.7023194,decode,183,1850645,0.9484422013204888,1851267,183,4171.456531530016,5039,0,0,5039,3,0,0,0.0
7926,1777473016.7529876,decode,183,1830600,0.9381692835402181,1850828,183,4171.456531530016,5038,0,0,5038,0,0,0,0.0
7927,1777473016.7900298,decode,183,1850600,0.9484191391453773,1851011,183,4171.456531530016,5040,0,0,5040,2,0,0,0.0
7929,1777473016.8401725,decode,183,1830555,0.9381462213651065,1850783,183,4171.456531530016,5040,0,0,5040,0,0,0,0.0
7930,1777473016.8786824,decode,183,1850555,0.9483960769702657,1850966,183,4171.456531530016,5042,0,0,5042,2,0,0,0.0
7932,1777473016.9304228,decode,183,1830510,0.9381231591899949,1850738,183,4171.456531530016,5042,0,0,5042,0,0,0,0.0
7933,1777473016.9675663,decode,183,1850510,0.9483730147951541,1850921,183,4171.456531530016,5044,0,0,5044,2,0,0,0.0
7935,1777473017.0177798,decode,183,1830465,0.9381000970148833,1850693,183,4171.456531530016,5044,0,0,5044,0,0,0,0.0
7936,1777473017.0548642,decode,183,1850465,0.9483499526200425,1850876,183,4171.456531530016,5045,0,0,5045,2,0,0,0.0
7938,1777473017.105089,decode,183,1850831,0.9485375249776169,1850648,183,4171.456531530016,5046,0,0,5046,0,0,0,0.0
7939,1777473017.1428258,decode,183,1840803,0.94339824737719,1850831,183,4171.456531530016,5047,0,0,5047,0,0,0,0.0
7940,1777473017.1800635,decode,183,1850803,0.9485231751797697,1851014,183,4171.456531530016,5049,0,0,5049,1,0,0,0.0
7942,1777473017.2308977,decode,183,1820536,0.933011556199702,1850986,183,4171.456531530016,5050,0,0,5050,0,0,0,0.0
7943,1777473017.2678933,decode,183,1850536,0.9483863396074408,1851169,183,4171.456531530016,5052,0,0,5052,3,0,0,0.0
7945,1777473018.270491,decode,183,1830491,0.9381134218271701,1850719,183,4171.456531530016,5090,0,0,5090,0,0,0,0.0
7946,1777473018.307234,decode,183,1850491,0.9483632774323292,1850902,183,4171.456531530016,5091,0,0,5091,2,0,0,0.0
7948,1777473018.3583324,decode,183,1820235,0.9328572958728444,1850674,183,4171.456531530016,5092,0,0,5092,0,0,0,0.0
7949,1777473018.395403,decode,183,1850235,0.9482320792805832,1850857,183,4171.456531530016,5093,0,0,5093,3,0,0,0.0
7951,1777473018.446209,decode,183,1819979,0.9327260977210984,1850418,183,4171.456531530016,5092,0,0,5092,0,0,0,0.0
7952,1777473018.483271,decode,183,1849979,0.9481008811288371,1850601,183,4171.456531530016,5094,0,0,5094,3,0,0,0.0
7954,1777473018.533477,decode,183,1850345,0.9482884534864116,1850162,183,4171.456531530016,5093,0,0,5093,0,0,0,0.0
7955,1777473018.571587,decode,183,1809728,0.927472534230674,1850345,183,4171.456531530016,5095,0,0,5095,0,0,0,0.0
7956,1777473018.608697,decode,183,1849728,0.9479722454409923,1850528,183,4171.456531530016,5097,0,0,5097,4,0,0,0.0
7958,1777473018.6597886,decode,183,1768450,0.906317857247186,1849911,183,4171.456531530016,5095,0,0,5095,0,0,0,0.0
7959,1777473018.6966102,decode,183,1848450,0.9473172796678226,1850094,183,4171.456531530016,5097,0,0,5097,8,0,0,0.0
7961,1777473018.746958,decode,183,1848816,0.9475048520253971,1848633,183,4171.456531530016,5091,0,0,5091,0,0,0,0.0
7962,1777473018.7843013,decode,183,1848999,0.9475986382041843,1848816,183,4171.456531530016,5092,0,0,5092,0,0,0,0.0
7963,1777473018.8220224,decode,183,1838971,0.9424593606037575,1848999,183,4171.456531530016,5094,0,0,5094,0,0,0,0.0
7964,1777473018.8591728,decode,183,1848971,0.9475842884063371,1849182,183,4171.456531530016,5096,0,0,5096,1,0,0,0.0
7966,1777473018.9095767,decode,183,1828915,0.9373057332054835,1849154,183,4171.456531530016,5097,0,0,5097,0,0,0,0.0
7967,1777473018.9467394,decode,183,1848915,0.9475555888106426,1849337,183,4171.456531530016,5099,0,0,5099,2,0,0,0.0
7969,1777473018.9967668,decode,183,1849281,0.947743161168217,1849098,183,4171.456531530016,5099,0,0,5099,0,0,0,0.0
7970,1777473019.0348268,decode,183,1818853,0.9321490308505279,1849281,183,4171.456531530016,5100,0,0,5100,0,0,0,0.0
7971,1777473019.0718796,decode,183,1848853,0.9475238142582666,1849464,183,4171.456531530016,5102,0,0,5102,3,0,0,0.0
7973,1777473019.122561,decode,183,1839008,0.942478322836627,1849036,183,2741.8842165151445,5101,0,0,5101,0,0,0,0.0
7974,1777473019.159866,decode,183,1849008,0.9476032506392066,1849219,183,2741.8842165151445,5103,0,0,5103,1,0,0,0.0
7976,1777473019.21068,decode,183,1808552,0.9268698427210906,1849191,183,2741.8842165151445,5104,0,0,5104,0,0,0,0.0
7977,1777473019.247748,decode,183,1848552,0.947369553931409,1849374,183,2741.8842165151445,5106,0,0,5106,4,0,0,0.0
7979,1777473019.2984443,decode,183,1838718,0.9423296999303522,1848735,183,2741.8842165151445,5104,0,0,5104,0,0,0,0.0
7980,1777473019.3358998,decode,183,1848718,0.9474546277329318,1848918,183,2741.8842165151445,5106,0,0,5106,1,0,0,0.0
7982,1777473019.388004,decode,183,1838873,0.9424091363112922,1848901,183,2741.8842165151445,5107,0,0,5107,0,0,0,0.0
7983,1777473019.4250877,decode,183,1848873,0.9475340641138718,1849084,183,2741.8842165151445,5109,0,0,5109,1,0,0,0.0
7985,1777473019.4761546,decode,183,1849239,0.9477216364714462,1849056,183,2741.8842165151445,5109,0,0,5109,0,0,0,0.0
7986,1777473019.5153513,decode,183,1675923,0.8588984377682579,1849239,183,2741.8842165151445,5111,0,0,5111,0,0,0,0.0
7987,1777473019.5617478,decode,183,1845923,0.9460222104121108,1849422,183,2741.8842165151445,5113,0,0,5113,17,0,0,0.0
7989,1777473019.6135364,decode,183,1845896,0.9460083731070439,1846106,183,2741.8842165151445,5098,0,0,5098,1,0,0,0.0
7992,1777473019.6735299,decode,184,1856264,0.9513218982527584,1856080,184,2741.8842165151445,5099,0,0,5099,0,0,0,0.0
7993,1777473019.711218,decode,184,1846237,0.9461831331451118,1856264,184,2741.8842165151445,5101,0,0,5101,0,0,0,0.0
7994,1777473019.7488465,decode,184,1835839,0.9408542332159896,1856448,184,2741.8842165151445,5102,0,0,5102,1,0,0,0.0
7997,1777473019.806297,decode,183,1856022,0.9511978749999359,1846022,183,2741.8842165151445,5103,0,0,5103,1,0,0,0.0
7999,1777473019.8578415,decode,184,1856390,0.9513864723430708,1856206,184,2741.8842165151445,5104,0,0,5104,0,0,0,0.0
8000,1777473019.894124,decode,184,1856574,0.9514807710146383,1856390,184,2741.8842165151445,5106,0,0,5106,0,0,0,0.0
8001,1777473019.9316037,decode,184,1856758,0.9515750696862058,1856574,184,2741.8842165151445,5107,0,0,5107,0,0,0,0.0
8002,1777473019.9690166,decode,184,1856942,0.9516693683577733,1856758,184,2741.8842165151445,5109,0,0,5109,0,0,0,0.0
8003,1777473020.0076215,decode,184,1765260,0.9046830052781631,1856942,184,2741.8842165151445,5111,0,0,5111,0,0,0,0.0
8004,1777473020.044734,decode,184,1835050,0.940449876412366,1857126,184,2741.8842165151445,5112,0,0,5112,8,0,0,0.0
8007,1777473020.1024976,decode,183,1855233,0.9507935181963124,1845233,183,2741.8842165151445,5106,0,0,5106,1,0,0,0.0
8009,1777473020.1536355,decode,184,1845401,0.9457546891808162,1855417,184,2741.8842165151445,5107,0,0,5107,0,0,0,0.0
8010,1777473020.1907496,decode,184,1855401,0.9508796169833957,1855601,184,2741.8842165151445,5109,0,0,5109,1,0,0,0.0
8012,1777473020.240982,decode,184,1845558,0.9458351505473167,1855585,184,2741.8842165151445,5110,0,0,5110,0,0,0,0.0
8013,1777473020.2785573,decode,184,1845348,0.9457275270634625,1855769,184,2741.8842165151445,5112,0,0,5112,1,0,0,0.0
8016,1777473020.3564446,decode,184,1855716,0.951041052209177,1855532,184,2741.8842165151445,5113,0,0,5113,0,0,0,0.0
8017,1777473020.3939617,decode,184,1855900,0.9511353508807444,1855716,184,2741.8842165151445,5114,0,0,5114,0,0,0,0.0
8018,1777473020.431762,decode,184,1856084,0.9512296495523119,1855900,184,2741.8842165151445,5116,0,0,5116,0,0,0,0.0
8019,1777473020.4692774,decode,184,1856268,0.9513239482238794,1856084,184,2741.8842165151445,5118,0,0,5118,0,0,0,0.0
8020,1777473020.5075228,decode,184,1795208,0.9200311390613285,1856268,184,2741.8842165151445,5119,0,0,5119,0,0,0,0.0
8021,1777473020.5448334,decode,184,1824799,0.9351963129219417,1856452,184,2741.8842165151445,5121,0,0,5121,5,0,0,0.0
8024,1777473020.6040146,decode,183,1854982,0.9506648825084677,1844982,183,2741.8842165151445,5117,0,0,5117,1,0,0,0.0
8026,1777473020.6547637,decode,184,1855350,0.9508534798516026,1855166,184,2741.8842165151445,5118,0,0,5118,0,0,0,0.0
8027,1777473020.6922183,decode,184,1855534,0.95094777852317,1855350,184,2741.8842165151445,5120,0,0,5120,0,0,0,0.0
8028,1777473020.7304056,decode,184,1814874,0.9301098220778815,1855534,184,2741.8842165151445,5121,0,0,5121,0,0,0,0.0
8029,1777473020.7676418,decode,184,1854874,0.9506095332881997,1855718,184,2741.8842165151445,5123,0,0,5123,4,0,0,0.0
8031,1777473020.8184996,decode,184,1834842,0.9403432779140724,1855058,184,2741.8842165151445,5121,0,0,5121,0,0,0,0.0
8032,1777473020.8557239,decode,184,1854842,0.9505931335192316,1855242,184,2741.8842165151445,5123,0,0,5123,2,0,0,0.0
8034,1777473020.9060779,decode,184,1855210,0.9507817308623665,1855026,184,4118.846431821642,5123,0,0,5123,0,0,0,0.0
8035,1777473020.9434836,decode,184,1855394,0.9508760295339339,1855210,184,4118.846431821642,5125,0,0,5125,0,0,0,0.0
8036,1777473020.981839,decode,184,1794334,0.9195832203713831,1855394,184,4118.846431821642,5126,0,0,5126,0,0,0,0.0
8037,1777473021.0189202,decode,184,1844334,0.9452078593842809,1855578,184,4118.846431821642,5128,0,0,5128,5,0,0,0.0
8039,1777473021.0693674,decode,183,1854517,0.9504265733656477,1844517,183,4118.846431821642,5125,0,0,5125,1,0,0,0.0
8041,1777473021.1202009,decode,184,1854885,0.9506151707087827,1854701,184,4118.846431821642,5127,0,0,5127,0,0,0,0.0
8042,1777473021.1577842,decode,184,1855069,0.9507094693803501,1854885,184,4118.846431821642,5128,0,0,5128,0,0,0,0.0
8043,1777473021.1957643,decode,184,1834853,0.9403489153346553,1855069,184,4118.846431821642,5130,0,0,5130,0,0,0,0.0
8044,1777473021.2330408,decode,184,1854853,0.9505987709398144,1855253,184,4118.846431821642,5132,0,0,5132,2,0,0,0.0
8046,1777473021.2837377,decode,184,1794010,0.9194171727105794,1855037,184,4118.846431821642,5132,0,0,5132,0,0,0,0.0
8047,1777473021.320586,decode,184,1844010,0.9450418117234773,1855221,184,4118.846431821642,5133,0,0,5133,5,0,0,0.0
8049,1777473021.370908,decode,183,1854193,0.9502605257048441,1844193,183,4118.846431821642,5131,0,0,5131,1,0,0,0.0
8051,1777473021.4215403,decode,184,1854561,0.950449123047979,1854377,184,4118.846431821642,5132,0,0,5132,0,0,0,0.0
8052,1777473021.4591386,decode,184,1844534,0.9453103579403325,1854561,184,4118.846431821642,5134,0,0,5134,0,0,0,0.0
8053,1777473021.4964128,decode,184,1854534,0.9504352857429121,1854745,184,4118.846431821642,5135,0,0,5135,1,0,0,0.0
8055,1777473021.5467496,decode,184,1854902,0.9506238830860471,1854718,184,4118.846431821642,5136,0,0,5136,0,0,0,0.0
8056,1777473021.584267,decode,184,1855086,0.9507181817576145,1854902,184,4118.846431821642,5138,0,0,5138,0,0,0,0.0
8057,1777473021.623027,decode,184,1855270,0.950812480429182,1855086,184,4118.846431821642,5140,0,0,5140,0,0,0,0.0
8058,1777473021.6598878,decode,184,1855454,0.9509067791007494,1855270,184,4118.846431821642,5142,0,0,5142,0,0,0,0.0
8059,1777473021.698853,decode,184,1855638,0.9510010777723169,1855454,184,4118.846431821642,5143,0,0,5143,0,0,0,0.0
8060,1777473021.7356858,decode,184,1825200,0.9354018225268251,1855638,184,4118.846431821642,5145,0,0,5145,0,0,0,0.0
8061,1777473021.7725532,decode,184,1844990,0.9455440546481302,1855822,184,4118.846431821642,5146,0,0,5146,3,0,0,0.0
8064,1777473021.83052,decode,184,1855358,0.9508575797938447,1855174,184,4118.846431821642,5145,0,0,5145,0,0,0,0.0
8065,1777473021.8681266,decode,184,1855542,0.9509518784654121,1855358,184,4118.846431821642,5146,0,0,5146,0,0,0,0.0
8066,1777473021.9062455,decode,184,1835304,0.9405800495785516,1855542,184,4118.846431821642,5148,0,0,5148,0,0,0,0.0
8067,1777473021.9438622,decode,184,1855304,0.9508299051837107,1855726,184,4118.846431821642,5150,0,0,5150,2,0,0,0.0
8069,1777473021.9949117,decode,184,1845461,0.9457854387476317,1855488,184,4118.846431821642,5150,0,0,5150,0,0,0,0.0
8070,1777473022.032207,decode,184,1855461,0.9509103665502112,1855672,184,4118.846431821642,5152,0,0,5152,1,0,0,0.0
8072,1777473022.0821986,decode,184,1855829,0.9510989638933461,1855645,184,4118.846431821642,5153,0,0,5153,0,0,0,0.0
8073,1777473022.1198971,decode,184,1856013,0.9511932625649137,1855829,184,4118.846431821642,5154,0,0,5154,0,0,0,0.0
8074,1777473022.1576567,decode,184,1856197,0.9512875612364811,1856013,184,4118.846431821642,5156,0,0,5156,0,0,0,0.0
8075,1777473022.195616,decode,184,1825759,0.9356883059909894,1856197,184,4118.846431821642,5158,0,0,5158,0,0,0,0.0
8076,1777473022.2325816,decode,184,1845759,0.9459381615961485,1856381,184,4118.846431821642,5159,0,0,5159,2,0,0,0.0
8078,1777473022.28278,decode,183,1855942,0.9511568755775153,1845942,183,4118.846431821642,5160,0,0,5160,1,0,0,0.0
8080,1777473022.332719,decode,184,1856310,0.9513454729206502,1856126,184,4118.846431821642,5161,0,0,5161,0,0,0,0.0
8081,1777473022.3703845,decode,184,1856494,0.9514397715922177,1856310,184,4118.846431821642,5162,0,0,5162,0,0,0,0.0
8082,1777473022.4102561,decode,184,1856678,0.9515340702637851,1856494,184,4118.846431821642,5164,0,0,5164,0,0,0,0.0
8083,1777473022.4463363,decode,184,1856862,0.9516283689353526,1856678,184,4118.846431821642,5165,0,0,5165,0,0,0,0.0
8084,1777473022.4842134,decode,184,1857046,0.95172266760692,1856862,184,4118.846431821642,5167,0,0,5167,0,0,0,0.0
8085,1777473022.5215025,decode,184,1857230,0.9518169662784876,1857046,184,4118.846431821642,5168,0,0,5168,0,0,0,0.0
8086,1777473022.5593717,decode,184,1857414,0.9519112649500551,1857230,184,4449.9038435856355,5170,0,0,5170,0,0,0,0.0
8087,1777473022.596707,decode,184,1857598,0.9520055636216225,1857414,184,4449.9038435856355,5171,0,0,5171,0,0,0,0.0
8088,1777473022.6352663,decode,184,1857782,0.95209986229319,1857598,184,4449.9038435856355,5173,0,0,5173,0,0,0,0.0
8089,1777473022.6721842,decode,184,1847755,0.9469610971855434,1857782,184,4449.9038435856355,5175,0,0,5175,0,0,0,0.0
8090,1777473022.709579,decode,184,1847938,0.9470548833643306,1857966,183,4449.9038435856355,5176,0,0,5176,0,0,0,0.0
8091,1777473022.7469857,decode,183,1848121,0.9471486695431178,1847938,183,4449.9038435856355,5178,0,0,5178,0,0,0,0.0
8092,1777473022.784658,decode,183,1848304,0.947242455721905,1848121,183,4449.9038435856355,5179,0,0,5179,0,0,0,0.0
8093,1777473022.821976,decode,183,1848487,0.9473362419006922,1848304,183,4449.9038435856355,5181,0,0,5181,0,0,0,0.0
8094,1777473022.859454,decode,183,1848670,0.9474300280794794,1848487,183,4449.9038435856355,5183,0,0,5183,0,0,0,0.0
8095,1777473022.8965344,decode,183,1848853,0.9475238142582666,1848670,183,4449.9038435856355,5184,0,0,5184,0,0,0,0.0
8096,1777473022.9349644,decode,183,1838836,0.9423901740784226,1848853,183,4449.9038435856355,5186,0,0,5186,0,0,0,0.0
8097,1777473022.9716573,decode,183,1848836,0.9475151018810023,1849036,183,4449.9038435856355,5188,0,0,5188,1,0,0,0.0
8099,1777473023.0230932,decode,183,1849202,0.9477026742385767,1849019,183,4449.9038435856355,5189,0,0,5189,0,0,0,0.0
8100,1777473023.0604289,decode,183,1849385,0.9477964604173639,1849202,183,4449.9038435856355,5191,0,0,5191,0,0,0,0.0
8101,1777473023.0988245,decode,183,1808757,0.9269749037410435,1849385,183,4449.9038435856355,5192,0,0,5192,0,0,0,0.0
8102,1777473023.1358504,decode,183,1848757,0.9474746149513619,1849568,183,4449.9038435856355,5194,0,0,5194,4,0,0,0.0
8104,1777473023.1872864,decode,183,1849123,0.9476621873089363,1848940,183,4449.9038435856355,5192,0,0,5192,0,0,0,0.0
8105,1777473023.224589,decode,183,1849306,0.9477559734877234,1849123,183,4449.9038435856355,5194,0,0,5194,0,0,0,0.0
8106,1777473023.261895,decode,183,1849489,0.9478497596665107,1849306,183,4449.9038435856355,5195,0,0,5195,0,0,0,0.0
8107,1777473023.2997224,decode,183,1829272,0.9374886931280355,1849489,183,4449.9038435856355,5197,0,0,5197,0,0,0,0.0
8108,1777473023.3367321,decode,183,1849272,0.9477385487331947,1849672,183,4449.9038435856355,5199,0,0,5199,2,0,0,0.0
8110,1777473023.3870673,decode,183,1839427,0.9426930573115552,1849455,183,4449.9038435856355,5199,0,0,5199,0,0,0,0.0
8111,1777473023.4244545,decode,183,1849427,0.9478179851141347,1849638,183,4449.9038435856355,5200,0,0,5200,1,0,0,0.0
8113,1777473023.4753191,decode,183,1849793,0.9480055574717091,1849610,183,4449.9038435856355,5202,0,0,5202,0,0,0,0.0
8114,1777473023.5134706,decode,183,1849976,0.9480993436504963,1849793,183,4449.9038435856355,5203,0,0,5203,0,0,0,0.0
8115,1777473023.550804,decode,183,1850159,0.9481931298292835,1849976,183,4449.9038435856355,5205,0,0,5205,0,0,0,0.0
8116,1777473023.58821,decode,183,1850342,0.9482869160080707,1850159,183,4449.9038435856355,5206,0,0,5206,0,0,0,0.0
8117,1777473023.6262422,decode,183,1840314,0.9431476384076439,1850342,183,4449.9038435856355,5208,0,0,5208,0,0,0,0.0
8118,1777473023.6629076,decode,183,1850314,0.9482725662102235,1850525,183,4449.9038435856355,5210,0,0,5210,1,0,0,0.0
8120,1777473023.713778,decode,183,1850680,0.9484601385677979,1850497,183,4449.9038435856355,5211,0,0,5211,0,0,0,0.0
8121,1777473023.7514641,decode,183,1850863,0.9485539247465852,1850680,183,4449.9038435856355,5213,0,0,5213,0,0,0,0.0
8122,1777473023.7885149,decode,183,1851046,0.9486477109253724,1850863,183,4449.9038435856355,5214,0,0,5214,0,0,0,0.0
8123,1777473023.8268142,decode,183,1830818,0.9382810069663143,1851046,183,4449.9038435856355,5216,0,0,5216,0,0,0,0.0
8124,1777473023.8635876,decode,183,1850818,0.9485308625714736,1851229,183,4449.9038435856355,5217,0,0,5217,2,0,0,0.0
8126,1777473023.9151697,decode,183,1851184,0.948718434929048,1851001,183,4449.9038435856355,5218,0,0,5218,0,0,0,0.0
8127,1777473023.9526024,decode,183,1851367,0.9488122211078351,1851184,183,4449.9038435856355,5219,0,0,5219,0,0,0,0.0
8128,1777473023.9907897,decode,183,1831150,0.93845115456936,1851367,183,4449.9038435856355,5221,0,0,5221,0,0,0,0.0
8129,1777473024.0279806,decode,183,1851150,0.9487010101745191,1851550,183,4449.9038435856355,5223,0,0,5223,2,0,0,0.0
8131,1777473024.0800161,decode,183,1851516,0.9488885825320936,1851333,183,4449.9038435856355,5223,0,0,5223,0,0,0,0.0
8132,1777473024.1173372,decode,183,1851699,0.9489823687108808,1851516,183,4449.9038435856355,5224,0,0,5224,0,0,0,0.0
8133,1777473024.1552558,decode,183,1851882,0.949076154889668,1851699,183,4589.3226724755,5226,0,0,5226,0,0,0,0.0
8134,1777473024.192891,decode,183,1841865,0.943942514709824,1851882,183,4589.3226724755,5228,0,0,5228,0,0,0,0.0
8135,1777473024.2311776,decode,183,1851865,0.9490674425124036,1852065,183,4589.3226724755,5229,0,0,5229,1,0,0,0.0
8137,1777473024.284015,decode,183,1842031,0.9440275885113468,1852048,183,4589.3226724755,5230,0,0,5230,0,0,0,0.0
8138,1777473024.321213,decode,183,1852031,0.9491525163139264,1852231,183,4589.3226724755,5232,0,0,5232,1,0,0,0.0
8140,1777473024.376981,decode,183,1831975,0.9388739611130729,1852214,183,4589.3226724755,5233,0,0,5233,0,0,0,0.0
8141,1777473024.4136667,decode,183,1851975,0.949123816718232,1852397,183,4589.3226724755,5235,0,0,5235,2,0,0,0.0
8143,1777473024.4668772,decode,183,1831930,0.9388508989379613,1852158,183,4589.3226724755,5235,0,0,5235,0,0,0,0.0
8144,1777473024.5034287,decode,183,1851930,0.9491007545431204,1852341,183,4589.3226724755,5237,0,0,5237,2,0,0,0.0
8146,1777473024.5569315,decode,183,1842096,0.9440609005420636,1852113,183,4589.3226724755,5237,0,0,5237,0,0,0,0.0
8147,1777473024.5948558,decode,183,1852096,0.9491858283446432,1852296,183,4589.3226724755,5239,0,0,5239,1,0,0,0.0
8149,1777473024.6467612,decode,183,1852462,0.9493734007022177,1852279,183,4589.3226724755,5240,0,0,5240,0,0,0,0.0
8150,1777473024.68511,decode,183,1832234,0.9390066967431596,1852462,183,4589.3226724755,5242,0,0,5242,0,0,0,0.0
8151,1777473024.721919,decode,183,1852234,0.9492565523483187,1852645,183,4589.3226724755,5243,0,0,5243,2,0,0,0.0
8153,1777473024.7745984,decode,183,1832178,0.9389779971474652,1852417,183,4589.3226724755,5243,0,0,5243,0,0,0,0.0
8154,1777473024.811245,decode,183,1852178,0.9492278527526243,1852600,183,4589.3226724755,5245,0,0,5245,2,0,0,0.0
8156,1777473024.8632967,decode,183,1842344,0.9441879987515676,1852361,183,4589.3226724755,5245,0,0,5245,0,0,0,0.0
8157,1777473024.9001927,decode,183,1852344,0.9493129265541471,1852544,183,4589.3226724755,5247,0,0,5247,1,0,0,0.0
8159,1777473024.9536881,decode,183,1781299,0.9129028769807205,1852527,183,4589.3226724755,5248,0,0,5248,0,0,0,0.0
8160,1777473024.9900923,decode,183,1851299,0.9487773715987776,1852710,183,4589.3226724755,5250,0,0,5250,7,0,0,0.0
8162,1777473025.0438652,decode,183,1841465,0.9437375175977208,1851482,183,4589.3226724755,5245,0,0,5245,0,0,0,0.0
8163,1777473025.0813572,decode,183,1851465,0.9488624454003004,1851665,183,4589.3226724755,5247,0,0,5247,1,0,0,0.0
8165,1777473025.1327434,decode,183,1851831,0.9490500177578748,1851648,183,4589.3226724755,5248,0,0,5248,0,0,0,0.0
8166,1777473025.1709168,decode,183,1841814,0.9439163775780308,1851831,183,4589.3226724755,5249,0,0,5249,0,0,0,0.0
8167,1777473025.2079792,decode,183,1851814,0.9490413053806105,1852014,183,4589.3226724755,5251,0,0,5251,1,0,0,0.0
8169,1777473025.2594736,decode,183,1831780,0.9387740250209226,1851997,183,4589.3226724755,5252,0,0,5252,0,0,0,0.0
8170,1777473025.296416,decode,183,1851780,0.9490238806260817,1852180,183,4589.3226724755,5254,0,0,5254,2,0,0,0.0
8172,1777473025.3491185,decode,183,1811335,0.9282961101285485,1851963,183,4589.3226724755,5254,0,0,5254,0,0,0,0.0
8173,1777473025.385556,decode,183,1851335,0.9487958213388669,1852146,183,4589.3226724755,5256,0,0,5256,4,0,0,0.0
8175,1777473025.4384842,decode,183,1831290,0.9385229035585961,1851518,183,4589.3226724755,5254,0,0,5254,0,0,0,0.0
8176,1777473025.4763181,decode,183,1851290,0.9487727591637553,1851701,183,4589.3226724755,5256,0,0,5256,2,0,0,0.0
8178,1777473025.5293658,decode,183,1831245,0.9384998413834845,1851473,183,4589.3226724755,5255,0,0,5255,0,0,0,0.0
8179,1777473025.567231,decode,183,1851245,0.9487496969886436,1851656,183,4589.3226724755,5257,0,0,5257,2,0,0,0.0
8181,1777473025.6179016,decode,183,1851611,0.9489372693462181,1851428,183,4589.3226724755,5257,0,0,5257,0,0,0,0.0
8182,1777473025.6559684,decode,183,1841583,0.9437979917457913,1851611,183,4589.3226724755,5259,0,0,5259,0,0,0,0.0
8183,1777473025.6928837,decode,183,1851583,0.9489229195483708,1851794,183,4589.3226724755,5260,0,0,5260,1,0,0,0.0
8185,1777473025.7525573,decode,183,1780516,0.9125015951337786,1851766,183,4589.3226724755,5262,0,0,5262,0,0,0,0.0
8186,1777473025.788998,decode,183,1850516,0.9483760897518356,1851949,183,4589.3226724755,5263,0,0,5263,7,0,0,0.0
8188,1777473025.8452828,decode,183,1820282,0.9328813830335165,1850699,183,4589.3226724755,5259,0,0,5259,0,0,0,0.0
8189,1777473025.8824458,decode,183,1850282,0.9482561664412552,1850882,183,4589.3226724755,5260,0,0,5260,3,0,0,0.0
8191,1777473025.9346902,decode,183,1840437,0.9432106750196156,1850465,183,4113.648216263991,5260,0,0,5260,0,0,0,0.0
8192,1777473025.971915,decode,183,1850437,0.9483356028221952,1850648,183,4113.648216263991,5261,0,0,5261,1,0,0,0.0
8194,1777473026.0250325,decode,183,1820181,0.9328296212627104,1850620,183,4113.648216263991,5262,0,0,5262,0,0,0,0.0
8195,1777473026.0621135,decode,183,1850181,0.9482044046704492,1850803,183,4113.648216263991,5264,0,0,5264,3,0,0,0.0
8197,1777473026.1138735,decode,183,1850547,0.9483919770280236,1850364,183,4113.648216263991,5263,0,0,5263,0,0,0,0.0
8198,1777473026.1520236,decode,183,1840530,0.9432583368481796,1850547,183,4113.648216263991,5265,0,0,5265,0,0,0,0.0
8199,1777473026.189419,decode,183,1850530,0.9483832646507593,1850730,183,4113.648216263991,5267,0,0,5267,1,0,0,0.0
8201,1777473026.2417924,decode,183,1840696,0.9433434106497025,1850713,183,4113.648216263991,5268,0,0,5268,0,0,0,0.0
8202,1777473026.279408,decode,183,1850696,0.9484683384522821,1850896,183,4113.648216263991,5269,0,0,5269,1,0,0,0.0
8204,1777473026.3321528,decode,183,1840862,0.9434284844512253,1850879,183,4113.648216263991,5271,0,0,5271,0,0,0,0.0
8205,1777473026.3700862,decode,183,1850862,0.9485534122538049,1851062,183,4113.648216263991,5272,0,0,5272,1,0,0,0.0
8207,1777473026.4231215,decode,183,1830817,0.9382804944735341,1851045,183,4113.648216263991,5274,0,0,5274,0,0,0,0.0
8208,1777473026.4601915,decode,183,1850817,0.9485303500786932,1851228,183,4113.648216263991,5275,0,0,5275,2,0,0,0.0
8210,1777473026.5129259,decode,183,1820572,0.9330300059397914,1851000,183,4113.648216263991,5275,0,0,5275,0,0,0,0.0
8211,1777473026.549717,decode,183,1850572,0.94840478934753,1851183,183,4113.648216263991,5277,0,0,5277,3,0,0,0.0
8213,1777473026.6015837,decode,183,1850938,0.9485923617051045,1850755,183,4113.648216263991,5276,0,0,5276,0,0,0,0.0
8214,1777473026.640297,decode,183,1820499,0.9329925939668325,1850938,183,4113.648216263991,5278,0,0,5278,0,0,0,0.0
8215,1777473026.6774936,decode,183,1850499,0.9483673773745712,1851121,183,4113.648216263991,5280,0,0,5280,3,0,0,0.0
8217,1777473026.7315671,decode,183,1840654,0.9433218859529316,1850682,183,4113.648216263991,5279,0,0,5279,0,0,0,0.0
8218,1777473026.7692688,decode,183,1850654,0.9484468137555112,1850865,183,4113.648216263991,5281,0,0,5281,1,0,0,0.0
8220,1777473026.8214164,decode,183,1840809,0.9434013223338716,1850837,183,4113.648216263991,5282,0,0,5282,0,0,0,0.0
8221,1777473026.8584263,decode,183,1850809,0.9485262501364512,1851020,183,4113.648216263991,5284,0,0,5284,1,0,0,0.0
8223,1777473026.9102278,decode,183,1830764,0.9382533323561805,1850992,183,4113.648216263991,5285,0,0,5285,0,0,0,0.0
8224,1777473026.9465873,decode,183,1850764,0.9485031879613396,1851175,183,4113.648216263991,5286,0,0,5286,2,0,0,0.0
8226,1777473026.9984906,decode,183,1830730,0.9382359076016517,1850947,183,4113.648216263991,5287,0,0,5287,0,0,0,0.0
8227,1777473027.0352755,decode,183,1850730,0.9484857632068108,1851130,183,4113.648216263991,5288,0,0,5288,2,0,0,0.0
8229,1777473027.0873792,decode,183,1851096,0.9486733355643853,1850913,183,4113.648216263991,5288,0,0,5288,0,0,0,0.0
8230,1777473027.1252007,decode,183,1830879,0.9383122690259101,1851096,183,4113.648216263991,5290,0,0,5290,0,0,0,0.0
8231,1777473027.1698253,decode,183,1850879,0.9485621246310693,1851279,183,4113.648216263991,5292,0,0,5292,2,0,0,0.0
8233,1777473027.2254138,decode,183,1769612,0.9069133738578458,1851062,183,4113.648216263991,5292,0,0,5292,0,0,0,0.0
8234,1777473027.2623246,decode,183,1849612,0.9479127962784825,1851245,183,4113.648216263991,5294,0,0,5294,8,0,0,0.0
8236,1777473027.3145971,decode,183,1829556,0.9376342410776288,1849795,183,4113.648216263991,5288,0,0,5288,0,0,0,0.0
8237,1777473027.3521125,decode,183,1849556,0.947884096682788,1849978,183,4113.648216263991,5290,0,0,5290,2,0,0,0.0
8239,1777473027.4032857,decode,183,1819300,0.9323781151233032,1849739,183,4113.648216263991,5290,0,0,5290,0,0,0,0.0
8240,1777473027.4410012,decode,183,1849300,0.9477528985310419,1849922,183,4113.648216263991,5292,0,0,5292,3,0,0,0.0
8242,1777473027.4949353,decode,183,1829255,0.9374799807507712,1849483,183,4113.648216263991,5291,0,0,5291,0,0,0,0.0
8243,1777473027.531896,decode,183,1849255,0.9477298363559303,1849666,183,4113.648216263991,5293,0,0,5293,2,0,0,0.0
8245,1777473027.5860136,decode,183,1849621,0.9479174087135047,1849438,183,4113.648216263991,5293,0,0,5293,0,0,0,0.0
8246,1777473027.624512,decode,183,1808982,0.9270902146166016,1849621,183,4113.648216263991,5294,0,0,5294,0,0,0,0.0
8247,1777473027.661075,decode,183,1848982,0.9475899258269199,1849804,183,4113.648216263991,5296,0,0,5296,4,0,0,0.0
8249,1777473027.7133462,decode,183,1818715,0.9320783068468523,1849165,183,4115.471996858334,5294,0,0,5294,0,0,0,0.0
8250,1777473027.7505167,decode,183,1848715,0.947453090254591,1849348,183,4115.471996858334,5296,0,0,5296,3,0,0,0.0
8252,1777473027.803727,decode,183,1828681,0.9371858098949031,1848898,183,4115.471996858334,5295,0,0,5295,0,0,0,0.0
8253,1777473027.8401816,decode,183,1848681,0.9474356655000623,1849081,183,4115.471996858334,5297,0,0,5297,2,0,0,0.0
8255,1777473027.8922808,decode,183,1838847,0.9423958114990055,1848864,183,4115.471996858334,5297,0,0,5297,0,0,0,0.0
8256,1777473027.9302855,decode,183,1848847,0.9475207393015851,1849047,183,4115.471996858334,5299,0,0,5299,1,0,0,0.0
8258,1777473027.98307,decode,183,1828802,0.9372478215213144,1849030,183,4115.471996858334,5300,0,0,5300,0,0,0,0.0
8259,1777473028.0201044,decode,183,1848802,0.9474976771264735,1849213,183,4115.471996858334,5302,0,0,5302,2,0,0,0.0
8261,1777473028.0717301,decode,183,1849168,0.9476852494840479,1848985,183,4115.471996858334,5302,0,0,5302,0,0,0,0.0
8262,1777473028.1110969,decode,183,1716740,0.879816855580047,1849168,183,4115.471996858334,5303,0,0,5303,0,0,0,0.0
8263,1777473028.1497462,decode,183,1826342,0.9359870892818798,1849351,183,4115.471996858334,5305,0,0,5305,13,0,0,0.0
8266,1777473028.2130952,decode,183,1846315,0.9462231075819719,1846525,183,4115.471996858334,5293,0,0,5293,1,0,0,0.0
8269,1777473028.2788043,decode,184,1856683,0.9515366327276864,1856499,184,4115.471996858334,5294,0,0,5294,0,0,0,0.0
8270,1777473028.3165529,decode,184,1816045,0.9307099511235636,1856683,184,4115.471996858334,5295,0,0,5295,0,0,0,0.0
8271,1777473028.3537822,decode,184,1846045,0.9460847345313023,1856867,184,4115.471996858334,5297,0,0,5297,3,0,0,0.0
8273,1777473028.4053426,decode,183,1856228,0.9513034485126691,1846228,183,4115.471996858334,5296,0,0,5296,1,0,0,0.0
8275,1777473028.4575684,decode,184,1856596,0.951492045855804,1856412,184,4115.471996858334,5297,0,0,5297,0,0,0,0.0
8276,1777473028.4948115,decode,184,1856780,0.9515863445273715,1856596,184,4115.471996858334,5299,0,0,5299,0,0,0,0.0
8277,1777473028.5335326,decode,184,1856964,0.951680643198939,1856780,184,4115.471996858334,5300,0,0,5300,0,0,0,0.0
8278,1777473028.5709786,decode,184,1857148,0.9517749418705064,1856964,184,4115.471996858334,5301,0,0,5301,0,0,0,0.0
8279,1777473028.6096134,decode,184,1734877,0.8891119371355856,1857148,184,4115.471996858334,5303,0,0,5303,0,0,0,0.0
8280,1777473028.646403,decode,184,1834678,0.9402592290981101,1857332,184,4115.471996858334,5305,0,0,5305,11,0,0,0.0
8283,1777473028.7117913,decode,183,1854861,0.9506028708820564,1844861,183,4115.471996858334,5295,0,0,5295,1,0,0,0.0
8285,1777473028.7652516,decode,184,1855229,0.9507914682251913,1855045,184,4115.471996858334,5297,0,0,5297,0,0,0,0.0
8286,1777473028.8026938,decode,184,1855413,0.9508857668967589,1855229,184,4115.471996858334,5298,0,0,5298,0,0,0,0.0
8287,1777473028.8403738,decode,184,1845386,0.9457470017891123,1855413,184,4115.471996858334,5300,0,0,5300,0,0,0,0.0
8288,1777473028.878342,decode,184,1855386,0.9508719295916919,1855597,184,4115.471996858334,5302,0,0,5302,1,0,0,0.0
8290,1777473028.9303236,decode,184,1855754,0.9510605269348268,1855570,184,4115.471996858334,5303,0,0,5303,0,0,0,0.0
8291,1777473028.9677167,decode,184,1855938,0.9511548256063943,1855754,184,4115.471996858334,5304,0,0,5304,0,0,0,0.0
8292,1777473029.0050695,decode,184,1856122,0.9512491242779617,1855938,184,4115.471996858334,5306,0,0,5306,0,0,0,0.0
8293,1777473029.0428624,decode,184,1856306,0.9513434229495292,1856122,184,4115.471996858334,5308,0,0,5308,0,0,0,0.0
8294,1777473029.0813534,decode,184,1805468,0.9252893149867751,1856306,184,4115.471996858334,5309,0,0,5309,0,0,0,0.0
8295,1777473029.1187856,decode,184,1835269,0.9405621123312425,1856490,184,4115.471996858334,5311,0,0,5311,4,0,0,0.0
8298,1777473029.1822357,decode,183,1855452,0.9509057541151889,1845452,183,4115.471996858334,5309,0,0,5309,1,0,0,0.0
8300,1777473029.2336867,decode,184,1845609,0.9458612876791098,1855636,184,4115.471996858334,5310,0,0,5310,0,0,0,0.0
8301,1777473029.2710454,decode,184,1855609,0.9509862154816894,1855820,184,4115.471996858334,5311,0,0,5311,1,0,0,0.0
8303,1777473029.3222272,decode,184,1825355,0.9354812589077651,1855793,184,4115.471996858334,5313,0,0,5313,0,0,0,0.0
8304,1777473029.3600166,decode,184,1855355,0.9508560423155039,1855977,184,4115.471996858334,5314,0,0,5314,3,0,0,0.0
8306,1777473029.4252684,decode,184,1855723,0.9510446396586388,1855539,184,4115.471996858334,5314,0,0,5314,0,0,0,0.0
8307,1777473029.4627936,decode,184,1855907,0.9511389383302062,1855723,184,4115.471996858334,5316,0,0,5316,0,0,0,0.0
8308,1777473029.5021415,decode,184,1856091,0.9512332370017738,1855907,184,4106.693654592567,5317,0,0,5317,0,0,0,0.0
8309,1777473029.5378366,decode,184,1856275,0.9513275356733412,1856091,184,4106.693654592567,5319,0,0,5319,0,0,0,0.0
8310,1777473029.5769718,decode,184,1774815,0.9095798737935279,1856275,184,4106.693654592567,5320,0,0,5320,0,0,0,0.0
8311,1777473029.613535,decode,184,1834616,0.9402274545457341,1856459,184,4106.693654592567,5322,0,0,5322,7,0,0,0.0
8314,1777473029.67413,decode,183,1854799,0.9505710963296805,1844799,183,4106.693654592567,5317,0,0,5317,1,0,0,0.0
8316,1777473029.7261722,decode,184,1855167,0.9507596936728154,1854983,184,4106.693654592567,5318,0,0,5318,0,0,0,0.0
8317,1777473029.7640834,decode,184,1855351,0.9508539923443828,1855167,184,4106.693654592567,5320,0,0,5320,0,0,0,0.0
8318,1777473029.8026445,decode,184,1814702,0.9300216733196771,1855351,184,4106.693654592567,5321,0,0,5321,0,0,0,0.0
8319,1777473029.839881,decode,184,1854702,0.9505213845299955,1855535,184,4106.693654592567,5323,0,0,5323,4,0,0,0.0
8321,1777473029.8927126,decode,184,1814248,0.92978900159744,1854886,184,4106.693654592567,5321,0,0,5321,0,0,0,0.0
8322,1777473029.9297898,decode,184,1844049,0.9450617989419074,1855070,184,4106.693654592567,5323,0,0,5323,4,0,0,0.0
8325,1777473029.994351,decode,184,1854417,0.9503753240876219,1854233,184,4106.693654592567,5320,0,0,5320,0,0,0,0.0
8326,1777473030.0315952,decode,184,1854601,0.9504696227591893,1854417,184,4106.693654592567,5322,0,0,5322,0,0,0,0.0
8327,1777473030.069742,decode,184,1834374,0.9401034312929116,1854601,184,4106.693654592567,5324,0,0,5324,0,0,0,0.0
8328,1777473030.1063838,decode,184,1854374,0.9503532868980709,1854785,184,4106.693654592567,5325,0,0,5325,2,0,0,0.0
8330,1777473030.1578066,decode,184,1854742,0.9505418842412058,1854558,184,4106.693654592567,5325,0,0,5325,0,0,0,0.0
8331,1777473030.1954033,decode,184,1854926,0.9506361829127732,1854742,184,4106.693654592567,5327,0,0,5327,0,0,0,0.0
8332,1777473030.2327676,decode,184,1855110,0.9507304815843407,1854926,184,4106.693654592567,5329,0,0,5329,0,0,0,0.0
8333,1777473030.271893,decode,184,1845083,0.9455917164766942,1855110,184,4106.693654592567,5330,0,0,5330,0,0,0,0.0
8334,1777473030.3085632,decode,184,1855083,0.9507166442792737,1855294,184,4106.693654592567,5332,0,0,5332,1,0,0,0.0
8336,1777473030.3616743,decode,184,1804418,0.9247511975675042,1855267,184,4106.693654592567,5333,0,0,5333,0,0,0,0.0
8337,1777473030.398409,decode,184,1854418,0.9503758365804021,1855451,184,4106.693654592567,5334,0,0,5334,5,0,0,0.0
8339,1777473030.4510136,decode,184,1854786,0.9505644339235371,1854602,184,4106.693654592567,5331,0,0,5331,0,0,0,0.0
8340,1777473030.48977,decode,184,1854970,0.9506587325951046,1854786,184,4106.693654592567,5332,0,0,5332,0,0,0,0.0
8341,1777473030.5261743,decode,184,1844954,0.9455256049080408,1854970,184,4106.693654592567,5334,0,0,5334,0,0,0,0.0
8342,1777473030.5640254,decode,184,1854954,0.9506505327106204,1855154,184,4106.693654592567,5336,0,0,5336,1,0,0,0.0
8344,1777473030.6154687,decode,184,1855322,0.9508391300537554,1855138,184,4106.693654592567,5337,0,0,5337,0,0,0,0.0
8345,1777473030.6537983,decode,184,1855506,0.9509334287253228,1855322,184,4106.693654592567,5339,0,0,5339,0,0,0,0.0
8346,1777473030.6900933,decode,184,1855690,0.9510277273968903,1855506,184,4106.693654592567,5340,0,0,5340,0,0,0,0.0
8347,1777473030.7279036,decode,184,1855874,0.9511220260684577,1855690,184,4106.693654592567,5342,0,0,5342,0,0,0,0.0
8348,1777473030.7669077,decode,184,1856058,0.9512163247400253,1855874,184,4106.693654592567,5344,0,0,5344,0,0,0,0.0
8349,1777473030.8036788,decode,184,1835820,0.9408444958531647,1856058,184,4106.693654592567,5345,0,0,5345,0,0,0,0.0
8350,1777473030.8407907,decode,184,1855820,0.9510943514583239,1856242,184,4106.693654592567,5347,0,0,5347,2,0,0,0.0
8352,1777473030.891923,decode,184,1856188,0.9512829488014588,1856004,184,4106.693654592567,5347,0,0,5347,0,0,0,0.0
8353,1777473030.930056,decode,184,1856372,0.9513772474730262,1856188,184,4106.693654592567,5349,0,0,5349,0,0,0,0.0
8354,1777473030.9679546,decode,184,1846345,0.9462384823653797,1856372,184,4106.693654592567,5350,0,0,5350,0,0,0,0.0
8355,1777473031.0051548,decode,184,1856345,0.9513634101679592,1856556,184,4106.693654592567,5352,0,0,5352,1,0,0,0.0
8357,1777473031.0573754,decode,184,1846502,0.9463189437318802,1856529,184,4106.693654592567,5353,0,0,5353,0,0,0,0.0
8358,1777473031.0943322,decode,184,1856502,0.9514438715344598,1856713,184,4106.693654592567,5354,0,0,5354,1,0,0,0.0
8360,1777473031.1467855,decode,184,1856870,0.9516324688775947,1856686,184,4106.693654592567,5356,0,0,5356,0,0,0,0.0
8361,1777473031.1841626,decode,184,1857054,0.9517267675491622,1856870,184,4375.072755720811,5357,0,0,5357,0,0,0,0.0
8362,1777473031.2218015,decode,184,1857238,0.9518210662207296,1857054,184,4375.072755720811,5359,0,0,5359,0,0,0,0.0
8363,1777473031.259501,decode,184,1837000,0.9414492373338691,1857238,184,4375.072755720811,5360,0,0,5360,0,0,0,0.0
8364,1777473031.2965422,decode,184,1836790,0.9413416138500149,1857422,184,4375.072755720811,5362,0,0,5362,1,0,0,0.0
8367,1777473031.3560143,decode,183,1856973,0.9516852556339612,1846973,183,4375.072755720811,5363,0,0,5363,1,0,0,0.0
8369,1777473031.4084523,decode,184,1857341,0.9518738529770961,1857157,184,4375.072755720811,5364,0,0,5364,0,0,0,0.0
8370,1777473031.4451878,decode,184,1857525,0.9519681516486637,1857341,184,4375.072755720811,5365,0,0,5365,0,0,0,0.0
8371,1777473031.4825635,decode,184,1857709,0.9520624503202311,1857525,184,4375.072755720811,5367,0,0,5367,0,0,0,0.0
8372,1777473031.520353,decode,184,1857893,0.9521567489917986,1857709,184,4375.072755720811,5369,0,0,5369,0,0,0,0.0
8373,1777473031.5578644,decode,184,1858077,0.952251047663366,1857893,184,4375.072755720811,5370,0,0,5370,0,0,0,0.0
8374,1777473031.595637,decode,184,1848061,0.9471179199763023,1858077,184,4375.072755720811,5372,0,0,5372,0,0,0,0.0
8375,1777473031.636672,decode,184,1848244,0.9472117061550895,1858261,183,4375.072755720811,5374,0,0,5374,0,0,0,0.0
8376,1777473031.6712015,decode,183,1848427,0.9473054923338767,1848244,183,4375.072755720811,5375,0,0,5375,0,0,0,0.0
8377,1777473031.7088077,decode,183,1848610,0.9473992785126639,1848427,183,4375.072755720811,5376,0,0,5376,0,0,0,0.0
8378,1777473031.7462475,decode,183,1838593,0.94226563833282,1848610,183,4375.072755720811,5378,0,0,5378,0,0,0,0.0
8379,1777473031.7835293,decode,183,1848593,0.9473905661353995,1848793,183,4375.072755720811,5379,0,0,5379,1,0,0,0.0
8381,1777473031.8349442,decode,183,1848959,0.947578138492974,1848776,183,4375.072755720811,5381,0,0,5381,0,0,0,0.0
8382,1777473031.8731678,decode,183,1849142,0.9476719246717612,1848959,183,4375.072755720811,5382,0,0,5382,0,0,0,0.0
8383,1777473031.9102366,decode,183,1849325,0.9477657108505484,1849142,183,4375.072755720811,5384,0,0,5384,0,0,0,0.0
8384,1777473031.9485772,decode,183,1849508,0.9478594970293356,1849325,183,4375.072755720811,5385,0,0,5385,0,0,0,0.0
8385,1777473031.985573,decode,183,1849691,0.9479532832081228,1849508,183,4375.072755720811,5387,0,0,5387,0,0,0,0.0
8386,1777473032.0234103,decode,183,1839674,0.9428196430282788,1849691,183,4375.072755720811,5389,0,0,5389,0,0,0,0.0
8387,1777473032.0601475,decode,183,1849674,0.9479445708308584,1849874,183,4375.072755720811,5390,0,0,5390,1,0,0,0.0
8389,1777473032.1115673,decode,183,1850040,0.9481321431884329,1849857,183,4375.072755720811,5391,0,0,5391,0,0,0,0.0
8390,1777473032.1489716,decode,183,1850223,0.94822592936722,1850040,183,4375.072755720811,5393,0,0,5393,0,0,0,0.0
8391,1777473032.1868443,decode,183,1819773,0.9326205242083652,1850223,183,4375.072755720811,5394,0,0,5394,0,0,0,0.0
8392,1777473032.2240663,decode,183,1849773,0.947995307616104,1850406,183,4375.072755720811,5395,0,0,5395,3,0,0,0.0
8394,1777473032.2762558,decode,183,1850139,0.9481828799736783,1849956,183,4375.072755720811,5394,0,0,5394,0,0,0,0.0
8395,1777473032.3135674,decode,183,1850322,0.9482766661524655,1850139,183,4375.072755720811,5396,0,0,5396,0,0,0,0.0
8396,1777473032.3521798,decode,183,1850505,0.9483704523312528,1850322,183,4375.072755720811,5397,0,0,5397,0,0,0,0.0
8397,1777473032.3893564,decode,183,1830266,0.937998110951612,1850505,183,4375.072755720811,5399,0,0,5399,0,0,0,0.0
8398,1777473032.4262877,decode,183,1850266,0.9482479665567711,1850688,183,4375.072755720811,5401,0,0,5401,2,0,0,0.0
8400,1777473032.4785893,decode,183,1840432,0.9432081125557144,1850449,183,4375.072755720811,5401,0,0,5401,0,0,0,0.0
8401,1777473032.5158203,decode,183,1850432,0.9483330403582939,1850632,183,4375.072755720811,5402,0,0,5402,1,0,0,0.0
8403,1777473032.630447,decode,183,1850798,0.9485206127158684,1850615,183,4375.072755720811,5406,0,0,5406,0,0,0,0.0
8404,1777473032.667358,decode,183,1850981,0.9486143988946556,1850798,183,4375.072755720811,5407,0,0,5407,0,0,0,0.0
8405,1777473032.7058942,decode,183,1830764,0.9382533323561805,1850981,183,4375.072755720811,5409,0,0,5409,0,0,0,0.0
8406,1777473032.74262,decode,183,1850764,0.9485031879613396,1851164,183,4375.072755720811,5411,0,0,5411,2,0,0,0.0
8408,1777473032.7947855,decode,183,1840919,0.9434576965397,1850947,183,4375.072755720811,5411,0,0,5411,0,0,0,0.0
8409,1777473032.8321013,decode,183,1850919,0.9485826243422796,1851130,183,4375.072755720811,5412,0,0,5412,1,0,0,0.0
8411,1777473032.8849096,decode,183,1851285,0.948770196699854,1851102,183,4309.86691869736,5414,0,0,5414,0,0,0,0.0
8412,1777473032.9226398,decode,183,1851468,0.9488639828786412,1851285,183,4309.86691869736,5415,0,0,5415,0,0,0,0.0
8413,1777473032.9598455,decode,183,1851651,0.9489577690574285,1851468,183,4309.86691869736,5417,0,0,5417,0,0,0,0.0
8414,1777473032.9979157,decode,183,1831423,0.9385910650983704,1851651,183,4309.86691869736,5418,0,0,5418,0,0,0,0.0
8415,1777473033.0351198,decode,183,1851423,0.9488409207035295,1851834,183,4309.86691869736,5420,0,0,5420,2,0,0,0.0
8417,1777473033.0880747,decode,183,1831389,0.9385736403438416,1851606,183,4309.86691869736,5420,0,0,5420,0,0,0,0.0
8418,1777473033.1244795,decode,183,1851389,0.9488234959490008,1851789,183,4309.86691869736,5422,0,0,5422,2,0,0,0.0
8420,1777473033.176137,decode,183,1841555,0.9437836419479441,1851572,183,4309.86691869736,5422,0,0,5422,0,0,0,0.0
8421,1777473033.2129738,decode,183,1851555,0.9489085697505236,1851755,183,4309.86691869736,5424,0,0,5424,1,0,0,0.0
8423,1777473033.2643173,decode,183,1851921,0.949096142108098,1851738,183,4309.86691869736,5425,0,0,5425,0,0,0,0.0
8424,1777473033.3018017,decode,183,1852104,0.9491899282868853,1851921,183,4309.86691869736,5427,0,0,5427,0,0,0,0.0
8425,1777473033.3398566,decode,183,1852287,0.9492837144656725,1852104,183,4309.86691869736,5428,0,0,5428,0,0,0,0.0
8426,1777473033.377224,decode,183,1842259,0.9441444368652456,1852287,183,4309.86691869736,5430,0,0,5430,0,0,0,0.0
8427,1777473033.4143019,decode,183,1852259,0.9492693646678252,1852470,183,4309.86691869736,5431,0,0,5431,1,0,0,0.0
8429,1777473033.467669,decode,183,1842425,0.9442295106667685,1852442,183,4309.86691869736,5433,0,0,5433,0,0,0,0.0
8430,1777473033.504823,decode,183,1852425,0.9493544384693481,1852625,183,4309.86691869736,5434,0,0,5434,1,0,0,0.0
8432,1777473033.5616305,decode,183,1842591,0.9443145844682913,1852608,183,4309.86691869736,5436,0,0,5436,0,0,0,0.0
8433,1777473033.5990098,decode,183,1852591,0.9494395122708709,1852791,183,4309.86691869736,5437,0,0,5437,1,0,0,0.0
8435,1777473033.6526654,decode,183,1781546,0.9130294626974442,1852774,183,4309.86691869736,5438,0,0,5438,0,0,0,0.0
8436,1777473033.689791,decode,183,1851546,0.9489039573155014,1852957,183,4309.86691869736,5440,0,0,5440,7,0,0,0.0
8438,1777473033.743267,decode,183,1841701,0.9438584658938617,1851729,183,4309.86691869736,5435,0,0,5435,0,0,0,0.0
8439,1777473033.779806,decode,183,1851701,0.9489833936964412,1851912,183,4309.86691869736,5437,0,0,5437,1,0,0,0.0
8441,1777473033.831425,decode,183,1852067,0.9491709660540157,1851884,183,4309.86691869736,5438,0,0,5438,0,0,0,0.0
8442,1777473033.86932,decode,183,1831828,0.9387986246743749,1852067,183,4309.86691869736,5440,0,0,5440,0,0,0,0.0
8443,1777473033.906851,decode,183,1851828,0.949048480279534,1852250,183,4309.86691869736,5441,0,0,5441,2,0,0,0.0
8445,1777473033.959967,decode,183,1821583,0.9335481361406321,1852011,183,4309.86691869736,5442,0,0,5442,0,0,0,0.0
8446,1777473033.9968405,decode,183,1851583,0.9489229195483708,1852194,183,4309.86691869736,5443,0,0,5443,3,0,0,0.0
8448,1777473034.0495229,decode,183,1841749,0.943883065547314,1851766,183,4309.86691869736,5443,0,0,5443,0,0,0,0.0
8449,1777473034.0864358,decode,183,1851749,0.9490079933498937,1851949,183,4309.86691869736,5444,0,0,5444,1,0,0,0.0
8451,1777473034.1389072,decode,183,1831704,0.9387350755696229,1851932,183,4309.86691869736,5445,0,0,5445,0,0,0,0.0
8452,1777473034.175978,decode,183,1851704,0.9489849311747821,1852115,183,4309.86691869736,5447,0,0,5447,2,0,0,0.0
8454,1777473034.2290528,decode,183,1821459,0.9334845870358801,1851887,183,4309.86691869736,5447,0,0,5447,0,0,0,0.0
8455,1777473034.2655082,decode,183,1851459,0.9488593704436189,1852070,183,4309.86691869736,5449,0,0,5449,3,0,0,0.0
8457,1777473034.3172188,decode,183,1851825,0.9490469428011933,1851642,183,4309.86691869736,5447,0,0,5447,0,0,0,0.0
8458,1777473034.3552165,decode,183,1841797,0.9439076652007665,1851825,183,4309.86691869736,5449,0,0,5449,0,0,0,0.0
8459,1777473034.392131,decode,183,1851797,0.9490325930033461,1852008,183,4309.86691869736,5450,0,0,5450,1,0,0,0.0
8461,1777473034.445268,decode,183,1790963,0.9178556072091334,1851980,183,4309.86691869736,5452,0,0,5452,0,0,0,0.0
8462,1777473034.4821603,decode,183,1850963,0.948605174024611,1852163,183,4309.86691869736,5453,0,0,5453,6,0,0,0.0
8464,1777473034.5377707,decode,183,1810496,0.9278661286859121,1851146,183,4309.86691869736,5449,0,0,5449,0,0,0,0.0
8465,1777473034.5724976,decode,183,1850496,0.9483658398962305,1851329,183,4309.86691869736,5451,0,0,5451,4,0,0,0.0
8467,1777473034.6247773,decode,183,1830451,0.9380929221159597,1850679,183,4207.2227503724325,5449,0,0,5449,0,0,0,0.0
8468,1777473034.6614447,decode,183,1850451,0.9483427777211189,1850862,183,4207.2227503724325,5451,0,0,5451,2,0,0,0.0
8470,1777473034.713349,decode,183,1840617,0.9433029237200621,1850634,183,4207.2227503724325,5451,0,0,5451,0,0,0,0.0
8471,1777473034.7521875,decode,183,1850617,0.9484278515226416,1850817,183,4207.2227503724325,5453,0,0,5453,1,0,0,0.0
8473,1777473034.8053834,decode,183,1850983,0.9486154238802161,1850800,183,4207.2227503724325,5454,0,0,5454,0,0,0,0.0
8474,1777473034.842866,decode,183,1840955,0.9434761462797893,1850983,183,4207.2227503724325,5455,0,0,5455,0,0,0,0.0
8475,1777473034.8804533,decode,183,1850955,0.9486010740823688,1851166,183,4207.2227503724325,5457,0,0,5457,1,0,0,0.0
8477,1777473034.9324534,decode,183,1830910,0.9383281563020981,1851138,183,4207.2227503724325,5458,0,0,5458,0,0,0,0.0
8478,1777473034.9695468,decode,183,1850910,0.9485780119072572,1851321,183,4207.2227503724325,5460,0,0,5460,2,0,0,0.0
8480,1777473035.022013,decode,183,1830854,0.9382994567064037,1851093,183,4207.2227503724325,5460,0,0,5460,0,0,0,0.0
8481,1777473035.0582561,decode,183,1850854,0.9485493123115628,1851276,183,4207.2227503724325,5462,0,0,5462,2,0,0,0.0
8483,1777473035.1183038,decode,183,1830820,0.9382820319518749,1851037,183,4207.2227503724325,5462,0,0,5462,0,0,0,0.0
8484,1777473035.1551974,decode,183,1850820,0.948531887557034,1851220,183,4207.2227503724325,5464,0,0,5464,2,0,0,0.0
8486,1777473035.207348,decode,183,1820564,0.9330259059975493,1851003,183,4207.2227503724325,5464,0,0,5464,0,0,0,0.0
8487,1777473035.244236,decode,183,1850564,0.948400689405288,1851186,183,4207.2227503724325,5465,0,0,5465,3,0,0,0.0
8489,1777473035.2965956,decode,183,1850930,0.9485882617628624,1850747,183,4207.2227503724325,5465,0,0,5465,0,0,0,0.0
8490,1777473035.334817,decode,183,1820502,0.9329941314451733,1850930,183,4207.2227503724325,5466,0,0,5466,0,0,0,0.0
8491,1777473035.3714247,decode,183,1850502,0.948368914852912,1851113,183,4207.2227503724325,5468,0,0,5468,3,0,0,0.0
8493,1777473035.423093,decode,183,1850868,0.9485564872104865,1850685,183,4207.2227503724325,5467,0,0,5467,0,0,0,0.0
8494,1777473035.4602468,decode,183,1851051,0.9486502733892737,1850868,183,4207.2227503724325,5469,0,0,5469,0,0,0,0.0
8495,1777473035.4987478,decode,183,1841023,0.9435109957888468,1851051,183,4207.2227503724325,5470,0,0,5470,0,0,0,0.0
8496,1777473035.5359817,decode,183,1851023,0.9486359235914265,1851234,183,4207.2227503724325,5472,0,0,5472,1,0,0,0.0
8498,1777473035.5888731,decode,183,1830989,0.9383686432317385,1851206,183,4207.2227503724325,5473,0,0,5473,0,0,0,0.0
8499,1777473035.6256776,decode,183,1850989,0.9486184988368976,1851389,183,4207.2227503724325,5475,0,0,5475,2,0,0,0.0
8501,1777473035.6787724,decode,183,1810533,0.9278850909187817,1851172,183,4207.2227503724325,5475,0,0,5475,0,0,0,0.0
8502,1777473035.7151144,decode,183,1850533,0.9483848021291,1851355,183,4207.2227503724325,5477,0,0,5477,4,0,0,0.0
8504,1777473035.7666512,decode,183,1850899,0.9485723744866744,1850716,183,4207.2227503724325,5475,0,0,5475,0,0,0,0.0
8505,1777473035.8043132,decode,183,1830671,0.9382056705276165,1850899,183,4207.2227503724325,5477,0,0,5477,0,0,0,0.0
8506,1777473035.8421836,decode,183,1850671,0.9484555261327756,1851082,183,4207.2227503724325,5478,0,0,5478,2,0,0,0.0
8508,1777473035.8953457,decode,183,1789826,0.9172729029179801,1850854,183,4207.2227503724325,5479,0,0,5479,0,0,0,0.0
8509,1777473035.9320514,decode,183,1849826,0.9480224697334576,1851037,183,4207.2227503724325,5480,0,0,5480,6,0,0,0.0
8511,1777473035.9842472,decode,183,1819581,0.9325221255945557,1850009,183,4207.2227503724325,5476,0,0,5476,0,0,0,0.0
8512,1777473036.0215368,decode,183,1849581,0.9478969090022944,1850192,183,4207.2227503724325,5478,0,0,5478,3,0,0,0.0
8514,1777473036.0741055,decode,183,1829547,0.9376296286426065,1849764,183,4207.2227503724325,5477,0,0,5477,0,0,0,0.0
8515,1777473036.1107607,decode,183,1849547,0.9478794842477657,1849947,183,4207.2227503724325,5479,0,0,5479,2,0,0,0.0
8517,1777473036.1631486,decode,183,1839713,0.9428396302467089,1849730,183,4207.2227503724325,5479,0,0,5479,0,0,0,0.0
8518,1777473036.1998389,decode,183,1849713,0.9479645580492885,1849913,183,4207.2227503724325,5481,0,0,5481,1,0,0,0.0
8520,1777473036.251706,decode,183,1850079,0.9481521304068629,1849896,183,4207.2227503724325,5482,0,0,5482,0,0,0,0.0
8521,1777473036.2895176,decode,183,1809451,0.9273305737305426,1850079,183,4207.2227503724325,5484,0,0,5484,0,0,0,0.0
8522,1777473036.3271818,decode,183,1849451,0.9478302849408609,1850262,183,4207.2227503724325,5485,0,0,5485,4,0,0,0.0
8524,1777473036.3805702,decode,183,1808984,0.9270912396021621,1849634,183,4169.057158782002,5484,0,0,5484,0,0,0,0.0
8525,1777473036.4181762,decode,183,1848984,0.9475909508124805,1849817,183,4169.057158782002,5485,0,0,5485,4,0,0,0.0
8527,1777473036.470905,decode,183,1849350,0.9477785231700548,1849167,183,4169.057158782002,5483,0,0,5483,0,0,0,0.0
8528,1777473036.5081978,decode,183,1849533,0.947872309348842,1849350,183,4169.057158782002,5485,0,0,5485,0,0,0,0.0
8529,1777473036.545883,decode,183,1839505,0.9427330317484153,1849533,183,4169.057158782002,5486,0,0,5486,0,0,0,0.0
8530,1777473036.5834794,decode,183,1849505,0.9478579595509948,1849716,183,4169.057158782002,5488,0,0,5488,1,0,0,0.0
8532,1777473036.646477,decode,183,1839660,0.9428124681293553,1849688,183,4169.057158782002,5489,0,0,5489,0,0,0,0.0
8533,1777473036.6834018,decode,183,1849660,0.9479373959319348,1849871,183,4169.057158782002,5490,0,0,5490,1,0,0,0.0
8535,1777473036.7363384,decode,183,1850026,0.9481249682895092,1849843,183,4169.057158782002,5492,0,0,5492,0,0,0,0.0
8536,1777473036.7751281,decode,183,1768598,0.9063937061786642,1850026,183,4169.057158782002,5493,0,0,5493,0,0,0,0.0
8537,1777473036.8119972,decode,183,1838399,0.94216621473345,1850209,183,4169.057158782002,5495,0,0,5495,8,0,0,0.0
8540,1777473036.8789392,decode,183,1828343,0.9370125873351759,1848582,183,4169.057158782002,5489,0,0,5489,0,0,0,0.0
8541,1777473036.9158008,decode,183,1848343,0.9472624429403351,1848765,183,4169.057158782002,5490,0,0,5490,2,0,0,0.0
8543,1777473036.9675403,decode,183,1807887,0.9265290350222192,1848526,183,4169.057158782002,5490,0,0,5490,0,0,0,0.0
8544,1777473037.004761,decode,183,1837688,0.9418018323666866,1848709,183,4169.057158782002,5492,0,0,5492,4,0,0,0.0
8547,1777473037.0646617,decode,183,1837843,0.9418812687476266,1847871,183,4169.057158782002,5490,0,0,5490,0,0,0,0.0
8548,1777473037.1021328,decode,183,1847843,0.9470061965502061,1848054,183,4169.057158782002,5491,0,0,5491,1,0,0,0.0
8550,1777473037.1537673,decode,183,1827787,0.9367276413493525,1848026,183,4169.057158782002,5492,0,0,5492,0,0,0,0.0
8551,1777473037.191442,decode,183,1847787,0.9469774969545116,1848209,183,4169.057158782002,5494,0,0,5494,2,0,0,0.0
8553,1777473037.2437387,decode,183,1848153,0.9471650693120861,1847970,183,4169.057158782002,5494,0,0,5494,0,0,0,0.0
8554,1777473037.282924,decode,183,1705448,0.8740297871053742,1848153,183,4169.057158782002,5496,0,0,5496,0,0,0,0.0
8555,1777473037.323785,decode,183,1835238,0.9405462250550546,1848336,183,4169.057158782002,5498,0,0,5498,14,0,0,0.0
8558,1777473037.389224,decode,183,1855421,0.9508898668390009,1845421,183,4169.057158782002,5485,0,0,5485,1,0,0,0.0
8560,1777473037.4422023,decode,184,1855789,0.9510784641821358,1855605,184,4169.057158782002,5487,0,0,5487,0,0,0,0.0
8561,1777473037.4802792,decode,184,1845762,0.9459396990744893,1855789,184,4169.057158782002,5488,0,0,5488,0,0,0,0.0
8562,1777473037.5186255,decode,184,1845563,0.945837713011218,1855973,184,4169.057158782002,5490,0,0,5490,1,0,0,0.0
8565,1777473037.5793395,decode,184,1855931,0.9511512381569325,1855747,184,4169.057158782002,5491,0,0,5491,0,0,0,0.0
8566,1777473037.6166992,decode,184,1856115,0.9512455368284999,1855931,184,4169.057158782002,5492,0,0,5492,0,0,0,0.0
8567,1777473037.6540031,decode,184,1856299,0.9513398355000674,1856115,184,4169.057158782002,5494,0,0,5494,0,0,0,0.0
8568,1777473037.692123,decode,184,1856483,0.9514341341716348,1856299,184,4169.057158782002,5496,0,0,5496,0,0,0,0.0
8569,1777473037.7294333,decode,184,1856667,0.9515284328432023,1856483,184,4169.057158782002,5497,0,0,5497,0,0,0,0.0
8570,1777473037.7685697,decode,184,1754785,0.899314643404961,1856667,184,4169.057158782002,5499,0,0,5499,0,0,0,0.0
8571,1777473037.8056397,decode,184,1824376,0.9349795284758926,1856851,184,4169.057158782002,5500,0,0,5500,9,0,0,0.0
8574,1777473037.875324,decode,183,1854559,0.9504480980624186,1844559,183,4169.057158782002,5492,0,0,5492,1,0,0,0.0
8576,1777473037.9291663,decode,184,1854927,0.9506366954055535,1854743,184,4169.057158782002,5493,0,0,5493,0,0,0,0.0
8577,1777473037.9663322,decode,184,1855111,0.9507309940771209,1854927,184,4169.057158782002,5495,0,0,5495,0,0,0,0.0
8578,1777473038.0041916,decode,184,1834895,0.940370440031426,1855111,184,4169.057158782002,5496,0,0,5496,0,0,0,0.0
8579,1777473038.0411518,decode,184,1854895,0.9506202956365852,1855295,184,4169.057158782002,5498,0,0,5498,2,0,0,0.0
8581,1777473038.0933146,decode,184,1855263,0.9508088929797202,1855079,184,4169.057158782002,5498,0,0,5498,0,0,0,0.0
8582,1777473038.1304848,decode,184,1855447,0.9509031916512876,1855263,184,4169.057158782002,5500,0,0,5500,0,0,0,0.0
8583,1777473038.1680226,decode,184,1855631,0.9509974903228551,1855447,184,4104.726864388368,5501,0,0,5501,0,0,0,0.0
8584,1777473038.2052128,decode,184,1855815,0.9510917889944226,1855631,184,4104.726864388368,5503,0,0,5503,0,0,0,0.0
8585,1777473038.243625,decode,184,1815188,0.9302707448108825,1855815,184,4104.726864388368,5505,0,0,5505,0,0,0,0.0
8586,1777473038.280573,decode,184,1834989,0.9404186143527703,1855999,184,4104.726864388368,5506,0,0,5506,3,0,0,0.0
8589,1777473038.3391874,decode,183,1855172,0.9507622561367167,1845172,183,4104.726864388368,5505,0,0,5505,1,0,0,0.0
8591,1777473038.3908894,decode,184,1845329,0.9457177897006376,1855356,184,4104.726864388368,5506,0,0,5506,0,0,0,0.0
8592,1777473038.427995,decode,184,1855329,0.9508427175032171,1855540,184,4104.726864388368,5508,0,0,5508,1,0,0,0.0
8594,1777473038.4801555,decode,184,1814886,0.9301159719912446,1855513,184,4104.726864388368,5509,0,0,5509,0,0,0,0.0
8595,1777473038.5168614,decode,184,1854886,0.9506156832015629,1855697,184,4104.726864388368,5511,0,0,5511,4,0,0,0.0
8597,1777473038.5684228,decode,184,1814454,0.9298945751101731,1855070,184,4104.726864388368,5509,0,0,5509,0,0,0,0.0
8598,1777473038.6056237,decode,184,1854454,0.9503942863204915,1855254,184,4104.726864388368,5510,0,0,5510,4,0,0,0.0
8600,1777473038.6717362,decode,184,1854822,0.9505828836636264,1854638,184,4104.726864388368,5509,0,0,5509,0,0,0,0.0
8601,1777473038.7092113,decode,184,1855006,0.9506771823351938,1854822,184,4104.726864388368,5511,0,0,5511,0,0,0,0.0
8602,1777473038.7472322,decode,184,1793935,0.9193787357520601,1855006,184,4104.726864388368,5512,0,0,5512,0,0,0,0.0
8603,1777473038.7844439,decode,184,1853935,0.9501283025675376,1855190,184,4104.726864388368,5514,0,0,5514,6,0,0,0.0
8605,1777473038.8371792,decode,184,1854303,0.9503168999106725,1854119,184,4104.726864388368,5510,0,0,5510,0,0,0,0.0
8606,1777473038.8752587,decode,184,1854487,0.95041119858224,1854303,184,4104.726864388368,5512,0,0,5512,0,0,0,0.0
8607,1777473038.9124033,decode,184,1854671,0.9505054972538074,1854487,184,4104.726864388368,5513,0,0,5513,0,0,0,0.0
8608,1777473038.95029,decode,184,1834444,0.9401393057875297,1854671,184,4104.726864388368,5515,0,0,5515,0,0,0,0.0
8609,1777473038.987204,decode,184,1854444,0.9503891613926889,1854855,184,4104.726864388368,5516,0,0,5516,2,0,0,0.0
8611,1777473039.0394928,decode,184,1814001,0.9296624158807163,1854628,184,4104.726864388368,5517,0,0,5517,0,0,0,0.0
8612,1777473039.076322,decode,184,1854001,0.9501621270910346,1854812,184,4104.726864388368,5518,0,0,5518,4,0,0,0.0
8614,1777473039.1301167,decode,184,1854369,0.9503507244341696,1854185,184,4104.726864388368,5516,0,0,5516,0,0,0,0.0
8615,1777473039.1680388,decode,184,1854553,0.950445023105737,1854369,184,4104.726864388368,5518,0,0,5518,0,0,0,0.0
8616,1777473039.204976,decode,184,1844526,0.9453062579980904,1854553,184,4104.726864388368,5520,0,0,5520,0,0,0,0.0
8617,1777473039.242574,decode,184,1854526,0.95043118580067,1854737,184,4104.726864388368,5521,0,0,5521,1,0,0,0.0
8619,1777473039.2947752,decode,184,1854894,0.9506197831438049,1854710,184,4104.726864388368,5522,0,0,5522,0,0,0,0.0
8620,1777473039.3327675,decode,184,1855078,0.9507140818153724,1854894,184,4104.726864388368,5524,0,0,5524,0,0,0,0.0
8621,1777473039.3700893,decode,184,1855262,0.9508083804869399,1855078,184,4104.726864388368,5526,0,0,5526,0,0,0,0.0
8622,1777473039.4080982,decode,184,1855446,0.9509026791585073,1855262,184,4104.726864388368,5527,0,0,5527,0,0,0,0.0
8623,1777473039.4454777,decode,184,1855630,0.9509969778300749,1855446,184,4104.726864388368,5529,0,0,5529,0,0,0,0.0
8624,1777473039.4842455,decode,184,1825192,0.9353977225845831,1855630,184,4104.726864388368,5531,0,0,5531,0,0,0,0.0
8625,1777473039.5208843,decode,184,1855192,0.9507725059923219,1855814,184,4104.726864388368,5532,0,0,5532,3,0,0,0.0
8627,1777473039.5738845,decode,184,1855560,0.9509611033354568,1855376,184,4104.726864388368,5531,0,0,5531,0,0,0,0.0
8628,1777473039.6111732,decode,184,1855744,0.9510554020070242,1855560,184,4104.726864388368,5533,0,0,5533,0,0,0,0.0
8629,1777473039.6488302,decode,184,1845717,0.9459166368993777,1855744,184,4104.726864388368,5535,0,0,5535,0,0,0,0.0
8630,1777473039.6867492,decode,184,1855717,0.9510415647019572,1855928,184,4104.726864388368,5536,0,0,5536,1,0,0,0.0
8632,1777473039.7400362,decode,184,1856085,0.9512301620450921,1855901,184,4104.726864388368,5537,0,0,5537,0,0,0,0.0
8633,1777473039.7770674,decode,184,1856269,0.9513244607166597,1856085,184,4104.726864388368,5539,0,0,5539,0,0,0,0.0
8634,1777473039.8157477,decode,184,1856453,0.9514187593882271,1856269,184,4104.726864388368,5541,0,0,5541,0,0,0,0.0
8635,1777473039.852479,decode,184,1856637,0.9515130580597946,1856453,184,4368.7718155844805,5542,0,0,5542,0,0,0,0.0
8636,1777473039.8894327,decode,184,1856821,0.9516073567313621,1856637,184,4368.7718155844805,5544,0,0,5544,0,0,0,0.0
8637,1777473039.9276133,decode,184,1826394,0.9360137389064531,1856821,184,4368.7718155844805,5545,0,0,5545,0,0,0,0.0
8638,1777473039.9644365,decode,184,1846394,0.9462635945116123,1857005,184,4368.7718155844805,5547,0,0,5547,2,0,0,0.0
8640,1777473040.0168223,decode,183,1856577,0.9514823084929791,1846577,183,4368.7718155844805,5547,0,0,5547,1,0,0,0.0
8642,1777473040.0706232,decode,184,1856945,0.951670905836114,1856761,184,4368.7718155844805,5548,0,0,5548,0,0,0,0.0
8643,1777473040.1079483,decode,184,1846918,0.9465321407284675,1856945,184,4368.7718155844805,5550,0,0,5550,0,0,0,0.0
8644,1777473040.1457653,decode,184,1847101,0.9466259269072547,1857129,183,4368.7718155844805,5552,0,0,5552,0,0,0,0.0
8645,1777473040.1834369,decode,183,1837073,0.9414866493068279,1847101,183,4368.7718155844805,5553,0,0,5553,0,0,0,0.0
8646,1777473040.2207365,decode,183,1847073,0.9466115771094075,1847284,183,4368.7718155844805,5555,0,0,5555,1,0,0,0.0
8648,1777473040.2739868,decode,183,1847439,0.9467991494669818,1847256,183,4368.7718155844805,5556,0,0,5556,0,0,0,0.0
8649,1777473040.310502,decode,183,1847622,0.946892935645769,1847439,183,4368.7718155844805,5558,0,0,5558,0,0,0,0.0
8650,1777473040.3481836,decode,183,1847805,0.9469867218245563,1847622,183,4368.7718155844805,5559,0,0,5559,0,0,0,0.0
8651,1777473040.3859417,decode,183,1847988,0.9470805080033435,1847805,183,4368.7718155844805,5560,0,0,5560,0,0,0,0.0
8652,1777473040.4247928,decode,183,1837960,0.9419412304029167,1847988,183,4368.7718155844805,5562,0,0,5562,0,0,0,0.0
8653,1777473040.460822,decode,183,1847960,0.9470661582054963,1848171,183,4368.7718155844805,5564,0,0,5564,1,0,0,0.0
8655,1777473040.5136654,decode,183,1848326,0.9472537305630707,1848143,183,4368.7718155844805,5565,0,0,5565,0,0,0,0.0
8656,1777473040.5505984,decode,183,1848509,0.9473475167418579,1848326,183,4368.7718155844805,5566,0,0,5566,0,0,0,0.0
8657,1777473040.5886087,decode,183,1848692,0.9474413029206451,1848509,183,4368.7718155844805,5568,0,0,5568,0,0,0,0.0
8658,1777473040.6253028,decode,183,1848875,0.9475350890994323,1848692,183,4368.7718155844805,5570,0,0,5570,0,0,0,0.0
8659,1777473040.6634066,decode,183,1849058,0.9476288752782195,1848875,183,4368.7718155844805,5571,0,0,5571,0,0,0,0.0
8660,1777473040.7008247,decode,183,1839041,0.9424952350983755,1849058,183,4368.7718155844805,5573,0,0,5573,0,0,0,0.0
8661,1777473040.738298,decode,183,1849041,0.9476201629009552,1849241,183,4368.7718155844805,5574,0,0,5574,1,0,0,0.0
8663,1777473040.7911606,decode,183,1849407,0.9478077352585296,1849224,183,4368.7718155844805,5576,0,0,5576,0,0,0,0.0
8664,1777473040.827957,decode,183,1849590,0.9479015214373168,1849407,183,4368.7718155844805,5577,0,0,5577,0,0,0,0.0
8665,1777473040.8663008,decode,183,1808962,0.9270799647609964,1849590,183,4368.7718155844805,5579,0,0,5579,0,0,0,0.0
8666,1777473040.9033792,decode,183,1848962,0.9475796759713148,1849773,183,4368.7718155844805,5581,0,0,5581,4,0,0,0.0
8668,1777473040.9571207,decode,183,1849328,0.9477672483288891,1849145,183,4368.7718155844805,5579,0,0,5579,0,0,0,0.0
8669,1777473040.9943876,decode,183,1849511,0.9478610345076763,1849328,183,4368.7718155844805,5580,0,0,5580,0,0,0,0.0
8670,1777473041.0320814,decode,183,1849694,0.9479548206864635,1849511,183,4368.7718155844805,5582,0,0,5582,0,0,0,0.0
8671,1777473041.070217,decode,183,1829477,0.9375937541479884,1849694,183,4368.7718155844805,5583,0,0,5583,0,0,0,0.0
8672,1777473041.1071248,decode,183,1849477,0.9478436097531476,1849877,183,4368.7718155844805,5585,0,0,5585,2,0,0,0.0
8674,1777473041.1606078,decode,183,1839643,0.9428037557520909,1849660,183,4368.7718155844805,5585,0,0,5585,0,0,0,0.0
8675,1777473041.1972916,decode,183,1849643,0.9479286835546704,1849843,183,4368.7718155844805,5587,0,0,5587,1,0,0,0.0
8677,1777473041.2497697,decode,183,1850009,0.9481162559122448,1849826,183,4368.7718155844805,5588,0,0,5588,0,0,0,0.0
8678,1777473041.287341,decode,183,1850192,0.948210042091032,1850009,183,4368.7718155844805,5589,0,0,5589,0,0,0,0.0
8679,1777473041.324976,decode,183,1829975,0.9378489755525569,1850192,183,4368.7718155844805,5591,0,0,5591,0,0,0,0.0
8680,1777473041.361915,decode,183,1849975,0.9480988311577161,1850375,183,4368.7718155844805,5592,0,0,5592,2,0,0,0.0
8682,1777473041.4145896,decode,183,1840141,0.9430589771566593,1850158,183,4368.7718155844805,5592,0,0,5592,0,0,0,0.0
8683,1777473041.4517183,decode,183,1850141,0.9481839049592389,1850341,183,4368.7718155844805,5593,0,0,5593,1,0,0,0.0
8685,1777473041.5050116,decode,183,1850507,0.9483714773168133,1850324,183,4433.2097893910695,5594,0,0,5594,0,0,0,0.0
8686,1777473041.5417972,decode,183,1850690,0.9484652634956005,1850507,183,4433.2097893910695,5596,0,0,5596,0,0,0,0.0
8687,1777473041.5795746,decode,183,1850873,0.9485590496743878,1850690,183,4433.2097893910695,5597,0,0,5597,0,0,0,0.0
8688,1777473041.617705,decode,183,1851056,0.948652835853175,1850873,183,4433.2097893910695,5599,0,0,5599,0,0,0,0.0
8689,1777473041.6547778,decode,183,1851239,0.9487466220319621,1851056,183,4433.2097893910695,5600,0,0,5600,0,0,0,0.0
8690,1777473041.6931407,decode,183,1841222,0.9436129818521182,1851239,183,4433.2097893910695,5602,0,0,5602,0,0,0,0.0
8691,1777473041.7297535,decode,183,1851222,0.9487379096546977,1851422,183,4433.2097893910695,5604,0,0,5604,1,0,0,0.0
8693,1777473041.7828052,decode,183,1851588,0.9489254820122721,1851405,183,4433.2097893910695,5605,0,0,5605,0,0,0,0.0
8694,1777473041.8201816,decode,183,1851771,0.9490192681910593,1851588,183,4433.2097893910695,5606,0,0,5606,0,0,0,0.0
8695,1777473041.8573525,decode,183,1851954,0.9491130543698466,1851771,183,4433.2097893910695,5608,0,0,5608,0,0,0,0.0
8696,1777473041.8954952,decode,183,1852137,0.9492068405486338,1851954,183,4433.2097893910695,5610,0,0,5610,0,0,0,0.0
8697,1777473041.932691,decode,183,1852320,0.949300626727421,1852137,183,4433.2097893910695,5611,0,0,5611,0,0,0,0.0
8698,1777473041.9708943,decode,183,1842303,0.944166986547577,1852320,183,4433.2097893910695,5613,0,0,5613,0,0,0,0.0
8699,1777473042.0079746,decode,183,1852303,0.9492919143501566,1852503,183,4433.2097893910695,5614,0,0,5614,1,0,0,0.0
8701,1777473042.0627327,decode,183,1822047,0.9337859327906718,1852486,183,4433.2097893910695,5616,0,0,5616,0,0,0,0.0
8702,1777473042.0997732,decode,183,1852047,0.9491607161984106,1852669,183,4433.2097893910695,5617,0,0,5617,3,0,0,0.0
8704,1777473042.15275,decode,183,1842202,0.944115224776771,1852230,183,4433.2097893910695,5617,0,0,5617,0,0,0,0.0
8705,1777473042.1902704,decode,183,1852202,0.9492401525793506,1852413,183,4433.2097893910695,5618,0,0,5618,1,0,0,0.0
8707,1777473042.243733,decode,183,1811757,0.9285123820818174,1852385,183,4433.2097893910695,5619,0,0,5619,0,0,0,0.0
8708,1777473042.2805758,decode,183,1851757,0.9490120932921358,1852568,183,4433.2097893910695,5621,0,0,5621,4,0,0,0.0
8710,1777473042.3344114,decode,183,1841923,0.943972239291079,1851940,183,4433.2097893910695,5619,0,0,5619,0,0,0,0.0
8711,1777473042.3706415,decode,183,1851923,0.9490971670936585,1852123,183,4433.2097893910695,5621,0,0,5621,1,0,0,0.0
8713,1777473042.4228752,decode,183,1852289,0.9492847394512329,1852106,183,4433.2097893910695,5622,0,0,5622,0,0,0,0.0
8714,1777473042.460553,decode,183,1842272,0.944151099271389,1852289,183,4433.2097893910695,5624,0,0,5624,0,0,0,0.0
8715,1777473042.4976747,decode,183,1852272,0.9492760270739686,1852472,183,4433.2097893910695,5626,0,0,5626,1,0,0,0.0
8717,1777473042.5490167,decode,183,1842438,0.9442361730729119,1852455,183,4433.2097893910695,5627,0,0,5627,0,0,0,0.0
8718,1777473042.586147,decode,183,1852438,0.9493611008754914,1852638,183,4433.2097893910695,5628,0,0,5628,1,0,0,0.0
8720,1777473042.6380656,decode,183,1842593,0.9443156094538518,1852621,183,4433.2097893910695,5630,0,0,5630,0,0,0,0.0
8721,1777473042.6752648,decode,183,1852593,0.9494405372564314,1852804,183,4433.2097893910695,5631,0,0,5631,1,0,0,0.0
8723,1777473042.7325978,decode,183,1801915,0.9234684281385186,1852776,183,4433.2097893910695,5633,0,0,5633,0,0,0,0.0
8724,1777473042.7694974,decode,183,1851915,0.9490930671514165,1852959,183,4433.2097893910695,5634,0,0,5634,5,0,0,0.0
8726,1777473042.8222709,decode,183,1821681,0.9335983604330974,1852098,183,4433.2097893910695,5632,0,0,5632,0,0,0,0.0
8727,1777473042.859641,decode,183,1851681,0.9489731438408362,1852281,183,4433.2097893910695,5633,0,0,5633,3,0,0,0.0
8729,1777473042.9119875,decode,183,1852047,0.9491607161984106,1851864,183,4433.2097893910695,5633,0,0,5633,0,0,0,0.0
8730,1777473042.9497736,decode,183,1831819,0.9387940122393525,1852047,183,4433.2097893910695,5634,0,0,5634,0,0,0,0.0
8731,1777473042.9870706,decode,183,1851819,0.9490438678445118,1852230,183,4433.2097893910695,5636,0,0,5636,2,0,0,0.0
8733,1777473043.0393267,decode,183,1811363,0.9283104599263958,1852002,183,4433.2097893910695,5636,0,0,5636,0,0,0,0.0
8734,1777473043.0761666,decode,183,1851363,0.9488101711367141,1852185,183,4433.2097893910695,5638,0,0,5638,4,0,0,0.0
8736,1777473043.1278853,decode,183,1831318,0.9385372533564433,1851546,183,4433.2097893910695,5636,0,0,5636,0,0,0,0.0
8737,1777473043.1651754,decode,183,1851318,0.9487871089616025,1851729,183,4433.2097893910695,5638,0,0,5638,2,0,0,0.0
8739,1777473043.2165787,decode,183,1841473,0.9437416175399629,1851501,183,4276.764447027491,5638,0,0,5638,0,0,0,0.0
8740,1777473043.253785,decode,183,1851473,0.9488665453425424,1851684,183,4276.764447027491,5640,0,0,5640,1,0,0,0.0
8742,1777473043.305334,decode,183,1841639,0.9438266913414858,1851656,183,4276.764447027491,5641,0,0,5641,0,0,0,0.0
8743,1777473043.3425593,decode,183,1851639,0.9489516191440653,1851839,183,4276.764447027491,5643,0,0,5643,1,0,0,0.0
8745,1777473043.3935845,decode,183,1852005,0.9491391915016397,1851822,183,4276.764447027491,5644,0,0,5644,0,0,0,0.0
8746,1777473043.4314544,decode,183,1841988,0.9440055513217958,1852005,183,4276.764447027491,5645,0,0,5645,0,0,0,0.0
8747,1777473043.4685752,decode,183,1851988,0.9491304791243753,1852188,183,4276.764447027491,5647,0,0,5647,1,0,0,0.0
8749,1777473043.5210001,decode,183,1801310,0.9231583700064625,1852171,183,4276.764447027491,5648,0,0,5648,0,0,0,0.0
8750,1777473043.557796,decode,183,1851310,0.9487830090193604,1852354,183,4276.764447027491,5650,0,0,5650,5,0,0,0.0
8752,1777473043.6103287,decode,183,1800643,0.9228165373220305,1851493,183,4276.764447027491,5647,0,0,5647,0,0,0,0.0
8753,1777473043.647639,decode,183,1850643,0.9484411763349284,1851676,183,4276.764447027491,5649,0,0,5649,5,0,0,0.0
8755,1777473043.7000234,decode,183,1810187,0.9277077684168125,1850826,183,4276.764447027491,5646,0,0,5646,0,0,0,0.0
8756,1777473043.7370365,decode,183,1850187,0.9482074796271307,1851009,183,4276.764447027491,5648,0,0,5648,4,0,0,0.0
8758,1777473043.7888794,decode,183,1830153,0.9379401992674428,1850370,183,4276.764447027491,5646,0,0,5646,0,0,0,0.0
8759,1777473043.8259964,decode,183,1850153,0.948190054872602,1850553,183,4276.764447027491,5648,0,0,5648,2,0,0,0.0
8761,1777473043.8769743,decode,183,1850519,0.9483776272301764,1850336,183,4276.764447027491,5648,0,0,5648,0,0,0,0.0
8762,1777473043.9149961,decode,183,1820102,0.9327891343330701,1850519,183,4276.764447027491,5650,0,0,5650,0,0,0,0.0
8763,1777473043.9520442,decode,183,1850102,0.9481639177408089,1850702,183,4276.764447027491,5651,0,0,5651,3,0,0,0.0
8765,1777473044.0061374,decode,183,1840257,0.9431184263191692,1850285,183,4276.764447027491,5650,0,0,5650,0,0,0,0.0
8766,1777473044.0417652,decode,183,1850257,0.9482433541217488,1850468,183,4276.764447027491,5652,0,0,5652,1,0,0,0.0
8768,1777473044.0940506,decode,183,1840423,0.9432035001206921,1850440,183,4276.764447027491,5653,0,0,5653,0,0,0,0.0
8769,1777473044.1311662,decode,183,1850423,0.9483284279232717,1850623,183,4276.764447027491,5654,0,0,5654,1,0,0,0.0
8771,1777473044.1831684,decode,183,1840589,0.9432885739222149,1850606,183,4276.764447027491,5656,0,0,5656,0,0,0,0.0
8772,1777473044.220319,decode,183,1850589,0.9484135017247944,1850789,183,4276.764447027491,5657,0,0,5657,1,0,0,0.0
8774,1777473044.2818975,decode,183,1810144,0.9276857312272614,1850772,183,4276.764447027491,5659,0,0,5659,0,0,0,0.0
8775,1777473044.3180974,decode,183,1850144,0.9481854424375796,1850955,183,4276.764447027491,5661,0,0,5661,4,0,0,0.0
8777,1777473044.3697255,decode,183,1850510,0.9483730147951541,1850327,183,4276.764447027491,5659,0,0,5659,0,0,0,0.0
8778,1777473044.4072728,decode,183,1850693,0.9484668009739413,1850510,183,4276.764447027491,5660,0,0,5660,0,0,0,0.0
8779,1777473044.444807,decode,183,1850876,0.9485605871527285,1850693,183,4276.764447027491,5662,0,0,5662,0,0,0,0.0
8780,1777473044.4836478,decode,183,1840859,0.9434269469728845,1850876,183,4276.764447027491,5664,0,0,5664,0,0,0,0.0
8781,1777473044.5201967,decode,183,1850859,0.9485518747754641,1851059,183,4276.764447027491,5665,0,0,5665,1,0,0,0.0
8783,1777473044.5725095,decode,183,1851225,0.9487394471330385,1851042,183,4276.764447027491,5667,0,0,5667,0,0,0,0.0
8784,1777473044.6099696,decode,183,1851408,0.9488332333118257,1851225,183,4276.764447027491,5668,0,0,5668,0,0,0,0.0
8785,1777473044.6477916,decode,183,1831180,0.9384665293527678,1851408,183,4276.764447027491,5670,0,0,5670,0,0,0,0.0
8786,1777473044.684957,decode,183,1851180,0.9487163849579269,1851591,183,4276.764447027491,5672,0,0,5672,2,0,0,0.0
8788,1777473044.736344,decode,183,1841335,0.9436708935362873,1851363,183,4276.764447027491,5672,0,0,5672,0,0,0,0.0
8789,1777473044.7737737,decode,183,1851335,0.9487958213388669,1851546,183,4276.764447027491,5673,0,0,5673,1,0,0,0.0
8791,1777473044.8254766,decode,183,1851701,0.9489833936964412,1851518,183,4276.764447027491,5675,0,0,5675,0,0,0,0.0
8792,1777473044.8635404,decode,183,1811062,0.9281561995995381,1851701,183,4276.764447027491,5676,0,0,5676,0,0,0,0.0
8793,1777473044.9006398,decode,183,1851062,0.9486559108098565,1851884,183,4276.764447027491,5678,0,0,5678,4,0,0,0.0
8795,1777473044.954003,decode,183,1779973,0.9122233115540985,1851245,183,4213.143165713063,5676,0,0,5676,0,0,0,0.0
8796,1777473044.9904666,decode,183,1849973,0.9480978061721556,1851428,183,4213.143165713063,5678,0,0,5678,7,0,0,0.0
8798,1777473045.0431914,decode,183,1819706,0.932586187192088,1850156,183,4213.143165713063,5673,0,0,5673,0,0,0,0.0
8799,1777473045.0800788,decode,183,1849706,0.9479609705998266,1850339,183,4213.143165713063,5675,0,0,5675,3,0,0,0.0
8801,1777473045.131962,decode,183,1839861,0.9429154791781871,1849889,183,4213.143165713063,5674,0,0,5674,0,0,0,0.0
8802,1777473045.1691525,decode,183,1849861,0.9480404069807666,1850072,183,4213.143165713063,5676,0,0,5676,1,0,0,0.0
8804,1777473045.2207448,decode,183,1840016,0.9429949155591271,1850044,183,4213.143165713063,5677,0,0,5677,0,0,0,0.0
8805,1777473045.2577662,decode,183,1850016,0.9481198433617066,1850227,183,4213.143165713063,5679,0,0,5679,1,0,0,0.0
8807,1777473045.3090322,decode,183,1850382,0.948307415719281,1850199,183,4213.143165713063,5680,0,0,5680,0,0,0,0.0
8808,1777473045.3470001,decode,183,1819943,0.932707647981009,1850382,183,4213.143165713063,5682,0,0,5682,0,0,0,0.0
8809,1777473045.383978,decode,183,1849943,0.9480824313887478,1850565,183,4213.143165713063,5683,0,0,5683,3,0,0,0.0
8811,1777473045.436092,decode,183,1809487,0.9273490234706319,1850126,183,4213.143165713063,5682,0,0,5682,0,0,0,0.0
8812,1777473045.473249,decode,183,1849487,0.9478487346809502,1850309,183,4213.143165713063,5684,0,0,5684,4,0,0,0.0
8814,1777473045.5253637,decode,183,1839653,0.9428088806798934,1849670,183,4213.143165713063,5682,0,0,5682,0,0,0,0.0
8815,1777473045.562446,decode,183,1849653,0.947933808482473,1849853,183,4213.143165713063,5684,0,0,5684,1,0,0,0.0
8817,1777473045.6223705,decode,183,1829608,0.9376608907022023,1849836,183,4213.143165713063,5686,0,0,5686,0,0,0,0.0
8818,1777473045.6588457,decode,183,1849608,0.9479107463073614,1850019,183,4213.143165713063,5687,0,0,5687,2,0,0,0.0
8820,1777473045.711189,decode,183,1819363,0.9324104021684595,1849791,183,4213.143165713063,5687,0,0,5687,0,0,0,0.0
8821,1777473045.748251,decode,183,1849363,0.9477851855761982,1849974,183,4213.143165713063,5689,0,0,5689,3,0,0,0.0
8823,1777473045.8001761,decode,183,1849729,0.9479727579337726,1849546,183,4213.143165713063,5688,0,0,5688,0,0,0,0.0
8824,1777473045.8393087,decode,183,1696824,0.8696100493684296,1849729,183,4213.143165713063,5690,0,0,5690,0,0,0,0.0
8825,1777473045.8826118,decode,183,1846824,0.9464839664071233,1849912,183,4213.143165713063,5692,0,0,5692,15,0,0,0.0
8827,1777473045.935526,decode,183,1857007,0.95170268038849,1847007,183,4213.143165713063,5679,0,0,5679,1,0,0,0.0
8829,1777473045.9890993,decode,184,1857375,0.951891277731625,1857191,184,4213.143165713063,5680,0,0,5680,0,0,0,0.0
8830,1777473046.0273964,decode,184,1816715,0.9310533212863363,1857375,184,4213.143165713063,5682,0,0,5682,0,0,0,0.0
8831,1777473046.0644407,decode,184,1846715,0.9464281046940751,1857559,184,4213.143165713063,5684,0,0,5684,3,0,0,0.0
8833,1777473046.1157858,decode,183,1856898,0.9516468186754419,1846898,183,4213.143165713063,5683,0,0,5683,1,0,0,0.0
8835,1777473046.1674962,decode,184,1857266,0.9518354160185768,1857082,184,4213.143165713063,5684,0,0,5684,0,0,0,0.0
8836,1777473046.2083106,decode,184,1857450,0.9519297146901443,1857266,184,4213.143165713063,5686,0,0,5686,0,0,0,0.0
8837,1777473046.24281,decode,184,1857634,0.9520240133617117,1857450,184,4213.143165713063,5688,0,0,5688,0,0,0,0.0
8838,1777473046.2805128,decode,184,1857818,0.9521183120332792,1857634,184,4213.143165713063,5689,0,0,5689,0,0,0,0.0
8839,1777473046.319334,decode,184,1745714,0.8946658213952411,1857818,184,4213.143165713063,5691,0,0,5691,0,0,0,0.0
8840,1777473046.3564014,decode,184,1835504,0.9406825481346032,1858002,184,4213.143165713063,5692,0,0,5692,10,0,0,0.0
8843,1777473046.42163,decode,183,1855687,0.9510261899185495,1845687,183,4213.143165713063,5684,0,0,5684,1,0,0,0.0
8845,1777473046.4746778,decode,184,1856055,0.9512147872616844,1855871,184,4213.143165713063,5686,0,0,5686,0,0,0,0.0
8846,1777473046.512603,decode,184,1835817,0.9408429583748239,1856055,184,4213.143165713063,5687,0,0,5687,0,0,0,0.0
8847,1777473046.5501616,decode,184,1845618,0.9458659001141322,1856239,184,4213.143165713063,5689,0,0,5689,2,0,0,0.0
8849,1777473046.6014664,decode,183,1855801,0.9510846140954989,1845801,183,4213.143165713063,5689,0,0,5689,1,0,0,0.0
8851,1777473046.6532218,decode,184,1856169,0.9512732114386339,1855985,184,4213.143165713063,5690,0,0,5690,0,0,0,0.0
8852,1777473046.6907394,decode,184,1856353,0.9513675101102014,1856169,184,4213.143165713063,5692,0,0,5692,0,0,0,0.0
8853,1777473046.7284722,decode,184,1856537,0.9514618087817688,1856353,184,4133.623895496607,5694,0,0,5694,0,0,0,0.0
8854,1777473046.766002,decode,184,1856721,0.9515561074533363,1856537,184,4133.623895496607,5695,0,0,5695,0,0,0,0.0
8855,1777473046.804794,decode,184,1744617,0.8941036168152982,1856721,184,4133.623895496607,5697,0,0,5697,0,0,0,0.0
8856,1777473046.8421006,decode,184,1834407,0.9401203435546601,1856905,184,4133.623895496607,5698,0,0,5698,10,0,0,0.0
8859,1777473046.9073453,decode,183,1854590,0.9504639853386065,1844590,183,4133.623895496607,5690,0,0,5690,1,0,0,0.0
8861,1777473046.9606898,decode,184,1854958,0.9506525826817415,1854774,184,4133.623895496607,5692,0,0,5692,0,0,0,0.0
8862,1777473046.9984295,decode,184,1855142,0.950746881353309,1854958,184,4133.623895496607,5693,0,0,5693,0,0,0,0.0
8863,1777473047.0389574,decode,184,1824715,0.9351532635284,1855142,184,4133.623895496607,5695,0,0,5695,0,0,0,0.0
8864,1777473047.0744488,decode,184,1854715,0.9505280469361388,1855326,184,4133.623895496607,5696,0,0,5696,3,0,0,0.0
8866,1777473047.1273289,decode,184,1824483,0.9350343652033802,1854899,184,4133.623895496607,5695,0,0,5695,0,0,0,0.0
8867,1777473047.1643767,decode,184,1854483,0.9504091486111189,1855083,184,4133.623895496607,5697,0,0,5697,3,0,0,0.0
8869,1777473047.2157142,decode,184,1854851,0.9505977459542538,1854667,184,4133.623895496607,5696,0,0,5696,0,0,0,0.0
8870,1777473047.2533064,decode,184,1855035,0.9506920446258214,1854851,184,4133.623895496607,5698,0,0,5698,0,0,0,0.0
8871,1777473047.2918205,decode,184,1783808,0.9141887213663877,1855035,184,4133.623895496607,5699,0,0,5699,0,0,0,0.0
8872,1777473047.3289278,decode,184,1833598,0.9397057368954315,1855219,184,4133.623895496607,5701,0,0,5701,6,0,0,0.0
8875,1777473047.39286,decode,183,1853781,0.9500493786793779,1843781,183,4133.623895496607,5697,0,0,5697,1,0,0,0.0
8877,1777473047.445173,decode,184,1843938,0.9450049122432987,1853965,184,4133.623895496607,5698,0,0,5698,0,0,0,0.0
8878,1777473047.4824317,decode,184,1853938,0.9501298400458783,1854149,184,4133.623895496607,5699,0,0,5699,1,0,0,0.0
8880,1777473047.5343618,decode,184,1823684,0.934624883471954,1854122,184,4133.623895496607,5701,0,0,5701,0,0,0,0.0
8881,1777473047.571543,decode,184,1853684,0.9499996668796928,1854306,184,4133.623895496607,5702,0,0,5702,3,0,0,0.0
8883,1777473047.6242554,decode,184,1813241,0.9292729213677202,1853868,184,4133.623895496607,5701,0,0,5701,0,0,0,0.0
8884,1777473047.6611176,decode,184,1853241,0.9497726325780386,1854052,184,4133.623895496607,5703,0,0,5703,4,0,0,0.0
8886,1777473047.7129338,decode,184,1853609,0.9499612299211735,1853425,184,4133.623895496607,5701,0,0,5701,0,0,0,0.0
8887,1777473047.750453,decode,184,1853793,0.9500555285927409,1853609,184,4133.623895496607,5703,0,0,5703,0,0,0,0.0
8888,1777473047.788198,decode,184,1843777,0.9449224009056773,1853793,184,4133.623895496607,5705,0,0,5705,0,0,0,0.0
8889,1777473047.825705,decode,184,1853777,0.9500473287082568,1853977,184,4133.623895496607,5706,0,0,5706,1,0,0,0.0
8891,1777473047.8922386,decode,184,1854145,0.9502359260513917,1853961,184,4133.623895496607,5708,0,0,5708,0,0,0,0.0
8892,1777473047.9292994,decode,184,1854329,0.9503302247229592,1854145,184,4133.623895496607,5709,0,0,5709,0,0,0,0.0
8893,1777473047.9667354,decode,184,1854513,0.9504245233945267,1854329,184,4133.623895496607,5711,0,0,5711,0,0,0,0.0
8894,1777473048.00457,decode,184,1844486,0.9452857582868801,1854513,184,4133.623895496607,5713,0,0,5713,0,0,0,0.0
8895,1777473048.0418816,decode,184,1854486,0.9504106860894597,1854697,184,4133.623895496607,5714,0,0,5714,1,0,0,0.0
8897,1777473048.0939958,decode,184,1834443,0.9401387932947495,1854670,184,4133.623895496607,5716,0,0,5716,0,0,0,0.0
8898,1777473048.1311493,decode,184,1854443,0.9503886488999086,1854854,184,4133.623895496607,5717,0,0,5717,2,0,0,0.0
8900,1777473048.1828868,decode,184,1854811,0.9505772462430435,1854627,184,4133.623895496607,5717,0,0,5717,0,0,0,0.0
8901,1777473048.220484,decode,184,1854995,0.950671544914611,1854811,184,4133.623895496607,5719,0,0,5719,0,0,0,0.0
8902,1777473048.2582464,decode,184,1844979,0.9455384172275473,1854995,184,4133.623895496607,5721,0,0,5721,0,0,0,0.0
8903,1777473048.2957013,decode,184,1854979,0.9506633450301268,1855179,184,4133.623895496607,5722,0,0,5722,1,0,0,0.0
8905,1777473048.3475401,decode,184,1855347,0.9508519423732619,1855163,184,4133.623895496607,5723,0,0,5723,0,0,0,0.0
8906,1777473048.3850584,decode,184,1855531,0.9509462410448293,1855347,184,4133.623895496607,5725,0,0,5725,0,0,0,0.0
8907,1777473048.4225817,decode,184,1855715,0.9510405397163968,1855531,184,4133.623895496607,5727,0,0,5727,0,0,0,0.0
8908,1777473048.460252,decode,184,1855899,0.9511348383879642,1855715,184,4248.813841353285,5728,0,0,5728,0,0,0,0.0
8909,1777473048.4978993,decode,184,1856083,0.9512291370595317,1855899,184,4248.813841353285,5730,0,0,5730,0,0,0,0.0
8910,1777473048.5360556,decode,184,1815445,0.9304024554554088,1856083,184,4248.813841353285,5732,0,0,5732,0,0,0,0.0
8911,1777473048.5736334,decode,184,1835246,0.9405503249972966,1856267,184,4248.813841353285,5733,0,0,5733,3,0,0,0.0
8914,1777473048.633761,decode,183,1855429,0.9508939667812429,1845429,183,4248.813841353285,5732,0,0,5732,1,0,0,0.0
8916,1777473048.685428,decode,184,1855797,0.9510825641243779,1855613,184,4248.813841353285,5733,0,0,5733,0,0,0,0.0
8917,1777473048.7230392,decode,184,1855981,0.9511768627959454,1855797,184,4248.813841353285,5735,0,0,5735,0,0,0,0.0
8918,1777473048.7605693,decode,184,1856165,0.9512711614675128,1855981,184,4248.813841353285,5736,0,0,5736,0,0,0,0.0
8919,1777473048.848114,decode,184,1846149,0.9461380337804491,1856165,184,4248.813841353285,5738,0,0,5738,0,0,0,0.0
8920,1777473048.8830085,decode,184,1856149,0.9512629615830287,1856349,184,4248.813841353285,5741,0,0,5741,1,0,0,0.0
8922,1777473048.9353182,decode,184,1856517,0.9514515589261636,1856333,184,4248.813841353285,5742,0,0,5742,0,0,0,0.0
8923,1777473048.97283,decode,184,1856701,0.9515458575977311,1856517,184,4248.813841353285,5744,0,0,5744,0,0,0,0.0
8924,1777473049.0106227,decode,184,1856885,0.9516401562692985,1856701,184,4248.813841353285,5745,0,0,5745,0,0,0,0.0
8925,1777473049.048266,decode,184,1857069,0.9517344549408661,1856885,184,4248.813841353285,5747,0,0,5747,0,0,0,0.0
8926,1777473049.0857408,decode,184,1857253,0.9518287536124335,1857069,184,4248.813841353285,5749,0,0,5749,0,0,0,0.0
8927,1777473049.1238453,decode,184,1857437,0.951923052284001,1857253,184,4248.813841353285,5750,0,0,5750,0,0,0,0.0
8928,1777473049.1619737,decode,184,1857621,0.9520173509555684,1857437,184,4248.813841353285,5752,0,0,5752,0,0,0,0.0
8929,1777473049.1988595,decode,184,1857805,0.9521116496271359,1857621,184,4248.813841353285,5754,0,0,5754,0,0,0,0.0
8930,1777473049.2364492,decode,184,1857989,0.9522059482987033,1857805,184,4248.813841353285,5755,0,0,5755,0,0,0,0.0
8931,1777473049.2741654,decode,184,1858173,0.9523002469702708,1857989,184,4248.813841353285,5757,0,0,5757,0,0,0,0.0
8932,1777473049.311777,decode,184,1858357,0.9523945456418382,1858173,184,4248.813841353285,5758,0,0,5758,0,0,0,0.0
8933,1777473049.3495321,decode,184,1858541,0.9524888443134057,1858357,184,4248.813841353285,5760,0,0,5760,0,0,0,0.0
8934,1777473049.3870609,decode,184,1858725,0.9525831429849732,1858541,184,4248.813841353285,5762,0,0,5762,0,0,0,0.0
8935,1777473049.4246733,decode,184,1858909,0.9526774416565407,1858725,184,4248.813841353285,5763,0,0,5763,0,0,0,0.0
8936,1777473049.462487,decode,184,1859093,0.9527717403281081,1858909,184,4248.813841353285,5765,0,0,5765,0,0,0,0.0
8937,1777473049.501372,decode,184,1808266,0.9267232697859369,1859093,184,4248.813841353285,5767,0,0,5767,0,0,0,0.0
8938,1777473049.538011,decode,184,1848266,0.9472229809962552,1859277,184,4248.813841353285,5768,0,0,5768,4,0,0,0.0
8940,1777473049.5932791,decode,183,1848632,0.9474105533538296,1848449,183,4248.813841353285,5766,0,0,5766,0,0,0,0.0
8941,1777473049.6306963,decode,183,1848815,0.9475043395326168,1848632,183,4248.813841353285,5768,0,0,5768,0,0,0,0.0
8942,1777473049.668062,decode,183,1848998,0.947598125711404,1848815,183,4248.813841353285,5770,0,0,5770,0,0,0,0.0
8943,1777473049.7053924,decode,183,1849181,0.9476919118901912,1848998,183,4248.813841353285,5771,0,0,5771,0,0,0,0.0
8944,1777473049.7429223,decode,183,1849364,0.9477856980689785,1849181,183,4248.813841353285,5773,0,0,5773,0,0,0,0.0
8945,1777473049.7807322,decode,183,1829136,0.9374189941099205,1849364,183,4248.813841353285,5775,0,0,5775,0,0,0,0.0
8946,1777473049.8179624,decode,183,1849136,0.9476688497150796,1849547,183,4248.813841353285,5776,0,0,5776,2,0,0,0.0
8948,1777473049.869968,decode,183,1849502,0.9478564220726541,1849319,183,4248.813841353285,5776,0,0,5776,0,0,0,0.0
8949,1777473049.9074051,decode,183,1849685,0.9479502082514413,1849502,183,4248.813841353285,5778,0,0,5778,0,0,0,0.0
8950,1777473049.9447901,decode,183,1849868,0.9480439944302285,1849685,183,4248.813841353285,5780,0,0,5780,0,0,0,0.0
8951,1777473049.9823806,decode,183,1850051,0.9481377806090157,1849868,183,4248.813841353285,5781,0,0,5781,0,0,0,0.0
8952,1777473050.0198436,decode,183,1850234,0.9482315667878028,1850051,183,4248.813841353285,5783,0,0,5783,0,0,0,0.0
8953,1777473050.057353,decode,183,1850417,0.94832535296659,1850234,183,4248.813841353285,5784,0,0,5784,0,0,0,0.0
8954,1777473050.0958688,decode,183,1850600,0.9484191391453773,1850417,183,4490.691732104489,5786,0,0,5786,0,0,0,0.0
8955,1777473050.133454,decode,183,1830361,0.9380467977657365,1850600,183,4490.691732104489,5788,0,0,5788,0,0,0,0.0
8956,1777473050.1700382,decode,183,1850361,0.9482966533708956,1850783,183,4490.691732104489,5789,0,0,5789,2,0,0,0.0
8958,1777473050.221735,decode,183,1850727,0.94848422572847,1850544,183,4490.691732104489,5789,0,0,5789,0,0,0,0.0
8959,1777473050.2593007,decode,183,1850910,0.9485780119072572,1850727,183,4490.691732104489,5791,0,0,5791,0,0,0,0.0
8960,1777473050.2968426,decode,183,1851093,0.9486717980860445,1850910,183,4490.691732104489,5792,0,0,5792,0,0,0,0.0
8961,1777473050.3344142,decode,183,1851276,0.9487655842648317,1851093,183,4490.691732104489,5794,0,0,5794,0,0,0,0.0
8962,1777473050.372335,decode,183,1831037,0.9383932428851909,1851276,183,4490.691732104489,5795,0,0,5795,0,0,0,0.0
8963,1777473050.4094884,decode,183,1851037,0.94864309849035,1851459,183,4490.691732104489,5797,0,0,5797,2,0,0,0.0
8965,1777473050.4652462,decode,183,1841192,0.9435976070687104,1851220,183,4490.691732104489,5797,0,0,5797,0,0,0,0.0
8966,1777473050.5023599,decode,183,1851192,0.94872253487129,1851403,183,4490.691732104489,5799,0,0,5799,1,0,0,0.0
8968,1777473050.5548217,decode,183,1851558,0.9489101072288644,1851375,183,4490.691732104489,5800,0,0,5800,0,0,0,0.0
8969,1777473050.592456,decode,183,1841541,0.9437764670490204,1851558,183,4490.691732104489,5802,0,0,5802,0,0,0,0.0
8970,1777473050.6297786,decode,183,1851541,0.9489013948516001,1851741,183,4490.691732104489,5804,0,0,5804,1,0,0,0.0
8972,1777473050.6820142,decode,183,1821307,0.9334066881332809,1851724,183,4490.691732104489,5805,0,0,5805,0,0,0,0.0
8973,1777473050.7190218,decode,183,1851307,0.9487814715410197,1851907,183,4490.691732104489,5806,0,0,5806,3,0,0,0.0
8975,1777473050.7713072,decode,183,1831262,0.9385085537607489,1851490,183,4490.691732104489,5806,0,0,5806,0,0,0,0.0
8976,1777473050.8084638,decode,183,1851262,0.948758409365908,1851673,183,4490.691732104489,5807,0,0,5807,2,0,0,0.0
8978,1777473050.8604498,decode,183,1831228,0.9384911290062201,1851445,183,4490.691732104489,5807,0,0,5807,0,0,0,0.0
8979,1777473050.8977923,decode,183,1851228,0.9487409846113792,1851628,183,4490.691732104489,5809,0,0,5809,2,0,0,0.0
8981,1777473050.9497857,decode,183,1851594,0.9489285569689537,1851411,183,4490.691732104489,5809,0,0,5809,0,0,0,0.0
8982,1777473050.9873753,decode,183,1851777,0.9490223431477409,1851594,183,4490.691732104489,5811,0,0,5811,0,0,0,0.0
8983,1777473051.0249262,decode,183,1851960,0.9491161293265281,1851777,183,4490.691732104489,5813,0,0,5813,0,0,0,0.0
8984,1777473051.0624535,decode,183,1852143,0.9492099155053153,1851960,183,4490.691732104489,5814,0,0,5814,0,0,0,0.0
8985,1777473051.099932,decode,183,1852326,0.9493037016841025,1852143,183,4490.691732104489,5816,0,0,5816,0,0,0,0.0
8986,1777473051.1376557,decode,183,1852509,0.9493974878628897,1852326,183,4490.691732104489,5818,0,0,5818,0,0,0,0.0
8987,1777473051.1753938,decode,183,1852692,0.949491274041677,1852509,183,4490.691732104489,5819,0,0,5819,0,0,0,0.0
8988,1777473051.213095,decode,183,1852875,0.9495850602204642,1852692,183,4490.691732104489,5821,0,0,5821,0,0,0,0.0
8989,1777473051.250524,decode,183,1853058,0.9496788463992514,1852875,183,4490.691732104489,5822,0,0,5822,0,0,0,0.0
8990,1777473051.2886064,decode,183,1812419,0.9288516523023482,1853058,183,4490.691732104489,5824,0,0,5824,0,0,0,0.0
8991,1777473051.3257668,decode,183,1852419,0.9493513635126665,1853241,183,4490.691732104489,5826,0,0,5826,4,0,0,0.0
8993,1777473051.3779073,decode,183,1822174,0.9338510193737646,1852602,183,4490.691732104489,5824,0,0,5824,0,0,0,0.0
8994,1777473051.4151735,decode,183,1852174,0.9492258027815034,1852785,183,4490.691732104489,5825,0,0,5825,3,0,0,0.0
8996,1777473051.4720638,decode,183,1852540,0.9494133751390778,1852357,183,4490.691732104489,5825,0,0,5825,0,0,0,0.0
8997,1777473051.509737,decode,183,1822112,0.9338192448213886,1852540,183,4490.691732104489,5826,0,0,5826,0,0,0,0.0
8998,1777473051.5468206,decode,183,1852112,0.9491940282291274,1852723,183,4490.691732104489,5828,0,0,5828,3,0,0,0.0
9000,1777473051.5995407,decode,183,1832067,0.9389211104488565,1852295,183,4490.691732104489,5827,0,0,5827,0,0,0,0.0
9001,1777473051.6372736,decode,183,1852067,0.9491709660540157,1852478,183,4490.691732104489,5829,0,0,5829,2,0,0,0.0
9003,1777473051.6902833,decode,183,1832022,0.9388980482737449,1852250,183,4490.691732104489,5829,0,0,5829,0,0,0,0.0
9004,1777473051.7273412,decode,183,1852022,0.9491479038789041,1852433,183,4490.691732104489,5831,0,0,5831,2,0,0,0.0
9006,1777473051.7794592,decode,183,1821755,0.9336362848988364,1852205,183,4347.824063994032,5831,0,0,5831,0,0,0,0.0
9007,1777473051.816509,decode,183,1851755,0.9490110683065752,1852388,183,4347.824063994032,5833,0,0,5833,3,0,0,0.0
9009,1777473051.869591,decode,183,1831710,0.9387381505263045,1851938,183,4347.824063994032,5832,0,0,5832,0,0,0,0.0
9010,1777473051.9061077,decode,183,1851710,0.9489880061314636,1852121,183,4347.824063994032,5833,0,0,5833,2,0,0,0.0
9012,1777473051.9586046,decode,183,1852076,0.949175578489038,1851893,183,4347.824063994032,5834,0,0,5834,0,0,0,0.0
9013,1777473051.9960158,decode,183,1852259,0.9492693646678252,1852076,183,4347.824063994032,5835,0,0,5835,0,0,0,0.0
9014,1777473052.033594,decode,183,1852442,0.9493631508466125,1852259,183,4347.824063994032,5837,0,0,5837,0,0,0,0.0
9015,1777473052.0729434,decode,183,1801592,0.9233028929704953,1852442,183,4347.824063994032,5839,0,0,5839,0,0,0,0.0
9016,1777473052.1089628,decode,183,1851592,0.9489275319833932,1852625,183,4347.824063994032,5840,0,0,5840,5,0,0,0.0
9018,1777473052.162019,decode,183,1811147,0.92819976148586,1851775,183,4347.824063994032,5837,0,0,5837,0,0,0,0.0
9019,1777473052.1988955,decode,183,1851147,0.9486994726961784,1851958,183,4347.824063994032,5839,0,0,5839,4,0,0,0.0
9021,1777473052.2516208,decode,183,1810702,0.9279717021986453,1851330,183,4347.824063994032,5837,0,0,5837,0,0,0,0.0
9022,1777473052.288574,decode,183,1850702,0.9484714134089636,1851513,183,4347.824063994032,5839,0,0,5839,4,0,0,0.0
9024,1777473052.3409212,decode,183,1830668,0.9382041330492756,1850885,183,4347.824063994032,5837,0,0,5837,0,0,0,0.0
9025,1777473052.3781486,decode,183,1850668,0.9484539886544349,1851068,183,4347.824063994032,5839,0,0,5839,2,0,0,0.0
9027,1777473052.429734,decode,183,1851034,0.9486415610120092,1850851,183,4347.824063994032,5839,0,0,5839,0,0,0,0.0
9028,1777473052.4675665,decode,183,1841006,0.9435022834115825,1851034,183,4347.824063994032,5841,0,0,5841,0,0,0,0.0
9029,1777473052.5048428,decode,183,1851006,0.948627211214162,1851217,183,4347.824063994032,5842,0,0,5842,1,0,0,0.0
9031,1777473052.557081,decode,183,1820739,0.9331155922340943,1851189,183,4347.824063994032,5843,0,0,5843,0,0,0,0.0
9032,1777473052.5941997,decode,183,1850739,0.9484903756418331,1851372,183,4347.824063994032,5845,0,0,5845,3,0,0,0.0
9034,1777473052.6472313,decode,183,1830683,0.9382118204409795,1850922,183,4347.824063994032,5844,0,0,5844,0,0,0,0.0
9035,1777473052.684115,decode,183,1850683,0.9484616760461387,1851105,183,4347.824063994032,5846,0,0,5846,2,0,0,0.0
9037,1777473052.736625,decode,183,1840838,0.943416184624499,1850866,183,4347.824063994032,5846,0,0,5846,0,0,0,0.0
9038,1777473052.77375,decode,183,1850838,0.9485411124270787,1851049,183,4347.824063994032,5848,0,0,5848,1,0,0,0.0
9040,1777473052.8256063,decode,183,1841004,0.943501258426022,1851021,183,4347.824063994032,5849,0,0,5849,0,0,0,0.0
9041,1777473052.8626745,decode,183,1851004,0.9486261862286015,1851204,183,4347.824063994032,5851,0,0,5851,1,0,0,0.0
9043,1777473052.9142902,decode,183,1851370,0.9488137585861759,1851187,183,4347.824063994032,5852,0,0,5852,0,0,0,0.0
9044,1777473052.9522312,decode,183,1820920,0.9332083534273211,1851370,183,4347.824063994032,5853,0,0,5853,0,0,0,0.0
9045,1777473052.989435,decode,183,1850920,0.9485831368350598,1851553,183,4347.824063994032,5855,0,0,5855,3,0,0,0.0
9047,1777473053.0519645,decode,183,1830875,0.9383102190547891,1851103,183,4347.824063994032,5855,0,0,5855,0,0,0,0.0
9048,1777473053.088641,decode,183,1850875,0.9485600746599482,1851286,183,4347.824063994032,5856,0,0,5856,2,0,0,0.0
9050,1777473053.1408343,decode,183,1841030,0.9435145832383086,1851058,183,4347.824063994032,5856,0,0,5856,0,0,0,0.0
9051,1777473053.1806002,decode,183,1851030,0.9486395110408882,1851241,183,4347.824063994032,5858,0,0,5858,1,0,0,0.0
9053,1777473053.2350423,decode,183,1841185,0.9435940196192486,1851213,183,4347.824063994032,5859,0,0,5859,0,0,0,0.0
9054,1777473053.272467,decode,183,1851185,0.9487189474218282,1851396,183,4347.824063994032,5860,0,0,5860,1,0,0,0.0
9056,1777473053.3258224,decode,183,1810718,0.9279799020831294,1851368,183,4347.824063994032,5862,0,0,5862,0,0,0,0.0
9057,1777473053.362735,decode,183,1850718,0.9484796132934478,1851551,183,4347.824063994032,5863,0,0,5863,4,0,0,0.0
9059,1777473053.414797,decode,183,1851084,0.9486671856510221,1850901,183,4347.824063994032,5861,0,0,5861,0,0,0,0.0
9060,1777473053.4528737,decode,183,1841067,0.9435335454711782,1851084,183,4347.824063994032,5863,0,0,5863,0,0,0,0.0
9061,1777473053.4900262,decode,183,1851067,0.9486584732737577,1851267,183,4347.824063994032,5865,0,0,5865,1,0,0,0.0
9063,1777473053.5423286,decode,183,1810633,0.9279363401968075,1851250,183,4152.32776690447,5866,0,0,5866,0,0,0,0.0
9064,1777473053.5809853,decode,183,1850633,0.9484360514071258,1851433,183,4152.32776690447,5868,0,0,5868,4,0,0,0.0
9066,1777473053.6347866,decode,183,1840799,0.9433961974060691,1850816,183,4152.32776690447,5866,0,0,5866,0,0,0,0.0
9067,1777473053.6719136,decode,183,1850799,0.9485211252086486,1850999,183,4152.32776690447,5868,0,0,5868,1,0,0,0.0
9069,1777473053.7240372,decode,183,1830743,0.938242570007795,1850982,183,4152.32776690447,5869,0,0,5869,0,0,0,0.0
9070,1777473053.7611074,decode,183,1850743,0.9484924256129542,1851165,183,4152.32776690447,5870,0,0,5870,2,0,0,0.0
9072,1777473053.8129494,decode,183,1851109,0.9486799979705286,1850926,183,4152.32776690447,5871,0,0,5871,0,0,0,0.0
9073,1777473053.8504872,decode,183,1851292,0.9487737841493158,1851109,183,4152.32776690447,5872,0,0,5872,0,0,0,0.0
9074,1777473053.8881285,decode,183,1851475,0.948867570328103,1851292,183,4152.32776690447,5874,0,0,5874,0,0,0,0.0
9075,1777473053.9261143,decode,183,1810825,0.928034738810617,1851475,183,4152.32776690447,5875,0,0,5875,0,0,0,0.0
9076,1777473053.9634864,decode,183,1850825,0.9485344500209353,1851658,183,4152.32776690447,5877,0,0,5877,4,0,0,0.0
9078,1777473054.0165324,decode,183,1800158,0.9225679783236054,1851008,183,4152.32776690447,5875,0,0,5875,0,0,0,0.0
9079,1777473054.0536025,decode,183,1850158,0.9481926173365033,1851191,183,4152.32776690447,5877,0,0,5877,5,0,0,0.0
9081,1777473054.1060638,decode,183,1830102,0.9379140621356497,1850341,183,4152.32776690447,5874,0,0,5874,0,0,0,0.0
9082,1777473054.1432052,decode,183,1850102,0.9481639177408089,1850524,183,4152.32776690447,5876,0,0,5876,2,0,0,0.0
9084,1777473054.1957586,decode,183,1819857,0.9326635736019069,1850285,183,4152.32776690447,5876,0,0,5876,0,0,0,0.0
9085,1777473054.2326784,decode,183,1849857,0.9480383570096457,1850468,183,4152.32776690447,5878,0,0,5878,3,0,0,0.0
9087,1777473054.2848113,decode,183,1819612,0.9325380128707437,1850040,183,4152.32776690447,5877,0,0,5877,0,0,0,0.0
9088,1777473054.3218565,decode,183,1849612,0.9479127962784825,1850223,183,4152.32776690447,5879,0,0,5879,3,0,0,0.0
9090,1777473054.373425,decode,183,1849978,0.9481003686360568,1849795,183,4152.32776690447,5878,0,0,5878,0,0,0,0.0
9091,1777473054.4124086,decode,183,1717539,0.8802263373114732,1849978,183,4152.32776690447,5879,0,0,5879,0,0,0,0.0
9092,1777473054.4595923,decode,183,1847539,0.9468503987450076,1850161,183,4152.32776690447,5881,0,0,5881,13,0,0,0.0
9094,1777473054.51567,decode,183,1827483,0.9365718435441541,1847722,183,4152.32776690447,5871,0,0,5871,0,0,0,0.0
9095,1777473054.5522394,decode,183,1847483,0.9468216991493132,1847905,183,4152.32776690447,5872,0,0,5872,2,0,0,0.0
9097,1777473054.6054661,decode,183,1807038,0.9260939286517801,1847666,183,4152.32776690447,5873,0,0,5873,0,0,0,0.0
9098,1777473054.6423402,decode,183,1847038,0.9465936398620984,1847849,183,4152.32776690447,5874,0,0,5874,4,0,0,0.0
9100,1777473054.694402,decode,183,1847404,0.9467812122196728,1847221,183,4152.32776690447,5872,0,0,5872,0,0,0,0.0
9101,1777473054.7321582,decode,183,1847587,0.94687499839846,1847404,183,4152.32776690447,5874,0,0,5874,0,0,0,0.0
9102,1777473054.7697124,decode,183,1837559,0.9417357207980332,1847587,183,4152.32776690447,5876,0,0,5876,0,0,0,0.0
9103,1777473054.8068416,decode,183,1847559,0.9468606486006128,1847770,183,4152.32776690447,5877,0,0,5877,1,0,0,0.0
9105,1777473054.8586857,decode,183,1847925,0.9470482209581873,1847742,183,4152.32776690447,5878,0,0,5878,0,0,0,0.0
9106,1777473054.8973696,decode,183,1735864,0.8896177675097002,1847925,183,4152.32776690447,5880,0,0,5880,0,0,0,0.0
9107,1777473054.9346676,decode,183,1825455,0.9355325081857909,1848108,183,4152.32776690447,5882,0,0,5882,11,0,0,0.0
9110,1777473055.0030007,decode,183,1855638,0.9510010777723169,1845638,183,4152.32776690447,5872,0,0,5872,1,0,0,0.0
9112,1777473055.0562282,decode,184,1856006,0.9511896751154518,1855822,184,4152.32776690447,5873,0,0,5873,0,0,0,0.0
9113,1777473055.094163,decode,184,1835790,0.9408291210697569,1856006,184,4152.32776690447,5875,0,0,5875,0,0,0,0.0
9114,1777473055.1317856,decode,184,1835381,0.9406195115226315,1856190,184,4152.32776690447,5876,0,0,5876,2,0,0,0.0
9117,1777473055.1916907,decode,183,1855564,0.9509631533065778,1845564,183,4152.32776690447,5876,0,0,5876,1,0,0,0.0
9119,1777473055.2435153,decode,184,1855932,0.9511517506497127,1855748,184,4152.32776690447,5877,0,0,5877,0,0,0,0.0
9120,1777473055.2810805,decode,184,1856116,0.9512460493212802,1855932,184,4152.32776690447,5879,0,0,5879,0,0,0,0.0
9121,1777473055.3192713,decode,184,1856300,0.9513403479928476,1856116,184,4122.8292023250715,5880,0,0,5880,0,0,0,0.0
9122,1777473055.3565054,decode,184,1856484,0.9514346466644151,1856300,184,4122.8292023250715,5882,0,0,5882,0,0,0,0.0
9123,1777473055.3951669,decode,184,1754624,0.8992321320673395,1856484,184,4122.8292023250715,5883,0,0,5883,0,0,0,0.0
9124,1777473055.43186,decode,184,1844624,0.9453564822905557,1856668,184,4122.8292023250715,5885,0,0,5885,9,0,0,0.0
9126,1777473055.484622,decode,183,1854807,0.9505751962719226,1844807,183,4122.8292023250715,5878,0,0,5878,1,0,0,0.0
9128,1777473055.538243,decode,184,1855175,0.9507637936150575,1854991,184,4122.8292023250715,5880,0,0,5880,0,0,0,0.0
9129,1777473055.5757244,decode,184,1855359,0.9508580922866249,1855175,184,4122.8292023250715,5881,0,0,5881,0,0,0,0.0
9130,1777473055.6137292,decode,184,1824943,0.9352701118822988,1855359,184,4122.8292023250715,5883,0,0,5883,0,0,0,0.0
9131,1777473055.6510265,decode,184,1854943,0.9506448952900376,1855543,184,4122.8292023250715,5884,0,0,5884,3,0,0,0.0
9133,1777473055.7032976,decode,184,1845111,0.9456060662745414,1855127,184,4122.8292023250715,5883,0,0,5883,0,0,0,0.0
9134,1777473055.7406793,decode,184,1855111,0.9507309940771209,1855311,184,4122.8292023250715,5885,0,0,5885,1,0,0,0.0
9136,1777473055.7928376,decode,184,1855479,0.9509195914202558,1855295,184,4122.8292023250715,5886,0,0,5886,0,0,0,0.0
9137,1777473055.830354,decode,184,1855663,0.9510138900918234,1855479,184,4122.8292023250715,5888,0,0,5888,0,0,0,0.0
9138,1777473055.8688197,decode,184,1774192,0.9092605907914272,1855663,184,4122.8292023250715,5890,0,0,5890,0,0,0,0.0
9139,1777473055.9060864,decode,184,1833982,0.9399025341230506,1855847,184,4122.8292023250715,5891,0,0,5891,7,0,0,0.0
9142,1777473055.9667523,decode,183,1854165,0.9502461759069969,1844165,183,4122.8292023250715,5886,0,0,5886,1,0,0,0.0
9144,1777473056.019554,decode,184,1844333,0.9452073468915007,1854349,184,4122.8292023250715,5887,0,0,5887,0,0,0,0.0
9145,1777473056.0567825,decode,184,1854333,0.9503322746940802,1854533,184,4122.8292023250715,5889,0,0,5889,1,0,0,0.0
9147,1777473056.1088924,decode,184,1834301,0.9400660193199528,1854517,184,4122.8292023250715,5890,0,0,5890,0,0,0,0.0
9148,1777473056.146125,decode,184,1854301,0.950315874925112,1854701,184,4122.8292023250715,5891,0,0,5891,2,0,0,0.0
9150,1777473056.1985145,decode,184,1813847,0.9295834919925565,1854485,184,4122.8292023250715,5892,0,0,5892,0,0,0,0.0
9151,1777473056.2380629,decode,184,1853847,0.9500832032028749,1854669,184,4122.8292023250715,5893,0,0,5893,4,0,0,0.0
9153,1777473056.2927492,decode,184,1854215,0.9502718005460098,1854031,184,4122.8292023250715,5891,0,0,5891,0,0,0,0.0
9154,1777473056.3301797,decode,184,1854399,0.9503660992175773,1854215,184,4122.8292023250715,5893,0,0,5893,0,0,0,0.0
9155,1777473056.3686879,decode,184,1803539,0.9243007164136575,1854399,184,4122.8292023250715,5894,0,0,5894,0,0,0,0.0
9156,1777473056.4057999,decode,184,1843329,0.9446928041401217,1854583,184,4122.8292023250715,5896,0,0,5896,5,0,0,0.0
9159,1777473056.4664536,decode,184,1853697,0.9500063292858362,1853513,184,4122.8292023250715,5893,0,0,5893,0,0,0,0.0
9160,1777473056.504188,decode,184,1853881,0.9501006279574037,1853697,184,4122.8292023250715,5894,0,0,5894,0,0,0,0.0
9161,1777473056.5416825,decode,184,1854065,0.9501949266289711,1853881,184,4122.8292023250715,5896,0,0,5896,0,0,0,0.0
9162,1777473056.5795128,decode,184,1844038,0.9450561615213245,1854065,184,4122.8292023250715,5898,0,0,5898,0,0,0,0.0
9163,1777473056.6180267,decode,184,1854038,0.9501810893239041,1854249,184,4122.8292023250715,5899,0,0,5899,1,0,0,0.0
9165,1777473056.6871564,decode,184,1823784,0.9346761327499798,1854222,184,4122.8292023250715,5901,0,0,5901,0,0,0,0.0
9166,1777473056.7237592,decode,184,1853784,0.9500509161577186,1854406,184,4122.8292023250715,5903,0,0,5903,3,0,0,0.0
9168,1777473056.7756155,decode,184,1854152,0.9502395135008536,1853968,184,4122.8292023250715,5902,0,0,5902,0,0,0,0.0
9169,1777473056.8131287,decode,184,1854336,0.950333812172421,1854152,184,4122.8292023250715,5903,0,0,5903,0,0,0,0.0
9170,1777473056.8508658,decode,184,1854520,0.9504281108439885,1854336,184,4122.8292023250715,5905,0,0,5905,0,0,0,0.0
9171,1777473056.8888226,decode,184,1854704,0.950522409515556,1854520,184,4122.8292023250715,5907,0,0,5907,0,0,0,0.0
9172,1777473056.926013,decode,184,1854888,0.9506167081871234,1854704,184,4122.8292023250715,5908,0,0,5908,0,0,0,0.0
9173,1777473056.963368,decode,184,1855072,0.9507110068586909,1854888,184,4122.8292023250715,5910,0,0,5910,0,0,0,0.0
9174,1777473057.00091,decode,184,1855256,0.9508053055302583,1855072,184,4122.8292023250715,5911,0,0,5911,0,0,0,0.0
9175,1777473057.0389938,decode,184,1845229,0.9456665404226118,1855256,184,4278.579872225882,5913,0,0,5913,0,0,0,0.0
9176,1777473057.076352,decode,184,1855229,0.9507914682251913,1855440,184,4278.579872225882,5915,0,0,5915,1,0,0,0.0
9178,1777473057.1287088,decode,184,1835186,0.9405195754304811,1855413,184,4278.579872225882,5916,0,0,5916,0,0,0,0.0
9179,1777473057.1660316,decode,184,1844987,0.9455425171697893,1855597,184,4278.579872225882,5918,0,0,5918,2,0,0,0.0
9182,1777473057.2307956,decode,184,1855355,0.9508560423155039,1855171,184,4278.579872225882,5917,0,0,5917,0,0,0,0.0
9183,1777473057.2684753,decode,184,1855539,0.9509503409870713,1855355,184,4278.579872225882,5919,0,0,5919,0,0,0,0.0
9184,1777473057.3062458,decode,184,1845512,0.9458115758794248,1855539,184,4278.579872225882,5921,0,0,5921,0,0,0,0.0
9185,1777473057.3435953,decode,184,1855512,0.9509365036820043,1855723,184,4278.579872225882,5922,0,0,5922,1,0,0,0.0
9187,1777473057.3958972,decode,184,1855880,0.9511251010251394,1855696,184,4278.579872225882,5923,0,0,5923,0,0,0,0.0
9188,1777473057.4335215,decode,184,1856064,0.9512193996967068,1855880,184,4278.579872225882,5925,0,0,5925,0,0,0,0.0
9189,1777473057.4709647,decode,184,1856248,0.9513136983682743,1856064,184,4278.579872225882,5927,0,0,5927,0,0,0,0.0
9190,1777473057.5085654,decode,184,1856432,0.9514079970398417,1856248,184,4278.579872225882,5928,0,0,5928,0,0,0,0.0
9191,1777473057.546336,decode,184,1856616,0.9515022957114092,1856432,184,4278.579872225882,5930,0,0,5930,0,0,0,0.0
9192,1777473057.5855742,decode,184,1826167,0.9358974030453346,1856616,184,4278.579872225882,5932,0,0,5932,0,0,0,0.0
9193,1777473057.621931,decode,184,1846167,0.9461472586504938,1856800,184,4278.579872225882,5933,0,0,5933,2,0,0,0.0
9195,1777473057.6744783,decode,183,1856350,0.9513659726318605,1846350,183,4278.579872225882,5933,0,0,5933,1,0,0,0.0
9197,1777473057.7268538,decode,184,1856718,0.9515545699749954,1856534,184,4278.579872225882,5935,0,0,5935,0,0,0,0.0
9198,1777473057.7645464,decode,184,1856902,0.951648868646563,1856718,184,4278.579872225882,5936,0,0,5936,0,0,0,0.0
9199,1777473057.8023477,decode,184,1857086,0.9517431673181304,1856902,184,4278.579872225882,5938,0,0,5938,0,0,0,0.0
9200,1777473057.8401055,decode,184,1847059,0.9466044022104838,1857086,184,4278.579872225882,5940,0,0,5940,0,0,0,0.0
9201,1777473057.8776643,decode,184,1847242,0.9466981883892711,1857270,183,4278.579872225882,5941,0,0,5941,0,0,0,0.0
9202,1777473057.915117,decode,183,1847425,0.9467919745680583,1847242,183,4278.579872225882,5943,0,0,5943,0,0,0,0.0
9203,1777473057.9527678,decode,183,1847608,0.9468857607468455,1847425,183,4278.579872225882,5944,0,0,5944,0,0,0,0.0
9204,1777473057.9901083,decode,183,1847791,0.9469795469256327,1847608,183,4278.579872225882,5946,0,0,5946,0,0,0,0.0
9205,1777473058.027602,decode,183,1847974,0.9470733331044199,1847791,183,4278.579872225882,5948,0,0,5948,0,0,0,0.0
9206,1777473058.065602,decode,183,1827757,0.9367122665659448,1847974,183,4278.579872225882,5949,0,0,5949,0,0,0,0.0
9207,1777473058.1027467,decode,183,1847757,0.9469621221711039,1848157,183,4278.579872225882,5951,0,0,5951,2,0,0,0.0
9209,1777473058.1545825,decode,183,1848123,0.9471496945286784,1847940,183,4278.579872225882,5951,0,0,5951,0,0,0,0.0
9210,1777473058.1920948,decode,183,1848306,0.9472434807074656,1848123,183,4278.579872225882,5953,0,0,5953,0,0,0,0.0
9211,1777473058.229617,decode,183,1848489,0.9473372668862527,1848306,183,4278.579872225882,5954,0,0,5954,0,0,0,0.0
9212,1777473058.2673416,decode,183,1848672,0.9474310530650399,1848489,183,4278.579872225882,5956,0,0,5956,0,0,0,0.0
9213,1777473058.3048375,decode,183,1848855,0.9475248392438271,1848672,183,4278.579872225882,5957,0,0,5957,0,0,0,0.0
9214,1777473058.3423038,decode,183,1849038,0.9476186254226143,1848855,183,4278.579872225882,5959,0,0,5959,0,0,0,0.0
9215,1777473058.3798132,decode,183,1849221,0.9477124116014015,1849038,183,4278.579872225882,5961,0,0,5961,0,0,0,0.0
9216,1777473058.417445,decode,183,1849404,0.9478061977801888,1849221,183,4278.579872225882,5962,0,0,5962,0,0,0,0.0
9217,1777473058.4563298,decode,183,1849587,0.947899983958976,1849404,183,4278.579872225882,5964,0,0,5964,0,0,0,0.0
9218,1777473058.493351,decode,183,1829348,0.9375276425793352,1849587,183,4278.579872225882,5966,0,0,5966,0,0,0,0.0
9219,1777473058.5307727,decode,183,1849348,0.9477774981844943,1849770,183,4278.579872225882,5967,0,0,5967,2,0,0,0.0
9221,1777473058.5843775,decode,183,1849714,0.9479650705420687,1849531,183,4278.579872225882,5967,0,0,5967,0,0,0,0.0
9222,1777473058.6221159,decode,183,1849897,0.948058856720856,1849714,183,4278.579872225882,5969,0,0,5969,0,0,0,0.0
9223,1777473058.6594448,decode,183,1850080,0.9481526428996432,1849897,183,4528.9886963542085,5970,0,0,5970,0,0,0,0.0
9224,1777473058.6976264,decode,183,1840063,0.9430190027197992,1850080,183,4528.9886963542085,5972,0,0,5972,0,0,0,0.0
9225,1777473058.7346656,decode,183,1850063,0.9481439305223788,1850263,183,4528.9886963542085,5974,0,0,5974,1,0,0,0.0
9227,1777473058.7886374,decode,183,1830007,0.9378653753215251,1850246,183,4528.9886963542085,5975,0,0,5975,0,0,0,0.0
9228,1777473058.825375,decode,183,1850007,0.9481152309266844,1850429,183,4528.9886963542085,5977,0,0,5977,2,0,0,0.0
9230,1777473058.8781643,decode,183,1850373,0.9483028032842588,1850190,183,4528.9886963542085,5977,0,0,5977,0,0,0,0.0
9231,1777473058.9152896,decode,183,1850556,0.948396589463046,1850373,183,4528.9886963542085,5978,0,0,5978,0,0,0,0.0
9232,1777473058.9533255,decode,183,1840539,0.943262949283202,1850556,183,4528.9886963542085,5980,0,0,5980,0,0,0,0.0
9233,1777473058.9904177,decode,183,1850539,0.9483878770857815,1850739,183,4528.9886963542085,5981,0,0,5981,1,0,0,0.0
9235,1777473059.043209,decode,183,1840705,0.9433480230847248,1850722,183,4528.9886963542085,5983,0,0,5983,0,0,0,0.0
9236,1777473059.080534,decode,183,1850705,0.9484729508873043,1850905,183,4528.9886963542085,5984,0,0,5984,1,0,0,0.0
9238,1777473059.1329744,decode,183,1851071,0.9486605232448788,1850888,183,4528.9886963542085,5985,0,0,5985,0,0,0,0.0
9239,1777473059.1707942,decode,183,1830843,0.9382938192858208,1851071,183,4528.9886963542085,5987,0,0,5987,0,0,0,0.0
9240,1777473059.2078862,decode,183,1850843,0.94854367489098,1851254,183,4528.9886963542085,5989,0,0,5989,2,0,0,0.0
9242,1777473059.2601035,decode,183,1841009,0.9435038208899232,1851026,183,4528.9886963542085,5989,0,0,5989,0,0,0,0.0
9243,1777473059.297296,decode,183,1851009,0.9486287486925028,1851209,183,4528.9886963542085,5991,0,0,5991,1,0,0,0.0
9245,1777473059.3503087,decode,183,1841175,0.943588894691446,1851192,183,4528.9886963542085,5992,0,0,5992,0,0,0,0.0
9246,1777473059.3869767,decode,183,1851175,0.9487138224940256,1851375,183,4528.9886963542085,5993,0,0,5993,1,0,0,0.0
9248,1777473059.4438677,decode,183,1831130,0.9384409047137549,1851358,183,4528.9886963542085,5994,0,0,5994,0,0,0,0.0
9249,1777473059.4831228,decode,183,1851130,0.948690760318914,1851541,183,4528.9886963542085,5996,0,0,5996,2,0,0,0.0
9251,1777473059.5378528,decode,183,1851496,0.9488783326764885,1851313,183,4528.9886963542085,5996,0,0,5996,0,0,0,0.0
9252,1777473059.5749974,decode,183,1851679,0.9489721188552757,1851496,183,4528.9886963542085,5998,0,0,5998,0,0,0,0.0
9253,1777473059.6125574,decode,183,1851862,0.9490659050340629,1851679,183,4528.9886963542085,5999,0,0,5999,0,0,0,0.0
9254,1777473059.6500423,decode,183,1852045,0.94915969121285,1851862,183,4528.9886963542085,6001,0,0,6001,0,0,0,0.0
9255,1777473059.6873112,decode,183,1852228,0.9492534773916372,1852045,183,4528.9886963542085,6002,0,0,6002,0,0,0,0.0
9256,1777473059.7252913,decode,183,1831989,0.9388811360119964,1852228,183,4528.9886963542085,6004,0,0,6004,0,0,0,0.0
9257,1777473059.762418,decode,183,1851989,0.9491309916171556,1852411,183,4528.9886963542085,6006,0,0,6006,2,0,0,0.0
9259,1777473059.8145618,decode,183,1842144,0.944085500195516,1852172,183,4528.9886963542085,6006,0,0,6006,0,0,0,0.0
9260,1777473059.851916,decode,183,1852144,0.9492104279980956,1852355,183,4528.9886963542085,6008,0,0,6008,1,0,0,0.0
9262,1777473059.9045217,decode,183,1811699,0.9284826575005625,1852327,183,4528.9886963542085,6009,0,0,6009,0,0,0,0.0
9263,1777473059.9415784,decode,183,1851699,0.9489823687108808,1852510,183,4528.9886963542085,6010,0,0,6010,4,0,0,0.0
9265,1777473059.9942963,decode,183,1841865,0.943942514709824,1851882,183,4528.9886963542085,6009,0,0,6009,0,0,0,0.0
9266,1777473060.031446,decode,183,1851865,0.9490674425124036,1852065,183,4528.9886963542085,6010,0,0,6010,1,0,0,0.0
9268,1777473060.0833168,decode,183,1852231,0.949255014869978,1852048,183,4528.9886963542085,6012,0,0,6012,0,0,0,0.0
9269,1777473060.1210337,decode,183,1852414,0.9493488010487652,1852231,183,4528.9886963542085,6013,0,0,6013,0,0,0,0.0
9270,1777473060.1585288,decode,183,1852597,0.9494425872275525,1852414,183,4528.9886963542085,6015,0,0,6015,0,0,0,0.0
9271,1777473060.1964555,decode,183,1832380,0.9390815206890772,1852597,183,4528.9886963542085,6016,0,0,6016,0,0,0,0.0
9272,1777473060.2337584,decode,183,1852380,0.9493313762942365,1852780,183,4528.9886963542085,6018,0,0,6018,2,0,0,0.0
9274,1777473060.2858987,decode,183,1842546,0.9442915222931797,1852563,183,4528.9886963542085,6018,0,0,6018,0,0,0,0.0
9275,1777473060.3232186,decode,183,1852546,0.9494164500957593,1852746,183,4528.9886963542085,6020,0,0,6020,1,0,0,0.0
9277,1777473060.3756871,decode,183,1822301,0.9339161059568574,1852729,183,4265.132049387372,6021,0,0,6021,0,0,0,0.0
9278,1777473060.4127998,decode,183,1852301,0.949290889364596,1852912,183,4265.132049387372,6023,0,0,6023,3,0,0,0.0
9280,1777473060.469886,decode,183,1822045,0.9337849078051113,1852484,183,4265.132049387372,6022,0,0,6022,0,0,0,0.0
9281,1777473060.5067453,decode,183,1852045,0.94915969121285,1852667,183,4265.132049387372,6024,0,0,6024,3,0,0,0.0
9283,1777473060.5584998,decode,183,1852411,0.9493472635704244,1852228,183,4265.132049387372,6023,0,0,6023,0,0,0,0.0
9284,1777473060.596527,decode,183,1821961,0.9337418584115696,1852411,183,4265.132049387372,6025,0,0,6025,0,0,0,0.0
9285,1777473060.63383,decode,183,1851961,0.9491166418193083,1852594,183,4265.132049387372,6026,0,0,6026,3,0,0,0.0
9287,1777473060.686443,decode,183,1811527,0.9283945087423581,1852144,183,4265.132049387372,6025,0,0,6025,0,0,0,0.0
9288,1777473060.7236497,decode,183,1851527,0.9488942199526764,1852327,183,4265.132049387372,6027,0,0,6027,4,0,0,0.0
9290,1777473060.775966,decode,183,1831482,0.9386213021724057,1851710,183,4265.132049387372,6025,0,0,6025,0,0,0,0.0
9291,1777473060.8133407,decode,183,1851482,0.9488711577775648,1851893,183,4265.132049387372,6027,0,0,6027,2,0,0,0.0
9293,1777473060.867585,decode,183,1831437,0.9385982399972941,1851665,183,4265.132049387372,6027,0,0,6027,0,0,0,0.0
9294,1777473060.902788,decode,183,1851437,0.9488480956024532,1851848,183,4265.132049387372,6029,0,0,6029,2,0,0,0.0
9296,1777473060.9547675,decode,183,1841592,0.9438026041808136,1851620,183,4265.132049387372,6029,0,0,6029,0,0,0,0.0
9297,1777473060.9919863,decode,183,1851592,0.9489275319833932,1851803,183,4265.132049387372,6031,0,0,6031,1,0,0,0.0
9299,1777473061.0433533,decode,183,1851958,0.9491151043409676,1851775,183,4265.132049387372,6032,0,0,6032,0,0,0,0.0
9300,1777473061.0809317,decode,183,1852141,0.9492088905197548,1851958,183,4265.132049387372,6033,0,0,6033,0,0,0,0.0
9301,1777473061.1186001,decode,183,1852324,0.949302676698542,1852141,183,4265.132049387372,6035,0,0,6035,0,0,0,0.0
9302,1777473061.156586,decode,183,1821896,0.9337085463808529,1852324,183,4265.132049387372,6037,0,0,6037,0,0,0,0.0
9303,1777473061.193688,decode,183,1851896,0.9490833297885916,1852507,183,4265.132049387372,6038,0,0,6038,3,0,0,0.0
9305,1777473061.246082,decode,183,1821629,0.933571710808524,1852079,183,4265.132049387372,6037,0,0,6037,0,0,0,0.0
9306,1777473061.2833285,decode,183,1851629,0.9489464942162628,1852262,183,4265.132049387372,6039,0,0,6039,3,0,0,0.0
9308,1777473061.3356137,decode,183,1821362,0.9334348752361951,1851812,183,4265.132049387372,6038,0,0,6038,0,0,0,0.0
9309,1777473061.3729036,decode,183,1851362,0.9488096586439339,1851995,183,4265.132049387372,6040,0,0,6040,3,0,0,0.0
9311,1777473061.4253798,decode,183,1821106,0.9333036770844491,1851545,183,4265.132049387372,6039,0,0,6039,0,0,0,0.0
9312,1777473061.4625728,decode,183,1851106,0.9486784604921878,1851728,183,4265.132049387372,6041,0,0,6041,3,0,0,0.0
9314,1777473061.5140507,decode,183,1851472,0.9488660328497622,1851289,183,4265.132049387372,6040,0,0,6040,0,0,0,0.0
9315,1777473061.5519767,decode,183,1831244,0.9384993288907042,1851472,183,4265.132049387372,6042,0,0,6042,0,0,0,0.0
9316,1777473061.5895123,decode,183,1851244,0.9487491844958634,1851655,183,4265.132049387372,6043,0,0,6043,2,0,0,0.0
9318,1777473061.6432102,decode,183,1831199,0.9384762667155926,1851427,183,4265.132049387372,6043,0,0,6043,0,0,0,0.0
9319,1777473061.6798482,decode,183,1851199,0.9487261223207518,1851610,183,4265.132049387372,6045,0,0,6045,2,0,0,0.0
9321,1777473061.7326431,decode,183,1831143,0.9384475671198982,1851382,183,4265.132049387372,6045,0,0,6045,0,0,0,0.0
9322,1777473061.7698774,decode,183,1851143,0.9486974227250574,1851565,183,4265.132049387372,6047,0,0,6047,2,0,0,0.0
9324,1777473061.8219504,decode,183,1831098,0.9384245049447866,1851326,183,4265.132049387372,6047,0,0,6047,0,0,0,0.0
9325,1777473061.8601198,decode,183,1851098,0.9486743605499458,1851509,183,4265.132049387372,6049,0,0,6049,2,0,0,0.0
9327,1777473061.9214513,decode,183,1841264,0.943634506548889,1851281,183,4265.132049387372,6049,0,0,6049,0,0,0,0.0
9328,1777473061.9579492,decode,183,1851264,0.9487594343514686,1851464,183,4265.132049387372,6051,0,0,6051,1,0,0,0.0
9330,1777473062.0096123,decode,183,1851630,0.948947006709043,1851447,183,4265.132049387372,6052,0,0,6052,0,0,0,0.0
9331,1777473062.0474386,decode,183,1821191,0.933347238970771,1851630,183,4265.132049387372,6054,0,0,6054,0,0,0,0.0
9332,1777473062.0846202,decode,183,1851191,0.9487220223785098,1851813,183,4265.132049387372,6055,0,0,6055,3,0,0,0.0
9334,1777473062.1373234,decode,183,1810746,0.9279942518809766,1851374,183,4155.236413666246,6054,0,0,6054,0,0,0,0.0
9335,1777473062.1742837,decode,183,1850746,0.948493963091295,1851557,183,4155.236413666246,6056,0,0,6056,4,0,0,0.0
9337,1777473062.2266505,decode,183,1830701,0.9382210453110241,1850929,183,4155.236413666246,6054,0,0,6054,0,0,0,0.0
9338,1777473062.2638893,decode,183,1850701,0.9484709009161834,1851112,183,4155.236413666246,6056,0,0,6056,2,0,0,0.0
9340,1777473062.3160067,decode,183,1840867,0.9434310469151266,1850884,183,4155.236413666246,6056,0,0,6056,0,0,0,0.0
9341,1777473062.3532078,decode,183,1850867,0.9485559747177061,1851067,183,4155.236413666246,6058,0,0,6058,1,0,0,0.0
9343,1777473062.4078789,decode,183,1820600,0.9330443557376386,1851050,183,4155.236413666246,6059,0,0,6059,0,0,0,0.0
9344,1777473062.4432096,decode,183,1850600,0.9484191391453773,1851233,183,4155.236413666246,6060,0,0,6060,3,0,0,0.0
9346,1777473062.4959805,decode,183,1850966,0.9486067115029517,1850783,183,4155.236413666246,6059,0,0,6059,0,0,0,0.0
9347,1777473062.5337057,decode,183,1840949,0.9434730713231078,1850966,183,4155.236413666246,6061,0,0,6061,0,0,0,0.0
9348,1777473062.5709414,decode,183,1850949,0.9485979991256873,1851149,183,4155.236413666246,6063,0,0,6063,1,0,0,0.0
9350,1777473062.6229582,decode,183,1830904,0.9383250813454166,1851132,183,4155.236413666246,6064,0,0,6064,0,0,0,0.0
9351,1777473062.6601734,decode,183,1850904,0.9485749369505757,1851315,183,4155.236413666246,6065,0,0,6065,2,0,0,0.0
9353,1777473062.7124927,decode,183,1841070,0.9435350829495189,1851087,183,4155.236413666246,6066,0,0,6066,0,0,0,0.0
9354,1777473062.7499988,decode,183,1851070,0.9486600107520985,1851270,183,4155.236413666246,6067,0,0,6067,1,0,0,0.0
9356,1777473062.8022025,decode,183,1831025,0.9383870929718278,1851253,183,4155.236413666246,6068,0,0,6068,0,0,0,0.0
9357,1777473062.8393536,decode,183,1851025,0.9486369485769869,1851436,183,4155.236413666246,6070,0,0,6070,2,0,0,0.0
9359,1777473062.8915648,decode,183,1841191,0.9435970945759301,1851208,183,4155.236413666246,6070,0,0,6070,0,0,0,0.0
9360,1777473062.9289424,decode,183,1851191,0.9487220223785098,1851391,183,4155.236413666246,6072,0,0,6072,1,0,0,0.0
9362,1777473062.9809744,decode,183,1851557,0.9489095947360842,1851374,183,4155.236413666246,6073,0,0,6073,0,0,0,0.0
9363,1777473063.0197616,decode,183,1739507,0.89148477870818,1851557,183,4155.236413666246,6075,0,0,6075,0,0,0,0.0
9364,1777473063.0568311,decode,183,1849507,0.9478589845365554,1851740,183,4155.236413666246,6077,0,0,6077,11,0,0,0.0
9366,1777473063.109837,decode,183,1788629,0.9166594490600114,1849690,183,4155.236413666246,6068,0,0,6068,0,0,0,0.0
9367,1777473063.1468115,decode,183,1848629,0.9474090158754889,1849873,183,4155.236413666246,6069,0,0,6069,6,0,0,0.0
9369,1777473063.1993072,decode,183,1828584,0.937136098095218,1848812,183,4155.236413666246,6066,0,0,6066,0,0,0,0.0
9370,1777473063.2362814,decode,183,1848584,0.9473859537003773,1848995,183,4155.236413666246,6067,0,0,6067,2,0,0,0.0
9372,1777473063.2882898,decode,183,1828528,0.9371073984995236,1848767,183,4155.236413666246,6067,0,0,6067,0,0,0,0.0
9373,1777473063.3253806,decode,183,1848528,0.9473572541046829,1848950,183,4155.236413666246,6069,0,0,6069,2,0,0,0.0
9375,1777473063.37756,decode,183,1828472,0.9370786989038292,1848711,183,4155.236413666246,6069,0,0,6069,0,0,0,0.0
9376,1777473063.4148777,decode,183,1848472,0.9473285545089883,1848894,183,4155.236413666246,6071,0,0,6071,2,0,0,0.0
9378,1777473063.4668689,decode,183,1848838,0.9475161268665627,1848655,183,4155.236413666246,6071,0,0,6071,0,0,0,0.0
9379,1777473063.5056405,decode,183,1736766,0.8900800359974929,1848838,183,4155.236413666246,6073,0,0,6073,0,0,0,0.0
9380,1777473063.6039612,decode,183,1846766,0.9464542418258682,1849021,183,4155.236413666246,6074,0,0,6074,11,0,0,0.0
9382,1777473063.6587029,decode,183,1856949,0.9516729558072351,1846949,183,4155.236413666246,6068,0,0,6068,1,0,0,0.0
9384,1777473063.7130606,decode,184,1857317,0.95186155315037,1857133,184,4155.236413666246,6069,0,0,6069,0,0,0,0.0
9385,1777473063.7501256,decode,184,1826868,0.9362566604842955,1857317,184,4155.236413666246,6071,0,0,6071,0,0,0,0.0
9386,1777473063.7869081,decode,184,1846868,0.9465065160894546,1857501,184,4155.236413666246,6072,0,0,6072,2,0,0,0.0
9388,1777473063.8416202,decode,183,1847234,0.946694088447029,1847051,183,4155.236413666246,6073,0,0,6073,0,0,0,0.0
9389,1777473063.8791173,decode,183,1847417,0.9467878746258163,1847234,183,4155.236413666246,6074,0,0,6074,0,0,0,0.0
9390,1777473063.9168432,decode,183,1837389,0.9416485970253894,1847417,183,4155.236413666246,6076,0,0,6076,0,0,0,0.0
9391,1777473063.954303,decode,183,1847389,0.946773524827969,1847600,183,4030.3107764462798,6077,0,0,6077,1,0,0,0.0
9393,1777473064.0067253,decode,183,1847755,0.9469610971855434,1847572,183,4030.3107764462798,6079,0,0,6079,0,0,0,0.0
9394,1777473064.0451055,decode,183,1735661,0.8895137314753079,1847755,183,4030.3107764462798,6080,0,0,6080,0,0,0,0.0
9395,1777473064.0821617,decode,183,1835451,0.9406553860172495,1847938,183,4030.3107764462798,6082,0,0,6082,11,0,0,0.0
9398,1777473064.1431065,decode,183,1855634,0.9509990278011958,1845634,183,4030.3107764462798,6073,0,0,6073,1,0,0,0.0
9400,1777473064.1961346,decode,184,1856002,0.9511876251443308,1855818,184,4030.3107764462798,6074,0,0,6074,0,0,0,0.0
9401,1777473064.2341113,decode,184,1825553,0.9355827324782562,1856002,184,4030.3107764462798,6076,0,0,6076,0,0,0,0.0
9402,1777473064.2718177,decode,184,1814945,0.9301462090652798,1856186,184,4030.3107764462798,6077,0,0,6077,2,0,0,0.0
9405,1777473064.3346038,decode,183,1855128,0.9507397064543853,1845128,183,4030.3107764462798,6075,0,0,6075,1,0,0,0.0
9407,1777473064.386701,decode,184,1855496,0.9509283037975202,1855312,184,4030.3107764462798,6076,0,0,6076,0,0,0,0.0
9408,1777473064.4242945,decode,184,1855680,0.9510226024690878,1855496,184,4030.3107764462798,6078,0,0,6078,0,0,0,0.0
9409,1777473064.462597,decode,184,1855864,0.9511169011406552,1855680,184,4030.3107764462798,6079,0,0,6079,0,0,0,0.0
9410,1777473064.5004983,decode,184,1856048,0.9512111998122227,1855864,184,4030.3107764462798,6081,0,0,6081,0,0,0,0.0
9411,1777473064.5386808,decode,184,1764377,0.9042304741531954,1856048,184,4030.3107764462798,6083,0,0,6083,0,0,0,0.0
9412,1777473064.575677,decode,184,1834167,0.9399973452873983,1856232,184,4030.3107764462798,6084,0,0,6084,8,0,0,0.0
9415,1777473064.6361554,decode,183,1854350,0.9503409870713446,1844350,183,4030.3107764462798,6078,0,0,6078,1,0,0,0.0
9417,1777473064.689256,decode,184,1844518,0.9453021580558484,1854534,184,4030.3107764462798,6079,0,0,6079,0,0,0,0.0
9418,1777473064.7264447,decode,184,1854518,0.950427085858428,1854718,184,4030.3107764462798,6081,0,0,6081,1,0,0,0.0
9420,1777473064.7785661,decode,184,1824275,0.9349277667050866,1854702,184,4030.3107764462798,6082,0,0,6082,0,0,0,0.0
9421,1777473064.8157327,decode,184,1854275,0.9503025501128253,1854886,184,4030.3107764462798,6084,0,0,6084,3,0,0,0.0
9423,1777473064.8678653,decode,184,1824032,0.9348032309594838,1854459,184,4030.3107764462798,6083,0,0,6083,0,0,0,0.0
9424,1777473064.9049735,decode,184,1854032,0.9501780143672226,1854643,184,4030.3107764462798,6084,0,0,6084,3,0,0,0.0
9426,1777473064.9568946,decode,184,1854400,0.9503666117103575,1854216,184,4030.3107764462798,6084,0,0,6084,0,0,0,0.0
9427,1777473064.9943938,decode,184,1854584,0.950460910381925,1854400,184,4030.3107764462798,6085,0,0,6085,0,0,0,0.0
9428,1777473065.0326564,decode,184,1793524,0.9191681012193741,1854584,184,4030.3107764462798,6087,0,0,6087,0,0,0,0.0
9429,1777473065.0700908,decode,184,1843314,0.9446851167484178,1854768,184,4030.3107764462798,6088,0,0,6088,6,0,0,0.0
9432,1777473065.135578,decode,184,1853682,0.9499986418941323,1853498,184,4030.3107764462798,6084,0,0,6084,0,0,0,0.0
9433,1777473065.1731997,decode,184,1853866,0.9500929405656998,1853682,184,4030.3107764462798,6086,0,0,6086,0,0,0,0.0
9434,1777473065.2107973,decode,184,1854050,0.9501872392372672,1853866,184,4030.3107764462798,6087,0,0,6087,0,0,0,0.0
9435,1777473065.2487326,decode,184,1844034,0.9450541115502036,1854050,184,4030.3107764462798,6089,0,0,6089,0,0,0,0.0
9436,1777473065.2860637,decode,184,1854034,0.9501790393527831,1854234,184,4030.3107764462798,6091,0,0,6091,1,0,0,0.0
9438,1777473065.3385596,decode,184,1803380,0.9242192300615965,1854218,184,4030.3107764462798,6092,0,0,6092,0,0,0,0.0
9439,1777473065.3756607,decode,184,1853380,0.9498438690744944,1854402,184,4030.3107764462798,6094,0,0,6094,5,0,0,0.0
9441,1777473065.4276528,decode,184,1853748,0.9500324664176294,1853564,184,4030.3107764462798,6091,0,0,6091,0,0,0,0.0
9442,1777473065.4676945,decode,184,1853932,0.9501267650891968,1853748,184,4030.3107764462798,6092,0,0,6092,0,0,0,0.0
9443,1777473065.5042775,decode,184,1813272,0.9292888086439083,1853932,184,4030.3107764462798,6094,0,0,6094,0,0,0,0.0
9444,1777473065.540917,decode,184,1853272,0.9497885198542265,1854116,184,4030.3107764462798,6095,0,0,6095,4,0,0,0.0
9446,1777473065.6067102,decode,184,1853640,0.9499771171973614,1853456,184,4030.3107764462798,6094,0,0,6094,0,0,0,0.0
9447,1777473065.64373,decode,184,1853824,0.950071415868929,1853640,184,4030.3107764462798,6095,0,0,6095,0,0,0,0.0
9448,1777473065.681339,decode,184,1854008,0.9501657145404964,1853824,184,4030.3107764462798,6097,0,0,6097,0,0,0,0.0
9449,1777473065.7187483,decode,184,1854192,0.9502600132120639,1854008,184,4167.888187920881,6099,0,0,6099,0,0,0,0.0
9450,1777473065.7564976,decode,184,1854376,0.9503543118836313,1854192,184,4167.888187920881,6100,0,0,6100,0,0,0,0.0
9451,1777473065.7943757,decode,184,1834160,0.9399937578379365,1854376,184,4167.888187920881,6102,0,0,6102,0,0,0,0.0
9452,1777473065.8318057,decode,184,1854160,0.9502436134430956,1854560,184,4167.888187920881,6103,0,0,6103,2,0,0,0.0
9454,1777473065.8841994,decode,184,1854528,0.9504322107862305,1854344,184,4167.888187920881,6104,0,0,6104,0,0,0,0.0
9455,1777473065.9218132,decode,184,1854712,0.950526509457798,1854528,184,4167.888187920881,6105,0,0,6105,0,0,0,0.0
9456,1777473065.9596288,decode,184,1844696,0.9453933817707343,1854712,184,4167.888187920881,6107,0,0,6107,0,0,0,0.0
9457,1777473065.997156,decode,184,1854696,0.9505183095733138,1854896,184,4167.888187920881,6109,0,0,6109,1,0,0,0.0
9459,1777473066.048875,decode,184,1855064,0.9507069069164488,1854880,184,4167.888187920881,6110,0,0,6110,0,0,0,0.0
9460,1777473066.0865424,decode,184,1855248,0.9508012055880163,1855064,184,4167.888187920881,6111,0,0,6111,0,0,0,0.0
9461,1777473066.1241057,decode,184,1855432,0.9508955042595837,1855248,184,4167.888187920881,6113,0,0,6113,0,0,0,0.0
9462,1777473066.1620224,decode,184,1845405,0.9457567391519371,1855432,184,4167.888187920881,6115,0,0,6115,0,0,0,0.0
9463,1777473066.1994648,decode,184,1855405,0.9508816669545168,1855616,184,4167.888187920881,6116,0,0,6116,1,0,0,0.0
9465,1777473066.2523286,decode,184,1835362,0.9406097741598065,1855589,184,4167.888187920881,6117,0,0,6117,0,0,0,0.0
9466,1777473066.2893586,decode,184,1855362,0.9508596297649657,1855773,184,4167.888187920881,6119,0,0,6119,2,0,0,0.0
9468,1777473066.341394,decode,184,1855730,0.9510482271081007,1855546,184,4167.888187920881,6119,0,0,6119,0,0,0,0.0
9469,1777473066.3790736,decode,184,1855914,0.9511425257796681,1855730,184,4167.888187920881,6121,0,0,6121,0,0,0,0.0
9470,1777473066.4166083,decode,184,1856098,0.9512368244512356,1855914,184,4167.888187920881,6122,0,0,6122,0,0,0,0.0
9471,1777473066.4543593,decode,184,1856282,0.951331123122803,1856098,184,4167.888187920881,6124,0,0,6124,0,0,0,0.0
9472,1777473066.4920735,decode,184,1856466,0.9514254217943705,1856282,184,4167.888187920881,6126,0,0,6126,0,0,0,0.0
9473,1777473066.5310764,decode,184,1856650,0.9515197204659379,1856466,184,4167.888187920881,6127,0,0,6127,0,0,0,0.0
9474,1777473066.5677927,decode,184,1856834,0.9516140191375054,1856650,184,4167.888187920881,6129,0,0,6129,0,0,0,0.0
9475,1777473066.6057153,decode,184,1857018,0.9517083178090728,1856834,184,4167.888187920881,6131,0,0,6131,0,0,0,0.0
9476,1777473066.6433864,decode,184,1857202,0.9518026164806404,1857018,184,4167.888187920881,6132,0,0,6132,0,0,0,0.0
9477,1777473066.6809185,decode,184,1847175,0.9466638513729938,1857202,184,4167.888187920881,6134,0,0,6134,0,0,0,0.0
9478,1777473066.7185144,decode,184,1816747,0.9310697210553046,1857386,183,4167.888187920881,6135,0,0,6135,0,0,0,0.0
9479,1777473066.7560115,decode,183,1846747,0.9464445044630434,1847358,183,4167.888187920881,6137,0,0,6137,3,0,0,0.0
9481,1777473066.8087547,decode,183,1856930,0.9516632184444102,1846930,183,4167.888187920881,6136,0,0,6136,1,0,0,0.0
9483,1777473066.8617969,decode,184,1857298,0.9518518157875451,1857114,184,4167.888187920881,6137,0,0,6137,0,0,0,0.0
9484,1777473066.8991563,decode,184,1857482,0.9519461144591126,1857298,184,4167.888187920881,6139,0,0,6139,0,0,0,0.0
9485,1777473066.9365153,decode,184,1857666,0.95204041313068,1857482,184,4167.888187920881,6141,0,0,6141,0,0,0,0.0
9486,1777473066.9741018,decode,184,1857850,0.9521347118022475,1857666,184,4167.888187920881,6142,0,0,6142,0,0,0,0.0
9487,1777473067.011775,decode,184,1858034,0.9522290104738149,1857850,184,4167.888187920881,6144,0,0,6144,0,0,0,0.0
9488,1777473067.0494378,decode,184,1858218,0.9523233091453824,1858034,184,4167.888187920881,6146,0,0,6146,0,0,0,0.0
9489,1777473067.0871737,decode,184,1858402,0.9524176078169498,1858218,184,4167.888187920881,6147,0,0,6147,0,0,0,0.0
9490,1777473067.1248488,decode,184,1858586,0.9525119064885174,1858402,184,4167.888187920881,6149,0,0,6149,0,0,0,0.0
9491,1777473067.162834,decode,184,1838370,0.9421513524428224,1858586,184,4167.888187920881,6150,0,0,6150,0,0,0,0.0
9492,1777473067.2001097,decode,184,1848370,0.947276280245402,1858770,184,4167.888187920881,6152,0,0,6152,1,0,0,0.0
9494,1777473067.2520382,decode,183,1848736,0.9474638526029765,1848553,183,4167.888187920881,6153,0,0,6153,0,0,0,0.0
9495,1777473067.2898002,decode,183,1848919,0.9475576387817637,1848736,183,4167.888187920881,6155,0,0,6155,0,0,0,0.0
9496,1777473067.3272672,decode,183,1849102,0.9476514249605509,1848919,183,4572.54973488778,6157,0,0,6157,0,0,0,0.0
9497,1777473067.3658276,decode,183,1849285,0.9477452111393381,1849102,183,4572.54973488778,6158,0,0,6158,0,0,0,0.0
9498,1777473067.4024394,decode,183,1849468,0.9478389973181253,1849285,183,4572.54973488778,6160,0,0,6160,0,0,0,0.0
9499,1777473067.4401448,decode,183,1829251,0.9374779307796501,1849468,183,4572.54973488778,6161,0,0,6161,0,0,0,0.0
9500,1777473067.4772441,decode,183,1849251,0.9477277863848093,1849651,183,4572.54973488778,6163,0,0,6163,2,0,0,0.0
9502,1777473067.529042,decode,183,1849617,0.9479153587423838,1849434,183,4572.54973488778,6163,0,0,6163,0,0,0,0.0
9503,1777473067.5665774,decode,183,1849800,0.9480091449211709,1849617,183,4572.54973488778,6165,0,0,6165,0,0,0,0.0
9504,1777473067.604248,decode,183,1839783,0.942875504741327,1849800,183,4572.54973488778,6166,0,0,6166,0,0,0,0.0
9505,1777473067.6416895,decode,183,1849783,0.9480004325439065,1849983,183,4572.54973488778,6168,0,0,6168,1,0,0,0.0
9507,1777473067.6939068,decode,183,1839949,0.9429605785428498,1849966,183,4572.54973488778,6169,0,0,6169,0,0,0,0.0
9508,1777473067.7312183,decode,183,1849949,0.9480855063454293,1850149,183,4572.54973488778,6171,0,0,6171,1,0,0,0.0
9510,1777473067.7831101,decode,183,1850315,0.9482730787030038,1850132,183,4572.54973488778,6172,0,0,6172,0,0,0,0.0
9511,1777473067.820935,decode,183,1819887,0.9326789483853146,1850315,183,4572.54973488778,6174,0,0,6174,0,0,0,0.0
9512,1777473067.858197,decode,183,1849887,0.9480537317930534,1850498,183,4572.54973488778,6175,0,0,6175,3,0,0,0.0
9514,1777473067.9119644,decode,183,1840053,0.9430138777919966,1850070,183,4572.54973488778,6175,0,0,6175,0,0,0,0.0
9515,1777473067.948794,decode,183,1850053,0.9481388055945762,1850253,183,4572.54973488778,6176,0,0,6176,1,0,0,0.0
9517,1777473068.0012019,decode,183,1840219,0.9430989515935194,1850236,183,4572.54973488778,6177,0,0,6177,0,0,0,0.0
9518,1777473068.038947,decode,183,1850219,0.948223879396099,1850419,183,4572.54973488778,6179,0,0,6179,1,0,0,0.0
9520,1777473068.09158,decode,183,1840385,0.9431840253950422,1850402,183,4572.54973488778,6180,0,0,6180,0,0,0,0.0
9521,1777473068.1288478,decode,183,1850385,0.9483089531976219,1850585,183,4572.54973488778,6182,0,0,6182,1,0,0,0.0
9523,1777473068.1809394,decode,183,1850751,0.9484965255551963,1850568,183,4572.54973488778,6183,0,0,6183,0,0,0,0.0
9524,1777473068.2184749,decode,183,1850934,0.9485903117339834,1850751,183,4572.54973488778,6185,0,0,6185,0,0,0,0.0
9525,1777473068.2560937,decode,183,1851117,0.9486840979127706,1850934,183,4572.54973488778,6186,0,0,6186,0,0,0,0.0
9526,1777473068.293756,decode,183,1851300,0.9487778840915578,1851117,183,4572.54973488778,6188,0,0,6188,0,0,0,0.0
9527,1777473068.332529,decode,183,1851483,0.948871670270345,1851300,183,4572.54973488778,6190,0,0,6190,0,0,0,0.0
9528,1777473068.3695948,decode,183,1831266,0.9385106037318699,1851483,183,4572.54973488778,6191,0,0,6191,0,0,0,0.0
9529,1777473068.406387,decode,183,1851266,0.9487604593370291,1851666,183,4572.54973488778,6193,0,0,6193,2,0,0,0.0
9531,1777473068.458458,decode,183,1841432,0.9437206053359724,1851449,183,4572.54973488778,6193,0,0,6193,0,0,0,0.0
9532,1777473068.4957678,decode,183,1851432,0.9488455331385519,1851632,183,4572.54973488778,6195,0,0,6195,1,0,0,0.0
9534,1777473068.5503864,decode,183,1841587,0.9438000417169123,1851615,183,4572.54973488778,6196,0,0,6196,0,0,0,0.0
9535,1777473068.585913,decode,183,1851587,0.9489249695194919,1851798,183,4572.54973488778,6197,0,0,6197,1,0,0,0.0
9537,1777473068.6386058,decode,183,1841753,0.9438851155184351,1851770,183,4572.54973488778,6198,0,0,6198,0,0,0,0.0
9538,1777473068.6757598,decode,183,1851753,0.9490100433210147,1851953,183,4572.54973488778,6200,0,0,6200,1,0,0,0.0
9540,1777473068.7276237,decode,183,1852119,0.9491976156785892,1851936,183,4572.54973488778,6201,0,0,6201,0,0,0,0.0
9541,1777473068.764963,decode,183,1852302,0.9492914018573764,1852119,183,4572.54973488778,6203,0,0,6203,0,0,0,0.0
9542,1777473068.8026621,decode,183,1852485,0.9493851880361636,1852302,183,4572.54973488778,6204,0,0,6204,0,0,0,0.0
9543,1777473068.840418,decode,183,1842468,0.9442515478563196,1852485,183,4572.54973488778,6206,0,0,6206,0,0,0,0.0
9544,1777473068.8775887,decode,183,1852468,0.9493764756588992,1852668,183,4572.54973488778,6207,0,0,6207,1,0,0,0.0
9546,1777473068.9298027,decode,183,1842634,0.9443366216578424,1852651,183,4572.54973488778,6209,0,0,6209,0,0,0,0.0
9547,1777473068.967158,decode,183,1852634,0.9494615494604219,1852834,183,4572.54973488778,6210,0,0,6210,1,0,0,0.0
9549,1777473069.0201824,decode,183,1801956,0.9234894403425091,1852817,183,4323.889828139363,6211,0,0,6211,0,0,0,0.0
9550,1777473069.0574062,decode,183,1851956,0.949114079355407,1853000,183,4323.889828139363,6213,0,0,6213,5,0,0,0.0
9552,1777473069.1105266,decode,183,1831922,0.9388467989957191,1852139,183,4323.889828139363,6210,0,0,6210,0,0,0,0.0
9553,1777473069.1476376,decode,183,1851922,0.9490966546008783,1852322,183,4323.889828139363,6212,0,0,6212,2,0,0,0.0
9555,1777473069.199888,decode,183,1852288,0.9492842269584527,1852105,183,4323.889828139363,6212,0,0,6212,0,0,0,0.0
9556,1777473069.237766,decode,183,1832071,0.9389231604199776,1852288,183,4323.889828139363,6214,0,0,6214,0,0,0,0.0
9557,1777473069.2750678,decode,183,1852071,0.9491730160251367,1852471,183,4323.889828139363,6215,0,0,6215,2,0,0,0.0
9559,1777473069.3277934,decode,183,1821826,0.9336726718862348,1852254,183,4323.889828139363,6216,0,0,6216,0,0,0,0.0
9560,1777473069.3647892,decode,183,1851826,0.9490474552939735,1852437,183,4323.889828139363,6217,0,0,6217,3,0,0,0.0
9562,1777473069.4226806,decode,183,1841992,0.9440076012929168,1852009,183,4323.889828139363,6217,0,0,6217,0,0,0,0.0
9563,1777473069.4596593,decode,183,1851992,0.9491325290954964,1852192,183,4323.889828139363,6218,0,0,6218,1,0,0,0.0
9565,1777473069.513757,decode,183,1831936,0.9388539738946428,1852175,183,4323.889828139363,6219,0,0,6219,0,0,0,0.0
9566,1777473069.5504293,decode,183,1851936,0.9491038294998019,1852358,183,4323.889828139363,6221,0,0,6221,2,0,0,0.0
9568,1777473069.6033595,decode,183,1842091,0.9440583380781623,1852119,183,4323.889828139363,6221,0,0,6221,0,0,0,0.0
9569,1777473069.6404948,decode,183,1852091,0.9491832658807419,1852302,183,4323.889828139363,6223,0,0,6223,1,0,0,0.0
9571,1777473069.6925275,decode,183,1852457,0.9493708382383164,1852274,183,4323.889828139363,6224,0,0,6224,0,0,0,0.0
9572,1777473069.7302754,decode,183,1842429,0.9442315606378895,1852457,183,4323.889828139363,6226,0,0,6226,0,0,0,0.0
9573,1777473069.7675922,decode,183,1852429,0.949356488440469,1852640,183,4323.889828139363,6227,0,0,6227,1,0,0,0.0
9575,1777473069.820595,decode,183,1822173,0.9338505068809844,1852612,183,4323.889828139363,6229,0,0,6229,0,0,0,0.0
9576,1777473069.8577716,decode,183,1852173,0.949225290288723,1852795,183,4323.889828139363,6230,0,0,6230,3,0,0,0.0
9578,1777473069.910811,decode,183,1811728,0.92849751979119,1852356,183,4323.889828139363,6229,0,0,6229,0,0,0,0.0
9579,1777473069.9481325,decode,183,1851728,0.9489972310015082,1852539,183,4323.889828139363,6231,0,0,6231,4,0,0,0.0
9581,1777473070.0017395,decode,183,1811272,0.9282638230833923,1851911,183,4323.889828139363,6229,0,0,6229,0,0,0,0.0
9582,1777473070.0386186,decode,183,1851272,0.9487635342937106,1852094,183,4323.889828139363,6231,0,0,6231,4,0,0,0.0
9584,1777473070.0916092,decode,183,1831227,0.9384906165134399,1851455,183,4323.889828139363,6229,0,0,6229,0,0,0,0.0
9585,1777473070.1287582,decode,183,1851227,0.948740472118599,1851638,183,4323.889828139363,6231,0,0,6231,2,0,0,0.0
9587,1777473070.1805792,decode,183,1851593,0.9489280444761734,1851410,183,4323.889828139363,6231,0,0,6231,0,0,0,0.0
9588,1777473070.218338,decode,183,1841576,0.9437944042963294,1851593,183,4323.889828139363,6233,0,0,6233,0,0,0,0.0
9589,1777473070.2557487,decode,183,1851576,0.9489193320989091,1851776,183,4323.889828139363,6234,0,0,6234,1,0,0,0.0
9591,1777473070.3083994,decode,183,1821320,0.9334133505394243,1851759,183,4323.889828139363,6236,0,0,6236,0,0,0,0.0
9592,1777473070.3456776,decode,183,1851320,0.948788133947163,1851942,183,4323.889828139363,6237,0,0,6237,3,0,0,0.0
9594,1777473070.3985324,decode,183,1831286,0.9385208535874751,1851503,183,4323.889828139363,6236,0,0,6236,0,0,0,0.0
9595,1777473070.4358273,decode,183,1851286,0.9487707091926343,1851686,183,4323.889828139363,6238,0,0,6238,2,0,0,0.0
9597,1777473070.488725,decode,183,1821041,0.9332703650537323,1851469,183,4323.889828139363,6238,0,0,6238,0,0,0,0.0
9598,1777473070.5257244,decode,183,1851041,0.9486451484614711,1851652,183,4323.889828139363,6240,0,0,6240,3,0,0,0.0
9600,1777473070.5785472,decode,183,1830985,0.9383665932606174,1851224,183,4323.889828139363,6239,0,0,6239,0,0,0,0.0
9601,1777473070.6159496,decode,183,1850985,0.9486164488657766,1851407,183,4323.889828139363,6241,0,0,6241,2,0,0,0.0
9603,1777473070.668102,decode,183,1851351,0.9488040212233511,1851168,183,4323.889828139363,6241,0,0,6241,0,0,0,0.0
9604,1777473070.7061682,decode,183,1810723,0.9279824645470307,1851351,183,4323.889828139363,6243,0,0,6243,0,0,0,0.0
9605,1777473070.7430696,decode,183,1850723,0.948482175757349,1851534,183,4323.889828139363,6244,0,0,6244,4,0,0,0.0
9607,1777473070.7959774,decode,183,1830678,0.9382092579770782,1850906,183,4122.099208908288,6242,0,0,6242,0,0,0,0.0
9608,1777473070.8333843,decode,183,1850678,0.9484591135822374,1851089,183,4122.099208908288,6244,0,0,6244,2,0,0,0.0
9610,1777473070.894246,decode,183,1840844,0.9434192595811807,1850861,183,4122.099208908288,6245,0,0,6245,0,0,0,0.0
9611,1777473070.930871,decode,183,1850844,0.9485441873837602,1851044,183,4122.099208908288,6246,0,0,6246,1,0,0,0.0
9613,1777473070.9833765,decode,183,1851210,0.9487317597413346,1851027,183,4122.099208908288,6247,0,0,6247,0,0,0,0.0
9614,1777473071.0209172,decode,183,1851393,0.9488255459201218,1851210,183,4122.099208908288,6249,0,0,6249,0,0,0,0.0
9615,1777473071.0587964,decode,183,1831165,0.9384588419610639,1851393,183,4122.099208908288,6251,0,0,6251,0,0,0,0.0
9616,1777473071.0963395,decode,183,1851165,0.948708697566223,1851576,183,4122.099208908288,6252,0,0,6252,2,0,0,0.0
9618,1777473071.149056,decode,183,1851531,0.9488962699237975,1851348,183,4122.099208908288,6253,0,0,6253,0,0,0,0.0
9619,1777473071.1866252,decode,183,1851714,0.9489900561025847,1851531,183,4122.099208908288,6254,0,0,6254,0,0,0,0.0
9620,1777473071.2242365,decode,183,1851897,0.9490838422813719,1851714,183,4122.099208908288,6256,0,0,6256,0,0,0,0.0
9621,1777473071.262434,decode,183,1801047,0.9230235844052547,1851897,183,4122.099208908288,6257,0,0,6257,0,0,0,0.0
9622,1777473071.299625,decode,183,1851047,0.9486482234181526,1852080,183,4122.099208908288,6259,0,0,6259,5,0,0,0.0
9624,1777473071.352724,decode,183,1831002,0.9383753056378819,1851230,183,4122.099208908288,6256,0,0,6256,0,0,0,0.0
9625,1777473071.3898866,decode,183,1851002,0.948625161243041,1851413,183,4122.099208908288,6258,0,0,6258,2,0,0,0.0
9627,1777473071.4427469,decode,183,1820757,0.9331248171041391,1851185,183,4122.099208908288,6258,0,0,6258,0,0,0,0.0
9628,1777473071.4798925,decode,183,1850757,0.9484996005118778,1851368,183,4122.099208908288,6260,0,0,6260,3,0,0,0.0
9630,1777473071.5323548,decode,183,1830701,0.9382210453110241,1850940,183,4122.099208908288,6259,0,0,6259,0,0,0,0.0
9631,1777473071.569444,decode,183,1850701,0.9484709009161834,1851123,183,4122.099208908288,6261,0,0,6261,2,0,0,0.0
9633,1777473071.6240487,decode,183,1851067,0.9486584732737577,1850884,183,4122.099208908288,6261,0,0,6261,0,0,0,0.0
9634,1777473071.6604393,decode,183,1769639,0.9069272111629127,1851067,183,4122.099208908288,6262,0,0,6262,0,0,0,0.0
9635,1777473071.6967611,decode,183,1849639,0.9479266335835493,1851250,183,4122.099208908288,6263,0,0,6263,8,0,0,0.0
9637,1777473071.7502046,decode,183,1819405,0.9324319268652302,1849822,183,4122.099208908288,6258,0,0,6258,0,0,0,0.0
9638,1777473071.787308,decode,183,1849405,0.947806710272969,1850005,183,4122.099208908288,6259,0,0,6259,3,0,0,0.0
9640,1777473071.8394496,decode,183,1849771,0.9479942826305434,1849588,183,4122.099208908288,6258,0,0,6258,0,0,0,0.0
9641,1777473071.8771396,decode,183,1849954,0.9480880688093306,1849771,183,4122.099208908288,6260,0,0,6260,0,0,0,0.0
9642,1777473071.914915,decode,183,1839937,0.9429544286294866,1849954,183,4122.099208908288,6262,0,0,6262,0,0,0,0.0
9643,1777473071.9521177,decode,183,1849937,0.9480793564320663,1850137,183,4122.099208908288,6263,0,0,6263,1,0,0,0.0
9645,1777473072.0047858,decode,183,1829892,0.9378064386517955,1850120,183,4122.099208908288,6265,0,0,6265,0,0,0,0.0
9646,1777473072.041765,decode,183,1849892,0.9480562942569547,1850303,183,4122.099208908288,6266,0,0,6266,2,0,0,0.0
9648,1777473072.0944505,decode,183,1850258,0.9482438666145291,1850075,183,4122.099208908288,6266,0,0,6266,0,0,0,0.0
9649,1777473072.13306,decode,183,1748397,0.8960408395246732,1850258,183,4122.099208908288,6268,0,0,6268,0,0,0,0.0
9650,1777473072.1699295,decode,183,1848397,0.947290117550469,1850441,183,4122.099208908288,6270,0,0,6270,10,0,0,0.0
9652,1777473072.2233393,decode,183,1818130,0.9317784985704014,1848580,183,4122.099208908288,6262,0,0,6262,0,0,0,0.0
9653,1777473072.2603812,decode,183,1848130,0.9471532819781401,1848763,183,4122.099208908288,6264,0,0,6264,3,0,0,0.0
9655,1777473072.3127766,decode,183,1817874,0.9316473004186554,1848313,183,4122.099208908288,6263,0,0,6263,0,0,0,0.0
9656,1777473072.3498273,decode,183,1847874,0.9470220838263941,1848496,183,4122.099208908288,6264,0,0,6264,3,0,0,0.0
9658,1777473072.4026027,decode,183,1838029,0.9419765924047545,1848057,183,4122.099208908288,6264,0,0,6264,0,0,0,0.0
9659,1777473072.4397025,decode,183,1848029,0.9471015202073341,1848240,183,4122.099208908288,6265,0,0,6265,1,0,0,0.0
9661,1777473072.492363,decode,183,1827984,0.9368286024270633,1848212,183,4122.099208908288,6266,0,0,6266,0,0,0,0.0
9662,1777473072.5295718,decode,183,1847984,0.9470784580322225,1848395,183,4222.438375122106,6268,0,0,6268,2,0,0,0.0
9664,1777473072.5913813,decode,183,1848350,0.9472660303897968,1848167,183,4222.438375122106,6269,0,0,6269,0,0,0,0.0
9665,1777473072.6298926,decode,183,1756678,0.9002847922379893,1848350,183,4222.438375122106,6270,0,0,6270,0,0,0,0.0
9666,1777473072.6667247,decode,183,1836468,0.9411765911747718,1848533,183,4222.438375122106,6272,0,0,6272,9,0,0,0.0
9669,1777473072.7335284,decode,183,1856651,0.9515202329587182,1846651,183,4222.438375122106,6265,0,0,6265,1,0,0,0.0
9671,1777473072.7866282,decode,184,1857019,0.9517088303018532,1856835,184,4222.438375122106,6266,0,0,6266,0,0,0,0.0
9672,1777473072.8248339,decode,184,1806192,0.9256603597596819,1857019,184,4222.438375122106,6267,0,0,6267,0,0,0,0.0
9673,1777473072.862223,decode,184,1835993,0.9409331571041493,1857203,184,4222.438375122106,6269,0,0,6269,4,0,0,0.0
9676,1777473072.923428,decode,183,1856176,0.9512767988880957,1846176,183,4222.438375122106,6267,0,0,6267,1,0,0,0.0
9678,1777473072.9761577,decode,184,1856544,0.9514653962312306,1856360,184,4222.438375122106,6268,0,0,6268,0,0,0,0.0
9679,1777473073.0137053,decode,184,1856728,0.951559694902798,1856544,184,4222.438375122106,6270,0,0,6270,0,0,0,0.0
9680,1777473073.051429,decode,184,1856912,0.9516539935743655,1856728,184,4222.438375122106,6271,0,0,6271,0,0,0,0.0
9681,1777473073.0890367,decode,184,1857096,0.9517482922459329,1856912,184,4222.438375122106,6273,0,0,6273,0,0,0,0.0
9682,1777473073.1279411,decode,184,1744992,0.8942958016078949,1857096,184,4222.438375122106,6275,0,0,6275,0,0,0,0.0
9683,1777473073.1655457,decode,184,1834782,0.9403125283472569,1857280,184,4222.438375122106,6276,0,0,6276,10,0,0,0.0
9686,1777473073.2274806,decode,183,1854965,0.9506561701312033,1844965,183,4222.438375122106,6268,0,0,6268,1,0,0,0.0
9688,1777473073.2812607,decode,184,1845133,0.945617341115707,1855149,184,4222.438375122106,6269,0,0,6269,0,0,0,0.0
9689,1777473073.3188465,decode,184,1844923,0.9455097176318529,1855333,184,4222.438375122106,6271,0,0,6271,1,0,0,0.0
9692,1777473073.3840804,decode,184,1845091,0.9455958164189362,1855107,184,4222.438375122106,6271,0,0,6271,0,0,0,0.0
9693,1777473073.4215384,decode,184,1855091,0.9507207442215158,1855291,184,4222.438375122106,6273,0,0,6273,1,0,0,0.0
9695,1777473073.4740708,decode,184,1845259,0.9456819152060195,1855275,184,4222.438375122106,6274,0,0,6274,0,0,0,0.0
9696,1777473073.5115232,decode,184,1855259,0.9508068430085991,1855459,184,4222.438375122106,6276,0,0,6276,1,0,0,0.0
9698,1777473073.563886,decode,184,1855627,0.950995440351734,1855443,184,4222.438375122106,6277,0,0,6277,0,0,0,0.0
9699,1777473073.601536,decode,184,1855811,0.9510897390233015,1855627,184,4222.438375122106,6279,0,0,6279,0,0,0,0.0
9700,1777473073.6399307,decode,184,1774329,0.9093308023023225,1855811,184,4222.438375122106,6280,0,0,6280,0,0,0,0.0
9701,1777473073.6777644,decode,184,1834119,0.9399727456339458,1855995,184,4222.438375122106,6282,0,0,6282,7,0,0,0.0
9704,1777473073.739338,decode,183,1854302,0.9503163874178923,1844302,183,4222.438375122106,6277,0,0,6277,1,0,0,0.0
9706,1777473073.7922938,decode,184,1854670,0.9505049847610272,1854486,184,4222.438375122106,6278,0,0,6278,0,0,0,0.0
9707,1777473073.8297622,decode,184,1854854,0.9505992834325946,1854670,184,4222.438375122106,6280,0,0,6280,0,0,0,0.0
9708,1777473073.8678594,decode,184,1824416,0.9350000281871029,1854854,184,4222.438375122106,6281,0,0,6281,0,0,0,0.0
9709,1777473073.9051628,decode,184,1854416,0.9503748115948416,1855038,184,4222.438375122106,6283,0,0,6283,3,0,0,0.0
9711,1777473073.9580295,decode,184,1803762,0.924415002303655,1854600,184,4222.438375122106,6282,0,0,6282,0,0,0,0.0
9712,1777473073.9950736,decode,184,1853762,0.9500396413165529,1854784,184,4222.438375122106,6284,0,0,6284,5,0,0,0.0
9714,1777473074.047231,decode,184,1854130,0.9502282386596879,1853946,184,4222.438375122106,6281,0,0,6281,0,0,0,0.0
9715,1777473074.0856028,decode,184,1854314,0.9503225373312554,1854130,184,4222.438375122106,6283,0,0,6283,0,0,0,0.0
9716,1777473074.1237156,decode,184,1793243,0.9190240907481216,1854314,184,4222.438375122106,6284,0,0,6284,0,0,0,0.0
9717,1777473074.1605217,decode,184,1853243,0.9497736575635991,1854498,184,4222.438375122106,6286,0,0,6286,6,0,0,0.0
9719,1777473074.2131183,decode,184,1853611,0.949962254906734,1853427,184,4222.438375122106,6282,0,0,6282,0,0,0,0.0
9720,1777473074.2506506,decode,184,1853795,0.9500565535783014,1853611,184,4222.438375122106,6284,0,0,6284,0,0,0,0.0
9721,1777473074.2881153,decode,184,1853979,0.950150852249869,1853795,184,4222.438375122106,6285,0,0,6285,0,0,0,0.0
9722,1777473074.3256755,decode,184,1854163,0.9502451509214364,1853979,184,4093.8650294861727,6287,0,0,6287,0,0,0,0.0
9723,1777473074.3632836,decode,184,1854347,0.9503394495930039,1854163,184,4093.8650294861727,6288,0,0,6288,0,0,0,0.0
9724,1777473074.4014254,decode,184,1813709,0.9295127679888809,1854347,184,4093.8650294861727,6290,0,0,6290,0,0,0,0.0
9725,1777473074.4389813,decode,184,1853709,0.9500124791991993,1854531,184,4093.8650294861727,6292,0,0,6292,4,0,0,0.0
9727,1777473074.4927003,decode,184,1854077,0.9502010765423342,1853893,184,4093.8650294861727,6290,0,0,6290,0,0,0,0.0
9728,1777473074.52966,decode,184,1854261,0.9502953752139017,1854077,184,4093.8650294861727,6291,0,0,6291,0,0,0,0.0
9729,1777473074.5674047,decode,184,1823812,0.9346904825478272,1854261,184,4093.8650294861727,6293,0,0,6293,0,0,0,0.0
9730,1777473074.6044097,decode,184,1853812,0.9500652659555658,1854445,184,4093.8650294861727,6295,0,0,6295,3,0,0,0.0
9732,1777473074.6688633,decode,184,1854180,0.9502538632987008,1853996,184,4093.8650294861727,6294,0,0,6294,0,0,0,0.0
9733,1777473074.7083352,decode,184,1854364,0.9503481619702683,1854180,184,4093.8650294861727,6296,0,0,6296,0,0,0,0.0
9734,1777473074.7441638,decode,184,1854548,0.9504424606418357,1854364,184,4093.8650294861727,6297,0,0,6297,0,0,0,0.0
9735,1777473074.781466,decode,184,1844532,0.945309332954772,1854548,184,4093.8650294861727,6298,0,0,6298,0,0,0,0.0
9736,1777473074.8186994,decode,184,1854532,0.9504342607573516,1854732,184,4093.8650294861727,6300,0,0,6300,1,0,0,0.0
9738,1777473074.8713775,decode,184,1854900,0.9506228581004865,1854716,184,4093.8650294861727,6301,0,0,6301,0,0,0,0.0
9739,1777473074.9090028,decode,184,1855084,0.9507171567720539,1854900,184,4093.8650294861727,6303,0,0,6303,0,0,0,0.0
9740,1777473074.9465346,decode,184,1855268,0.9508114554436214,1855084,184,4093.8650294861727,6304,0,0,6304,0,0,0,0.0
9741,1777473074.9844148,decode,184,1855452,0.9509057541151889,1855268,184,4093.8650294861727,6306,0,0,6306,0,0,0,0.0
9742,1777473075.0221329,decode,184,1845425,0.9457669890075423,1855452,184,4093.8650294861727,6308,0,0,6308,0,0,0,0.0
9743,1777473075.0594776,decode,184,1855425,0.950891916810122,1855636,184,4093.8650294861727,6309,0,0,6309,1,0,0,0.0
9745,1777473075.1119375,decode,184,1855793,0.9510805141532569,1855609,184,4093.8650294861727,6311,0,0,6311,0,0,0,0.0
9746,1777473075.1494555,decode,184,1855977,0.9511748128248243,1855793,184,4093.8650294861727,6312,0,0,6312,0,0,0,0.0
9747,1777473075.18707,decode,184,1856161,0.9512691114963918,1855977,184,4093.8650294861727,6314,0,0,6314,0,0,0,0.0
9748,1777473075.224897,decode,184,1856345,0.9513634101679592,1856161,184,4093.8650294861727,6315,0,0,6315,0,0,0,0.0
9749,1777473075.2626615,decode,184,1856529,0.9514577088395267,1856345,184,4093.8650294861727,6317,0,0,6317,0,0,0,0.0
9750,1777473075.3004537,decode,184,1836291,0.9410858799526661,1856529,184,4093.8650294861727,6319,0,0,6319,0,0,0,0.0
9751,1777473075.3381102,decode,184,1825893,0.9357569800235439,1856713,184,4093.8650294861727,6320,0,0,6320,1,0,0,0.0
9754,1777473075.405412,decode,183,1856076,0.9512255496100699,1846076,183,4093.8650294861727,6320,0,0,6320,1,0,0,0.0
9756,1777473075.4580936,decode,184,1856444,0.9514141469532048,1856260,184,4093.8650294861727,6321,0,0,6321,0,0,0,0.0
9757,1777473075.4987433,decode,184,1856628,0.9515084456247722,1856444,184,4093.8650294861727,6323,0,0,6323,0,0,0,0.0
9758,1777473075.5340106,decode,184,1856812,0.9516027442963397,1856628,184,4093.8650294861727,6325,0,0,6325,0,0,0,0.0
9759,1777473075.571299,decode,184,1856996,0.9516970429679071,1856812,184,4093.8650294861727,6326,0,0,6326,0,0,0,0.0
9760,1777473075.608733,decode,184,1857180,0.9517913416394747,1856996,184,4093.8650294861727,6328,0,0,6328,0,0,0,0.0
9761,1777473075.6463764,decode,184,1857364,0.9518856403110422,1857180,184,4093.8650294861727,6329,0,0,6329,0,0,0,0.0
9762,1777473075.6840577,decode,184,1857548,0.9519799389826096,1857364,184,4093.8650294861727,6331,0,0,6331,0,0,0,0.0
9763,1777473075.721784,decode,184,1857732,0.9520742376541771,1857548,184,4093.8650294861727,6333,0,0,6333,0,0,0,0.0
9764,1777473075.7595167,decode,184,1857916,0.9521685363257445,1857732,184,4093.8650294861727,6334,0,0,6334,0,0,0,0.0
9765,1777473075.797457,decode,184,1837689,0.9418023448594668,1857916,184,4093.8650294861727,6336,0,0,6336,0,0,0,0.0
9766,1777473075.8349826,decode,184,1837479,0.9416947213756126,1858100,184,4093.8650294861727,6338,0,0,6338,1,0,0,0.0
9769,1777473075.901005,decode,183,1847845,0.9470072215357667,1847662,183,4093.8650294861727,6338,0,0,6338,0,0,0,0.0
9770,1777473075.9384768,decode,183,1848028,0.9471010077145539,1847845,183,4093.8650294861727,6340,0,0,6340,0,0,0,0.0
9771,1777473075.9760914,decode,183,1848211,0.947194793893341,1848028,183,4457.062013288012,6342,0,0,6342,0,0,0,0.0
9772,1777473076.0137,decode,183,1848394,0.9472885800721282,1848211,183,4457.062013288012,6343,0,0,6343,0,0,0,0.0
9773,1777473076.0510817,decode,183,1848577,0.9473823662509154,1848394,183,4457.062013288012,6345,0,0,6345,0,0,0,0.0
9774,1777473076.0888507,decode,183,1838560,0.9422487260710715,1848577,183,4457.062013288012,6346,0,0,6346,0,0,0,0.0
9775,1777473076.1260905,decode,183,1848560,0.947373653873651,1848760,183,4457.062013288012,6348,0,0,6348,1,0,0,0.0
9777,1777473076.1799314,decode,183,1848926,0.9475612262312255,1848743,183,4457.062013288012,6349,0,0,6349,0,0,0,0.0
9778,1777473076.2164254,decode,183,1849109,0.9476550124100127,1848926,183,4457.062013288012,6351,0,0,6351,0,0,0,0.0
9779,1777473076.2538772,decode,183,1849292,0.9477487985887999,1849109,183,4457.062013288012,6352,0,0,6352,0,0,0,0.0
9780,1777473076.2913349,decode,183,1849475,0.9478425847675871,1849292,183,4457.062013288012,6354,0,0,6354,0,0,0,0.0
9781,1777473076.330016,decode,183,1839458,0.9427089445877431,1849475,183,4457.062013288012,6356,0,0,6356,0,0,0,0.0
9782,1777473076.366595,decode,183,1849458,0.9478338723903227,1849658,183,4457.062013288012,6357,0,0,6357,1,0,0,0.0
9784,1777473076.419492,decode,183,1849824,0.9480214447478971,1849641,183,4457.062013288012,6358,0,0,6358,0,0,0,0.0
9785,1777473076.457415,decode,183,1829607,0.9376603782094219,1849824,183,4457.062013288012,6360,0,0,6360,0,0,0,0.0
9786,1777473076.4945168,decode,183,1849607,0.9479102338145812,1850007,183,4457.062013288012,6362,0,0,6362,2,0,0,0.0
9788,1777473076.54794,decode,183,1829562,0.9376373160343103,1849790,183,4457.062013288012,6362,0,0,6362,0,0,0,0.0
9789,1777473076.5853183,decode,183,1849562,0.9478871716394696,1849973,183,4457.062013288012,6364,0,0,6364,2,0,0,0.0
9791,1777473076.6402366,decode,183,1839728,0.9428473176384128,1849745,183,4457.062013288012,6364,0,0,6364,0,0,0,0.0
9792,1777473076.6771414,decode,183,1849728,0.9479722454409923,1849928,183,4457.062013288012,6365,0,0,6365,1,0,0,0.0
9794,1777473076.7320178,decode,183,1839883,0.9429267540193528,1849911,183,4457.062013288012,6367,0,0,6367,0,0,0,0.0
9795,1777473076.7690468,decode,183,1849883,0.9480516818219323,1850094,183,4457.062013288012,6368,0,0,6368,1,0,0,0.0
9797,1777473076.8226712,decode,183,1850249,0.9482392541795067,1850066,183,4457.062013288012,6369,0,0,6369,0,0,0,0.0
9798,1777473076.8608937,decode,183,1850432,0.9483330403582939,1850249,183,4457.062013288012,6371,0,0,6371,0,0,0,0.0
9799,1777473076.8983376,decode,183,1850615,0.9484268265370812,1850432,183,4457.062013288012,6373,0,0,6373,0,0,0,0.0
9800,1777473076.9360702,decode,183,1840587,0.9432875489366543,1850615,183,4457.062013288012,6374,0,0,6374,0,0,0,0.0
9801,1777473076.9731865,decode,183,1850587,0.9484124767392339,1850798,183,4457.062013288012,6376,0,0,6376,1,0,0,0.0
9803,1777473077.0271573,decode,183,1830553,0.938145196379546,1850770,183,4457.062013288012,6377,0,0,6377,0,0,0,0.0
9804,1777473077.0644665,decode,183,1850553,0.9483950519847052,1850953,183,4457.062013288012,6378,0,0,6378,2,0,0,0.0
9806,1777473077.1180303,decode,183,1840719,0.9433551979836484,1850736,183,4457.062013288012,6379,0,0,6379,0,0,0,0.0
9807,1777473077.1553922,decode,183,1850719,0.948480125786228,1850919,183,4457.062013288012,6380,0,0,6380,1,0,0,0.0
9809,1777473077.2082365,decode,183,1830674,0.9382072080059572,1850902,183,4457.062013288012,6381,0,0,6381,0,0,0,0.0
9810,1777473077.245468,decode,183,1850674,0.9484570636111164,1851085,183,4457.062013288012,6383,0,0,6383,2,0,0,0.0
9812,1777473077.2986484,decode,183,1840840,0.9434172096100596,1850857,183,4457.062013288012,6383,0,0,6383,0,0,0,0.0
9813,1777473077.3358233,decode,183,1850840,0.9485421374126392,1851040,183,4457.062013288012,6385,0,0,6385,1,0,0,0.0
9815,1777473077.3933895,decode,183,1851206,0.9487297097702136,1851023,183,4457.062013288012,6386,0,0,6386,0,0,0,0.0
9816,1777473077.4305103,decode,183,1851389,0.9488234959490008,1851206,183,4457.062013288012,6388,0,0,6388,0,0,0,0.0
9817,1777473077.4678602,decode,183,1851572,0.948917282127788,1851389,183,4457.062013288012,6390,0,0,6390,0,0,0,0.0
9818,1777473077.5054328,decode,183,1851755,0.9490110683065752,1851572,183,4457.062013288012,6391,0,0,6391,0,0,0,0.0
9819,1777473077.5432448,decode,183,1851938,0.9491048544853624,1851755,183,4457.062013288012,6393,0,0,6393,0,0,0,0.0
9820,1777473077.581501,decode,183,1841921,0.9439712143055184,1851938,183,4457.062013288012,6394,0,0,6394,0,0,0,0.0
9821,1777473077.6185095,decode,183,1851921,0.949096142108098,1852121,183,4457.062013288012,6396,0,0,6396,1,0,0,0.0
9823,1777473077.6717954,decode,183,1821687,0.9336014353897789,1852104,183,4316.793134185027,6397,0,0,6397,0,0,0,0.0
9824,1777473077.7090943,decode,183,1851687,0.9489762187975177,1852287,183,4316.793134185027,6399,0,0,6399,3,0,0,0.0
9826,1777473077.7618082,decode,183,1841853,0.9439363647964609,1851870,183,4316.793134185027,6398,0,0,6398,0,0,0,0.0
9827,1777473077.8017235,decode,183,1851853,0.9490612925990405,1852053,183,4316.793134185027,6400,0,0,6400,1,0,0,0.0
9829,1777473077.8565218,decode,183,1852219,0.9492488649566149,1852036,183,4316.793134185027,6401,0,0,6401,0,0,0,0.0
9830,1777473077.8945622,decode,183,1832002,0.9388877984181397,1852219,183,4316.793134185027,6402,0,0,6402,0,0,0,0.0
9831,1777473077.9315343,decode,183,1852002,0.949137654023299,1852402,183,4316.793134185027,6404,0,0,6404,2,0,0,0.0
9833,1777473077.98421,decode,183,1831957,0.9388647362430281,1852185,183,4316.793134185027,6404,0,0,6404,0,0,0,0.0
9834,1777473078.0216064,decode,183,1851957,0.9491145918481874,1852368,183,4316.793134185027,6406,0,0,6406,2,0,0,0.0
9836,1777473078.0738893,decode,183,1852323,0.9493021642057617,1852140,183,4316.793134185027,6406,0,0,6406,0,0,0,0.0
9837,1777473078.1114514,decode,183,1852506,0.9493959503845489,1852323,183,4316.793134185027,6407,0,0,6407,0,0,0,0.0
9838,1777473078.1495037,decode,183,1811867,0.9285687562876458,1852506,183,4316.793134185027,6409,0,0,6409,0,0,0,0.0
9839,1777473078.186779,decode,183,1851867,0.9490684674979641,1852689,183,4316.793134185027,6411,0,0,6411,4,0,0,0.0
9841,1777473078.2394733,decode,183,1842022,0.9440229760763246,1852050,183,4316.793134185027,6409,0,0,6409,0,0,0,0.0
9842,1777473078.2767618,decode,183,1852022,0.9491479038789041,1852233,183,4316.793134185027,6411,0,0,6411,1,0,0,0.0
9844,1777473078.3299057,decode,183,1852388,0.9493354762364785,1852205,183,4316.793134185027,6412,0,0,6412,0,0,0,0.0
9845,1777473078.366622,decode,183,1852571,0.9494292624152657,1852388,183,4316.793134185027,6413,0,0,6413,0,0,0,0.0
9846,1777473078.4042387,decode,183,1852754,0.9495230485940529,1852571,183,4316.793134185027,6415,0,0,6415,0,0,0,0.0
9847,1777473078.4881222,decode,183,1822315,0.9339232808557809,1852754,183,4316.793134185027,6417,0,0,6417,0,0,0,0.0
9848,1777473078.5228317,decode,183,1852315,0.9492980642635197,1852937,183,4316.793134185027,6420,0,0,6420,3,0,0,0.0
9850,1777473078.5774412,decode,183,1832270,0.9390251464832489,1852498,183,4316.793134185027,6419,0,0,6419,0,0,0,0.0
9851,1777473078.6140203,decode,183,1852270,0.9492750020884081,1852681,183,4316.793134185027,6420,0,0,6420,2,0,0,0.0
9853,1777473078.6676927,decode,183,1842436,0.9442351480873513,1852453,183,4316.793134185027,6421,0,0,6421,0,0,0,0.0
9854,1777473078.7046838,decode,183,1852436,0.9493600758899309,1852636,183,4316.793134185027,6422,0,0,6422,1,0,0,0.0
9856,1777473078.757483,decode,183,1842591,0.9443145844682913,1852619,183,4316.793134185027,6423,0,0,6423,0,0,0,0.0
9857,1777473078.794734,decode,183,1852591,0.9494395122708709,1852802,183,4316.793134185027,6425,0,0,6425,1,0,0,0.0
9859,1777473078.847637,decode,183,1852957,0.9496270846284453,1852774,183,4316.793134185027,6426,0,0,6426,0,0,0,0.0
9860,1777473078.8852127,decode,183,1842929,0.9444878070280185,1852957,183,4316.793134185027,6428,0,0,6428,0,0,0,0.0
9861,1777473078.922546,decode,183,1852929,0.949612734830598,1853140,183,4316.793134185027,6430,0,0,6430,1,0,0,0.0
9863,1777473078.975436,decode,183,1812473,0.9288793269124821,1853112,183,4316.793134185027,6431,0,0,6431,0,0,0,0.0
9864,1777473079.0124693,decode,183,1852473,0.9493790381228004,1853295,183,4316.793134185027,6432,0,0,6432,4,0,0,0.0
9866,1777473079.0657322,decode,183,1812006,0.9286399927841017,1852656,183,4316.793134185027,6431,0,0,6431,0,0,0,0.0
9867,1777473079.1034362,decode,183,1852006,0.9491397039944199,1852839,183,4316.793134185027,6432,0,0,6432,4,0,0,0.0
9869,1777473079.1570976,decode,183,1801339,0.92317323229709,1852189,183,4316.793134185027,6431,0,0,6431,0,0,0,0.0
9870,1777473079.1941211,decode,183,1851339,0.9487978713099879,1852372,183,4316.793134185027,6432,0,0,6432,5,0,0,0.0
9872,1777473079.2472255,decode,183,1810883,0.928064463391872,1851522,183,4316.793134185027,6429,0,0,6429,0,0,0,0.0
9873,1777473079.2844791,decode,183,1850883,0.9485641746021903,1851705,183,4316.793134185027,6431,0,0,6431,4,0,0,0.0
9875,1777473079.3371303,decode,183,1851249,0.9487517469597647,1851066,183,4316.793134185027,6429,0,0,6429,0,0,0,0.0
9876,1777473079.3751655,decode,183,1831021,0.9383850430007067,1851249,183,4316.793134185027,6431,0,0,6431,0,0,0,0.0
9877,1777473079.4124308,decode,183,1851021,0.9486348986058659,1851432,183,4316.793134185027,6433,0,0,6433,2,0,0,0.0
9879,1777473079.465488,decode,183,1841176,0.9435894071842263,1851204,183,4080.97571469567,6433,0,0,6433,0,0,0,0.0
9880,1777473079.5028617,decode,183,1851176,0.9487143349868059,1851387,183,4080.97571469567,6434,0,0,6434,1,0,0,0.0
9882,1777473079.5564637,decode,183,1841331,0.9436688435651662,1851359,183,4080.97571469567,6436,0,0,6436,0,0,0,0.0
9883,1777473079.5939617,decode,183,1851331,0.9487937713677459,1851542,183,4080.97571469567,6437,0,0,6437,1,0,0,0.0
9885,1777473079.6470058,decode,183,1841486,0.9437482799461062,1851514,183,4080.97571469567,6439,0,0,6439,0,0,0,0.0
9886,1777473079.684379,decode,183,1851486,0.9488732077486859,1851697,183,4080.97571469567,6440,0,0,6440,1,0,0,0.0
9888,1777473079.737396,decode,183,1831452,0.938605927388998,1851669,183,4080.97571469567,6441,0,0,6441,0,0,0,0.0
9889,1777473079.774517,decode,183,1851452,0.9488557829941571,1851852,183,4080.97571469567,6443,0,0,6443,2,0,0,0.0
9891,1777473079.8274026,decode,183,1851818,0.9490433553517315,1851635,183,4080.97571469567,6443,0,0,6443,0,0,0,0.0
9892,1777473079.8654711,decode,183,1821368,0.9334379501928767,1851818,183,4080.97571469567,6445,0,0,6445,0,0,0,0.0
9893,1777473079.904854,decode,183,1851368,0.9488127336006154,1852001,183,4080.97571469567,6447,0,0,6447,3,0,0,0.0
9895,1777473079.9599104,decode,183,1810912,0.9280793256824994,1851551,183,4080.97571469567,6446,0,0,6446,0,0,0,0.0
9896,1777473079.9970236,decode,183,1850912,0.9485790368928178,1851734,183,4080.97571469567,6447,0,0,6447,4,0,0,0.0
9898,1777473080.0502865,decode,183,1830867,0.938306119112547,1851095,183,4080.97571469567,6446,0,0,6446,0,0,0,0.0
9899,1777473080.0875604,decode,183,1850867,0.9485559747177061,1851278,183,4080.97571469567,6447,0,0,6447,2,0,0,0.0
9901,1777473080.1405988,decode,183,1830833,0.9382886943580182,1851050,183,4080.97571469567,6448,0,0,6448,0,0,0,0.0
9902,1777473080.1777813,decode,183,1850833,0.9485385499631774,1851233,183,4080.97571469567,6449,0,0,6449,2,0,0,0.0
9904,1777473080.2306406,decode,183,1840999,0.9434986959621207,1851016,183,4080.97571469567,6449,0,0,6449,0,0,0,0.0
9905,1777473080.2679236,decode,183,1850999,0.9486236237647002,1851199,183,4080.97571469567,6451,0,0,6451,1,0,0,0.0
9907,1777473080.3206038,decode,183,1851365,0.9488111961222746,1851182,183,4080.97571469567,6452,0,0,6452,0,0,0,0.0
9908,1777473080.3591123,decode,183,1780148,0.9123129977906437,1851365,183,4080.97571469567,6454,0,0,6454,0,0,0,0.0
9909,1777473080.396237,decode,183,1850148,0.9481874924087007,1851548,183,4080.97571469567,6456,0,0,6456,7,0,0,0.0
9911,1777473080.4496646,decode,183,1819881,0.9326758734286331,1850331,183,4080.97571469567,6451,0,0,6451,0,0,0,0.0
9912,1777473080.486895,decode,183,1849881,0.9480506568363718,1850514,183,4080.97571469567,6452,0,0,6452,3,0,0,0.0
9914,1777473080.5401537,decode,183,1840036,0.9430051654147322,1850064,183,4080.97571469567,6452,0,0,6452,0,0,0,0.0
9915,1777473080.577326,decode,183,1850036,0.9481300932173118,1850247,183,4080.97571469567,6453,0,0,6453,1,0,0,0.0
9917,1777473080.6300974,decode,183,1840191,0.9430846017956722,1850219,183,4080.97571469567,6454,0,0,6454,0,0,0,0.0
9918,1777473080.6673481,decode,183,1850191,0.9482095295982518,1850402,183,4080.97571469567,6456,0,0,6456,1,0,0,0.0
9920,1777473080.720418,decode,183,1830146,0.937936611817981,1850374,183,4080.97571469567,6457,0,0,6457,0,0,0,0.0
9921,1777473080.757538,decode,183,1850146,0.9481864674231402,1850557,183,4080.97571469567,6459,0,0,6459,2,0,0,0.0
9923,1777473080.8098435,decode,183,1850512,0.9483740397807146,1850329,183,4080.97571469567,6459,0,0,6459,0,0,0,0.0
9924,1777473080.8483377,decode,183,1779284,0.9118702040285007,1850512,183,4080.97571469567,6461,0,0,6461,0,0,0,0.0
9925,1777473080.888042,decode,183,1849284,0.9477446986465579,1850695,183,4080.97571469567,6462,0,0,6462,7,0,0,0.0
9927,1777473080.9442232,decode,183,1788417,0.9165508005905967,1849467,183,4080.97571469567,6457,0,0,6457,0,0,0,0.0
9928,1777473080.9811344,decode,183,1848417,0.9473003674060742,1849650,183,4080.97571469567,6459,0,0,6459,6,0,0,0.0
9930,1777473081.0337617,decode,183,1848783,0.9474879397636485,1848600,183,4080.97571469567,6455,0,0,6455,0,0,0,0.0
9931,1777473081.07118,decode,183,1848966,0.9475817259424358,1848783,183,4080.97571469567,6457,0,0,6457,0,0,0,0.0
9932,1777473081.108967,decode,183,1838938,0.942442448342009,1848966,183,4080.97571469567,6458,0,0,6458,0,0,0,0.0
9933,1777473081.1462736,decode,183,1848938,0.9475673761445885,1849149,183,4080.97571469567,6460,0,0,6460,1,0,0,0.0
9935,1777473081.1993587,decode,183,1828893,0.9372944583643178,1849121,183,4080.97571469567,6461,0,0,6461,0,0,0,0.0
9936,1777473081.236587,decode,183,1848893,0.9475443139694769,1849304,183,4133.014638589544,6463,0,0,6463,2,0,0,0.0
9938,1777473081.288754,decode,183,1849259,0.9477318863270514,1849076,183,4133.014638589544,6463,0,0,6463,0,0,0,0.0
9939,1777473081.3275087,decode,183,1767798,0.9059837119544578,1849259,183,4133.014638589544,6465,0,0,6465,0,0,0,0.0
9940,1777473081.3641775,decode,183,1847798,0.9469831343750945,1849442,183,4133.014638589544,6466,0,0,6466,8,0,0,0.0
9942,1777473081.4176862,decode,183,1848164,0.9471707067326689,1847981,183,4133.014638589544,6461,0,0,6461,0,0,0,0.0
9943,1777473081.4551687,decode,183,1848347,0.9472644929114561,1848164,183,4133.014638589544,6462,0,0,6462,0,0,0,0.0
9944,1777473081.4934206,decode,183,1777097,0.9107493823180766,1848347,183,4133.014638589544,6464,0,0,6464,0,0,0,0.0
9945,1777473081.530318,decode,183,1847097,0.9466238769361337,1848530,183,4133.014638589544,6465,0,0,6465,7,0,0,0.0
9947,1777473081.5835598,decode,183,1837252,0.941578385514494,1847280,183,4133.014638589544,6461,0,0,6461,0,0,0,0.0
9948,1777473081.622326,decode,183,1847252,0.9467033133170737,1847463,183,4133.014638589544,6462,0,0,6462,1,0,0,0.0
9950,1777473081.677027,decode,183,1837407,0.941657821895434,1847435,183,4133.014638589544,6464,0,0,6464,0,0,0,0.0
9951,1777473081.7137573,decode,183,1847407,0.9467827496980137,1847618,183,4133.014638589544,6465,0,0,6465,1,0,0,0.0
9953,1777473081.766176,decode,183,1847773,0.9469703220555881,1847590,183,4133.014638589544,6466,0,0,6466,0,0,0,0.0
9954,1777473081.8050122,decode,183,1735690,0.8895285937659353,1847773,183,4133.014638589544,6468,0,0,6468,0,0,0,0.0
9955,1777473081.8518236,decode,183,1825281,0.9354433344420261,1847956,183,4133.014638589544,6470,0,0,6470,11,0,0,0.0
9958,1777473081.9175124,decode,183,1855464,0.950911904028552,1845464,183,4133.014638589544,6460,0,0,6460,1,0,0,0.0
9960,1777473081.9720507,decode,184,1835432,0.9406456486544246,1855648,184,4133.014638589544,6461,0,0,6461,0,0,0,0.0
9961,1777473082.009464,decode,184,1845222,0.94566295297315,1855832,184,4133.014638589544,6463,0,0,6463,2,0,0,0.0
9964,1777473082.0758932,decode,184,1835179,0.9405159879810193,1855406,184,4133.014638589544,6462,0,0,6462,0,0,0,0.0
9965,1777473082.1132238,decode,184,1855179,0.9507658435861784,1855590,184,4133.014638589544,6464,0,0,6464,2,0,0,0.0
9967,1777473082.1659787,decode,184,1845347,0.9457270145706822,1855363,184,4133.014638589544,6464,0,0,6464,0,0,0,0.0
9968,1777473082.203602,decode,184,1855347,0.9508519423732619,1855547,184,4133.014638589544,6466,0,0,6466,1,0,0,0.0
9970,1777473082.256524,decode,184,1855715,0.9510405397163968,1855531,184,4133.014638589544,6467,0,0,6467,0,0,0,0.0
9971,1777473082.2941356,decode,184,1855899,0.9511348383879642,1855715,184,4133.014638589544,6469,0,0,6469,0,0,0,0.0
9972,1777473082.3328521,decode,184,1754017,0.8989210489497229,1855899,184,4133.014638589544,6470,0,0,6470,0,0,0,0.0
9973,1777473082.3701177,decode,184,1833818,0.9398184853070882,1856083,184,4133.014638589544,6472,0,0,6472,9,0,0,0.0
9976,1777473082.4326339,decode,183,1854001,0.9501621270910346,1844001,183,4133.014638589544,6465,0,0,6465,1,0,0,0.0
9978,1777473082.4868193,decode,184,1854369,0.9503507244341696,1854185,184,4133.014638589544,6466,0,0,6466,0,0,0,0.0
9979,1777473082.5241838,decode,184,1854553,0.950445023105737,1854369,184,4133.014638589544,6467,0,0,6467,0,0,0,0.0
9980,1777473082.562026,decode,184,1844537,0.9453118954186733,1854553,184,4133.014638589544,6469,0,0,6469,0,0,0,0.0
9981,1777473082.5993702,decode,184,1854537,0.9504368232212529,1854737,184,4133.014638589544,6471,0,0,6471,1,0,0,0.0
9983,1777473082.6518674,decode,184,1844705,0.9453979942057567,1854721,184,4133.014638589544,6472,0,0,6472,0,0,0,0.0
9984,1777473082.6892486,decode,184,1854705,0.9505229220083362,1854905,184,4133.014638589544,6473,0,0,6473,1,0,0,0.0
9986,1777473082.7417886,decode,184,1855073,0.9507115193514711,1854889,184,4133.014638589544,6475,0,0,6475,0,0,0,0.0
9987,1777473082.7793753,decode,184,1855257,0.9508058180230387,1855073,184,4133.014638589544,6476,0,0,6476,0,0,0,0.0
9988,1777473082.8179562,decode,184,1773797,0.9090581561432254,1855257,184,4133.014638589544,6478,0,0,6478,0,0,0,0.0
9989,1777473082.8551488,decode,184,1843797,0.9449326507612824,1855441,184,4133.014638589544,6480,0,0,6480,7,0,0,0.0
9991,1777473082.9077454,decode,183,1853980,0.9501513647426492,1843980,183,4133.014638589544,6475,0,0,6475,1,0,0,0.0
9993,1777473082.9608898,decode,184,1854348,0.9503399620857841,1854164,184,4133.014638589544,6476,0,0,6476,0,0,0,0.0
9994,1777473082.9982915,decode,184,1854532,0.9504342607573516,1854348,184,4133.014638589544,6478,0,0,6478,0,0,0,0.0
9995,1777473083.0361874,decode,184,1834294,0.940062431870491,1854532,184,4080.3686831201007,6479,0,0,6479,0,0,0,0.0
9996,1777473083.0735416,decode,184,1854294,0.9503122874756502,1854716,184,4080.3686831201007,6481,0,0,6481,2,0,0,0.0
9998,1777473083.1264057,decode,184,1813818,0.9295686297019291,1854478,184,4080.3686831201007,6481,0,0,6481,0,0,0,0.0
9999,1777473083.1635766,decode,184,1853818,0.9500683409122473,1854662,184,4080.3686831201007,6483,0,0,6483,4,0,0,0.0
10001,1777473083.2160738,decode,184,1854186,0.9502569382553824,1854002,184,4080.3686831201007,6481,0,0,6481,0,0,0,0.0
10002,1777473083.253622,decode,184,1854370,0.9503512369269498,1854186,184,4080.3686831201007,6483,0,0,6483,0,0,0,0.0
10003,1777473083.2916975,decode,184,1813732,0.9295245553228269,1854370,184,4080.3686831201007,6484,0,0,6484,0,0,0,0.0
10004,1777473083.3291123,decode,184,1853732,0.9500242665331452,1854554,184,4080.3686831201007,6486,0,0,6486,4,0,0,0.0
10006,1777473083.3820555,decode,184,1854100,0.9502128638762801,1853916,184,4080.3686831201007,6484,0,0,6484,0,0,0,0.0
10007,1777473083.4194732,decode,184,1854284,0.9503071625478476,1854100,184,4080.3686831201007,6486,0,0,6486,0,0,0,0.0
10008,1777473083.4570816,decode,184,1854468,0.950401461219415,1854284,184,4080.3686831201007,6487,0,0,6487,0,0,0,0.0
10009,1777473083.496697,decode,184,1844452,0.9452683335323514,1854468,184,4080.3686831201007,6489,0,0,6489,0,0,0,0.0
10010,1777473083.5329256,decode,184,1854452,0.950393261334931,1854652,184,4080.3686831201007,6490,0,0,6490,1,0,0,0.0
10012,1777473083.597995,decode,184,1813976,0.9296496035612098,1854636,184,4080.3686831201007,6492,0,0,6492,0,0,0,0.0
10013,1777473083.6341147,decode,184,1853976,0.9501493147715282,1854820,184,4080.3686831201007,6494,0,0,6494,4,0,0,0.0
10015,1777473083.6873322,decode,184,1854344,0.9503379121146631,1854160,184,4080.3686831201007,6492,0,0,6492,0,0,0,0.0
10016,1777473083.725016,decode,184,1854528,0.9504322107862305,1854344,184,4080.3686831201007,6493,0,0,6493,0,0,0,0.0
10017,1777473083.762855,decode,184,1834301,0.9400660193199528,1854528,184,4080.3686831201007,6495,0,0,6495,0,0,0,0.0
10018,1777473083.8001566,decode,184,1854301,0.950315874925112,1854712,184,4080.3686831201007,6497,0,0,6497,2,0,0,0.0
10020,1777473083.852417,decode,184,1854669,0.950504472268247,1854485,184,4080.3686831201007,6497,0,0,6497,0,0,0,0.0
10021,1777473083.890105,decode,184,1854853,0.9505987709398144,1854669,184,4080.3686831201007,6498,0,0,6498,0,0,0,0.0
10022,1777473083.9277017,decode,184,1855037,0.9506930696113819,1854853,184,4080.3686831201007,6500,0,0,6500,0,0,0,0.0
10023,1777473083.9654295,decode,184,1855221,0.9507873682829493,1855037,184,4080.3686831201007,6502,0,0,6502,0,0,0,0.0
10024,1777473084.0058877,decode,184,1855405,0.9508816669545168,1855221,184,4080.3686831201007,6503,0,0,6503,0,0,0,0.0
10025,1777473084.0415068,decode,184,1855589,0.9509759656260842,1855405,184,4080.3686831201007,6504,0,0,6504,0,0,0,0.0
10026,1777473084.0787597,decode,184,1845573,0.9458428379390206,1855589,184,4080.3686831201007,6506,0,0,6506,0,0,0,0.0
10027,1777473084.1161406,decode,184,1855573,0.9509677657416001,1855773,184,4080.3686831201007,6507,0,0,6507,1,0,0,0.0
10029,1777473084.170168,decode,184,1855941,0.9511563630847351,1855757,184,4080.3686831201007,6509,0,0,6509,0,0,0,0.0
10030,1777473084.2067978,decode,184,1856125,0.9512506617563025,1855941,184,4080.3686831201007,6510,0,0,6510,0,0,0,0.0
10031,1777473084.2443538,decode,184,1856309,0.95134496042787,1856125,184,4080.3686831201007,6512,0,0,6512,0,0,0,0.0
10032,1777473084.2822587,decode,184,1856493,0.9514392590994374,1856309,184,4080.3686831201007,6514,0,0,6514,0,0,0,0.0
10033,1777473084.319894,decode,184,1856677,0.9515335577710049,1856493,184,4080.3686831201007,6515,0,0,6515,0,0,0,0.0
10034,1777473084.3574734,decode,184,1856861,0.9516278564425724,1856677,184,4080.3686831201007,6517,0,0,6517,0,0,0,0.0
10035,1777473084.3951735,decode,184,1857045,0.9517221551141398,1856861,184,4080.3686831201007,6518,0,0,6518,0,0,0,0.0
10036,1777473084.4330227,decode,184,1857229,0.9518164537857073,1857045,184,4080.3686831201007,6520,0,0,6520,0,0,0,0.0
10037,1777473084.4722557,decode,184,1826780,0.9362115611196328,1857229,184,4080.3686831201007,6522,0,0,6522,0,0,0,0.0
10038,1777473084.5097592,decode,184,1836581,0.941234502858941,1857413,184,4080.3686831201007,6523,0,0,6523,2,0,0,0.0
10041,1777473084.5733685,decode,183,1856764,0.9515781446428874,1846764,183,4080.3686831201007,6523,0,0,6523,1,0,0,0.0
10043,1777473084.6263816,decode,184,1857132,0.9517667419860223,1856948,184,4080.3686831201007,6524,0,0,6524,0,0,0,0.0
10044,1777473084.6639144,decode,184,1857316,0.9518610406575897,1857132,184,4080.3686831201007,6526,0,0,6526,0,0,0,0.0
10045,1777473084.7017245,decode,184,1857500,0.9519553393291572,1857316,184,4418.393049443181,6527,0,0,6527,0,0,0,0.0
10046,1777473084.7394724,decode,184,1857684,0.9520496380007246,1857500,184,4418.393049443181,6529,0,0,6529,0,0,0,0.0
10047,1777473084.7770948,decode,184,1857868,0.9521439366722921,1857684,184,4418.393049443181,6531,0,0,6531,0,0,0,0.0
10048,1777473084.8151217,decode,184,1847852,0.9470108089852284,1857868,184,4418.393049443181,6532,0,0,6532,0,0,0,0.0
10049,1777473084.852493,decode,184,1848035,0.9471045951640156,1858052,183,4418.393049443181,6534,0,0,6534,0,0,0,0.0
10050,1777473084.890107,decode,183,1848218,0.9471983813428029,1848035,183,4418.393049443181,6535,0,0,6535,0,0,0,0.0
10051,1777473084.9275408,decode,183,1848401,0.9472921675215901,1848218,183,4418.393049443181,6537,0,0,6537,0,0,0,0.0
10052,1777473084.9652693,decode,183,1838373,0.9421528899211632,1848401,183,4418.393049443181,6539,0,0,6539,0,0,0,0.0
10053,1777473085.00298,decode,183,1848373,0.9472778177237429,1848584,183,4418.393049443181,6540,0,0,6540,1,0,0,0.0
10055,1777473085.055977,decode,183,1848739,0.9474653900813172,1848556,183,4418.393049443181,6541,0,0,6541,0,0,0,0.0
10056,1777473085.0933197,decode,183,1848922,0.9475591762601044,1848739,183,4418.393049443181,6542,0,0,6542,0,0,0,0.0
10057,1777473085.130879,decode,183,1849105,0.9476529624388916,1848922,183,4418.393049443181,6544,0,0,6544,0,0,0,0.0
10058,1777473085.1684108,decode,183,1849288,0.9477467486176788,1849105,183,4418.393049443181,6546,0,0,6546,0,0,0,0.0
10059,1777473085.2059815,decode,183,1849471,0.947840534796466,1849288,183,4418.393049443181,6547,0,0,6547,0,0,0,0.0
10060,1777473085.2434745,decode,183,1849654,0.9479343209752532,1849471,183,4418.393049443181,6549,0,0,6549,0,0,0,0.0
10061,1777473085.2810006,decode,183,1849837,0.9480281071540405,1849654,183,4418.393049443181,6551,0,0,6551,0,0,0,0.0
10062,1777473085.3191044,decode,183,1839820,0.9428944669741965,1849837,183,4418.393049443181,6552,0,0,6552,0,0,0,0.0
10063,1777473085.356219,decode,183,1849820,0.9480193947767761,1850020,183,4418.393049443181,6554,0,0,6554,1,0,0,0.0
10065,1777473085.4140286,decode,183,1850186,0.9482069671343505,1850003,183,4418.393049443181,6555,0,0,6555,0,0,0,0.0
10066,1777473085.4514415,decode,183,1850369,0.9483007533131377,1850186,183,4418.393049443181,6557,0,0,6557,0,0,0,0.0
10067,1777473085.489386,decode,183,1840341,0.9431614757127109,1850369,183,4418.393049443181,6558,0,0,6558,0,0,0,0.0
10068,1777473085.5266347,decode,183,1850341,0.9482864035152905,1850552,183,4418.393049443181,6560,0,0,6560,1,0,0,0.0
10070,1777473085.5798159,decode,183,1850707,0.9484739758728649,1850524,183,4418.393049443181,6561,0,0,6561,0,0,0,0.0
10071,1777473085.6176093,decode,183,1830468,0.938101634493224,1850707,183,4418.393049443181,6563,0,0,6563,0,0,0,0.0
10072,1777473085.6547582,decode,183,1850468,0.9483514900983833,1850890,183,4418.393049443181,6565,0,0,6565,2,0,0,0.0
10074,1777473085.7076864,decode,183,1820212,0.9328455085388985,1850651,183,4418.393049443181,6565,0,0,6565,0,0,0,0.0
10075,1777473085.745003,decode,183,1850212,0.9482202919466372,1850834,183,4418.393049443181,6566,0,0,6566,3,0,0,0.0
10077,1777473085.7982812,decode,183,1840378,0.9431804379455805,1850395,183,4418.393049443181,6566,0,0,6566,0,0,0,0.0
10078,1777473085.8356628,decode,183,1850378,0.94830536574816,1850578,183,4418.393049443181,6567,0,0,6567,1,0,0,0.0
10080,1777473085.8891046,decode,183,1840533,0.9432598743265205,1850561,183,4418.393049443181,6568,0,0,6568,0,0,0,0.0
10081,1777473085.9265063,decode,183,1850533,0.9483848021291,1850744,183,4418.393049443181,6570,0,0,6570,1,0,0,0.0
10083,1777473085.9795275,decode,183,1850899,0.9485723744866744,1850716,183,4418.393049443181,6571,0,0,6571,0,0,0,0.0
10084,1777473086.0169978,decode,183,1851082,0.9486661606654616,1850899,183,4418.393049443181,6573,0,0,6573,0,0,0,0.0
10085,1777473086.0547063,decode,183,1851265,0.9487599468442488,1851082,183,4418.393049443181,6575,0,0,6575,0,0,0,0.0
10086,1777473086.0926654,decode,183,1841237,0.943620669243822,1851265,183,4418.393049443181,6576,0,0,6576,0,0,0,0.0
10087,1777473086.1299925,decode,183,1851237,0.9487455970464016,1851448,183,4418.393049443181,6578,0,0,6578,1,0,0,0.0
10089,1777473086.1832843,decode,183,1841392,0.943700105624762,1851420,183,4418.393049443181,6579,0,0,6579,0,0,0,0.0
10090,1777473086.220312,decode,183,1851392,0.9488250334273416,1851603,183,4418.393049443181,6581,0,0,6581,1,0,0,0.0
10092,1777473086.2731254,decode,183,1841558,0.9437851794262848,1851575,183,4418.393049443181,6582,0,0,6582,0,0,0,0.0
10093,1777473086.3106058,decode,183,1851558,0.9489101072288644,1851758,183,4418.393049443181,6583,0,0,6583,1,0,0,0.0
10095,1777473086.368942,decode,183,1821302,0.9334041256693796,1851741,183,4392.945906036197,6585,0,0,6585,0,0,0,0.0
10096,1777473086.4055412,decode,183,1851302,0.9487789090771184,1851924,183,4392.945906036197,6586,0,0,6586,3,0,0,0.0
10098,1777473086.4590461,decode,183,1831257,0.9385059912968476,1851485,183,4392.945906036197,6586,0,0,6586,0,0,0,0.0
10099,1777473086.4963024,decode,183,1851257,0.9487558469020068,1851668,183,4392.945906036197,6587,0,0,6587,2,0,0,0.0
10101,1777473086.549153,decode,183,1851623,0.9489434192595811,1851440,183,4392.945906036197,6587,0,0,6587,0,0,0,0.0
10102,1777473086.5882084,decode,183,1841606,0.9438097790797372,1851623,183,4392.945906036197,6589,0,0,6589,0,0,0,0.0
10103,1777473086.6248868,decode,183,1851606,0.9489347068823168,1851806,183,4392.945906036197,6591,0,0,6591,1,0,0,0.0
10105,1777473086.6787176,decode,183,1841772,0.9438948528812601,1851789,183,4392.945906036197,6592,0,0,6592,0,0,0,0.0
10106,1777473086.715799,decode,183,1851772,0.9490197806838396,1851972,183,4392.945906036197,6594,0,0,6594,1,0,0,0.0
10108,1777473086.7681856,decode,183,1852138,0.949207353041414,1851955,183,4392.945906036197,6595,0,0,6595,0,0,0,0.0
10109,1777473086.8059282,decode,183,1852321,0.9493011392202012,1852138,183,4392.945906036197,6596,0,0,6596,0,0,0,0.0
10110,1777473086.8441262,decode,183,1811682,0.9284739451232981,1852321,183,4392.945906036197,6598,0,0,6598,0,0,0,0.0
10111,1777473086.8812706,decode,183,1851682,0.9489736563336164,1852504,183,4392.945906036197,6600,0,0,6600,4,0,0,0.0
10113,1777473086.934244,decode,183,1841848,0.9439338023325596,1851865,183,4392.945906036197,6598,0,0,6598,0,0,0,0.0
10114,1777473086.9715722,decode,183,1851848,0.9490587301351392,1852048,183,4392.945906036197,6599,0,0,6599,1,0,0,0.0
10116,1777473087.0241175,decode,183,1852214,0.9492463024927136,1852031,183,4392.945906036197,6601,0,0,6601,0,0,0,0.0
10117,1777473087.0621114,decode,183,1842186,0.9441070248922868,1852214,183,4392.945906036197,6602,0,0,6602,0,0,0,0.0
10118,1777473087.1021945,decode,183,1852186,0.9492319526948664,1852397,183,4392.945906036197,6604,0,0,6604,1,0,0,0.0
10120,1777473087.1584187,decode,183,1811741,0.9285041821973333,1852369,183,4392.945906036197,6605,0,0,6605,0,0,0,0.0
10121,1777473087.1953895,decode,183,1851741,0.9490038934076516,1852552,183,4392.945906036197,6606,0,0,6606,4,0,0,0.0
10123,1777473087.24868,decode,183,1841907,0.9439640394065949,1851924,183,4392.945906036197,6605,0,0,6605,0,0,0,0.0
10124,1777473087.2859485,decode,183,1851907,0.9490889672091745,1852107,183,4392.945906036197,6606,0,0,6606,1,0,0,0.0
10126,1777473087.3391728,decode,183,1821651,0.9335829856496897,1852090,183,4392.945906036197,6607,0,0,6607,0,0,0,0.0
10127,1777473087.3766005,decode,183,1851651,0.9489577690574285,1852273,183,4392.945906036197,6609,0,0,6609,3,0,0,0.0
10129,1777473087.4298608,decode,183,1852017,0.9491453414150028,1851834,183,4392.945906036197,6608,0,0,6608,0,0,0,0.0
10130,1777473087.4674237,decode,183,1852200,0.94923912759379,1852017,183,4392.945906036197,6610,0,0,6610,0,0,0,0.0
10131,1777473087.5050519,decode,183,1852383,0.9493329137725772,1852200,183,4392.945906036197,6612,0,0,6612,0,0,0,0.0
10132,1777473087.5446975,decode,183,1852566,0.9494266999513644,1852383,183,4392.945906036197,6613,0,0,6613,0,0,0,0.0
10133,1777473087.5808454,decode,183,1852749,0.9495204861301516,1852566,183,4392.945906036197,6615,0,0,6615,0,0,0,0.0
10134,1777473087.6190503,decode,183,1812132,0.9287045668744142,1852749,183,4392.945906036197,6616,0,0,6616,0,0,0,0.0
10135,1777473087.655898,decode,183,1852132,0.9492042780847325,1852932,183,4392.945906036197,6618,0,0,6618,4,0,0,0.0
10137,1777473087.7095826,decode,183,1811687,0.9284765075871994,1852315,183,4392.945906036197,6616,0,0,6616,0,0,0,0.0
10138,1777473087.746784,decode,183,1851687,0.9489762187975177,1852498,183,4392.945906036197,6618,0,0,6618,4,0,0,0.0
10140,1777473087.80003,decode,183,1811253,0.9282540857205674,1851870,183,4392.945906036197,6616,0,0,6616,0,0,0,0.0
10141,1777473087.8371499,decode,183,1851253,0.9487537969308857,1852053,183,4392.945906036197,6618,0,0,6618,4,0,0,0.0
10143,1777473087.8906772,decode,183,1831208,0.938480879150615,1851436,183,4392.945906036197,6616,0,0,6616,0,0,0,0.0
10144,1777473087.9275427,decode,183,1851208,0.9487307347557741,1851619,183,4392.945906036197,6617,0,0,6617,2,0,0,0.0
10146,1777473087.9804583,decode,183,1851574,0.9489183071133486,1851391,183,4392.945906036197,6618,0,0,6618,0,0,0,0.0
10147,1777473088.0185065,decode,183,1831346,0.9385516031542905,1851574,183,4392.945906036197,6619,0,0,6619,0,0,0,0.0
10148,1777473088.055777,decode,183,1851346,0.9488014587594498,1851757,183,4392.945906036197,6621,0,0,6621,2,0,0,0.0
10150,1777473088.108779,decode,183,1841512,0.943761604758393,1851529,183,4207.282421814874,6621,0,0,6621,0,0,0,0.0
10151,1777473088.146127,decode,183,1851512,0.9488865325609726,1851712,183,4207.282421814874,6623,0,0,6623,1,0,0,0.0
10153,1777473088.199341,decode,183,1831467,0.9386136147807018,1851695,183,4207.282421814874,6624,0,0,6624,0,0,0,0.0
10154,1777473088.2367566,decode,183,1851467,0.9488634703858609,1851878,183,4207.282421814874,6626,0,0,6626,2,0,0,0.0
10156,1777473088.2898476,decode,183,1841622,0.9438179789642214,1851650,183,4207.282421814874,6626,0,0,6626,0,0,0,0.0
10157,1777473088.3270872,decode,183,1851622,0.9489429067668009,1851833,183,4207.282421814874,6627,0,0,6627,1,0,0,0.0
10159,1777473088.3805013,decode,183,1800955,0.9229764350694709,1851805,183,4207.282421814874,6629,0,0,6629,0,0,0,0.0
10160,1777473088.417659,decode,183,1850955,0.9486010740823688,1851988,183,4207.282421814874,6630,0,0,6630,5,0,0,0.0
10162,1777473088.471026,decode,183,1851321,0.9487886464399433,1851138,183,4207.282421814874,6627,0,0,6627,0,0,0,0.0
10163,1777473088.5100238,decode,183,1831093,0.9384219424808853,1851321,183,4207.282421814874,6629,0,0,6629,0,0,0,0.0
10164,1777473088.5466707,decode,183,1851093,0.9486717980860445,1851504,183,4207.282421814874,6631,0,0,6631,2,0,0,0.0
10166,1777473088.6000006,decode,183,1841259,0.9436319440849877,1851276,183,4207.282421814874,6631,0,0,6631,0,0,0,0.0
10167,1777473088.637133,decode,183,1851259,0.9487568718875673,1851459,183,4207.282421814874,6633,0,0,6633,1,0,0,0.0
10169,1777473088.690513,decode,183,1831225,0.9384895915278794,1851442,183,4207.282421814874,6634,0,0,6634,0,0,0,0.0
10170,1777473088.7276926,decode,183,1851225,0.9487394471330385,1851625,183,4207.282421814874,6635,0,0,6635,2,0,0,0.0
10172,1777473088.7811768,decode,183,1831180,0.9384665293527678,1851408,183,4207.282421814874,6636,0,0,6636,0,0,0,0.0
10173,1777473088.818342,decode,183,1851180,0.9487163849579269,1851591,183,4207.282421814874,6637,0,0,6637,2,0,0,0.0
10175,1777473088.8713806,decode,183,1841346,0.9436765309568701,1851363,183,4207.282421814874,6637,0,0,6637,0,0,0,0.0
10176,1777473088.9088368,decode,183,1851346,0.9488014587594498,1851546,183,4207.282421814874,6639,0,0,6639,1,0,0,0.0
10178,1777473088.9698985,decode,183,1851712,0.9489890311170242,1851529,183,4207.282421814874,6641,0,0,6641,0,0,0,0.0
10179,1777473089.0074492,decode,183,1811073,0.928161837020121,1851712,183,4207.282421814874,6642,0,0,6642,0,0,0,0.0
10180,1777473089.0444329,decode,183,1851073,0.9486615482304394,1851895,183,4207.282421814874,6644,0,0,6644,4,0,0,0.0
10182,1777473089.097962,decode,183,1800406,0.9226950765331093,1851256,183,4207.282421814874,6642,0,0,6642,0,0,0,0.0
10183,1777473089.1351252,decode,183,1850406,0.9483197155460072,1851439,183,4207.282421814874,6644,0,0,6644,5,0,0,0.0
10185,1777473089.1884,decode,183,1840572,0.9432798615449505,1850589,183,4207.282421814874,6641,0,0,6641,0,0,0,0.0
10186,1777473089.225652,decode,183,1850572,0.94840478934753,1850772,183,4207.282421814874,6642,0,0,6642,1,0,0,0.0
10188,1777473089.2791824,decode,183,1840727,0.9433592979258905,1850755,183,4207.282421814874,6644,0,0,6644,0,0,0,0.0
10189,1777473089.316318,decode,183,1850727,0.94848422572847,1850938,183,4207.282421814874,6645,0,0,6645,1,0,0,0.0
10191,1777473089.369452,decode,183,1840893,0.9434443717274132,1850910,183,4207.282421814874,6646,0,0,6646,0,0,0,0.0
10192,1777473089.4069147,decode,183,1850893,0.9485692995299929,1851093,183,4207.282421814874,6648,0,0,6648,1,0,0,0.0
10194,1777473089.4602914,decode,183,1851259,0.9487568718875673,1851076,183,4207.282421814874,6649,0,0,6649,0,0,0,0.0
10195,1777473089.4999335,decode,183,1769787,0.9070030600943909,1851259,183,4207.282421814874,6651,0,0,6651,0,0,0,0.0
10196,1777473089.536401,decode,183,1849787,0.9480024825150276,1851442,183,4207.282421814874,6653,0,0,6653,8,0,0,0.0
10198,1777473089.590775,decode,183,1788942,0.9168198593002321,1849970,183,4207.282421814874,6647,0,0,6647,0,0,0,0.0
10199,1777473089.6276586,decode,183,1848942,0.9475694261157096,1850153,183,4207.282421814874,6648,0,0,6648,6,0,0,0.0
10201,1777473089.6808898,decode,183,1849308,0.947756998473284,1849125,183,4207.282421814874,6645,0,0,6645,0,0,0,0.0
10202,1777473089.7184,decode,183,1849491,0.9478507846520712,1849308,183,4207.282421814874,6646,0,0,6646,0,0,0,0.0
10203,1777473089.7561193,decode,183,1839463,0.9427115070516444,1849491,183,4207.282421814874,6648,0,0,6648,0,0,0,0.0
10204,1777473089.7933137,decode,183,1849463,0.947836434854224,1849674,183,4207.282421814874,6649,0,0,6649,1,0,0,0.0
10206,1777473089.8464901,decode,183,1819218,0.9323360907153221,1849646,183,4207.282421814874,6651,0,0,6651,0,0,0,0.0
10207,1777473089.8838313,decode,183,1849218,0.9477108741230608,1849829,183,4123.823544136572,6652,0,0,6652,3,0,0,0.0
10209,1777473089.9397092,decode,183,1849584,0.9478984464806353,1849401,183,4123.823544136572,6652,0,0,6652,0,0,0,0.0
10210,1777473089.9753497,decode,183,1778323,0.9113776984666728,1849584,183,4123.823544136572,6653,0,0,6653,0,0,0,0.0
10211,1777473090.0122457,decode,183,1848323,0.94725219308473,1849767,183,4123.823544136572,6655,0,0,6655,7,0,0,0.0
10213,1777473090.065557,decode,183,1838478,0.9422067016630903,1848506,183,4123.823544136572,6650,0,0,6650,0,0,0,0.0
10214,1777473090.1027935,decode,183,1848478,0.94733162946567,1848689,183,4123.823544136572,6652,0,0,6652,1,0,0,0.0
10216,1777473090.1559112,decode,183,1787644,0.9161546436714573,1848661,183,4123.823544136572,6653,0,0,6653,0,0,0,0.0
10217,1777473090.1955953,decode,183,1847644,0.9469042104869347,1848844,183,4123.823544136572,6655,0,0,6655,6,0,0,0.0
10219,1777473090.2514536,decode,183,1827599,0.936631292706664,1847827,183,4123.823544136572,6650,0,0,6650,0,0,0,0.0
10220,1777473090.2884212,decode,183,1847599,0.9468811483118231,1848010,183,4123.823544136572,6652,0,0,6652,2,0,0,0.0
10222,1777473090.3417416,decode,183,1837765,0.9418412943107664,1847782,183,4123.823544136572,6652,0,0,6652,0,0,0,0.0
10223,1777473090.3786616,decode,183,1847765,0.946966222113346,1847965,183,4123.823544136572,6654,0,0,6654,1,0,0,0.0
10225,1777473090.4309635,decode,183,1848131,0.9471537944709204,1847948,183,4123.823544136572,6655,0,0,6655,0,0,0,0.0
10226,1777473090.470166,decode,183,1736059,0.8897177036018505,1848131,183,4123.823544136572,6657,0,0,6657,0,0,0,0.0
10227,1777473090.506988,decode,183,1846059,0.9460919094302259,1848314,183,4123.823544136572,6658,0,0,6658,11,0,0,0.0
10229,1777473090.561416,decode,183,1856242,0.9513106234115927,1846242,183,4123.823544136572,6650,0,0,6650,1,0,0,0.0
10231,1777473090.6156936,decode,184,1856610,0.9514992207547276,1856426,184,4123.823544136572,6651,0,0,6651,0,0,0,0.0
10232,1777473090.6532884,decode,184,1846583,0.946360455647081,1856610,184,4123.823544136572,6652,0,0,6652,0,0,0,0.0
10233,1777473090.6909168,decode,184,1836566,0.9412268154672371,1856794,183,4123.823544136572,6654,0,0,6654,0,0,0,0.0
10234,1777473090.7285628,decode,183,1846566,0.9463517432698166,1846766,183,4123.823544136572,6656,0,0,6656,1,0,0,0.0
10236,1777473090.782146,decode,183,1856749,0.9515704572511835,1846749,183,4123.823544136572,6657,0,0,6657,1,0,0,0.0
10238,1777473090.8354895,decode,184,1857117,0.9517590545943184,1856933,184,4123.823544136572,6658,0,0,6658,0,0,0,0.0
10239,1777473090.8730252,decode,184,1857301,0.9518533532658858,1857117,184,4123.823544136572,6660,0,0,6660,0,0,0,0.0
10240,1777473090.9106472,decode,184,1857485,0.9519476519374533,1857301,184,4123.823544136572,6661,0,0,6661,0,0,0,0.0
10241,1777473090.9497316,decode,184,1724992,0.8840459460027357,1857485,184,4123.823544136572,6663,0,0,6663,0,0,0,0.0
10242,1777473091.0003917,decode,184,1834782,0.9403125283472569,1857669,184,4123.823544136572,6665,0,0,6665,12,0,0,0.0
10245,1777473091.0656204,decode,183,1854965,0.9506561701312033,1844965,183,4123.823544136572,6655,0,0,6655,1,0,0,0.0
10247,1777473091.120325,decode,184,1824700,0.9351455761366961,1855149,184,4123.823544136572,6656,0,0,6656,0,0,0,0.0
10248,1777473091.1574697,decode,184,1854700,0.9505203595444349,1855333,184,4123.823544136572,6658,0,0,6658,3,0,0,0.0
10250,1777473091.210423,decode,184,1844857,0.9454758931083559,1854884,184,4123.823544136572,6657,0,0,6657,0,0,0,0.0
10251,1777473091.2478812,decode,184,1854857,0.9506008209109355,1855068,184,4123.823544136572,6658,0,0,6658,1,0,0,0.0
10253,1777473091.301354,decode,184,1845014,0.9455563544748563,1855041,184,4123.823544136572,6660,0,0,6660,0,0,0,0.0
10254,1777473091.3385637,decode,184,1855014,0.9506812822774359,1855225,184,4123.823544136572,6661,0,0,6661,1,0,0,0.0
10256,1777473091.391381,decode,184,1855382,0.9508698796205708,1855198,184,4123.823544136572,6662,0,0,6662,0,0,0,0.0
10257,1777473091.4290404,decode,184,1855566,0.9509641782921383,1855382,184,4123.823544136572,6664,0,0,6664,0,0,0,0.0
10258,1777473091.4676645,decode,184,1763906,0.9039890900536939,1855566,184,4123.823544136572,6666,0,0,6666,0,0,0,0.0
10259,1777473091.5054011,decode,184,1833696,0.9397559611878967,1855750,184,4123.823544136572,6667,0,0,6667,8,0,0,0.0
10262,1777473091.5734901,decode,183,1853879,0.9500996029718431,1843879,183,4123.823544136572,6661,0,0,6661,1,0,0,0.0
10264,1777473091.6276684,decode,184,1854247,0.9502882003149781,1854063,184,4123.823544136572,6663,0,0,6663,0,0,0,0.0
10265,1777473091.6651502,decode,184,1854431,0.9503824989865455,1854247,184,4123.823544136572,6664,0,0,6664,0,0,0,0.0
10266,1777473091.703204,decode,184,1834204,0.9400163075202678,1854431,184,4034.927721560451,6666,0,0,6666,0,0,0,0.0
10267,1777473091.740684,decode,184,1854204,0.950266163125427,1854615,184,4034.927721560451,6667,0,0,6667,2,0,0,0.0
10269,1777473091.7944665,decode,184,1813761,0.9295394176134544,1854388,184,4034.927721560451,6668,0,0,6668,0,0,0,0.0
10270,1777473091.8316402,decode,184,1853761,0.9500391288237727,1854572,184,4034.927721560451,6669,0,0,6669,4,0,0,0.0
10272,1777473091.884864,decode,184,1854129,0.9502277261669076,1853945,184,4034.927721560451,6667,0,0,6667,0,0,0,0.0
10273,1777473091.9225645,decode,184,1854313,0.950322024838475,1854129,184,4034.927721560451,6669,0,0,6669,0,0,0,0.0
10274,1777473091.9605424,decode,184,1823875,0.9347227695929834,1854313,184,4034.927721560451,6671,0,0,6671,0,0,0,0.0
10275,1777473091.9981363,decode,184,1843665,0.9448650017142883,1854497,184,4034.927721560451,6672,0,0,6672,3,0,0,0.0
10278,1777473092.0655413,decode,184,1854033,0.9501785268600028,1853849,184,4034.927721560451,6671,0,0,6671,0,0,0,0.0
10279,1777473092.1032095,decode,184,1854217,0.9502728255315703,1854033,184,4034.927721560451,6673,0,0,6673,0,0,0,0.0
10280,1777473092.1407197,decode,184,1854401,0.9503671242031377,1854217,184,4034.927721560451,6675,0,0,6675,0,0,0,0.0
10281,1777473092.1787035,decode,184,1844374,0.9452283590954912,1854401,184,4034.927721560451,6676,0,0,6676,0,0,0,0.0
10282,1777473092.216044,decode,184,1854374,0.9503532868980709,1854585,184,4034.927721560451,6678,0,0,6678,1,0,0,0.0
10284,1777473092.2692392,decode,184,1824131,0.9348539677447294,1854558,184,4034.927721560451,6679,0,0,6679,0,0,0,0.0
10285,1777473092.3063407,decode,184,1854131,0.9502287511524682,1854742,184,4034.927721560451,6681,0,0,6681,3,0,0,0.0
10287,1777473092.3592165,decode,184,1854499,0.9504173484956031,1854315,184,4034.927721560451,6680,0,0,6680,0,0,0,0.0
10288,1777473092.3968432,decode,184,1854683,0.9505116471671705,1854499,184,4034.927721560451,6682,0,0,6682,0,0,0,0.0
10289,1777473092.4351206,decode,184,1803834,0.9244519017838336,1854683,184,4034.927721560451,6683,0,0,6683,0,0,0,0.0
10290,1777473092.4724553,decode,184,1853834,0.9500765407967315,1854867,184,4034.927721560451,6685,0,0,6685,5,0,0,0.0
10292,1777473092.5254743,decode,184,1854202,0.9502651381398665,1854018,184,4034.927721560451,6682,0,0,6682,0,0,0,0.0
10293,1777473092.5629663,decode,184,1854386,0.9503594368114339,1854202,184,4034.927721560451,6684,0,0,6684,0,0,0,0.0
10294,1777473092.6005774,decode,184,1854570,0.9504537354830014,1854386,184,4034.927721560451,6685,0,0,6685,0,0,0,0.0
10295,1777473092.6410227,decode,184,1844543,0.9453149703753548,1854570,184,4034.927721560451,6687,0,0,6687,0,0,0,0.0
10296,1777473092.6767328,decode,184,1854543,0.9504398981779344,1854754,184,4034.927721560451,6688,0,0,6688,1,0,0,0.0
10298,1777473092.731092,decode,184,1834489,0.9401623679626413,1854727,184,4034.927721560451,6690,0,0,6690,0,0,0,0.0
10299,1777473092.7684755,decode,184,1854489,0.9504122235678005,1854911,184,4034.927721560451,6691,0,0,6691,2,0,0,0.0
10301,1777473092.822011,decode,184,1854857,0.9506008209109355,1854673,184,4034.927721560451,6692,0,0,6692,0,0,0,0.0
10302,1777473092.8603735,decode,184,1855041,0.9506951195825029,1854857,184,4034.927721560451,6693,0,0,6693,0,0,0,0.0
10303,1777473092.8975115,decode,184,1855225,0.9507894182540704,1855041,184,4034.927721560451,6695,0,0,6695,0,0,0,0.0
10304,1777473092.9349508,decode,184,1855409,0.9508837169256378,1855225,184,4034.927721560451,6696,0,0,6696,0,0,0,0.0
10305,1777473092.972437,decode,184,1855593,0.9509780155972053,1855409,184,4034.927721560451,6698,0,0,6698,0,0,0,0.0
10306,1777473093.010031,decode,184,1855777,0.9510723142687727,1855593,184,4034.927721560451,6700,0,0,6700,0,0,0,0.0
10307,1777473093.0478592,decode,184,1855961,0.9511666129403402,1855777,184,4034.927721560451,6701,0,0,6701,0,0,0,0.0
10308,1777473093.0854151,decode,184,1856145,0.9512609116119076,1855961,184,4034.927721560451,6703,0,0,6703,0,0,0,0.0
10309,1777473093.123135,decode,184,1856329,0.9513552102834751,1856145,184,4034.927721560451,6704,0,0,6704,0,0,0,0.0
10310,1777473093.1610737,decode,184,1836113,0.9409946562377802,1856329,184,4034.927721560451,6706,0,0,6706,0,0,0,0.0
10311,1777473093.198465,decode,184,1835903,0.940887032753926,1856513,184,4034.927721560451,6708,0,0,6708,1,0,0,0.0
10314,1777473093.2651873,decode,183,1856086,0.9512306745378725,1846086,183,4034.927721560451,6708,0,0,6708,1,0,0,0.0
10316,1777473093.3193712,decode,184,1856454,0.9514192718810074,1856270,184,4034.927721560451,6710,0,0,6710,0,0,0,0.0
10317,1777473093.3563762,decode,184,1856638,0.9515135705525748,1856454,184,4034.927721560451,6711,0,0,6711,0,0,0,0.0
10318,1777473093.3940096,decode,184,1856822,0.9516078692241423,1856638,184,4352.364478415557,6712,0,0,6712,0,0,0,0.0
10319,1777473093.4316988,decode,184,1857006,0.9517021678957097,1856822,184,4352.364478415557,6714,0,0,6714,0,0,0,0.0
10320,1777473093.469187,decode,184,1857190,0.9517964665672772,1857006,184,4352.364478415557,6715,0,0,6715,0,0,0,0.0
10321,1777473093.5068083,decode,184,1857374,0.9518907652388447,1857190,184,4352.364478415557,6717,0,0,6717,0,0,0,0.0
10322,1777473093.5456092,decode,184,1857558,0.9519850639104122,1857374,184,4352.364478415557,6719,0,0,6719,0,0,0,0.0
10323,1777473093.5829377,decode,184,1857742,0.9520793625819797,1857558,184,4352.364478415557,6720,0,0,6720,0,0,0,0.0
10324,1777473093.6203463,decode,184,1847715,0.9469405974743331,1857742,184,4352.364478415557,6722,0,0,6722,0,0,0,0.0
10325,1777473093.6580067,decode,184,1827487,0.9365738935152751,1857926,183,4352.364478415557,6723,0,0,6723,0,0,0,0.0
10326,1777473093.6951377,decode,183,1847487,0.9468237491204342,1847898,183,4352.364478415557,6725,0,0,6725,2,0,0,0.0
10328,1777473093.7479408,decode,183,1847853,0.9470113214780087,1847670,183,4352.364478415557,6725,0,0,6725,0,0,0,0.0
10329,1777473093.785563,decode,183,1848036,0.9471051076567959,1847853,183,4352.364478415557,6727,0,0,6727,0,0,0,0.0
10330,1777473093.8233533,decode,183,1848219,0.9471988938355831,1848036,183,4352.364478415557,6728,0,0,6728,0,0,0,0.0
10331,1777473093.8608575,decode,183,1848402,0.9472926800143703,1848219,183,4352.364478415557,6730,0,0,6730,0,0,0,0.0
10332,1777473093.898339,decode,183,1848585,0.9473864661931575,1848402,183,4352.364478415557,6732,0,0,6732,0,0,0,0.0
10333,1777473093.9357576,decode,183,1848768,0.9474802523719447,1848585,183,4352.364478415557,6733,0,0,6733,0,0,0,0.0
10334,1777473093.9733312,decode,183,1848951,0.947574038550732,1848768,183,4352.364478415557,6735,0,0,6735,0,0,0,0.0
10335,1777473094.0112119,decode,183,1838934,0.942440398370888,1848951,183,4352.364478415557,6736,0,0,6736,0,0,0,0.0
10336,1777473094.0485682,decode,183,1848934,0.9475653261734676,1849134,183,4352.364478415557,6738,0,0,6738,1,0,0,0.0
10338,1777473094.102028,decode,183,1849300,0.9477528985310419,1849117,183,4352.364478415557,6739,0,0,6739,0,0,0,0.0
10339,1777473094.139439,decode,183,1849483,0.9478466847098291,1849300,183,4352.364478415557,6741,0,0,6741,0,0,0,0.0
10340,1777473094.1771305,decode,183,1839466,0.9427130445299852,1849483,183,4352.364478415557,6742,0,0,6742,0,0,0,0.0
10341,1777473094.2145603,decode,183,1849466,0.9478379723325647,1849666,183,4352.364478415557,6744,0,0,6744,1,0,0,0.0
10343,1777473094.2677968,decode,183,1849832,0.9480255446901392,1849649,183,4352.364478415557,6745,0,0,6745,0,0,0,0.0
10344,1777473094.3053741,decode,183,1850015,0.9481193308689264,1849832,183,4352.364478415557,6747,0,0,6747,0,0,0,0.0
10345,1777473094.3430612,decode,183,1850198,0.9482131170477136,1850015,183,4352.364478415557,6749,0,0,6749,0,0,0,0.0
10346,1777473094.4240723,decode,183,1850381,0.9483069032265008,1850198,183,4352.364478415557,6750,0,0,6750,0,0,0,0.0
10347,1777473094.459143,decode,183,1850564,0.948400689405288,1850381,183,4352.364478415557,6753,0,0,6753,0,0,0,0.0
10348,1777473094.4970872,decode,183,1850747,0.9484944755840752,1850564,183,4352.364478415557,6755,0,0,6755,0,0,0,0.0
10349,1777473094.5343764,decode,183,1850930,0.9485882617628624,1850747,183,4352.364478415557,6756,0,0,6756,0,0,0,0.0
10350,1777473094.5715246,decode,183,1840913,0.9434546215830184,1850930,183,4352.364478415557,6758,0,0,6758,0,0,0,0.0
10351,1777473094.6091893,decode,183,1850913,0.9485795493855981,1851113,183,4352.364478415557,6759,0,0,6759,1,0,0,0.0
10353,1777473094.6636755,decode,183,1851279,0.9487671217431725,1851096,183,4352.364478415557,6761,0,0,6761,0,0,0,0.0
10354,1777473094.7010918,decode,183,1851462,0.9488609079219597,1851279,183,4352.364478415557,6762,0,0,6762,0,0,0,0.0
10355,1777473094.7389123,decode,183,1851645,0.9489546941007468,1851462,183,4352.364478415557,6764,0,0,6764,0,0,0,0.0
10356,1777473094.7767885,decode,183,1821206,0.9333549263624749,1851645,183,4352.364478415557,6765,0,0,6765,0,0,0,0.0
10357,1777473094.8139286,decode,183,1851206,0.9487297097702136,1851828,183,4352.364478415557,6767,0,0,6767,3,0,0,0.0
10359,1777473094.8685355,decode,183,1820939,0.933218090790146,1851389,183,4352.364478415557,6766,0,0,6766,0,0,0,0.0
10360,1777473094.9050572,decode,183,1850939,0.9485928741978847,1851572,183,4352.364478415557,6768,0,0,6768,3,0,0,0.0
10362,1777473094.9596312,decode,183,1830894,0.938319956417614,1851122,183,4352.364478415557,6767,0,0,6767,0,0,0,0.0
10363,1777473094.996984,decode,183,1850894,0.9485698120227731,1851305,183,4352.364478415557,6769,0,0,6769,2,0,0,0.0
10365,1777473095.0515485,decode,183,1820660,0.933075105304454,1851077,183,4420.3944581732485,6769,0,0,6769,0,0,0,0.0
10366,1777473095.0895433,decode,183,1850660,0.9484498887121927,1851260,183,4420.3944581732485,6770,0,0,6770,3,0,0,0.0
10368,1777473095.1452217,decode,183,1840826,0.943410034711136,1850843,183,4420.3944581732485,6770,0,0,6770,0,0,0,0.0
10369,1777473095.1825974,decode,183,1850826,0.9485349625137156,1851026,183,4420.3944581732485,6771,0,0,6771,1,0,0,0.0
10371,1777473095.23672,decode,183,1851192,0.94872253487129,1851009,183,4420.3944581732485,6772,0,0,6772,0,0,0,0.0
10372,1777473095.2744238,decode,183,1841175,0.943588894691446,1851192,183,4420.3944581732485,6774,0,0,6774,0,0,0,0.0
10373,1777473095.3116484,decode,183,1851175,0.9487138224940256,1851375,183,4420.3944581732485,6776,0,0,6776,1,0,0,0.0
10375,1777473095.3650403,decode,183,1831130,0.9384409047137549,1851358,183,4420.3944581732485,6777,0,0,6777,0,0,0,0.0
10376,1777473095.4021842,decode,183,1851130,0.948690760318914,1851541,183,4420.3944581732485,6779,0,0,6779,2,0,0,0.0
10378,1777473095.460225,decode,183,1851496,0.9488783326764885,1851313,183,4420.3944581732485,6779,0,0,6779,0,0,0,0.0
10379,1777473095.4974093,decode,183,1851679,0.9489721188552757,1851496,183,4420.3944581732485,6780,0,0,6780,0,0,0,0.0
10380,1777473095.535038,decode,183,1841662,0.9438384786754317,1851679,183,4420.3944581732485,6782,0,0,6782,0,0,0,0.0
10381,1777473095.5724297,decode,183,1851662,0.9489634064780113,1851862,183,4420.3944581732485,6784,0,0,6784,1,0,0,0.0
10383,1777473095.6257102,decode,183,1841817,0.9439179150563717,1851845,183,4420.3944581732485,6785,0,0,6785,0,0,0,0.0
10384,1777473095.6629505,decode,183,1851817,0.9490428428589512,1852028,183,4420.3944581732485,6787,0,0,6787,1,0,0,0.0
10386,1777473095.716095,decode,183,1852183,0.9492304152165256,1852000,183,4420.3944581732485,6788,0,0,6788,0,0,0,0.0
10387,1777473095.7538393,decode,183,1842166,0.9440967750366817,1852183,183,4420.3944581732485,6789,0,0,6789,0,0,0,0.0
10388,1777473095.791269,decode,183,1852166,0.9492217028392612,1852366,183,4420.3944581732485,6791,0,0,6791,1,0,0,0.0
10390,1777473095.8450844,decode,183,1821932,0.9337269961209421,1852349,183,4420.3944581732485,6792,0,0,6792,0,0,0,0.0
10391,1777473095.88213,decode,183,1851932,0.9491017795286809,1852532,183,4420.3944581732485,6794,0,0,6794,3,0,0,0.0
10393,1777473095.9354343,decode,183,1852298,0.9492893518862553,1852115,183,4420.3944581732485,6793,0,0,6793,0,0,0,0.0
10394,1777473095.9729934,decode,183,1852481,0.9493831380650425,1852298,183,4420.3944581732485,6795,0,0,6795,0,0,0,0.0
10395,1777473096.0113218,decode,183,1791431,0.9180954538302941,1852481,183,4420.3944581732485,6796,0,0,6796,0,0,0,0.0
10396,1777473096.0485048,decode,183,1851431,0.9488450206457717,1852664,183,4420.3944581732485,6798,0,0,6798,6,0,0,0.0
10398,1777473096.102425,decode,183,1841586,0.943799529224132,1851614,183,4420.3944581732485,6794,0,0,6794,0,0,0,0.0
10399,1777473096.1396751,decode,183,1851586,0.9489244570267117,1851797,183,4420.3944581732485,6796,0,0,6796,1,0,0,0.0
10401,1777473096.192882,decode,183,1851952,0.9491120293842861,1851769,183,4420.3944581732485,6797,0,0,6797,0,0,0,0.0
10402,1777473096.2302914,decode,183,1852135,0.9492058155630733,1851952,183,4420.3944581732485,6799,0,0,6799,0,0,0,0.0
10403,1777473096.2679496,decode,183,1852318,0.9492996017418605,1852135,183,4420.3944581732485,6800,0,0,6800,0,0,0,0.0
10404,1777473096.3060458,decode,183,1821890,0.9337054714241713,1852318,183,4420.3944581732485,6802,0,0,6802,0,0,0,0.0
10405,1777473096.3431392,decode,183,1851890,0.94908025483191,1852501,183,4420.3944581732485,6804,0,0,6804,3,0,0,0.0
10407,1777473096.3965852,decode,183,1811445,0.9283524843343769,1852073,183,4420.3944581732485,6803,0,0,6803,0,0,0,0.0
10408,1777473096.4352803,decode,183,1851445,0.9488521955446952,1852256,183,4420.3944581732485,6804,0,0,6804,4,0,0,0.0
10410,1777473096.490195,decode,183,1831411,0.9385849151850073,1851628,183,4420.3944581732485,6802,0,0,6802,0,0,0,0.0
10411,1777473096.527241,decode,183,1851411,0.9488347707901665,1851811,183,4420.3944581732485,6804,0,0,6804,2,0,0,0.0
10413,1777473096.580703,decode,183,1841577,0.9437949167891098,1851594,183,4420.3944581732485,6804,0,0,6804,0,0,0,0.0
10414,1777473096.6192672,decode,183,1851577,0.9489198445916893,1851777,183,4420.3944581732485,6806,0,0,6806,1,0,0,0.0
10416,1777473096.6737933,decode,183,1851943,0.9491074169492637,1851760,183,4420.3944581732485,6807,0,0,6807,0,0,0,0.0
10417,1777473096.7133372,decode,183,1852126,0.9492012031280509,1851943,183,4420.3944581732485,6809,0,0,6809,0,0,0,0.0
10418,1777473096.7494023,decode,183,1852309,0.9492949893068381,1852126,183,4420.3944581732485,6810,0,0,6810,0,0,0,0.0
10419,1777473096.7868483,decode,183,1821870,0.9336952215685661,1852309,183,4218.290575333736,6812,0,0,6812,0,0,0,0.0
10420,1777473096.82394,decode,183,1851870,0.9490700049763049,1852492,183,4218.290575333736,6813,0,0,6813,3,0,0,0.0
10422,1777473096.8795648,decode,183,1821625,0.933569660837403,1852053,183,4218.290575333736,6813,0,0,6813,0,0,0,0.0
10423,1777473096.9155889,decode,183,1851625,0.9489444442451417,1852236,183,4218.290575333736,6814,0,0,6814,3,0,0,0.0
10425,1777473096.9698267,decode,183,1831569,0.938665889044288,1851808,183,4218.290575333736,6813,0,0,6813,0,0,0,0.0
10426,1777473097.0076034,decode,183,1851569,0.9489157446494473,1851991,183,4218.290575333736,6815,0,0,6815,2,0,0,0.0
10428,1777473097.0623758,decode,183,1821324,0.9334154005105453,1851752,183,4218.290575333736,6815,0,0,6815,0,0,0,0.0
10429,1777473097.09947,decode,183,1851324,0.9487901839182841,1851935,183,4218.290575333736,6817,0,0,6817,3,0,0,0.0
10431,1777473097.1530254,decode,183,1851690,0.9489777562758585,1851507,183,4218.290575333736,6816,0,0,6816,0,0,0,0.0
10432,1777473097.1910508,decode,183,1811051,0.9281505621789553,1851690,183,4218.290575333736,6818,0,0,6818,0,0,0,0.0
10433,1777473097.228288,decode,183,1851051,0.9486502733892737,1851873,183,4218.290575333736,6819,0,0,6819,4,0,0,0.0
10435,1777473097.2820466,decode,183,1841217,0.9436104193882169,1851234,183,4218.290575333736,6818,0,0,6818,0,0,0,0.0
10436,1777473097.3193903,decode,183,1851217,0.9487353471907964,1851417,183,4218.290575333736,6819,0,0,6819,1,0,0,0.0
10438,1777473097.3729153,decode,183,1851583,0.9489229195483708,1851400,183,4218.290575333736,6821,0,0,6821,0,0,0,0.0
10439,1777473097.410708,decode,183,1851766,0.949016705727158,1851583,183,4218.290575333736,6822,0,0,6822,0,0,0,0.0
10440,1777473097.4485343,decode,183,1831538,0.9386500017681001,1851766,183,4218.290575333736,6824,0,0,6824,0,0,0,0.0
10441,1777473097.4859746,decode,183,1851538,0.9488998573732592,1851949,183,4218.290575333736,6825,0,0,6825,2,0,0,0.0
10443,1777473097.5398839,decode,183,1821271,0.9333882383931916,1851721,183,4218.290575333736,6826,0,0,6826,0,0,0,0.0
10444,1777473097.577024,decode,183,1851271,0.9487630218009304,1851904,183,4218.290575333736,6827,0,0,6827,3,0,0,0.0
10446,1777473097.630707,decode,183,1851637,0.9489505941585048,1851454,183,4218.290575333736,6826,0,0,6826,0,0,0,0.0
10447,1777473097.6684694,decode,183,1831420,0.9385895276200297,1851637,183,4218.290575333736,6828,0,0,6828,0,0,0,0.0
10448,1777473097.705678,decode,183,1851420,0.9488393832251888,1851820,183,4218.290575333736,6830,0,0,6830,2,0,0,0.0
10450,1777473097.759117,decode,183,1851786,0.9490269555827632,1851603,183,4218.290575333736,6830,0,0,6830,0,0,0,0.0
10451,1777473097.7967715,decode,183,1851969,0.9491207417615505,1851786,183,4218.290575333736,6832,0,0,6832,0,0,0,0.0
10452,1777473097.8348022,decode,183,1821530,0.9335209740232785,1851969,183,4218.290575333736,6833,0,0,6833,0,0,0,0.0
10453,1777473097.8721802,decode,183,1851530,0.9488957574310172,1852152,183,4218.290575333736,6835,0,0,6835,3,0,0,0.0
10455,1777473097.9254901,decode,183,1841685,0.9438502660093776,1851713,183,4218.290575333736,6834,0,0,6834,0,0,0,0.0
10456,1777473097.9628127,decode,183,1851685,0.9489751938119572,1851896,183,4218.290575333736,6836,0,0,6836,1,0,0,0.0
10458,1777473098.0233636,decode,183,1831640,0.9387022760316864,1851868,183,4218.290575333736,6837,0,0,6837,0,0,0,0.0
10459,1777473098.0597737,decode,183,1851640,0.9489521316368456,1852051,183,4218.290575333736,6839,0,0,6839,2,0,0,0.0
10461,1777473098.1133692,decode,183,1852006,0.9491397039944199,1851823,183,4218.290575333736,6839,0,0,6839,0,0,0,0.0
10462,1777473098.1513252,decode,183,1811367,0.9283125098975168,1852006,183,4218.290575333736,6840,0,0,6840,0,0,0,0.0
10463,1777473098.188525,decode,183,1851367,0.9488122211078351,1852189,183,4218.290575333736,6842,0,0,6842,4,0,0,0.0
10465,1777473098.2430758,decode,183,1780278,0.9123796218520771,1851550,183,4218.290575333736,6840,0,0,6840,0,0,0,0.0
10466,1777473098.280047,decode,183,1850278,0.9482541164701342,1851733,183,4218.290575333736,6842,0,0,6842,7,0,0,0.0
10468,1777473098.3334417,decode,183,1850644,0.9484416888277086,1850461,183,4218.290575333736,6837,0,0,6837,0,0,0,0.0
10469,1777473098.370955,decode,183,1850827,0.9485354750064958,1850644,183,4218.290575333736,6839,0,0,6839,0,0,0,0.0
10470,1777473098.4089282,decode,183,1830599,0.9381687710474379,1850827,183,4218.290575333736,6840,0,0,6840,0,0,0,0.0
10471,1777473098.446401,decode,183,1850599,0.948418626652597,1851010,183,4218.290575333736,6842,0,0,6842,2,0,0,0.0
10473,1777473098.5020998,decode,183,1840765,0.9433787726515402,1850782,183,4218.290575333736,6842,0,0,6842,0,0,0,0.0
10474,1777473098.5380485,decode,183,1850765,0.9485037004541198,1850965,183,4179.991819718423,6844,0,0,6844,1,0,0,0.0
10476,1777473098.5917087,decode,183,1851131,0.9486912728116943,1850948,183,4179.991819718423,6845,0,0,6845,0,0,0,0.0
10477,1777473098.630348,decode,183,1739048,0.8912495445220415,1851131,183,4179.991819718423,6846,0,0,6846,0,0,0,0.0
10478,1777473098.6673052,decode,183,1849048,0.9476237503504169,1851314,183,4179.991819718423,6848,0,0,6848,11,0,0,0.0
10480,1777473098.722194,decode,183,1798370,0.9216516412325041,1849231,183,4179.991819718423,6839,0,0,6839,0,0,0,0.0
10481,1777473098.7595124,decode,183,1848370,0.947276280245402,1849414,183,4179.991819718423,6841,0,0,6841,5,0,0,0.0
10483,1777473098.8135939,decode,183,1818136,0.9317815735270829,1848553,183,4179.991819718423,6838,0,0,6838,0,0,0,0.0
10484,1777473098.8506382,decode,183,1848136,0.9471563569348217,1848736,183,4179.991819718423,6840,0,0,6840,3,0,0,0.0
10486,1777473098.9038646,decode,183,1828102,0.9368890765751338,1848319,183,4179.991819718423,6839,0,0,6839,0,0,0,0.0
10487,1777473098.94102,decode,183,1848102,0.9471389321802929,1848502,183,4179.991819718423,6841,0,0,6841,2,0,0,0.0
10489,1777473098.9941766,decode,183,1828046,0.9368603769794394,1848285,183,4179.991819718423,6841,0,0,6841,0,0,0,0.0
10490,1777473099.031608,decode,183,1848046,0.9471102325845985,1848468,183,4179.991819718423,6842,0,0,6842,2,0,0,0.0
10492,1777473099.0856864,decode,183,1848412,0.9472978049421729,1848229,183,4179.991819718423,6843,0,0,6843,0,0,0,0.0
10493,1777473099.123966,decode,183,1766973,0.9055609054107451,1848412,183,4179.991819718423,6844,0,0,6844,0,0,0,0.0
10494,1777473099.1605437,decode,183,1846973,0.9465603278313817,1848595,183,4179.991819718423,6846,0,0,6846,8,0,0,0.0
10496,1777473099.2147162,decode,183,1847339,0.946747900188956,1847156,183,4179.991819718423,6840,0,0,6840,0,0,0,0.0
10497,1777473099.2522104,decode,183,1847522,0.9468416863677432,1847339,183,4179.991819718423,6842,0,0,6842,0,0,0,0.0
10498,1777473099.2901902,decode,183,1817072,0.9312362812088885,1847522,183,4179.991819718423,6843,0,0,6843,0,0,0,0.0
10499,1777473099.327454,decode,183,1847072,0.9466110646166273,1847705,183,4179.991819718423,6845,0,0,6845,3,0,0,0.0
10501,1777473099.3810837,decode,183,1837238,0.9415712106155705,1847255,183,4179.991819718423,6844,0,0,6844,0,0,0,0.0
10502,1777473099.4183023,decode,183,1847238,0.94669613841815,1847438,183,4179.991819718423,6846,0,0,6846,1,0,0,0.0
10504,1777473099.473655,decode,183,1837393,0.9416506469965105,1847421,183,4179.991819718423,6847,0,0,6847,0,0,0,0.0
10505,1777473099.5100732,decode,183,1847393,0.94677557479909,1847604,183,4179.991819718423,6849,0,0,6849,1,0,0,0.0
10507,1777473099.565858,decode,183,1847759,0.9469631471566644,1847576,183,4179.991819718423,6850,0,0,6850,0,0,0,0.0
10508,1777473099.6041574,decode,183,1745887,0.8947544826462257,1847759,183,4179.991819718423,6851,0,0,6851,0,0,0,0.0
10509,1777473099.641466,decode,183,1825478,0.9355442955197368,1847942,183,4179.991819718423,6853,0,0,6853,10,0,0,0.0
10512,1777473099.7113786,decode,183,1855661,0.9510128651062628,1845661,183,4179.991819718423,6844,0,0,6844,1,0,0,0.0
10514,1777473099.7653277,decode,184,1856029,0.9512014624493977,1855845,184,4179.991819718423,6845,0,0,6845,0,0,0,0.0
10515,1777473099.8030381,decode,184,1856213,0.9512957611209653,1856029,184,4179.991819718423,6847,0,0,6847,0,0,0,0.0
10516,1777473099.8410063,decode,184,1835986,0.9409295696546874,1856213,184,4179.991819718423,6848,0,0,6848,0,0,0,0.0
10517,1777473099.8783114,decode,184,1855986,0.9511794252598467,1856397,184,4179.991819718423,6850,0,0,6850,2,0,0,0.0
10519,1777473099.9316561,decode,184,1856354,0.9513680226029816,1856170,184,4179.991819718423,6850,0,0,6850,0,0,0,0.0
10520,1777473099.969308,decode,184,1856538,0.951462321274549,1856354,184,4179.991819718423,6852,0,0,6852,0,0,0,0.0
10521,1777473100.0069654,decode,184,1856722,0.9515566199461165,1856538,184,4179.991819718423,6853,0,0,6853,0,0,0,0.0
10522,1777473100.0448804,decode,184,1856906,0.951650918617684,1856722,184,4179.991819718423,6855,0,0,6855,0,0,0,0.0
10523,1777473100.083693,decode,184,1734602,0.8889710016210146,1856906,184,4179.991819718423,6857,0,0,6857,0,0,0,0.0
10524,1777473100.1206028,decode,184,1844602,0.9453452074493901,1857090,184,4179.991819718423,6858,0,0,6858,11,0,0,0.0
10526,1777473100.188104,decode,183,1854785,0.9505639214307569,1844785,183,4179.991819718423,6850,0,0,6850,1,0,0,0.0
10528,1777473100.2437532,decode,184,1824520,0.9350533274362497,1854969,184,4179.991819718423,6851,0,0,6851,0,0,0,0.0
10529,1777473100.2809176,decode,184,1854520,0.9504281108439885,1855153,184,4179.991819718423,6853,0,0,6853,3,0,0,0.0
10531,1777473100.3349085,decode,184,1844688,0.9453892818284922,1854704,184,4081.0176680002423,6852,0,0,6852,0,0,0,0.0
10532,1777473100.3720508,decode,184,1854688,0.9505142096310718,1854888,184,4081.0176680002423,6854,0,0,6854,1,0,0,0.0
10534,1777473100.4257839,decode,184,1834645,0.9402423168363616,1854872,184,4081.0176680002423,6855,0,0,6855,0,0,0,0.0
10535,1777473100.4629817,decode,184,1854645,0.9504921724415207,1855056,184,4081.0176680002423,6857,0,0,6857,2,0,0,0.0
10537,1777473100.5161304,decode,184,1855013,0.9506807697846557,1854829,184,4081.0176680002423,6857,0,0,6857,0,0,0,0.0
10538,1777473100.5537107,decode,184,1855197,0.9507750684562232,1855013,184,4081.0176680002423,6859,0,0,6859,0,0,0,0.0
10539,1777473100.5925055,decode,184,1773726,0.909021769155827,1855197,184,4081.0176680002423,6860,0,0,6860,0,0,0,0.0
10540,1777473100.6298625,decode,184,1833516,0.9396637124874503,1855381,184,4081.0176680002423,6862,0,0,6862,7,0,0,0.0
10543,1777473100.697708,decode,183,1853699,0.9500073542713967,1843699,183,4081.0176680002423,6857,0,0,6857,1,0,0,0.0
10545,1777473100.7515507,decode,184,1854067,0.9501959516145316,1853883,184,4081.0176680002423,6858,0,0,6858,0,0,0,0.0
10546,1777473100.7896194,decode,184,1854251,0.9502902502860991,1854067,184,4081.0176680002423,6860,0,0,6860,0,0,0,0.0
10547,1777473100.8273401,decode,184,1844224,0.9451514851784526,1854251,184,4081.0176680002423,6861,0,0,6861,0,0,0,0.0
10548,1777473100.8646343,decode,184,1854224,0.9502764129810322,1854435,184,4081.0176680002423,6863,0,0,6863,1,0,0,0.0
10550,1777473100.9183197,decode,184,1813759,0.9295383926278938,1854408,184,4081.0176680002423,6864,0,0,6864,0,0,0,0.0
10551,1777473100.9553528,decode,184,1853759,0.9500381038382122,1854592,184,4081.0176680002423,6866,0,0,6866,4,0,0,0.0
10553,1777473101.0084217,decode,184,1854127,0.9502267011813471,1853943,184,4081.0176680002423,6864,0,0,6864,0,0,0,0.0
10554,1777473101.0461056,decode,184,1854311,0.9503209998529146,1854127,184,4081.0176680002423,6865,0,0,6865,0,0,0,0.0
10555,1777473101.0847044,decode,184,1793284,0.9190451029521122,1854311,184,4081.0176680002423,6867,0,0,6867,0,0,0,0.0
10556,1777473101.121704,decode,184,1853284,0.9497946697675896,1854495,184,4081.0176680002423,6869,0,0,6869,6,0,0,0.0
10558,1777473101.1750727,decode,184,1853652,0.9499832671107246,1853468,184,4081.0176680002423,6865,0,0,6865,0,0,0,0.0
10559,1777473101.2136405,decode,184,1853836,0.9500775657822921,1853652,184,4081.0176680002423,6867,0,0,6867,0,0,0,0.0
10560,1777473101.2507417,decode,184,1854020,0.9501718644538595,1853836,184,4081.0176680002423,6868,0,0,6868,0,0,0,0.0
10561,1777473101.2883213,decode,184,1843993,0.9450330993462129,1854020,184,4081.0176680002423,6870,0,0,6870,0,0,0,0.0
10562,1777473101.325746,decode,184,1853993,0.9501580271487925,1854204,184,4081.0176680002423,6871,0,0,6871,1,0,0,0.0
10564,1777473101.379889,decode,184,1823739,0.9346530705748682,1854177,184,4081.0176680002423,6873,0,0,6873,0,0,0,0.0
10565,1777473101.4170473,decode,184,1853739,0.950027853982607,1854361,184,4081.0176680002423,6874,0,0,6874,3,0,0,0.0
10567,1777473101.470633,decode,184,1854107,0.950216451325742,1853923,184,4081.0176680002423,6873,0,0,6873,0,0,0,0.0
10568,1777473101.5083175,decode,184,1854291,0.9503107499973095,1854107,184,4081.0176680002423,6875,0,0,6875,0,0,0,0.0
10569,1777473101.5459294,decode,184,1854475,0.9504050486688769,1854291,184,4081.0176680002423,6877,0,0,6877,0,0,0,0.0
10570,1777473101.5835967,decode,184,1854659,0.9504993473404444,1854475,184,4081.0176680002423,6878,0,0,6878,0,0,0,0.0
10571,1777473101.6213493,decode,184,1854843,0.9505936460120118,1854659,184,4081.0176680002423,6880,0,0,6880,0,0,0,0.0
10572,1777473101.658965,decode,184,1855027,0.9506879446835793,1854843,184,4081.0176680002423,6881,0,0,6881,0,0,0,0.0
10573,1777473101.6989849,decode,184,1855211,0.9507822433551467,1855027,184,4081.0176680002423,6883,0,0,6883,0,0,0,0.0
10574,1777473101.735058,decode,184,1845184,0.9456434782475002,1855211,184,4081.0176680002423,6885,0,0,6885,0,0,0,0.0
10575,1777473101.7719386,decode,184,1855184,0.9507684060500797,1855395,184,4081.0176680002423,6886,0,0,6886,1,0,0,0.0
10577,1777473101.8259363,decode,184,1835141,0.9404965132553695,1855368,184,4081.0176680002423,6887,0,0,6887,0,0,0,0.0
10578,1777473101.8648407,decode,184,1844942,0.9455194549946777,1855552,184,4081.0176680002423,6889,0,0,6889,2,0,0,0.0
10581,1777473101.9304552,decode,184,1855310,0.9508329801403923,1855126,184,4081.0176680002423,6889,0,0,6889,0,0,0,0.0
10582,1777473101.9679816,decode,184,1855494,0.9509272788119597,1855310,184,4081.0176680002423,6890,0,0,6890,0,0,0,0.0
10583,1777473102.005667,decode,184,1855678,0.9510215774835272,1855494,184,4081.0176680002423,6892,0,0,6892,0,0,0,0.0
10584,1777473102.043338,decode,184,1855862,0.9511158761550946,1855678,184,4307.460535363107,6894,0,0,6894,0,0,0,0.0
10585,1777473102.0809424,decode,184,1856046,0.9512101748266621,1855862,184,4307.460535363107,6895,0,0,6895,0,0,0,0.0
10586,1777473102.1187344,decode,184,1856230,0.9513044734982296,1856046,184,4307.460535363107,6897,0,0,6897,0,0,0,0.0
10587,1777473102.1564832,decode,184,1856414,0.9513987721697971,1856230,184,4307.460535363107,6898,0,0,6898,0,0,0,0.0
10588,1777473102.1940634,decode,184,1856598,0.9514930708413645,1856414,184,4307.460535363107,6900,0,0,6900,0,0,0,0.0
10589,1777473102.2317994,decode,184,1856782,0.951587369512932,1856598,184,4307.460535363107,6902,0,0,6902,0,0,0,0.0
10590,1777473102.269609,decode,184,1846755,0.9464486044052854,1856782,184,4307.460535363107,6903,0,0,6903,0,0,0,0.0
10591,1777473102.3072753,decode,184,1836738,0.9413149642254415,1856966,183,4307.460535363107,6905,0,0,6905,0,0,0,0.0
10592,1777473102.3445146,decode,183,1846738,0.946439892028021,1846938,183,4307.460535363107,6906,0,0,6906,1,0,0,0.0
10594,1777473102.3980389,decode,183,1856921,0.9516586060093879,1846921,183,4307.460535363107,6908,0,0,6908,1,0,0,0.0
10596,1777473102.4509726,decode,184,1857289,0.9518472033525228,1857105,184,4307.460535363107,6909,0,0,6909,0,0,0,0.0
10597,1777473102.4886198,decode,184,1857473,0.9519415020240902,1857289,184,4307.460535363107,6911,0,0,6911,0,0,0,0.0
10598,1777473102.5274556,decode,184,1857657,0.9520358006956577,1857473,184,4307.460535363107,6912,0,0,6912,0,0,0,0.0
10599,1777473102.5644014,decode,184,1857841,0.9521300993672251,1857657,184,4307.460535363107,6914,0,0,6914,0,0,0,0.0
10600,1777473102.601761,decode,184,1858025,0.9522243980387927,1857841,184,4307.460535363107,6915,0,0,6915,0,0,0,0.0
10601,1777473102.64217,decode,184,1858209,0.9523186967103601,1858025,184,4307.460535363107,6917,0,0,6917,0,0,0,0.0
10602,1777473102.677917,decode,184,1858393,0.9524129953819276,1858209,184,4307.460535363107,6918,0,0,6918,0,0,0,0.0
10603,1777473102.7148447,decode,184,1858577,0.952507294053495,1858393,184,4307.460535363107,6919,0,0,6919,0,0,0,0.0
10604,1777473102.7527034,decode,184,1848550,0.9473685289458484,1858577,184,4307.460535363107,6921,0,0,6921,0,0,0,0.0
10605,1777473102.790183,decode,184,1848733,0.9474623151246356,1858761,183,4307.460535363107,6923,0,0,6923,0,0,0,0.0
10606,1777473102.8278844,decode,183,1838716,0.9423286749447917,1848733,183,4307.460535363107,6924,0,0,6924,0,0,0,0.0
10607,1777473102.865208,decode,183,1848716,0.9474536027473713,1848916,183,4307.460535363107,6926,0,0,6926,1,0,0,0.0
10609,1777473102.9187167,decode,183,1849082,0.9476411751049457,1848899,183,4307.460535363107,6927,0,0,6927,0,0,0,0.0
10610,1777473102.9561577,decode,183,1849265,0.9477349612837329,1849082,183,4307.460535363107,6929,0,0,6929,0,0,0,0.0
10611,1777473102.9935513,decode,183,1849448,0.9478287474625201,1849265,183,4307.460535363107,6930,0,0,6930,0,0,0,0.0
10612,1777473103.031011,decode,183,1849631,0.9479225336413073,1849448,183,4307.460535363107,6932,0,0,6932,0,0,0,0.0
10613,1777473103.06858,decode,183,1849814,0.9480163198200945,1849631,183,4307.460535363107,6933,0,0,6933,0,0,0,0.0
10614,1777473103.1064208,decode,183,1839786,0.9428770422196677,1849814,183,4307.460535363107,6935,0,0,6935,0,0,0,0.0
10615,1777473103.1437016,decode,183,1849786,0.9480019700222473,1849997,183,4307.460535363107,6937,0,0,6937,1,0,0,0.0
10617,1777473103.1968772,decode,183,1850152,0.9481895423798217,1849969,183,4307.460535363107,6938,0,0,6938,0,0,0,0.0
10618,1777473103.2345266,decode,183,1850335,0.948283328558609,1850152,183,4307.460535363107,6939,0,0,6939,0,0,0,0.0
10619,1777473103.2720554,decode,183,1850518,0.9483771147373962,1850335,183,4307.460535363107,6941,0,0,6941,0,0,0,0.0
10620,1777473103.310696,decode,183,1850701,0.9484709009161834,1850518,183,4307.460535363107,6943,0,0,6943,0,0,0,0.0
10621,1777473103.3484082,decode,183,1850884,0.9485646870949705,1850701,183,4307.460535363107,6944,0,0,6944,0,0,0,0.0
10622,1777473103.3856714,decode,183,1830667,0.9382036205564954,1850884,183,4307.460535363107,6946,0,0,6946,0,0,0,0.0
10623,1777473103.4228146,decode,183,1850667,0.9484534761616545,1851067,183,4307.460535363107,6947,0,0,6947,2,0,0,0.0
10625,1777473103.4795165,decode,183,1830633,0.9381861958019666,1850850,183,4307.460535363107,6948,0,0,6948,0,0,0,0.0
10626,1777473103.5167074,decode,183,1850633,0.9484360514071258,1851033,183,4307.460535363107,6949,0,0,6949,2,0,0,0.0
10628,1777473103.5702796,decode,183,1850999,0.9486236237647002,1850816,183,4307.460535363107,6950,0,0,6950,0,0,0,0.0
10629,1777473103.6078897,decode,183,1851182,0.9487174099434874,1850999,183,4307.460535363107,6951,0,0,6951,0,0,0,0.0
10630,1777473103.645686,decode,183,1830954,0.9383507059844295,1851182,183,4578.910768879659,6953,0,0,6953,0,0,0,0.0
10631,1777473103.6833446,decode,183,1850954,0.9486005615895886,1851365,183,4578.910768879659,6954,0,0,6954,2,0,0,0.0
10633,1777473103.7373142,decode,183,1851320,0.948788133947163,1851137,183,4578.910768879659,6955,0,0,6955,0,0,0,0.0
10634,1777473103.7747965,decode,183,1851503,0.9488819201259502,1851320,183,4578.910768879659,6956,0,0,6956,0,0,0,0.0
10635,1777473103.8124735,decode,183,1851686,0.9489757063047375,1851503,183,4578.910768879659,6958,0,0,6958,0,0,0,0.0
10636,1777473103.8503056,decode,183,1831458,0.9386090023456795,1851686,183,4578.910768879659,6960,0,0,6960,0,0,0,0.0
10637,1777473103.887654,decode,183,1851458,0.9488588579508386,1851869,183,4578.910768879659,6961,0,0,6961,2,0,0,0.0
10639,1777473103.9416344,decode,183,1841613,0.943813366529199,1851641,183,4578.910768879659,6961,0,0,6961,0,0,0,0.0
10640,1777473103.9788642,decode,183,1851613,0.9489382943317786,1851824,183,4578.910768879659,6963,0,0,6963,1,0,0,0.0
10642,1777473104.0330496,decode,183,1831557,0.938659739130925,1851796,183,4578.910768879659,6964,0,0,6964,0,0,0,0.0
10643,1777473104.070312,decode,183,1851557,0.9489095947360842,1851979,183,4578.910768879659,6966,0,0,6966,2,0,0,0.0
10645,1777473104.1240234,decode,183,1821301,0.9334036131765994,1851740,183,4578.910768879659,6966,0,0,6966,0,0,0,0.0
10646,1777473104.1612852,decode,183,1851301,0.9487783965843382,1851923,183,4578.910768879659,6968,0,0,6968,3,0,0,0.0
10648,1777473104.215013,decode,183,1841456,0.9437329051626985,1851484,183,4578.910768879659,6967,0,0,6967,0,0,0,0.0
10649,1777473104.2522006,decode,183,1851456,0.9488578329652781,1851667,183,4578.910768879659,6969,0,0,6969,1,0,0,0.0
10651,1777473104.3057566,decode,183,1851822,0.9490454053228525,1851639,183,4578.910768879659,6970,0,0,6970,0,0,0,0.0
10652,1777473104.3435283,decode,183,1841805,0.9439117651430086,1851822,183,4578.910768879659,6972,0,0,6972,0,0,0,0.0
10653,1777473104.3807921,decode,183,1851805,0.9490366929455881,1852005,183,4578.910768879659,6973,0,0,6973,1,0,0,0.0
10655,1777473104.44052,decode,183,1821549,0.9335307113861033,1851988,183,4578.910768879659,6975,0,0,6975,0,0,0,0.0
10656,1777473104.4783313,decode,183,1851549,0.9489054947938421,1852171,183,4578.910768879659,6976,0,0,6976,3,0,0,0.0
10658,1777473104.5342352,decode,183,1851915,0.9490930671514165,1851732,183,4578.910768879659,6975,0,0,6975,0,0,0,0.0
10659,1777473104.5716138,decode,183,1852098,0.9491868533302037,1851915,183,4578.910768879659,6977,0,0,6977,0,0,0,0.0
10660,1777473104.6095629,decode,183,1821681,0.9335983604330974,1852098,183,4578.910768879659,6979,0,0,6979,0,0,0,0.0
10661,1777473104.6469493,decode,183,1851681,0.9489731438408362,1852281,183,4578.910768879659,6980,0,0,6980,3,0,0,0.0
10663,1777473104.7009847,decode,183,1841836,0.9439276524191965,1851864,183,4578.910768879659,6980,0,0,6980,0,0,0,0.0
10664,1777473104.7384658,decode,183,1851836,0.9490525802217761,1852047,183,4578.910768879659,6981,0,0,6981,1,0,0,0.0
10666,1777473104.7920249,decode,183,1852202,0.9492401525793506,1852019,183,4578.910768879659,6982,0,0,6982,0,0,0,0.0
10667,1777473104.829722,decode,183,1852385,0.9493339387581378,1852202,183,4578.910768879659,6984,0,0,6984,0,0,0,0.0
10668,1777473104.8672464,decode,183,1852568,0.949427724936925,1852385,183,4578.910768879659,6986,0,0,6986,0,0,0,0.0
10669,1777473104.905309,decode,183,1822129,0.933827957198653,1852568,183,4578.910768879659,6987,0,0,6987,0,0,0,0.0
10670,1777473104.9426105,decode,183,1852129,0.9492027406063918,1852751,183,4578.910768879659,6989,0,0,6989,3,0,0,0.0
10672,1777473104.9970791,decode,183,1842295,0.944162886605335,1852312,183,4578.910768879659,6988,0,0,6988,0,0,0,0.0
10673,1777473105.0345175,decode,183,1852295,0.9492878144079145,1852495,183,4578.910768879659,6990,0,0,6990,1,0,0,0.0
10675,1777473105.0883472,decode,183,1811828,0.9285487690692157,1852478,183,4578.910768879659,6991,0,0,6991,0,0,0,0.0
10676,1777473105.1256025,decode,183,1851828,0.949048480279534,1852661,183,4578.910768879659,6993,0,0,6993,4,0,0,0.0
10678,1777473105.179526,decode,183,1841983,0.9440029888578945,1852011,183,4578.910768879659,6991,0,0,6991,0,0,0,0.0
10679,1777473105.217003,decode,183,1851983,0.949127916660474,1852194,183,4578.910768879659,6993,0,0,6993,1,0,0,0.0
10681,1777473105.2704222,decode,183,1852349,0.9493154890180484,1852166,183,4578.910768879659,6994,0,0,6994,0,0,0,0.0
10682,1777473105.3077397,decode,183,1852532,0.9494092751968357,1852349,183,4578.910768879659,6996,0,0,6996,0,0,0,0.0
10683,1777473105.3455207,decode,183,1852715,0.9495030613756229,1852532,183,4578.910768879659,6997,0,0,6997,0,0,0,0.0
10684,1777473105.3859496,decode,183,1822276,0.9339032936373509,1852715,183,4206.301728660204,6999,0,0,6999,0,0,0,0.0
10685,1777473105.4219656,decode,183,1852276,0.9492780770450896,1852898,183,4206.301728660204,7000,0,0,7000,3,0,0,0.0
10687,1777473105.4782743,decode,183,1811809,0.9285390317063908,1852459,183,4206.301728660204,7000,0,0,7000,0,0,0,0.0
10688,1777473105.515435,decode,183,1851809,0.9490387429167092,1852642,183,4206.301728660204,7001,0,0,7001,4,0,0,0.0
10690,1777473105.5695958,decode,183,1841964,0.9439932514950695,1851992,183,4206.301728660204,6999,0,0,6999,0,0,0,0.0
10691,1777473105.6069589,decode,183,1851964,0.9491181792976492,1852175,183,4206.301728660204,7001,0,0,7001,1,0,0,0.0
10693,1777473105.660948,decode,183,1842119,0.9440726878760095,1852147,183,4206.301728660204,7002,0,0,7002,0,0,0,0.0
10694,1777473105.6981888,decode,183,1852119,0.9491976156785892,1852330,183,4206.301728660204,7004,0,0,7004,1,0,0,0.0
10696,1777473105.7592494,decode,183,1852485,0.9493851880361636,1852302,183,4206.301728660204,7005,0,0,7005,0,0,0,0.0
10697,1777473105.7962334,decode,183,1842468,0.9442515478563196,1852485,183,4206.301728660204,7006,0,0,7006,0,0,0,0.0
10698,1777473105.8328717,decode,183,1852468,0.9493764756588992,1852668,183,4206.301728660204,7008,0,0,7008,1,0,0,0.0
10700,1777473105.8870933,decode,183,1832412,0.9390979204580455,1852651,183,4206.301728660204,7009,0,0,7009,0,0,0,0.0
10701,1777473105.924224,decode,183,1852412,0.9493477760632048,1852834,183,4206.301728660204,7011,0,0,7011,2,0,0,0.0
10703,1777473105.9780543,decode,183,1832356,0.9390692208623511,1852595,183,4206.301728660204,7011,0,0,7011,0,0,0,0.0
10704,1777473106.0156646,decode,183,1852356,0.9493190764675102,1852778,183,4206.301728660204,7013,0,0,7013,2,0,0,0.0
10706,1777473106.0700917,decode,183,1811900,0.9285856685493943,1852539,183,4206.301728660204,7013,0,0,7013,0,0,0,0.0
10707,1777473106.107299,decode,183,1851900,0.9490853797597126,1852722,183,4206.301728660204,7015,0,0,7015,4,0,0,0.0
10709,1777473106.1638262,decode,183,1801233,0.9231189080623827,1852083,183,4206.301728660204,7013,0,0,7013,0,0,0,0.0
10710,1777473106.2009256,decode,183,1851233,0.9487435470752805,1852266,183,4206.301728660204,7015,0,0,7015,5,0,0,0.0
10712,1777473106.2544482,decode,183,1851599,0.948931119432855,1851416,183,4206.301728660204,7012,0,0,7012,0,0,0,0.0
10713,1777473106.2925348,decode,183,1810949,0.928098287915369,1851599,183,4206.301728660204,7013,0,0,7013,0,0,0,0.0
10714,1777473106.3297813,decode,183,1850949,0.9485979991256873,1851782,183,4206.301728660204,7015,0,0,7015,4,0,0,0.0
10716,1777473106.383885,decode,183,1841104,0.9435525077040477,1851132,183,4206.301728660204,7013,0,0,7013,0,0,0,0.0
10717,1777473106.4211378,decode,183,1851104,0.9486774355066273,1851315,183,4206.301728660204,7015,0,0,7015,1,0,0,0.0
10719,1777473106.4750824,decode,183,1831070,0.9384101551469394,1851287,183,4206.301728660204,7016,0,0,7016,0,0,0,0.0
10720,1777473106.51241,decode,183,1851070,0.9486600107520985,1851470,183,4206.301728660204,7018,0,0,7018,2,0,0,0.0
10722,1777473106.5662975,decode,183,1841236,0.9436201567510417,1851253,183,4206.301728660204,7018,0,0,7018,0,0,0,0.0
10723,1777473106.6042106,decode,183,1851236,0.9487450845536214,1851436,183,4206.301728660204,7020,0,0,7020,1,0,0,0.0
10725,1777473106.6589472,decode,183,1831191,0.9384721667733505,1851419,183,4206.301728660204,7021,0,0,7021,0,0,0,0.0
10726,1777473106.6960871,decode,183,1851191,0.9487220223785098,1851602,183,4206.301728660204,7023,0,0,7023,2,0,0,0.0
10728,1777473106.7494977,decode,183,1851557,0.9489095947360842,1851374,183,4206.301728660204,7023,0,0,7023,0,0,0,0.0
10729,1777473106.7878351,decode,183,1810929,0.9280880380597638,1851557,183,4206.301728660204,7024,0,0,7024,0,0,0,0.0
10730,1777473106.8248649,decode,183,1850929,0.9485877492700822,1851740,183,4206.301728660204,7026,0,0,7026,4,0,0,0.0
10732,1777473106.8814793,decode,183,1820695,0.9330930425517631,1851112,183,4206.301728660204,7024,0,0,7024,0,0,0,0.0
10733,1777473106.9171662,decode,183,1850695,0.9484678259595017,1851295,183,4206.301728660204,7026,0,0,7026,3,0,0,0.0
10735,1777473106.9715571,decode,183,1840850,0.9434223345378622,1850878,183,4206.301728660204,7025,0,0,7025,0,0,0,0.0
10736,1777473107.0089078,decode,183,1850850,0.9485472623404417,1851061,183,4206.301728660204,7027,0,0,7027,1,0,0,0.0
10738,1777473107.0627558,decode,183,1830816,0.9382799819807538,1851033,183,4206.301728660204,7028,0,0,7028,0,0,0,0.0
10739,1777473107.0998461,decode,183,1850816,0.948529837585913,1851216,183,4206.301728660204,7030,0,0,7030,2,0,0,0.0
10741,1777473107.1537883,decode,183,1830771,0.9382569198056422,1850999,183,4206.301728660204,7030,0,0,7030,0,0,0,0.0
10742,1777473107.1909947,decode,183,1850771,0.9485067754108014,1851182,183,4055.261062770478,7032,0,0,7032,2,0,0,0.0
10744,1777473107.2442462,decode,183,1851137,0.9486943477683758,1850954,183,4055.261062770478,7032,0,0,7032,0,0,0,0.0
10745,1777473107.2827315,decode,183,1790109,0.9174179383747931,1851137,183,4055.261062770478,7033,0,0,7033,0,0,0,0.0
10746,1777473107.3222563,decode,183,1850109,0.9481675051902706,1851320,183,4055.261062770478,7035,0,0,7035,6,0,0,0.0
10748,1777473107.37931,decode,183,1809631,0.9274228224309891,1850292,183,4055.261062770478,7031,0,0,7031,0,0,0,0.0
10749,1777473107.4162123,decode,183,1849631,0.9479225336413073,1850475,183,4055.261062770478,7033,0,0,7033,4,0,0,0.0
10751,1777473107.4718523,decode,183,1839797,0.9428826796402505,1849814,183,4055.261062770478,7031,0,0,7031,0,0,0,0.0
10752,1777473107.5090394,decode,183,1849797,0.9480076074428302,1849997,183,4055.261062770478,7033,0,0,7033,1,0,0,0.0
10754,1777473107.5634477,decode,183,1850163,0.9481951798004046,1849980,183,4055.261062770478,7034,0,0,7034,0,0,0,0.0
10755,1777473107.6007583,decode,183,1850346,0.9482889659791918,1850163,183,4055.261062770478,7036,0,0,7036,0,0,0,0.0
10756,1777473107.6386962,decode,183,1830129,0.9379278994407166,1850346,183,4055.261062770478,7037,0,0,7037,0,0,0,0.0
10757,1777473107.6759284,decode,183,1850129,0.9481777550458758,1850529,183,4055.261062770478,7039,0,0,7039,2,0,0,0.0
10759,1777473107.7297266,decode,183,1850495,0.9483653274034503,1850312,183,4055.261062770478,7039,0,0,7039,0,0,0,0.0
10760,1777473107.7683792,decode,183,1738412,0.8909235991137975,1850495,183,4055.261062770478,7041,0,0,7041,0,0,0,0.0
10761,1777473107.8054316,decode,183,1848412,0.9472978049421729,1850678,183,4055.261062770478,7043,0,0,7043,11,0,0,0.0
10763,1777473107.8605387,decode,183,1797723,0.9213200584036773,1848595,183,4055.261062770478,7034,0,0,7034,0,0,0,0.0
10764,1777473107.8977652,decode,183,1847723,0.9469446974165752,1848778,183,4055.261062770478,7035,0,0,7035,5,0,0,0.0
10766,1777473107.9524312,decode,183,1807267,0.9262112894984592,1847906,183,4055.261062770478,7033,0,0,7033,0,0,0,0.0
10767,1777473107.989434,decode,183,1847267,0.9467110007087776,1848089,183,4055.261062770478,7034,0,0,7034,4,0,0,0.0
10769,1777473108.043651,decode,183,1827211,0.9364324455079239,1847450,183,4055.261062770478,7032,0,0,7032,0,0,0,0.0
10770,1777473108.0810022,decode,183,1847211,0.946682301113083,1847633,183,4055.261062770478,7034,0,0,7034,2,0,0,0.0
10772,1777473108.1351366,decode,183,1837377,0.9416424471120263,1847394,183,4055.261062770478,7034,0,0,7034,0,0,0,0.0
10773,1777473108.1723945,decode,183,1847377,0.9467673749146059,1847577,183,4055.261062770478,7036,0,0,7036,1,0,0,0.0
10775,1777473108.2260568,decode,183,1847743,0.9469549472721803,1847560,183,4055.261062770478,7037,0,0,7037,0,0,0,0.0
10776,1777473108.2643156,decode,183,1796893,0.9208946893960631,1847743,183,4055.261062770478,7039,0,0,7039,0,0,0,0.0
10777,1777473108.3013253,decode,183,1846893,0.946519328408961,1847926,183,4055.261062770478,7040,0,0,7040,5,0,0,0.0
10779,1777473108.355117,decode,183,1847259,0.9467069007665354,1847076,183,4055.261062770478,7038,0,0,7038,0,0,0,0.0
10780,1777473108.3926396,decode,183,1847442,0.9468006869453227,1847259,183,4055.261062770478,7039,0,0,7039,0,0,0,0.0
10781,1777473108.4302895,decode,183,1837414,0.9416614093448958,1847442,183,4055.261062770478,7041,0,0,7041,0,0,0,0.0
10782,1777473108.4678583,decode,183,1837215,0.9415594232816246,1847625,183,4055.261062770478,7042,0,0,7042,1,0,0,0.0
10785,1777473108.538155,decode,183,1837370,0.9416388596625646,1847398,183,4055.261062770478,7043,0,0,7043,0,0,0,0.0
10786,1777473108.5751603,decode,183,1847370,0.9467637874651441,1847581,183,4055.261062770478,7045,0,0,7045,1,0,0,0.0
10788,1777473108.6293936,decode,183,1847736,0.9469513598227185,1847553,183,4055.261062770478,7046,0,0,7046,0,0,0,0.0
10789,1777473108.666828,decode,183,1847919,0.9470451460015057,1847736,183,4055.261062770478,7048,0,0,7048,0,0,0,0.0
10790,1777473108.7041693,decode,183,1848102,0.9471389321802929,1847919,183,4055.261062770478,7049,0,0,7049,0,0,0,0.0
10791,1777473108.7431924,decode,183,1705375,0.8739923751324153,1848102,183,4055.261062770478,7051,0,0,7051,0,0,0,0.0
10792,1777473108.7853384,decode,183,1824966,0.9352818992162448,1848285,183,4055.261062770478,7053,0,0,7053,14,0,0,0.0
10795,1777473108.8612869,decode,183,1855149,0.9507504688027707,1845149,183,4055.261062770478,7040,0,0,7040,1,0,0,0.0
10797,1777473108.91956,decode,184,1845317,0.9457116397872745,1855333,184,4055.261062770478,7041,0,0,7041,0,0,0,0.0
10798,1777473108.956553,decode,184,1855317,0.9508365675898541,1855517,184,4055.261062770478,7042,0,0,7042,1,0,0,0.0
10800,1777473109.0104969,decode,184,1835274,0.9405646747951438,1855501,184,4024.737200449002,7044,0,0,7044,0,0,0,0.0
10801,1777473109.0478625,decode,184,1855274,0.950814530400303,1855685,184,4024.737200449002,7045,0,0,7045,2,0,0,0.0
10803,1777473109.1015744,decode,184,1855642,0.9510031277434379,1855458,184,4024.737200449002,7046,0,0,7046,0,0,0,0.0
10804,1777473109.1393266,decode,184,1855826,0.9510974264150054,1855642,184,4024.737200449002,7047,0,0,7047,0,0,0,0.0
10805,1777473109.177003,decode,184,1856010,0.9511917250865728,1855826,184,4024.737200449002,7049,0,0,7049,0,0,0,0.0
10806,1777473109.2146366,decode,184,1856194,0.9512860237581403,1856010,184,4024.737200449002,7050,0,0,7050,0,0,0,0.0
10807,1777473109.2535233,decode,184,1733901,0.8886117441820538,1856194,184,4024.737200449002,7052,0,0,7052,0,0,0,0.0
10808,1777473109.2907515,decode,184,1833702,0.9397590361445783,1856378,184,4024.737200449002,7054,0,0,7054,11,0,0,0.0
10811,1777473109.3600464,decode,183,1853885,0.9501026779285247,1843885,183,4024.737200449002,7045,0,0,7045,1,0,0,0.0
10813,1777473109.4151256,decode,184,1833831,0.9398251477132316,1854069,184,4024.737200449002,7046,0,0,7046,0,0,0,0.0
10814,1777473109.452227,decode,184,1853831,0.9500750033183908,1854253,184,4024.737200449002,7048,0,0,7048,2,0,0,0.0
10816,1777473109.506527,decode,184,1854199,0.9502636006615257,1854015,184,4024.737200449002,7048,0,0,7048,0,0,0,0.0
10817,1777473109.5437799,decode,184,1854383,0.9503578993330931,1854199,184,4024.737200449002,7049,0,0,7049,0,0,0,0.0
10818,1777473109.582017,decode,184,1793345,0.9190763650117079,1854383,184,4024.737200449002,7051,0,0,7051,0,0,0,0.0
10819,1777473109.621275,decode,184,1853345,0.9498259318271853,1854567,184,4024.737200449002,7053,0,0,7053,6,0,0,0.0
10821,1777473109.6778595,decode,184,1853713,0.9500145291703204,1853529,184,4024.737200449002,7049,0,0,7049,0,0,0,0.0
10822,1777473109.715226,decode,184,1853897,0.9501088278418878,1853713,184,4024.737200449002,7051,0,0,7051,0,0,0,0.0
10823,1777473109.7536998,decode,184,1782648,0.9135942297412886,1853897,184,4024.737200449002,7052,0,0,7052,0,0,0,0.0
10824,1777473109.7907684,decode,184,1852648,0.9494687243593456,1854081,184,4024.737200449002,7054,0,0,7054,7,0,0,0.0
10826,1777473109.8445642,decode,184,1853016,0.9496573217024805,1852832,184,4024.737200449002,7049,0,0,7049,0,0,0,0.0
10827,1777473109.8821545,decode,184,1853200,0.949751620374048,1853016,184,4024.737200449002,7051,0,0,7051,0,0,0,0.0
10828,1777473109.9198313,decode,184,1853384,0.9498459190456154,1853200,184,4024.737200449002,7052,0,0,7052,0,0,0,0.0
10829,1777473109.9577253,decode,184,1843357,0.9447071539379689,1853384,184,4024.737200449002,7054,0,0,7054,0,0,0,0.0
10830,1777473109.9951692,decode,184,1853357,0.9498320817405485,1853568,184,4024.737200449002,7056,0,0,7056,1,0,0,0.0
10832,1777473110.0648997,decode,184,1843525,0.9447932527250522,1853541,184,4024.737200449002,7057,0,0,7057,0,0,0,0.0
10833,1777473110.101531,decode,184,1853525,0.9499181805276318,1853725,184,4024.737200449002,7059,0,0,7059,1,0,0,0.0
10835,1777473110.1552167,decode,184,1853893,0.9501067778707667,1853709,184,4024.737200449002,7060,0,0,7060,0,0,0,0.0
10836,1777473110.192579,decode,184,1854077,0.9502010765423342,1853893,184,4024.737200449002,7062,0,0,7062,0,0,0,0.0
10837,1777473110.2304902,decode,184,1833839,0.9398292476554736,1854077,184,4024.737200449002,7063,0,0,7063,0,0,0,0.0
10838,1777473110.268045,decode,184,1853839,0.9500791032606328,1854261,184,4024.737200449002,7065,0,0,7065,2,0,0,0.0
10840,1777473110.3219004,decode,184,1854207,0.9502677006037678,1854023,184,4024.737200449002,7065,0,0,7065,0,0,0,0.0
10841,1777473110.3596013,decode,184,1854391,0.9503619992753352,1854207,184,4024.737200449002,7067,0,0,7067,0,0,0,0.0
10842,1777473110.3971791,decode,184,1854575,0.9504562979469027,1854391,184,4024.737200449002,7068,0,0,7068,0,0,0,0.0
10843,1777473110.4353428,decode,184,1844548,0.9453175328392561,1854575,184,4024.737200449002,7070,0,0,7070,0,0,0,0.0
10844,1777473110.4725401,decode,184,1854548,0.9504424606418357,1854759,184,4024.737200449002,7072,0,0,7072,1,0,0,0.0
10846,1777473110.5265675,decode,184,1814094,0.9297100777092803,1854732,184,4024.737200449002,7073,0,0,7073,0,0,0,0.0
10847,1777473110.5636163,decode,184,1854094,0.9502097889195986,1854916,184,4024.737200449002,7074,0,0,7074,4,0,0,0.0
10849,1777473110.6175537,decode,184,1854462,0.9503983862627335,1854278,184,4024.737200449002,7073,0,0,7073,0,0,0,0.0
10850,1777473110.6552908,decode,184,1854646,0.950492684934301,1854462,184,4024.737200449002,7074,0,0,7074,0,0,0,0.0
10851,1777473110.6930902,decode,184,1854830,0.9505869836058685,1854646,184,4024.737200449002,7076,0,0,7076,0,0,0,0.0
10852,1777473110.7306132,decode,184,1855014,0.9506812822774359,1854830,184,4278.2005310591985,7078,0,0,7078,0,0,0,0.0
10853,1777473110.7681377,decode,184,1855198,0.9507755809490034,1855014,184,4278.2005310591985,7079,0,0,7079,0,0,0,0.0
10854,1777473110.8056786,decode,184,1855382,0.9508698796205708,1855198,184,4278.2005310591985,7081,0,0,7081,0,0,0,0.0
10855,1777473110.8434508,decode,184,1855566,0.9509641782921383,1855382,184,4278.2005310591985,7082,0,0,7082,0,0,0,0.0
10856,1777473110.881381,decode,184,1845539,0.9458254131844918,1855566,184,4278.2005310591985,7084,0,0,7084,0,0,0,0.0
10857,1777473110.9189627,decode,184,1855539,0.9509503409870713,1855750,184,4278.2005310591985,7086,0,0,7086,1,0,0,0.0
10859,1777473111.037811,decode,184,1845696,0.9459058745509923,1855723,184,4278.2005310591985,7089,0,0,7089,0,0,0,0.0
10860,1777473111.0743005,decode,184,1845497,0.9458038884877209,1855907,184,4278.2005310591985,7091,0,0,7091,1,0,0,0.0
10863,1777473111.1430495,decode,184,1845665,0.9458899872748042,1855681,184,4278.2005310591985,7091,0,0,7091,0,0,0,0.0
10864,1777473111.180682,decode,184,1855665,0.9510149150773839,1855865,184,4278.2005310591985,7093,0,0,7093,1,0,0,0.0
10866,1777473111.234861,decode,184,1856033,0.9512035124205188,1855849,184,4278.2005310591985,7094,0,0,7094,0,0,0,0.0
10867,1777473111.2725954,decode,184,1856217,0.9512978110920862,1856033,184,4278.2005310591985,7096,0,0,7096,0,0,0,0.0
10868,1777473111.3102229,decode,184,1856401,0.9513921097636537,1856217,184,4278.2005310591985,7098,0,0,7098,0,0,0,0.0
10869,1777473111.3481245,decode,184,1856585,0.9514864084352211,1856401,184,4278.2005310591985,7099,0,0,7099,0,0,0,0.0
10870,1777473111.38572,decode,184,1856769,0.9515807071067887,1856585,184,4278.2005310591985,7101,0,0,7101,0,0,0,0.0
10871,1777473111.4233775,decode,184,1856953,0.9516750057783561,1856769,184,4278.2005310591985,7102,0,0,7102,0,0,0,0.0
10872,1777473111.4620223,decode,184,1857137,0.9517693044499236,1856953,184,4278.2005310591985,7104,0,0,7104,0,0,0,0.0
10873,1777473111.4989433,decode,184,1857321,0.951863603121491,1857137,184,4278.2005310591985,7106,0,0,7106,0,0,0,0.0
10874,1777473111.5365489,decode,184,1857505,0.9519579017930585,1857321,184,4278.2005310591985,7107,0,0,7107,0,0,0,0.0
10875,1777473111.5743053,decode,184,1857689,0.9520522004646259,1857505,184,4278.2005310591985,7109,0,0,7109,0,0,0,0.0
10876,1777473111.611915,decode,184,1857873,0.9521464991361934,1857689,184,4278.2005310591985,7111,0,0,7111,0,0,0,0.0
10877,1777473111.6498246,decode,184,1858057,0.9522407978077608,1857873,184,4278.2005310591985,7112,0,0,7112,0,0,0,0.0
10878,1777473111.6881106,decode,184,1858241,0.9523350964793283,1858057,184,4278.2005310591985,7114,0,0,7114,0,0,0,0.0
10879,1777473111.726095,decode,184,1858425,0.9524293951508959,1858241,184,4278.2005310591985,7115,0,0,7115,0,0,0,0.0
10880,1777473111.7633305,decode,184,1858609,0.9525236938224633,1858425,184,4278.2005310591985,7117,0,0,7117,0,0,0,0.0
10881,1777473111.8007903,decode,184,1858793,0.9526179924940308,1858609,184,4278.2005310591985,7118,0,0,7118,0,0,0,0.0
10882,1777473111.8396854,decode,184,1858977,0.9527122911655982,1858793,184,4278.2005310591985,7120,0,0,7120,0,0,0,0.0
10883,1777473111.8769538,decode,184,1848961,0.9475791634785345,1858977,184,4278.2005310591985,7122,0,0,7122,0,0,0,0.0
10884,1777473111.9139655,decode,184,1849144,0.9476729496573217,1859161,183,4278.2005310591985,7123,0,0,7123,0,0,0,0.0
10885,1777473111.951536,decode,183,1849327,0.9477667358361089,1849144,183,4278.2005310591985,7125,0,0,7125,0,0,0,0.0
10886,1777473111.9915254,decode,183,1849510,0.9478605220148961,1849327,183,4278.2005310591985,7126,0,0,7126,0,0,0,0.0
10887,1777473112.0278797,decode,183,1839482,0.9427212444144694,1849510,183,4278.2005310591985,7127,0,0,7127,0,0,0,0.0
10888,1777473112.0645595,decode,183,1849482,0.9478461722170489,1849693,183,4278.2005310591985,7129,0,0,7129,1,0,0,0.0
10890,1777473112.1183915,decode,183,1849848,0.9480337445746233,1849665,183,4278.2005310591985,7130,0,0,7130,0,0,0,0.0
10891,1777473112.1561158,decode,183,1839831,0.9429001043947793,1849848,183,4278.2005310591985,7132,0,0,7132,0,0,0,0.0
10892,1777473112.1934202,decode,183,1849831,0.9480250321973589,1850031,183,4278.2005310591985,7133,0,0,7133,1,0,0,0.0
10894,1777473112.2477832,decode,183,1839997,0.9429851781963021,1850014,183,4278.2005310591985,7134,0,0,7134,0,0,0,0.0
10895,1777473112.2849982,decode,183,1849997,0.9481101059988818,1850197,183,4278.2005310591985,7136,0,0,7136,1,0,0,0.0
10897,1777473112.3390915,decode,183,1850363,0.9482976783564562,1850180,183,4278.2005310591985,7137,0,0,7137,0,0,0,0.0
10898,1777473112.376638,decode,183,1850546,0.9483914645352434,1850363,183,4278.2005310591985,7139,0,0,7139,0,0,0,0.0
10899,1777473112.4141974,decode,183,1850729,0.9484852507140306,1850546,183,4364.493796216019,7141,0,0,7141,0,0,0,0.0
10900,1777473112.451874,decode,183,1850912,0.9485790368928178,1850729,183,4364.493796216019,7142,0,0,7142,0,0,0,0.0
10901,1777473112.4893486,decode,183,1851095,0.9486728230716049,1850912,183,4364.493796216019,7144,0,0,7144,0,0,0,0.0
10902,1777473112.5271516,decode,183,1851278,0.9487666092503921,1851095,183,4364.493796216019,7145,0,0,7145,0,0,0,0.0
10903,1777473112.5647955,decode,183,1851461,0.9488603954291794,1851278,183,4364.493796216019,7147,0,0,7147,0,0,0,0.0
10904,1777473112.6027443,decode,183,1841433,0.9437211178287526,1851461,183,4364.493796216019,7149,0,0,7149,0,0,0,0.0
10905,1777473112.6402848,decode,183,1851433,0.9488460456313321,1851644,183,4364.493796216019,7150,0,0,7150,1,0,0,0.0
10907,1777473112.6990588,decode,183,1831388,0.9385731278510614,1851616,183,4364.493796216019,7152,0,0,7152,0,0,0,0.0
10908,1777473112.7368042,decode,183,1851388,0.9488229834562205,1851799,183,4364.493796216019,7153,0,0,7153,2,0,0,0.0
10910,1777473112.7935002,decode,183,1851754,0.949010555813795,1851571,183,4364.493796216019,7153,0,0,7153,0,0,0,0.0
10911,1777473112.8308098,decode,183,1851937,0.9491043419925822,1851754,183,4364.493796216019,7155,0,0,7155,0,0,0,0.0
10912,1777473112.868419,decode,183,1821498,0.9335045742543102,1851937,183,4364.493796216019,7156,0,0,7156,0,0,0,0.0
10913,1777473112.9060602,decode,183,1851498,0.9488793576620489,1852120,183,4364.493796216019,7158,0,0,7158,3,0,0,0.0
10915,1777473112.9620001,decode,183,1851864,0.9490669300196234,1851681,183,4364.493796216019,7157,0,0,7157,0,0,0,0.0
10916,1777473112.9985871,decode,183,1852047,0.9491607161984106,1851864,183,4364.493796216019,7159,0,0,7159,0,0,0,0.0
10917,1777473113.0364685,decode,183,1852230,0.9492545023771978,1852047,183,4364.493796216019,7160,0,0,7160,0,0,0,0.0
10918,1777473113.0748954,decode,183,1831991,0.938882160997557,1852230,183,4364.493796216019,7162,0,0,7162,0,0,0,0.0
10919,1777473113.1120226,decode,183,1851991,0.9491320166027161,1852413,183,4364.493796216019,7164,0,0,7164,2,0,0,0.0
10921,1777473113.1682394,decode,183,1842157,0.9440921626016594,1852174,183,4364.493796216019,7164,0,0,7164,0,0,0,0.0
10922,1777473113.2054799,decode,183,1852157,0.949217090404239,1852357,183,4364.493796216019,7165,0,0,7165,1,0,0,0.0
10924,1777473113.2602956,decode,183,1832101,0.9389385352033853,1852340,183,4364.493796216019,7167,0,0,7167,0,0,0,0.0
10925,1777473113.297758,decode,183,1852101,0.9491883908085444,1852523,183,4364.493796216019,7168,0,0,7168,2,0,0,0.0
10927,1777473113.3527212,decode,183,1811645,0.9284549828904285,1852284,183,4364.493796216019,7169,0,0,7169,0,0,0,0.0
10928,1777473113.3900173,decode,183,1851645,0.9489546941007468,1852467,183,4364.493796216019,7170,0,0,7170,4,0,0,0.0
10930,1777473113.4443772,decode,183,1831600,0.9386817763204761,1851828,183,4364.493796216019,7168,0,0,7168,0,0,0,0.0
10931,1777473113.4825807,decode,183,1851600,0.9489316319256352,1852011,183,4364.493796216019,7170,0,0,7170,2,0,0,0.0
10933,1777473113.537916,decode,183,1851966,0.9491192042832096,1851783,183,4364.493796216019,7170,0,0,7170,0,0,0,0.0
10934,1777473113.5757248,decode,183,1841938,0.9439799266827829,1851966,183,4364.493796216019,7172,0,0,7172,0,0,0,0.0
10935,1777473113.6127687,decode,183,1851938,0.9491048544853624,1852149,183,4364.493796216019,7174,0,0,7174,1,0,0,0.0
10937,1777473113.668986,decode,183,1811482,0.9283714465672465,1852121,183,4364.493796216019,7175,0,0,7175,0,0,0,0.0
10938,1777473113.7045279,decode,183,1851482,0.9488711577775648,1852304,183,4364.493796216019,7177,0,0,7177,4,0,0,0.0
10940,1777473113.759911,decode,183,1841648,0.943831303776508,1851665,183,4364.493796216019,7175,0,0,7175,0,0,0,0.0
10941,1777473113.796758,decode,183,1851648,0.9489562315790876,1851848,183,4364.493796216019,7176,0,0,7176,1,0,0,0.0
10943,1777473113.8519118,decode,183,1811203,0.9282284610815545,1851831,183,4364.493796216019,7178,0,0,7178,0,0,0,0.0
10944,1777473113.888797,decode,183,1851203,0.9487281722918728,1852014,183,4364.493796216019,7179,0,0,7179,4,0,0,0.0
10946,1777473113.950257,decode,183,1841369,0.9436883182908161,1851386,183,4364.493796216019,7178,0,0,7178,0,0,0,0.0
10947,1777473113.9868262,decode,183,1851369,0.9488132460933957,1851569,183,4364.493796216019,7179,0,0,7179,1,0,0,0.0
10949,1777473114.0409598,decode,183,1851735,0.9490008184509701,1851552,183,4364.493796216019,7181,0,0,7181,0,0,0,0.0
10950,1777473114.078517,decode,183,1851918,0.9490946046297573,1851735,183,4364.493796216019,7182,0,0,7182,0,0,0,0.0
10951,1777473114.1172512,decode,183,1852101,0.9491883908085444,1851918,183,4364.493796216019,7184,0,0,7184,0,0,0,0.0
10952,1777473114.1545994,decode,183,1811473,0.9283668341322242,1852101,183,4205.9391208027155,7185,0,0,7185,0,0,0,0.0
10953,1777473114.1915216,decode,183,1851473,0.9488665453425424,1852284,183,4205.9391208027155,7187,0,0,7187,4,0,0,0.0
10955,1777473114.24613,decode,183,1841639,0.9438266913414858,1851656,183,4205.9391208027155,7185,0,0,7185,0,0,0,0.0
10956,1777473114.2835336,decode,183,1851639,0.9489516191440653,1851839,183,4205.9391208027155,7187,0,0,7187,1,0,0,0.0
10958,1777473114.3379462,decode,183,1831594,0.9386787013637945,1851822,183,4205.9391208027155,7188,0,0,7188,0,0,0,0.0
10959,1777473114.3751621,decode,183,1851594,0.9489285569689537,1852005,183,4205.9391208027155,7190,0,0,7190,2,0,0,0.0
10961,1777473114.429211,decode,183,1841760,0.943888702967897,1851777,183,4205.9391208027155,7190,0,0,7190,0,0,0,0.0
10962,1777473114.4674475,decode,183,1851760,0.9490136307704765,1851960,183,4205.9391208027155,7192,0,0,7192,1,0,0,0.0
10964,1777473114.522441,decode,183,1852126,0.9492012031280509,1851943,183,4205.9391208027155,7193,0,0,7193,0,0,0,0.0
10965,1777473114.5597966,decode,183,1852309,0.9492949893068381,1852126,183,4205.9391208027155,7195,0,0,7195,0,0,0,0.0
10966,1777473114.5974228,decode,183,1852492,0.9493887754856254,1852309,183,4205.9391208027155,7196,0,0,7196,0,0,0,0.0
10967,1777473114.635222,decode,183,1842475,0.9442551353057814,1852492,183,4205.9391208027155,7198,0,0,7198,0,0,0,0.0
10968,1777473114.6726377,decode,183,1852475,0.949380063108361,1852675,183,4205.9391208027155,7199,0,0,7199,1,0,0,0.0
10970,1777473114.7274213,decode,183,1801808,0.923413591411031,1852658,183,4205.9391208027155,7201,0,0,7201,0,0,0,0.0
10971,1777473114.7645357,decode,183,1851808,0.9490382304239289,1852841,183,4205.9391208027155,7202,0,0,7202,5,0,0,0.0
10973,1777473114.81878,decode,183,1852174,0.9492258027815034,1851991,183,4205.9391208027155,7200,0,0,7200,0,0,0,0.0
10974,1777473114.8564322,decode,183,1852357,0.9493195889602906,1852174,183,4205.9391208027155,7201,0,0,7201,0,0,0,0.0
10975,1777473114.894539,decode,183,1821940,0.9337310960631842,1852357,183,4205.9391208027155,7203,0,0,7203,0,0,0,0.0
10976,1777473114.9316614,decode,183,1851940,0.949105879470923,1852540,183,4205.9391208027155,7204,0,0,7204,3,0,0,0.0
10978,1777473114.985659,decode,183,1852306,0.9492934518284973,1852123,183,4205.9391208027155,7204,0,0,7204,0,0,0,0.0
10979,1777473115.023754,decode,183,1821878,0.9336993215108083,1852306,183,4205.9391208027155,7205,0,0,7205,0,0,0,0.0
10980,1777473115.0612261,decode,183,1851878,0.9490741049185469,1852489,183,4205.9391208027155,7207,0,0,7207,3,0,0,0.0
10982,1777473115.118942,decode,183,1831833,0.9388011871382762,1852061,183,4205.9391208027155,7206,0,0,7206,0,0,0,0.0
10983,1777473115.1538835,decode,183,1851833,0.9490510427434353,1852244,183,4205.9391208027155,7207,0,0,7207,2,0,0,0.0
10985,1777473115.2149289,decode,183,1852199,0.9492386151010098,1852016,183,4205.9391208027155,7208,0,0,7208,0,0,0,0.0
10986,1777473115.2520757,decode,183,1852382,0.949332401279797,1852199,183,4205.9391208027155,7209,0,0,7209,0,0,0,0.0
10987,1777473115.2900696,decode,183,1811721,0.9284939323417282,1852382,183,4205.9391208027155,7211,0,0,7211,0,0,0,0.0
10988,1777473115.3272693,decode,183,1851721,0.9489936435520464,1852565,183,4205.9391208027155,7212,0,0,7212,4,0,0,0.0
10990,1777473115.3820379,decode,183,1831665,0.9387150883511929,1851904,183,4205.9391208027155,7211,0,0,7211,0,0,0,0.0
10991,1777473115.4191575,decode,183,1851665,0.948964943956352,1852087,183,4205.9391208027155,7212,0,0,7212,2,0,0,0.0
10993,1777473115.4731252,decode,183,1852031,0.9491525163139264,1851848,183,4205.9391208027155,7213,0,0,7213,0,0,0,0.0
10994,1777473115.5112364,decode,183,1821592,0.9335527485756544,1852031,183,4205.9391208027155,7214,0,0,7214,0,0,0,0.0
10995,1777473115.548633,decode,183,1851592,0.9489275319833932,1852214,183,4205.9391208027155,7216,0,0,7216,3,0,0,0.0
10997,1777473115.6029098,decode,183,1831558,0.9386602516237053,1851775,183,4205.9391208027155,7215,0,0,7215,0,0,0,0.0
10998,1777473115.640226,decode,183,1851558,0.9489101072288644,1851958,183,4205.9391208027155,7217,0,0,7217,2,0,0,0.0
11000,1777473115.6945238,decode,183,1831502,0.9386315520280109,1851741,183,4205.9391208027155,7217,0,0,7217,0,0,0,0.0
11001,1777473115.7319036,decode,183,1851502,0.94888140763317,1851924,183,4205.9391208027155,7219,0,0,7219,2,0,0,0.0
11003,1777473115.785981,decode,183,1831457,0.9386084898528992,1851685,183,4205.9391208027155,7219,0,0,7219,0,0,0,0.0
11004,1777473115.8235154,decode,183,1851457,0.9488583454580584,1851868,183,4205.9391208027155,7220,0,0,7220,2,0,0,0.0
11006,1777473115.8802025,decode,183,1811001,0.9281249375399424,1851640,183,4205.9391208027155,7221,0,0,7221,0,0,0,0.0
11007,1777473115.9171593,decode,183,1851001,0.9486246487502608,1851823,183,4153.041127794621,7222,0,0,7222,4,0,0,0.0
11009,1777473115.9716434,decode,183,1851367,0.9488122211078351,1851184,183,4153.041127794621,7221,0,0,7221,0,0,0,0.0
11010,1777473116.0101495,decode,183,1790317,0.9175245368730868,1851367,183,4153.041127794621,7222,0,0,7222,0,0,0,0.0
11011,1777473116.047372,decode,183,1850317,0.9482741036885642,1851550,183,4153.041127794621,7224,0,0,7224,6,0,0,0.0
11013,1777473116.1025646,decode,183,1820072,0.9327737595496624,1850500,183,4153.041127794621,7220,0,0,7220,0,0,0,0.0
11014,1777473116.139708,decode,183,1850072,0.9481485429574011,1850683,183,4153.041127794621,7222,0,0,7222,3,0,0,0.0
11016,1777473116.1943018,decode,183,1840227,0.9431030515357615,1850255,183,4153.041127794621,7221,0,0,7221,0,0,0,0.0
11017,1777473116.2314951,decode,183,1850227,0.948227979338341,1850438,183,4153.041127794621,7223,0,0,7223,1,0,0,0.0
11019,1777473116.285166,decode,183,1840382,0.9431824879167015,1850410,183,4153.041127794621,7224,0,0,7224,0,0,0,0.0
11020,1777473116.3225791,decode,183,1850382,0.948307415719281,1850593,183,4153.041127794621,7226,0,0,7226,1,0,0,0.0
11022,1777473116.3771222,decode,183,1840548,0.9432675617182243,1850565,183,4153.041127794621,7227,0,0,7227,0,0,0,0.0
11023,1777473116.4140203,decode,183,1850548,0.9483924895208039,1850748,183,4153.041127794621,7229,0,0,7229,1,0,0,0.0
11025,1777473116.4683204,decode,183,1850914,0.9485800618783783,1850731,183,4153.041127794621,7230,0,0,7230,0,0,0,0.0
11026,1777473116.5067472,decode,183,1759264,0.9016100985677364,1850914,183,4153.041127794621,7231,0,0,7231,0,0,0,0.0
11027,1777473116.5439525,decode,183,1849264,0.9477344487909527,1851097,183,4153.041127794621,7233,0,0,7233,9,0,0,0.0
11029,1777473116.5994558,decode,183,1798608,0.9217736145142056,1849447,183,4153.041127794621,7226,0,0,7226,0,0,0,0.0
11030,1777473116.6365616,decode,183,1848608,0.9473982535271034,1849630,183,4153.041127794621,7228,0,0,7228,5,0,0,0.0
11032,1777473116.6915483,decode,183,1818363,0.9318979093882015,1848791,183,4153.041127794621,7225,0,0,7225,0,0,0,0.0
11033,1777473116.728539,decode,183,1848363,0.9472726927959403,1848974,183,4153.041127794621,7227,0,0,7227,3,0,0,0.0
11035,1777473116.7861614,decode,183,1838529,0.9422328387948835,1848546,183,4153.041127794621,7226,0,0,7226,0,0,0,0.0
11036,1777473116.8197744,decode,183,1848529,0.9473577665974631,1848729,183,4153.041127794621,7228,0,0,7228,1,0,0,0.0
11038,1777473116.8735735,decode,183,1838684,0.9423122751758235,1848712,183,4153.041127794621,7229,0,0,7229,0,0,0,0.0
11039,1777473116.9108748,decode,183,1848684,0.9474372029784031,1848895,183,4153.041127794621,7231,0,0,7231,1,0,0,0.0
11041,1777473116.9646573,decode,183,1849050,0.9476247753359774,1848867,183,4153.041127794621,7232,0,0,7232,0,0,0,0.0
11042,1777473117.0028682,decode,183,1787978,0.9163258162600635,1849050,183,4153.041127794621,7233,0,0,7233,0,0,0,0.0
11043,1777473117.0398204,decode,183,1847978,0.947075383075541,1849233,183,4153.041127794621,7235,0,0,7235,6,0,0,0.0
11045,1777473117.105867,decode,183,1827922,0.9367968278746873,1848161,183,4153.041127794621,7232,0,0,7232,0,0,0,0.0
11046,1777473117.1424725,decode,183,1847922,0.9470466834798464,1848344,183,4153.041127794621,7233,0,0,7233,2,0,0,0.0
11048,1777473117.1971989,decode,183,1817666,0.9315407019203616,1848105,183,4153.041127794621,7233,0,0,7233,0,0,0,0.0
11049,1777473117.234214,decode,183,1847666,0.9469154853281004,1848288,183,4153.041127794621,7235,0,0,7235,3,0,0,0.0
11051,1777473117.2887614,decode,183,1837821,0.9418699939064609,1847849,183,4153.041127794621,7234,0,0,7234,0,0,0,0.0
11052,1777473117.3260202,decode,183,1847821,0.9469949217090404,1848032,183,4153.041127794621,7236,0,0,7236,1,0,0,0.0
11054,1777473117.380208,decode,183,1837976,0.9419494302874009,1848004,183,4153.041127794621,7237,0,0,7237,0,0,0,0.0
11055,1777473117.4174285,decode,183,1847976,0.9470743580899804,1848187,183,4153.041127794621,7239,0,0,7239,1,0,0,0.0
11057,1777473117.4711745,decode,183,1848342,0.9472619304475548,1848159,183,4153.041127794621,7240,0,0,7240,0,0,0,0.0
11058,1777473117.510355,decode,183,1695481,0.8689217715645431,1848342,183,4153.041127794621,7242,0,0,7242,0,0,0,0.0
11059,1777473117.5548723,decode,183,1835282,0.9405687747373859,1848525,183,4153.041127794621,7243,0,0,7243,15,0,0,0.0
11062,1777473117.626099,decode,183,1855465,0.9509124165213323,1845465,183,4153.041127794621,7231,0,0,7231,1,0,0,0.0
11064,1777473117.6813471,decode,184,1855833,0.9511010138644672,1855649,184,4153.041127794621,7232,0,0,7232,0,0,0,0.0
11065,1777473117.7192266,decode,184,1845806,0.9459622487568207,1855833,184,4153.041127794621,7234,0,0,7234,0,0,0,0.0
11066,1777473117.756998,decode,184,1845607,0.9458602626935493,1856017,184,3980.2372376056824,7235,0,0,7235,1,0,0,0.0
11069,1777473117.8205469,decode,184,1845764,0.9459407240600498,1855791,184,3980.2372376056824,7236,0,0,7236,0,0,0,0.0
11070,1777473117.8580601,decode,184,1855764,0.9510656518626294,1855975,184,3980.2372376056824,7237,0,0,7237,1,0,0,0.0
11072,1777473117.9122512,decode,184,1856132,0.9512542492057643,1855948,184,3980.2372376056824,7239,0,0,7239,0,0,0,0.0
11073,1777473117.9503887,decode,184,1856316,0.9513485478773318,1856132,184,3980.2372376056824,7240,0,0,7240,0,0,0,0.0
11074,1777473117.9877129,decode,184,1856500,0.9514428465488992,1856316,184,3980.2372376056824,7242,0,0,7242,0,0,0,0.0
11075,1777473118.0266414,decode,184,1713829,0.8783249890967161,1856500,184,3980.2372376056824,7243,0,0,7243,0,0,0,0.0
11076,1777473118.0669365,decode,184,1843829,0.9449490505302507,1856684,184,3980.2372376056824,7245,0,0,7245,13,0,0,0.0
11078,1777473118.121946,decode,183,1854012,0.9501677645116174,1844012,183,3980.2372376056824,7235,0,0,7235,1,0,0,0.0
11080,1777473118.1775155,decode,184,1823769,0.934668445358276,1854196,184,3980.2372376056824,7236,0,0,7236,0,0,0,0.0
11081,1777473118.2176683,decode,184,1853769,0.9500432287660148,1854380,184,3980.2372376056824,7238,0,0,7238,3,0,0,0.0
11083,1777473118.2747726,decode,184,1843926,0.9449987623299356,1853953,184,3980.2372376056824,7236,0,0,7236,0,0,0,0.0
11084,1777473118.3120537,decode,184,1853926,0.9501236901325153,1854137,184,3980.2372376056824,7238,0,0,7238,1,0,0,0.0
11086,1777473118.3666723,decode,184,1833894,0.9398574347583878,1854110,184,3980.2372376056824,7239,0,0,7239,0,0,0,0.0
11087,1777473118.4038146,decode,184,1853894,0.950107290363547,1854294,184,3980.2372376056824,7241,0,0,7241,2,0,0,0.0
11089,1777473118.4578316,decode,184,1854262,0.9502958877066819,1854078,184,3980.2372376056824,7241,0,0,7241,0,0,0,0.0
11090,1777473118.495858,decode,184,1854446,0.9503901863782493,1854262,184,3980.2372376056824,7243,0,0,7243,0,0,0,0.0
11091,1777473118.5344217,decode,184,1762797,0.9034207355603878,1854446,184,3980.2372376056824,7245,0,0,7245,0,0,0,0.0
11092,1777473118.5718753,decode,184,1832587,0.9391876066945907,1854630,184,3980.2372376056824,7246,0,0,7246,8,0,0,0.0
11095,1777473118.6357558,decode,183,1852770,0.9495312484785371,1842770,183,3980.2372376056824,7240,0,0,7240,1,0,0,0.0
11097,1777473118.6903605,decode,184,1853138,0.949719845821672,1852954,184,3980.2372376056824,7241,0,0,7241,0,0,0,0.0
11098,1777473118.7278454,decode,184,1853322,0.9498141444932394,1853138,184,3980.2372376056824,7243,0,0,7243,0,0,0,0.0
11099,1777473118.7656229,decode,184,1853506,0.9499084431648069,1853322,184,3980.2372376056824,7244,0,0,7244,0,0,0,0.0
11100,1777473118.8033495,decode,184,1853690,0.9500027418363743,1853506,184,3980.2372376056824,7246,0,0,7246,0,0,0,0.0
11101,1777473118.8415182,decode,184,1802830,0.9239373590324547,1853690,184,3980.2372376056824,7248,0,0,7248,0,0,0,0.0
11102,1777473118.8786235,decode,184,1852830,0.9495619980453526,1853874,184,3980.2372376056824,7249,0,0,7249,5,0,0,0.0
11104,1777473118.9328294,decode,184,1853198,0.9497505953884875,1853014,184,3980.2372376056824,7246,0,0,7246,0,0,0,0.0
11105,1777473118.9706163,decode,184,1853382,0.9498448940600549,1853198,184,3980.2372376056824,7248,0,0,7248,0,0,0,0.0
11106,1777473119.0086977,decode,184,1822955,0.934251276235146,1853382,184,3980.2372376056824,7250,0,0,7250,0,0,0,0.0
11107,1777473119.0458262,decode,184,1852955,0.9496260596428848,1853566,184,3980.2372376056824,7251,0,0,7251,3,0,0,0.0
11109,1777473119.1001582,decode,184,1853323,0.9498146569860197,1853139,184,3980.2372376056824,7250,0,0,7250,0,0,0,0.0
11110,1777473119.137856,decode,184,1853507,0.9499089556575872,1853323,184,3980.2372376056824,7252,0,0,7252,0,0,0,0.0
11111,1777473119.1754625,decode,184,1853691,0.9500032543291547,1853507,184,3980.2372376056824,7254,0,0,7254,0,0,0,0.0
11112,1777473119.2134311,decode,184,1843664,0.9448644892215081,1853691,184,3980.2372376056824,7255,0,0,7255,0,0,0,0.0
11113,1777473119.250862,decode,184,1853664,0.9499894170240877,1853875,184,3980.2372376056824,7257,0,0,7257,1,0,0,0.0
11115,1777473119.3056438,decode,184,1833632,0.9397231616499603,1853848,184,3980.2372376056824,7258,0,0,7258,0,0,0,0.0
11116,1777473119.3429034,decode,184,1853632,0.9499730172551194,1854032,184,3980.2372376056824,7260,0,0,7260,2,0,0,0.0
11118,1777473119.409938,decode,184,1854000,0.9501616145982543,1853816,184,3980.2372376056824,7261,0,0,7261,0,0,0,0.0
11119,1777473119.4468365,decode,184,1854184,0.9502559132698218,1854000,184,3980.2372376056824,7262,0,0,7262,0,0,0,0.0
11120,1777473119.4851108,decode,184,1854368,0.9503502119413892,1854184,184,3980.2372376056824,7264,0,0,7264,0,0,0,0.0
11121,1777473119.5222726,decode,184,1854552,0.9504445106129568,1854368,184,4168.209016637587,7265,0,0,7265,0,0,0,0.0
11122,1777473119.5596209,decode,184,1854736,0.9505388092845242,1854552,184,4168.209016637587,7267,0,0,7267,0,0,0,0.0
11123,1777473119.5971663,decode,184,1854920,0.9506331079560917,1854736,184,4168.209016637587,7268,0,0,7268,0,0,0,0.0
11124,1777473119.634865,decode,184,1855104,0.9507274066276591,1854920,184,4168.209016637587,7270,0,0,7270,0,0,0,0.0
11125,1777473119.6728082,decode,184,1845077,0.9455886415200125,1855104,184,4168.209016637587,7272,0,0,7272,0,0,0,0.0
11126,1777473119.710463,decode,184,1855077,0.9507135693225922,1855288,184,4168.209016637587,7273,0,0,7273,1,0,0,0.0
11128,1777473119.765325,decode,184,1824823,0.935208612748668,1855261,184,4168.209016637587,7275,0,0,7275,0,0,0,0.0
11129,1777473119.8024871,decode,184,1854823,0.9505833961564066,1855445,184,4168.209016637587,7276,0,0,7276,3,0,0,0.0
11131,1777473119.8574233,decode,184,1844991,0.9455445671409104,1855007,184,4168.209016637587,7275,0,0,7275,0,0,0,0.0
11132,1777473119.8948011,decode,184,1854991,0.95066949494349,1855191,184,4168.209016637587,7277,0,0,7277,1,0,0,0.0
11134,1777473119.9488978,decode,184,1855359,0.9508580922866249,1855175,184,4168.209016637587,7278,0,0,7278,0,0,0,0.0
11135,1777473119.9867706,decode,184,1855543,0.9509523909581924,1855359,184,4168.209016637587,7280,0,0,7280,0,0,0,0.0
11136,1777473120.0255313,decode,184,1855727,0.9510466896297598,1855543,184,4168.209016637587,7282,0,0,7282,0,0,0,0.0
11137,1777473120.0626407,decode,184,1855911,0.9511409883013273,1855727,184,4168.209016637587,7283,0,0,7283,0,0,0,0.0
11138,1777473120.0999393,decode,184,1856095,0.9512352869728947,1855911,184,4168.209016637587,7284,0,0,7284,0,0,0,0.0
11139,1777473120.137627,decode,184,1846068,0.9460965218652482,1856095,184,4168.209016637587,7286,0,0,7286,0,0,0,0.0
11140,1777473120.1750693,decode,184,1856068,0.9512214496678278,1856279,184,4168.209016637587,7288,0,0,7288,1,0,0,0.0
11142,1777473120.2330375,decode,184,1846225,0.9461769832317487,1856252,184,4168.209016637587,7289,0,0,7289,0,0,0,0.0
11143,1777473120.2700028,decode,184,1856225,0.9513019110343283,1856436,184,4168.209016637587,7291,0,0,7291,1,0,0,0.0
11145,1777473120.3242023,decode,184,1856593,0.9514905083774632,1856409,184,4168.209016637587,7292,0,0,7292,0,0,0,0.0
11146,1777473120.3616612,decode,184,1856777,0.9515848070490307,1856593,184,4168.209016637587,7293,0,0,7293,0,0,0,0.0
11147,1777473120.3993428,decode,184,1856961,0.9516791057205981,1856777,184,4168.209016637587,7295,0,0,7295,0,0,0,0.0
11148,1777473120.4369664,decode,184,1857145,0.9517734043921656,1856961,184,4168.209016637587,7297,0,0,7297,0,0,0,0.0
11149,1777473120.4746764,decode,184,1857329,0.9518677030637331,1857145,184,4168.209016637587,7298,0,0,7298,0,0,0,0.0
11150,1777473120.5124729,decode,184,1857513,0.9519620017353005,1857329,184,4168.209016637587,7300,0,0,7300,0,0,0,0.0
11151,1777473120.5502472,decode,184,1857697,0.9520563004068681,1857513,184,4168.209016637587,7302,0,0,7302,0,0,0,0.0
11152,1777473120.587789,decode,184,1857881,0.9521505990784355,1857697,184,4168.209016637587,7303,0,0,7303,0,0,0,0.0
11153,1777473120.6254888,decode,184,1858065,0.952244897750003,1857881,184,4168.209016637587,7305,0,0,7305,0,0,0,0.0
11154,1777473120.6631558,decode,184,1858249,0.9523391964215704,1858065,184,4168.209016637587,7306,0,0,7306,0,0,0,0.0
11155,1777473120.7009344,decode,184,1858433,0.9524334950931379,1858249,184,4168.209016637587,7308,0,0,7308,0,0,0,0.0
11156,1777473120.7386749,decode,184,1858617,0.9525277937647053,1858433,184,4168.209016637587,7310,0,0,7310,0,0,0,0.0
11157,1777473120.7763312,decode,184,1858801,0.9526220924362728,1858617,184,4168.209016637587,7311,0,0,7311,0,0,0,0.0
11158,1777473120.8141532,decode,184,1858985,0.9527163911078402,1858801,184,4168.209016637587,7313,0,0,7313,0,0,0,0.0
11159,1777473120.8519382,decode,184,1859169,0.9528106897794077,1858985,184,4168.209016637587,7314,0,0,7314,0,0,0,0.0
11160,1777473120.8899353,decode,184,1849153,0.947677562092344,1859169,184,4168.209016637587,7316,0,0,7316,0,0,0,0.0
11161,1777473120.9274867,decode,184,1849336,0.9477713482711312,1859353,183,4168.209016637587,7318,0,0,7318,0,0,0,0.0
11162,1777473120.9650936,decode,183,1849519,0.9478651344499185,1849336,183,4168.209016637587,7319,0,0,7319,0,0,0,0.0
11163,1777473121.0027657,decode,183,1849702,0.9479589206287057,1849519,183,4168.209016637587,7321,0,0,7321,0,0,0,0.0
11164,1777473121.0414665,decode,183,1849885,0.9480527068074929,1849702,183,4168.209016637587,7322,0,0,7322,0,0,0,0.0
11165,1777473121.0784838,decode,183,1850068,0.9481464929862801,1849885,183,4168.209016637587,7324,0,0,7324,0,0,0,0.0
11166,1777473121.115769,decode,183,1850251,0.9482402791650673,1850068,183,4615.6220812771135,7326,0,0,7326,0,0,0,0.0
11167,1777473121.1532218,decode,183,1850434,0.9483340653438544,1850251,183,4615.6220812771135,7327,0,0,7327,0,0,0,0.0
11168,1777473121.1912599,decode,183,1840406,0.9431947877434277,1850434,183,4615.6220812771135,7329,0,0,7329,0,0,0,0.0
11169,1777473121.2289357,decode,183,1850406,0.9483197155460072,1850617,183,4615.6220812771135,7330,0,0,7330,1,0,0,0.0
11171,1777473121.2833288,decode,183,1850772,0.9485072879035816,1850589,183,4615.6220812771135,7332,0,0,7332,0,0,0,0.0
11172,1777473121.324004,decode,183,1840755,0.9433736477237377,1850772,183,4615.6220812771135,7333,0,0,7333,0,0,0,0.0
11173,1777473121.3592687,decode,183,1850755,0.9484985755263172,1850955,183,4615.6220812771135,7335,0,0,7335,1,0,0,0.0
11175,1777473121.4142375,decode,183,1840910,0.9434530841046777,1850938,183,4615.6220812771135,7336,0,0,7336,0,0,0,0.0
11176,1777473121.451496,decode,183,1850910,0.9485780119072572,1851121,183,4615.6220812771135,7337,0,0,7337,1,0,0,0.0
11178,1777473121.5057664,decode,183,1851276,0.9487655842648317,1851093,183,4615.6220812771135,7338,0,0,7338,0,0,0,0.0
11179,1777473121.5435956,decode,183,1851459,0.9488593704436189,1851276,183,4615.6220812771135,7340,0,0,7340,0,0,0,0.0
11180,1777473121.581111,decode,183,1851642,0.9489531566224061,1851459,183,4615.6220812771135,7342,0,0,7342,0,0,0,0.0
11181,1777473121.6205592,decode,183,1851825,0.9490469428011933,1851642,183,4615.6220812771135,7343,0,0,7343,0,0,0,0.0
11182,1777473121.6569767,decode,183,1852008,0.9491407289799805,1851825,183,4615.6220812771135,7345,0,0,7345,0,0,0,0.0
11183,1777473121.6942518,decode,183,1852191,0.9492345151587677,1852008,183,4615.6220812771135,7346,0,0,7346,0,0,0,0.0
11184,1777473121.7319677,decode,183,1852374,0.9493283013375549,1852191,183,4615.6220812771135,7348,0,0,7348,0,0,0,0.0
11185,1777473121.769816,decode,183,1842357,0.9441946611577109,1852374,183,4615.6220812771135,7350,0,0,7350,0,0,0,0.0
11186,1777473121.8070545,decode,183,1852357,0.9493195889602906,1852557,183,4615.6220812771135,7351,0,0,7351,1,0,0,0.0
11188,1777473121.864931,decode,183,1822101,0.9338136074008058,1852540,183,4615.6220812771135,7353,0,0,7353,0,0,0,0.0
11189,1777473121.9019248,decode,183,1852101,0.9491883908085444,1852723,183,4615.6220812771135,7354,0,0,7354,3,0,0,0.0
11191,1777473121.956998,decode,183,1842267,0.9441485368074877,1852284,183,4615.6220812771135,7354,0,0,7354,0,0,0,0.0
11192,1777473121.994284,decode,183,1852267,0.9492734646100673,1852467,183,4615.6220812771135,7355,0,0,7355,1,0,0,0.0
11194,1777473122.0490954,decode,183,1811800,0.9285344192713685,1852450,183,4615.6220812771135,7356,0,0,7356,0,0,0,0.0
11195,1777473122.087048,decode,183,1851800,0.9490341304816868,1852633,183,4615.6220812771135,7358,0,0,7358,4,0,0,0.0
11197,1777473122.1469579,decode,183,1831766,0.9387668501219989,1851983,183,4615.6220812771135,7356,0,0,7356,0,0,0,0.0
11198,1777473122.181754,decode,183,1851766,0.949016705727158,1852166,183,4615.6220812771135,7358,0,0,7358,2,0,0,0.0
11200,1777473122.2364752,decode,183,1852132,0.9492042780847325,1851949,183,4615.6220812771135,7358,0,0,7358,0,0,0,0.0
11201,1777473122.2743468,decode,183,1831904,0.9388375741256745,1852132,183,4615.6220812771135,7360,0,0,7360,0,0,0,0.0
11202,1777473122.3115468,decode,183,1851904,0.9490874297308337,1852315,183,4615.6220812771135,7361,0,0,7361,2,0,0,0.0
11204,1777473122.366392,decode,183,1831870,0.9388201493711458,1852087,183,4615.6220812771135,7361,0,0,7361,0,0,0,0.0
11205,1777473122.4038608,decode,183,1851870,0.9490700049763049,1852270,183,4615.6220812771135,7363,0,0,7363,2,0,0,0.0
11207,1777473122.458837,decode,183,1831825,0.9387970871960342,1852053,183,4615.6220812771135,7363,0,0,7363,0,0,0,0.0
11208,1777473122.4962296,decode,183,1851825,0.9490469428011933,1852236,183,4615.6220812771135,7365,0,0,7365,2,0,0,0.0
11210,1777473122.5515585,decode,183,1801158,0.9230804711038634,1852008,183,4615.6220812771135,7365,0,0,7365,0,0,0,0.0
11211,1777473122.5887344,decode,183,1851158,0.9487051101167613,1852191,183,4615.6220812771135,7367,0,0,7367,5,0,0,0.0
11213,1777473122.6435957,decode,183,1841324,0.9436652561157045,1851341,183,4615.6220812771135,7364,0,0,7364,0,0,0,0.0
11214,1777473122.6807928,decode,183,1851324,0.9487901839182841,1851524,183,4615.6220812771135,7366,0,0,7366,1,0,0,0.0
11216,1777473122.7348886,decode,183,1851690,0.9489777562758585,1851507,183,4615.6220812771135,7367,0,0,7367,0,0,0,0.0
11217,1777473122.7723527,decode,183,1851873,0.9490715424546456,1851690,183,4615.6220812771135,7369,0,0,7369,0,0,0,0.0
11218,1777473122.8099303,decode,183,1852056,0.9491653286334328,1851873,183,4615.6220812771135,7370,0,0,7370,0,0,0,0.0
11219,1777473122.8482087,decode,183,1811417,0.9283381345365297,1852056,183,4225.259623079555,7372,0,0,7372,0,0,0,0.0
11220,1777473122.885477,decode,183,1851417,0.948837845746848,1852239,183,4225.259623079555,7373,0,0,7373,4,0,0,0.0
11222,1777473122.9400458,decode,183,1851783,0.9490254181044224,1851600,183,4225.259623079555,7372,0,0,7372,0,0,0,0.0
11223,1777473122.9777923,decode,183,1851966,0.9491192042832096,1851783,183,4225.259623079555,7373,0,0,7373,0,0,0,0.0
11224,1777473123.0157752,decode,183,1831727,0.9387468629035688,1851966,183,4225.259623079555,7375,0,0,7375,0,0,0,0.0
11225,1777473123.0530472,decode,183,1851727,0.948996718508728,1852149,183,4225.259623079555,7377,0,0,7377,2,0,0,0.0
11227,1777473123.1075332,decode,183,1841893,0.9439568645076712,1851910,183,4225.259623079555,7377,0,0,7377,0,0,0,0.0
11228,1777473123.1449585,decode,183,1851893,0.9490817923102508,1852093,183,4225.259623079555,7379,0,0,7379,1,0,0,0.0
11230,1777473123.1986864,decode,183,1852259,0.9492693646678252,1852076,183,4225.259623079555,7380,0,0,7380,0,0,0,0.0
11231,1777473123.2363832,decode,183,1852442,0.9493631508466125,1852259,183,4225.259623079555,7381,0,0,7381,0,0,0,0.0
11232,1777473123.2764192,decode,183,1852625,0.9494569370253997,1852442,183,4225.259623079555,7383,0,0,7383,0,0,0,0.0
11233,1777473123.3128448,decode,183,1822186,0.9338571692871277,1852625,183,4225.259623079555,7384,0,0,7384,0,0,0,0.0
11234,1777473123.3496163,decode,183,1852186,0.9492319526948664,1852808,183,4225.259623079555,7386,0,0,7386,3,0,0,0.0
11236,1777473123.4051697,decode,183,1811741,0.9285041821973333,1852369,183,4225.259623079555,7385,0,0,7385,0,0,0,0.0
11237,1777473123.4427493,decode,183,1851741,0.9490038934076516,1852552,183,4225.259623079555,7387,0,0,7387,4,0,0,0.0
11239,1777473123.4980152,decode,183,1831685,0.938725338206798,1851924,183,4225.259623079555,7385,0,0,7385,0,0,0,0.0
11240,1777473123.535247,decode,183,1851685,0.9489751938119572,1852107,183,4225.259623079555,7387,0,0,7387,2,0,0,0.0
11242,1777473123.5897846,decode,183,1821451,0.9334804870936381,1851868,183,4225.259623079555,7387,0,0,7387,0,0,0,0.0
11243,1777473123.6270342,decode,183,1851451,0.9488552705013769,1852051,183,4225.259623079555,7389,0,0,7389,3,0,0,0.0
11245,1777473123.6811903,decode,183,1851817,0.9490428428589512,1851634,183,4225.259623079555,7388,0,0,7388,0,0,0,0.0
11246,1777473123.7191145,decode,183,1831600,0.9386817763204761,1851817,183,4225.259623079555,7390,0,0,7390,0,0,0,0.0
11247,1777473123.7563956,decode,183,1851600,0.9489316319256352,1852000,183,4225.259623079555,7391,0,0,7391,2,0,0,0.0
11249,1777473123.8107233,decode,183,1851966,0.9491192042832096,1851783,183,4225.259623079555,7392,0,0,7392,0,0,0,0.0
11250,1777473123.8483171,decode,183,1852149,0.9492129904619969,1851966,183,4225.259623079555,7393,0,0,7393,0,0,0,0.0
11251,1777473123.88627,decode,183,1831910,0.9388406490823561,1852149,183,4225.259623079555,7395,0,0,7395,0,0,0,0.0
11252,1777473123.9241087,decode,183,1851910,0.9490905046875152,1852332,183,4225.259623079555,7396,0,0,7396,2,0,0,0.0
11254,1777473123.9794087,decode,183,1821676,0.9335957979691961,1852093,183,4225.259623079555,7397,0,0,7397,0,0,0,0.0
11255,1777473124.0165985,decode,183,1851676,0.9489705813769349,1852276,183,4225.259623079555,7398,0,0,7398,3,0,0,0.0
11257,1777473124.0713654,decode,183,1831642,0.938703301017247,1851859,183,4225.259623079555,7398,0,0,7398,0,0,0,0.0
11258,1777473124.108743,decode,183,1851642,0.9489531566224061,1852042,183,4225.259623079555,7399,0,0,7399,2,0,0,0.0
11260,1777473124.1630197,decode,183,1852008,0.9491407289799805,1851825,183,4225.259623079555,7400,0,0,7400,0,0,0,0.0
11261,1777473124.2026389,decode,183,1831780,0.9387740250209226,1852008,183,4225.259623079555,7401,0,0,7401,0,0,0,0.0
11262,1777473124.2388735,decode,183,1851780,0.9490238806260817,1852191,183,4225.259623079555,7403,0,0,7403,2,0,0,0.0
11264,1777473124.2940805,decode,183,1821524,0.9335178990665969,1851963,183,4225.259623079555,7403,0,0,7403,0,0,0,0.0
11265,1777473124.3312297,decode,183,1851524,0.9488926824743357,1852146,183,4225.259623079555,7405,0,0,7405,3,0,0,0.0
11267,1777473124.385874,decode,183,1831490,0.9386254021146477,1851707,183,4225.259623079555,7404,0,0,7404,0,0,0,0.0
11268,1777473124.423218,decode,183,1851490,0.9488752577198069,1851890,183,4225.259623079555,7406,0,0,7406,2,0,0,0.0
11270,1777473124.4788508,decode,183,1821245,0.933374913580905,1851673,183,4225.259623079555,7406,0,0,7406,0,0,0,0.0
11271,1777473124.515578,decode,183,1851245,0.9487496969886436,1851856,183,4225.259623079555,7407,0,0,7407,3,0,0,0.0
11273,1777473124.5706108,decode,183,1841411,0.9437098429875869,1851428,183,4225.259623079555,7406,0,0,7406,0,0,0,0.0
11274,1777473124.6077588,decode,183,1851411,0.9488347707901665,1851611,183,4160.1488652369135,7408,0,0,7408,1,0,0,0.0
11276,1777473124.661759,decode,183,1851777,0.9490223431477409,1851594,183,4160.1488652369135,7409,0,0,7409,0,0,0,0.0
11277,1777473124.6999536,decode,183,1811138,0.9281951490508378,1851777,183,4160.1488652369135,7411,0,0,7411,0,0,0,0.0
11278,1777473124.738293,decode,183,1851138,0.9486948602611561,1851960,183,4160.1488652369135,7412,0,0,7412,4,0,0,0.0
11280,1777473124.8025863,decode,183,1831093,0.9384219424808853,1851321,183,4160.1488652369135,7409,0,0,7409,0,0,0,0.0
11281,1777473124.8405032,decode,183,1851093,0.9486717980860445,1851504,183,4160.1488652369135,7409,0,0,7409,2,0,0,0.0
11283,1777473124.8916516,decode,183,1851459,0.9488593704436189,1851276,183,4160.1488652369135,7407,0,0,7407,0,0,0,0.0
11284,1777473124.9295099,decode,183,1851642,0.9489531566224061,1851459,183,4160.1488652369135,7407,0,0,7407,0,0,0,0.0
11285,1777473124.96813,decode,183,1851825,0.9490469428011933,1851642,183,4160.1488652369135,7407,0,0,7407,0,0,0,0.0
11286,1777473125.0055375,decode,183,1852008,0.9491407289799805,1851825,183,4160.1488652369135,7407,0,0,7407,0,0,0,0.0
11287,1777473125.0438018,decode,183,1821558,0.9335353238211257,1852008,183,4160.1488652369135,7407,0,0,7407,0,0,0,0.0
11288,1777473125.0806446,decode,183,1851558,0.9489101072288644,1852191,183,4160.1488652369135,7407,0,0,7407,3,0,0,0.0
11290,1777473125.1328857,decode,183,1851924,0.9490976795864389,1851741,183,4160.1488652369135,7404,0,0,7404,0,0,0,0.0
11291,1777473125.1715403,decode,183,1750063,0.896894652496583,1851924,183,4160.1488652369135,7404,0,0,7404,0,0,0,0.0
11292,1777473125.2079716,decode,183,1850063,0.9481439305223788,1852107,183,4160.1488652369135,7404,0,0,7404,10,0,0,0.0
11294,1777473125.2608845,decode,183,1809607,0.9274105226042628,1850246,183,4160.1488652369135,7394,0,0,7394,0,0,0,0.0
11295,1777473125.2976823,decode,183,1849607,0.9479102338145812,1850429,183,4160.1488652369135,7394,0,0,7394,4,0,0,0.0
11297,1777473125.3503346,decode,183,1829562,0.9376373160343103,1849790,183,4160.1488652369135,7390,0,0,7390,0,0,0,0.0
11298,1777473125.3875103,decode,183,1849562,0.9478871716394696,1849973,183,4160.1488652369135,7390,0,0,7390,2,0,0,0.0
11300,1777473125.4397855,decode,183,1839717,0.9428416802178299,1849745,183,4160.1488652369135,7388,0,0,7388,0,0,0,0.0
11301,1777473125.476831,decode,183,1849717,0.9479666080204096,1849928,183,4160.1488652369135,7388,0,0,7388,1,0,0,0.0
11303,1777473125.529232,decode,183,1839872,0.9429211165987699,1849900,183,4160.1488652369135,7387,0,0,7387,0,0,0,0.0
11304,1777473125.566123,decode,183,1849872,0.9480460444013495,1850083,183,4160.1488652369135,7387,0,0,7387,1,0,0,0.0
11306,1777473125.618003,decode,183,1850238,0.9482336167589239,1850055,183,4160.1488652369135,7386,0,0,7386,0,0,0,0.0
11307,1777473125.6565268,decode,183,1768788,0.9064910798069132,1850238,183,4160.1488652369135,7386,0,0,7386,0,0,0,0.0
11308,1777473125.693401,decode,183,1848788,0.9474905022275498,1850421,183,4160.1488652369135,7386,0,0,7386,8,0,0,0.0
11310,1777473125.7460198,decode,183,1818521,0.9319788832474822,1848971,183,4160.1488652369135,7378,0,0,7378,0,0,0,0.0
11311,1777473125.7829459,decode,183,1848521,0.947353666655221,1849154,183,4160.1488652369135,7378,0,0,7378,3,0,0,0.0
11313,1777473125.8355563,decode,183,1808065,0.9266202587371051,1848704,183,4160.1488652369135,7375,0,0,7375,0,0,0,0.0
11314,1777473125.8721497,decode,183,1848065,0.9471199699474233,1848887,183,4160.1488652369135,7375,0,0,7375,4,0,0,0.0
11316,1777473125.9245832,decode,183,1828020,0.9368470521671526,1848248,183,4160.1488652369135,7371,0,0,7371,0,0,0,0.0
11317,1777473125.9614632,decode,183,1848020,0.9470969077723117,1848431,183,4160.1488652369135,7371,0,0,7371,2,0,0,0.0
11319,1777473126.0137749,decode,183,1827975,0.936823989992041,1848203,183,4160.1488652369135,7369,0,0,7369,0,0,0,0.0
11320,1777473126.0505972,decode,183,1847975,0.9470738455972002,1848386,183,4160.1488652369135,7369,0,0,7369,2,0,0,0.0
11322,1777473126.1022494,decode,183,1848341,0.9472614179547746,1848158,183,4160.1488652369135,7367,0,0,7367,0,0,0,0.0
11323,1777473126.1411555,decode,183,1746513,0.8950753031266672,1848341,183,4160.1488652369135,7367,0,0,7367,0,0,0,0.0
11324,1777473126.1775143,decode,183,1846513,0.946324581152463,1848524,183,4160.1488652369135,7367,0,0,7367,10,0,0,0.0
11326,1777473126.2299628,decode,183,1836276,0.9410781925609623,1846696,183,4160.1488652369135,7357,0,0,7357,1,0,0,0.0
11329,1777473126.2946434,decode,183,1856459,0.9514218343449087,1846459,183,4160.1488652369135,7355,0,0,7355,1,0,0,0.0
11331,1777473126.3481193,decode,184,1826216,0.9359225151915672,1856643,184,4160.1488652369135,7354,0,0,7354,0,0,0,0.0
11332,1777473126.3848126,decode,184,1846216,0.9461723707967264,1856827,184,4120.338283760423,7354,0,0,7354,2,0,0,0.0
11334,1777473126.4385076,decode,183,1846200,0.9461641709122423,1846399,183,4120.338283760423,7352,0,0,7352,1,0,0,0.0
11337,1777473126.5061674,decode,184,1856568,0.9514776960579567,1856384,184,4120.338283760423,7350,0,0,7350,0,0,0,0.0
11338,1777473126.5437899,decode,184,1856752,0.9515719947295243,1856568,184,4120.338283760423,7350,0,0,7350,0,0,0,0.0
11339,1777473126.5814052,decode,184,1856936,0.9516662934010918,1856752,184,4120.338283760423,7350,0,0,7350,0,0,0,0.0
11340,1777473126.619352,decode,184,1857120,0.9517605920726592,1856936,184,4120.338283760423,7350,0,0,7350,0,0,0,0.0
11341,1777473126.6585991,decode,184,1704227,0.8734040334206792,1857120,184,4120.338283760423,7350,0,0,7350,0,0,0,0.0
11342,1777473126.7009504,decode,184,1823818,0.9346935575045087,1857304,184,4120.338283760423,7350,0,0,7350,14,0,0,0.0
11345,1777473126.7704816,decode,183,1854001,0.9501621270910346,1844001,183,4120.338283760423,7334,0,0,7334,1,0,0,0.0
11347,1777473126.8267834,decode,184,1844169,0.9451232980755384,1854185,184,4120.338283760423,7333,0,0,7333,0,0,0,0.0
11348,1777473126.863915,decode,184,1854169,0.950248225878118,1854369,184,4120.338283760423,7333,0,0,7333,1,0,0,0.0
11350,1777473126.9178808,decode,184,1854537,0.9504368232212529,1854353,184,4120.338283760423,7332,0,0,7332,0,0,0,0.0
11351,1777473126.9542105,decode,184,1854721,0.9505311218928203,1854537,184,4120.338283760423,7332,0,0,7332,0,0,0,0.0
11352,1777473126.9924667,decode,184,1854905,0.9506254205643878,1854721,184,4120.338283760423,7332,0,0,7332,0,0,0,0.0
11353,1777473127.0302851,decode,184,1855089,0.9507197192359552,1854905,184,4120.338283760423,7332,0,0,7332,0,0,0,0.0
11354,1777473127.0665398,decode,184,1855273,0.9508140179075227,1855089,184,4120.338283760423,7332,0,0,7332,0,0,0,0.0
11355,1777473127.1046562,decode,184,1855457,0.9509083165790901,1855273,184,4120.338283760423,7332,0,0,7332,0,0,0,0.0
11356,1777473127.142676,decode,184,1753586,0.8987001645614318,1855457,184,4120.338283760423,7332,0,0,7332,0,0,0,0.0
11357,1777473127.1794772,decode,184,1833387,0.9395976009187971,1855641,184,4120.338283760423,7333,0,0,7333,9,0,0,0.0
11360,1777473127.2507699,decode,183,1853570,0.9499412427027434,1843570,183,4120.338283760423,7326,0,0,7326,1,0,0,0.0
11362,1777473127.3066828,decode,184,1833516,0.9396637124874503,1853754,184,4120.338283760423,7328,0,0,7328,0,0,0,0.0
11363,1777473127.3441696,decode,184,1853516,0.9499135680926095,1853938,184,4120.338283760423,7329,0,0,7329,2,0,0,0.0
11365,1777473127.3993182,decode,184,1843673,0.9448691016565304,1853700,184,4120.338283760423,7330,0,0,7330,0,0,0,0.0
11366,1777473127.4367707,decode,184,1853673,0.94999402945911,1853884,184,4120.338283760423,7331,0,0,7331,1,0,0,0.0
11368,1777473127.4914482,decode,184,1813219,0.9292616465265545,1853857,184,4120.338283760423,7332,0,0,7332,0,0,0,0.0
11369,1777473127.5290494,decode,184,1853219,0.9497613577368729,1854041,184,4120.338283760423,7334,0,0,7334,4,0,0,0.0
11371,1777473127.5835958,decode,184,1853587,0.9499499550800078,1853403,184,4120.338283760423,7332,0,0,7332,0,0,0,0.0
11372,1777473127.6215334,decode,184,1853771,0.9500442537515753,1853587,184,4120.338283760423,7334,0,0,7334,0,0,0,0.0
11373,1777473127.6597593,decode,184,1802911,0.9239788709476555,1853771,184,4120.338283760423,7336,0,0,7336,0,0,0,0.0
11374,1777473127.6969001,decode,184,1852911,0.9496035099605534,1853955,184,4120.338283760423,7337,0,0,7337,5,0,0,0.0
11376,1777473127.7512589,decode,184,1853279,0.9497921073036883,1853095,184,4120.338283760423,7334,0,0,7334,0,0,0,0.0
11377,1777473127.7890322,decode,184,1853463,0.9498864059752559,1853279,184,4120.338283760423,7336,0,0,7336,0,0,0,0.0
11378,1777473127.8266387,decode,184,1853647,0.9499807046468233,1853463,184,4120.338283760423,7338,0,0,7338,0,0,0,0.0
11379,1777473127.8645957,decode,184,1843631,0.9448475769597596,1853647,184,4120.338283760423,7339,0,0,7339,0,0,0,0.0
11380,1777473127.9018295,decode,184,1853631,0.9499725047623392,1853831,184,4120.338283760423,7341,0,0,7341,1,0,0,0.0
11382,1777473127.956315,decode,184,1823366,0.934461910767832,1853815,184,4120.338283760423,7342,0,0,7342,0,0,0,0.0
11383,1777473127.993395,decode,184,1853366,0.9498366941755708,1853999,184,4120.338283760423,7344,0,0,7344,3,0,0,0.0
11385,1777473128.0473225,decode,184,1853734,0.9500252915187057,1853550,184,4120.338283760423,7343,0,0,7343,0,0,0,0.0
11386,1777473128.0850468,decode,184,1853918,0.9501195901902731,1853734,184,4120.338283760423,7345,0,0,7345,0,0,0,0.0
11387,1777473128.1230574,decode,184,1833680,0.9397477613034126,1853918,184,4120.338283760423,7346,0,0,7346,0,0,0,0.0
11388,1777473128.1606922,decode,184,1853680,0.9499976169085718,1854102,184,4142.702777407088,7348,0,0,7348,2,0,0,0.0
11390,1777473128.2147686,decode,184,1854048,0.9501862142517067,1853864,184,4142.702777407088,7348,0,0,7348,0,0,0,0.0
11391,1777473128.2523477,decode,184,1854232,0.9502805129232742,1854048,184,4142.702777407088,7350,0,0,7350,0,0,0,0.0
11392,1777473128.2900383,decode,184,1854416,0.9503748115948416,1854232,184,4142.702777407088,7351,0,0,7351,0,0,0,0.0
11393,1777473128.3278866,decode,184,1854600,0.9504691102664091,1854416,184,4142.702777407088,7353,0,0,7353,0,0,0,0.0
11394,1777473128.3654885,decode,184,1854784,0.9505634089379766,1854600,184,4142.702777407088,7354,0,0,7354,0,0,0,0.0
11395,1777473128.4039168,decode,184,1824346,0.9349641536924849,1854784,184,4142.702777407088,7356,0,0,7356,0,0,0,0.0
11396,1777473128.4408414,decode,184,1854346,0.9503389371002235,1854968,184,4142.702777407088,7358,0,0,7358,3,0,0,0.0
11398,1777473128.4952176,decode,184,1854714,0.9505275344433586,1854530,184,4142.702777407088,7357,0,0,7357,0,0,0,0.0
11399,1777473128.532748,decode,184,1854898,0.950621833114926,1854714,184,4142.702777407088,7359,0,0,7359,0,0,0,0.0
11400,1777473128.5703862,decode,184,1855082,0.9507161317864935,1854898,184,4142.702777407088,7360,0,0,7360,0,0,0,0.0
11401,1777473128.676058,decode,184,1855266,0.9508104304580609,1855082,184,4142.702777407088,7362,0,0,7362,0,0,0,0.0
11402,1777473128.7106438,decode,184,1855450,0.9509047291296284,1855266,184,4142.702777407088,7366,0,0,7366,0,0,0,0.0
11403,1777473128.7476587,decode,184,1855634,0.9509990278011958,1855450,184,4142.702777407088,7367,0,0,7367,0,0,0,0.0
11404,1777473128.7853727,decode,184,1855818,0.9510933264727633,1855634,184,4142.702777407088,7369,0,0,7369,0,0,0,0.0
11405,1777473128.823232,decode,184,1835591,0.9407271350064856,1855818,184,4142.702777407088,7370,0,0,7370,0,0,0,0.0
11406,1777473128.860746,decode,184,1855591,0.9509769906116448,1856002,184,4142.702777407088,7372,0,0,7372,2,0,0,0.0
11408,1777473128.915447,decode,184,1825337,0.9354720340377205,1855775,184,4142.702777407088,7372,0,0,7372,0,0,0,0.0
11409,1777473128.9525719,decode,184,1855337,0.9508468174454593,1855959,184,4142.702777407088,7374,0,0,7374,3,0,0,0.0
11411,1777473129.0069392,decode,184,1845494,0.9458023510093801,1855521,184,4142.702777407088,7373,0,0,7373,0,0,0,0.0
11412,1777473129.0442917,decode,184,1855494,0.9509272788119597,1855705,184,4142.702777407088,7375,0,0,7375,1,0,0,0.0
11414,1777473129.0981712,decode,184,1855862,0.9511158761550946,1855678,184,4142.702777407088,7376,0,0,7376,0,0,0,0.0
11415,1777473129.1357746,decode,184,1856046,0.9512101748266621,1855862,184,4142.702777407088,7377,0,0,7377,0,0,0,0.0
11416,1777473129.1736825,decode,184,1856230,0.9513044734982296,1856046,184,4142.702777407088,7379,0,0,7379,0,0,0,0.0
11417,1777473129.2112205,decode,184,1856414,0.9513987721697971,1856230,184,4142.702777407088,7381,0,0,7381,0,0,0,0.0
11418,1777473129.2488053,decode,184,1856598,0.9514930708413645,1856414,184,4142.702777407088,7382,0,0,7382,0,0,0,0.0
11419,1777473129.2864373,decode,184,1856782,0.951587369512932,1856598,184,4142.702777407088,7384,0,0,7384,0,0,0,0.0
11420,1777473129.3241518,decode,184,1856966,0.9516816681844994,1856782,184,4142.702777407088,7385,0,0,7385,0,0,0,0.0
11421,1777473129.3618333,decode,184,1857150,0.9517759668560669,1856966,184,4142.702777407088,7387,0,0,7387,0,0,0,0.0
11422,1777473129.3995738,decode,184,1857334,0.9518702655276344,1857150,184,4142.702777407088,7389,0,0,7389,0,0,0,0.0
11423,1777473129.4375944,decode,184,1857518,0.9519645641992018,1857334,184,4142.702777407088,7390,0,0,7390,0,0,0,0.0
11424,1777473129.4759448,decode,184,1857702,0.9520588628707694,1857518,184,4142.702777407088,7392,0,0,7392,0,0,0,0.0
11425,1777473129.5147362,decode,184,1857886,0.9521531615423368,1857702,184,4142.702777407088,7394,0,0,7394,0,0,0,0.0
11426,1777473129.5511293,decode,184,1858070,0.9522474602139043,1857886,184,4142.702777407088,7395,0,0,7395,0,0,0,0.0
11427,1777473129.5882957,decode,184,1858254,0.9523417588854717,1858070,184,4142.702777407088,7397,0,0,7397,0,0,0,0.0
11428,1777473129.6258092,decode,184,1858438,0.9524360575570392,1858254,184,4142.702777407088,7398,0,0,7398,0,0,0,0.0
11429,1777473129.6634233,decode,184,1858622,0.9525303562286066,1858438,184,4142.702777407088,7400,0,0,7400,0,0,0,0.0
11430,1777473129.701354,decode,184,1858806,0.9526246549001741,1858622,184,4142.702777407088,7401,0,0,7401,0,0,0,0.0
11431,1777473129.740359,decode,184,1858990,0.9527189535717415,1858806,184,4142.702777407088,7403,0,0,7403,0,0,0,0.0
11432,1777473129.777325,decode,184,1859174,0.952813252243309,1858990,184,4142.702777407088,7405,0,0,7405,0,0,0,0.0
11433,1777473129.81529,decode,184,1859358,0.9529075509148764,1859174,184,4448.239481186106,7406,0,0,7406,0,0,0,0.0
11434,1777473129.8524718,decode,184,1859542,0.953001849586444,1859358,184,4448.239481186106,7408,0,0,7408,0,0,0,0.0
11435,1777473129.8908567,decode,184,1849526,0.9478687218993802,1859542,184,4448.239481186106,7409,0,0,7409,0,0,0,0.0
11436,1777473129.9284008,decode,184,1849709,0.9479625080781674,1859726,183,4448.239481186106,7411,0,0,7411,0,0,0,0.0
11437,1777473129.9673917,decode,183,1849892,0.9480562942569547,1849709,183,4448.239481186106,7412,0,0,7412,0,0,0,0.0
11438,1777473130.0044997,decode,183,1839875,0.9429226540771107,1849892,183,4448.239481186106,7414,0,0,7414,0,0,0,0.0
11439,1777473130.0434396,decode,183,1849875,0.9480475818796903,1850075,183,4448.239481186106,7415,0,0,7415,1,0,0,0.0
11441,1777473130.1000998,decode,183,1840041,0.9430077278786335,1850058,183,4448.239481186106,7417,0,0,7417,0,0,0,0.0
11442,1777473130.1377692,decode,183,1850041,0.9481326556812131,1850241,183,4448.239481186106,7418,0,0,7418,1,0,0,0.0
11444,1777473130.195787,decode,183,1850407,0.9483202280387875,1850224,183,4448.239481186106,7420,0,0,7420,0,0,0,0.0
11445,1777473130.2338636,decode,183,1850590,0.9484140142175748,1850407,183,4448.239481186106,7421,0,0,7421,0,0,0,0.0
11446,1777473130.2695496,decode,183,1850773,0.948507800396362,1850590,183,4448.239481186106,7423,0,0,7423,0,0,0,0.0
11447,1777473130.3074508,decode,183,1850956,0.9486015865751491,1850773,183,4448.239481186106,7424,0,0,7424,0,0,0,0.0
11448,1777473130.344756,decode,183,1851139,0.9486953727539363,1850956,183,4448.239481186106,7426,0,0,7426,0,0,0,0.0
11449,1777473130.3834522,decode,183,1851322,0.9487891589327235,1851139,183,4448.239481186106,7427,0,0,7427,0,0,0,0.0
11450,1777473130.4212244,decode,183,1851505,0.9488829451115107,1851322,183,4448.239481186106,7429,0,0,7429,0,0,0,0.0
11451,1777473130.4582326,decode,183,1841488,0.9437493049316668,1851505,183,4448.239481186106,7430,0,0,7430,0,0,0,0.0
11452,1777473130.4951746,decode,183,1851488,0.9488742327342463,1851688,183,4448.239481186106,7432,0,0,7432,1,0,0,0.0
11454,1777473130.550833,decode,183,1841654,0.9438343787331896,1851671,183,4448.239481186106,7433,0,0,7433,0,0,0,0.0
11455,1777473130.5879397,decode,183,1851654,0.9489593065357692,1851854,183,4448.239481186106,7434,0,0,7434,1,0,0,0.0
11457,1777473130.6428993,decode,183,1841820,0.9439194525347124,1851837,183,4448.239481186106,7436,0,0,7436,0,0,0,0.0
11458,1777473130.6802022,decode,183,1851820,0.949044380337292,1852020,183,4448.239481186106,7437,0,0,7437,1,0,0,0.0
11460,1777473130.7367885,decode,183,1821586,0.9335496736189729,1852003,183,4448.239481186106,7439,0,0,7439,0,0,0,0.0
11461,1777473130.7738507,decode,183,1851586,0.9489244570267117,1852186,183,4448.239481186106,7440,0,0,7440,3,0,0,0.0
11463,1777473130.8309731,decode,183,1831552,0.9386571766670238,1851769,183,4448.239481186106,7439,0,0,7439,0,0,0,0.0
11464,1777473130.868671,decode,183,1851552,0.9489070322721829,1851952,183,4448.239481186106,7441,0,0,7441,2,0,0,0.0
11466,1777473130.9248054,decode,183,1851918,0.9490946046297573,1851735,183,4448.239481186106,7441,0,0,7441,0,0,0,0.0
11467,1777473130.9635408,decode,183,1831701,0.9387335380912821,1851918,183,4448.239481186106,7443,0,0,7443,0,0,0,0.0
11468,1777473131.0006275,decode,183,1851701,0.9489833936964412,1852101,183,4448.239481186106,7444,0,0,7444,2,0,0,0.0
11470,1777473131.05853,decode,183,1831645,0.9387048384955877,1851884,183,4448.239481186106,7445,0,0,7445,0,0,0,0.0
11471,1777473131.0971062,decode,183,1851645,0.9489546941007468,1852067,183,4448.239481186106,7446,0,0,7446,2,0,0,0.0
11473,1777473131.153095,decode,183,1841811,0.9439148400996901,1851828,183,4448.239481186106,7447,0,0,7447,0,0,0,0.0
11474,1777473131.1908355,decode,183,1851811,0.9490397679022696,1852011,183,4448.239481186106,7448,0,0,7448,1,0,0,0.0
11476,1777473131.2462382,decode,183,1821566,0.9335394237633677,1851994,183,4448.239481186106,7450,0,0,7450,0,0,0,0.0
11477,1777473131.2847357,decode,183,1851566,0.9489142071711065,1852177,183,4448.239481186106,7451,0,0,7451,3,0,0,0.0
11479,1777473131.342381,decode,183,1841732,0.9438743531700498,1851749,183,4448.239481186106,7451,0,0,7451,0,0,0,0.0
11480,1777473131.3793955,decode,183,1851732,0.9489992809726293,1851932,183,4448.239481186106,7452,0,0,7452,1,0,0,0.0
11482,1777473131.4360828,decode,183,1852098,0.9491868533302037,1851915,183,4448.239481186106,7453,0,0,7453,0,0,0,0.0
11483,1777473131.473243,decode,183,1852281,0.9492806395089909,1852098,183,4448.239481186106,7455,0,0,7455,0,0,0,0.0
11484,1777473131.5108402,decode,183,1852464,0.9493744256877781,1852281,183,4448.239481186106,7457,0,0,7457,0,0,0,0.0
11485,1777473131.5501232,decode,183,1822025,0.9337746579495061,1852464,183,4221.15695818774,7458,0,0,7458,0,0,0,0.0
11486,1777473131.5867338,decode,183,1852025,0.9491494413572449,1852647,183,4221.15695818774,7460,0,0,7460,3,0,0,0.0
11488,1777473131.64401,decode,183,1842180,0.9441039499356053,1852208,183,4221.15695818774,7459,0,0,7459,0,0,0,0.0
11489,1777473131.6811724,decode,183,1852180,0.9492288777381849,1852391,183,4221.15695818774,7460,0,0,7460,1,0,0,0.0
11491,1777473131.738468,decode,183,1801513,0.9232624060408549,1852363,183,4221.15695818774,7462,0,0,7462,0,0,0,0.0
11492,1777473131.7751348,decode,183,1851513,0.9488870450537528,1852546,183,4221.15695818774,7463,0,0,7463,5,0,0,0.0
11494,1777473131.8325994,decode,183,1841679,0.9438471910526961,1851696,183,4221.15695818774,7461,0,0,7461,0,0,0,0.0
11495,1777473131.8697302,decode,183,1851679,0.9489721188552757,1851879,183,4221.15695818774,7462,0,0,7462,1,0,0,0.0
11497,1777473131.9268572,decode,183,1852045,0.94915969121285,1851862,183,4221.15695818774,7463,0,0,7463,0,0,0,0.0
11498,1777473131.9639895,decode,183,1852228,0.9492534773916372,1852045,183,4221.15695818774,7465,0,0,7465,0,0,0,0.0
11499,1777473132.0021365,decode,183,1852411,0.9493472635704244,1852228,183,4221.15695818774,7466,0,0,7466,0,0,0,0.0
11500,1777473132.0401676,decode,183,1811761,0.9285144320529385,1852411,183,4221.15695818774,7468,0,0,7468,0,0,0,0.0
11501,1777473132.0778654,decode,183,1851761,0.9490141432632567,1852594,183,4221.15695818774,7469,0,0,7469,4,0,0,0.0
11503,1777473132.1355565,decode,183,1831727,0.9387468629035688,1851944,183,4221.15695818774,7467,0,0,7467,0,0,0,0.0
11504,1777473132.1732001,decode,183,1851727,0.948996718508728,1852127,183,4221.15695818774,7469,0,0,7469,2,0,0,0.0
11506,1777473132.2293513,decode,183,1852093,0.9491842908663024,1851910,183,4221.15695818774,7469,0,0,7469,0,0,0,0.0
11507,1777473132.267421,decode,183,1852276,0.9492780770450896,1852093,183,4221.15695818774,7471,0,0,7471,0,0,0,0.0
11508,1777473132.305162,decode,183,1821859,0.9336895841479833,1852276,183,4221.15695818774,7472,0,0,7472,0,0,0,0.0
11509,1777473132.3432903,decode,183,1851859,0.9490643675557221,1852459,183,4221.15695818774,7474,0,0,7474,3,0,0,0.0
11511,1777473132.3999405,decode,183,1852225,0.9492519399132965,1852042,183,4221.15695818774,7473,0,0,7473,0,0,0,0.0
11512,1777473132.4375198,decode,183,1832008,0.9388908733748214,1852225,183,4221.15695818774,7475,0,0,7475,0,0,0,0.0
11513,1777473132.4749272,decode,183,1852008,0.9491407289799805,1852408,183,4221.15695818774,7476,0,0,7476,2,0,0,0.0
11515,1777473132.5333133,decode,183,1831952,0.9388621737791268,1852191,183,4221.15695818774,7477,0,0,7477,0,0,0,0.0
11516,1777473132.5703902,decode,183,1851952,0.9491120293842861,1852374,183,4221.15695818774,7478,0,0,7478,2,0,0,0.0
11518,1777473132.6273189,decode,183,1811496,0.9283786214661701,1852135,183,4221.15695818774,7478,0,0,7478,0,0,0,0.0
11519,1777473132.6652265,decode,183,1851496,0.9488783326764885,1852318,183,4221.15695818774,7480,0,0,7480,4,0,0,0.0
11521,1777473132.72238,decode,183,1821240,0.9333723511170037,1851679,183,4221.15695818774,7478,0,0,7478,0,0,0,0.0
11522,1777473132.759604,decode,183,1851240,0.9487471345247424,1851862,183,4221.15695818774,7480,0,0,7480,3,0,0,0.0
11524,1777473132.8163755,decode,183,1831206,0.9384798541650544,1851423,183,4221.15695818774,7479,0,0,7479,0,0,0,0.0
11525,1777473132.8535473,decode,183,1851206,0.9487297097702136,1851606,183,4221.15695818774,7481,0,0,7481,2,0,0,0.0
11527,1777473132.9093537,decode,183,1851572,0.948917282127788,1851389,183,4221.15695818774,7481,0,0,7481,0,0,0,0.0
11528,1777473132.946624,decode,183,1851755,0.9490110683065752,1851572,183,4221.15695818774,7483,0,0,7483,0,0,0,0.0
11529,1777473132.9844296,decode,183,1851938,0.9491048544853624,1851755,183,4221.15695818774,7484,0,0,7484,0,0,0,0.0
11530,1777473133.0222573,decode,183,1831721,0.9387437879468873,1851938,183,4221.15695818774,7486,0,0,7486,0,0,0,0.0
11531,1777473133.0607572,decode,183,1851721,0.9489936435520464,1852121,183,4221.15695818774,7487,0,0,7487,2,0,0,0.0
11533,1777473133.12651,decode,183,1841887,0.9439537895509897,1851904,183,4221.15695818774,7488,0,0,7488,0,0,0,0.0
11534,1777473133.1629586,decode,183,1851887,0.9490787173535693,1852087,183,4221.15695818774,7489,0,0,7489,1,0,0,0.0
11536,1777473133.2197318,decode,183,1811431,0.9283453094354533,1852070,183,4221.15695818774,7491,0,0,7491,0,0,0,0.0
11537,1777473133.2566082,decode,183,1851431,0.9488450206457717,1852253,183,4221.15695818774,7492,0,0,7492,4,0,0,0.0
11539,1777473133.3134668,decode,183,1841597,0.9438051666447149,1851614,183,4221.15695818774,7491,0,0,7491,0,0,0,0.0
11540,1777473133.350452,decode,183,1851597,0.9489300944472945,1851797,183,4065.908661500333,7492,0,0,7492,1,0,0,0.0
11542,1777473133.4060571,decode,183,1851963,0.9491176668048689,1851780,183,4065.908661500333,7493,0,0,7493,0,0,0,0.0
11543,1777473133.4436054,decode,183,1821524,0.9335178990665969,1851963,183,4065.908661500333,7495,0,0,7495,0,0,0,0.0
11544,1777473133.4822078,decode,183,1851524,0.9488926824743357,1852146,183,4065.908661500333,7496,0,0,7496,3,0,0,0.0
11546,1777473133.5394397,decode,183,1821279,0.9333923383354337,1851707,183,4065.908661500333,7495,0,0,7495,0,0,0,0.0
11547,1777473133.5771127,decode,183,1851279,0.9487671217431725,1851890,183,4065.908661500333,7497,0,0,7497,3,0,0,0.0
11549,1777473133.6340184,decode,183,1841434,0.9437216303215329,1851462,183,4065.908661500333,7496,0,0,7496,0,0,0,0.0
11550,1777473133.6713803,decode,183,1851434,0.9488465581241124,1851645,183,4065.908661500333,7498,0,0,7498,1,0,0,0.0
11552,1777473133.7269833,decode,183,1841589,0.9438010667024729,1851617,183,4065.908661500333,7499,0,0,7499,0,0,0,0.0
11553,1777473133.76454,decode,183,1851589,0.9489259945050524,1851800,183,4065.908661500333,7501,0,0,7501,1,0,0,0.0
11555,1777473133.8199363,decode,183,1831555,0.9386587141453645,1851772,183,4065.908661500333,7502,0,0,7502,0,0,0,0.0
11556,1777473133.8571498,decode,183,1851555,0.9489085697505236,1851955,183,4065.908661500333,7503,0,0,7503,2,0,0,0.0
11558,1777473133.9135048,decode,183,1851921,0.949096142108098,1851738,183,4065.908661500333,7504,0,0,7504,0,0,0,0.0
11559,1777473133.9527872,decode,183,1780671,0.9125810315147186,1851921,183,4065.908661500333,7505,0,0,7505,0,0,0,0.0
11560,1777473133.9893272,decode,183,1850671,0.9484555261327756,1852104,183,4065.908661500333,7507,0,0,7507,7,0,0,0.0
11562,1777473134.046614,decode,183,1840837,0.9434156721317188,1850854,183,4065.908661500333,7502,0,0,7502,0,0,0,0.0
11563,1777473134.083599,decode,183,1850837,0.9485405999342984,1851037,183,4065.908661500333,7504,0,0,7504,1,0,0,0.0
11565,1777473134.1394112,decode,183,1841003,0.9435007459332416,1851020,183,4065.908661500333,7505,0,0,7505,0,0,0,0.0
11566,1777473134.176387,decode,183,1851003,0.9486256737358213,1851203,183,4065.908661500333,7506,0,0,7506,1,0,0,0.0
11568,1777473134.2320368,decode,183,1851369,0.9488132460933957,1851186,183,4065.908661500333,7508,0,0,7508,0,0,0,0.0
11569,1777473134.269947,decode,183,1851552,0.9489070322721829,1851369,183,4065.908661500333,7509,0,0,7509,0,0,0,0.0
11570,1777473134.3078182,decode,183,1841524,0.9437677546717561,1851552,183,4065.908661500333,7511,0,0,7511,0,0,0,0.0
11571,1777473134.3446596,decode,183,1851524,0.9488926824743357,1851735,183,4065.908661500333,7512,0,0,7512,1,0,0,0.0
11573,1777473134.4004571,decode,183,1851890,0.94908025483191,1851707,183,4065.908661500333,7514,0,0,7514,0,0,0,0.0
11574,1777473134.4395738,decode,183,1729607,0.8864111001836261,1851890,183,4065.908661500333,7515,0,0,7515,0,0,0,0.0
11575,1777473134.4808862,decode,183,1849607,0.9479102338145812,1852073,183,4065.908661500333,7517,0,0,7517,12,0,0,0.0
11577,1777473134.5468462,decode,183,1798940,0.9219437621172512,1849790,183,4065.908661500333,7508,0,0,7508,0,0,0,0.0
11578,1777473134.5839086,decode,183,1848940,0.9475684011301491,1849973,183,4065.908661500333,7509,0,0,7509,5,0,0,0.0
11580,1777473134.6422105,decode,183,1828895,0.9372954833498783,1849123,183,4065.908661500333,7506,0,0,7506,0,0,0,0.0
11581,1777473134.6788056,decode,183,1848895,0.9475453389550375,1849306,183,4065.908661500333,7508,0,0,7508,2,0,0,0.0
11583,1777473134.7360315,decode,183,1818650,0.9320449948161356,1849078,183,4065.908661500333,7508,0,0,7508,0,0,0,0.0
11584,1777473134.772822,decode,183,1848650,0.9474197782238742,1849261,183,4065.908661500333,7510,0,0,7510,3,0,0,0.0
11586,1777473134.8289526,decode,183,1828605,0.9371468604436035,1848833,183,4065.908661500333,7509,0,0,7509,0,0,0,0.0
11587,1777473134.8662202,decode,183,1848605,0.9473967160487626,1849016,183,4065.908661500333,7510,0,0,7510,2,0,0,0.0
11589,1777473134.9229755,decode,183,1848971,0.9475842884063371,1848788,183,4065.908661500333,7511,0,0,7511,0,0,0,0.0
11590,1777473134.9626698,decode,183,1767532,0.9058473888749092,1848971,183,4065.908661500333,7512,0,0,7512,0,0,0,0.0
11591,1777473134.9990716,decode,183,1837333,0.941619897429695,1849154,183,4065.908661500333,7514,0,0,7514,8,0,0,0.0
11594,1777473135.0726383,decode,183,1827288,0.9364719074520038,1847516,183,4065.908661500333,7508,0,0,7508,0,0,0,0.0
11595,1777473135.1093154,decode,183,1847288,0.9467217630571629,1847699,183,4065.908661500333,7509,0,0,7509,2,0,0,0.0
11597,1777473135.1658733,decode,183,1796621,0.9207552913598329,1847471,183,4065.908661500333,7510,0,0,7510,0,0,0,0.0
11598,1777473135.2037144,decode,183,1836422,0.94115301650688,1847654,183,3949.79475799878,7511,0,0,7511,5,0,0,0.0
11601,1777473135.2689822,decode,183,1856605,0.9514966582908263,1846605,183,3949.79475799878,7508,0,0,7508,1,0,0,0.0
11603,1777473135.3252852,decode,184,1856973,0.9516852556339612,1856789,184,3949.79475799878,7509,0,0,7509,0,0,0,0.0
11604,1777473135.3635566,decode,184,1846946,0.9465464905263147,1856973,184,3949.79475799878,7511,0,0,7511,0,0,0,0.0
11605,1777473135.4006016,decode,184,1847129,0.9466402767051019,1857157,183,3949.79475799878,7512,0,0,7512,0,0,0,0.0
11606,1777473135.4390423,decode,183,1847312,0.9467340628838892,1847129,183,3949.79475799878,7514,0,0,7514,0,0,0,0.0
11607,1777473135.4771385,decode,183,1725051,0.8840761830767709,1847312,183,3949.79475799878,7515,0,0,7515,0,0,0,0.0
11608,1777473135.5165625,decode,183,1824642,0.9351158515554412,1847495,183,3949.79475799878,7517,0,0,7517,12,0,0,0.0
11611,1777473135.5857222,decode,183,1854825,0.9505844211419672,1844825,183,3949.79475799878,7506,0,0,7506,1,0,0,0.0
11613,1777473135.6419919,decode,184,1844993,0.9455455921264709,1855009,184,3949.79475799878,7507,0,0,7507,0,0,0,0.0
11614,1777473135.679178,decode,184,1854993,0.9506705199290505,1855193,184,3949.79475799878,7509,0,0,7509,1,0,0,0.0
11616,1777473135.7351882,decode,184,1845150,0.9456260534929715,1855177,184,3949.79475799878,7510,0,0,7510,0,0,0,0.0
11617,1777473135.7725198,decode,184,1855150,0.950750981295551,1855361,184,3949.79475799878,7512,0,0,7512,1,0,0,0.0
11619,1777473135.8278687,decode,184,1855518,0.950939578638686,1855334,184,3949.79475799878,7513,0,0,7513,0,0,0,0.0
11620,1777473135.8653362,decode,184,1855702,0.9510338773102534,1855518,184,3949.79475799878,7514,0,0,7514,0,0,0,0.0
