batch_id,timestamp,forward_mode,batch_size,num_tokens,token_usage,batch_num_tokens,gpu_num_reqs,gen_throughput,num_queue_reqs,num_retracted_reqs,pre_decode_batch_size,pre_decode_batch_num_tokens,pre_decode_batch_num_tokens_after_one_decode,pre_decode_num_tokens,pre_decode_token_usage,num_retracted_queue_reqs,num_total_queue_reqs,num_prev_completed_reqs,num_new_seqs,num_new_tokens,num_cached_tokens,cache_hit_rate
3,1778309173.2829943,decode,154,770308,0.9985002560064293,770154,154,0.0,39846,0,154,770000,770154,770154,0.9983006358033093,0,39846,0,0,0,0,0.0
4,1778309173.3337572,decode,154,400240,0.5188051304984672,770308,154,0.0,39846,0,154,770154,770308,770308,0.9985002560064293,0,39846,0,0,0,0,0.0
5,1778309173.5313776,decode,154,770240,0.9984121120206361,770462,154,0.0,39846,0,154,770308,770462,770462,0.9986998762095494,0,39846,74,74,0,0,0.0
7,1778309173.6220057,decode,154,770548,0.9988113524268761,770394,154,0.0,39772,0,154,770240,770394,770394,0.9986117322237561,0,39772,0,0,0,0,0.0
8,1778309173.6698282,decode,154,570582,0.7396084073807626,770548,154,0.0,39772,0,154,770394,770548,770548,0.9988113524268761,0,39772,0,0,0,0,0.0
9,1778309173.7662942,decode,154,770582,0.9988554244197728,770702,154,0.0,39772,0,154,770548,770702,770702,0.9990109726299962,0,39772,40,40,0,0,0.0
11,1778309173.8633184,decode,154,370250,0.4799310402934676,770736,154,0.0,39732,0,154,770582,770736,770736,0.9990550446228929,0,39732,0,0,0,0,0.0
12,1778309174.0635023,decode,154,680214,0.8817172522408664,770890,154,0.0,39732,0,154,770736,770890,770890,0.9992546648260129,0,39732,80,80,0,0,0.0
15,1778309174.2144651,decode,154,770522,0.998777650314661,770368,154,0.0,39634,0,154,770214,770368,770368,0.998578030111541,0,39634,18,0,0,0,0.0
16,1778309174.2659423,decode,154,345251,0.4475264593986765,770522,154,0.0,39634,0,154,770368,770522,770522,0.998777650314661,0,39634,0,0,0,0,0.0
17,1778309174.4779081,decode,154,770251,0.9984263706065732,770676,154,0.0,39634,0,154,770522,770676,770676,0.9989772705177811,0,39634,85,85,0,0,0.0
19,1778309174.5680254,decode,154,770559,0.9988256110128133,770405,154,0.0,39549,0,154,770251,770405,770405,0.9986259908096933,0,39549,0,0,0,0,0.0
20,1778309174.6171896,decode,154,450411,0.5838385409577881,770559,154,0.0,39549,0,154,770405,770559,770559,0.9988256110128133,0,39549,0,0,0,0,0.0
21,1778309174.7675667,decode,154,770411,0.9986337682202044,770713,154,0.0,39549,0,154,770559,770713,770713,0.9990252312159333,0,39549,64,64,0,0,0.0
23,1778309174.8612807,decode,154,535343,0.6939303792135741,770565,154,0.0,39485,0,154,770411,770565,770565,0.9988333884233245,0,39485,0,0,0,0,0.0
24,1778309174.9734612,decode,154,625285,0.8105163552461875,770719,154,0.0,39485,0,154,770565,770719,770719,0.9990330086264445,0,39485,47,47,0,0,0.0
27,1778309175.1400697,decode,154,770593,0.9988696830057099,770439,154,0.0,39409,0,154,770285,770439,770439,0.9986700628025899,0,39409,29,0,0,0,0.0
28,1778309175.191009,decode,154,360286,0.46701535390458415,770593,154,0.0,39409,0,154,770439,770593,770593,0.9988696830057099,0,39409,0,0,0,0,0.0
29,1778309175.3936172,decode,154,770286,0.9984717388345551,770747,154,0.0,39409,0,154,770593,770747,770747,0.9990693032088299,0,39409,82,82,0,0,0.0
31,1778309175.4840815,decode,154,770594,0.9988709792407952,770440,154,0.0,39327,0,154,770286,770440,770440,0.9986713590376751,0,39327,0,0,0,0,0.0
32,1778309175.5349054,decode,154,380339,0.4930087560680005,770594,154,0.0,39327,0,154,770440,770594,770594,0.9988709792407952,0,39327,0,0,0,0,0.0
33,1778309175.7360187,decode,154,770339,0.9985404392940703,770748,154,0.0,39327,0,154,770594,770748,770748,0.9990705994439152,0,39327,78,78,0,0,0.0
35,1778309175.8616765,decode,154,585351,0.7587525033540082,770493,154,0.0,39249,0,154,770339,770493,770493,0.9987400594971904,0,39249,0,0,0,0,0.0
36,1778309175.9619274,decode,154,530255,0.6873351351001018,770647,154,0.0,39249,0,154,770493,770647,770647,0.9989396797003105,0,39249,37,37,0,0,0.0
39,1778309176.1614776,decode,154,770563,0.998830795953154,770409,154,0.0,39164,0,154,770255,770409,770409,0.998631175750034,0,39164,48,0,0,0,0.0
40,1778309176.2119374,decode,154,400300,0.5188829046035789,770563,154,0.0,39164,0,154,770409,770563,770563,0.998830795953154,0,39164,0,0,0,0,0.0
41,1778309176.3905406,decode,154,770300,0.9984898861257477,770717,154,0.0,39164,0,154,770563,770717,770717,0.9990304161562741,0,39164,74,74,0,0,0.0
43,1778309176.4806938,decode,154,770608,0.9988891265319878,770454,154,0.0,39090,0,154,770300,770454,770454,0.9986895063288678,0,39090,0,0,0,0,0.0
44,1778309176.532358,decode,154,435411,0.5643950146798623,770608,154,0.0,39090,0,154,770454,770608,770608,0.9988891265319878,0,39090,0,0,0,0,0.0
45,1778309176.691091,decode,154,770411,0.9986337682202044,770762,154,0.0,39090,0,154,770608,770762,770762,0.9990887467351078,0,39090,67,67,0,0,0.0
47,1778309176.7857707,decode,154,520319,0.6744557432936037,770565,154,0.0,39023,0,154,770411,770565,770565,0.9988333884233245,0,39023,0,0,0,0,0.0
48,1778309176.9046483,decode,154,635265,0.8234527813964341,770719,154,0.0,39023,0,154,770565,770719,770719,0.9990330086264445,0,39023,50,50,0,0,0.0
51,1778309177.0757983,decode,154,770573,0.9988437583040061,770419,154,0.0,38946,0,154,770265,770419,770419,0.9986441381008859,0,38946,27,0,0,0,0.0
52,1778309177.1241233,decode,154,410326,0.5318789575677445,770573,154,0.0,38946,0,154,770419,770573,770573,0.9988437583040061,0,38946,0,0,0,0,0.0
53,1778309177.2989845,decode,154,770326,0.9985235882379628,770727,154,0.0,38946,0,154,770573,770727,770727,0.9990433785071261,0,38946,72,72,0,0,0.0
55,1778309177.3908591,decode,154,770634,0.9989228286442029,770480,154,0.0,38874,0,154,770326,770480,770480,0.9987232084410829,0,38874,0,0,0,0,0.0
56,1778309177.4412174,decode,154,445393,0.5773340333002793,770634,154,0.0,38874,0,154,770480,770634,770634,0.9989228286442029,0,38874,0,0,0,0,0.0
57,1778309177.5959716,decode,154,770393,0.9986104359886709,770788,154,0.0,38874,0,154,770634,770788,770788,0.9991224488473229,0,38874,65,65,0,0,0.0
59,1778309177.6875632,decode,154,560365,0.7263647735153247,770547,154,0.0,38809,0,154,770393,770547,770547,0.998810056191791,0,38809,0,0,0,0,0.0
60,1778309177.7894142,decode,154,590293,0.7651584971450422,770701,154,365.92408230401526,38809,0,154,770547,770701,770701,0.999009676394911,0,38809,42,42,0,0,0.0
63,1778309177.9933634,decode,154,770601,0.9988800528863915,770447,154,365.92408230401526,38731,0,154,770293,770447,770447,0.9986804326832714,0,38731,36,0,0,0,0.0
64,1778309178.0484304,decode,154,275223,0.3567537088526375,770601,154,365.92408230401526,38731,0,154,770447,770601,770601,0.9988800528863915,0,38731,0,0,0,0,0.0
65,1778309178.3123705,decode,154,770223,0.9983900760241877,770755,154,365.92408230401526,38731,0,154,770601,770755,770755,0.9990796730895115,0,38731,99,99,0,0,0.0
67,1778309178.408489,decode,154,770531,0.9987893164304278,770377,154,365.92408230401526,38632,0,154,770223,770377,770377,0.9985896962273078,0,38632,0,0,0,0,0.0
68,1778309178.4615493,decode,154,390312,0.5059361085726507,770531,154,365.92408230401526,38632,0,154,770377,770531,770531,0.9987893164304278,0,38632,0,0,0,0,0.0
69,1778309178.6536388,decode,154,770312,0.9985054409467701,770685,154,365.92408230401526,38632,0,154,770531,770685,770685,0.9989889366335478,0,38632,76,76,0,0,0.0
71,1778309178.7510037,decode,154,640412,0.8301245033799329,770466,154,365.92408230401526,38556,0,154,770312,770466,770466,0.9987050611498901,0,38556,0,0,0,0,0.0
72,1778309178.8297572,decode,154,550324,0.7133492770248813,770620,154,365.92408230401526,38556,0,154,770466,770620,770620,0.9989046813530101,0,38556,26,26,0,0,0.0
75,1778309179.0167255,decode,154,770632,0.9989202361740325,770478,154,365.92408230401526,38486,0,154,770324,770478,770478,0.9987206159709124,0,38486,44,0,0,0,0.0
76,1778309179.064661,decode,154,325259,0.4216121275754571,770632,154,365.92408230401526,38486,0,154,770478,770632,770632,0.9989202361740325,0,38486,0,0,0,0,0.0
77,1778309179.2892003,decode,154,770259,0.9984367404872547,770786,154,365.92408230401526,38486,0,154,770632,770786,770786,0.9991198563771526,0,38486,89,89,0,0,0.0
79,1778309179.3842487,decode,154,770567,0.9988359808934948,770413,154,365.92408230401526,38397,0,154,770259,770413,770413,0.9986363606903748,0,38397,0,0,0,0,0.0
80,1778309179.4376721,decode,154,375324,0.4865081371157473,770567,154,365.92408230401526,38397,0,154,770413,770567,770567,0.9988359808934948,0,38397,0,0,0,0,0.0
81,1778309179.6359231,decode,154,770324,0.9985209957677924,770721,154,365.92408230401526,38397,0,154,770567,770721,770721,0.9990356010966149,0,38397,79,79,0,0,0.0
83,1778309179.7346063,decode,154,605368,0.7846992410543576,770478,154,365.92408230401526,38318,0,154,770324,770478,770478,0.9987206159709124,0,38318,0,0,0,0,0.0
84,1778309179.8239298,decode,154,565286,0.7327435463695696,770632,154,365.92408230401526,38318,0,154,770478,770632,770632,0.9989202361740325,0,38318,33,33,0,0,0.0
87,1778309180.0166335,decode,154,770594,0.9988709792407952,770440,154,365.92408230401526,38244,0,154,770286,770440,770440,0.9986713590376751,0,38244,41,0,0,0,0.0
88,1778309180.0717318,decode,154,330274,0.42811274652771025,770594,154,365.92408230401526,38244,0,154,770440,770594,770594,0.9988709792407952,0,38244,0,0,0,0,0.0
89,1778309180.2951477,decode,154,770274,0.9984561840135326,770748,154,365.92408230401526,38244,0,154,770594,770748,770748,0.9990705994439152,0,38244,88,88,0,0,0.0
91,1778309180.3826637,decode,154,770582,0.9988554244197728,770428,154,365.92408230401526,38156,0,154,770274,770428,770428,0.9986558042166528,0,38156,0,0,0,0,0.0
92,1778309180.435629,decode,154,335285,0.4346081805396227,770582,154,365.92408230401526,38156,0,154,770428,770582,770582,0.9988554244197728,0,38156,0,0,0,0,0.0
93,1778309180.6538296,decode,154,770285,0.9984704425994698,770736,154,365.92408230401526,38156,0,154,770582,770736,770736,0.9990550446228929,0,38156,87,87,0,0,0.0
95,1778309180.7462037,decode,154,630369,0.8171064144193191,770439,154,365.92408230401526,38069,0,154,770285,770439,770439,0.9986700628025899,0,38069,0,0,0,0,0.0
96,1778309180.8251226,decode,154,525271,0.6808746994354896,770593,154,365.92408230401526,38069,0,154,770439,770593,770593,0.9988696830057099,0,38069,28,28,0,0,0.0
99,1778309181.029325,decode,154,770579,0.9988515357145172,770425,154,365.92408230401526,37992,0,154,770271,770425,770425,0.9986519155113971,0,37992,49,0,0,0,0.0
100,1778309181.082261,decode,154,375301,0.48647832370878785,770579,154,365.92408230401526,37992,0,154,770425,770579,770579,0.9988515357145172,0,37992,0,0,0,0,0.0
101,1778309181.2765267,decode,154,770301,0.998491182360833,770733,154,365.92408230401526,37992,0,154,770579,770733,770733,0.9990511559176373,0,37992,79,79,0,0,0.0
103,1778309181.3810406,decode,154,770609,0.9988904227670731,770455,154,365.92408230401526,37913,0,154,770301,770455,770455,0.998690802563953,0,37913,0,0,0,0,0.0
104,1778309181.4371824,decode,154,405354,0.5254340767241547,770609,154,365.92408230401526,37913,0,154,770455,770609,770609,0.9988904227670731,0,37913,0,0,0,0,0.0
105,1778309181.6211534,decode,154,770354,0.9985598828203482,770763,154,365.92408230401526,37913,0,154,770609,770763,770763,0.9990900429701931,0,37913,73,73,0,0,0.0
107,1778309181.718071,decode,154,585366,0.7587719468802863,770508,154,365.92408230401526,37840,0,154,770354,770508,770508,0.9987595030234684,0,37840,0,0,0,0,0.0
108,1778309181.8076305,decode,154,580290,0.7521922575878361,770662,154,365.92408230401526,37840,0,154,770508,770662,770662,0.9989591232265884,0,37840,37,37,0,0,0.0
111,1778309181.9929826,decode,154,770598,0.9988761641811359,770444,154,365.92408230401526,37765,0,154,770290,770444,770444,0.9986765439780159,0,37765,38,0,0,0,0.0
112,1778309182.04284,decode,154,375295,0.48647054629827663,770598,154,365.92408230401526,37765,0,154,770444,770598,770598,0.9988761641811359,0,37765,0,0,0,0,0.0
113,1778309182.2365909,decode,154,770295,0.9984834049503218,770752,154,365.92408230401526,37765,0,154,770598,770752,770752,0.9990757843842559,0,37765,79,79,0,0,0.0
115,1778309182.3252127,decode,154,770603,0.9988826453565619,770449,154,365.92408230401526,37686,0,154,770295,770449,770449,0.9986830251534419,0,37686,0,0,0,0,0.0
116,1778309182.3732402,decode,154,430378,0.5578710634960756,770603,154,365.92408230401526,37686,0,154,770449,770603,770603,0.9988826453565619,0,37686,0,0,0,0,0.0
117,1778309182.532873,decode,154,770378,0.998590992462393,770757,154,365.92408230401526,37686,0,154,770603,770757,770757,0.9990822655596819,0,37686,68,68,0,0,0.0
119,1778309182.6226573,decode,154,570366,0.7393284206023605,770532,154,365.92408230401526,37618,0,154,770378,770532,770532,0.9987906126655131,0,37618,0,0,0,0,0.0
120,1778309182.7208881,decode,154,590294,0.7651597933801274,770686,154,1249.1149863021449,37618,0,154,770532,770686,770686,0.9989902328686331,0,37618,40,40,0,0,0.0
123,1778309182.8941066,decode,154,770602,0.9988813491214766,770448,154,1249.1149863021449,37542,0,154,770294,770448,770448,0.9986817289183566,0,37542,36,0,0,0,0.0
124,1778309182.9424446,decode,154,380292,0.4929478330189963,770602,154,1249.1149863021449,37542,0,154,770448,770602,770602,0.9988813491214766,0,37542,0,0,0,0,0.0
125,1778309183.1303353,decode,154,770292,0.9984795162450663,770756,154,1249.1149863021449,37542,0,154,770602,770756,770756,0.9990809693245967,0,37542,78,78,0,0,0.0
127,1778309183.215914,decode,154,770600,0.9988787566513063,770446,154,1249.1149863021449,37464,0,154,770292,770446,770446,0.9986791364481863,0,37464,0,0,0,0,0.0
128,1778309183.2597234,decode,154,415381,0.5384314259234054,770600,154,1249.1149863021449,37464,0,154,770446,770600,770600,0.9988787566513063,0,37464,0,0,0,0,0.0
129,1778309183.422968,decode,154,770381,0.9985948811676486,770754,154,1249.1149863021449,37464,0,154,770600,770754,770754,0.9990783768544264,0,37464,71,71,0,0,0.0
131,1778309183.504548,decode,154,550337,0.7133661280809888,770535,154,1249.1149863021449,37393,0,154,770381,770535,770535,0.9987945013707686,0,37393,0,0,0,0,0.0
132,1778309183.6095467,decode,154,575259,0.7456708988742198,770689,154,1249.1149863021449,37393,0,154,770535,770689,770689,0.9989941215738887,0,37393,44,44,0,0,0.0
135,1778309183.7887268,decode,154,770567,0.9988359808934948,770413,154,1249.1149863021449,37310,0,154,770259,770413,770413,0.9986363606903748,0,37310,39,0,0,0,0.0
136,1778309183.8378713,decode,154,365283,0.47349264062530383,770567,154,1249.1149863021449,37310,0,154,770413,770567,770567,0.9988359808934948,0,37310,0,0,0,0,0.0
137,1778309184.036719,decode,154,770283,0.9984678501292994,770721,154,1249.1149863021449,37310,0,154,770567,770721,770721,0.9990356010966149,0,37310,81,81,0,0,0.0
139,1778309184.12317,decode,154,770591,0.9988670905355396,770437,154,1249.1149863021449,37229,0,154,770283,770437,770437,0.9986674703324195,0,37229,0,0,0,0,0.0
140,1778309184.1710455,decode,154,410369,0.5319346956764078,770591,154,1249.1149863021449,37229,0,154,770437,770591,770591,0.9988670905355396,0,37229,0,0,0,0,0.0
141,1778309184.3417692,decode,154,770369,0.9985793263466263,770745,154,1249.1149863021449,37229,0,154,770591,770745,770745,0.9990667107386596,0,37229,72,72,0,0,0.0
143,1778309184.4332466,decode,154,565349,0.7328252091799369,770523,154,1249.1149863021449,37157,0,154,770369,770523,770523,0.9987789465497463,0,37157,0,0,0,0,0.0
144,1778309184.5326877,decode,154,595279,0.7716215252798247,770677,154,1249.1149863021449,37157,0,154,770523,770677,770677,0.9989785667528663,0,37157,41,41,0,0,0.0
147,1778309184.694343,decode,154,770587,0.9988619055951987,770433,154,1249.1149863021449,37081,0,154,770279,770433,770433,0.9986622853920787,0,37081,35,0,0,0,0.0
148,1778309184.7371078,decode,154,400314,0.5189010518947716,770587,154,1249.1149863021449,37081,0,154,770433,770587,770587,0.9988619055951987,0,37081,0,0,0,0,0.0
149,1778309184.909958,decode,154,770314,0.9985080334169405,770741,154,1249.1149863021449,37081,0,154,770587,770741,770741,0.9990615257983188,0,37081,74,74,0,0,0.0
151,1778309184.9971046,decode,154,770622,0.9989072738231806,770468,154,1249.1149863021449,37007,0,154,770314,770468,770468,0.9987076536200605,0,37007,0,0,0,0,0.0
152,1778309185.0471716,decode,154,390363,0.5060022165619957,770622,154,1249.1149863021449,37007,0,154,770468,770622,770622,0.9989072738231806,0,37007,0,0,0,0,0.0
153,1778309185.231713,decode,154,770363,0.9985715489361151,770776,154,1249.1149863021449,37007,0,154,770622,770776,770776,0.9991068940263006,0,37007,76,76,0,0,0.0
155,1778309185.3245356,decode,154,555327,0.7198343411561121,770517,154,1249.1149863021449,36931,0,154,770363,770517,770517,0.9987711691392351,0,36931,0,0,0,0,0.0
156,1778309185.429004,decode,154,575249,0.7456579365233679,770671,154,1249.1149863021449,36931,0,154,770517,770671,770671,0.9989707893423552,0,36931,43,43,0,0,0.0
159,1778309185.6087306,decode,154,770557,0.9988230185426429,770403,154,1249.1149863021449,36849,0,154,770249,770403,770403,0.9986233983395228,0,36849,39,0,0,0,0.0
160,1778309185.6574836,decode,154,400314,0.5189010518947716,770557,154,1249.1149863021449,36849,0,154,770403,770557,770557,0.9988230185426429,0,36849,0,0,0,0,0.0
161,1778309185.8349643,decode,154,770314,0.9985080334169405,770711,154,1249.1149863021449,36849,0,154,770557,770711,770711,0.9990226387457629,0,36849,74,74,0,0,0.0
163,1778309185.9174423,decode,154,770622,0.9989072738231806,770468,154,1249.1149863021449,36775,0,154,770314,770468,770468,0.9987076536200605,0,36775,0,0,0,0,0.0
164,1778309185.9637327,decode,154,385360,0.49951715243076483,770622,154,1249.1149863021449,36775,0,154,770468,770622,770622,0.9989072738231806,0,36775,0,0,0,0,0.0
165,1778309186.1495805,decode,154,770360,0.9985676602308595,770776,154,1249.1149863021449,36775,0,154,770622,770776,770776,0.9991068940263006,0,36775,77,77,0,0,0.0
167,1778309186.2437031,decode,154,555324,0.7198304524508565,770514,154,1249.1149863021449,36698,0,154,770360,770514,770514,0.9987672804339796,0,36698,0,0,0,0,0.0
168,1778309186.3489783,decode,154,585250,0.7586215836104035,770668,154,1249.1149863021449,36698,0,154,770514,770668,770668,0.9989669006370996,0,36698,43,43,0,0,0.0
171,1778309186.5268521,decode,154,770558,0.998824314777728,770404,154,1249.1149863021449,36618,0,154,770250,770404,770404,0.998624694574608,0,36618,37,0,0,0,0.0
172,1778309186.5793042,decode,154,410326,0.5318789575677445,770558,154,1249.1149863021449,36618,0,154,770404,770558,770558,0.998824314777728,0,36618,0,0,0,0,0.0
173,1778309186.7547774,decode,154,770326,0.9985235882379628,770712,154,1249.1149863021449,36618,0,154,770558,770712,770712,0.9990239349808481,0,36618,72,72,0,0,0.0
175,1778309186.8414264,decode,154,770634,0.9989228286442029,770480,154,1249.1149863021449,36546,0,154,770326,770480,770480,0.9987232084410829,0,36546,0,0,0,0,0.0
176,1778309186.8932145,decode,154,370348,0.4800580713318167,770634,154,1249.1149863021449,36546,0,154,770480,770634,770634,0.9989228286442029,0,36546,0,0,0,0,0.0
177,1778309187.107321,decode,154,770348,0.9985521054098371,770788,154,1249.1149863021449,36546,0,154,770634,770788,770788,0.9991224488473229,0,36546,80,80,0,0,0.0
179,1778309187.2009528,decode,154,560320,0.7263064429364909,770502,154,1249.1149863021449,36466,0,154,770348,770502,770502,0.9987517256129572,0,36466,0,0,0,0,0.0
180,1778309187.3040226,decode,154,580244,0.7521326307739171,770656,154,1344.0578760706892,36466,0,154,770502,770656,770656,0.9989513458160773,0,36466,42,42,0,0,0.0
183,1778309187.4842045,decode,154,770552,0.9988165373672169,770398,154,1344.0578760706892,36386,0,154,770244,770398,770398,0.9986169171640968,0,36386,38,0,0,0,0.0
184,1778309187.533425,decode,154,350294,0.45406337293331517,770552,154,1344.0578760706892,36386,0,154,770398,770552,770552,0.9988165373672169,0,36386,0,0,0,0,0.0
185,1778309187.745093,decode,154,770294,0.9984821087152366,770706,154,1344.0578760706892,36386,0,154,770552,770706,770706,0.9990161575703369,0,36386,84,84,0,0,0.0
187,1778309187.8298469,decode,154,770602,0.9988813491214766,770448,154,1344.0578760706892,36302,0,154,770294,770448,770448,0.9986817289183566,0,36302,0,0,0,0,0.0
188,1778309187.8775473,decode,154,385315,0.4994588218519311,770602,154,1344.0578760706892,36302,0,154,770448,770602,770602,0.9988813491214766,0,36302,0,0,0,0,0.0
189,1778309188.0621798,decode,154,770315,0.9985093296520257,770756,154,1344.0578760706892,36302,0,154,770602,770756,770756,0.9990809693245967,0,36302,77,77,0,0,0.0
191,1778309188.1496623,decode,154,630399,0.8171453014718749,770469,154,1344.0578760706892,36225,0,154,770315,770469,770469,0.9987089498551457,0,36225,0,0,0,0,0.0
192,1778309188.2253628,decode,154,555313,0.7198161938649194,770623,154,1344.0578760706892,36225,0,154,770469,770623,770623,0.9989085700582657,0,36225,28,28,0,0,0.0
195,1778309188.4090283,decode,154,770621,0.9989059775880954,770467,154,1344.0578760706892,36154,0,154,770313,770467,770467,0.9987063573849754,0,36154,43,0,0,0,0.0
196,1778309188.4570796,decode,154,345275,0.44755756904072125,770621,154,1344.0578760706892,36154,0,154,770467,770621,770621,0.9989059775880954,0,36154,0,0,0,0,0.0
197,1778309188.6699157,decode,154,770275,0.9984574802486179,770775,154,1344.0578760706892,36154,0,154,770621,770775,770775,0.9991055977912154,0,36154,85,85,0,0,0.0
199,1778309188.7540264,decode,154,770583,0.998856720654858,770429,154,1344.0578760706892,36069,0,154,770275,770429,770429,0.998657100451738,0,36069,0,0,0,0,0.0
200,1778309188.801262,decode,154,390339,0.505971106919951,770583,154,1344.0578760706892,36069,0,154,770429,770583,770583,0.998856720654858,0,36069,0,0,0,0,0.0
201,1778309188.983192,decode,154,770339,0.9985404392940703,770737,154,1344.0578760706892,36069,0,154,770583,770737,770737,0.999056340857978,0,36069,76,76,0,0,0.0
203,1778309189.0697038,decode,154,595367,0.7717355939673219,770493,154,1344.0578760706892,35993,0,154,770339,770493,770493,0.9987400594971904,0,35993,0,0,0,0,0.0
204,1778309189.1566944,decode,154,535273,0.6938396427576106,770647,154,1344.0578760706892,35993,0,154,770493,770647,770647,0.9989396797003105,0,35993,35,35,0,0,0.0
207,1778309189.3457727,decode,154,770581,0.9988541281846876,770427,154,1344.0578760706892,35911,0,154,770273,770427,770427,0.9986545079815675,0,35911,47,0,0,0,0.0
208,1778309189.3930814,decode,154,330256,0.42808941429617675,770581,154,1344.0578760706892,35911,0,154,770427,770581,770581,0.9988541281846876,0,35911,0,0,0,0,0.0
209,1778309189.6113,decode,154,770256,0.9984328517819991,770735,154,1344.0578760706892,35911,0,154,770581,770735,770735,0.9990537483878076,0,35911,88,88,0,0,0.0
211,1778309189.6955438,decode,154,770564,0.9988320921882392,770410,154,1344.0578760706892,35823,0,154,770256,770410,770410,0.9986324719851192,0,35823,0,0,0,0,0.0
212,1778309189.7426136,decode,154,415360,0.5384042049866163,770564,154,1344.0578760706892,35823,0,154,770410,770564,770564,0.9988320921882392,0,35823,0,0,0,0,0.0
213,1778309189.9095364,decode,154,770360,0.9985676602308595,770718,154,1344.0578760706892,35823,0,154,770564,770718,770718,0.9990317123913594,0,35823,71,71,0,0,0.0
215,1778309189.9972496,decode,154,585372,0.7587797242907974,770514,154,1344.0578760706892,35752,0,154,770360,770514,770514,0.9987672804339796,0,35752,0,0,0,0,0.0
216,1778309190.0889263,decode,154,605306,0.7846188744790755,770668,154,1344.0578760706892,35752,0,154,770514,770668,770668,0.9989669006370996,0,35752,37,37,0,0,0.0
219,1778309190.2616532,decode,154,770614,0.998896903942499,770460,154,1344.0578760706892,35682,0,154,770306,770460,770460,0.9986972837393789,0,35682,33,0,0,0,0.0
220,1778309190.313614,decode,154,350286,0.45405300305263363,770614,154,1344.0578760706892,35682,0,154,770460,770614,770614,0.998896903942499,0,35682,0,0,0,0,0.0
221,1778309190.5227642,decode,154,770286,0.9984717388345551,770768,154,1344.0578760706892,35682,0,154,770614,770768,770768,0.999096524145619,0,35682,84,84,0,0,0.0
223,1778309190.6084702,decode,154,770594,0.9988709792407952,770440,154,1344.0578760706892,35598,0,154,770286,770440,770440,0.9986713590376751,0,35598,0,0,0,0,0.0
224,1778309190.6559527,decode,154,360312,0.4670490560167992,770594,154,1344.0578760706892,35598,0,154,770440,770594,770594,0.9988709792407952,0,35598,0,0,0,0,0.0
225,1778309190.8561869,decode,154,770312,0.9985054409467701,770748,154,1344.0578760706892,35598,0,154,770594,770748,770748,0.9990705994439152,0,35598,82,82,0,0,0.0
227,1778309190.9416814,decode,154,610364,0.7911752315399921,770466,154,1344.0578760706892,35516,0,154,770312,770466,770466,0.9987050611498901,0,35516,0,0,0,0,0.0
228,1778309191.021491,decode,154,600296,0.7781247367022484,770620,154,1344.0578760706892,35516,0,154,770466,770620,770620,0.9989046813530101,0,35516,32,32,0,0,0.0
231,1778309191.179174,decode,154,770604,0.9988839415916471,770450,154,1344.0578760706892,35450,0,154,770296,770450,770450,0.998684321388527,0,35450,34,0,0,0,0.0
232,1778309191.2239704,decode,154,375321,0.4865042484104917,770604,154,1344.0578760706892,35450,0,154,770450,770604,770604,0.9988839415916471,0,35450,0,0,0,0,0.0
233,1778309191.4120684,decode,154,770321,0.9985171070625368,770758,154,1344.0578760706892,35450,0,154,770604,770758,770758,0.9990835617947671,0,35450,79,79,0,0,0.0
235,1778309191.4945908,decode,154,770629,0.9989163474687769,770475,154,1344.0578760706892,35371,0,154,770321,770475,770475,0.9987167272656569,0,35371,0,0,0,0,0.0
236,1778309191.5440848,decode,154,310267,0.4021789711782129,770629,154,1344.0578760706892,35371,0,154,770475,770629,770629,0.9989163474687769,0,35371,0,0,0,0,0.0
237,1778309191.7779543,decode,154,770267,0.9984471103679363,770783,154,1344.0578760706892,35371,0,154,770629,770783,770783,0.9991159676718969,0,35371,92,92,0,0,0.0
239,1778309191.8626878,decode,154,635359,0.8235746274944424,770421,154,1344.0578760706892,35279,0,154,770267,770421,770421,0.9986467305710564,0,35279,0,0,0,0,0.0
240,1778309191.9388382,decode,154,505253,0.6549266655000551,770575,154,1329.0793176768977,35279,0,154,770421,770575,770575,0.9988463507741764,0,35279,27,27,0,0,0.0
243,1778309192.1397855,decode,154,770561,0.9988282034829836,770407,154,1329.0793176768977,35199,0,154,770253,770407,770407,0.9986285832798636,0,35199,53,0,0,0,0.0
244,1778309192.186389,decode,154,380306,0.49296598031018907,770561,154,1329.0793176768977,35199,0,154,770407,770561,770561,0.9988282034829836,0,35199,0,0,0,0,0.0
245,1778309192.3922102,decode,154,770306,0.9984976635362589,770715,154,1329.0793176768977,35199,0,154,770561,770715,770715,0.9990278236861038,0,35199,78,78,0,0,0.0
247,1778309192.4698596,decode,154,770614,0.998896903942499,770460,154,1329.0793176768977,35121,0,154,770306,770460,770460,0.9986972837393789,0,35121,0,0,0,0,0.0
248,1778309192.5105338,decode,154,390345,0.5059788843304621,770614,154,1329.0793176768977,35121,0,154,770460,770614,770614,0.998896903942499,0,35121,0,0,0,0,0.0
249,1778309192.6883485,decode,154,770345,0.9985482167045815,770768,154,1329.0793176768977,35121,0,154,770614,770768,770768,0.999096524145619,0,35121,76,76,0,0,0.0
251,1778309192.7691317,decode,154,585357,0.7587602807645194,770499,154,1329.0793176768977,35045,0,154,770345,770499,770499,0.9987478369077016,0,35045,0,0,0,0,0.0
252,1778309192.8584735,decode,154,600289,0.7781156630566519,770653,154,1329.0793176768977,35045,0,154,770499,770653,770653,0.9989474571108217,0,35045,37,37,0,0,0.0
255,1778309193.0287375,decode,154,770597,0.9988748679460507,770443,154,1329.0793176768977,34974,0,154,770289,770443,770443,0.9986752477429307,0,34974,34,0,0,0,0.0
256,1778309193.0744362,decode,154,360300,0.46703350119577686,770597,154,1329.0793176768977,34974,0,154,770443,770597,770597,0.9988748679460507,0,34974,0,0,0,0,0.0
257,1778309193.277721,decode,154,770300,0.9984898861257477,770751,154,1329.0793176768977,34974,0,154,770597,770751,770751,0.9990744881491708,0,34974,82,82,0,0,0.0
259,1778309193.3589485,decode,154,770608,0.9988891265319878,770454,154,1329.0793176768977,34892,0,154,770300,770454,770454,0.9986895063288678,0,34892,0,0,0,0,0.0
260,1778309193.4082553,decode,154,310276,0.40219063729397964,770608,154,1329.0793176768977,34892,0,154,770454,770608,770608,0.9988891265319878,0,34892,0,0,0,0,0.0
261,1778309193.6408367,decode,154,770276,0.9984587764837031,770762,154,1329.0793176768977,34892,0,154,770608,770762,770762,0.9990887467351078,0,34892,92,92,0,0,0.0
263,1778309193.7252913,decode,154,620344,0.8041116576902387,770430,154,1329.0793176768977,34800,0,154,770276,770430,770430,0.9986583966868231,0,34800,0,0,0,0,0.0
264,1778309193.8044913,decode,154,535250,0.693809829350651,770584,154,1329.0793176768977,34800,0,154,770430,770584,770584,0.9988580168899431,0,34800,30,30,0,0,0.0
267,1778309193.9870918,decode,154,770558,0.998824314777728,770404,154,1329.0793176768977,34723,0,154,770250,770404,770404,0.998624694574608,0,34723,47,0,0,0,0.0
268,1778309194.0318966,decode,154,390324,0.505951663393673,770558,154,1329.0793176768977,34723,0,154,770404,770558,770558,0.998824314777728,0,34723,0,0,0,0,0.0
269,1778309194.2144964,decode,154,770324,0.9985209957677924,770712,154,1329.0793176768977,34723,0,154,770558,770712,770712,0.9990239349808481,0,34723,76,76,0,0,0.0
271,1778309194.2963111,decode,154,770632,0.9989202361740325,770478,154,1329.0793176768977,34647,0,154,770324,770478,770478,0.9987206159709124,0,34647,0,0,0,0,0.0
272,1778309194.3449094,decode,154,320291,0.4151724316722081,770632,154,1329.0793176768977,34647,0,154,770478,770632,770632,0.9989202361740325,0,34647,0,0,0,0,0.0
273,1778309194.571965,decode,154,770291,0.998478220009981,770786,154,1329.0793176768977,34647,0,154,770632,770786,770786,0.9991198563771526,0,34647,90,90,0,0,0.0
275,1778309194.6553705,decode,154,605335,0.7846564652965462,770445,154,1329.0793176768977,34557,0,154,770291,770445,770445,0.998677840213101,0,34557,0,0,0,0,0.0
276,1778309194.739669,decode,154,555249,0.7197332348194668,770599,154,1329.0793176768977,34557,0,154,770445,770599,770599,0.998877460416221,0,34557,33,33,0,0,0.0
279,1778309194.9157386,decode,154,770557,0.9988230185426429,770403,154,1329.0793176768977,34481,0,154,770249,770403,770403,0.9986233983395228,0,34481,43,0,0,0,0.0
280,1778309194.9610837,decode,154,435355,0.5643224255150914,770557,154,1329.0793176768977,34481,0,154,770403,770557,770557,0.9988230185426429,0,34481,0,0,0,0,0.0
281,1778309195.1169739,decode,154,770355,0.9985611790554335,770711,154,1329.0793176768977,34481,0,154,770557,770711,770711,0.9990226387457629,0,34481,67,67,0,0,0.0
283,1778309195.1969607,decode,154,770663,0.9989604194616736,770509,154,1329.0793176768977,34414,0,154,770355,770509,770509,0.9987607992585535,0,34414,0,0,0,0,0.0
284,1778309195.2428842,decode,154,355333,0.46059510152761307,770663,154,1329.0793176768977,34414,0,154,770509,770663,770663,0.9989604194616736,0,34414,0,0,0,0,0.0
285,1778309195.4511676,decode,154,770333,0.9985326618835592,770817,154,1329.0793176768977,34414,0,154,770663,770817,770817,0.9991600396647936,0,34414,83,83,0,0,0.0
287,1778309195.5268042,decode,154,570321,0.7392700900235266,770487,154,1329.0793176768977,34331,0,154,770333,770487,770487,0.9987322820866792,0,34331,0,0,0,0,0.0
288,1778309195.6276002,decode,154,545231,0.7067475517359828,770641,154,1329.0793176768977,34331,0,154,770487,770641,770641,0.9989319022897992,0,34331,40,40,0,0,0.0
291,1778309195.8067966,decode,154,770539,0.9987996863111094,770385,154,1329.0793176768977,34246,0,154,770231,770385,770385,0.9986000661079893,0,34246,45,0,0,0,0.0
292,1778309195.8516235,decode,154,405319,0.5253887084961729,770539,154,1329.0793176768977,34246,0,154,770385,770539,770539,0.9987996863111094,0,34246,0,0,0,0,0.0
293,1778309196.0228527,decode,154,770319,0.9985145145923665,770693,154,1329.0793176768977,34246,0,154,770539,770693,770693,0.9989993065142294,0,34246,73,73,0,0,0.0
295,1778309196.1021488,decode,154,770627,0.9989137549986066,770473,154,1329.0793176768977,34173,0,154,770319,770473,770473,0.9987141347954865,0,34173,0,0,0,0,0.0
296,1778309196.1468034,decode,154,425384,0.5513976654806115,770627,154,1329.0793176768977,34173,0,154,770473,770627,770627,0.9989137549986066,0,34173,0,0,0,0,0.0
297,1778309196.3060064,decode,154,770384,0.9985987698729042,770781,154,1329.0793176768977,34173,0,154,770627,770781,770781,0.9991133752017266,0,34173,69,69,0,0,0.0
299,1778309196.389636,decode,154,555348,0.7198615620929012,770538,154,1329.0793176768977,34104,0,154,770384,770538,770538,0.9987983900760242,0,34104,0,0,0,0,0.0
300,1778309196.4971068,decode,154,600280,0.7781039969408852,770692,154,1351.3899791663862,34104,0,154,770538,770692,770692,0.9989980102791443,0,34104,43,43,0,0,0.0
303,1778309196.6551788,decode,154,770588,0.998863201830284,770434,154,1351.3899791663862,34027,0,154,770280,770434,770434,0.998663581627164,0,34027,34,0,0,0,0.0
304,1778309196.7026856,decode,154,340274,0.4410750973796608,770588,154,1351.3899791663862,34027,0,154,770434,770588,770588,0.998863201830284,0,34027,0,0,0,0,0.0
305,1778309196.9142427,decode,154,770274,0.9984561840135326,770742,154,1351.3899791663862,34027,0,154,770588,770742,770742,0.999062822033404,0,34027,86,86,0,0,0.0
307,1778309196.9873497,decode,154,770582,0.9988554244197728,770428,154,1351.3899791663862,33941,0,154,770274,770428,770428,0.9986558042166528,0,33941,0,0,0,0,0.0
308,1778309197.0281296,decode,154,390333,0.5059633295094398,770582,154,1351.3899791663862,33941,0,154,770428,770582,770582,0.9988554244197728,0,33941,0,0,0,0,0.0
309,1778309197.204362,decode,154,770333,0.9985326618835592,770736,154,1351.3899791663862,33941,0,154,770582,770736,770736,0.9990550446228929,0,33941,76,76,0,0,0.0
311,1778309197.2830932,decode,154,605377,0.7847109071701244,770487,154,1351.3899791663862,33865,0,154,770333,770487,770487,0.9987322820866792,0,33865,0,0,0,0,0.0
312,1778309197.3649952,decode,154,575299,0.7457227482776276,770641,154,1351.3899791663862,33865,0,154,770487,770641,770641,0.9989319022897992,0,33865,33,33,0,0,0.0
315,1778309197.5348148,decode,154,770607,0.9988878302969026,770453,154,1351.3899791663862,33793,0,154,770299,770453,770453,0.9986882100937826,0,33793,39,0,0,0,0.0
316,1778309197.5809016,decode,154,360290,0.4670205388449249,770607,154,1351.3899791663862,33793,0,154,770453,770607,770607,0.9988878302969026,0,33793,0,0,0,0,0.0
317,1778309197.781076,decode,154,770290,0.9984769237748958,770761,154,1351.3899791663862,33793,0,154,770607,770761,770761,0.9990874505000227,0,33793,82,82,0,0,0.0
319,1778309197.8597927,decode,154,770598,0.9988761641811359,770444,154,1351.3899791663862,33711,0,154,770290,770444,770444,0.9986765439780159,0,33711,0,0,0,0,0.0
320,1778309197.9049892,decode,154,395342,0.5124561710511818,770598,154,1351.3899791663862,33711,0,154,770444,770598,770598,0.9988761641811359,0,33711,0,0,0,0,0.0
321,1778309198.0806603,decode,154,770342,0.9985443279993259,770752,154,1351.3899791663862,33711,0,154,770598,770752,770752,0.9990757843842559,0,33711,75,75,0,0,0.0
323,1778309198.1597772,decode,154,595370,0.7717394826725775,770496,154,1351.3899791663862,33636,0,154,770342,770496,770496,0.9987439482024459,0,33636,0,0,0,0,0.0
324,1778309198.2442727,decode,154,550282,0.713294835151303,770650,154,1351.3899791663862,33636,0,154,770496,770650,770650,0.9989435684055661,0,33636,35,35,0,0,0.0
327,1778309198.4223297,decode,154,770590,0.9988657943004543,770436,154,1351.3899791663862,33557,0,154,770282,770436,770436,0.9986661740973343,0,33557,44,0,0,0,0.0
328,1778309198.4674084,decode,154,350272,0.45403485576144087,770590,154,1351.3899791663862,33557,0,154,770436,770590,770590,0.9988657943004543,0,33557,0,0,0,0,0.0
329,1778309198.6704168,decode,154,770272,0.9984535915433623,770744,154,1351.3899791663862,33557,0,154,770590,770744,770744,0.9990654145035743,0,33557,84,84,0,0,0.0
331,1778309198.7465706,decode,154,770580,0.9988528319496024,770426,154,1351.3899791663862,33473,0,154,770272,770426,770426,0.9986532117464824,0,33473,0,0,0,0,0.0
332,1778309198.7910175,decode,154,395354,0.5124717258722041,770580,154,1351.3899791663862,33473,0,154,770426,770580,770580,0.9988528319496024,0,33473,0,0,0,0,0.0
333,1778309198.9682775,decode,154,770354,0.9985598828203482,770734,154,1351.3899791663862,33473,0,154,770580,770734,770734,0.9990524521527224,0,33473,75,75,0,0,0.0
335,1778309199.0500052,decode,154,575350,0.7457888562669726,770508,154,1351.3899791663862,33398,0,154,770354,770508,770508,0.9987595030234684,0,33398,0,0,0,0,0.0
336,1778309199.1411335,decode,154,600282,0.7781065894110556,770662,154,1351.3899791663862,33398,0,154,770508,770662,770662,0.9989591232265884,0,33398,39,39,0,0,0.0
339,1778309199.2961137,decode,154,770590,0.9988657943004543,770436,154,1351.3899791663862,33325,0,154,770282,770436,770436,0.9986661740973343,0,33325,34,0,0,0,0.0
340,1778309199.3404617,decode,154,410328,0.5318815500379149,770590,154,1351.3899791663862,33325,0,154,770436,770590,770590,0.9988657943004543,0,33325,0,0,0,0,0.0
341,1778309199.5095801,decode,154,770328,0.9985261807081333,770744,154,1351.3899791663862,33325,0,154,770590,770744,770744,0.9990654145035743,0,33325,72,72,0,0,0.0
343,1778309199.5847802,decode,154,770636,0.9989254211143733,770482,154,1351.3899791663862,33253,0,154,770328,770482,770482,0.9987258009112533,0,33253,0,0,0,0,0.0
344,1778309199.6278884,decode,154,395360,0.5124795032827153,770636,154,1351.3899791663862,33253,0,154,770482,770636,770636,0.9989254211143733,0,33253,0,0,0,0,0.0
345,1778309199.8015392,decode,154,770360,0.9985676602308595,770790,154,1351.3899791663862,33253,0,154,770636,770790,770790,0.9991250413174934,0,33253,75,75,0,0,0.0
347,1778309199.879346,decode,154,565340,0.7328135430641701,770514,154,1351.3899791663862,33178,0,154,770360,770514,770514,0.9987672804339796,0,33178,0,0,0,0,0.0
348,1778309199.9724534,decode,154,600272,0.7780936270602037,770668,154,1351.3899791663862,33178,0,154,770514,770668,770668,0.9989669006370996,0,33178,41,41,0,0,0.0
351,1778309200.1184332,decode,154,770580,0.9988528319496024,770426,154,1351.3899791663862,33103,0,154,770272,770426,770426,0.9986532117464824,0,33103,34,0,0,0,0.0
352,1778309200.1592467,decode,154,400322,0.5189114217754532,770580,154,1351.3899791663862,33103,0,154,770426,770580,770580,0.9988528319496024,0,33103,0,0,0,0,0.0
353,1778309200.3312657,decode,154,770322,0.9985184032976221,770734,154,1351.3899791663862,33103,0,154,770580,770734,770734,0.9990524521527224,0,33103,74,74,0,0,0.0
355,1778309200.4066174,decode,154,770630,0.9989176437038622,770476,154,1351.3899791663862,33029,0,154,770322,770476,770476,0.9987180235007421,0,33029,0,0,0,0,0.0
356,1778309200.450534,decode,154,355330,0.4605912128223575,770630,154,1351.3899791663862,33029,0,154,770476,770630,770630,0.9989176437038622,0,33029,0,0,0,0,0.0
357,1778309200.6554377,decode,154,770330,0.9985287731783036,770784,154,1351.3899791663862,33029,0,154,770630,770784,770784,0.9991172639069822,0,33029,83,83,0,0,0.0
359,1778309200.7359684,decode,154,575326,0.7457577466249279,770484,154,1351.3899791663862,32946,0,154,770330,770484,770484,0.9987283933814236,0,32946,0,0,0,0,0.0
360,1778309200.8292534,decode,154,545236,0.7067540329114088,770638,154,1421.9268244300104,32946,0,154,770484,770638,770638,0.9989280135845436,0,32946,39,39,0,0,0.0
363,1778309201.00367,decode,154,770544,0.9988061674865354,770390,154,1421.9268244300104,32862,0,154,770236,770390,770390,0.9986065472834154,0,32862,45,0,0,0,0.0
364,1778309201.0459502,decode,154,385307,0.4994484519712495,770544,154,1421.9268244300104,32862,0,154,770390,770544,770544,0.9988061674865354,0,32862,0,0,0,0,0.0
365,1778309201.2379932,decode,154,770307,0.9984989597713442,770698,154,1421.9268244300104,32862,0,154,770544,770698,770698,0.9990057876896554,0,32862,77,77,0,0,0.0
367,1778309201.3140898,decode,154,770615,0.9988982001775842,770461,154,1421.9268244300104,32785,0,154,770307,770461,770461,0.9986985799744642,0,32785,0,0,0,0,0.0
368,1778309201.3572495,decode,154,370339,0.48004640521604997,770615,154,1421.9268244300104,32785,0,154,770461,770615,770615,0.9988982001775842,0,32785,0,0,0,0,0.0
369,1778309201.547378,decode,154,770339,0.9985404392940703,770769,154,1421.9268244300104,32785,0,154,770615,770769,770769,0.9990978203807043,0,32785,80,80,0,0,0.0
371,1778309201.6265275,decode,154,575335,0.7457694127406946,770493,154,1421.9268244300104,32705,0,154,770339,770493,770493,0.9987400594971904,0,32705,0,0,0,0,0.0
372,1778309201.7179635,decode,154,555249,0.7197332348194668,770647,154,1421.9268244300104,32705,0,154,770493,770647,770647,0.9989396797003105,0,32705,39,39,0,0,0.0
375,1778309201.888615,decode,154,770557,0.9988230185426429,770403,154,1421.9268244300104,32623,0,154,770249,770403,770403,0.9986233983395228,0,32623,43,0,0,0,0.0
376,1778309201.9323065,decode,154,375299,0.4864757312386174,770557,154,1421.9268244300104,32623,0,154,770403,770557,770557,0.9988230185426429,0,32623,0,0,0,0,0.0
377,1778309202.118836,decode,154,770299,0.9984885898906626,770711,154,1421.9268244300104,32623,0,154,770557,770711,770711,0.9990226387457629,0,32623,79,79,0,0,0.0
379,1778309202.1928577,decode,154,770607,0.9988878302969026,770453,154,1421.9268244300104,32544,0,154,770299,770453,770453,0.9986882100937826,0,32544,0,0,0,0,0.0
380,1778309202.2369585,decode,154,390348,0.5059827730357177,770607,154,1421.9268244300104,32544,0,154,770453,770607,770607,0.9988878302969026,0,32544,0,0,0,0,0.0
381,1778309202.414764,decode,154,770348,0.9985521054098371,770761,154,1421.9268244300104,32544,0,154,770607,770761,770761,0.9990874505000227,0,32544,76,76,0,0,0.0
383,1778309202.493209,decode,154,580352,0.7522726241631182,770502,154,1421.9268244300104,32468,0,154,770348,770502,770502,0.9987517256129572,0,32468,0,0,0,0,0.0
384,1778309202.583105,decode,154,560268,0.7262390387120609,770656,154,1421.9268244300104,32468,0,154,770502,770656,770656,0.9989513458160773,0,32468,38,38,0,0,0.0
387,1778309202.7527983,decode,154,770576,0.9988476470092617,770422,154,1421.9268244300104,32388,0,154,770268,770422,770422,0.9986480268061415,0,32388,42,0,0,0,0.0
388,1778309202.7975757,decode,154,340272,0.4410725049094904,770576,154,1421.9268244300104,32388,0,154,770422,770576,770576,0.9988476470092617,0,32388,0,0,0,0,0.0
389,1778309203.0127983,decode,154,770272,0.9984535915433623,770730,154,1421.9268244300104,32388,0,154,770576,770730,770730,0.9990472672123817,0,32388,86,86,0,0,0.0
391,1778309203.0886688,decode,154,770580,0.9988528319496024,770426,154,1421.9268244300104,32302,0,154,770272,770426,770426,0.9986532117464824,0,32302,0,0,0,0,0.0
392,1778309203.131721,decode,154,405345,0.5254224106083879,770580,154,1421.9268244300104,32302,0,154,770426,770580,770580,0.9988528319496024,0,32302,0,0,0,0,0.0
393,1778309203.301315,decode,154,770345,0.9985482167045815,770734,154,1421.9268244300104,32302,0,154,770580,770734,770734,0.9990524521527224,0,32302,73,73,0,0,0.0
395,1778309203.3838272,decode,154,600381,0.7782349166844899,770499,154,1421.9268244300104,32229,0,154,770345,770499,770499,0.9987478369077016,0,32229,0,0,0,0,0.0
396,1778309203.4675548,decode,154,575303,0.7457279332179684,770653,154,1421.9268244300104,32229,0,154,770499,770653,770653,0.9989474571108217,0,32229,34,34,0,0,0.0
399,1778309203.6316903,decode,154,770611,0.9988930152372434,770457,154,1421.9268244300104,32156,0,154,770303,770457,770457,0.9986933950341234,0,32156,39,0,0,0,0.0
400,1778309203.676761,decode,154,335269,0.43458744077825956,770611,154,1421.9268244300104,32156,0,154,770457,770611,770611,0.9988930152372434,0,32156,0,0,0,0,0.0
401,1778309203.9214475,decode,154,770269,0.9984497028381067,770765,154,1421.9268244300104,32156,0,154,770611,770765,770765,0.9990926354403634,0,32156,87,87,0,0,0.0
403,1778309203.9970722,decode,154,770577,0.9988489432443468,770423,154,1421.9268244300104,32069,0,154,770269,770423,770423,0.9986493230412268,0,32069,0,0,0,0,0.0
404,1778309204.0385532,decode,154,390333,0.5059633295094398,770577,154,1421.9268244300104,32069,0,154,770423,770577,770577,0.9988489432443468,0,32069,0,0,0,0,0.0
405,1778309204.2163508,decode,154,770333,0.9985326618835592,770731,154,1421.9268244300104,32069,0,154,770577,770731,770731,0.9990485634474668,0,32069,76,76,0,0,0.0
407,1778309204.2932737,decode,154,605377,0.7847109071701244,770487,154,1421.9268244300104,31993,0,154,770333,770487,770487,0.9987322820866792,0,31993,0,0,0,0,0.0
408,1778309204.3713284,decode,154,580301,0.7522065161737733,770641,154,1421.9268244300104,31993,0,154,770487,770641,770641,0.9989319022897992,0,31993,33,33,0,0,0.0
411,1778309204.5318124,decode,154,770609,0.9988904227670731,770455,154,1421.9268244300104,31922,0,154,770301,770455,770455,0.998690802563953,0,31922,38,0,0,0,0.0
412,1778309204.5752835,decode,154,380304,0.49296338784001864,770609,154,1421.9268244300104,31922,0,154,770455,770609,770609,0.9988904227670731,0,31922,0,0,0,0,0.0
413,1778309204.7586634,decode,154,770304,0.9984950710660886,770763,154,1421.9268244300104,31922,0,154,770609,770763,770763,0.9990900429701931,0,31922,78,78,0,0,0.0
415,1778309204.8308332,decode,154,770612,0.9988943114723287,770458,154,1421.9268244300104,31844,0,154,770304,770458,770458,0.9986946912692086,0,31844,0,0,0,0,0.0
416,1778309204.874264,decode,154,360330,0.4670723882483327,770612,154,1421.9268244300104,31844,0,154,770458,770612,770612,0.9988943114723287,0,31844,0,0,0,0,0.0
417,1778309205.0750568,decode,154,770330,0.9985287731783036,770766,154,1421.9268244300104,31844,0,154,770612,770766,770766,0.9990939316754487,0,31844,82,82,0,0,0.0
419,1778309205.1531603,decode,154,580334,0.7522492919315847,770484,154,1421.9268244300104,31762,0,154,770330,770484,770484,0.9987283933814236,0,31762,0,0,0,0,0.0
420,1778309205.2409868,decode,154,575256,0.7456670101689642,770638,154,1396.2754857940072,31762,0,154,770484,770638,770638,0.9989280135845436,0,31762,38,38,0,0,0.0
423,1778309205.400117,decode,154,770564,0.9988320921882392,770410,154,1396.2754857940072,31685,0,154,770256,770410,770410,0.9986324719851192,0,31685,39,0,0,0,0.0
424,1778309205.4403715,decode,154,400326,0.518916606715794,770564,154,1396.2754857940072,31685,0,154,770410,770564,770564,0.9988320921882392,0,31685,0,0,0,0,0.0
425,1778309205.6103969,decode,154,770326,0.9985235882379628,770718,154,1396.2754857940072,31685,0,154,770564,770718,770718,0.9990317123913594,0,31685,74,74,0,0,0.0
427,1778309205.6814702,decode,154,770634,0.9989228286442029,770480,154,1396.2754857940072,31611,0,154,770326,770480,770480,0.9987232084410829,0,31611,0,0,0,0,0.0
428,1778309205.7221007,decode,154,380339,0.4930087560680005,770634,154,1396.2754857940072,31611,0,154,770480,770634,770634,0.9989228286442029,0,31611,0,0,0,0,0.0
429,1778309205.9024663,decode,154,770339,0.9985404392940703,770788,154,1396.2754857940072,31611,0,154,770634,770788,770788,0.9991224488473229,0,31611,78,78,0,0,0.0
431,1778309205.97539,decode,154,585351,0.7587525033540082,770493,154,1396.2754857940072,31533,0,154,770339,770493,770493,0.9987400594971904,0,31533,0,0,0,0,0.0
432,1778309206.057984,decode,154,580275,0.7521728140615582,770647,154,1396.2754857940072,31533,0,154,770493,770647,770647,0.9989396797003105,0,31533,37,37,0,0,0.0
435,1778309206.2091625,decode,154,770583,0.998856720654858,770429,154,1396.2754857940072,31458,0,154,770275,770429,770429,0.998657100451738,0,31458,38,0,0,0,0.0
436,1778309206.2489595,decode,154,375305,0.4864835086491286,770583,154,1396.2754857940072,31458,0,154,770429,770583,770583,0.998856720654858,0,31458,0,0,0,0,0.0
437,1778309206.4319127,decode,154,770305,0.9984963673011737,770737,154,1396.2754857940072,31458,0,154,770583,770737,770737,0.999056340857978,0,31458,79,79,0,0,0.0
439,1778309206.5004365,decode,154,770613,0.9988956077074138,770459,154,1396.2754857940072,31379,0,154,770305,770459,770459,0.9986959875042938,0,31379,0,0,0,0,0.0
440,1778309206.540879,decode,154,325300,0.4216652732139501,770613,154,1396.2754857940072,31379,0,154,770459,770613,770613,0.9988956077074138,0,31379,0,0,0,0,0.0
441,1778309206.7592695,decode,154,770300,0.9984898861257477,770767,154,1396.2754857940072,31379,0,154,770613,770767,770767,0.9990952279105338,0,31379,89,89,0,0,0.0
443,1778309206.8405395,decode,154,595328,0.7716850407989994,770454,154,1396.2754857940072,31290,0,154,770300,770454,770454,0.9986895063288678,0,31290,0,0,0,0,0.0
444,1778309206.9241295,decode,154,545238,0.7067566253815792,770608,154,1396.2754857940072,31290,0,154,770454,770608,770608,0.9988891265319878,0,31290,35,35,0,0,0.0
447,1778309207.086973,decode,154,770546,0.9988087599567057,770392,154,1396.2754857940072,31210,0,154,770238,770392,770392,0.9986091397535857,0,31210,45,0,0,0,0.0
448,1778309207.1251664,decode,154,445355,0.5772847763670419,770546,154,1396.2754857940072,31210,0,154,770392,770546,770546,0.9988087599567057,0,31210,0,0,0,0,0.0
449,1778309207.2678046,decode,154,770355,0.9985611790554335,770700,154,1396.2754857940072,31210,0,154,770546,770700,770700,0.9990083801598257,0,31210,65,65,0,0,0.0
451,1778309207.3349936,decode,154,770663,0.9989604194616736,770509,154,1396.2754857940072,31145,0,154,770355,770509,770509,0.9987607992585535,0,31145,0,0,0,0,0.0
452,1778309207.3739264,decode,154,385366,0.499524929841276,770663,154,1396.2754857940072,31145,0,154,770509,770663,770663,0.9989604194616736,0,31145,0,0,0,0,0.0
453,1778309207.5770447,decode,154,770366,0.9985754376413707,770817,154,1396.2754857940072,31145,0,154,770663,770817,770817,0.9991600396647936,0,31145,77,77,0,0,0.0
455,1778309207.649184,decode,154,545314,0.706855139248054,770520,154,1396.2754857940072,31068,0,154,770366,770520,770520,0.9987750578444907,0,31068,0,0,0,0,0.0
456,1778309207.749377,decode,154,580238,0.752124853363406,770674,154,1396.2754857940072,31068,0,154,770520,770674,770674,0.9989746780476108,0,31068,45,45,0,0,0.0
459,1778309207.9028063,decode,154,770546,0.9988087599567057,770392,154,1396.2754857940072,30985,0,154,770238,770392,770392,0.9986091397535857,0,30985,38,0,0,0,0.0
460,1778309207.9440372,decode,154,390312,0.5059361085726507,770546,154,1396.2754857940072,30985,0,154,770392,770546,770546,0.9988087599567057,0,30985,0,0,0,0,0.0
461,1778309208.1201475,decode,154,770312,0.9985054409467701,770700,154,1396.2754857940072,30985,0,154,770546,770700,770700,0.9990083801598257,0,30985,76,76,0,0,0.0
463,1778309208.190521,decode,154,770620,0.9989046813530101,770466,154,1396.2754857940072,30909,0,154,770312,770466,770466,0.9987050611498901,0,30909,0,0,0,0,0.0
464,1778309208.2311778,decode,154,400357,0.518956790003435,770620,154,1396.2754857940072,30909,0,154,770466,770620,770620,0.9989046813530101,0,30909,0,0,0,0,0.0
465,1778309208.4003506,decode,154,770357,0.9985637715256039,770774,154,1396.2754857940072,30909,0,154,770620,770774,770774,0.9991043015561302,0,30909,74,74,0,0,0.0
467,1778309208.4704728,decode,154,575353,0.7457927449722281,770511,154,1396.2754857940072,30835,0,154,770357,770511,770511,0.998763391728724,0,30835,0,0,0,0,0.0
468,1778309208.5573006,decode,154,600285,0.7781104781163112,770665,154,1396.2754857940072,30835,0,154,770511,770665,770665,0.998963011931844,0,30835,39,39,0,0,0.0
471,1778309208.6972604,decode,154,770593,0.9988696830057099,770439,154,1396.2754857940072,30762,0,154,770285,770439,770439,0.9986700628025899,0,30762,34,0,0,0,0.0
472,1778309208.7358,decode,154,370302,0.47999844451789775,770593,154,1396.2754857940072,30762,0,154,770439,770593,770593,0.9988696830057099,0,30762,0,0,0,0,0.0
473,1778309208.9227772,decode,154,770302,0.9984924785959182,770747,154,1396.2754857940072,30762,0,154,770593,770747,770747,0.9990693032088299,0,30762,80,80,0,0,0.0
475,1778309208.990178,decode,154,770610,0.9988917190021582,770456,154,1396.2754857940072,30682,0,154,770302,770456,770456,0.9986920987990382,0,30682,0,0,0,0,0.0
476,1778309209.0292604,decode,154,365321,0.4735418975585412,770610,154,1396.2754857940072,30682,0,154,770456,770610,770610,0.9988917190021582,0,30682,0,0,0,0,0.0
477,1778309209.2205596,decode,154,770321,0.9985171070625368,770764,154,1396.2754857940072,30682,0,154,770610,770764,770764,0.9990913392052783,0,30682,81,81,0,0,0.0
479,1778309209.290185,decode,154,600357,0.7782038070424452,770475,154,1396.2754857940072,30601,0,154,770321,770475,770475,0.9987167272656569,0,30601,0,0,0,0,0.0
480,1778309209.366958,decode,154,565275,0.7327292877836324,770629,154,1492.9805246492738,30601,0,154,770475,770629,770629,0.9989163474687769,0,30601,34,34,0,0,0.0
483,1778309209.5207765,decode,154,770583,0.998856720654858,770429,154,1492.9805246492738,30526,0,154,770275,770429,770429,0.998657100451738,0,30526,41,0,0,0,0.0
484,1778309209.5583642,decode,154,395317,0.512423765174052,770583,154,1492.9805246492738,30526,0,154,770429,770583,770583,0.998856720654858,0,30526,0,0,0,0,0.0
485,1778309209.7362611,decode,154,770317,0.9985119221221961,770737,154,1492.9805246492738,30526,0,154,770583,770737,770737,0.999056340857978,0,30526,75,75,0,0,0.0
487,1778309209.8044982,decode,154,770625,0.9989111625284361,770471,154,1492.9805246492738,30451,0,154,770317,770471,770471,0.9987115423253161,0,30451,0,0,0,0,0.0
488,1778309209.8445592,decode,154,395354,0.5124717258722041,770625,154,1492.9805246492738,30451,0,154,770471,770625,770625,0.9989111625284361,0,30451,0,0,0,0,0.0
489,1778309210.0182931,decode,154,770354,0.9985598828203482,770779,154,1492.9805246492738,30451,0,154,770625,770779,770779,0.9991107827315562,0,30451,75,75,0,0,0.0
491,1778309210.086767,decode,154,575350,0.7457888562669726,770508,154,1492.9805246492738,30376,0,154,770354,770508,770508,0.9987595030234684,0,30376,0,0,0,0,0.0
492,1778309210.172983,decode,154,530254,0.6873338388650165,770662,154,1492.9805246492738,30376,0,154,770508,770662,770662,0.9989591232265884,0,30376,39,39,0,0,0.0
495,1778309210.3378837,decode,154,770562,0.9988294997180689,770408,154,1492.9805246492738,30289,0,154,770254,770408,770408,0.9986298795149489,0,30289,48,0,0,0,0.0
496,1778309210.3754494,decode,154,375279,0.48644980653691355,770562,154,1492.9805246492738,30289,0,154,770408,770562,770562,0.9988294997180689,0,30289,0,0,0,0,0.0
497,1778309210.5570996,decode,154,770279,0.9984626651889587,770716,154,1492.9805246492738,30289,0,154,770562,770716,770716,0.9990291199211889,0,30289,79,79,0,0,0.0
499,1778309210.6246636,decode,154,770587,0.9988619055951987,770433,154,1492.9805246492738,30210,0,154,770279,770433,770433,0.9986622853920787,0,30210,0,0,0,0,0.0
500,1778309210.6627126,decode,154,455417,0.5903274937942745,770587,154,1492.9805246492738,30210,0,154,770433,770587,770587,0.9988619055951987,0,30210,0,0,0,0,0.0
501,1778309210.79929,decode,154,770417,0.9986415456307156,770741,154,1492.9805246492738,30210,0,154,770587,770741,770741,0.9990615257983188,0,30210,63,63,0,0,0.0
503,1778309210.870194,decode,154,530341,0.6874466113174286,770571,154,1492.9805246492738,30147,0,154,770417,770571,770571,0.9988411658338356,0,30147,0,0,0,0,0.0
504,1778309210.9783032,decode,154,610277,0.7910624590875801,770725,154,1492.9805246492738,30147,0,154,770571,770725,770725,0.9990407860369557,0,30147,48,48,0,0,0.0
507,1778309211.114438,decode,154,770585,0.9988593131250284,770431,154,1492.9805246492738,30067,0,154,770277,770431,770431,0.9986596929219084,0,30067,32,0,0,0,0.0
508,1778309211.1522834,decode,154,340266,0.44106472749897924,770585,154,1492.9805246492738,30067,0,154,770431,770585,770585,0.9988593131250284,0,30067,0,0,0,0,0.0
509,1778309211.3588746,decode,154,770266,0.9984458141328512,770739,154,1492.9805246492738,30067,0,154,770585,770739,770739,0.9990589333281484,0,30067,86,86,0,0,0.0
511,1778309211.4257097,decode,154,770574,0.9988450545390912,770420,154,1492.9805246492738,29981,0,154,770266,770420,770420,0.9986454343359712,0,29981,0,0,0,0,0.0
512,1778309211.4641764,decode,154,385342,0.49949382019923133,770574,154,1492.9805246492738,29981,0,154,770420,770574,770574,0.9988450545390912,0,29981,0,0,0,0,0.0
513,1778309211.6488485,decode,154,770342,0.9985443279993259,770728,154,1492.9805246492738,29981,0,154,770574,770728,770728,0.9990446747422113,0,29981,77,77,0,0,0.0
515,1778309211.7171085,decode,154,585354,0.7587563920592638,770496,154,1492.9805246492738,29904,0,154,770342,770496,770496,0.9987439482024459,0,29904,0,0,0,0,0.0
516,1778309211.7997015,decode,154,575276,0.7456929348706681,770650,154,1492.9805246492738,29904,0,154,770496,770650,770650,0.9989435684055661,0,29904,37,37,0,0,0.0
519,1778309211.9495873,decode,154,770584,0.9988580168899431,770430,154,1492.9805246492738,29828,0,154,770276,770430,770430,0.9986583966868231,0,29828,39,0,0,0,0.0
520,1778309211.9885757,decode,154,380304,0.49296338784001864,770584,154,1492.9805246492738,29828,0,154,770430,770584,770584,0.9988580168899431,0,29828,0,0,0,0,0.0
521,1778309212.181814,decode,154,770304,0.9984950710660886,770738,154,1492.9805246492738,29828,0,154,770584,770738,770738,0.9990576370930632,0,29828,78,78,0,0,0.0
523,1778309212.2469215,decode,154,770612,0.9988943114723287,770458,154,1492.9805246492738,29750,0,154,770304,770458,770458,0.9986946912692086,0,29750,0,0,0,0,0.0
524,1778309212.2848566,decode,154,380342,0.49301264477325607,770612,154,1492.9805246492738,29750,0,154,770458,770612,770612,0.9988943114723287,0,29750,0,0,0,0,0.0
525,1778309212.4621198,decode,154,770342,0.9985443279993259,770766,154,1492.9805246492738,29750,0,154,770612,770766,770766,0.9990939316754487,0,29750,78,78,0,0,0.0
527,1778309212.5292528,decode,154,580346,0.7522648467526071,770496,154,1492.9805246492738,29672,0,154,770342,770496,770496,0.9987439482024459,0,29672,0,0,0,0,0.0
528,1778309212.6113544,decode,154,600278,0.7781014044707149,770650,154,1492.9805246492738,29672,0,154,770496,770650,770650,0.9989435684055661,0,29672,38,38,0,0,0.0
531,1778309212.7490325,decode,154,770586,0.9988606093601136,770432,154,1492.9805246492738,29600,0,154,770278,770432,770432,0.9986609891569935,0,29600,34,0,0,0,0.0
532,1778309212.787242,decode,154,365307,0.4735237502673485,770586,154,1492.9805246492738,29600,0,154,770432,770586,770586,0.9988606093601136,0,29600,0,0,0,0,0.0
533,1778309212.9748957,decode,154,770307,0.9984989597713442,770740,154,1492.9805246492738,29600,0,154,770586,770740,770740,0.9990602295632336,0,29600,81,81,0,0,0.0
535,1778309213.0399258,decode,154,770615,0.9988982001775842,770461,154,1492.9805246492738,29519,0,154,770307,770461,770461,0.9986985799744642,0,29519,0,0,0,0,0.0
536,1778309213.0789773,decode,154,370309,0.48000751816349413,770615,154,1492.9805246492738,29519,0,154,770461,770615,770615,0.9988982001775842,0,29519,0,0,0,0,0.0
537,1778309213.2632565,decode,154,770309,0.9985015522415145,770769,154,1492.9805246492738,29519,0,154,770615,770769,770769,0.9990978203807043,0,29519,80,80,0,0,0.0
539,1778309213.3308606,decode,154,625385,0.810645978754707,770463,154,1492.9805246492738,29439,0,154,770309,770463,770463,0.9987011724446345,0,29439,0,0,0,0,0.0
540,1778309213.3988023,decode,154,565303,0.7327655823660179,770617,154,1527.833916357375,29439,0,154,770463,770617,770617,0.9989007926477546,0,29439,29,29,0,0,0.0
543,1778309213.5511808,decode,154,770611,0.9988930152372434,770457,154,1527.833916357375,29369,0,154,770303,770457,770457,0.9986933950341234,0,29369,41,0,0,0,0.0
544,1778309213.5904295,decode,154,380306,0.49296598031018907,770611,154,1527.833916357375,29369,0,154,770457,770611,770611,0.9988930152372434,0,29369,0,0,0,0,0.0
545,1778309213.7695076,decode,154,770306,0.9984976635362589,770765,154,1527.833916357375,29369,0,154,770611,770765,770765,0.9990926354403634,0,29369,78,78,0,0,0.0
547,1778309213.8369052,decode,154,770614,0.998896903942499,770460,154,1527.833916357375,29291,0,154,770306,770460,770460,0.9986972837393789,0,29291,0,0,0,0,0.0
548,1778309213.8760846,decode,154,370333,0.4800386278055388,770614,154,1527.833916357375,29291,0,154,770460,770614,770614,0.998896903942499,0,29291,0,0,0,0,0.0
549,1778309214.0614169,decode,154,770333,0.9985326618835592,770768,154,1527.833916357375,29291,0,154,770614,770768,770768,0.999096524145619,0,29291,80,80,0,0,0.0
551,1778309214.1299522,decode,154,585345,0.7587447259434971,770487,154,1527.833916357375,29211,0,154,770333,770487,770487,0.9987322820866792,0,29211,0,0,0,0,0.0
552,1778309214.2124565,decode,154,585271,0.7586488045471926,770641,154,1527.833916357375,29211,0,154,770487,770641,770641,0.9989319022897992,0,29211,37,37,0,0,0.0
555,1778309214.355347,decode,154,770579,0.9988515357145172,770425,154,1527.833916357375,29137,0,154,770271,770425,770425,0.9986519155113971,0,29137,37,0,0,0,0.0
556,1778309214.392983,decode,154,405329,0.5254016708470248,770579,154,1527.833916357375,29137,0,154,770425,770579,770579,0.9988515357145172,0,29137,0,0,0,0,0.0
557,1778309214.556231,decode,154,770329,0.9985274769432184,770733,154,1527.833916357375,29137,0,154,770579,770733,770733,0.9990511559176373,0,29137,73,73,0,0,0.0
559,1778309214.6206176,decode,154,770637,0.9989267173494585,770483,154,1527.833916357375,29064,0,154,770329,770483,770483,0.9987270971463384,0,29064,0,0,0,0,0.0
560,1778309214.6579976,decode,154,375339,0.4865275806420252,770637,154,1527.833916357375,29064,0,154,770483,770637,770637,0.9989267173494585,0,29064,0,0,0,0,0.0
561,1778309214.8390326,decode,154,770339,0.9985404392940703,770791,154,1527.833916357375,29064,0,154,770637,770791,770791,0.9991263375525785,0,29064,79,79,0,0,0.0
563,1778309214.9066942,decode,154,580343,0.7522609580473515,770493,154,1527.833916357375,28985,0,154,770339,770493,770493,0.9987400594971904,0,28985,0,0,0,0,0.0
564,1778309214.989434,decode,154,575265,0.745678676284731,770647,154,1527.833916357375,28985,0,154,770493,770647,770647,0.9989396797003105,0,28985,38,38,0,0,0.0
567,1778309215.134325,decode,154,770573,0.9988437583040061,770419,154,1527.833916357375,28908,0,154,770265,770419,770419,0.9986441381008859,0,28908,39,0,0,0,0.0
568,1778309215.1716468,decode,154,380308,0.49296857278035944,770573,154,1527.833916357375,28908,0,154,770419,770573,770573,0.9988437583040061,0,28908,0,0,0,0,0.0
569,1778309215.3494313,decode,154,770308,0.9985002560064293,770727,154,1527.833916357375,28908,0,154,770573,770727,770727,0.9990433785071261,0,28908,78,78,0,0,0.0
571,1778309215.413565,decode,154,770616,0.9988994964126694,770462,154,1527.833916357375,28830,0,154,770308,770462,770462,0.9986998762095494,0,28830,0,0,0,0,0.0
572,1778309215.451112,decode,154,375333,0.48651980323151406,770616,154,1527.833916357375,28830,0,154,770462,770616,770616,0.9988994964126694,0,28830,0,0,0,0,0.0
573,1778309215.632341,decode,154,770333,0.9985326618835592,770770,154,1527.833916357375,28830,0,154,770616,770770,770770,0.9990991166157894,0,28830,79,79,0,0,0.0
575,1778309215.7005136,decode,154,590353,0.7652362712501539,770487,154,1527.833916357375,28751,0,154,770333,770487,770487,0.9987322820866792,0,28751,0,0,0,0,0.0
576,1778309215.7811842,decode,154,570273,0.7392078707394373,770641,154,1527.833916357375,28751,0,154,770487,770641,770641,0.9989319022897992,0,28751,36,36,0,0,0.0
579,1778309215.929572,decode,154,770581,0.9988541281846876,770427,154,1527.833916357375,28675,0,154,770273,770427,770427,0.9986545079815675,0,28675,40,0,0,0,0.0
580,1778309215.966894,decode,154,430336,0.5578166216224975,770581,154,1527.833916357375,28675,0,154,770427,770581,770581,0.9988541281846876,0,28675,0,0,0,0,0.0
581,1778309216.116611,decode,154,770336,0.9985365505888147,770735,154,1527.833916357375,28675,0,154,770581,770735,770735,0.9990537483878076,0,28675,68,68,0,0,0.0
583,1778309216.1808438,decode,154,770644,0.9989357909950549,770490,154,1527.833916357375,28607,0,154,770336,770490,770490,0.9987361707919348,0,28607,0,0,0,0,0.0
584,1778309216.2179315,decode,154,415390,0.5384430920391722,770644,154,1527.833916357375,28607,0,154,770490,770644,770644,0.9989357909950549,0,28607,0,0,0,0,0.0
585,1778309216.3835363,decode,154,770390,0.9986065472834154,770798,154,1527.833916357375,28607,0,154,770644,770798,770798,0.999135411198175,0,28607,71,71,0,0,0.0
587,1778309216.4535341,decode,154,535322,0.6939031582767851,770544,154,1527.833916357375,28536,0,154,770390,770544,770544,0.9988061674865354,0,28536,0,0,0,0,0.0
588,1778309216.5539563,decode,154,620262,0.8040053664132527,770698,154,1527.833916357375,28536,0,154,770544,770698,770698,0.9990057876896554,0,28536,47,47,0,0,0.0
591,1778309216.6839433,decode,154,770570,0.9988398695987504,770416,154,1527.833916357375,28459,0,154,770262,770416,770416,0.9986402493956303,0,28459,30,0,0,0,0.0
592,1778309216.7205908,decode,154,405325,0.5253964859066841,770570,154,1527.833916357375,28459,0,154,770416,770570,770570,0.9988398695987504,0,28459,0,0,0,0,0.0
593,1778309216.882852,decode,154,770325,0.9985222920028777,770724,154,1527.833916357375,28459,0,154,770570,770724,770724,0.9990394898018705,0,28459,73,73,0,0,0.0
595,1778309216.9467056,decode,154,770633,0.9989215324091177,770479,154,1527.833916357375,28386,0,154,770325,770479,770479,0.9987219122059977,0,28386,0,0,0,0,0.0
596,1778309216.9834511,decode,154,390354,0.505990550446229,770633,154,1527.833916357375,28386,0,154,770479,770633,770633,0.9989215324091177,0,28386,0,0,0,0,0.0
597,1778309217.1548676,decode,154,770354,0.9985598828203482,770787,154,1527.833916357375,28386,0,154,770633,770787,770787,0.9991211526122378,0,28386,76,76,0,0,0.0
599,1778309217.2198145,decode,154,570342,0.7392973109603158,770508,154,1527.833916357375,28310,0,154,770354,770508,770508,0.9987595030234684,0,28310,0,0,0,0,0.0
600,1778309217.3044438,decode,154,590270,0.7651286837380827,770662,154,1577.2081963717185,28310,0,154,770508,770662,770662,0.9989591232265884,0,28310,40,40,0,0,0.0
603,1778309217.44123,decode,154,770578,0.998850239479432,770424,154,1577.2081963717185,28234,0,154,770270,770424,770424,0.9986506192763119,0,28234,36,0,0,0,0.0
604,1778309217.4768062,decode,154,395317,0.512423765174052,770578,154,1577.2081963717185,28234,0,154,770424,770578,770578,0.998850239479432,0,28234,0,0,0,0,0.0
605,1778309217.6442044,decode,154,770317,0.9985119221221961,770732,154,1577.2081963717185,28234,0,154,770578,770732,770732,0.999049859682552,0,28234,75,75,0,0,0.0
607,1778309217.7050066,decode,154,770625,0.9989111625284361,770471,154,1577.2081963717185,28159,0,154,770317,770471,770471,0.9987115423253161,0,28159,0,0,0,0,0.0
608,1778309217.7404366,decode,154,390351,0.5059866617409734,770625,154,1577.2081963717185,28159,0,154,770471,770625,770625,0.9989111625284361,0,28159,0,0,0,0,0.0
609,1778309217.9120638,decode,154,770351,0.9985559941150927,770779,154,1577.2081963717185,28159,0,154,770625,770779,770779,0.9991107827315562,0,28159,76,76,0,0,0.0
611,1778309217.9802969,decode,154,575347,0.745784967561717,770505,154,1577.2081963717185,28083,0,154,770351,770505,770505,0.9987556143182128,0,28083,0,0,0,0,0.0
612,1778309218.0667694,decode,154,570267,0.7392000933289261,770659,154,1577.2081963717185,28083,0,154,770505,770659,770659,0.9989552345213328,0,28083,39,39,0,0,0.0
615,1778309218.2134454,decode,154,770575,0.9988463507741764,770421,154,1577.2081963717185,28004,0,154,770267,770421,770421,0.9986467305710564,0,28004,40,0,0,0,0.0
616,1778309218.250669,decode,154,365291,0.47350301050598537,770575,154,1577.2081963717185,28004,0,154,770421,770575,770575,0.9988463507741764,0,28004,0,0,0,0,0.0
617,1778309218.4409852,decode,154,770291,0.998478220009981,770729,154,1577.2081963717185,28004,0,154,770575,770729,770729,0.9990459709772964,0,28004,81,81,0,0,0.0
619,1778309218.5025983,decode,154,770599,0.998877460416221,770445,154,1577.2081963717185,27923,0,154,770291,770445,770445,0.998677840213101,0,27923,0,0,0,0,0.0
620,1778309218.538639,decode,154,380339,0.4930087560680005,770599,154,1577.2081963717185,27923,0,154,770445,770599,770599,0.998877460416221,0,27923,0,0,0,0,0.0
621,1778309218.715513,decode,154,770339,0.9985404392940703,770753,154,1577.2081963717185,27923,0,154,770599,770753,770753,0.9990770806193411,0,27923,78,78,0,0,0.0
623,1778309218.778906,decode,154,585351,0.7587525033540082,770493,154,1577.2081963717185,27845,0,154,770339,770493,770493,0.9987400594971904,0,27845,0,0,0,0,0.0
624,1778309218.8583822,decode,154,535257,0.6938189029962474,770647,154,1577.2081963717185,27845,0,154,770493,770647,770647,0.9989396797003105,0,27845,37,37,0,0,0.0
627,1778309219.0139177,decode,154,770565,0.9988333884233245,770411,154,1577.2081963717185,27761,0,154,770257,770411,770411,0.9986337682202044,0,27761,47,0,0,0,0.0
628,1778309219.0494125,decode,154,370284,0.47997511228636425,770565,154,1577.2081963717185,27761,0,154,770411,770565,770565,0.9988333884233245,0,27761,0,0,0,0,0.0
629,1778309219.231309,decode,154,770284,0.9984691463643847,770719,154,1577.2081963717185,27761,0,154,770565,770719,770719,0.9990330086264445,0,27761,80,80,0,0,0.0
631,1778309219.2917454,decode,154,770592,0.9988683867706247,770438,154,1577.2081963717185,27681,0,154,770284,770438,770438,0.9986687665675047,0,27681,0,0,0,0,0.0
632,1778309219.3258371,decode,154,430387,0.5578827296118424,770592,154,1577.2081963717185,27681,0,154,770438,770592,770592,0.9988683867706247,0,27681,0,0,0,0,0.0
633,1778309219.4749177,decode,154,770387,0.9986026585781598,770746,154,1577.2081963717185,27681,0,154,770592,770746,770746,0.9990680069737448,0,27681,68,68,0,0,0.0
635,1778309219.5396428,decode,154,555351,0.7198654507981568,770541,154,1577.2081963717185,27613,0,154,770387,770541,770541,0.9988022787812798,0,27613,0,0,0,0,0.0
636,1778309219.630851,decode,154,580275,0.7521728140615582,770695,154,1577.2081963717185,27613,0,154,770541,770695,770695,0.9990018989843998,0,27613,43,43,0,0,0.0
639,1778309219.7724485,decode,154,770583,0.998856720654858,770429,154,1577.2081963717185,27532,0,154,770275,770429,770429,0.998657100451738,0,27532,38,0,0,0,0.0
640,1778309219.8093889,decode,154,395297,0.512397840472348,770583,154,1577.2081963717185,27532,0,154,770429,770583,770583,0.998856720654858,0,27532,0,0,0,0,0.0
641,1778309219.9768877,decode,154,770297,0.9984859974204922,770737,154,1577.2081963717185,27532,0,154,770583,770737,770737,0.999056340857978,0,27532,75,75,0,0,0.0
643,1778309220.0371227,decode,154,770605,0.9988852378267322,770451,154,1577.2081963717185,27457,0,154,770297,770451,770451,0.9986856176236122,0,27457,0,0,0,0,0.0
644,1778309220.0729017,decode,154,435408,0.5643911259746067,770605,154,1577.2081963717185,27457,0,154,770451,770605,770605,0.9988852378267322,0,27457,0,0,0,0,0.0
645,1778309220.2186103,decode,154,770408,0.9986298795149489,770759,154,1577.2081963717185,27457,0,154,770605,770759,770759,0.9990848580298523,0,27457,67,67,0,0,0.0
647,1778309220.28311,decode,154,525324,0.680943399895005,770562,154,1577.2081963717185,27390,0,154,770408,770562,770562,0.9988294997180689,0,27390,0,0,0,0,0.0
648,1778309220.3878434,decode,154,605258,0.7845566551949862,770716,154,1577.2081963717185,27390,0,154,770562,770716,770716,0.9990291199211889,0,27390,49,49,0,0,0.0
651,1778309220.51725,decode,154,770566,0.9988346846584096,770412,154,1577.2081963717185,27308,0,154,770258,770412,770412,0.9986350644552896,0,27308,33,0,0,0,0.0
652,1778309220.5519943,decode,154,370290,0.4799828896968754,770566,154,1577.2081963717185,27308,0,154,770412,770566,770566,0.9988346846584096,0,27308,0,0,0,0,0.0
653,1778309220.7330828,decode,154,770290,0.9984769237748958,770720,154,1577.2081963717185,27308,0,154,770566,770720,770720,0.9990343048615297,0,27308,80,80,0,0,0.0
655,1778309220.7902298,decode,154,770598,0.9988761641811359,770444,154,1577.2081963717185,27228,0,154,770290,770444,770444,0.9986765439780159,0,27228,0,0,0,0,0.0
656,1778309220.8227649,decode,154,425375,0.5513859993648448,770598,154,1577.2081963717185,27228,0,154,770444,770598,770598,0.9988761641811359,0,27228,0,0,0,0,0.0
657,1778309220.970602,decode,154,770375,0.9985871037571374,770752,154,1577.2081963717185,27228,0,154,770598,770752,770752,0.9990757843842559,0,27228,69,69,0,0,0.0
659,1778309221.0300994,decode,154,570363,0.7393245318971049,770529,154,1577.2081963717185,27159,0,154,770375,770529,770529,0.9987867239602575,0,27159,0,0,0,0,0.0
660,1778309221.112651,decode,154,585289,0.7586721367787261,770683,154,1617.5636353959005,27159,0,154,770529,770683,770683,0.9989863441633775,0,27159,40,40,0,0,0.0
663,1778309221.2487245,decode,154,770597,0.9988748679460507,770443,154,1617.5636353959005,27082,0,154,770289,770443,770443,0.9986752477429307,0,27082,37,0,0,0,0.0
664,1778309221.284642,decode,154,380292,0.4929478330189963,770597,154,1617.5636353959005,27082,0,154,770443,770597,770597,0.9988748679460507,0,27082,0,0,0,0,0.0
665,1778309221.461777,decode,154,770292,0.9984795162450663,770751,154,1617.5636353959005,27082,0,154,770597,770751,770751,0.9990744881491708,0,27082,78,78,0,0,0.0
667,1778309221.5187943,decode,154,770600,0.9988787566513063,770446,154,1617.5636353959005,27004,0,154,770292,770446,770446,0.9986791364481863,0,27004,0,0,0,0,0.0
668,1778309221.5526686,decode,154,390366,0.5060061052672513,770600,154,1617.5636353959005,27004,0,154,770446,770600,770600,0.9988787566513063,0,27004,0,0,0,0,0.0
669,1778309221.7219107,decode,154,770366,0.9985754376413707,770754,154,1617.5636353959005,27004,0,154,770600,770754,770754,0.9990783768544264,0,27004,76,76,0,0,0.0
671,1778309221.7820554,decode,154,550322,0.7133466845547108,770520,154,1617.5636353959005,26928,0,154,770366,770520,770520,0.9987750578444907,0,26928,0,0,0,0,0.0
672,1778309221.8749585,decode,154,560238,0.726200151659505,770674,154,1617.5636353959005,26928,0,154,770520,770674,770674,0.9989746780476108,0,26928,44,44,0,0,0.0
675,1778309222.0144763,decode,154,770546,0.9988087599567057,770392,154,1617.5636353959005,26842,0,154,770238,770392,770392,0.9986091397535857,0,26842,42,0,0,0,0.0
676,1778309222.047771,decode,154,360284,0.4670127614344137,770546,154,1617.5636353959005,26842,0,154,770392,770546,770546,0.9988087599567057,0,26842,0,0,0,0,0.0
677,1778309222.2336926,decode,154,770284,0.9984691463643847,770700,154,1617.5636353959005,26842,0,154,770546,770700,770700,0.9990083801598257,0,26842,82,82,0,0,0.0
679,1778309222.2899008,decode,154,770592,0.9988683867706247,770438,154,1617.5636353959005,26760,0,154,770284,770438,770438,0.9986687665675047,0,26760,0,0,0,0,0.0
680,1778309222.3246377,decode,154,385345,0.4994977089044869,770592,154,1617.5636353959005,26760,0,154,770438,770592,770592,0.9988683867706247,0,26760,0,0,0,0,0.0
681,1778309222.4969265,decode,154,770345,0.9985482167045815,770746,154,1617.5636353959005,26760,0,154,770592,770746,770746,0.9990680069737448,0,26760,77,77,0,0,0.0
683,1778309222.5618243,decode,154,580349,0.7522687354578627,770499,154,1617.5636353959005,26683,0,154,770345,770499,770499,0.9987478369077016,0,26683,0,0,0,0,0.0
684,1778309222.6430516,decode,154,590277,0.7651377573836791,770653,154,1617.5636353959005,26683,0,154,770499,770653,770653,0.9989474571108217,0,26683,38,38,0,0,0.0
687,1778309222.7779975,decode,154,770585,0.9988593131250284,770431,154,1617.5636353959005,26609,0,154,770277,770431,770431,0.9986596929219084,0,26609,36,0,0,0,0.0
688,1778309222.8134031,decode,154,390316,0.5059412935129916,770585,154,1617.5636353959005,26609,0,154,770431,770585,770585,0.9988593131250284,0,26609,0,0,0,0,0.0
689,1778309222.9834785,decode,154,770316,0.9985106258871109,770739,154,1617.5636353959005,26609,0,154,770585,770739,770739,0.9990589333281484,0,26609,76,76,0,0,0.0
691,1778309223.0442338,decode,154,770624,0.998909866293351,770470,154,1617.5636353959005,26533,0,154,770316,770470,770470,0.998710246090231,0,26533,0,0,0,0,0.0
692,1778309223.0806575,decode,154,380339,0.4930087560680005,770624,154,1617.5636353959005,26533,0,154,770470,770624,770624,0.998909866293351,0,26533,0,0,0,0,0.0
693,1778309223.2597506,decode,154,770339,0.9985404392940703,770778,154,1617.5636353959005,26533,0,154,770624,770778,770778,0.999109486496471,0,26533,78,78,0,0,0.0
695,1778309223.3249192,decode,154,585351,0.7587525033540082,770493,154,1617.5636353959005,26455,0,154,770339,770493,770493,0.9987400594971904,0,26455,0,0,0,0,0.0
696,1778309223.4042115,decode,154,575273,0.7456890461654125,770647,154,1617.5636353959005,26455,0,154,770493,770647,770647,0.9989396797003105,0,26455,37,37,0,0,0.0
699,1778309223.5430553,decode,154,770581,0.9988541281846876,770427,154,1617.5636353959005,26379,0,154,770273,770427,770427,0.9986545079815675,0,26379,39,0,0,0,0.0
700,1778309223.5786946,decode,154,405321,0.5253913009663432,770581,154,1617.5636353959005,26379,0,154,770427,770581,770581,0.9988541281846876,0,26379,0,0,0,0,0.0
701,1778309223.7416823,decode,154,770321,0.9985171070625368,770735,154,1617.5636353959005,26379,0,154,770581,770735,770735,0.9990537483878076,0,26379,73,73,0,0,0.0
703,1778309223.8008242,decode,154,770629,0.9989163474687769,770475,154,1617.5636353959005,26306,0,154,770321,770475,770475,0.9987167272656569,0,26306,0,0,0,0,0.0
704,1778309223.8358073,decode,154,365345,0.47357300720058587,770629,154,1617.5636353959005,26306,0,154,770475,770629,770629,0.9989163474687769,0,26306,0,0,0,0,0.0
705,1778309224.0413907,decode,154,770345,0.9985482167045815,770783,154,1617.5636353959005,26306,0,154,770629,770783,770783,0.9991159676718969,0,26306,81,81,0,0,0.0
707,1778309224.109771,decode,154,560317,0.7263025542312354,770499,154,1617.5636353959005,26225,0,154,770345,770499,770499,0.9987478369077016,0,26225,0,0,0,0,0.0
708,1778309224.1976569,decode,154,575239,0.745644974172516,770653,154,1617.5636353959005,26225,0,154,770499,770653,770653,0.9989474571108217,0,26225,42,42,0,0,0.0
711,1778309224.3350632,decode,154,770547,0.998810056191791,770393,154,1617.5636353959005,26144,0,154,770239,770393,770393,0.9986104359886709,0,26144,39,0,0,0,0.0
712,1778309224.370903,decode,154,385315,0.4994588218519311,770547,154,1617.5636353959005,26144,0,154,770393,770547,770547,0.998810056191791,0,26144,0,0,0,0,0.0
713,1778309224.5437002,decode,154,770315,0.9985093296520257,770701,154,1617.5636353959005,26144,0,154,770547,770701,770701,0.999009676394911,0,26144,77,77,0,0,0.0
715,1778309224.6017368,decode,154,770623,0.9989085700582657,770469,154,1617.5636353959005,26067,0,154,770315,770469,770469,0.9987089498551457,0,26067,0,0,0,0,0.0
716,1778309224.637263,decode,154,380333,0.4930009786574893,770623,154,1617.5636353959005,26067,0,154,770469,770623,770623,0.9989085700582657,0,26067,0,0,0,0,0.0
717,1778309224.812586,decode,154,770333,0.9985326618835592,770777,154,1617.5636353959005,26067,0,154,770623,770777,770777,0.9991081902613858,0,26067,78,78,0,0,0.0
719,1778309224.8731358,decode,154,595361,0.7717278165568108,770487,154,1617.5636353959005,25989,0,154,770333,770487,770487,0.9987322820866792,0,25989,0,0,0,0,0.0
720,1778309224.9489913,decode,154,580285,0.7521857764124101,770641,154,1605.69201644098,25989,0,154,770487,770641,770641,0.9989319022897992,0,25989,35,35,0,0,0.0
723,1778309225.1029232,decode,154,770593,0.9988696830057099,770439,154,1605.69201644098,25916,0,154,770285,770439,770439,0.9986700628025899,0,25916,38,0,0,0,0.0
724,1778309225.138283,decode,154,405323,0.5253938934365137,770593,154,1605.69201644098,25916,0,154,770439,770593,770593,0.9988696830057099,0,25916,0,0,0,0,0.0
725,1778309225.2985299,decode,154,770323,0.9985196995327073,770747,154,1605.69201644098,25916,0,154,770593,770747,770747,0.9990693032088299,0,25916,73,73,0,0,0.0
727,1778309225.3548458,decode,154,770631,0.9989189399389473,770477,154,1605.69201644098,25843,0,154,770323,770477,770477,0.9987193197358273,0,25843,0,0,0,0,0.0
728,1778309225.389302,decode,154,395360,0.5124795032827153,770631,154,1605.69201644098,25843,0,154,770477,770631,770631,0.9989189399389473,0,25843,0,0,0,0,0.0
729,1778309225.555308,decode,154,770360,0.9985676602308595,770785,154,1605.69201644098,25843,0,154,770631,770785,770785,0.9991185601420673,0,25843,75,75,0,0,0.0
731,1778309225.6167204,decode,154,565340,0.7328135430641701,770514,154,1605.69201644098,25768,0,154,770360,770514,770514,0.9987672804339796,0,25768,0,0,0,0,0.0
732,1778309225.7026753,decode,154,565258,0.7327072517871841,770668,154,1605.69201644098,25768,0,154,770514,770668,770668,0.9989669006370996,0,25768,41,41,0,0,0.0
735,1778309225.846069,decode,154,770566,0.9988346846584096,770412,154,1605.69201644098,25686,0,154,770258,770412,770412,0.9986350644552896,0,25686,41,0,0,0,0.0
736,1778309225.8787394,decode,154,400308,0.5188932744842605,770566,154,1605.69201644098,25686,0,154,770412,770566,770566,0.9988346846584096,0,25686,0,0,0,0,0.0
737,1778309226.041203,decode,154,770308,0.9985002560064293,770720,154,1605.69201644098,25686,0,154,770566,770720,770720,0.9990343048615297,0,25686,74,74,0,0,0.0
739,1778309226.0976949,decode,154,770616,0.9988994964126694,770462,154,1605.69201644098,25612,0,154,770308,770462,770462,0.9986998762095494,0,25612,0,0,0,0,0.0
740,1778309226.129206,decode,154,405381,0.5254690750714549,770616,154,1605.69201644098,25612,0,154,770462,770616,770616,0.9988994964126694,0,25612,0,0,0,0,0.0
741,1778309226.2904873,decode,154,770381,0.9985948811676486,770770,154,1605.69201644098,25612,0,154,770616,770770,770770,0.9990991166157894,0,25612,73,73,0,0,0.0
743,1778309226.351516,decode,154,540321,0.7003830374676752,770535,154,1605.69201644098,25539,0,154,770381,770535,770535,0.9987945013707686,0,25539,0,0,0,0,0.0
744,1778309226.446613,decode,154,550233,0.7132313196321285,770689,154,1605.69201644098,25539,0,154,770535,770689,770689,0.9989941215738887,0,25539,46,46,0,0,0.0
747,1778309226.5951502,decode,154,770541,0.9988022787812798,770387,154,1605.69201644098,25449,0,154,770233,770387,770387,0.9986026585781598,0,25449,44,0,0,0,0.0
748,1778309226.6312685,decode,154,355271,0.460514734952331,770541,154,1605.69201644098,25449,0,154,770387,770541,770541,0.9988022787812798,0,25449,0,0,0,0,0.0
749,1778309226.82263,decode,154,770271,0.9984522953082771,770695,154,1605.69201644098,25449,0,154,770541,770695,770695,0.9990018989843998,0,25449,83,83,0,0,0.0
751,1778309226.88161,decode,154,770579,0.9988515357145172,770425,154,1605.69201644098,25366,0,154,770271,770425,770425,0.9986519155113971,0,25366,0,0,0,0,0.0
752,1778309226.9152603,decode,154,405369,0.5254535202504326,770579,154,1605.69201644098,25366,0,154,770425,770579,770579,0.9988515357145172,0,25366,0,0,0,0,0.0
753,1778309227.0752091,decode,154,770369,0.9985793263466263,770733,154,1605.69201644098,25366,0,154,770579,770733,770733,0.9990511559176373,0,25366,73,73,0,0,0.0
755,1778309227.135061,decode,154,560341,0.72633366387328,770523,154,1605.69201644098,25293,0,154,770369,770523,770523,0.9987789465497463,0,25293,0,0,0,0,0.0
756,1778309227.2236524,decode,154,540249,0.700289708541541,770677,154,1605.69201644098,25293,0,154,770523,770677,770677,0.9989785667528663,0,25293,42,42,0,0,0.0
759,1778309227.3720288,decode,154,770557,0.9988230185426429,770403,154,1605.69201644098,25205,0,154,770249,770403,770403,0.9986233983395228,0,25205,46,0,0,0,0.0
760,1778309227.4080412,decode,154,365273,0.47347967827445187,770557,154,1605.69201644098,25205,0,154,770403,770557,770557,0.9988230185426429,0,25205,0,0,0,0,0.0
761,1778309227.5921907,decode,154,770273,0.9984548877784475,770711,154,1605.69201644098,25205,0,154,770557,770711,770711,0.9990226387457629,0,25205,81,81,0,0,0.0
763,1778309227.6450694,decode,154,770581,0.9988541281846876,770427,154,1605.69201644098,25124,0,154,770273,770427,770427,0.9986545079815675,0,25124,0,0,0,0,0.0
764,1778309227.6775312,decode,154,405381,0.5254690750714549,770581,154,1605.69201644098,25124,0,154,770427,770581,770581,0.9988541281846876,0,25124,0,0,0,0,0.0
765,1778309227.8356807,decode,154,770381,0.9985948811676486,770735,154,1605.69201644098,25124,0,154,770581,770735,770735,0.9990537483878076,0,25124,73,73,0,0,0.0
767,1778309227.894331,decode,154,540321,0.7003830374676752,770535,154,1605.69201644098,25051,0,154,770381,770535,770535,0.9987945013707686,0,25051,0,0,0,0,0.0
768,1778309227.9901674,decode,154,590249,0.7651014628012937,770689,154,1605.69201644098,25051,0,154,770535,770689,770689,0.9989941215738887,0,25051,46,46,0,0,0.0
771,1778309228.1182394,decode,154,770557,0.9988230185426429,770403,154,1605.69201644098,24969,0,154,770249,770403,770403,0.9986233983395228,0,24969,36,0,0,0,0.0
772,1778309228.1501598,decode,154,405317,0.5253861160260025,770557,154,1605.69201644098,24969,0,154,770403,770557,770557,0.9988230185426429,0,24969,0,0,0,0,0.0
773,1778309228.3094552,decode,154,770317,0.9985119221221961,770711,154,1605.69201644098,24969,0,154,770557,770711,770711,0.9990226387457629,0,24969,73,73,0,0,0.0
775,1778309228.364285,decode,154,770625,0.9989111625284361,770471,154,1605.69201644098,24896,0,154,770317,770471,770471,0.9987115423253161,0,24896,0,0,0,0,0.0
776,1778309228.3968432,decode,154,390366,0.5060061052672513,770625,154,1605.69201644098,24896,0,154,770471,770625,770625,0.9989111625284361,0,24896,0,0,0,0,0.0
777,1778309228.5669537,decode,154,770366,0.9985754376413707,770779,154,1605.69201644098,24896,0,154,770625,770779,770779,0.9991107827315562,0,24896,76,76,0,0,0.0
779,1778309228.6248863,decode,154,550322,0.7133466845547108,770520,154,1605.69201644098,24820,0,154,770366,770520,770520,0.9987750578444907,0,24820,0,0,0,0,0.0
780,1778309228.7138374,decode,154,605256,0.7845540627248158,770674,154,1636.1867511385815,24820,0,154,770520,770674,770674,0.9989746780476108,0,24820,44,44,0,0,0.0
783,1778309228.834053,decode,154,770564,0.9988320921882392,770410,154,1636.1867511385815,24743,0,154,770256,770410,770410,0.9986324719851192,0,24743,33,0,0,0,0.0
784,1778309228.865642,decode,154,415335,0.5383717991094865,770564,154,1636.1867511385815,24743,0,154,770410,770564,770564,0.9988320921882392,0,24743,0,0,0,0,0.0
785,1778309229.0191174,decode,154,770335,0.9985352543537296,770718,154,1636.1867511385815,24743,0,154,770564,770718,770718,0.9990317123913594,0,24743,71,71,0,0,0.0
787,1778309229.0722232,decode,154,770643,0.9989344947599696,770489,154,1636.1867511385815,24672,0,154,770335,770489,770489,0.9987348745568496,0,24672,0,0,0,0,0.0
788,1778309229.1052983,decode,154,365339,0.4735652297900747,770643,154,1636.1867511385815,24672,0,154,770489,770643,770643,0.9989344947599696,0,24672,0,0,0,0,0.0
789,1778309229.286539,decode,154,770339,0.9985404392940703,770797,154,1636.1867511385815,24672,0,154,770643,770797,770797,0.9991341149630897,0,24672,81,81,0,0,0.0
791,1778309229.3443544,decode,154,570327,0.7392778674340378,770493,154,1636.1867511385815,24591,0,154,770339,770493,770493,0.9987400594971904,0,24591,0,0,0,0,0.0
792,1778309229.4275267,decode,154,535233,0.6937877933542027,770647,154,1636.1867511385815,24591,0,154,770493,770647,770647,0.9989396797003105,0,24591,40,40,0,0,0.0
795,1778309229.573177,decode,154,770541,0.9988022787812798,770387,154,1636.1867511385815,24504,0,154,770233,770387,770387,0.9986026585781598,0,24504,47,0,0,0,0.0
796,1778309229.604566,decode,154,385299,0.49943808209056795,770541,154,1636.1867511385815,24504,0,154,770387,770541,770541,0.9988022787812798,0,24504,0,0,0,0,0.0
797,1778309229.775827,decode,154,770299,0.9984885898906626,770695,154,1636.1867511385815,24504,0,154,770541,770695,770695,0.9990018989843998,0,24504,77,77,0,0,0.0
799,1778309229.8295636,decode,154,770607,0.9988878302969026,770453,154,1636.1867511385815,24427,0,154,770299,770453,770453,0.9986882100937826,0,24427,0,0,0,0,0.0
800,1778309229.8605707,decode,154,430387,0.5578827296118424,770607,154,1636.1867511385815,24427,0,154,770453,770607,770607,0.9988878302969026,0,24427,0,0,0,0,0.0
801,1778309230.0044942,decode,154,770387,0.9986026585781598,770761,154,1636.1867511385815,24427,0,154,770607,770761,770761,0.9990874505000227,0,24427,68,68,0,0,0.0
803,1778309230.0649538,decode,154,555351,0.7198654507981568,770541,154,1636.1867511385815,24359,0,154,770387,770541,770541,0.9988022787812798,0,24359,0,0,0,0,0.0
804,1778309230.1518047,decode,154,610287,0.7910754214384321,770695,154,1636.1867511385815,24359,0,154,770541,770695,770695,0.9990018989843998,0,24359,43,43,0,0,0.0
807,1778309230.2691593,decode,154,770595,0.9988722754758803,770441,154,1636.1867511385815,24284,0,154,770287,770441,770441,0.9986726552727603,0,24284,32,0,0,0,0.0
808,1778309230.3062346,decode,154,390306,0.5059283311621395,770595,154,1636.1867511385815,24284,0,154,770441,770595,770595,0.9988722754758803,0,24284,0,0,0,0,0.0
809,1778309230.484583,decode,154,770306,0.9984976635362589,770749,154,1636.1867511385815,24284,0,154,770595,770749,770749,0.9990718956790003,0,24284,76,76,0,0,0.0
811,1778309230.536998,decode,154,770614,0.998896903942499,770460,154,1636.1867511385815,24208,0,154,770306,770460,770460,0.9986972837393789,0,24208,0,0,0,0,0.0
812,1778309230.5686982,decode,154,405369,0.5254535202504326,770614,154,1636.1867511385815,24208,0,154,770460,770614,770614,0.998896903942499,0,24208,0,0,0,0,0.0
813,1778309230.7265847,decode,154,770369,0.9985793263466263,770768,154,1636.1867511385815,24208,0,154,770614,770768,770768,0.999096524145619,0,24208,73,73,0,0,0.0
815,1778309230.7826793,decode,154,560341,0.72633366387328,770523,154,1636.1867511385815,24135,0,154,770369,770523,770523,0.9987789465497463,0,24135,0,0,0,0,0.0
816,1778309230.8677351,decode,154,600273,0.7780949232952888,770677,154,1636.1867511385815,24135,0,154,770523,770677,770677,0.9989785667528663,0,24135,42,42,0,0,0.0
819,1778309230.9876957,decode,154,770581,0.9988541281846876,770427,154,1636.1867511385815,24059,0,154,770273,770427,770427,0.9986545079815675,0,24059,34,0,0,0,0.0
820,1778309231.019924,decode,154,380306,0.49296598031018907,770581,154,1636.1867511385815,24059,0,154,770427,770581,770581,0.9988541281846876,0,24059,0,0,0,0,0.0
821,1778309231.1951916,decode,154,770306,0.9984976635362589,770735,154,1636.1867511385815,24059,0,154,770581,770735,770735,0.9990537483878076,0,24059,78,78,0,0,0.0
823,1778309231.2506545,decode,154,770614,0.998896903942499,770460,154,1636.1867511385815,23981,0,154,770306,770460,770460,0.9986972837393789,0,23981,0,0,0,0,0.0
824,1778309231.2846062,decode,154,375336,0.48652369193676964,770614,154,1636.1867511385815,23981,0,154,770460,770614,770614,0.998896903942499,0,23981,0,0,0,0,0.0
825,1778309231.461688,decode,154,770336,0.9985365505888147,770768,154,1636.1867511385815,23981,0,154,770614,770768,770768,0.999096524145619,0,23981,79,79,0,0,0.0
827,1778309231.5184052,decode,154,585348,0.7587486146487527,770490,154,1636.1867511385815,23902,0,154,770336,770490,770490,0.9987361707919348,0,23902,0,0,0,0,0.0
828,1778309231.5959985,decode,154,570268,0.7392013895640114,770644,154,1636.1867511385815,23902,0,154,770490,770644,770644,0.9989357909950549,0,23902,37,37,0,0,0.0
831,1778309231.729507,decode,154,770576,0.9988476470092617,770422,154,1636.1867511385815,23825,0,154,770268,770422,770422,0.9986480268061415,0,23825,40,0,0,0,0.0
832,1778309231.7616553,decode,154,390312,0.5059361085726507,770576,154,1636.1867511385815,23825,0,154,770422,770576,770576,0.9988476470092617,0,23825,0,0,0,0,0.0
833,1778309231.9299717,decode,154,770312,0.9985054409467701,770730,154,1636.1867511385815,23825,0,154,770576,770730,770730,0.9990472672123817,0,23825,76,76,0,0,0.0
835,1778309231.9831982,decode,154,770620,0.9989046813530101,770466,154,1636.1867511385815,23749,0,154,770312,770466,770466,0.9987050611498901,0,23749,0,0,0,0,0.0
836,1778309232.0152261,decode,154,350327,0.45410614869112664,770620,154,1636.1867511385815,23749,0,154,770466,770620,770620,0.9989046813530101,0,23749,0,0,0,0,0.0
837,1778309232.2101817,decode,154,770327,0.998524884473048,770774,154,1636.1867511385815,23749,0,154,770620,770774,770774,0.9991043015561302,0,23749,84,84,0,0,0.0
839,1778309232.2668478,decode,154,575323,0.7457538579196723,770481,154,1636.1867511385815,23665,0,154,770327,770481,770481,0.998724504676168,0,23665,0,0,0,0,0.0
840,1778309232.3482578,decode,154,560239,0.7262014478945902,770635,154,1694.906616043362,23665,0,154,770481,770635,770635,0.9989241248792881,0,23665,39,39,0,0,0.0
843,1778309232.4825373,decode,154,770547,0.998810056191791,770393,154,1694.906616043362,23584,0,154,770239,770393,770393,0.9986104359886709,0,23584,42,0,0,0,0.0
844,1778309232.5142598,decode,154,410330,0.5318841425080852,770547,154,1694.906616043362,23584,0,154,770393,770547,770547,0.998810056191791,0,23584,0,0,0,0,0.0
845,1778309232.6711347,decode,154,770330,0.9985287731783036,770701,154,1694.906616043362,23584,0,154,770547,770701,770701,0.999009676394911,0,23584,72,72,0,0,0.0
847,1778309232.722377,decode,154,770638,0.9989280135845436,770484,154,1694.906616043362,23512,0,154,770330,770484,770484,0.9987283933814236,0,23512,0,0,0,0,0.0
848,1778309232.7533715,decode,154,405363,0.5254457428399214,770638,154,1694.906616043362,23512,0,154,770484,770638,770638,0.9989280135845436,0,23512,0,0,0,0,0.0
849,1778309232.910396,decode,154,770363,0.9985715489361151,770792,154,1694.906616043362,23512,0,154,770638,770792,770792,0.9991276337876638,0,23512,73,73,0,0,0.0
851,1778309232.965712,decode,154,570351,0.7393089770760826,770517,154,1694.906616043362,23439,0,154,770363,770517,770517,0.9987711691392351,0,23439,0,0,0,0,0.0
852,1778309233.0476348,decode,154,565269,0.7327215103731213,770671,154,1694.906616043362,23439,0,154,770517,770671,770671,0.9989707893423552,0,23439,40,40,0,0,0.0
855,1778309233.178625,decode,154,770577,0.9988489432443468,770423,154,1694.906616043362,23358,0,154,770269,770423,770423,0.9986493230412268,0,23358,41,0,0,0,0.0
856,1778309233.2094977,decode,154,370286,0.4799777047565346,770577,154,1694.906616043362,23358,0,154,770423,770577,770577,0.9988489432443468,0,23358,0,0,0,0,0.0
857,1778309233.3877852,decode,154,770286,0.9984717388345551,770731,154,1694.906616043362,23358,0,154,770577,770731,770731,0.9990485634474668,0,23358,80,80,0,0,0.0
859,1778309233.4390664,decode,154,770594,0.9988709792407952,770440,154,1694.906616043362,23278,0,154,770286,770440,770440,0.9986713590376751,0,23278,0,0,0,0,0.0
860,1778309233.468043,decode,154,425381,0.551393776775356,770594,154,1694.906616043362,23278,0,154,770440,770594,770594,0.9988709792407952,0,23278,0,0,0,0,0.0
861,1778309233.613574,decode,154,770381,0.9985948811676486,770748,154,1694.906616043362,23278,0,154,770594,770748,770748,0.9990705994439152,0,23278,69,69,0,0,0.0
863,1778309233.6675599,decode,154,560353,0.7263492186943024,770535,154,1694.906616043362,23209,0,154,770381,770535,770535,0.9987945013707686,0,23209,0,0,0,0,0.0
864,1778309233.7498608,decode,154,625295,0.8105293175970394,770689,154,1694.906616043362,23209,0,154,770535,770689,770689,0.9989941215738887,0,23209,42,42,0,0,0.0
867,1778309233.8594115,decode,154,770603,0.9988826453565619,770449,154,1694.906616043362,23138,0,154,770295,770449,770449,0.9986830251534419,0,23138,29,0,0,0,0.0
868,1778309233.890199,decode,154,385311,0.4994536369115903,770603,154,1694.906616043362,23138,0,154,770449,770603,770603,0.9988826453565619,0,23138,0,0,0,0,0.0
869,1778309234.0593982,decode,154,770311,0.9985041447116849,770757,154,1694.906616043362,23138,0,154,770603,770757,770757,0.9990822655596819,0,23138,77,77,0,0,0.0
871,1778309234.1101046,decode,154,770619,0.998903385117925,770465,154,1694.906616043362,23061,0,154,770311,770465,770465,0.998703764914805,0,23061,0,0,0,0,0.0
872,1778309234.1400716,decode,154,390345,0.5059788843304621,770619,154,1694.906616043362,23061,0,154,770465,770619,770619,0.998903385117925,0,23061,0,0,0,0,0.0
873,1778309234.3140905,decode,154,770345,0.9985482167045815,770773,154,1694.906616043362,23061,0,154,770619,770773,770773,0.999103005321045,0,23061,76,76,0,0,0.0
875,1778309234.3727245,decode,154,585357,0.7587602807645194,770499,154,1694.906616043362,22985,0,154,770345,770499,770499,0.9987478369077016,0,22985,0,0,0,0,0.0
876,1778309234.448229,decode,154,570277,0.7392130556797781,770653,154,1694.906616043362,22985,0,154,770499,770653,770653,0.9989474571108217,0,22985,37,37,0,0,0.0
879,1778309234.5755346,decode,154,770585,0.9988593131250284,770431,154,1694.906616043362,22908,0,154,770277,770431,770431,0.9986596929219084,0,22908,40,0,0,0,0.0
880,1778309234.6093183,decode,154,380300,0.4929582028996779,770585,154,1694.906616043362,22908,0,154,770431,770585,770585,0.9988593131250284,0,22908,0,0,0,0,0.0
881,1778309234.7816346,decode,154,770300,0.9984898861257477,770739,154,1694.906616043362,22908,0,154,770585,770739,770739,0.9990589333281484,0,22908,78,78,0,0,0.0
883,1778309234.8327773,decode,154,770608,0.9988891265319878,770454,154,1694.906616043362,22830,0,154,770300,770454,770454,0.9986895063288678,0,22830,0,0,0,0,0.0
884,1778309234.8634982,decode,154,370342,0.48005029392130555,770608,154,1694.906616043362,22830,0,154,770454,770608,770608,0.9988891265319878,0,22830,0,0,0,0,0.0
885,1778309235.0410857,decode,154,770342,0.9985443279993259,770762,154,1694.906616043362,22830,0,154,770608,770762,770762,0.9990887467351078,0,22830,80,80,0,0,0.0
887,1778309235.0965264,decode,154,570330,0.7392817561392935,770496,154,1694.906616043362,22750,0,154,770342,770496,770496,0.9987439482024459,0,22750,0,0,0,0,0.0
888,1778309235.175728,decode,154,600262,0.7780806647093517,770650,154,1694.906616043362,22750,0,154,770496,770650,770650,0.9989435684055661,0,22750,40,40,0,0,0.0
891,1778309235.2903972,decode,154,770570,0.9988398695987504,770416,154,1694.906616043362,22676,0,154,770262,770416,770416,0.9986402493956303,0,22676,34,0,0,0,0.0
892,1778309235.3205225,decode,154,395329,0.5124393199950743,770570,154,1694.906616043362,22676,0,154,770416,770570,770570,0.9988398695987504,0,22676,0,0,0,0,0.0
893,1778309235.482237,decode,154,770329,0.9985274769432184,770724,154,1694.906616043362,22676,0,154,770570,770724,770724,0.9990394898018705,0,22676,75,75,0,0,0.0
895,1778309235.5312169,decode,154,770637,0.9989267173494585,770483,154,1694.906616043362,22601,0,154,770329,770483,770483,0.9987270971463384,0,22601,0,0,0,0,0.0
896,1778309235.5613835,decode,154,335300,0.4346276240659006,770637,154,1694.906616043362,22601,0,154,770483,770637,770637,0.9989267173494585,0,22601,0,0,0,0,0.0
897,1778309235.7601025,decode,154,770300,0.9984898861257477,770791,154,1694.906616043362,22601,0,154,770637,770791,770791,0.9991263375525785,0,22601,87,87,0,0,0.0
899,1778309235.8142807,decode,154,605344,0.784668131412313,770454,154,1694.906616043362,22514,0,154,770300,770454,770454,0.9986895063288678,0,22514,0,0,0,0,0.0
900,1778309235.8829303,decode,154,555258,0.7197449009352336,770608,154,1742.7392614063374,22514,0,154,770454,770608,770608,0.9988891265319878,0,22514,33,33,0,0,0.0
903,1778309236.020079,decode,154,770566,0.9988346846584096,770412,154,1742.7392614063374,22438,0,154,770258,770412,770412,0.9986350644552896,0,22438,43,0,0,0,0.0
904,1778309236.0515075,decode,154,385319,0.4994640067922718,770566,154,1742.7392614063374,22438,0,154,770412,770566,770566,0.9988346846584096,0,22438,0,0,0,0,0.0
905,1778309236.2204502,decode,154,770319,0.9985145145923665,770720,154,1742.7392614063374,22438,0,154,770566,770720,770720,0.9990343048615297,0,22438,77,77,0,0,0.0
907,1778309236.2714553,decode,154,770627,0.9989137549986066,770473,154,1742.7392614063374,22361,0,154,770319,770473,770473,0.9987141347954865,0,22361,0,0,0,0,0.0
908,1778309236.30253,decode,154,370321,0.48002307298451646,770627,154,1742.7392614063374,22361,0,154,770473,770627,770627,0.9989137549986066,0,22361,0,0,0,0,0.0
909,1778309236.4804018,decode,154,770321,0.9985171070625368,770781,154,1742.7392614063374,22361,0,154,770627,770781,770781,0.9991133752017266,0,22361,80,80,0,0,0.0
911,1778309236.5330064,decode,154,605365,0.784695352349102,770475,154,1742.7392614063374,22281,0,154,770321,770475,770475,0.9987167272656569,0,22281,0,0,0,0,0.0
912,1778309236.6003335,decode,154,595295,0.7716422650411878,770629,154,1742.7392614063374,22281,0,154,770475,770629,770629,0.9989163474687769,0,22281,33,33,0,0,0.0
915,1778309236.7196276,decode,154,770603,0.9988826453565619,770449,154,1742.7392614063374,22213,0,154,770295,770449,770449,0.9986830251534419,0,22213,35,0,0,0,0.0
916,1778309236.7510529,decode,154,370312,0.4800114068687497,770603,154,1742.7392614063374,22213,0,154,770449,770603,770603,0.9988826453565619,0,22213,0,0,0,0,0.0
917,1778309236.93027,decode,154,770312,0.9985054409467701,770757,154,1742.7392614063374,22213,0,154,770603,770757,770757,0.9990822655596819,0,22213,80,80,0,0,0.0
919,1778309236.9823139,decode,154,770620,0.9989046813530101,770466,154,1742.7392614063374,22133,0,154,770312,770466,770466,0.9987050611498901,0,22133,0,0,0,0,0.0
920,1778309237.0145664,decode,154,320279,0.41515687685118574,770620,154,1742.7392614063374,22133,0,154,770466,770620,770620,0.9989046813530101,0,22133,0,0,0,0,0.0
921,1778309237.2256973,decode,154,770279,0.9984626651889587,770774,154,1742.7392614063374,22133,0,154,770620,770774,770774,0.9991043015561302,0,22133,90,90,0,0,0.0
923,1778309237.2789152,decode,154,625355,0.8106070917021511,770433,154,1742.7392614063374,22043,0,154,770279,770433,770433,0.9986622853920787,0,22043,0,0,0,0,0.0
924,1778309237.3384664,decode,154,560271,0.7262429274173164,770587,154,1742.7392614063374,22043,0,154,770433,770587,770587,0.9988619055951987,0,22043,29,29,0,0,0.0
927,1778309237.468498,decode,154,770579,0.9988515357145172,770425,154,1742.7392614063374,21972,0,154,770271,770425,770425,0.9986519155113971,0,21972,42,0,0,0,0.0
928,1778309237.497143,decode,154,420348,0.5448698255915693,770579,154,1742.7392614063374,21972,0,154,770425,770579,770579,0.9988515357145172,0,21972,0,0,0,0,0.0
929,1778309237.6440432,decode,154,770348,0.9985521054098371,770733,154,1742.7392614063374,21972,0,154,770579,770733,770733,0.9990511559176373,0,21972,70,70,0,0,0.0
931,1778309237.6926084,decode,154,770656,0.9989513458160773,770502,154,1742.7392614063374,21902,0,154,770348,770502,770502,0.9987517256129572,0,21902,0,0,0,0,0.0
932,1778309237.7212062,decode,154,395345,0.5124600597564374,770656,154,1742.7392614063374,21902,0,154,770502,770656,770656,0.9989513458160773,0,21902,0,0,0,0,0.0
933,1778309237.8815577,decode,154,770345,0.9985482167045815,770810,154,1742.7392614063374,21902,0,154,770656,770810,770810,0.9991509660191973,0,21902,75,75,0,0,0.0
935,1778309237.9346123,decode,154,590365,0.7652518260711763,770499,154,1742.7392614063374,21827,0,154,770345,770499,770499,0.9987478369077016,0,21827,0,0,0,0,0.0
936,1778309238.0059063,decode,154,560281,0.7262558897681684,770653,154,1742.7392614063374,21827,0,154,770499,770653,770653,0.9989474571108217,0,21827,36,36,0,0,0.0
939,1778309238.1341834,decode,154,770589,0.9988644980653691,770435,154,1742.7392614063374,21749,0,154,770281,770435,770435,0.9986648778622491,0,21749,42,0,0,0,0.0
940,1778309238.1628306,decode,154,400306,0.51889068201409,770589,154,1742.7392614063374,21749,0,154,770435,770589,770589,0.9988644980653691,0,21749,0,0,0,0,0.0
941,1778309238.3221967,decode,154,770306,0.9984976635362589,770743,154,1742.7392614063374,21749,0,154,770589,770743,770743,0.9990641182684892,0,21749,74,74,0,0,0.0
943,1778309238.3698988,decode,154,770614,0.998896903942499,770460,154,1742.7392614063374,21675,0,154,770306,770460,770460,0.9986972837393789,0,21675,0,0,0,0,0.0
944,1778309238.398233,decode,154,420393,0.544928156170403,770614,154,1742.7392614063374,21675,0,154,770460,770614,770614,0.998896903942499,0,21675,0,0,0,0,0.0
945,1778309238.5473018,decode,154,770393,0.9986104359886709,770768,154,1742.7392614063374,21675,0,154,770614,770768,770768,0.999096524145619,0,21675,70,70,0,0,0.0
947,1778309238.5990279,decode,154,535325,0.6939070469820406,770547,154,1742.7392614063374,21605,0,154,770393,770547,770547,0.998810056191791,0,21605,0,0,0,0,0.0
948,1778309238.6920333,decode,154,575247,0.7456553440531974,770701,154,1742.7392614063374,21605,0,154,770547,770701,770701,0.999009676394911,0,21605,47,47,0,0,0.0
951,1778309238.8152952,decode,154,770555,0.9988204260724725,770401,154,1742.7392614063374,21519,0,154,770247,770401,770401,0.9986208058693524,0,21519,39,0,0,0,0.0
952,1778309238.8441737,decode,154,360278,0.46700498402390256,770555,154,1742.7392614063374,21519,0,154,770401,770555,770555,0.9988204260724725,0,21519,0,0,0,0,0.0
953,1778309239.0264034,decode,154,770278,0.9984613689538735,770709,154,1742.7392614063374,21519,0,154,770555,770709,770709,0.9990200462755925,0,21519,82,82,0,0,0.0
955,1778309239.0744786,decode,154,770586,0.9988606093601136,770432,154,1742.7392614063374,21437,0,154,770278,770432,770432,0.9986609891569935,0,21437,0,0,0,0,0.0
956,1778309239.102391,decode,154,435384,0.564360016332562,770586,154,1742.7392614063374,21437,0,154,770432,770586,770586,0.9988606093601136,0,21437,0,0,0,0,0.0
957,1778309239.2406766,decode,154,770384,0.9985987698729042,770740,154,1742.7392614063374,21437,0,154,770586,770740,770740,0.9990602295632336,0,21437,67,67,0,0,0.0
959,1778309239.2919824,decode,154,565364,0.7328446527062148,770538,154,1742.7392614063374,21370,0,154,770384,770538,770538,0.9987983900760242,0,21370,0,0,0,0,0.0
960,1778309239.372617,decode,154,610300,0.7910922724945396,770692,154,1765.1994009891946,21370,0,154,770538,770692,770692,0.9989980102791443,0,21370,41,41,0,0,0.0
963,1778309239.4828494,decode,154,770608,0.9988891265319878,770454,154,1765.1994009891946,21297,0,154,770300,770454,770454,0.9986895063288678,0,21297,32,0,0,0,0.0
964,1778309239.512391,decode,154,345277,0.4475601615108916,770608,154,1765.1994009891946,21297,0,154,770454,770608,770608,0.9988891265319878,0,21297,0,0,0,0,0.0
965,1778309239.705246,decode,154,770277,0.9984600727187882,770762,154,1765.1994009891946,21297,0,154,770608,770762,770762,0.9990887467351078,0,21297,85,85,0,0,0.0
967,1778309239.7530994,decode,154,770585,0.9988593131250284,770431,154,1765.1994009891946,21212,0,154,770277,770431,770431,0.9986596929219084,0,21212,0,0,0,0,0.0
968,1778309239.780892,decode,154,440366,0.5708178595270038,770585,154,1765.1994009891946,21212,0,154,770431,770585,770585,0.9988593131250284,0,21212,0,0,0,0,0.0
969,1778309239.9161608,decode,154,770366,0.9985754376413707,770739,154,1765.1994009891946,21212,0,154,770585,770739,770739,0.9990589333281484,0,21212,66,66,0,0,0.0
971,1778309239.9660091,decode,154,600402,0.778262137621279,770520,154,1765.1994009891946,21146,0,154,770366,770520,770520,0.9987750578444907,0,21146,0,0,0,0,0.0
972,1778309240.0328624,decode,154,590330,0.7652064578431944,770674,154,1765.1994009891946,21146,0,154,770520,770674,770674,0.9989746780476108,0,21146,34,34,0,0,0.0
975,1778309240.1468875,decode,154,770638,0.9989280135845436,770484,154,1765.1994009891946,21076,0,154,770330,770484,770484,0.9987283933814236,0,21076,36,0,0,0,0.0
976,1778309240.1756616,decode,154,350270,0.4540322632912705,770638,154,1765.1994009891946,21076,0,154,770484,770638,770638,0.9989280135845436,0,21076,0,0,0,0,0.0
977,1778309240.3645513,decode,154,770270,0.9984509990731919,770792,154,1765.1994009891946,21076,0,154,770638,770792,770792,0.9991276337876638,0,21076,84,84,0,0,0.0
979,1778309240.4123926,decode,154,770578,0.998850239479432,770424,154,1765.1994009891946,20992,0,154,770270,770424,770424,0.9986506192763119,0,20992,0,0,0,0,0.0
980,1778309240.4418137,decode,154,380348,0.49302042218376724,770578,154,1765.1994009891946,20992,0,154,770424,770578,770578,0.998850239479432,0,20992,0,0,0,0,0.0
981,1778309240.6123376,decode,154,770348,0.9985521054098371,770732,154,1765.1994009891946,20992,0,154,770578,770732,770732,0.999049859682552,0,20992,78,78,0,0,0.0
983,1778309240.6649504,decode,154,570336,0.7392895335498046,770502,154,1765.1994009891946,20914,0,154,770348,770502,770502,0.9987517256129572,0,20914,0,0,0,0,0.0
984,1778309240.744156,decode,154,570256,0.7391858347429889,770656,154,1765.1994009891946,20914,0,154,770502,770656,770656,0.9989513458160773,0,20914,40,40,0,0,0.0
987,1778309240.8652694,decode,154,770564,0.9988320921882392,770410,154,1765.1994009891946,20834,0,154,770256,770410,770410,0.9986324719851192,0,20834,40,0,0,0,0.0
988,1778309240.8934908,decode,154,380304,0.49296338784001864,770564,154,1765.1994009891946,20834,0,154,770410,770564,770564,0.9988320921882392,0,20834,0,0,0,0,0.0
989,1778309241.0623298,decode,154,770304,0.9984950710660886,770718,154,1765.1994009891946,20834,0,154,770564,770718,770718,0.9990317123913594,0,20834,78,78,0,0,0.0
991,1778309241.1080825,decode,154,770612,0.9988943114723287,770458,154,1765.1994009891946,20756,0,154,770304,770458,770458,0.9986946912692086,0,20756,0,0,0,0,0.0
992,1778309241.1364303,decode,154,355327,0.4605873241171019,770612,154,1765.1994009891946,20756,0,154,770458,770612,770612,0.9988943114723287,0,20756,0,0,0,0,0.0
993,1778309241.3211913,decode,154,770327,0.998524884473048,770766,154,1765.1994009891946,20756,0,154,770612,770766,770766,0.9990939316754487,0,20756,83,83,0,0,0.0
995,1778309241.3730628,decode,154,580331,0.7522454032263292,770481,154,1765.1994009891946,20673,0,154,770327,770481,770481,0.998724504676168,0,20673,0,0,0,0,0.0
996,1778309241.4498873,decode,154,550243,0.7132442819829804,770635,154,1765.1994009891946,20673,0,154,770481,770635,770635,0.9989241248792881,0,20673,38,38,0,0,0.0
999,1778309241.5831559,decode,154,770551,0.9988152411321317,770397,154,1765.1994009891946,20591,0,154,770243,770397,770397,0.9986156209290117,0,20591,44,0,0,0,0.0
1000,1778309241.6137915,decode,154,405321,0.5253913009663432,770551,154,1765.1994009891946,20591,0,154,770397,770551,770551,0.9988152411321317,0,20591,0,0,0,0,0.0
1001,1778309241.7698731,decode,154,770321,0.9985171070625368,770705,154,1765.1994009891946,20591,0,154,770551,770705,770705,0.9990148613352517,0,20591,73,73,0,0,0.0
1003,1778309241.8169808,decode,154,770629,0.9989163474687769,770475,154,1765.1994009891946,20518,0,154,770321,770475,770475,0.9987167272656569,0,20518,0,0,0,0,0.0
1004,1778309241.8450322,decode,154,420378,0.5449087126441251,770629,154,1765.1994009891946,20518,0,154,770475,770629,770629,0.9989163474687769,0,20518,0,0,0,0,0.0
1005,1778309241.991616,decode,154,770378,0.998590992462393,770783,154,1765.1994009891946,20518,0,154,770629,770783,770783,0.9991159676718969,0,20518,70,70,0,0,0.0
1007,1778309242.0414388,decode,154,560350,0.7263453299890468,770532,154,1765.1994009891946,20448,0,154,770378,770532,770532,0.9987906126655131,0,20448,0,0,0,0,0.0
1008,1778309242.1221807,decode,154,610286,0.7910741252033469,770686,154,1765.1994009891946,20448,0,154,770532,770686,770686,0.9989902328686331,0,20448,42,42,0,0,0.0
1011,1778309242.2272704,decode,154,770594,0.9988709792407952,770440,154,1765.1994009891946,20374,0,154,770286,770440,770440,0.9986713590376751,0,20374,32,0,0,0,0.0
1012,1778309242.2559338,decode,154,330274,0.42811274652771025,770594,154,1765.1994009891946,20374,0,154,770440,770594,770594,0.9988709792407952,0,20374,0,0,0,0,0.0
1013,1778309242.4559982,decode,154,770274,0.9984561840135326,770748,154,1765.1994009891946,20374,0,154,770594,770748,770748,0.9990705994439152,0,20374,88,88,0,0,0.0
1015,1778309242.5022793,decode,154,770582,0.9988554244197728,770428,154,1765.1994009891946,20286,0,154,770274,770428,770428,0.9986558042166528,0,20286,0,0,0,0,0.0
1016,1778309242.530765,decode,154,345291,0.4475783088020843,770582,154,1765.1994009891946,20286,0,154,770428,770582,770582,0.9988554244197728,0,20286,0,0,0,0,0.0
1017,1778309242.7218657,decode,154,770291,0.998478220009981,770736,154,1765.1994009891946,20286,0,154,770582,770736,770736,0.9990550446228929,0,20286,85,85,0,0,0.0
1019,1778309242.7736354,decode,154,630375,0.8171141918298302,770445,154,1765.1994009891946,20201,0,154,770291,770445,770445,0.998677840213101,0,20201,0,0,0,0,0.0
1020,1778309242.8315024,decode,154,545285,0.7068175484305834,770599,154,1780.9243788812332,20201,0,154,770445,770599,770599,0.998877460416221,0,20201,28,28,0,0,0.0
1023,1778309242.9597867,decode,154,770593,0.9988696830057099,770439,154,1780.9243788812332,20128,0,154,770285,770439,770439,0.9986700628025899,0,20128,45,0,0,0,0.0
1024,1778309242.9871204,decode,154,410326,0.5318789575677445,770593,154,1780.9243788812332,20128,0,154,770439,770593,770593,0.9988696830057099,0,20128,0,0,0,0,0.0
1025,1778309243.137927,decode,154,770326,0.9985235882379628,770747,154,1780.9243788812332,20128,0,154,770593,770747,770747,0.9990693032088299,0,20128,72,72,0,0,0.0
1027,1778309243.1829388,decode,154,770634,0.9989228286442029,770480,154,1780.9243788812332,20056,0,154,770326,770480,770480,0.9987232084410829,0,20056,0,0,0,0,0.0
1028,1778309243.2099984,decode,154,410372,0.5319385843816634,770634,154,1780.9243788812332,20056,0,154,770480,770634,770634,0.9989228286442029,0,20056,0,0,0,0,0.0
1029,1778309243.361165,decode,154,770372,0.9985832150518819,770788,154,1780.9243788812332,20056,0,154,770634,770788,770788,0.9991224488473229,0,20056,72,72,0,0,0.0
1031,1778309243.4095879,decode,154,560344,0.7263375525785356,770526,154,1780.9243788812332,19984,0,154,770372,770526,770526,0.9987828352550019,0,19984,0,0,0,0,0.0
1032,1778309243.4902399,decode,154,595274,0.7716150441043987,770680,154,1780.9243788812332,19984,0,154,770526,770680,770680,0.9989824554581219,0,19984,42,42,0,0,0.0
1035,1778309243.5981421,decode,154,770582,0.9988554244197728,770428,154,1780.9243788812332,19907,0,154,770274,770428,770428,0.9986558042166528,0,19907,35,0,0,0,0.0
1036,1778309243.625459,decode,154,350284,0.45405041058246326,770582,154,1780.9243788812332,19907,0,154,770428,770582,770582,0.9988554244197728,0,19907,0,0,0,0,0.0
1037,1778309243.8122995,decode,154,770284,0.9984691463643847,770736,154,1780.9243788812332,19907,0,154,770582,770736,770736,0.9990550446228929,0,19907,84,84,0,0,0.0
1039,1778309243.8550575,decode,154,770592,0.9988683867706247,770438,154,1780.9243788812332,19823,0,154,770284,770438,770438,0.9986687665675047,0,19823,0,0,0,0,0.0
1040,1778309243.8818772,decode,154,380327,0.49299320124697815,770592,154,1780.9243788812332,19823,0,154,770438,770592,770592,0.9988683867706247,0,19823,0,0,0,0,0.0
1041,1778309244.0497813,decode,154,770327,0.998524884473048,770746,154,1780.9243788812332,19823,0,154,770592,770746,770746,0.9990680069737448,0,19823,78,78,0,0,0.0
1043,1778309244.0972052,decode,154,605371,0.7847031297596132,770481,154,1780.9243788812332,19745,0,154,770327,770481,770481,0.998724504676168,0,19745,0,0,0,0,0.0
1044,1778309244.161741,decode,154,560287,0.7262636671786795,770635,154,1780.9243788812332,19745,0,154,770481,770635,770635,0.9989241248792881,0,19745,33,33,0,0,0.0
1047,1778309244.2826595,decode,154,770595,0.9988722754758803,770441,154,1780.9243788812332,19670,0,154,770287,770441,770441,0.9986726552727603,0,19670,42,0,0,0,0.0
1048,1778309244.3111649,decode,154,360288,0.4670179463747545,770595,154,1780.9243788812332,19670,0,154,770441,770595,770595,0.9988722754758803,0,19670,0,0,0,0,0.0
1049,1778309244.4909565,decode,154,770288,0.9984743313047254,770749,154,1780.9243788812332,19670,0,154,770595,770749,770749,0.9990718956790003,0,19670,82,82,0,0,0.0
1051,1778309244.5359538,decode,154,770596,0.9988735717109655,770442,154,1780.9243788812332,19588,0,154,770288,770442,770442,0.9986739515078454,0,19588,0,0,0,0,0.0
1052,1778309244.5630429,decode,154,410354,0.5319152521501299,770596,154,1780.9243788812332,19588,0,154,770442,770596,770596,0.9988735717109655,0,19588,0,0,0,0,0.0
1053,1778309244.7150083,decode,154,770354,0.9985598828203482,770750,154,1780.9243788812332,19588,0,154,770596,770750,770750,0.9990731919140855,0,19588,72,72,0,0,0.0
1055,1778309244.762351,decode,154,590374,0.765263492186943,770508,154,1780.9243788812332,19516,0,154,770354,770508,770508,0.9987595030234684,0,19516,0,0,0,0,0.0
1056,1778309244.8327138,decode,154,590302,0.765170163260809,770662,154,1780.9243788812332,19516,0,154,770508,770662,770662,0.9989591232265884,0,19516,36,36,0,0,0.0
1059,1778309244.9411418,decode,154,770610,0.9988917190021582,770456,154,1780.9243788812332,19444,0,154,770302,770456,770456,0.9986920987990382,0,19444,36,0,0,0,0.0
1060,1778309244.968817,decode,154,370294,0.4799880746372162,770610,154,1780.9243788812332,19444,0,154,770456,770610,770610,0.9988917190021582,0,19444,0,0,0,0,0.0
1061,1778309245.1426408,decode,154,770294,0.9984821087152366,770764,154,1780.9243788812332,19444,0,154,770610,770764,770764,0.9990913392052783,0,19444,80,80,0,0,0.0
1063,1778309245.1853838,decode,154,770602,0.9988813491214766,770448,154,1780.9243788812332,19364,0,154,770294,770448,770448,0.9986817289183566,0,19364,0,0,0,0,0.0
1064,1778309245.2117245,decode,154,415363,0.5384080936918719,770602,154,1780.9243788812332,19364,0,154,770448,770602,770602,0.9988813491214766,0,19364,0,0,0,0,0.0
1065,1778309245.3597753,decode,154,770363,0.9985715489361151,770756,154,1780.9243788812332,19364,0,154,770602,770756,770756,0.9990809693245967,0,19364,71,71,0,0,0.0
1067,1778309245.4064224,decode,154,580367,0.7522920676893962,770517,154,1780.9243788812332,19293,0,154,770363,770517,770517,0.9987711691392351,0,19293,0,0,0,0,0.0
1068,1778309245.478093,decode,154,580291,0.7521935538229213,770671,154,1780.9243788812332,19293,0,154,770517,770671,770671,0.9989707893423552,0,19293,38,38,0,0,0.0
1071,1778309245.5930355,decode,154,770599,0.998877460416221,770445,154,1780.9243788812332,19217,0,154,770291,770445,770445,0.998677840213101,0,19217,38,0,0,0,0.0
1072,1778309245.620011,decode,154,370288,0.47998029722670504,770599,154,1780.9243788812332,19217,0,154,770445,770599,770599,0.998877460416221,0,19217,0,0,0,0,0.0
1073,1778309245.7928557,decode,154,770288,0.9984743313047254,770753,154,1780.9243788812332,19217,0,154,770599,770753,770753,0.9990770806193411,0,19217,80,80,0,0,0.0
1075,1778309245.8366547,decode,154,770596,0.9988735717109655,770442,154,1780.9243788812332,19137,0,154,770288,770442,770442,0.9986739515078454,0,19137,0,0,0,0,0.0
1076,1778309245.8640563,decode,154,370345,0.48005418262656113,770596,154,1780.9243788812332,19137,0,154,770442,770596,770596,0.9988735717109655,0,19137,0,0,0,0,0.0
1077,1778309246.038816,decode,154,770345,0.9985482167045815,770750,154,1780.9243788812332,19137,0,154,770596,770750,770750,0.9990731919140855,0,19137,80,80,0,0,0.0
1079,1778309246.0869622,decode,154,565325,0.7327940995378922,770499,154,1780.9243788812332,19057,0,154,770345,770499,770499,0.9987478369077016,0,19057,0,0,0,0,0.0
1080,1778309246.164645,decode,154,580249,0.7521391119493431,770653,154,1848.103740382123,19057,0,154,770499,770653,770653,0.9989474571108217,0,19057,41,41,0,0,0.0
1083,1778309246.2771208,decode,154,770557,0.9988230185426429,770403,154,1848.103740382123,18978,0,154,770249,770403,770403,0.9986233983395228,0,18978,38,0,0,0,0.0
1084,1778309246.302782,decode,154,415333,0.5383692066393161,770557,154,1848.103740382123,18978,0,154,770403,770557,770557,0.9988230185426429,0,18978,0,0,0,0,0.0
1085,1778309246.4488983,decode,154,770333,0.9985326618835592,770711,154,1848.103740382123,18978,0,154,770557,770711,770711,0.9990226387457629,0,18978,71,71,0,0,0.0
1087,1778309246.4916577,decode,154,770641,0.9989319022897992,770487,154,1848.103740382123,18907,0,154,770333,770487,770487,0.9987322820866792,0,18907,0,0,0,0,0.0
1088,1778309246.518888,decode,154,380351,0.4930243108890228,770641,154,1848.103740382123,18907,0,154,770487,770641,770641,0.9989319022897992,0,18907,0,0,0,0,0.0
1089,1778309246.6859105,decode,154,770351,0.9985559941150927,770795,154,1848.103740382123,18907,0,154,770641,770795,770795,0.9991315224929194,0,18907,78,78,0,0,0.0
1091,1778309246.7314603,decode,154,565331,0.7328018769484034,770505,154,1848.103740382123,18829,0,154,770351,770505,770505,0.9987556143182128,0,18829,0,0,0,0,0.0
1092,1778309246.8097413,decode,154,590259,0.7651144251521456,770659,154,1848.103740382123,18829,0,154,770505,770659,770659,0.9989552345213328,0,18829,41,41,0,0,0.0
1095,1778309246.9173598,decode,154,770567,0.9988359808934948,770413,154,1848.103740382123,18752,0,154,770259,770413,770413,0.9986363606903748,0,18752,36,0,0,0,0.0
1096,1778309246.942335,decode,154,425339,0.5513393349017778,770567,154,1848.103740382123,18752,0,154,770413,770567,770567,0.9988359808934948,0,18752,0,0,0,0,0.0
1097,1778309247.0817633,decode,154,770339,0.9985404392940703,770721,154,1848.103740382123,18752,0,154,770567,770721,770721,0.9990356010966149,0,18752,69,69,0,0,0.0
1099,1778309247.1221483,decode,154,770647,0.9989396797003105,770493,154,1848.103740382123,18683,0,154,770339,770493,770493,0.9987400594971904,0,18683,0,0,0,0,0.0
1100,1778309247.148198,decode,154,370351,0.4800619600370723,770647,154,1848.103740382123,18683,0,154,770493,770647,770647,0.9989396797003105,0,18683,0,0,0,0,0.0
1101,1778309247.3203685,decode,154,770351,0.9985559941150927,770801,154,1848.103740382123,18683,0,154,770647,770801,770801,0.9991392999034305,0,18683,80,80,0,0,0.0
1103,1778309247.3651118,decode,154,555315,0.7198187863350898,770505,154,1848.103740382123,18603,0,154,770351,770505,770505,0.9987556143182128,0,18603,0,0,0,0,0.0
1104,1778309247.4460692,decode,154,530219,0.6872884706370347,770659,154,1848.103740382123,18603,0,154,770505,770659,770659,0.9989552345213328,0,18603,43,43,0,0,0.0
1107,1778309247.5749319,decode,154,770527,0.998784131490087,770373,154,1848.103740382123,18512,0,154,770219,770373,770373,0.998584511286967,0,18512,48,0,0,0,0.0
1108,1778309247.6002257,decode,154,405307,0.5253731536751505,770527,154,1848.103740382123,18512,0,154,770373,770527,770527,0.998784131490087,0,18512,0,0,0,0,0.0
1109,1778309247.7505445,decode,154,770307,0.9984989597713442,770681,154,1848.103740382123,18512,0,154,770527,770681,770681,0.9989837516932071,0,18512,73,73,0,0,0.0
1111,1778309247.7914283,decode,154,770615,0.9988982001775842,770461,154,1848.103740382123,18439,0,154,770307,770461,770461,0.9986985799744642,0,18439,0,0,0,0,0.0
1112,1778309247.8165748,decode,154,430405,0.5579060618433759,770615,154,1848.103740382123,18439,0,154,770461,770615,770615,0.9988982001775842,0,18439,0,0,0,0,0.0
1113,1778309247.9529393,decode,154,770405,0.9986259908096933,770769,154,1848.103740382123,18439,0,154,770615,770769,770769,0.9990978203807043,0,18439,68,68,0,0,0.0
1115,1778309247.9976928,decode,154,525321,0.6809395111897494,770559,154,1848.103740382123,18371,0,154,770405,770559,770559,0.9988256110128133,0,18371,0,0,0,0,0.0
1116,1778309248.0907464,decode,154,565239,0.7326826233205654,770713,154,1848.103740382123,18371,0,154,770559,770713,770713,0.9990252312159333,0,18371,49,49,0,0,0.0
1119,1778309248.204843,decode,154,770547,0.998810056191791,770393,154,1848.103740382123,18281,0,154,770239,770393,770393,0.9986104359886709,0,18281,41,0,0,0,0.0
1120,1778309248.2306468,decode,154,365273,0.47347967827445187,770547,154,1848.103740382123,18281,0,154,770393,770547,770547,0.998810056191791,0,18281,0,0,0,0,0.0
1121,1778309248.4045582,decode,154,770273,0.9984548877784475,770701,154,1848.103740382123,18281,0,154,770547,770701,770701,0.999009676394911,0,18281,81,81,0,0,0.0
1123,1778309248.4450305,decode,154,770581,0.9988541281846876,770427,154,1848.103740382123,18200,0,154,770273,770427,770427,0.9986545079815675,0,18200,0,0,0,0,0.0
1124,1778309248.469527,decode,154,450408,0.5838346522525325,770581,154,1848.103740382123,18200,0,154,770427,770581,770581,0.9988541281846876,0,18200,0,0,0,0,0.0
1125,1778309248.595057,decode,154,770408,0.9986298795149489,770735,154,1848.103740382123,18200,0,154,770581,770735,770735,0.9990537483878076,0,18200,64,64,0,0,0.0
1127,1778309248.6397474,decode,154,540348,0.7004180358149754,770562,154,1848.103740382123,18136,0,154,770408,770562,770562,0.9988294997180689,0,18136,0,0,0,0,0.0
1128,1778309248.7262802,decode,154,610284,0.7910715327331765,770716,154,1848.103740382123,18136,0,154,770562,770716,770716,0.9990291199211889,0,18136,46,46,0,0,0.0
1131,1778309248.8261995,decode,154,770592,0.9988683867706247,770438,154,1848.103740382123,18058,0,154,770284,770438,770438,0.9986687665675047,0,18058,32,0,0,0,0.0
1132,1778309248.8533568,decode,154,385295,0.49943289715022715,770592,154,1848.103740382123,18058,0,154,770438,770592,770592,0.9988683867706247,0,18058,0,0,0,0,0.0
1133,1778309249.0172017,decode,154,770295,0.9984834049503218,770746,154,1848.103740382123,18058,0,154,770592,770746,770746,0.9990680069737448,0,18058,77,77,0,0,0.0
1135,1778309249.0628784,decode,154,770603,0.9988826453565619,770449,154,1848.103740382123,17981,0,154,770295,770449,770449,0.9986830251534419,0,17981,0,0,0,0,0.0
1136,1778309249.0888064,decode,154,415384,0.538435314628661,770603,154,1848.103740382123,17981,0,154,770449,770603,770603,0.9988826453565619,0,17981,0,0,0,0,0.0
1137,1778309249.234662,decode,154,770384,0.9985987698729042,770757,154,1848.103740382123,17981,0,154,770603,770757,770757,0.9990822655596819,0,17981,71,71,0,0,0.0
1139,1778309249.2800453,decode,154,545332,0.7068784714795875,770538,154,1848.103740382123,17910,0,154,770384,770538,770538,0.9987983900760242,0,17910,0,0,0,0,0.0
1140,1778309249.3648307,decode,154,580256,0.7521481855949395,770692,154,1924.896152742464,17910,0,154,770538,770692,770692,0.9989980102791443,0,17910,45,45,0,0,0.0
1143,1778309249.4714918,decode,154,770564,0.9988320921882392,770410,154,1924.896152742464,17827,0,154,770256,770410,770410,0.9986324719851192,0,17827,38,0,0,0,0.0
1144,1778309249.49712,decode,154,385297,0.4994354896203976,770564,154,1924.896152742464,17827,0,154,770410,770564,770564,0.9988320921882392,0,17827,0,0,0,0,0.0
1145,1778309249.6581197,decode,154,770297,0.9984859974204922,770718,154,1924.896152742464,17827,0,154,770564,770718,770718,0.9990317123913594,0,17827,77,77,0,0,0.0
1147,1778309249.6973464,decode,154,770605,0.9988852378267322,770451,154,1924.896152742464,17750,0,154,770297,770451,770451,0.9986856176236122,0,17750,0,0,0,0,0.0
1148,1778309249.7222788,decode,154,430390,0.557886618317098,770605,154,1924.896152742464,17750,0,154,770451,770605,770605,0.9988852378267322,0,17750,0,0,0,0,0.0
1149,1778309249.8577569,decode,154,770390,0.9986065472834154,770759,154,1924.896152742464,17750,0,154,770605,770759,770759,0.9990848580298523,0,17750,68,68,0,0,0.0
1151,1778309249.902698,decode,154,550346,0.7133777941967555,770544,154,1924.896152742464,17682,0,154,770390,770544,770544,0.9988061674865354,0,17682,0,0,0,0,0.0
1152,1778309249.9846325,decode,154,570266,0.739198797093841,770698,154,1924.896152742464,17682,0,154,770544,770698,770698,0.9990057876896554,0,17682,44,44,0,0,0.0
1155,1778309250.0962818,decode,154,770574,0.9988450545390912,770420,154,1924.896152742464,17598,0,154,770266,770420,770420,0.9986454343359712,0,17598,40,0,0,0,0.0
1156,1778309250.1228993,decode,154,335257,0.4345718859572372,770574,154,1924.896152742464,17598,0,154,770420,770574,770574,0.9988450545390912,0,17598,0,0,0,0,0.0
1157,1778309250.3168507,decode,154,770257,0.9984341480170844,770728,154,1924.896152742464,17598,0,154,770574,770728,770728,0.9990446747422113,0,17598,87,87,0,0,0.0
1159,1778309250.3559124,decode,154,770565,0.9988333884233245,770411,154,1924.896152742464,17511,0,154,770257,770411,770411,0.9986337682202044,0,17511,0,0,0,0,0.0
1160,1778309250.382078,decode,154,370339,0.48004640521604997,770565,154,1924.896152742464,17511,0,154,770411,770565,770565,0.9988333884233245,0,17511,0,0,0,0,0.0
1161,1778309250.552976,decode,154,770339,0.9985404392940703,770719,154,1924.896152742464,17511,0,154,770565,770719,770719,0.9990330086264445,0,17511,80,80,0,0,0.0
1163,1778309250.5951235,decode,154,575335,0.7457694127406946,770493,154,1924.896152742464,17431,0,154,770339,770493,770493,0.9987400594971904,0,17431,0,0,0,0,0.0
1164,1778309250.6686337,decode,154,590263,0.7651196100924864,770647,154,1924.896152742464,17431,0,154,770493,770647,770647,0.9989396797003105,0,17431,39,39,0,0,0.0
1167,1778309250.7702415,decode,154,770571,0.9988411658338356,770417,154,1924.896152742464,17356,0,154,770263,770417,770417,0.9986415456307156,0,17356,36,0,0,0,0.0
1168,1778309250.7961967,decode,154,395325,0.5124341350547336,770571,154,1924.896152742464,17356,0,154,770417,770571,770571,0.9988411658338356,0,17356,0,0,0,0,0.0
1169,1778309250.9520907,decode,154,770325,0.9985222920028777,770725,154,1924.896152742464,17356,0,154,770571,770725,770725,0.9990407860369557,0,17356,75,75,0,0,0.0
1171,1778309250.9908106,decode,154,770633,0.9989215324091177,770479,154,1924.896152742464,17281,0,154,770325,770479,770479,0.9987219122059977,0,17281,0,0,0,0,0.0
1172,1778309251.016388,decode,154,395342,0.5124561710511818,770633,154,1924.896152742464,17281,0,154,770479,770633,770633,0.9989215324091177,0,17281,0,0,0,0,0.0
1173,1778309251.1723614,decode,154,770342,0.9985443279993259,770787,154,1924.896152742464,17281,0,154,770633,770787,770787,0.9991211526122378,0,17281,75,75,0,0,0.0
1175,1778309251.2147436,decode,154,595370,0.7717394826725775,770496,154,1924.896152742464,17206,0,154,770342,770496,770496,0.9987439482024459,0,17206,0,0,0,0,0.0
1176,1778309251.280225,decode,154,555284,0.7197786030474487,770650,154,1924.896152742464,17206,0,154,770496,770650,770650,0.9989435684055661,0,17206,35,35,0,0,0.0
1179,1778309251.3961618,decode,154,770592,0.9988683867706247,770438,154,1924.896152742464,17128,0,154,770284,770438,770438,0.9986687665675047,0,17128,43,0,0,0,0.0
1180,1778309251.4219506,decode,154,375289,0.48646276888776546,770592,154,1924.896152742464,17128,0,154,770438,770592,770592,0.9988683867706247,0,17128,0,0,0,0,0.0
1181,1778309251.5902262,decode,154,770289,0.9984756275398107,770746,154,1924.896152742464,17128,0,154,770592,770746,770746,0.9990680069737448,0,17128,79,79,0,0,0.0
1183,1778309251.6280382,decode,154,770597,0.9988748679460507,770443,154,1924.896152742464,17049,0,154,770289,770443,770443,0.9986752477429307,0,17049,0,0,0,0,0.0
1184,1778309251.6536505,decode,154,415378,0.5384275372181498,770597,154,1924.896152742464,17049,0,154,770443,770597,770597,0.9988748679460507,0,17049,0,0,0,0,0.0
1185,1778309251.797917,decode,154,770378,0.998590992462393,770751,154,1924.896152742464,17049,0,154,770597,770751,770751,0.9990744881491708,0,17049,71,71,0,0,0.0
1187,1778309251.840408,decode,154,555342,0.71985378468239,770532,154,1924.896152742464,16978,0,154,770378,770532,770532,0.9987906126655131,0,16978,0,0,0,0,0.0
1188,1778309251.920276,decode,154,565260,0.7327098442573545,770686,154,1924.896152742464,16978,0,154,770532,770686,770686,0.9989902328686331,0,16978,43,43,0,0,0.0
1191,1778309252.0309527,decode,154,770568,0.9988372771285801,770414,154,1924.896152742464,16894,0,154,770260,770414,770414,0.99863765692546,0,16894,41,0,0,0,0.0
1192,1778309252.0571005,decode,154,365279,0.47348745568496303,770568,154,1924.896152742464,16894,0,154,770414,770568,770568,0.9988372771285801,0,16894,0,0,0,0,0.0
1193,1778309252.2310078,decode,154,770279,0.9984626651889587,770722,154,1924.896152742464,16894,0,154,770568,770722,770722,0.9990368973317001,0,16894,81,81,0,0,0.0
1195,1778309252.2688477,decode,154,770587,0.9988619055951987,770433,154,1924.896152742464,16813,0,154,770279,770433,770433,0.9986622853920787,0,16813,0,0,0,0,0.0
1196,1778309252.29472,decode,154,420381,0.5449126013493807,770587,154,1924.896152742464,16813,0,154,770433,770587,770587,0.9988619055951987,0,16813,0,0,0,0,0.0
1197,1778309252.4362102,decode,154,770381,0.9985948811676486,770741,154,1924.896152742464,16813,0,154,770587,770741,770741,0.9990615257983188,0,16813,70,70,0,0,0.0
1199,1778309252.4781184,decode,154,555345,0.7198576733876456,770535,154,1924.896152742464,16743,0,154,770381,770535,770535,0.9987945013707686,0,16743,0,0,0,0,0.0
1200,1778309252.5576043,decode,154,595275,0.771616340339484,770689,154,1929.3585849517904,16743,0,154,770535,770689,770689,0.9989941215738887,0,16743,43,43,0,0,0.0
1203,1778309252.6581905,decode,154,770583,0.998856720654858,770429,154,1929.3585849517904,16665,0,154,770275,770429,770429,0.998657100451738,0,16665,35,0,0,0,0.0
1204,1778309252.6845012,decode,154,355283,0.4605302897733533,770583,154,1929.3585849517904,16665,0,154,770429,770583,770583,0.998856720654858,0,16665,0,0,0,0,0.0
1205,1778309252.8653824,decode,154,770283,0.9984678501292994,770737,154,1929.3585849517904,16665,0,154,770583,770737,770737,0.999056340857978,0,16665,83,83,0,0,0.0
1207,1778309252.9035017,decode,154,770591,0.9988670905355396,770437,154,1929.3585849517904,16582,0,154,770283,770437,770437,0.9986674703324195,0,16582,0,0,0,0,0.0
1208,1778309252.9293146,decode,154,380336,0.4930048673627449,770591,154,1929.3585849517904,16582,0,154,770437,770591,770591,0.9988670905355396,0,16582,0,0,0,0,0.0
1209,1778309253.0936236,decode,154,770336,0.9985365505888147,770745,154,1929.3585849517904,16582,0,154,770591,770745,770745,0.9990667107386596,0,16582,78,78,0,0,0.0
1211,1778309253.1343791,decode,154,590356,0.7652401599554095,770490,154,1929.3585849517904,16504,0,154,770336,770490,770490,0.9987361707919348,0,16504,0,0,0,0,0.0
1212,1778309253.2004948,decode,154,580280,0.7521792952369841,770644,154,1929.3585849517904,16504,0,154,770490,770644,770644,0.9989357909950549,0,16504,36,36,0,0,0.0
1215,1778309253.3050213,decode,154,770588,0.998863201830284,770434,154,1929.3585849517904,16430,0,154,770280,770434,770434,0.998663581627164,0,16430,38,0,0,0,0.0
1216,1778309253.3314424,decode,154,370302,0.47999844451789775,770588,154,1929.3585849517904,16430,0,154,770434,770588,770588,0.998863201830284,0,16430,0,0,0,0,0.0
1217,1778309253.5025084,decode,154,770302,0.9984924785959182,770742,154,1929.3585849517904,16430,0,154,770588,770742,770742,0.999062822033404,0,16430,80,80,0,0,0.0
1219,1778309253.5400443,decode,154,770610,0.9988917190021582,770456,154,1929.3585849517904,16350,0,154,770302,770456,770456,0.9986920987990382,0,16350,0,0,0,0,0.0
1220,1778309253.5651915,decode,154,435363,0.564332795395773,770610,154,1929.3585849517904,16350,0,154,770456,770610,770610,0.9988917190021582,0,16350,0,0,0,0,0.0
1221,1778309253.698224,decode,154,770363,0.9985715489361151,770764,154,1929.3585849517904,16350,0,154,770610,770764,770764,0.9990913392052783,0,16350,67,67,0,0,0.0
1223,1778309253.7388675,decode,154,600399,0.7782582489160235,770517,154,1929.3585849517904,16283,0,154,770363,770517,770517,0.9987711691392351,0,16283,0,0,0,0,0.0
1224,1778309253.8015447,decode,154,585325,0.7587188012417933,770671,154,1929.3585849517904,16283,0,154,770517,770671,770671,0.9989707893423552,0,16283,34,34,0,0,0.0
1227,1778309253.9031377,decode,154,770633,0.9989215324091177,770479,154,1929.3585849517904,16212,0,154,770325,770479,770479,0.9987219122059977,0,16212,37,0,0,0,0.0
1228,1778309253.929834,decode,154,325255,0.4216069426351163,770633,154,1929.3585849517904,16212,0,154,770479,770633,770633,0.9989215324091177,0,16212,0,0,0,0,0.0
1229,1778309254.1289244,decode,154,770255,0.998431555546914,770787,154,1929.3585849517904,16212,0,154,770633,770787,770787,0.9991211526122378,0,16212,89,89,0,0,0.0
1231,1778309254.1664865,decode,154,770563,0.998830795953154,770409,154,1929.3585849517904,16123,0,154,770255,770409,770409,0.998631175750034,0,16123,0,0,0,0,0.0
1232,1778309254.1919134,decode,154,420357,0.544881491707336,770563,154,1929.3585849517904,16123,0,154,770409,770563,770563,0.998830795953154,0,16123,0,0,0,0,0.0
1233,1778309254.3327625,decode,154,770357,0.9985637715256039,770717,154,1929.3585849517904,16123,0,154,770563,770717,770717,0.9990304161562741,0,16123,70,70,0,0,0.0
1235,1778309254.3732257,decode,154,595385,0.7717589261988554,770511,154,1929.3585849517904,16053,0,154,770357,770511,770511,0.998763391728724,0,16053,0,0,0,0,0.0
1236,1778309254.4365957,decode,154,610321,0.7911194934313287,770665,154,1929.3585849517904,16053,0,154,770511,770665,770665,0.998963011931844,0,16053,35,35,0,0,0.0
1239,1778309254.5289798,decode,154,770629,0.9989163474687769,770475,154,1929.3585849517904,15986,0,154,770321,770475,770475,0.9987167272656569,0,15986,32,0,0,0,0.0
1240,1778309254.5557766,decode,154,340280,0.44108287479017194,770629,154,1929.3585849517904,15986,0,154,770475,770629,770629,0.9989163474687769,0,15986,0,0,0,0,0.0
1241,1778309254.7447124,decode,154,770280,0.9984639614240438,770783,154,1929.3585849517904,15986,0,154,770629,770783,770783,0.9991159676718969,0,15986,86,86,0,0,0.0
1243,1778309254.7818334,decode,154,770588,0.998863201830284,770434,154,1929.3585849517904,15900,0,154,770280,770434,770434,0.998663581627164,0,15900,0,0,0,0,0.0
1244,1778309254.8080392,decode,154,385321,0.49946659926244225,770588,154,1929.3585849517904,15900,0,154,770434,770588,770588,0.998863201830284,0,15900,0,0,0,0,0.0
1245,1778309254.968722,decode,154,770321,0.9985171070625368,770742,154,1929.3585849517904,15900,0,154,770588,770742,770742,0.999062822033404,0,15900,77,77,0,0,0.0
1247,1778309255.0084815,decode,154,620389,0.8041699882690725,770475,154,1929.3585849517904,15823,0,154,770321,770475,770475,0.9987167272656569,0,15823,0,0,0,0,0.0
1248,1778309255.0647433,decode,154,525291,0.6809006241371935,770629,154,1929.3585849517904,15823,0,154,770475,770629,770629,0.9989163474687769,0,15823,30,30,0,0,0.0
1251,1778309255.1893566,decode,154,770599,0.998877460416221,770445,154,1929.3585849517904,15744,0,154,770291,770445,770445,0.998677840213101,0,15744,49,0,0,0,0.0
1252,1778309255.2163703,decode,154,330254,0.4280868218260064,770599,154,1929.3585849517904,15744,0,154,770445,770599,770599,0.998877460416221,0,15744,0,0,0,0,0.0
1253,1778309255.4116585,decode,154,770254,0.9984302593118288,770753,154,1929.3585849517904,15744,0,154,770599,770753,770753,0.9990770806193411,0,15744,88,88,0,0,0.0
1255,1778309255.4484215,decode,154,770562,0.9988294997180689,770408,154,1929.3585849517904,15656,0,154,770254,770408,770408,0.9986298795149489,0,15656,0,0,0,0,0.0
1256,1778309255.47352,decode,154,435375,0.5643483502167953,770562,154,1929.3585849517904,15656,0,154,770408,770562,770562,0.9988294997180689,0,15656,0,0,0,0,0.0
1257,1778309255.605137,decode,154,770375,0.9985871037571374,770716,154,1929.3585849517904,15656,0,154,770562,770716,770716,0.9990291199211889,0,15656,67,67,0,0,0.0
1259,1778309255.6455379,decode,154,580379,0.7523076225104185,770529,154,1929.3585849517904,15589,0,154,770375,770529,770529,0.9987867239602575,0,15589,0,0,0,0,0.0
1260,1778309255.7147603,decode,154,605313,0.7846279481246718,770683,154,1951.1235161540756,15589,0,154,770529,770683,770683,0.9989863441633775,0,15589,38,38,0,0,0.0
1263,1778309255.8078458,decode,154,770621,0.9989059775880954,770467,154,1951.1235161540756,15518,0,154,770313,770467,770467,0.9987063573849754,0,15518,33,0,0,0,0.0
1264,1778309255.8341796,decode,154,380296,0.4929530179593371,770621,154,1951.1235161540756,15518,0,154,770467,770621,770621,0.9989059775880954,0,15518,0,0,0,0,0.0
1265,1778309255.9975646,decode,154,770296,0.998484701185407,770775,154,1951.1235161540756,15518,0,154,770621,770775,770775,0.9991055977912154,0,15518,78,78,0,0,0.0
1267,1778309256.0342813,decode,154,770604,0.9988839415916471,770450,154,1951.1235161540756,15440,0,154,770296,770450,770450,0.998684321388527,0,15440,0,0,0,0,0.0
1268,1778309256.060286,decode,154,385357,0.49951326372550925,770604,154,1951.1235161540756,15440,0,154,770450,770604,770604,0.9988839415916471,0,15440,0,0,0,0,0.0
1269,1778309256.2205272,decode,154,770357,0.9985637715256039,770758,154,1951.1235161540756,15440,0,154,770604,770758,770758,0.9990835617947671,0,15440,77,77,0,0,0.0
1271,1778309256.2606683,decode,154,560329,0.7263181090522577,770511,154,1951.1235161540756,15363,0,154,770357,770511,770511,0.998763391728724,0,15363,0,0,0,0,0.0
1272,1778309256.33674,decode,154,600261,0.7780793684742665,770665,154,1951.1235161540756,15363,0,154,770511,770665,770665,0.998963011931844,0,15363,42,42,0,0,0.0
1275,1778309256.4315984,decode,154,770569,0.9988385733636652,770415,154,1951.1235161540756,15287,0,154,770261,770415,770415,0.9986389531605452,0,15287,34,0,0,0,0.0
1276,1778309256.4566898,decode,154,445353,0.5772821838968716,770569,154,1951.1235161540756,15287,0,154,770415,770569,770569,0.9988385733636652,0,15287,0,0,0,0,0.0
1277,1778309256.5831628,decode,154,770353,0.9985585865852631,770723,154,1951.1235161540756,15287,0,154,770569,770723,770723,0.9990381935667852,0,15287,65,65,0,0,0.0
1279,1778309256.61997,decode,154,770661,0.9989578269915032,770507,154,1951.1235161540756,15222,0,154,770353,770507,770507,0.9987582067883831,0,15222,0,0,0,0,0.0
1280,1778309256.6460514,decode,154,400378,0.5189840109402242,770661,154,1951.1235161540756,15222,0,154,770507,770661,770661,0.9989578269915032,0,15222,0,0,0,0,0.0
1281,1778309256.7987676,decode,154,770378,0.998590992462393,770815,154,1951.1235161540756,15222,0,154,770661,770815,770815,0.9991574471946232,0,15222,74,74,0,0,0.0
1283,1778309256.8402507,decode,154,540318,0.7003791487624196,770532,154,1951.1235161540756,15148,0,154,770378,770532,770532,0.9987906126655131,0,15148,0,0,0,0,0.0
1284,1778309256.926428,decode,154,565236,0.7326787346153099,770686,154,1951.1235161540756,15148,0,154,770532,770686,770686,0.9989902328686331,0,15148,46,46,0,0,0.0
1287,1778309257.0348334,decode,154,770544,0.9988061674865354,770390,154,1951.1235161540756,15061,0,154,770236,770390,770390,0.9986065472834154,0,15061,41,0,0,0,0.0
1288,1778309257.061193,decode,154,380294,0.49295042548916673,770544,154,1951.1235161540756,15061,0,154,770390,770544,770544,0.9988061674865354,0,15061,0,0,0,0,0.0
1289,1778309257.2253988,decode,154,770294,0.9984821087152366,770698,154,1951.1235161540756,15061,0,154,770544,770698,770698,0.9990057876896554,0,15061,78,78,0,0,0.0
1291,1778309257.2620282,decode,154,770602,0.9988813491214766,770448,154,1951.1235161540756,14983,0,154,770294,770448,770448,0.9986817289183566,0,14983,0,0,0,0,0.0
1292,1778309257.2880194,decode,154,385360,0.49951715243076483,770602,154,1951.1235161540756,14983,0,154,770448,770602,770602,0.9988813491214766,0,14983,0,0,0,0,0.0
1293,1778309257.448023,decode,154,770360,0.9985676602308595,770756,154,1951.1235161540756,14983,0,154,770602,770756,770756,0.9990809693245967,0,14983,77,77,0,0,0.0
1295,1778309257.4883246,decode,154,555324,0.7198304524508565,770514,154,1951.1235161540756,14906,0,154,770360,770514,770514,0.9987672804339796,0,14906,0,0,0,0,0.0
1296,1778309257.5670362,decode,154,560240,0.7262027441296753,770668,154,1951.1235161540756,14906,0,154,770514,770668,770668,0.9989669006370996,0,14906,43,43,0,0,0.0
1299,1778309257.6758573,decode,154,770548,0.9988113524268761,770394,154,1951.1235161540756,14821,0,154,770240,770394,770394,0.9986117322237561,0,14821,42,0,0,0,0.0
1300,1778309257.7015738,decode,154,400310,0.5188958669544309,770548,154,1951.1235161540756,14821,0,154,770394,770548,770548,0.9988113524268761,0,14821,0,0,0,0,0.0
1301,1778309257.8525655,decode,154,770310,0.9985028484765998,770702,154,1951.1235161540756,14821,0,154,770548,770702,770702,0.9990109726299962,0,14821,74,74,0,0,0.0
1303,1778309257.8885477,decode,154,770618,0.9989020888828398,770464,154,1951.1235161540756,14747,0,154,770310,770464,770464,0.9987024686797198,0,14747,0,0,0,0,0.0
1304,1778309257.9143696,decode,154,410381,0.5319502504974302,770618,154,1951.1235161540756,14747,0,154,770464,770618,770618,0.9989020888828398,0,14747,0,0,0,0,0.0
1305,1778309258.0595384,decode,154,770381,0.9985948811676486,770772,154,1951.1235161540756,14747,0,154,770618,770772,770772,0.9991017090859599,0,14747,72,72,0,0,0.0
1307,1778309258.0994189,decode,154,545329,0.7068745827743319,770535,154,1951.1235161540756,14675,0,154,770381,770535,770535,0.9987945013707686,0,14675,0,0,0,0,0.0
1308,1778309258.181606,decode,154,570249,0.7391767610973926,770689,154,1951.1235161540756,14675,0,154,770535,770689,770689,0.9989941215738887,0,14675,45,45,0,0,0.0
1311,1778309258.2856603,decode,154,770557,0.9988230185426429,770403,154,1951.1235161540756,14590,0,154,770249,770403,770403,0.9986233983395228,0,14590,40,0,0,0,0.0
1312,1778309258.3119159,decode,154,370286,0.4799777047565346,770557,154,1951.1235161540756,14590,0,154,770403,770557,770557,0.9988230185426429,0,14590,0,0,0,0,0.0
1313,1778309258.4806106,decode,154,770286,0.9984717388345551,770711,154,1951.1235161540756,14590,0,154,770557,770711,770711,0.9990226387457629,0,14590,80,80,0,0,0.0
1315,1778309258.5161722,decode,154,770594,0.9988709792407952,770440,154,1951.1235161540756,14510,0,154,770286,770440,770440,0.9986713590376751,0,14510,0,0,0,0,0.0
1316,1778309258.542165,decode,154,390360,0.5059983278567401,770594,154,1951.1235161540756,14510,0,154,770440,770594,770594,0.9988709792407952,0,14510,0,0,0,0,0.0
1317,1778309258.6984766,decode,154,770360,0.9985676602308595,770748,154,1951.1235161540756,14510,0,154,770594,770748,770748,0.9990705994439152,0,14510,76,76,0,0,0.0
1319,1778309258.738025,decode,154,560332,0.7263219977575133,770514,154,1951.1235161540756,14434,0,154,770360,770514,770514,0.9987672804339796,0,14434,0,0,0,0,0.0
1320,1778309258.8140461,decode,154,590260,0.7651157213872308,770668,154,1987.553836625903,14434,0,154,770514,770668,770668,0.9989669006370996,0,14434,42,42,0,0,0.0
1323,1778309258.911069,decode,154,770568,0.9988372771285801,770414,154,1987.553836625903,14356,0,154,770260,770414,770414,0.99863765692546,0,14356,36,0,0,0,0.0
1324,1778309258.936112,decode,154,435341,0.5643042782238987,770568,154,1987.553836625903,14356,0,154,770414,770568,770568,0.9988372771285801,0,14356,0,0,0,0,0.0
1325,1778309259.0691996,decode,154,770341,0.9985430317642408,770722,154,1987.553836625903,14356,0,154,770568,770722,770722,0.9990368973317001,0,14356,67,67,0,0,0.0
1327,1778309259.104769,decode,154,770649,0.9989422721704808,770495,154,1987.553836625903,14289,0,154,770341,770495,770495,0.9987426519673608,0,14289,0,0,0,0,0.0
1328,1778309259.1314242,decode,154,375366,0.4865625789893255,770649,154,1987.553836625903,14289,0,154,770495,770649,770649,0.9989422721704808,0,14289,0,0,0,0,0.0
1329,1778309259.297981,decode,154,770366,0.9985754376413707,770803,154,1987.553836625903,14289,0,154,770649,770803,770803,0.9991418923736008,0,14289,79,79,0,0,0.0
1331,1778309259.3379598,decode,154,535298,0.6938720486347404,770520,154,1987.553836625903,14210,0,154,770366,770520,770520,0.9987750578444907,0,14210,0,0,0,0,0.0
1332,1778309259.4251611,decode,154,565216,0.7326528099136059,770674,154,1987.553836625903,14210,0,154,770520,770674,770674,0.9989746780476108,0,14210,47,47,0,0,0.0
1335,1778309259.5337045,decode,154,770524,0.9987802427848315,770370,154,1987.553836625903,14122,0,154,770216,770370,770370,0.9985806225817114,0,14122,41,0,0,0,0.0
1336,1778309259.5581198,decode,154,475361,0.6161796063334046,770524,154,1987.553836625903,14122,0,154,770370,770524,770524,0.9987802427848315,0,14122,0,0,0,0,0.0
1337,1778309259.6681402,decode,154,770361,0.9985689564659447,770678,154,1987.553836625903,14122,0,154,770524,770678,770678,0.9989798629879515,0,14122,59,59,0,0,0.0
1339,1778309259.7036748,decode,154,770669,0.9989681968721847,770515,154,1987.553836625903,14063,0,154,770361,770515,770515,0.9987685766690647,0,14063,0,0,0,0,0.0
1340,1778309259.7289224,decode,154,430429,0.5579371714854205,770669,154,1987.553836625903,14063,0,154,770515,770669,770669,0.9989681968721847,0,14063,0,0,0,0,0.0
1341,1778309259.8625805,decode,154,770429,0.998657100451738,770823,154,1987.553836625903,14063,0,154,770669,770823,770823,0.9991678170753048,0,14063,68,68,0,0,0.0
1343,1778309259.9031403,decode,154,485281,0.6290382583785395,770583,154,1987.553836625903,13995,0,154,770429,770583,770583,0.998856720654858,0,13995,0,0,0,0,0.0
1344,1778309260.0114353,decode,154,615219,0.7974684528786141,770737,154,1987.553836625903,13995,0,154,770583,770737,770737,0.999056340857978,0,13995,57,57,0,0,0.0
1347,1778309260.098079,decode,154,770527,0.998784131490087,770373,154,1987.553836625903,13907,0,154,770219,770373,770373,0.998584511286967,0,13907,31,0,0,0,0.0
1348,1778309260.1243913,decode,154,375299,0.4864757312386174,770527,154,1987.553836625903,13907,0,154,770373,770527,770527,0.998784131490087,0,13907,0,0,0,0,0.0
1349,1778309260.28911,decode,154,770299,0.9984885898906626,770681,154,1987.553836625903,13907,0,154,770527,770681,770681,0.9989837516932071,0,13907,79,79,0,0,0.0
1351,1778309260.324253,decode,154,770607,0.9988878302969026,770453,154,1987.553836625903,13828,0,154,770299,770453,770453,0.9986882100937826,0,13828,0,0,0,0,0.0
1352,1778309260.3505073,decode,154,370336,0.4800425165107944,770607,154,1987.553836625903,13828,0,154,770453,770607,770607,0.9988878302969026,0,13828,0,0,0,0,0.0
1353,1778309260.5182312,decode,154,770336,0.9985365505888147,770761,154,1987.553836625903,13828,0,154,770607,770761,770761,0.9990874505000227,0,13828,80,80,0,0,0.0
1355,1778309260.5565064,decode,154,580340,0.7522570693420959,770490,154,1987.553836625903,13748,0,154,770336,770490,770490,0.9987361707919348,0,13748,0,0,0,0,0.0
1356,1778309260.623747,decode,154,590268,0.7651260912679123,770644,154,1987.553836625903,13748,0,154,770490,770644,770644,0.9989357909950549,0,13748,38,38,0,0,0.0
1359,1778309260.7180362,decode,154,770576,0.9988476470092617,770422,154,1987.553836625903,13674,0,154,770268,770422,770422,0.9986480268061415,0,13674,36,0,0,0,0.0
1360,1778309260.7433753,decode,154,430346,0.5578295839733494,770576,154,1987.553836625903,13674,0,154,770422,770576,770576,0.9988476470092617,0,13674,0,0,0,0,0.0
1361,1778309260.8763185,decode,154,770346,0.9985495129396668,770730,154,1987.553836625903,13674,0,154,770576,770730,770730,0.9990472672123817,0,13674,68,68,0,0,0.0
1363,1778309260.9112408,decode,154,770654,0.9989487533459068,770500,154,1987.553836625903,13606,0,154,770346,770500,770500,0.9987491331427868,0,13606,0,0,0,0,0.0
1364,1778309260.937512,decode,154,370348,0.4800580713318167,770654,154,1987.553836625903,13606,0,154,770500,770654,770654,0.9989487533459068,0,13606,0,0,0,0,0.0
1365,1778309261.105007,decode,154,770348,0.9985521054098371,770808,154,1987.553836625903,13606,0,154,770654,770808,770808,0.9991483735490269,0,13606,80,80,0,0,0.0
1367,1778309261.1437113,decode,154,560320,0.7263064429364909,770502,154,1987.553836625903,13526,0,154,770348,770502,770502,0.9987517256129572,0,13526,0,0,0,0,0.0
1368,1778309261.2190845,decode,154,570240,0.7391650949816259,770656,154,1987.553836625903,13526,0,154,770502,770656,770656,0.9989513458160773,0,13526,42,42,0,0,0.0
1371,1778309261.3215046,decode,154,770548,0.9988113524268761,770394,154,1987.553836625903,13444,0,154,770240,770394,770394,0.9986117322237561,0,13444,40,0,0,0,0.0
1372,1778309261.3471491,decode,154,410326,0.5318789575677445,770548,154,1987.553836625903,13444,0,154,770394,770548,770548,0.9988113524268761,0,13444,0,0,0,0,0.0
1373,1778309261.4911296,decode,154,770326,0.9985235882379628,770702,154,1987.553836625903,13444,0,154,770548,770702,770702,0.9990109726299962,0,13444,72,72,0,0,0.0
1375,1778309261.5256877,decode,154,770634,0.9989228286442029,770480,154,1987.553836625903,13372,0,154,770326,770480,770480,0.9987232084410829,0,13372,0,0,0,0,0.0
1376,1778309261.552175,decode,154,360342,0.4670879430693551,770634,154,1987.553836625903,13372,0,154,770480,770634,770634,0.9989228286442029,0,13372,0,0,0,0,0.0
1377,1778309261.7282085,decode,154,770342,0.9985443279993259,770788,154,1987.553836625903,13372,0,154,770634,770788,770788,0.9991224488473229,0,13372,82,82,0,0,0.0
1379,1778309261.767056,decode,154,560314,0.7262986655259798,770496,154,1987.553836625903,13290,0,154,770342,770496,770496,0.9987439482024459,0,13290,0,0,0,0,0.0
1380,1778309261.8415663,decode,154,595244,0.7715761570518429,770650,154,2034.6651277426868,13290,0,154,770496,770650,770650,0.9989435684055661,0,13290,42,42,0,0,0.0
1383,1778309261.9349093,decode,154,770552,0.9988165373672169,770398,154,2034.6651277426868,13213,0,154,770244,770398,770398,0.9986169171640968,0,13213,35,0,0,0,0.0
1384,1778309261.96048,decode,154,400334,0.5189269765964756,770552,154,2034.6651277426868,13213,0,154,770398,770552,770552,0.9988165373672169,0,13213,0,0,0,0,0.0
1385,1778309262.111081,decode,154,770334,0.9985339581186444,770706,154,2034.6651277426868,13213,0,154,770552,770706,770706,0.9990161575703369,0,13213,74,74,0,0,0.0
1387,1778309262.1457186,decode,154,770642,0.9989331985248845,770488,154,2034.6651277426868,13139,0,154,770334,770488,770488,0.9987335783217645,0,13139,0,0,0,0,0.0
1388,1778309262.172604,decode,154,325294,0.4216574958034389,770642,154,2034.6651277426868,13139,0,154,770488,770642,770642,0.9989331985248845,0,13139,0,0,0,0,0.0
1389,1778309262.3686523,decode,154,770294,0.9984821087152366,770796,154,2034.6651277426868,13139,0,154,770642,770796,770796,0.9991328187280045,0,13139,89,89,0,0,0.0
1391,1778309262.4063847,decode,154,605338,0.7846603540018018,770448,154,2034.6651277426868,13050,0,154,770294,770448,770448,0.9986817289183566,0,13050,0,0,0,0,0.0
1392,1778309262.4654953,decode,154,550250,0.7132533556285768,770602,154,2034.6651277426868,13050,0,154,770448,770602,770602,0.9988813491214766,0,13050,33,33,0,0,0.0
1395,1778309262.5742128,decode,154,770558,0.998824314777728,770404,154,2034.6651277426868,12973,0,154,770250,770404,770404,0.998624694574608,0,12973,44,0,0,0,0.0
1396,1778309262.600287,decode,154,395327,0.5124367275249039,770558,154,2034.6651277426868,12973,0,154,770404,770558,770558,0.998824314777728,0,12973,0,0,0,0,0.0
1397,1778309262.7539206,decode,154,770327,0.998524884473048,770712,154,2034.6651277426868,12973,0,154,770558,770712,770712,0.9990239349808481,0,12973,75,75,0,0,0.0
1399,1778309262.7880218,decode,154,770635,0.9989241248792881,770481,154,2034.6651277426868,12898,0,154,770327,770481,770481,0.998724504676168,0,12898,0,0,0,0,0.0
1400,1778309262.814995,decode,154,325297,0.4216613845086945,770635,154,2034.6651277426868,12898,0,154,770481,770635,770635,0.9989241248792881,0,12898,0,0,0,0,0.0
1401,1778309263.01079,decode,154,770297,0.9984859974204922,770789,154,2034.6651277426868,12898,0,154,770635,770789,770789,0.9991237450824082,0,12898,89,89,0,0,0.0
1403,1778309263.0482812,decode,154,600333,0.7781726974004005,770451,154,2034.6651277426868,12809,0,154,770297,770451,770451,0.9986856176236122,0,12809,0,0,0,0,0.0
1404,1778309263.1088555,decode,154,570253,0.7391819460377334,770605,154,2034.6651277426868,12809,0,154,770451,770605,770605,0.9988852378267322,0,12809,34,34,0,0,0.0
1407,1778309263.2090464,decode,154,770561,0.9988282034829836,770407,154,2034.6651277426868,12735,0,154,770253,770407,770407,0.9986285832798636,0,12735,40,0,0,0,0.0
1408,1778309263.2341256,decode,154,440362,0.5708126745866631,770561,154,2034.6651277426868,12735,0,154,770407,770561,770561,0.9988282034829836,0,12735,0,0,0,0,0.0
1409,1778309263.3606896,decode,154,770362,0.9985702527010298,770715,154,2034.6651277426868,12735,0,154,770561,770715,770715,0.9990278236861038,0,12735,66,66,0,0,0.0
1411,1778309263.3946679,decode,154,770670,0.9989694931072699,770516,154,2034.6651277426868,12669,0,154,770362,770516,770516,0.9987698729041499,0,12669,0,0,0,0,0.0
1412,1778309263.4209461,decode,154,360333,0.4670762769535883,770670,154,2034.6651277426868,12669,0,154,770516,770670,770670,0.9989694931072699,0,12669,0,0,0,0,0.0
1413,1778309263.596772,decode,154,770333,0.9985326618835592,770824,154,2034.6651277426868,12669,0,154,770670,770824,770824,0.9991691133103899,0,12669,82,82,0,0,0.0
1415,1778309263.6344965,decode,154,575329,0.7457616353301835,770487,154,2034.6651277426868,12587,0,154,770333,770487,770487,0.9987322820866792,0,12587,0,0,0,0,0.0
1416,1778309263.7032564,decode,154,595259,0.7715956005781208,770641,154,2034.6651277426868,12587,0,154,770487,770641,770641,0.9989319022897992,0,12587,39,39,0,0,0.0
1419,1778309263.793512,decode,154,770567,0.9988359808934948,770413,154,2034.6651277426868,12513,0,154,770259,770413,770413,0.9986363606903748,0,12513,35,0,0,0,0.0
1420,1778309263.8187761,decode,154,430352,0.5578373613838605,770567,154,2034.6651277426868,12513,0,154,770413,770567,770567,0.9988359808934948,0,12513,0,0,0,0,0.0
1421,1778309263.9504933,decode,154,770352,0.9985572903501779,770721,154,2034.6651277426868,12513,0,154,770567,770721,770721,0.9990356010966149,0,12513,68,68,0,0,0.0
1423,1778309263.9842196,decode,154,770660,0.998956530756418,770506,154,2034.6651277426868,12445,0,154,770352,770506,770506,0.998756910553298,0,12445,0,0,0,0,0.0
1424,1778309264.0105858,decode,154,365336,0.4735613410848191,770660,154,2034.6651277426868,12445,0,154,770506,770660,770660,0.998956530756418,0,12445,0,0,0,0,0.0
1425,1778309264.1812377,decode,154,770336,0.9985365505888147,770814,154,2034.6651277426868,12445,0,154,770660,770814,770814,0.999156150959538,0,12445,81,81,0,0,0.0
1427,1778309264.2182841,decode,154,575332,0.745765524035439,770490,154,2034.6651277426868,12364,0,154,770336,770490,770490,0.9987361707919348,0,12364,0,0,0,0,0.0
1428,1778309264.2872412,decode,154,565250,0.7326968819065026,770644,154,2034.6651277426868,12364,0,154,770490,770644,770644,0.9989357909950549,0,12364,39,39,0,0,0.0
1431,1778309264.3883853,decode,154,770558,0.998824314777728,770404,154,2034.6651277426868,12284,0,154,770250,770404,770404,0.998624694574608,0,12284,41,0,0,0,0.0
1432,1778309264.4144666,decode,154,385311,0.4994536369115903,770558,154,2034.6651277426868,12284,0,154,770404,770558,770558,0.998824314777728,0,12284,0,0,0,0,0.0
1433,1778309264.5717533,decode,154,770311,0.9985041447116849,770712,154,2034.6651277426868,12284,0,154,770558,770712,770712,0.9990239349808481,0,12284,77,77,0,0,0.0
1435,1778309264.6061378,decode,154,770619,0.998903385117925,770465,154,2034.6651277426868,12207,0,154,770311,770465,770465,0.998703764914805,0,12207,0,0,0,0,0.0
1436,1778309264.630999,decode,154,420363,0.5448892691178472,770619,154,2034.6651277426868,12207,0,154,770465,770619,770619,0.998903385117925,0,12207,0,0,0,0,0.0
1437,1778309264.768522,decode,154,770363,0.9985715489361151,770773,154,2034.6651277426868,12207,0,154,770619,770773,770773,0.999103005321045,0,12207,70,70,0,0,0.0
1439,1778309264.8054876,decode,154,585375,0.758783612996053,770517,154,2034.6651277426868,12137,0,154,770363,770517,770517,0.9987711691392351,0,12137,0,0,0,0,0.0
1440,1778309264.869786,decode,154,615313,0.7975902989766224,770671,154,2034.1956091954942,12137,0,154,770517,770671,770671,0.9989707893423552,0,12137,37,37,0,0,0.0
1443,1778309264.9524434,decode,154,770621,0.9989059775880954,770467,154,2034.1956091954942,12069,0,154,770313,770467,770467,0.9987063573849754,0,12069,31,0,0,0,0.0
1444,1778309264.978826,decode,154,355291,0.46054065965403485,770621,154,2034.1956091954942,12069,0,154,770467,770621,770621,0.9989059775880954,0,12069,0,0,0,0,0.0
1445,1778309265.1545718,decode,154,770291,0.998478220009981,770775,154,2034.1956091954942,12069,0,154,770621,770775,770775,0.9991055977912154,0,12069,83,83,0,0,0.0
1447,1778309265.188052,decode,154,770599,0.998877460416221,770445,154,2034.1956091954942,11986,0,154,770291,770445,770445,0.998677840213101,0,11986,0,0,0,0,0.0
1448,1778309265.2141104,decode,154,375321,0.4865042484104917,770599,154,2034.1956091954942,11986,0,154,770445,770599,770599,0.998877460416221,0,11986,0,0,0,0,0.0
1449,1778309265.377548,decode,154,770321,0.9985171070625368,770753,154,2034.1956091954942,11986,0,154,770599,770753,770753,0.9990770806193411,0,11986,79,79,0,0,0.0
1451,1778309265.4145327,decode,154,610373,0.7911868976557589,770475,154,2034.1956091954942,11907,0,154,770321,770475,770475,0.9987167272656569,0,11907,0,0,0,0,0.0
1452,1778309265.4714649,decode,154,570293,0.7392337954411412,770629,154,2034.1956091954942,11907,0,154,770475,770629,770629,0.9989163474687769,0,11907,32,32,0,0,0.0
1455,1778309265.5715814,decode,154,770601,0.9988800528863915,770447,154,2034.1956091954942,11835,0,154,770293,770447,770447,0.9986804326832714,0,11835,40,0,0,0,0.0
1456,1778309265.5986254,decode,154,355291,0.46054065965403485,770601,154,2034.1956091954942,11835,0,154,770447,770601,770601,0.9988800528863915,0,11835,0,0,0,0,0.0
1457,1778309265.775067,decode,154,770291,0.998478220009981,770755,154,2034.1956091954942,11835,0,154,770601,770755,770755,0.9990796730895115,0,11835,83,83,0,0,0.0
1459,1778309265.808487,decode,154,770599,0.998877460416221,770445,154,2034.1956091954942,11752,0,154,770291,770445,770445,0.998677840213101,0,11752,0,0,0,0,0.0
1460,1778309265.8348553,decode,154,375321,0.4865042484104917,770599,154,2034.1956091954942,11752,0,154,770445,770599,770599,0.998877460416221,0,11752,0,0,0,0,0.0
1461,1778309266.001691,decode,154,770321,0.9985171070625368,770753,154,2034.1956091954942,11752,0,154,770599,770753,770753,0.9990770806193411,0,11752,79,79,0,0,0.0
1463,1778309266.0383296,decode,154,610373,0.7911868976557589,770475,154,2034.1956091954942,11673,0,154,770321,770475,770475,0.9987167272656569,0,11673,0,0,0,0,0.0
1464,1778309266.0950258,decode,154,555287,0.7197824917527043,770629,154,2034.1956091954942,11673,0,154,770475,770629,770629,0.9989163474687769,0,11673,32,32,0,0,0.0
1467,1778309266.1996503,decode,154,770595,0.9988722754758803,770441,154,2034.1956091954942,11598,0,154,770287,770441,770441,0.9986726552727603,0,11598,43,0,0,0,0.0
1468,1778309266.2261631,decode,154,355285,0.4605328822435237,770595,154,2034.1956091954942,11598,0,154,770441,770595,770595,0.9988722754758803,0,11598,0,0,0,0,0.0
1469,1778309266.4012308,decode,154,770285,0.9984704425994698,770749,154,2034.1956091954942,11598,0,154,770595,770749,770749,0.9990718956790003,0,11598,83,83,0,0,0.0
1471,1778309266.4340856,decode,154,770593,0.9988696830057099,770439,154,2034.1956091954942,11515,0,154,770285,770439,770439,0.9986700628025899,0,11515,0,0,0,0,0.0
1472,1778309266.4605277,decode,154,360321,0.46706072213256594,770593,154,2034.1956091954942,11515,0,154,770439,770593,770593,0.9988696830057099,0,11515,0,0,0,0,0.0
1473,1778309266.6332386,decode,154,770321,0.9985171070625368,770747,154,2034.1956091954942,11515,0,154,770593,770747,770747,0.9990693032088299,0,11515,82,82,0,0,0.0
1475,1778309266.670754,decode,154,595349,0.7717122617357884,770475,154,2034.1956091954942,11433,0,154,770321,770475,770475,0.9987167272656569,0,11433,0,0,0,0,0.0
1476,1778309266.7308922,decode,154,605283,0.784589061072116,770629,154,2034.1956091954942,11433,0,154,770475,770629,770629,0.9989163474687769,0,11433,35,35,0,0,0.0
1479,1778309266.8167725,decode,154,770591,0.9988670905355396,770437,154,2034.1956091954942,11365,0,154,770283,770437,770437,0.9986674703324195,0,11365,33,0,0,0,0.0
1480,1778309266.8434846,decode,154,420350,0.5448724180617397,770591,154,2034.1956091954942,11365,0,154,770437,770591,770591,0.9988670905355396,0,11365,0,0,0,0,0.0
1481,1778309266.9802203,decode,154,770350,0.9985546978800075,770745,154,2034.1956091954942,11365,0,154,770591,770745,770745,0.9990667107386596,0,11365,70,70,0,0,0.0
1483,1778309267.0128589,decode,154,770658,0.9989539382862476,770504,154,2034.1956091954942,11295,0,154,770350,770504,770504,0.9987543180831275,0,11295,0,0,0,0,0.0
1484,1778309267.0390947,decode,154,375330,0.4865159145262585,770658,154,2034.1956091954942,11295,0,154,770504,770658,770658,0.9989539382862476,0,11295,0,0,0,0,0.0
1485,1778309267.2014272,decode,154,770330,0.9985287731783036,770812,154,2034.1956091954942,11295,0,154,770658,770812,770812,0.9991535584893676,0,11295,79,79,0,0,0.0
1487,1778309267.2372875,decode,154,595358,0.7717239278515552,770484,154,2034.1956091954942,11216,0,154,770330,770484,770484,0.9987283933814236,0,11216,0,0,0,0,0.0
1488,1778309267.2974002,decode,154,615296,0.7975682629801741,770638,154,2034.1956091954942,11216,0,154,770484,770638,770638,0.9989280135845436,0,11216,35,35,0,0,0.0
1491,1778309267.3785546,decode,154,770604,0.9988839415916471,770450,154,2034.1956091954942,11150,0,154,770296,770450,770450,0.998684321388527,0,11150,31,0,0,0,0.0
1492,1778309267.4041092,decode,154,415345,0.5383847614603384,770604,154,2034.1956091954942,11150,0,154,770450,770604,770604,0.9988839415916471,0,11150,0,0,0,0,0.0
1493,1778309267.5432863,decode,154,770345,0.9985482167045815,770758,154,2034.1956091954942,11150,0,154,770604,770758,770758,0.9990835617947671,0,11150,71,71,0,0,0.0
1495,1778309267.5756984,decode,154,770653,0.9989474571108217,770499,154,2034.1956091954942,11079,0,154,770345,770499,770499,0.9987478369077016,0,11079,0,0,0,0,0.0
1496,1778309267.6017134,decode,154,380333,0.4930009786574893,770653,154,2034.1956091954942,11079,0,154,770499,770653,770653,0.9989474571108217,0,11079,0,0,0,0,0.0
1497,1778309267.7609942,decode,154,770333,0.9985326618835592,770807,154,2034.1956091954942,11079,0,154,770653,770807,770807,0.9991470773139417,0,11079,78,78,0,0,0.0
1499,1778309267.796659,decode,154,595361,0.7717278165568108,770487,154,2034.1956091954942,11001,0,154,770333,770487,770487,0.9987322820866792,0,11001,0,0,0,0,0.0
1500,1778309267.8571131,decode,154,585287,0.7586695443085558,770641,154,2062.0449215674607,11001,0,154,770487,770641,770641,0.9989319022897992,0,11001,35,35,0,0,0.0
1503,1778309267.949366,decode,154,770595,0.9988722754758803,770441,154,2062.0449215674607,10929,0,154,770287,770441,770441,0.9986726552727603,0,10929,37,0,0,0,0.0
1504,1778309267.97475,decode,154,415331,0.5383666141691457,770595,154,2062.0449215674607,10929,0,154,770441,770595,770595,0.9988722754758803,0,10929,0,0,0,0,0.0
1505,1778309268.1161156,decode,154,770331,0.9985300694133888,770749,154,2062.0449215674607,10929,0,154,770595,770749,770749,0.9990718956790003,0,10929,71,71,0,0,0.0
1507,1778309268.1484892,decode,154,770639,0.9989293098196289,770485,154,2062.0449215674607,10858,0,154,770331,770485,770485,0.9987296896165089,0,10858,0,0,0,0,0.0
1508,1778309268.174023,decode,154,405369,0.5254535202504326,770639,154,2062.0449215674607,10858,0,154,770485,770639,770639,0.9989293098196289,0,10858,0,0,0,0,0.0
1509,1778309268.3185859,decode,154,770369,0.9985793263466263,770793,154,2062.0449215674607,10858,0,154,770639,770793,770793,0.9991289300227489,0,10858,73,73,0,0,0.0
1511,1778309268.354412,decode,154,560341,0.72633366387328,770523,154,2062.0449215674607,10785,0,154,770369,770523,770523,0.9987789465497463,0,10785,0,0,0,0,0.0
1512,1778309268.4275622,decode,154,575263,0.7456760838145606,770677,154,2062.0449215674607,10785,0,154,770523,770677,770677,0.9989785667528663,0,10785,42,42,0,0,0.0
1515,1778309268.5218377,decode,154,770571,0.9988411658338356,770417,154,2062.0449215674607,10704,0,154,770263,770417,770417,0.9986415456307156,0,10704,39,0,0,0,0.0
1516,1778309268.5480888,decode,154,370290,0.4799828896968754,770571,154,2062.0449215674607,10704,0,154,770417,770571,770571,0.9988411658338356,0,10704,0,0,0,0,0.0
1517,1778309268.71342,decode,154,770290,0.9984769237748958,770725,154,2062.0449215674607,10704,0,154,770571,770725,770725,0.9990407860369557,0,10704,80,80,0,0,0.0
1519,1778309268.7455997,decode,154,770598,0.9988761641811359,770444,154,2062.0449215674607,10624,0,154,770290,770444,770444,0.9986765439780159,0,10624,0,0,0,0,0.0
1520,1778309268.7714956,decode,154,385351,0.4995054863149981,770598,154,2062.0449215674607,10624,0,154,770444,770598,770598,0.9988761641811359,0,10624,0,0,0,0,0.0
1521,1778309268.9276075,decode,154,770351,0.9985559941150927,770752,154,2062.0449215674607,10624,0,154,770598,770752,770752,0.9990757843842559,0,10624,77,77,0,0,0.0
1523,1778309268.9632156,decode,154,570339,0.7392934222550602,770505,154,2062.0449215674607,10547,0,154,770351,770505,770505,0.9987556143182128,0,10547,0,0,0,0,0.0
1524,1778309269.0326238,decode,154,585265,0.7586410271366815,770659,154,2062.0449215674607,10547,0,154,770505,770659,770659,0.9989552345213328,0,10547,40,40,0,0,0.0
1527,1778309269.1231158,decode,154,770573,0.9988437583040061,770419,154,2062.0449215674607,10470,0,154,770265,770419,770419,0.9986441381008859,0,10470,37,0,0,0,0.0
1528,1778309269.1483634,decode,154,430338,0.5578192140926679,770573,154,2062.0449215674607,10470,0,154,770419,770573,770573,0.9988437583040061,0,10470,0,0,0,0,0.0
1529,1778309269.2789931,decode,154,770338,0.9985391430589852,770727,154,2062.0449215674607,10470,0,154,770573,770727,770727,0.9990433785071261,0,10470,68,68,0,0,0.0
1531,1778309269.3110497,decode,154,770646,0.9989383834652252,770492,154,2062.0449215674607,10402,0,154,770338,770492,770492,0.9987387632621052,0,10402,0,0,0,0,0.0
1532,1778309269.3369951,decode,154,395375,0.5124989468089933,770646,154,2062.0449215674607,10402,0,154,770492,770646,770646,0.9989383834652252,0,10402,0,0,0,0,0.0
1533,1778309269.487417,decode,154,770375,0.9985871037571374,770800,154,2062.0449215674607,10402,0,154,770646,770800,770800,0.9991380036683453,0,10402,75,75,0,0,0.0
1535,1778309269.5236013,decode,154,540315,0.700375260057164,770529,154,2062.0449215674607,10327,0,154,770375,770529,770529,0.9987867239602575,0,10327,0,0,0,0,0.0
1536,1778309269.604521,decode,154,595245,0.7715774532869282,770683,154,2062.0449215674607,10327,0,154,770529,770683,770683,0.9989863441633775,0,10327,46,46,0,0,0.0
1539,1778309269.6908073,decode,154,770553,0.9988178336023021,770399,154,2062.0449215674607,10246,0,154,770245,770399,770399,0.9986182133991821,0,10246,35,0,0,0,0.0
1540,1778309269.7170382,decode,154,365299,0.4735133803866669,770553,154,2062.0449215674607,10246,0,154,770399,770553,770553,0.9988178336023021,0,10246,0,0,0,0,0.0
1541,1778309269.885317,decode,154,770299,0.9984885898906626,770707,154,2062.0449215674607,10246,0,154,770553,770707,770707,0.9990174538054222,0,10246,81,81,0,0,0.0
1543,1778309269.9170957,decode,154,770607,0.9988878302969026,770453,154,2062.0449215674607,10165,0,154,770299,770453,770453,0.9986882100937826,0,10165,0,0,0,0,0.0
1544,1778309269.9438236,decode,154,365318,0.4735380088532856,770607,154,2062.0449215674607,10165,0,154,770453,770607,770607,0.9988878302969026,0,10165,0,0,0,0,0.0
1545,1778309270.11409,decode,154,770318,0.9985132183572812,770761,154,2062.0449215674607,10165,0,154,770607,770761,770761,0.9990874505000227,0,10165,81,81,0,0,0.0
1547,1778309270.148575,decode,154,605362,0.7846914636438465,770472,154,2062.0449215674607,10084,0,154,770318,770472,770472,0.9987128385604013,0,10084,0,0,0,0,0.0
1548,1778309270.2052763,decode,154,560278,0.7262520010629128,770626,154,2062.0449215674607,10084,0,154,770472,770626,770626,0.9989124587635213,0,10084,33,33,0,0,0.0
1551,1778309270.304159,decode,154,770586,0.9988606093601136,770432,154,2062.0449215674607,10009,0,154,770278,770432,770432,0.9986609891569935,0,10009,42,0,0,0,0.0
1552,1778309270.3304768,decode,154,365297,0.47351078791649653,770586,154,2062.0449215674607,10009,0,154,770432,770586,770586,0.9988606093601136,0,10009,0,0,0,0,0.0
1553,1778309270.5010247,decode,154,770297,0.9984859974204922,770740,154,2062.0449215674607,10009,0,154,770586,770740,770740,0.9990602295632336,0,10009,81,81,0,0,0.0
1555,1778309270.5324235,decode,154,770605,0.9988852378267322,770451,154,2062.0449215674607,9928,0,154,770297,770451,770451,0.9986856176236122,0,9928,0,0,0,0,0.0
1556,1778309270.55941,decode,154,320294,0.41517632037746366,770605,154,2062.0449215674607,9928,0,154,770451,770605,770605,0.9988852378267322,0,9928,0,0,0,0,0.0
1557,1778309270.756652,decode,154,770294,0.9984821087152366,770759,154,2062.0449215674607,9928,0,154,770605,770759,770759,0.9990848580298523,0,9928,90,90,0,0,0.0
1559,1778309270.7912471,decode,154,600330,0.7781688086951449,770448,154,2062.0449215674607,9838,0,154,770294,770448,770448,0.9986817289183566,0,9838,0,0,0,0,0.0
1560,1778309270.8493176,decode,154,560246,0.7262105215401865,770602,154,2058.683640572136,9838,0,154,770448,770602,770602,0.9988813491214766,0,9838,34,34,0,0,0.0
1563,1778309270.9490714,decode,154,770554,0.9988191298373873,770400,154,2058.683640572136,9762,0,154,770246,770400,770400,0.9986195096342673,0,9762,42,0,0,0,0.0
1564,1778309270.9748697,decode,154,400336,0.5189295690666459,770554,154,2058.683640572136,9762,0,154,770400,770554,770554,0.9988191298373873,0,9762,0,0,0,0,0.0
1565,1778309271.1215441,decode,154,770336,0.9985365505888147,770708,154,2058.683640572136,9762,0,154,770554,770708,770708,0.9990187500405073,0,9762,74,74,0,0,0.0
1567,1778309271.152708,decode,154,770644,0.9989357909950549,770490,154,2058.683640572136,9688,0,154,770336,770490,770490,0.9987361707919348,0,9688,0,0,0,0,0.0
1568,1778309271.1788554,decode,154,380324,0.49298931254172257,770644,154,2058.683640572136,9688,0,154,770490,770644,770644,0.9989357909950549,0,9688,0,0,0,0,0.0
1569,1778309271.3374043,decode,154,770324,0.9985209957677924,770798,154,2058.683640572136,9688,0,154,770644,770798,770798,0.999135411198175,0,9688,78,78,0,0,0.0
1571,1778309271.3713472,decode,154,610376,0.7911907863610145,770478,154,2058.683640572136,9610,0,154,770324,770478,770478,0.9987206159709124,0,9610,0,0,0,0,0.0
1572,1778309271.4257367,decode,154,585302,0.7586889878348337,770632,154,2058.683640572136,9610,0,154,770478,770632,770632,0.9989202361740325,0,9610,32,32,0,0,0.0
1575,1778309271.5140076,decode,154,770610,0.9988917190021582,770456,154,2058.683640572136,9541,0,154,770302,770456,770456,0.9986920987990382,0,9541,37,0,0,0,0.0
1576,1778309271.5399225,decode,154,385313,0.49945622938176065,770610,154,2058.683640572136,9541,0,154,770456,770610,770610,0.9988917190021582,0,9541,0,0,0,0,0.0
1577,1778309271.695431,decode,154,770313,0.9985067371818553,770764,154,2058.683640572136,9541,0,154,770610,770764,770764,0.9990913392052783,0,9541,77,77,0,0,0.0
1579,1778309271.7265527,decode,154,770621,0.9989059775880954,770467,154,2058.683640572136,9464,0,154,770313,770467,770467,0.9987063573849754,0,9464,0,0,0,0,0.0
1580,1778309271.7522802,decode,154,395345,0.5124600597564374,770621,154,2058.683640572136,9464,0,154,770467,770621,770621,0.9989059775880954,0,9464,0,0,0,0,0.0
1581,1778309271.9018543,decode,154,770345,0.9985482167045815,770775,154,2058.683640572136,9464,0,154,770621,770775,770775,0.9991055977912154,0,9464,75,75,0,0,0.0
1583,1778309271.9360545,decode,154,590365,0.7652518260711763,770499,154,2058.683640572136,9389,0,154,770345,770499,770499,0.9987478369077016,0,9389,0,0,0,0,0.0
1584,1778309271.997269,decode,154,575287,0.7457071934566053,770653,154,2058.683640572136,9389,0,154,770499,770653,770653,0.9989474571108217,0,9389,36,36,0,0,0.0
1587,1778309272.0888398,decode,154,770595,0.9988722754758803,770441,154,2058.683640572136,9314,0,154,770287,770441,770441,0.9986726552727603,0,9314,39,0,0,0,0.0
1588,1778309272.1149735,decode,154,375297,0.48647313876844706,770595,154,2058.683640572136,9314,0,154,770441,770595,770595,0.9988722754758803,0,9314,0,0,0,0,0.0
1589,1778309272.276267,decode,154,770297,0.9984859974204922,770749,154,2058.683640572136,9314,0,154,770595,770749,770749,0.9990718956790003,0,9314,79,79,0,0,0.0
1591,1778309272.3071,decode,154,770605,0.9988852378267322,770451,154,2058.683640572136,9235,0,154,770297,770451,770451,0.9986856176236122,0,9235,0,0,0,0,0.0
1592,1778309272.3328915,decode,154,395354,0.5124717258722041,770605,154,2058.683640572136,9235,0,154,770451,770605,770605,0.9988852378267322,0,9235,0,0,0,0,0.0
1593,1778309272.4826038,decode,154,770354,0.9985598828203482,770759,154,2058.683640572136,9235,0,154,770605,770759,770759,0.9990848580298523,0,9235,75,75,0,0,0.0
1595,1778309272.5166843,decode,154,575350,0.7457888562669726,770508,154,2058.683640572136,9160,0,154,770354,770508,770508,0.9987595030234684,0,9160,0,0,0,0,0.0
1596,1778309272.5831022,decode,154,580274,0.752171517826473,770662,154,2058.683640572136,9160,0,154,770508,770662,770662,0.9989591232265884,0,9160,39,39,0,0,0.0
1599,1778309272.6728861,decode,154,770582,0.9988554244197728,770428,154,2058.683640572136,9083,0,154,770274,770428,770428,0.9986558042166528,0,9083,38,0,0,0,0.0
1600,1778309272.6992912,decode,154,355287,0.46053547471369405,770582,154,2058.683640572136,9083,0,154,770428,770582,770582,0.9988554244197728,0,9083,0,0,0,0,0.0
1601,1778309272.8729641,decode,154,770287,0.9984730350696402,770736,154,2058.683640572136,9083,0,154,770582,770736,770736,0.9990550446228929,0,9083,83,83,0,0,0.0
1603,1778309272.9035523,decode,154,770595,0.9988722754758803,770441,154,2058.683640572136,9000,0,154,770287,770441,770441,0.9986726552727603,0,9000,0,0,0,0,0.0
1604,1778309272.9297664,decode,154,375327,0.4865120258210029,770595,154,2058.683640572136,9000,0,154,770441,770595,770595,0.9988722754758803,0,9000,0,0,0,0,0.0
1605,1778309273.0908287,decode,154,770327,0.998524884473048,770749,154,2058.683640572136,9000,0,154,770595,770749,770749,0.9990718956790003,0,9000,79,79,0,0,0.0
1607,1778309273.1245139,decode,154,600363,0.7782115844529564,770481,154,2058.683640572136,8921,0,154,770327,770481,770481,0.998724504676168,0,8921,0,0,0,0,0.0
1608,1778309273.1822095,decode,154,550275,0.7132857615057067,770635,154,2058.683640572136,8921,0,154,770481,770635,770635,0.9989241248792881,0,8921,34,34,0,0,0.0
1611,1778309273.2828846,decode,154,770583,0.998856720654858,770429,154,2058.683640572136,8843,0,154,770275,770429,770429,0.998657100451738,0,8843,44,0,0,0,0.0
1612,1778309273.3085823,decode,154,400310,0.5188958669544309,770583,154,2058.683640572136,8843,0,154,770429,770583,770583,0.998856720654858,0,8843,0,0,0,0,0.0
1613,1778309273.4548337,decode,154,770310,0.9985028484765998,770737,154,2058.683640572136,8843,0,154,770583,770737,770737,0.999056340857978,0,8843,74,74,0,0,0.0
1615,1778309273.4851382,decode,154,770618,0.9989020888828398,770464,154,2058.683640572136,8769,0,154,770310,770464,770464,0.9987024686797198,0,8769,0,0,0,0,0.0
1616,1778309273.5107493,decode,154,415384,0.538435314628661,770618,154,2058.683640572136,8769,0,154,770464,770618,770618,0.9989020888828398,0,8769,0,0,0,0,0.0
1617,1778309273.6485207,decode,154,770384,0.9985987698729042,770772,154,2058.683640572136,8769,0,154,770618,770772,770772,0.9991017090859599,0,8769,71,71,0,0,0.0
1619,1778309273.6828117,decode,154,545332,0.7068784714795875,770538,154,2058.683640572136,8698,0,154,770384,770538,770538,0.9987983900760242,0,8698,0,0,0,0,0.0
1620,1778309273.7606304,decode,154,575254,0.7456644176987939,770692,154,2115.8859727708473,8698,0,154,770538,770692,770692,0.9989980102791443,0,8698,45,45,0,0,0.0
1623,1778309273.8513043,decode,154,770562,0.9988294997180689,770408,154,2115.8859727708473,8614,0,154,770254,770408,770408,0.9986298795149489,0,8614,39,0,0,0,0.0
1624,1778309273.8776147,decode,154,370286,0.4799777047565346,770562,154,2115.8859727708473,8614,0,154,770408,770562,770562,0.9988294997180689,0,8614,0,0,0,0,0.0
1625,1778309274.0415826,decode,154,770286,0.9984717388345551,770716,154,2115.8859727708473,8614,0,154,770562,770716,770716,0.9990291199211889,0,8614,80,80,0,0,0.0
1627,1778309274.0721233,decode,154,770594,0.9988709792407952,770440,154,2115.8859727708473,8534,0,154,770286,770440,770440,0.9986713590376751,0,8534,0,0,0,0,0.0
1628,1778309274.0974717,decode,154,435387,0.5643639050378176,770594,154,2115.8859727708473,8534,0,154,770440,770594,770594,0.9988709792407952,0,8534,0,0,0,0,0.0
1629,1778309274.224893,decode,154,770387,0.9986026585781598,770748,154,2115.8859727708473,8534,0,154,770594,770748,770748,0.9990705994439152,0,8534,67,67,0,0,0.0
1631,1778309274.259577,decode,154,560359,0.7263569961048135,770541,154,2115.8859727708473,8467,0,154,770387,770541,770541,0.9988022787812798,0,8467,0,0,0,0,0.0
1632,1778309274.3317928,decode,154,600291,0.7781182555268223,770695,154,2115.8859727708473,8467,0,154,770541,770695,770695,0.9990018989843998,0,8467,42,42,0,0,0.0
1635,1778309274.4145749,decode,154,770599,0.998877460416221,770445,154,2115.8859727708473,8391,0,154,770291,770445,770445,0.998677840213101,0,8391,34,0,0,0,0.0
1636,1778309274.4410572,decode,154,355279,0.4605251048330125,770599,154,2115.8859727708473,8391,0,154,770445,770599,770599,0.998877460416221,0,8391,0,0,0,0,0.0
1637,1778309274.6151636,decode,154,770279,0.9984626651889587,770753,154,2115.8859727708473,8391,0,154,770599,770753,770753,0.9990770806193411,0,8391,83,83,0,0,0.0
1639,1778309274.645497,decode,154,770587,0.9988619055951987,770433,154,2115.8859727708473,8308,0,154,770279,770433,770433,0.9986622853920787,0,8308,0,0,0,0,0.0
1640,1778309274.6713336,decode,154,385345,0.4994977089044869,770587,154,2115.8859727708473,8308,0,154,770433,770587,770587,0.9988619055951987,0,8308,0,0,0,0,0.0
1641,1778309274.8260117,decode,154,770345,0.9985482167045815,770741,154,2115.8859727708473,8308,0,154,770587,770741,770741,0.9990615257983188,0,8308,77,77,0,0,0.0
1643,1778309274.8591893,decode,154,580349,0.7522687354578627,770499,154,2115.8859727708473,8231,0,154,770345,770499,770499,0.9987478369077016,0,8231,0,0,0,0,0.0
1644,1778309274.9233844,decode,154,570269,0.7392026857990965,770653,154,2115.8859727708473,8231,0,154,770499,770653,770653,0.9989474571108217,0,8231,38,38,0,0,0.0
1647,1778309275.0152614,decode,154,770577,0.9988489432443468,770423,154,2115.8859727708473,8153,0,154,770269,770423,770423,0.9986493230412268,0,8153,40,0,0,0,0.0
1648,1778309275.0415246,decode,154,370296,0.4799906671073866,770577,154,2115.8859727708473,8153,0,154,770423,770577,770577,0.9988489432443468,0,8153,0,0,0,0,0.0
1649,1778309275.2051272,decode,154,770296,0.998484701185407,770731,154,2115.8859727708473,8153,0,154,770577,770731,770731,0.9990485634474668,0,8153,80,80,0,0,0.0
1651,1778309275.2350807,decode,154,770604,0.9988839415916471,770450,154,2115.8859727708473,8073,0,154,770296,770450,770450,0.998684321388527,0,8073,0,0,0,0,0.0
1652,1778309275.2607212,decode,154,395348,0.512463948461693,770604,154,2115.8859727708473,8073,0,154,770450,770604,770604,0.9988839415916471,0,8073,0,0,0,0,0.0
1653,1778309275.4094665,decode,154,770348,0.9985521054098371,770758,154,2115.8859727708473,8073,0,154,770604,770758,770758,0.9990835617947671,0,8073,75,75,0,0,0.0
1655,1778309275.4423897,decode,154,585360,0.758764169469775,770502,154,2115.8859727708473,7998,0,154,770348,770502,770502,0.9987517256129572,0,7998,0,0,0,0,0.0
1656,1778309275.5034473,decode,154,620300,0.8040546233464901,770656,154,2115.8859727708473,7998,0,154,770502,770656,770656,0.9989513458160773,0,7998,37,37,0,0,0.0
1659,1778309275.5767422,decode,154,770608,0.9988891265319878,770454,154,2115.8859727708473,7931,0,154,770300,770454,770454,0.9986895063288678,0,7931,30,0,0,0,0.0
1660,1778309275.6027405,decode,154,380318,0.4929815351312114,770608,154,2115.8859727708473,7931,0,154,770454,770608,770608,0.9988891265319878,0,7931,0,0,0,0,0.0
1661,1778309275.7601523,decode,154,770318,0.9985132183572812,770762,154,2115.8859727708473,7931,0,154,770608,770762,770762,0.9990887467351078,0,7931,78,78,0,0,0.0
1663,1778309275.789719,decode,154,770626,0.9989124587635213,770472,154,2115.8859727708473,7853,0,154,770318,770472,770472,0.9987128385604013,0,7853,0,0,0,0,0.0
1664,1778309275.8163817,decode,154,350303,0.4540750390490819,770626,154,2115.8859727708473,7853,0,154,770472,770626,770626,0.9989124587635213,0,7853,0,0,0,0,0.0
1665,1778309275.9922822,decode,154,770303,0.9984937748310033,770780,154,2115.8859727708473,7853,0,154,770626,770780,770780,0.9991120789666413,0,7853,84,84,0,0,0.0
1667,1778309276.024664,decode,154,615363,0.7976551107308821,770457,154,2115.8859727708473,7769,0,154,770303,770457,770457,0.9986933950341234,0,7769,0,0,0,0,0.0
1668,1778309276.0762599,decode,154,570283,0.7392208330902893,770611,154,2115.8859727708473,7769,0,154,770457,770611,770611,0.9988930152372434,0,7769,31,31,0,0,0.0
1671,1778309276.1668198,decode,154,770591,0.9988670905355396,770437,154,2115.8859727708473,7698,0,154,770283,770437,770437,0.9986674703324195,0,7698,40,0,0,0,0.0
1672,1778309276.1918492,decode,154,430346,0.5578295839733494,770591,154,2115.8859727708473,7698,0,154,770437,770591,770591,0.9988670905355396,0,7698,0,0,0,0,0.0
1673,1778309276.320403,decode,154,770346,0.9985495129396668,770745,154,2115.8859727708473,7698,0,154,770591,770745,770745,0.9990667107386596,0,7698,68,68,0,0,0.0
1675,1778309276.3496096,decode,154,770654,0.9989487533459068,770500,154,2115.8859727708473,7630,0,154,770346,770500,770500,0.9987491331427868,0,7630,0,0,0,0,0.0
1676,1778309276.3757763,decode,154,380354,0.4930281995942784,770654,154,2115.8859727708473,7630,0,154,770500,770654,770654,0.9989487533459068,0,7630,0,0,0,0,0.0
1677,1778309276.5332103,decode,154,770354,0.9985598828203482,770808,154,2115.8859727708473,7630,0,154,770654,770808,770808,0.9991483735490269,0,7630,78,78,0,0,0.0
1679,1778309276.5660636,decode,154,560326,0.7263142203470021,770508,154,2115.8859727708473,7552,0,154,770354,770508,770508,0.9987595030234684,0,7552,0,0,0,0,0.0
1680,1778309276.6377842,decode,154,575248,0.7456566402882827,770662,154,2141.00479648351,7552,0,154,770508,770662,770662,0.9989591232265884,0,7552,42,42,0,0,0.0
1683,1778309276.726397,decode,154,770556,0.9988217223075577,770402,154,2141.00479648351,7471,0,154,770248,770402,770402,0.9986221021044377,0,7471,39,0,0,0,0.0
1684,1778309276.7524104,decode,154,375303,0.4864809161789582,770556,154,2141.00479648351,7471,0,154,770402,770556,770556,0.9988217223075577,0,7471,0,0,0,0,0.0
1685,1778309276.9147482,decode,154,770303,0.9984937748310033,770710,154,2141.00479648351,7471,0,154,770556,770710,770710,0.9990213425106778,0,7471,79,79,0,0,0.0
1687,1778309276.9438345,decode,154,770611,0.9988930152372434,770457,154,2141.00479648351,7392,0,154,770303,770457,770457,0.9986933950341234,0,7392,0,0,0,0,0.0
1688,1778309276.96977,decode,154,385339,0.49948993149397575,770611,154,2141.00479648351,7392,0,154,770457,770611,770611,0.9988930152372434,0,7392,0,0,0,0,0.0
1689,1778309277.1238163,decode,154,770339,0.9985404392940703,770765,154,2141.00479648351,7392,0,154,770611,770765,770765,0.9990926354403634,0,7392,77,77,0,0,0.0
1691,1778309277.156068,decode,154,590359,0.7652440486606651,770493,154,2141.00479648351,7315,0,154,770339,770493,770493,0.9987400594971904,0,7315,0,0,0,0,0.0
1692,1778309277.216431,decode,154,540267,0.7003130407730747,770647,154,2141.00479648351,7315,0,154,770493,770647,770647,0.9989396797003105,0,7315,36,36,0,0,0.0
1695,1778309277.3183289,decode,154,770575,0.9988463507741764,770421,154,2141.00479648351,7233,0,154,770267,770421,770421,0.9986467305710564,0,7233,46,0,0,0,0.0
1696,1778309277.3445299,decode,154,365281,0.4734900481551334,770575,154,2141.00479648351,7233,0,154,770421,770575,770575,0.9988463507741764,0,7233,0,0,0,0,0.0
1697,1778309277.5107071,decode,154,770281,0.9984652576591291,770729,154,2141.00479648351,7233,0,154,770575,770729,770729,0.9990459709772964,0,7233,81,81,0,0,0.0
1699,1778309277.5396125,decode,154,770589,0.9988644980653691,770435,154,2141.00479648351,7152,0,154,770281,770435,770435,0.9986648778622491,0,7152,0,0,0,0,0.0
1700,1778309277.565086,decode,154,410372,0.5319385843816634,770589,154,2141.00479648351,7152,0,154,770435,770589,770589,0.9988644980653691,0,7152,0,0,0,0,0.0
1701,1778309277.7044866,decode,154,770372,0.9985832150518819,770743,154,2141.00479648351,7152,0,154,770589,770743,770743,0.9990641182684892,0,7152,72,72,0,0,0.0
1703,1778309277.7370589,decode,154,560344,0.7263375525785356,770526,154,2141.00479648351,7080,0,154,770372,770526,770526,0.9987828352550019,0,7080,0,0,0,0,0.0
1704,1778309277.8076735,decode,154,590272,0.7651312762082532,770680,154,2141.00479648351,7080,0,154,770526,770680,770680,0.9989824554581219,0,7080,42,42,0,0,0.0
1707,1778309277.889737,decode,154,770580,0.9988528319496024,770426,154,2141.00479648351,7002,0,154,770272,770426,770426,0.9986532117464824,0,7002,36,0,0,0,0.0
1708,1778309277.9158118,decode,154,370294,0.4799880746372162,770580,154,2141.00479648351,7002,0,154,770426,770580,770580,0.9988528319496024,0,7002,0,0,0,0,0.0
1709,1778309278.078712,decode,154,770294,0.9984821087152366,770734,154,2141.00479648351,7002,0,154,770580,770734,770734,0.9990524521527224,0,7002,80,80,0,0,0.0
1711,1778309278.1076021,decode,154,770602,0.9988813491214766,770448,154,2141.00479648351,6922,0,154,770294,770448,770448,0.9986817289183566,0,6922,0,0,0,0,0.0
1712,1778309278.13269,decode,154,435375,0.5643483502167953,770602,154,2141.00479648351,6922,0,154,770448,770602,770602,0.9988813491214766,0,6922,0,0,0,0,0.0
1713,1778309278.257911,decode,154,770375,0.9985871037571374,770756,154,2141.00479648351,6922,0,154,770602,770756,770756,0.9990809693245967,0,6922,67,67,0,0,0.0
1715,1778309278.2899306,decode,154,580379,0.7523076225104185,770529,154,2141.00479648351,6855,0,154,770375,770529,770529,0.9987867239602575,0,6855,0,0,0,0,0.0
1716,1778309278.3523989,decode,154,610315,0.7911117160208175,770683,154,2141.00479648351,6855,0,154,770529,770683,770683,0.9989863441633775,0,6855,38,38,0,0,0.0
1719,1778309278.4270818,decode,154,770623,0.9989085700582657,770469,154,2141.00479648351,6785,0,154,770315,770469,770469,0.9987089498551457,0,6785,32,0,0,0,0.0
1720,1778309278.4548998,decode,154,350280,0.45404522564212246,770623,154,2141.00479648351,6785,0,154,770469,770623,770623,0.9989085700582657,0,6785,0,0,0,0,0.0
1721,1778309278.6342874,decode,154,770280,0.9984639614240438,770777,154,2141.00479648351,6785,0,154,770623,770777,770777,0.9991081902613858,0,6785,84,84,0,0,0.0
1723,1778309278.6629188,decode,154,770588,0.998863201830284,770434,154,2141.00479648351,6701,0,154,770280,770434,770434,0.998663581627164,0,6701,0,0,0,0,0.0
1724,1778309278.6889725,decode,154,380333,0.4930009786574893,770588,154,2141.00479648351,6701,0,154,770434,770588,770588,0.998863201830284,0,6701,0,0,0,0,0.0
1725,1778309278.8472095,decode,154,770333,0.9985326618835592,770742,154,2141.00479648351,6701,0,154,770588,770742,770742,0.999062822033404,0,6701,78,78,0,0,0.0
1727,1778309278.8787608,decode,154,595361,0.7717278165568108,770487,154,2141.00479648351,6623,0,154,770333,770487,770487,0.9987322820866792,0,6623,0,0,0,0,0.0
1728,1778309278.9360468,decode,154,580285,0.7521857764124101,770641,154,2141.00479648351,6623,0,154,770487,770641,770641,0.9989319022897992,0,6623,35,35,0,0,0.0
1731,1778309279.0208948,decode,154,770593,0.9988696830057099,770439,154,2141.00479648351,6550,0,154,770285,770439,770439,0.9986700628025899,0,6550,38,0,0,0,0.0
1732,1778309279.0467954,decode,154,385311,0.4994536369115903,770593,154,2141.00479648351,6550,0,154,770439,770593,770593,0.9988696830057099,0,6550,0,0,0,0,0.0
1733,1778309279.2001624,decode,154,770311,0.9985041447116849,770747,154,2141.00479648351,6550,0,154,770593,770747,770747,0.9990693032088299,0,6550,77,77,0,0,0.0
1735,1778309279.2284007,decode,154,770619,0.998903385117925,770465,154,2141.00479648351,6473,0,154,770311,770465,770465,0.998703764914805,0,6473,0,0,0,0,0.0
1736,1778309279.2538414,decode,154,420363,0.5448892691178472,770619,154,2141.00479648351,6473,0,154,770465,770619,770619,0.998903385117925,0,6473,0,0,0,0,0.0
1737,1778309279.38708,decode,154,770363,0.9985715489361151,770773,154,2141.00479648351,6473,0,154,770619,770773,770773,0.999103005321045,0,6473,70,70,0,0,0.0
1739,1778309279.4185536,decode,154,585375,0.758783612996053,770517,154,2141.00479648351,6403,0,154,770363,770517,770517,0.9987711691392351,0,6403,0,0,0,0,0.0
1740,1778309279.479409,decode,154,575297,0.7457201558074572,770671,154,2167.774952004819,6403,0,154,770517,770671,770671,0.9989707893423552,0,6403,37,37,0,0,0.0
1743,1778309279.5671725,decode,154,770605,0.9988852378267322,770451,154,2167.774952004819,6327,0,154,770297,770451,770451,0.9986856176236122,0,6327,39,0,0,0,0.0
1744,1778309279.5931594,decode,154,375287,0.4864601764175951,770605,154,2167.774952004819,6327,0,154,770451,770605,770605,0.9988852378267322,0,6327,0,0,0,0,0.0
1745,1778309279.754122,decode,154,770287,0.9984730350696402,770759,154,2167.774952004819,6327,0,154,770605,770759,770759,0.9990848580298523,0,6327,79,79,0,0,0.0
1747,1778309279.782252,decode,154,770595,0.9988722754758803,770441,154,2167.774952004819,6248,0,154,770287,770441,770441,0.9986726552727603,0,6248,0,0,0,0,0.0
1748,1778309279.8075721,decode,154,435393,0.5643716824483288,770595,154,2167.774952004819,6248,0,154,770441,770595,770595,0.9988722754758803,0,6248,0,0,0,0,0.0
1749,1778309279.9330661,decode,154,770393,0.9986104359886709,770749,154,2167.774952004819,6248,0,154,770595,770749,770749,0.9990718956790003,0,6248,67,67,0,0,0.0
1751,1778309279.9651625,decode,154,550349,0.7133816829020111,770547,154,2167.774952004819,6181,0,154,770393,770547,770547,0.998810056191791,0,6181,0,0,0,0,0.0
1752,1778309280.0398154,decode,154,590277,0.7651377573836791,770701,154,2167.774952004819,6181,0,154,770547,770701,770701,0.999009676394911,0,6181,44,44,0,0,0.0
1755,1778309280.120656,decode,154,770585,0.9988593131250284,770431,154,2167.774952004819,6101,0,154,770277,770431,770431,0.9986596929219084,0,6101,36,0,0,0,0.0
1756,1778309280.146932,decode,154,365281,0.4734900481551334,770585,154,2167.774952004819,6101,0,154,770431,770585,770585,0.9988593131250284,0,6101,0,0,0,0,0.0
1757,1778309280.3135653,decode,154,770281,0.9984652576591291,770739,154,2167.774952004819,6101,0,154,770585,770739,770739,0.9990589333281484,0,6101,81,81,0,0,0.0
1759,1778309280.3414547,decode,154,770589,0.9988644980653691,770435,154,2167.774952004819,6020,0,154,770281,770435,770435,0.9986648778622491,0,6020,0,0,0,0,0.0
1760,1778309280.367042,decode,154,415375,0.5384236485128943,770589,154,2167.774952004819,6020,0,154,770435,770589,770589,0.9988644980653691,0,6020,0,0,0,0,0.0
1761,1778309280.5030494,decode,154,770375,0.9985871037571374,770743,154,2167.774952004819,6020,0,154,770589,770743,770743,0.9990641182684892,0,6020,71,71,0,0,0.0
1763,1778309280.534501,decode,154,560347,0.7263414412837912,770529,154,2167.774952004819,5949,0,154,770375,770529,770529,0.9987867239602575,0,5949,0,0,0,0,0.0
1764,1778309280.6047745,decode,154,565265,0.7327163254327805,770683,154,2167.774952004819,5949,0,154,770529,770683,770683,0.9989863441633775,0,5949,42,42,0,0,0.0
1767,1778309280.69552,decode,154,770573,0.9988437583040061,770419,154,2167.774952004819,5866,0,154,770265,770419,770419,0.9986441381008859,0,5866,41,0,0,0,0.0
1768,1778309280.7215562,decode,154,375285,0.4864575839474247,770573,154,2167.774952004819,5866,0,154,770419,770573,770573,0.9988437583040061,0,5866,0,0,0,0,0.0
1769,1778309280.8814945,decode,154,770285,0.9984704425994698,770727,154,2167.774952004819,5866,0,154,770573,770727,770727,0.9990433785071261,0,5866,79,79,0,0,0.0
1771,1778309280.9091783,decode,154,770593,0.9988696830057099,770439,154,2167.774952004819,5787,0,154,770285,770439,770439,0.9986700628025899,0,5787,0,0,0,0,0.0
1772,1778309280.9347413,decode,154,410381,0.5319502504974302,770593,154,2167.774952004819,5787,0,154,770439,770593,770593,0.9988696830057099,0,5787,0,0,0,0,0.0
1773,1778309281.0729797,decode,154,770381,0.9985948811676486,770747,154,2167.774952004819,5787,0,154,770593,770747,770747,0.9990693032088299,0,5787,72,72,0,0,0.0
1775,1778309281.1046126,decode,154,545329,0.7068745827743319,770535,154,2167.774952004819,5715,0,154,770381,770535,770535,0.9987945013707686,0,5715,0,0,0,0,0.0
1776,1778309281.1798077,decode,154,630273,0.8169819758511404,770689,154,2167.774952004819,5715,0,154,770535,770689,770689,0.9989941215738887,0,5715,45,45,0,0,0.0
1779,1778309281.245769,decode,154,770581,0.9988541281846876,770427,154,2167.774952004819,5642,0,154,770273,770427,770427,0.9986545079815675,0,5642,28,0,0,0,0.0
1780,1778309281.2716985,decode,154,385319,0.4994640067922718,770581,154,2167.774952004819,5642,0,154,770427,770581,770581,0.9988541281846876,0,5642,0,0,0,0,0.0
1781,1778309281.4267871,decode,154,770319,0.9985145145923665,770735,154,2167.774952004819,5642,0,154,770581,770735,770735,0.9990537483878076,0,5642,77,77,0,0,0.0
1783,1778309281.4541793,decode,154,770627,0.9989137549986066,770473,154,2167.774952004819,5565,0,154,770319,770473,770473,0.9987141347954865,0,5565,0,0,0,0,0.0
1784,1778309281.4806888,decode,154,350309,0.4540828164595931,770627,154,2167.774952004819,5565,0,154,770473,770627,770627,0.9989137549986066,0,5565,0,0,0,0,0.0
1785,1778309281.6550066,decode,154,770309,0.9985015522415145,770781,154,2167.774952004819,5565,0,154,770627,770781,770781,0.9991133752017266,0,5565,84,84,0,0,0.0
1787,1778309281.6853342,decode,154,605353,0.7846797975280797,770463,154,2167.774952004819,5481,0,154,770309,770463,770463,0.9987011724446345,0,5481,0,0,0,0,0.0
1788,1778309281.7387707,decode,154,570273,0.7392078707394373,770617,154,2167.774952004819,5481,0,154,770463,770617,770617,0.9989007926477546,0,5481,33,33,0,0,0.0
1791,1778309281.8255258,decode,154,770581,0.9988541281846876,770427,154,2167.774952004819,5408,0,154,770273,770427,770427,0.9986545079815675,0,5408,40,0,0,0,0.0
1792,1778309281.8517432,decode,154,365307,0.4735237502673485,770581,154,2167.774952004819,5408,0,154,770427,770581,770581,0.9988541281846876,0,5408,0,0,0,0,0.0
1793,1778309282.0165732,decode,154,770307,0.9984989597713442,770735,154,2167.774952004819,5408,0,154,770581,770735,770735,0.9990537483878076,0,5408,81,81,0,0,0.0
1795,1778309282.043986,decode,154,770615,0.9988982001775842,770461,154,2167.774952004819,5327,0,154,770307,770461,770461,0.9986985799744642,0,5327,0,0,0,0,0.0
1796,1778309282.070815,decode,154,335288,0.4346120692448783,770615,154,2167.774952004819,5327,0,154,770461,770615,770615,0.9988982001775842,0,5327,0,0,0,0,0.0
1797,1778309282.2549584,decode,154,770288,0.9984743313047254,770769,154,2167.774952004819,5327,0,154,770615,770769,770769,0.9990978203807043,0,5327,87,87,0,0,0.0
1799,1778309282.2848313,decode,154,625364,0.8106187578179178,770442,154,2167.774952004819,5240,0,154,770288,770442,770442,0.9986739515078454,0,5240,0,0,0,0,0.0
1800,1778309282.3308644,decode,154,575286,0.7457058972215201,770596,154,2160.298514943192,5240,0,154,770442,770596,770596,0.9988735717109655,0,5240,29,29,0,0,0.0
1803,1778309282.414809,decode,154,770594,0.9988709792407952,770440,154,2160.298514943192,5172,0,154,770286,770440,770440,0.9986713590376751,0,5172,39,0,0,0,0.0
1804,1778309282.440422,decode,154,400336,0.5189295690666459,770594,154,2160.298514943192,5172,0,154,770440,770594,770594,0.9988709792407952,0,5172,0,0,0,0,0.0
1805,1778309282.5843208,decode,154,770336,0.9985365505888147,770748,154,2160.298514943192,5172,0,154,770594,770748,770748,0.9990705994439152,0,5172,74,74,0,0,0.0
1807,1778309282.611416,decode,154,770644,0.9989357909950549,770490,154,2160.298514943192,5098,0,154,770336,770490,770490,0.9987361707919348,0,5098,0,0,0,0,0.0
1808,1778309282.6381986,decode,154,345303,0.4475938636231067,770644,154,2160.298514943192,5098,0,154,770490,770644,770644,0.9989357909950549,0,5098,0,0,0,0,0.0
1809,1778309282.8249035,decode,154,770303,0.9984937748310033,770798,154,2160.298514943192,5098,0,154,770644,770798,770798,0.999135411198175,0,5098,85,85,0,0,0.0
1811,1778309282.8550704,decode,154,610355,0.7911635654242254,770457,154,2160.298514943192,5013,0,154,770303,770457,770457,0.9986933950341234,0,5013,0,0,0,0,0.0
1812,1778309282.906115,decode,154,580279,0.752177999001899,770611,154,2160.298514943192,5013,0,154,770457,770611,770611,0.9988930152372434,0,5013,32,32,0,0,0.0
1815,1778309282.9881055,decode,154,770587,0.9988619055951987,770433,154,2160.298514943192,4943,0,154,770279,770433,770433,0.9986622853920787,0,4943,38,0,0,0,0.0
1816,1778309283.0137036,decode,154,410340,0.5318971048589373,770587,154,2160.298514943192,4943,0,154,770433,770587,770587,0.9988619055951987,0,4943,0,0,0,0,0.0
1817,1778309283.1517742,decode,154,770340,0.9985417355291556,770741,154,2160.298514943192,4943,0,154,770587,770741,770741,0.9990615257983188,0,4943,72,72,0,0,0.0
1819,1778309283.1787374,decode,154,770648,0.9989409759353957,770494,154,2160.298514943192,4871,0,154,770340,770494,770494,0.9987413557322756,0,4871,0,0,0,0,0.0
1820,1778309283.2057195,decode,154,330303,0.42815033734518093,770648,154,2160.298514943192,4871,0,154,770494,770648,770648,0.9989409759353957,0,4871,0,0,0,0,0.0
1821,1778309283.3950062,decode,154,770303,0.9984937748310033,770802,154,2160.298514943192,4871,0,154,770648,770802,770802,0.9991405961385157,0,4871,88,88,0,0,0.0
1823,1778309283.425076,decode,154,595331,0.7716889295042549,770457,154,2160.298514943192,4783,0,154,770303,770457,770457,0.9986933950341234,0,4783,0,0,0,0,0.0
1824,1778309283.4815338,decode,154,575253,0.7456631214637086,770611,154,2160.298514943192,4783,0,154,770457,770611,770611,0.9988930152372434,0,4783,35,35,0,0,0.0
1827,1778309283.5648909,decode,154,770561,0.9988282034829836,770407,154,2160.298514943192,4709,0,154,770253,770407,770407,0.9986285832798636,0,4709,39,0,0,0,0.0
1828,1778309283.5902722,decode,154,420350,0.5448724180617397,770561,154,2160.298514943192,4709,0,154,770407,770561,770561,0.9988282034829836,0,4709,0,0,0,0,0.0
1829,1778309283.7227373,decode,154,770350,0.9985546978800075,770715,154,2160.298514943192,4709,0,154,770561,770715,770715,0.9990278236861038,0,4709,70,70,0,0,0.0
1831,1778309283.7494035,decode,154,770658,0.9989539382862476,770504,154,2160.298514943192,4639,0,154,770350,770504,770504,0.9987543180831275,0,4639,0,0,0,0,0.0
1832,1778309283.7759259,decode,154,350315,0.4540905938701043,770658,154,2160.298514943192,4639,0,154,770504,770658,770658,0.9989539382862476,0,4639,0,0,0,0,0.0
1833,1778309283.9496667,decode,154,770315,0.9985093296520257,770812,154,2160.298514943192,4639,0,154,770658,770812,770812,0.9991535584893676,0,4639,84,84,0,0,0.0
1835,1778309283.9793208,decode,154,595343,0.7717044843252773,770469,154,2160.298514943192,4555,0,154,770315,770469,770469,0.9987089498551457,0,4555,0,0,0,0,0.0
1836,1778309284.0362306,decode,154,535249,0.6938085331155658,770623,154,2160.298514943192,4555,0,154,770469,770623,770623,0.9989085700582657,0,4555,35,35,0,0,0.0
1839,1778309284.1353073,decode,154,770557,0.9988230185426429,770403,154,2160.298514943192,4473,0,154,770249,770403,770403,0.9986233983395228,0,4473,47,0,0,0,0.0
1840,1778309284.1617124,decode,154,355287,0.46053547471369405,770557,154,2160.298514943192,4473,0,154,770403,770557,770557,0.9988230185426429,0,4473,0,0,0,0,0.0
1841,1778309284.3342633,decode,154,770287,0.9984730350696402,770711,154,2160.298514943192,4473,0,154,770557,770711,770711,0.9990226387457629,0,4473,83,83,0,0,0.0
1843,1778309284.3606455,decode,154,770595,0.9988722754758803,770441,154,2160.298514943192,4390,0,154,770287,770441,770441,0.9986726552727603,0,4390,0,0,0,0,0.0
1844,1778309284.3866358,decode,154,385333,0.4994821540834646,770595,154,2160.298514943192,4390,0,154,770441,770595,770595,0.9988722754758803,0,4390,0,0,0,0,0.0
1845,1778309284.5386608,decode,154,770333,0.9985326618835592,770749,154,2160.298514943192,4390,0,154,770595,770749,770749,0.9990718956790003,0,4390,77,77,0,0,0.0
1847,1778309284.5680234,decode,154,600369,0.7782193618634675,770487,154,2160.298514943192,4313,0,154,770333,770487,770487,0.9987322820866792,0,4313,0,0,0,0,0.0
1848,1778309284.6221778,decode,154,595299,0.7716474499815287,770641,154,2160.298514943192,4313,0,154,770487,770641,770641,0.9989319022897992,0,4313,34,34,0,0,0.0
1851,1778309284.6974297,decode,154,770607,0.9988878302969026,770453,154,2160.298514943192,4244,0,154,770299,770453,770453,0.9986882100937826,0,4244,35,0,0,0,0.0
1852,1778309284.7234983,decode,154,375309,0.4864886935894694,770607,154,2160.298514943192,4244,0,154,770453,770607,770607,0.9988878302969026,0,4244,0,0,0,0,0.0
1853,1778309284.8814387,decode,154,770309,0.9985015522415145,770761,154,2160.298514943192,4244,0,154,770607,770761,770761,0.9990874505000227,0,4244,79,79,0,0,0.0
1855,1778309284.907752,decode,154,770617,0.9989007926477546,770463,154,2160.298514943192,4165,0,154,770309,770463,770463,0.9987011724446345,0,4165,0,0,0,0,0.0
1856,1778309284.9339514,decode,154,370321,0.48002307298451646,770617,154,2160.298514943192,4165,0,154,770463,770617,770617,0.9989007926477546,0,4165,0,0,0,0,0.0
1857,1778309285.0956142,decode,154,770321,0.9985171070625368,770771,154,2160.298514943192,4165,0,154,770617,770771,770771,0.9991004128508746,0,4165,80,80,0,0,0.0
1859,1778309285.1248484,decode,154,605365,0.784695352349102,770475,154,2160.298514943192,4085,0,154,770321,770475,770475,0.9987167272656569,0,4085,0,0,0,0,0.0
1860,1778309285.1765954,decode,154,580289,0.752190961352751,770629,154,2164.647761382018,4085,0,154,770475,770629,770629,0.9989163474687769,0,4085,33,33,0,0,0.0
1863,1778309285.257887,decode,154,770597,0.9988748679460507,770443,154,2164.647761382018,4014,0,154,770289,770443,770443,0.9986752477429307,0,4014,38,0,0,0,0.0
1864,1778309285.2834406,decode,154,420336,0.5448542707705469,770597,154,2164.647761382018,4014,0,154,770443,770597,770597,0.9988748679460507,0,4014,0,0,0,0,0.0
1865,1778309285.4172635,decode,154,770336,0.9985365505888147,770751,154,2164.647761382018,4014,0,154,770597,770751,770751,0.9990744881491708,0,4014,70,70,0,0,0.0
1867,1778309285.4432778,decode,154,770644,0.9989357909950549,770490,154,2164.647761382018,3944,0,154,770336,770490,770490,0.9987361707919348,0,3944,0,0,0,0,0.0
1868,1778309285.4686737,decode,154,415375,0.5384236485128943,770644,154,2164.647761382018,3944,0,154,770490,770644,770644,0.9989357909950549,0,3944,0,0,0,0,0.0
1869,1778309285.602975,decode,154,770375,0.9985871037571374,770798,154,2164.647761382018,3944,0,154,770644,770798,770798,0.999135411198175,0,3944,71,71,0,0,0.0
1871,1778309285.6327567,decode,154,560347,0.7263414412837912,770529,154,2164.647761382018,3873,0,154,770375,770529,770529,0.9987867239602575,0,3873,0,0,0,0,0.0
1872,1778309285.700358,decode,154,630291,0.8170053080826739,770683,154,2164.647761382018,3873,0,154,770529,770683,770683,0.9989863441633775,0,3873,42,42,0,0,0.0
1875,1778309285.7630124,decode,154,770599,0.998877460416221,770445,154,2164.647761382018,3803,0,154,770291,770445,770445,0.998677840213101,0,3803,28,0,0,0,0.0
1876,1778309285.7889085,decode,154,385317,0.49946141432210145,770599,154,2164.647761382018,3803,0,154,770445,770599,770599,0.998877460416221,0,3803,0,0,0,0,0.0
1877,1778309285.940561,decode,154,770317,0.9985119221221961,770753,154,2164.647761382018,3803,0,154,770599,770753,770753,0.9990770806193411,0,3803,77,77,0,0,0.0
1879,1778309285.966342,decode,154,770625,0.9989111625284361,770471,154,2164.647761382018,3726,0,154,770317,770471,770471,0.9987115423253161,0,3726,0,0,0,0,0.0
1880,1778309285.992675,decode,154,360318,0.46705683342731036,770625,154,2164.647761382018,3726,0,154,770471,770625,770625,0.9989111625284361,0,3726,0,0,0,0,0.0
1881,1778309286.1594143,decode,154,770318,0.9985132183572812,770779,154,2164.647761382018,3726,0,154,770625,770779,770779,0.9991107827315562,0,3726,82,82,0,0,0.0
1883,1778309286.1882255,decode,154,600354,0.7781999183371896,770472,154,2164.647761382018,3644,0,154,770318,770472,770472,0.9987128385604013,0,3644,0,0,0,0,0.0
1884,1778309286.2421072,decode,154,560270,0.7262416311822312,770626,154,2164.647761382018,3644,0,154,770472,770626,770626,0.9989124587635213,0,3644,34,34,0,0,0.0
1887,1778309286.328998,decode,154,770578,0.998850239479432,770424,154,2164.647761382018,3568,0,154,770270,770424,770424,0.9986506192763119,0,3568,42,0,0,0,0.0
1888,1778309286.3554173,decode,154,355293,0.46054325212420527,770578,154,2164.647761382018,3568,0,154,770424,770578,770578,0.998850239479432,0,3568,0,0,0,0,0.0
1889,1778309286.5250962,decode,154,770293,0.9984808124801514,770732,154,2164.647761382018,3568,0,154,770578,770732,770732,0.999049859682552,0,3568,83,83,0,0,0.0
1891,1778309286.5507042,decode,154,770601,0.9988800528863915,770447,154,2164.647761382018,3485,0,154,770293,770447,770447,0.9986804326832714,0,3485,0,0,0,0,0.0
1892,1778309286.5772135,decode,154,350303,0.4540750390490819,770601,154,2164.647761382018,3485,0,154,770447,770601,770601,0.9988800528863915,0,3485,0,0,0,0,0.0
1893,1778309286.7502818,decode,154,770303,0.9984937748310033,770755,154,2164.647761382018,3485,0,154,770601,770755,770755,0.9990796730895115,0,3485,84,84,0,0,0.0
1895,1778309286.7785378,decode,154,615363,0.7976551107308821,770457,154,2164.647761382018,3401,0,154,770303,770457,770457,0.9986933950341234,0,3401,0,0,0,0,0.0
1896,1778309286.8275898,decode,154,550275,0.7132857615057067,770611,154,2164.647761382018,3401,0,154,770457,770611,770611,0.9988930152372434,0,3401,31,31,0,0,0.0
1899,1778309286.9184341,decode,154,770583,0.998856720654858,770429,154,2164.647761382018,3326,0,154,770275,770429,770429,0.998657100451738,0,3326,44,0,0,0,0.0
1900,1778309286.9445188,decode,154,370302,0.47999844451789775,770583,154,2164.647761382018,3326,0,154,770429,770583,770583,0.998856720654858,0,3326,0,0,0,0,0.0
1901,1778309287.105038,decode,154,770302,0.9984924785959182,770737,154,2164.647761382018,3326,0,154,770583,770737,770737,0.999056340857978,0,3326,80,80,0,0,0.0
1903,1778309287.1305,decode,154,770610,0.9988917190021582,770456,154,2164.647761382018,3246,0,154,770302,770456,770456,0.9986920987990382,0,3246,0,0,0,0,0.0
1904,1778309287.1564815,decode,154,385333,0.4994821540834646,770610,154,2164.647761382018,3246,0,154,770456,770610,770610,0.9988917190021582,0,3246,0,0,0,0,0.0
1905,1778309287.3085895,decode,154,770333,0.9985326618835592,770764,154,2164.647761382018,3246,0,154,770610,770764,770764,0.9990913392052783,0,3246,77,77,0,0,0.0
1907,1778309287.3371344,decode,154,600369,0.7782193618634675,770487,154,2164.647761382018,3169,0,154,770333,770487,770487,0.9987322820866792,0,3169,0,0,0,0,0.0
1908,1778309287.390696,decode,154,575291,0.745712378396946,770641,154,2164.647761382018,3169,0,154,770487,770641,770641,0.9989319022897992,0,3169,34,34,0,0,0.0
1911,1778309287.4712415,decode,154,770599,0.998877460416221,770445,154,2164.647761382018,3096,0,154,770291,770445,770445,0.998677840213101,0,3096,39,0,0,0,0.0
1912,1778309287.4971755,decode,154,385307,0.4994484519712495,770599,154,2164.647761382018,3096,0,154,770445,770599,770599,0.998877460416221,0,3096,0,0,0,0,0.0
1913,1778309287.6481175,decode,154,770307,0.9984989597713442,770753,154,2164.647761382018,3096,0,154,770599,770753,770753,0.9990770806193411,0,3096,77,77,0,0,0.0
1915,1778309287.673271,decode,154,770615,0.9988982001775842,770461,154,2164.647761382018,3019,0,154,770307,770461,770461,0.9986985799744642,0,3019,0,0,0,0,0.0
1916,1778309287.6994739,decode,154,375342,0.4865314693472808,770615,154,2164.647761382018,3019,0,154,770461,770615,770615,0.9988982001775842,0,3019,0,0,0,0,0.0
1917,1778309287.8560584,decode,154,770342,0.9985443279993259,770769,154,2164.647761382018,3019,0,154,770615,770769,770769,0.9990978203807043,0,3019,79,79,0,0,0.0
1919,1778309287.8846729,decode,154,575338,0.7457733014459502,770496,154,2164.647761382018,2940,0,154,770342,770496,770496,0.9987439482024459,0,2940,0,0,0,0,0.0
1920,1778309287.9470782,decode,154,580262,0.7521559630054506,770650,154,2223.4429250743456,2940,0,154,770496,770650,770650,0.9989435684055661,0,2940,39,39,0,0,0.0
1923,1778309288.0252163,decode,154,770570,0.9988398695987504,770416,154,2223.4429250743456,2863,0,154,770262,770416,770416,0.9986402493956303,0,2863,38,0,0,0,0.0
1924,1778309288.0513425,decode,154,370304,0.4800010369880682,770570,154,2223.4429250743456,2863,0,154,770416,770570,770570,0.9988398695987504,0,2863,0,0,0,0,0.0
1925,1778309288.2111664,decode,154,770304,0.9984950710660886,770724,154,2223.4429250743456,2863,0,154,770570,770724,770724,0.9990394898018705,0,2863,80,80,0,0,0.0
1927,1778309288.2362332,decode,154,770612,0.9988943114723287,770458,154,2223.4429250743456,2783,0,154,770304,770458,770458,0.9986946912692086,0,2783,0,0,0,0,0.0
1928,1778309288.2620955,decode,154,390333,0.5059633295094398,770612,154,2223.4429250743456,2783,0,154,770458,770612,770612,0.9988943114723287,0,2783,0,0,0,0,0.0
1929,1778309288.4101057,decode,154,770333,0.9985326618835592,770766,154,2223.4429250743456,2783,0,154,770612,770766,770766,0.9990939316754487,0,2783,76,76,0,0,0.0
1931,1778309288.4380274,decode,154,605377,0.7847109071701244,770487,154,2223.4429250743456,2707,0,154,770333,770487,770487,0.9987322820866792,0,2707,0,0,0,0,0.0
1932,1778309288.4878757,decode,154,645327,0.8364954988236667,770641,154,2223.4429250743456,2707,0,154,770487,770641,770641,0.9989319022897992,0,2707,33,33,0,0,0.0
1935,1778309288.5437891,decode,154,770635,0.9989241248792881,770481,154,2223.4429250743456,2649,0,154,770327,770481,770481,0.998724504676168,0,2649,25,0,0,0,0.0
1936,1778309288.5692255,decode,154,415351,0.5383925388708496,770635,154,2223.4429250743456,2649,0,154,770481,770635,770635,0.9989241248792881,0,2649,0,0,0,0,0.0
1937,1778309288.7026885,decode,154,770351,0.9985559941150927,770789,154,2223.4429250743456,2649,0,154,770635,770789,770789,0.9991237450824082,0,2649,71,71,0,0,0.0
1939,1778309288.7274642,decode,154,770659,0.9989552345213328,770505,154,2223.4429250743456,2578,0,154,770351,770505,770505,0.9987556143182128,0,2578,0,0,0,0,0.0
1940,1778309288.754105,decode,154,340300,0.44110879949187587,770659,154,2223.4429250743456,2578,0,154,770505,770659,770659,0.9989552345213328,0,2578,0,0,0,0,0.0
1941,1778309288.9331117,decode,154,770300,0.9984898861257477,770813,154,2223.4429250743456,2578,0,154,770659,770813,770813,0.9991548547244529,0,2578,86,86,0,0,0.0
1943,1778309288.9607654,decode,154,610352,0.7911596767189698,770454,154,2223.4429250743456,2492,0,154,770300,770454,770454,0.9986895063288678,0,2492,0,0,0,0,0.0
1944,1778309289.0103345,decode,154,560268,0.7262390387120609,770608,154,2223.4429250743456,2492,0,154,770454,770608,770608,0.9988891265319878,0,2492,32,32,0,0,0.0
1947,1778309289.0952706,decode,154,770576,0.9988476470092617,770422,154,2223.4429250743456,2418,0,154,770268,770422,770422,0.9986480268061415,0,2418,42,0,0,0,0.0
1948,1778309289.1204982,decode,154,425343,0.5513445198421185,770576,154,2223.4429250743456,2418,0,154,770422,770576,770576,0.9988476470092617,0,2418,0,0,0,0,0.0
1949,1778309289.250301,decode,154,770343,0.9985456242344112,770730,154,2223.4429250743456,2418,0,154,770576,770730,770730,0.9990472672123817,0,2418,69,69,0,0,0.0
1951,1778309289.2754679,decode,154,770651,0.9989448646406512,770497,154,2223.4429250743456,2349,0,154,770343,770497,770497,0.9987452444375312,0,2349,0,0,0,0,0.0
1952,1778309289.3013713,decode,154,385354,0.49950937502025367,770651,154,2223.4429250743456,2349,0,154,770497,770651,770651,0.9989448646406512,0,2349,0,0,0,0,0.0
1953,1778309289.4519782,decode,154,770354,0.9985598828203482,770805,154,2223.4429250743456,2349,0,154,770651,770805,770805,0.9991444848437713,0,2349,77,77,0,0,0.0
1955,1778309289.4801922,decode,154,565334,0.732805765653659,770508,154,2223.4429250743456,2272,0,154,770354,770508,770508,0.9987595030234684,0,2272,0,0,0,0,0.0
1956,1778309289.5450368,decode,154,615272,0.7975371533381294,770662,154,2223.4429250743456,2272,0,154,770508,770662,770662,0.9989591232265884,0,2272,41,41,0,0,0.0
1959,1778309289.6096642,decode,154,770580,0.9988528319496024,770426,154,2223.4429250743456,2200,0,154,770272,770426,770426,0.9986532117464824,0,2200,31,0,0,0,0.0
1960,1778309289.6352808,decode,154,405335,0.525409448257536,770580,154,2223.4429250743456,2200,0,154,770426,770580,770580,0.9988528319496024,0,2200,0,0,0,0,0.0
1961,1778309289.7741845,decode,154,770335,0.9985352543537296,770734,154,2223.4429250743456,2200,0,154,770580,770734,770734,0.9990524521527224,0,2200,73,73,0,0,0.0
1963,1778309289.7985697,decode,154,770643,0.9989344947599696,770489,154,2223.4429250743456,2127,0,154,770335,770489,770489,0.9987348745568496,0,2127,0,0,0,0,0.0
1964,1778309289.824574,decode,154,385336,0.49948604278872016,770643,154,2223.4429250743456,2127,0,154,770489,770643,770643,0.9989344947599696,0,2127,0,0,0,0,0.0
1965,1778309289.9750202,decode,154,770336,0.9985365505888147,770797,154,2223.4429250743456,2127,0,154,770643,770797,770797,0.9991341149630897,0,2127,77,77,0,0,0.0
1967,1778309290.0024438,decode,154,595364,0.7717317052620664,770490,154,2223.4429250743456,2050,0,154,770336,770490,770490,0.9987361707919348,0,2050,0,0,0,0,0.0
1968,1778309290.0563881,decode,154,570284,0.7392221293253745,770644,154,2223.4429250743456,2050,0,154,770490,770644,770644,0.9989357909950549,0,2050,35,35,0,0,0.0
1971,1778309290.1366856,decode,154,770592,0.9988683867706247,770438,154,2223.4429250743456,1975,0,154,770284,770438,770438,0.9986687665675047,0,1975,40,0,0,0,0.0
1972,1778309290.1636658,decode,154,320266,0.4151400257950782,770592,154,2223.4429250743456,1975,0,154,770438,770592,770592,0.9988683867706247,0,1975,0,0,0,0,0.0
1973,1778309290.3555074,decode,154,770266,0.9984458141328512,770746,154,2223.4429250743456,1975,0,154,770592,770746,770746,0.9990680069737448,0,1975,90,90,0,0,0.0
1975,1778309290.3796005,decode,154,770574,0.9988450545390912,770420,154,2223.4429250743456,1885,0,154,770266,770420,770420,0.9986454343359712,0,1885,0,0,0,0,0.0
1976,1778309290.4062617,decode,154,340285,0.4410893559655979,770574,154,2223.4429250743456,1885,0,154,770420,770574,770574,0.9988450545390912,0,1885,0,0,0,0,0.0
1977,1778309290.5846953,decode,154,770285,0.9984704425994698,770728,154,2223.4429250743456,1885,0,154,770574,770728,770728,0.9990446747422113,0,1885,86,86,0,0,0.0
1979,1778309290.6112225,decode,154,635377,0.8235979597259759,770439,154,2223.4429250743456,1799,0,154,770285,770439,770439,0.9986700628025899,0,1799,0,0,0,0,0.0
1980,1778309290.6518352,decode,154,540285,0.7003363730046082,770593,154,2277.468309060737,1799,0,154,770439,770593,770593,0.9988696830057099,0,1799,27,27,0,0,0.0
1983,1778309290.7440124,decode,154,770593,0.9988696830057099,770439,154,2277.468309060737,1726,0,154,770285,770439,770439,0.9986700628025899,0,1726,46,0,0,0,0.0
1984,1778309290.7697926,decode,154,390314,0.5059387010428211,770593,154,2277.468309060737,1726,0,154,770439,770593,770593,0.9988696830057099,0,1726,0,0,0,0,0.0
1985,1778309290.9170084,decode,154,770314,0.9985080334169405,770747,154,2277.468309060737,1726,0,154,770593,770747,770747,0.9990693032088299,0,1726,76,76,0,0,0.0
1987,1778309290.9409869,decode,154,770622,0.9989072738231806,770468,154,2277.468309060737,1650,0,154,770314,770468,770468,0.9987076536200605,0,1650,0,0,0,0,0.0
1988,1778309290.9662645,decode,154,430372,0.5578632860855645,770622,154,2277.468309060737,1650,0,154,770468,770622,770622,0.9989072738231806,0,1650,0,0,0,0,0.0
1989,1778309291.090893,decode,154,770372,0.9985832150518819,770776,154,2277.468309060737,1650,0,154,770622,770776,770776,0.9991068940263006,0,1650,68,68,0,0,0.0
1991,1778309291.1182423,decode,154,580376,0.7523037338051629,770526,154,2277.468309060737,1582,0,154,770372,770526,770526,0.9987828352550019,0,1582,0,0,0,0,0.0
1992,1778309291.1769848,decode,154,610312,0.791107827315562,770680,154,2277.468309060737,1582,0,154,770526,770680,770680,0.9989824554581219,0,1582,38,38,0,0,0.0
1995,1778309291.2428987,decode,154,770620,0.9989046813530101,770466,154,2277.468309060737,1512,0,154,770312,770466,770466,0.9987050611498901,0,1512,32,0,0,0,0.0
1996,1778309291.2684355,decode,154,405315,0.5253835235558321,770620,154,2277.468309060737,1512,0,154,770466,770620,770620,0.9989046813530101,0,1512,0,0,0,0,0.0
1997,1778309291.4077997,decode,154,770315,0.9985093296520257,770774,154,2277.468309060737,1512,0,154,770620,770774,770774,0.9991043015561302,0,1512,73,73,0,0,0.0
1999,1778309291.4315312,decode,154,770623,0.9989085700582657,770469,154,2277.468309060737,1439,0,154,770315,770469,770469,0.9987089498551457,0,1439,0,0,0,0,0.0
2000,1778309291.4567778,decode,154,425390,0.5514054428911227,770623,154,2277.468309060737,1439,0,154,770469,770623,770623,0.9989085700582657,0,1439,0,0,0,0,0.0
2001,1778309291.5838876,decode,154,770390,0.9986065472834154,770777,154,2277.468309060737,1439,0,154,770623,770777,770777,0.9991081902613858,0,1439,69,69,0,0,0.0
2003,1778309291.6116319,decode,154,545338,0.7068862488900987,770544,154,2277.468309060737,1370,0,154,770390,770544,770544,0.9988061674865354,0,1370,0,0,0,0,0.0
2004,1778309291.683684,decode,154,640286,0.8299611777591984,770698,154,2277.468309060737,1370,0,154,770544,770698,770698,0.9990057876896554,0,1370,45,45,0,0,0.0
2007,1778309291.7388225,decode,154,770594,0.9988709792407952,770440,154,2277.468309060737,1299,0,154,770286,770440,770440,0.9986713590376751,0,1299,26,0,0,0,0.0
2008,1778309291.7642608,decode,154,420338,0.5448568632407174,770594,154,2277.468309060737,1299,0,154,770440,770594,770594,0.9988709792407952,0,1299,0,0,0,0,0.0
2009,1778309291.8939848,decode,154,770338,0.9985391430589852,770748,154,2277.468309060737,1299,0,154,770594,770748,770748,0.9990705994439152,0,1299,70,70,0,0,0.0
2011,1778309291.917563,decode,154,770646,0.9989383834652252,770492,154,2277.468309060737,1229,0,154,770338,770492,770492,0.9987387632621052,0,1229,0,0,0,0,0.0
2012,1778309291.9437149,decode,154,375348,0.486539246757792,770646,154,2277.468309060737,1229,0,154,770492,770646,770646,0.9989383834652252,0,1229,0,0,0,0,0.0
2013,1778309292.0997016,decode,154,770348,0.9985521054098371,770800,154,2277.468309060737,1229,0,154,770646,770800,770800,0.9991380036683453,0,1229,79,79,0,0,0.0
2015,1778309292.1269393,decode,154,565328,0.7327979882431478,770502,154,2277.468309060737,1150,0,154,770348,770502,770502,0.9987517256129572,0,1150,0,0,0,0,0.0
2016,1778309292.1921206,decode,154,625270,0.8104969117199096,770656,154,2277.468309060737,1150,0,154,770502,770656,770656,0.9989513458160773,0,1150,41,41,0,0,0.0
2019,1778309292.251512,decode,154,770578,0.998850239479432,770424,154,2277.468309060737,1080,0,154,770270,770424,770424,0.9986506192763119,0,1080,29,0,0,0,0.0
2020,1778309292.2768123,decode,154,420352,0.5448750105319101,770578,154,2277.468309060737,1080,0,154,770424,770578,770578,0.998850239479432,0,1080,0,0,0,0,0.0
2021,1778309292.4065354,decode,154,770352,0.9985572903501779,770732,154,2277.468309060737,1080,0,154,770578,770732,770732,0.999049859682552,0,1080,70,70,0,0,0.0
2023,1778309292.429909,decode,154,770660,0.998956530756418,770506,154,2277.468309060737,1010,0,154,770352,770506,770506,0.998756910553298,0,1010,0,0,0,0,0.0
2024,1778309292.456898,decode,154,320294,0.41517632037746366,770660,154,2277.468309060737,1010,0,154,770506,770660,770660,0.998956530756418,0,1010,0,0,0,0,0.0
2025,1778309292.6481955,decode,154,770294,0.9984821087152366,770814,154,2277.468309060737,1010,0,154,770660,770814,770814,0.999156150959538,0,1010,90,90,0,0,0.0
2027,1778309292.6745682,decode,154,600330,0.7781688086951449,770448,154,2277.468309060737,920,0,154,770294,770448,770448,0.9986817289183566,0,920,0,0,0,0,0.0
2028,1778309292.7261853,decode,154,555244,0.7197267536440409,770602,154,2277.468309060737,920,0,154,770448,770602,770602,0.9988813491214766,0,920,34,34,0,0,0.0
2031,1778309292.810417,decode,154,770552,0.9988165373672169,770398,154,2277.468309060737,843,0,154,770244,770398,770398,0.9986169171640968,0,843,43,0,0,0,0.0
2032,1778309292.8357966,decode,154,415343,0.5383821689901681,770552,154,2277.468309060737,843,0,154,770398,770552,770552,0.9988165373672169,0,843,0,0,0,0,0.0
2033,1778309292.968238,decode,154,770343,0.9985456242344112,770706,154,2277.468309060737,843,0,154,770552,770706,770706,0.9990161575703369,0,843,71,71,0,0,0.0
2035,1778309292.991473,decode,154,770651,0.9989448646406512,770497,154,2277.468309060737,772,0,154,770343,770497,770497,0.9987452444375312,0,772,0,0,0,0,0.0
2036,1778309293.017931,decode,154,355321,0.4605795467065907,770651,154,2277.468309060737,772,0,154,770497,770651,770651,0.9989448646406512,0,772,0,0,0,0,0.0
2037,1778309293.1859105,decode,154,770321,0.9985171070625368,770805,154,2277.468309060737,772,0,154,770651,770805,770805,0.9991444848437713,0,772,83,83,0,0,0.0
2039,1778309293.2123535,decode,154,590341,0.7652207164291316,770475,154,2277.468309060737,689,0,154,770321,770475,770475,0.9987167272656569,0,689,0,0,0,0,0.0
2040,1778309293.267532,decode,154,545251,0.7067734764376867,770629,154,2355.0123557144902,689,0,154,770475,770629,770629,0.9989163474687769,0,689,36,36,0,0,0.0
2043,1778309293.3554308,decode,154,770559,0.9988256110128133,770405,154,2355.0123557144902,608,0,154,770251,770405,770405,0.9986259908096933,0,608,45,0,0,0,0.0
2044,1778309293.3816135,decode,154,405319,0.5253887084961729,770559,154,2355.0123557144902,608,0,154,770405,770559,770559,0.9988256110128133,0,608,0,0,0,0,0.0
2045,1778309293.5194247,decode,154,770319,0.9985145145923665,770713,154,2355.0123557144902,608,0,154,770559,770713,770713,0.9990252312159333,0,608,73,73,0,0,0.0
2047,1778309293.5422945,decode,154,770627,0.9989137549986066,770473,154,2355.0123557144902,535,0,154,770319,770473,770473,0.9987141347954865,0,535,0,0,0,0,0.0
2048,1778309293.568569,decode,154,365348,0.4735768959058415,770627,154,2355.0123557144902,535,0,154,770473,770627,770627,0.9989137549986066,0,535,0,0,0,0,0.0
2049,1778309293.7303417,decode,154,770348,0.9985521054098371,770781,154,2355.0123557144902,535,0,154,770627,770781,770781,0.9991133752017266,0,535,81,81,0,0,0.0
2051,1778309293.75701,decode,154,555312,0.7198148976298342,770502,154,2355.0123557144902,454,0,154,770348,770502,770502,0.9987517256129572,0,454,0,0,0,0,0.0
2052,1778309293.824938,decode,154,610248,0.7910248682701094,770656,154,2355.0123557144902,454,0,154,770502,770656,770656,0.9989513458160773,0,454,43,43,0,0,0.0
2055,1778309293.8879578,decode,154,770556,0.9988217223075577,770402,154,2355.0123557144902,379,0,154,770248,770402,770402,0.9986221021044377,0,379,32,0,0,0,0.0
2056,1778309293.9131875,decode,154,425353,0.5513574821929705,770556,154,2355.0123557144902,379,0,154,770402,770556,770556,0.9988217223075577,0,379,0,0,0,0,0.0
2057,1778309294.0396285,decode,154,770353,0.9985585865852631,770710,154,2355.0123557144902,379,0,154,770556,770710,770710,0.9990213425106778,0,379,69,69,0,0,0.0
2059,1778309294.0623786,decode,154,770661,0.9989578269915032,770507,154,2355.0123557144902,310,0,154,770353,770507,770507,0.9987582067883831,0,310,0,0,0,0,0.0
2060,1778309294.0887985,decode,154,360324,0.4670646108378215,770661,154,2355.0123557144902,310,0,154,770507,770661,770661,0.9989578269915032,0,310,0,0,0,0,0.0
2061,1778309294.2534955,decode,154,770324,0.9985209957677924,770815,154,2355.0123557144902,310,0,154,770661,770815,770815,0.9991574471946232,0,310,82,82,0,0,0.0
2063,1778309294.2794998,decode,154,590344,0.7652246051343872,770478,154,2355.0123557144902,228,0,154,770324,770478,770478,0.9987206159709124,0,228,0,0,0,0,0.0
2064,1778309294.3338914,decode,154,585270,0.7586475083121075,770632,154,2355.0123557144902,228,0,154,770478,770632,770632,0.9989202361740325,0,228,36,36,0,0,0.0
2067,1778309294.4052446,decode,154,770578,0.998850239479432,770424,154,2355.0123557144902,155,0,154,770270,770424,770424,0.9986506192763119,0,155,37,0,0,0,0.0
2068,1778309294.430653,decode,154,415339,0.5383769840498273,770578,154,2355.0123557144902,155,0,154,770424,770578,770578,0.998850239479432,0,155,0,0,0,0,0.0
2069,1778309294.562647,decode,154,770339,0.9985404392940703,770732,154,2355.0123557144902,155,0,154,770578,770732,770732,0.999049859682552,0,155,71,71,0,0,0.0
2071,1778309294.5851693,decode,154,770647,0.9989396797003105,770493,154,2355.0123557144902,84,0,154,770339,770493,770493,0.9987400594971904,0,84,0,0,0,0,0.0
2072,1778309294.6113863,decode,154,370336,0.4800425165107944,770647,154,2355.0123557144902,84,0,154,770493,770647,770647,0.9989396797003105,0,84,0,0,0,0,0.0
2073,1778309294.7696984,decode,154,770336,0.9985365505888147,770801,154,2355.0123557144902,84,0,154,770647,770801,770801,0.9991392999034305,0,84,80,80,0,0,0.0
2075,1778309294.795517,decode,154,580340,0.7522570693420959,770490,154,2355.0123557144902,4,0,154,770336,770490,770490,0.9987361707919348,0,4,0,0,0,0,0.0
2076,1778309294.8167036,decode,154,285214,0.3697043935888213,770644,154,2355.0123557144902,4,0,154,770490,770644,770644,0.9989357909950549,0,4,38,4,0,0,0.0
2078,1778309294.8284647,decode,57,285328,0.3698521643885335,285271,57,2355.0123557144902,0,0,57,285214,285271,285271,0.3697782789886774,0,0,63,0,0,0,0.0
2079,1778309294.8410347,decode,57,85085,0.11029016222382092,285328,57,2355.0123557144902,0,0,57,285271,285328,285328,0.3698521643885335,0,0,0,0,0,0,0.0
2080,1778309294.8464372,decode,57,85102,0.11031219822026923,285385,17,2355.0123557144902,0,0,57,285328,285385,285385,0.3699260497883896,0,0,40,0,0,0,0.0
2081,1778309294.8518007,decode,17,85119,0.11033423421671755,85102,17,2355.0123557144902,0,0,17,85085,85102,85102,0.11031219822026923,0,0,0,0,0,0,0.0
2082,1778309294.8586485,decode,17,0,0.0,85119,17,2355.0123557144902,0,0,17,85102,85119,85119,0.11033423421671755,0,0,0,0,0,0,0.0
2082,1778309294.8622675,decode,17,0,0.0,85136,17,2355.0123557144902,0,0,17,85119,85136,85136,0.11035627021316587,0,0,17,0,0,0,0.0
