batch_id,timestamp,forward_mode,batch_size,num_tokens,token_usage,batch_num_tokens,gpu_num_reqs,gen_throughput,num_queue_reqs,num_retracted_reqs,num_retracted_queue_reqs,num_total_queue_reqs,num_new_seqs,num_new_tokens,num_cached_tokens,cache_hit_rate
3,1778070864.447747,decode,229,1832458,0.9391214951259375,1832229,229,0.0,19771,0,0,19771,0,0,0,0.0
4,1778070864.4862194,decode,229,1832687,0.9392388559726165,1832458,229,0.0,19771,0,0,19771,0,0,0,0.0
5,1778070864.5248983,decode,229,1832916,0.9393562168192956,1832687,229,0.0,19771,0,0,19771,0,0,0,0.0
6,1778070864.5635486,decode,229,1833145,0.9394735776659746,1832916,229,0.0,19771,0,0,19771,0,0,0,0.0
7,1778070864.6021295,decode,229,1833374,0.9395909385126537,1833145,229,0.0,19771,0,0,19771,0,0,0,0.0
8,1778070864.6411824,decode,229,1833603,0.9397082993593328,1833374,229,0.0,19771,0,0,19771,0,0,0,0.0
9,1778070864.6795433,decode,229,1833832,0.9398256602060119,1833603,229,0.0,19771,0,0,19771,0,0,0,0.0
10,1778070864.71843,decode,229,1834061,0.9399430210526909,1833832,229,0.0,19771,0,0,19771,0,0,0,0.0
11,1778070864.757573,decode,229,1834290,0.94006038189937,1834061,229,0.0,19771,0,0,19771,0,0,0,0.0
12,1778070864.796178,decode,229,1834519,0.940177742746049,1834290,229,0.0,19771,0,0,19771,0,0,0,0.0
13,1778070864.8351254,decode,229,1834748,0.9402951035927282,1834519,229,0.0,19771,0,0,19771,0,0,0,0.0
14,1778070864.8740475,decode,229,1834977,0.9404124644394072,1834748,229,0.0,19771,0,0,19771,0,0,0,0.0
15,1778070864.9123652,decode,229,1835206,0.9405298252860863,1834977,229,0.0,19771,0,0,19771,0,0,0,0.0
16,1778070864.9514527,decode,229,1835435,0.9406471861327653,1835206,229,0.0,19771,0,0,19771,0,0,0,0.0
17,1778070864.990484,decode,229,1835664,0.9407645469794444,1835435,229,0.0,19771,0,0,19771,0,0,0,0.0
18,1778070865.0294466,decode,229,1835893,0.9408819078261235,1835664,229,0.0,19771,0,0,19771,0,0,0,0.0
19,1778070865.068178,decode,229,1836122,0.9409992686728026,1835893,229,0.0,19771,0,0,19771,0,0,0,0.0
20,1778070865.1066356,decode,229,1836351,0.9411166295194816,1836122,229,0.0,19771,0,0,19771,0,0,0,0.0
21,1778070865.1459978,decode,229,1836580,0.9412339903661607,1836351,229,0.0,19771,0,0,19771,0,0,0,0.0
22,1778070865.1842813,decode,229,1836809,0.9413513512128397,1836580,229,0.0,19771,0,0,19771,0,0,0,0.0
23,1778070865.2228525,decode,229,1837038,0.9414687120595189,1836809,229,0.0,19771,0,0,19771,0,0,0,0.0
24,1778070865.2623217,decode,229,1837267,0.9415860729061979,1837038,229,0.0,19771,0,0,19771,0,0,0,0.0
25,1778070865.3010347,decode,229,1837496,0.941703433752877,1837267,229,0.0,19771,0,0,19771,0,0,0,0.0
26,1778070865.351775,decode,229,866700,0.4441774926495723,1837496,229,0.0,19771,0,0,19771,0,0,0,0.0
27,1778070865.82496,decode,229,1770700,0.9074709660027664,1837725,229,0.0,19771,0,0,19771,113,0,0,0.0
29,1778070865.8883326,decode,221,1826921,0.9362838226016491,1770921,221,0.0,19658,0,0,19658,7,0,0,0.0
31,1778070865.9572442,decode,228,1827377,0.9365175193094467,1827149,228,0.0,19651,0,0,19651,0,0,0,0.0
32,1778070865.9956567,decode,228,1827605,0.9366343676633455,1827377,228,0.0,19651,0,0,19651,0,0,0,0.0
33,1778070866.0346556,decode,228,1827833,0.9367512160172443,1827605,228,0.0,19651,0,0,19651,0,0,0,0.0
34,1778070866.0729594,decode,228,1828061,0.9368680643711431,1827833,228,0.0,19651,0,0,19651,0,0,0,0.0
35,1778070866.112119,decode,228,1828289,0.936984912725042,1828061,228,0.0,19651,0,0,19651,0,0,0,0.0
36,1778070866.1500108,decode,228,1828517,0.9371017610789408,1828289,228,0.0,19651,0,0,19651,0,0,0,0.0
37,1778070866.1890552,decode,228,1828745,0.9372186094328396,1828517,228,0.0,19651,0,0,19651,0,0,0,0.0
38,1778070866.228388,decode,228,1828973,0.9373354577867384,1828745,228,0.0,19651,0,0,19651,0,0,0,0.0
39,1778070866.2671447,decode,228,1829201,0.9374523061406372,1828973,228,0.0,19651,0,0,19651,0,0,0,0.0
40,1778070866.3058372,decode,228,1829429,0.937569154494536,1829201,228,0.0,19651,0,0,19651,0,0,0,0.0
41,1778070866.344852,decode,228,1829657,0.9376860028484348,1829429,228,0.0,19651,0,0,19651,0,0,0,0.0
42,1778070866.3833141,decode,228,1829885,0.9378028512023336,1829657,228,0.0,19651,0,0,19651,0,0,0,0.0
43,1778070866.422737,decode,228,1830113,0.9379196995562326,1829885,228,0.0,19651,0,0,19651,0,0,0,0.0
44,1778070866.4610221,decode,228,1830341,0.9380365479101314,1830113,228,736.4505842107629,19651,0,0,19651,0,0,0,0.0
45,1778070866.4995663,decode,228,1830569,0.9381533962640302,1830341,228,736.4505842107629,19651,0,0,19651,0,0,0,0.0
46,1778070866.5387814,decode,228,1830797,0.938270244617929,1830569,228,736.4505842107629,19651,0,0,19651,0,0,0,0.0
47,1778070866.5775604,decode,228,1831025,0.9383870929718278,1830797,228,736.4505842107629,19651,0,0,19651,0,0,0,0.0
48,1778070866.6164718,decode,228,1831253,0.9385039413257266,1831025,228,736.4505842107629,19651,0,0,19651,0,0,0,0.0
49,1778070866.6550043,decode,228,1831481,0.9386207896796254,1831253,228,736.4505842107629,19651,0,0,19651,0,0,0,0.0
50,1778070866.6938648,decode,228,1831709,0.9387376380335242,1831481,228,736.4505842107629,19651,0,0,19651,0,0,0,0.0
51,1778070866.7328837,decode,228,1831937,0.938854486387423,1831709,228,736.4505842107629,19651,0,0,19651,0,0,0,0.0
52,1778070866.7716136,decode,228,1832165,0.9389713347413219,1831937,228,736.4505842107629,19651,0,0,19651,0,0,0,0.0
53,1778070866.8293738,decode,228,505568,0.25909994992945534,1832165,228,736.4505842107629,19651,0,0,19651,0,0,0,0.0
54,1778070867.6056669,decode,228,1729496,0.8863542134850175,1832393,228,736.4505842107629,19651,0,0,19651,156,0,0,0.0
57,1778070867.6994805,decode,218,1833714,0.9397651860579415,1745714,218,736.4505842107629,19493,0,0,19493,11,0,0,0.0
59,1778070867.7699482,decode,229,1834172,0.9399999077512996,1833943,229,736.4505842107629,19482,0,0,19482,0,0,0,0.0
60,1778070867.8093178,decode,229,1834401,0.9401172685979786,1834172,229,736.4505842107629,19482,0,0,19482,0,0,0,0.0
61,1778070867.8480592,decode,229,1834630,0.9402346294446577,1834401,229,736.4505842107629,19482,0,0,19482,0,0,0,0.0
62,1778070867.887044,decode,229,1834859,0.9403519902913368,1834630,229,736.4505842107629,19482,0,0,19482,0,0,0,0.0
63,1778070867.9258301,decode,229,1835088,0.9404693511380159,1834859,229,736.4505842107629,19482,0,0,19482,0,0,0,0.0
64,1778070867.9645932,decode,229,1835317,0.9405867119846949,1835088,229,736.4505842107629,19482,0,0,19482,0,0,0,0.0
65,1778070868.0037825,decode,229,1835546,0.940704072831374,1835317,229,736.4505842107629,19482,0,0,19482,0,0,0,0.0
66,1778070868.042707,decode,229,1835775,0.940821433678053,1835546,229,736.4505842107629,19482,0,0,19482,0,0,0,0.0
67,1778070868.0818048,decode,229,1836004,0.9409387945247322,1835775,229,736.4505842107629,19482,0,0,19482,0,0,0,0.0
68,1778070868.120577,decode,229,1836233,0.9410561553714112,1836004,229,736.4505842107629,19482,0,0,19482,0,0,0,0.0
69,1778070868.1593652,decode,229,1836462,0.9411735162180903,1836233,229,736.4505842107629,19482,0,0,19482,0,0,0,0.0
70,1778070868.1984975,decode,229,1836691,0.9412908770647693,1836462,229,736.4505842107629,19482,0,0,19482,0,0,0,0.0
71,1778070868.2373157,decode,229,1836920,0.9414082379114485,1836691,229,736.4505842107629,19482,0,0,19482,0,0,0,0.0
72,1778070868.2765365,decode,229,1837149,0.9415255987581275,1836920,229,736.4505842107629,19482,0,0,19482,0,0,0,0.0
73,1778070868.3154306,decode,229,1837378,0.9416429596048066,1837149,229,736.4505842107629,19482,0,0,19482,0,0,0,0.0
74,1778070868.3541691,decode,229,1837607,0.9417603204514856,1837378,229,736.4505842107629,19482,0,0,19482,0,0,0,0.0
75,1778070868.3930976,decode,229,1837836,0.9418776812981647,1837607,229,736.4505842107629,19482,0,0,19482,0,0,0,0.0
76,1778070868.432158,decode,229,1838065,0.9419950421448438,1837836,229,736.4505842107629,19482,0,0,19482,0,0,0,0.0
77,1778070868.4715798,decode,229,1838294,0.9421124029915229,1838065,229,736.4505842107629,19482,0,0,19482,0,0,0,0.0
78,1778070868.5105386,decode,229,1838523,0.9422297638382019,1838294,229,736.4505842107629,19482,0,0,19482,0,0,0,0.0
79,1778070868.5493577,decode,229,1838752,0.942347124684881,1838523,229,736.4505842107629,19482,0,0,19482,0,0,0,0.0
80,1778070868.5884144,decode,229,1838981,0.94246448553156,1838752,229,736.4505842107629,19482,0,0,19482,0,0,0,0.0
81,1778070868.6439056,decode,229,818635,0.41954452716647356,1838981,229,736.4505842107629,19482,0,0,19482,0,0,0,0.0
82,1778070869.1326418,decode,229,1698319,0.8703762260749152,1839210,229,736.4505842107629,19482,0,0,19482,119,0,0,0.0
85,1778070869.2269073,decode,220,1826539,0.9360880503595905,1762539,220,736.4505842107629,19355,0,0,19355,8,0,0,0.0
87,1778070869.2946222,decode,228,1826995,0.9363217470673882,1826767,228,736.4505842107629,19347,0,0,19347,0,0,0,0.0
88,1778070869.333241,decode,228,1827223,0.936438595421287,1826995,228,736.4505842107629,19347,0,0,19347,0,0,0,0.0
89,1778070869.372636,decode,228,1827451,0.9365554437751858,1827223,228,736.4505842107629,19347,0,0,19347,0,0,0,0.0
90,1778070869.4113393,decode,228,1827679,0.9366722921290846,1827451,228,3093.205427293717,19347,0,0,19347,0,0,0,0.0
91,1778070869.4495451,decode,228,1827907,0.9367891404829835,1827679,228,3093.205427293717,19347,0,0,19347,0,0,0,0.0
92,1778070869.4883769,decode,228,1828135,0.9369059888368823,1827907,228,3093.205427293717,19347,0,0,19347,0,0,0,0.0
93,1778070869.5273955,decode,228,1828363,0.937022837190781,1828135,228,3093.205427293717,19347,0,0,19347,0,0,0,0.0
94,1778070869.5658147,decode,228,1828591,0.9371396855446799,1828363,228,3093.205427293717,19347,0,0,19347,0,0,0,0.0
95,1778070869.6050606,decode,228,1828819,0.9372565338985787,1828591,228,3093.205427293717,19347,0,0,19347,0,0,0,0.0
96,1778070869.6438546,decode,228,1829047,0.9373733822524776,1828819,228,3093.205427293717,19347,0,0,19347,0,0,0,0.0
97,1778070869.6826017,decode,228,1829275,0.9374902306063764,1829047,228,3093.205427293717,19347,0,0,19347,0,0,0,0.0
98,1778070869.7213342,decode,228,1829503,0.9376070789602752,1829275,228,3093.205427293717,19347,0,0,19347,0,0,0,0.0
99,1778070869.7602892,decode,228,1829731,0.937723927314174,1829503,228,3093.205427293717,19347,0,0,19347,0,0,0,0.0
100,1778070869.7990315,decode,228,1829959,0.9378407756680728,1829731,228,3093.205427293717,19347,0,0,19347,0,0,0,0.0
101,1778070869.8384447,decode,228,1830187,0.9379576240219716,1829959,228,3093.205427293717,19347,0,0,19347,0,0,0,0.0
102,1778070869.87659,decode,228,1830415,0.9380744723758704,1830187,228,3093.205427293717,19347,0,0,19347,0,0,0,0.0
103,1778070869.915556,decode,228,1830643,0.9381913207297692,1830415,228,3093.205427293717,19347,0,0,19347,0,0,0,0.0
104,1778070869.9541996,decode,228,1830871,0.938308169083668,1830643,228,3093.205427293717,19347,0,0,19347,0,0,0,0.0
105,1778070869.9930868,decode,228,1831099,0.9384250174375669,1830871,228,3093.205427293717,19347,0,0,19347,0,0,0,0.0
106,1778070870.0322156,decode,228,1831327,0.9385418657914657,1831099,228,3093.205427293717,19347,0,0,19347,0,0,0,0.0
107,1778070870.0708578,decode,228,1831555,0.9386587141453645,1831327,228,3093.205427293717,19347,0,0,19347,0,0,0,0.0
108,1778070870.1097622,decode,228,1831783,0.9387755624992633,1831555,228,3093.205427293717,19347,0,0,19347,0,0,0,0.0
109,1778070870.1673498,decode,228,585961,0.3003007820127334,1831783,228,3093.205427293717,19347,0,0,19347,0,0,0,0.0
110,1778070870.8526807,decode,228,1657523,0.8494685706115115,1832011,228,3093.205427293717,19347,0,0,19347,146,0,0,0.0
113,1778070870.957223,decode,219,1833742,0.9397795358557887,1753742,219,3093.205427293717,19189,0,0,19189,10,0,0,0.0
115,1778070871.0268173,decode,229,1834200,0.9400142575491468,1833971,229,3093.205427293717,19179,0,0,19179,0,0,0,0.0
116,1778070871.0662482,decode,229,1834429,0.9401316183958258,1834200,229,3093.205427293717,19179,0,0,19179,0,0,0,0.0
117,1778070871.10453,decode,229,1834658,0.940248979242505,1834429,229,3093.205427293717,19179,0,0,19179,0,0,0,0.0
118,1778070871.1430511,decode,229,1834887,0.940366340089184,1834658,229,3093.205427293717,19179,0,0,19179,0,0,0,0.0
119,1778070871.1841989,decode,229,1835116,0.9404837009358631,1834887,229,3093.205427293717,19179,0,0,19179,0,0,0,0.0
120,1778070871.2207909,decode,229,1835345,0.9406010617825421,1835116,229,3093.205427293717,19179,0,0,19179,0,0,0,0.0
121,1778070871.259889,decode,229,1835574,0.9407184226292212,1835345,229,3093.205427293717,19179,0,0,19179,0,0,0,0.0
122,1778070871.2987938,decode,229,1835803,0.9408357834759002,1835574,229,3093.205427293717,19179,0,0,19179,0,0,0,0.0
123,1778070871.3376956,decode,229,1836032,0.9409531443225794,1835803,229,3093.205427293717,19179,0,0,19179,0,0,0,0.0
124,1778070871.376333,decode,229,1836261,0.9410705051692584,1836032,229,3093.205427293717,19179,0,0,19179,0,0,0,0.0
125,1778070871.415082,decode,229,1836490,0.9411878660159375,1836261,229,3093.205427293717,19179,0,0,19179,0,0,0,0.0
126,1778070871.45404,decode,229,1836719,0.9413052268626165,1836490,229,3093.205427293717,19179,0,0,19179,0,0,0,0.0
127,1778070871.4926496,decode,229,1836948,0.9414225877092957,1836719,229,3093.205427293717,19179,0,0,19179,0,0,0,0.0
128,1778070871.5317705,decode,229,1837177,0.9415399485559747,1836948,229,3093.205427293717,19179,0,0,19179,0,0,0,0.0
129,1778070871.5708258,decode,229,1837406,0.9416573094026538,1837177,229,3093.205427293717,19179,0,0,19179,0,0,0,0.0
130,1778070871.609461,decode,229,1837635,0.9417746702493328,1837406,229,3093.205427293717,19179,0,0,19179,0,0,0,0.0
131,1778070871.648242,decode,229,1837864,0.9418920310960119,1837635,229,3093.205427293717,19179,0,0,19179,0,0,0,0.0
132,1778070871.6868744,decode,229,1838093,0.942009391942691,1837864,229,3093.205427293717,19179,0,0,19179,0,0,0,0.0
133,1778070871.7258728,decode,229,1838322,0.9421267527893701,1838093,229,3944.6424252974025,19179,0,0,19179,0,0,0,0.0
134,1778070871.764555,decode,229,1838551,0.9422441136360492,1838322,229,3944.6424252974025,19179,0,0,19179,0,0,0,0.0
135,1778070871.8035848,decode,229,1838780,0.9423614744827282,1838551,229,3944.6424252974025,19179,0,0,19179,0,0,0,0.0
136,1778070871.8424225,decode,229,1839009,0.9424788353294073,1838780,229,3944.6424252974025,19179,0,0,19179,0,0,0,0.0
137,1778070871.9005466,decode,229,706238,0.36194187614381984,1839009,229,3944.6424252974025,19179,0,0,19179,0,0,0,0.0
138,1778070872.4818242,decode,229,1714044,0.8784351750444716,1839238,229,3944.6424252974025,19179,0,0,19179,132,0,0,0.0
141,1778070872.5724092,decode,220,1826264,0.9359471148450196,1762264,220,3944.6424252974025,19041,0,0,19041,8,0,0,0.0
143,1778070872.6400707,decode,228,1826720,0.9361808115528173,1826492,228,3944.6424252974025,19033,0,0,19033,0,0,0,0.0
144,1778070872.6792166,decode,228,1826948,0.9362976599067161,1826720,228,3944.6424252974025,19033,0,0,19033,0,0,0,0.0
145,1778070872.717933,decode,228,1827176,0.9364145082606149,1826948,228,3944.6424252974025,19033,0,0,19033,0,0,0,0.0
146,1778070872.756472,decode,228,1827404,0.9365313566145137,1827176,228,3944.6424252974025,19033,0,0,19033,0,0,0,0.0
147,1778070872.7954211,decode,228,1827632,0.9366482049684125,1827404,228,3944.6424252974025,19033,0,0,19033,0,0,0,0.0
148,1778070872.833781,decode,228,1827860,0.9367650533223113,1827632,228,3944.6424252974025,19033,0,0,19033,0,0,0,0.0
149,1778070872.8730369,decode,228,1828088,0.9368819016762101,1827860,228,3944.6424252974025,19033,0,0,19033,0,0,0,0.0
150,1778070872.9117785,decode,228,1828316,0.9369987500301089,1828088,228,3944.6424252974025,19033,0,0,19033,0,0,0,0.0
151,1778070872.9506793,decode,228,1828544,0.9371155983840078,1828316,228,3944.6424252974025,19033,0,0,19033,0,0,0,0.0
152,1778070872.9891014,decode,228,1828772,0.9372324467379066,1828544,228,3944.6424252974025,19033,0,0,19033,0,0,0,0.0
153,1778070873.0279253,decode,228,1829000,0.9373492950918054,1828772,228,3944.6424252974025,19033,0,0,19033,0,0,0,0.0
154,1778070873.0667033,decode,228,1829228,0.9374661434457042,1829000,228,3944.6424252974025,19033,0,0,19033,0,0,0,0.0
155,1778070873.1056855,decode,228,1829456,0.937582991799603,1829228,228,3944.6424252974025,19033,0,0,19033,0,0,0,0.0
156,1778070873.1448665,decode,228,1829684,0.9376998401535018,1829456,228,3944.6424252974025,19033,0,0,19033,0,0,0,0.0
157,1778070873.1830885,decode,228,1829912,0.9378166885074006,1829684,228,3944.6424252974025,19033,0,0,19033,0,0,0,0.0
158,1778070873.2222023,decode,228,1830140,0.9379335368612994,1829912,228,3944.6424252974025,19033,0,0,19033,0,0,0,0.0
159,1778070873.2607477,decode,228,1830368,0.9380503852151982,1830140,228,3944.6424252974025,19033,0,0,19033,0,0,0,0.0
160,1778070873.2995434,decode,228,1830596,0.9381672335690971,1830368,228,3944.6424252974025,19033,0,0,19033,0,0,0,0.0
161,1778070873.338307,decode,228,1830824,0.938284081922996,1830596,228,3944.6424252974025,19033,0,0,19033,0,0,0,0.0
162,1778070873.376951,decode,228,1831052,0.9384009302768948,1830824,228,3944.6424252974025,19033,0,0,19033,0,0,0,0.0
163,1778070873.416362,decode,228,1831280,0.9385177786307936,1831052,228,3944.6424252974025,19033,0,0,19033,0,0,0,0.0
164,1778070873.4545817,decode,228,1831508,0.9386346269846924,1831280,228,3944.6424252974025,19033,0,0,19033,0,0,0,0.0
165,1778070873.5119834,decode,228,658186,0.33731557306686444,1831508,228,3944.6424252974025,19033,0,0,19033,0,0,0,0.0
166,1778070874.1288564,decode,228,1697844,0.8701327920042926,1831736,228,3944.6424252974025,19033,0,0,19033,138,0,0,0.0
169,1778070874.2198615,decode,219,1826063,0.9358441037961878,1754063,219,3944.6424252974025,18888,0,0,18888,9,0,0,0.0
171,1778070874.2878568,decode,228,1826519,0.9360778005039854,1826291,228,3944.6424252974025,18879,0,0,18879,0,0,0,0.0
172,1778070874.3269134,decode,228,1826747,0.9361946488578842,1826519,228,3944.6424252974025,18879,0,0,18879,0,0,0,0.0
173,1778070874.3651235,decode,228,1826975,0.9363114972117831,1826747,228,3944.6424252974025,18879,0,0,18879,0,0,0,0.0
174,1778070874.404098,decode,228,1827203,0.9364283455656819,1826975,228,3944.6424252974025,18879,0,0,18879,0,0,0,0.0
175,1778070874.4426808,decode,228,1827431,0.9365451939195807,1827203,228,3944.6424252974025,18879,0,0,18879,0,0,0,0.0
176,1778070874.4819527,decode,228,1827659,0.9366620422734795,1827431,228,3944.6424252974025,18879,0,0,18879,0,0,0,0.0
177,1778070874.5205228,decode,228,1827887,0.9367788906273783,1827659,228,3944.6424252974025,18879,0,0,18879,0,0,0,0.0
178,1778070874.5591927,decode,228,1828115,0.9368957389812771,1827887,228,3944.6424252974025,18879,0,0,18879,0,0,0,0.0
179,1778070874.597818,decode,228,1828343,0.9370125873351759,1828115,228,3171.3808273076143,18879,0,0,18879,0,0,0,0.0
180,1778070874.6366432,decode,228,1828571,0.9371294356890747,1828343,228,3171.3808273076143,18879,0,0,18879,0,0,0,0.0
181,1778070874.6753893,decode,228,1828799,0.9372462840429735,1828571,228,3171.3808273076143,18879,0,0,18879,0,0,0,0.0
182,1778070874.7142756,decode,228,1829027,0.9373631323968724,1828799,228,3171.3808273076143,18879,0,0,18879,0,0,0,0.0
183,1778070874.7530184,decode,228,1829255,0.9374799807507712,1829027,228,3171.3808273076143,18879,0,0,18879,0,0,0,0.0
184,1778070874.791981,decode,228,1829483,0.93759682910467,1829255,228,3171.3808273076143,18879,0,0,18879,0,0,0,0.0
185,1778070874.830597,decode,228,1829711,0.9377136774585688,1829483,228,3171.3808273076143,18879,0,0,18879,0,0,0,0.0
186,1778070874.8693013,decode,228,1829939,0.9378305258124676,1829711,228,3171.3808273076143,18879,0,0,18879,0,0,0,0.0
187,1778070874.9083436,decode,228,1830167,0.9379473741663664,1829939,228,3171.3808273076143,18879,0,0,18879,0,0,0,0.0
188,1778070874.9468076,decode,228,1830395,0.9380642225202652,1830167,228,3171.3808273076143,18879,0,0,18879,0,0,0,0.0
189,1778070874.9855824,decode,228,1830623,0.938181070874164,1830395,228,3171.3808273076143,18879,0,0,18879,0,0,0,0.0
190,1778070875.0243819,decode,228,1830851,0.9382979192280628,1830623,228,3171.3808273076143,18879,0,0,18879,0,0,0,0.0
191,1778070875.0635958,decode,228,1831079,0.9384147675819617,1830851,228,3171.3808273076143,18879,0,0,18879,0,0,0,0.0
192,1778070875.1021,decode,228,1831307,0.9385316159358605,1831079,228,3171.3808273076143,18879,0,0,18879,0,0,0,0.0
193,1778070875.1569617,decode,228,850785,0.4360211700517669,1831307,228,3171.3808273076143,18879,0,0,18879,0,0,0,0.0
194,1778070875.61243,decode,228,1674347,0.8580907491465714,1831535,228,3171.3808273076143,18879,0,0,18879,115,0,0,0.0
197,1778070875.7098293,decode,220,1826567,0.9361024001574377,1762567,220,3171.3808273076143,18753,0,0,18753,8,0,0,0.0
199,1778070875.7767463,decode,228,1827023,0.9363360968652354,1826795,228,3171.3808273076143,18745,0,0,18745,0,0,0,0.0
200,1778070875.8158214,decode,228,1827251,0.9364529452191342,1827023,228,3171.3808273076143,18745,0,0,18745,0,0,0,0.0
201,1778070875.8546374,decode,228,1827479,0.936569793573033,1827251,228,3171.3808273076143,18745,0,0,18745,0,0,0,0.0
202,1778070875.8931706,decode,228,1827707,0.9366866419269319,1827479,228,3171.3808273076143,18745,0,0,18745,0,0,0,0.0
203,1778070875.9321113,decode,228,1827935,0.9368034902808307,1827707,228,3171.3808273076143,18745,0,0,18745,0,0,0,0.0
204,1778070875.9707341,decode,228,1828163,0.9369203386347295,1827935,228,3171.3808273076143,18745,0,0,18745,0,0,0,0.0
205,1778070876.0096905,decode,228,1828391,0.9370371869886283,1828163,228,3171.3808273076143,18745,0,0,18745,0,0,0,0.0
206,1778070876.048144,decode,228,1828619,0.9371540353425271,1828391,228,3171.3808273076143,18745,0,0,18745,0,0,0,0.0
207,1778070876.0871477,decode,228,1828847,0.937270883696426,1828619,228,3171.3808273076143,18745,0,0,18745,0,0,0,0.0
208,1778070876.1256003,decode,228,1829075,0.9373877320503248,1828847,228,3171.3808273076143,18745,0,0,18745,0,0,0,0.0
209,1778070876.1641345,decode,228,1829303,0.9375045804042236,1829075,228,3171.3808273076143,18745,0,0,18745,0,0,0,0.0
210,1778070876.2030268,decode,228,1829531,0.9376214287581224,1829303,228,3171.3808273076143,18745,0,0,18745,0,0,0,0.0
211,1778070876.242128,decode,228,1829759,0.9377382771120212,1829531,228,3171.3808273076143,18745,0,0,18745,0,0,0,0.0
212,1778070876.280827,decode,228,1829987,0.93785512546592,1829759,228,3171.3808273076143,18745,0,0,18745,0,0,0,0.0
213,1778070876.3197343,decode,228,1830215,0.9379719738198188,1829987,228,3171.3808273076143,18745,0,0,18745,0,0,0,0.0
214,1778070876.3583927,decode,228,1830443,0.9380888221737176,1830215,228,3171.3808273076143,18745,0,0,18745,0,0,0,0.0
215,1778070876.3970242,decode,228,1830671,0.9382056705276165,1830443,228,3171.3808273076143,18745,0,0,18745,0,0,0,0.0
216,1778070876.4360213,decode,228,1830899,0.9383225188815153,1830671,228,3171.3808273076143,18745,0,0,18745,0,0,0,0.0
217,1778070876.4747386,decode,228,1831127,0.9384393672354141,1830899,228,3171.3808273076143,18745,0,0,18745,0,0,0,0.0
218,1778070876.5134287,decode,228,1831355,0.9385562155893129,1831127,228,3171.3808273076143,18745,0,0,18745,0,0,0,0.0
219,1778070876.5521972,decode,228,1831583,0.9386730639432117,1831355,228,3171.3808273076143,18745,0,0,18745,0,0,0,0.0
220,1778070876.5908122,decode,228,1831811,0.9387899122971105,1831583,228,3171.3808273076143,18745,0,0,18745,0,0,0,0.0
221,1778070876.6489432,decode,228,505639,0.25913633691685367,1831811,228,3171.3808273076143,18745,0,0,18745,0,0,0,0.0
222,1778070877.4155345,decode,228,1681348,0.8616787111011573,1832039,228,3233.8139438173357,18745,0,0,18745,156,0,0,0.0
225,1778070877.5113513,decode,218,1833566,0.9396893371264632,1745566,218,3233.8139438173357,18581,0,0,18581,11,0,0,0.0
227,1778070877.579356,decode,229,1834024,0.9399240588198213,1833795,229,3233.8139438173357,18570,0,0,18570,0,0,0,0.0
228,1778070877.6185095,decode,229,1834253,0.9400414196665005,1834024,229,3233.8139438173357,18570,0,0,18570,0,0,0,0.0
229,1778070877.657127,decode,229,1834482,0.9401587805131795,1834253,229,3233.8139438173357,18570,0,0,18570,0,0,0,0.0
230,1778070877.6959987,decode,229,1834711,0.9402761413598586,1834482,229,3233.8139438173357,18570,0,0,18570,0,0,0,0.0
231,1778070877.734808,decode,229,1834940,0.9403935022065376,1834711,229,3233.8139438173357,18570,0,0,18570,0,0,0,0.0
232,1778070877.7734926,decode,229,1835169,0.9405108630532167,1834940,229,3233.8139438173357,18570,0,0,18570,0,0,0,0.0
233,1778070877.8127015,decode,229,1835398,0.9406282238998959,1835169,229,3233.8139438173357,18570,0,0,18570,0,0,0,0.0
234,1778070877.851625,decode,229,1835627,0.9407455847465749,1835398,229,3233.8139438173357,18570,0,0,18570,0,0,0,0.0
235,1778070877.8902128,decode,229,1835856,0.940862945593254,1835627,229,3233.8139438173357,18570,0,0,18570,0,0,0,0.0
236,1778070877.9293718,decode,229,1836085,0.940980306439933,1835856,229,3233.8139438173357,18570,0,0,18570,0,0,0,0.0
237,1778070877.9681087,decode,229,1836314,0.9410976672866121,1836085,229,3233.8139438173357,18570,0,0,18570,0,0,0,0.0
238,1778070878.0070047,decode,229,1836543,0.9412150281332912,1836314,229,3233.8139438173357,18570,0,0,18570,0,0,0,0.0
239,1778070878.0454369,decode,229,1836772,0.9413323889799703,1836543,229,3233.8139438173357,18570,0,0,18570,0,0,0,0.0
240,1778070878.084227,decode,229,1837001,0.9414497498266493,1836772,229,3233.8139438173357,18570,0,0,18570,0,0,0,0.0
241,1778070878.1230865,decode,229,1837230,0.9415671106733284,1837001,229,3233.8139438173357,18570,0,0,18570,0,0,0,0.0
242,1778070878.161785,decode,229,1837459,0.9416844715200074,1837230,229,3233.8139438173357,18570,0,0,18570,0,0,0,0.0
243,1778070878.2009118,decode,229,1837688,0.9418018323666866,1837459,229,3233.8139438173357,18570,0,0,18570,0,0,0,0.0
244,1778070878.2422037,decode,229,1837917,0.9419191932133656,1837688,229,3233.8139438173357,18570,0,0,18570,0,0,0,0.0
245,1778070878.2786143,decode,229,1838146,0.9420365540600447,1837917,229,3233.8139438173357,18570,0,0,18570,0,0,0,0.0
246,1778070878.3171582,decode,229,1838375,0.9421539149067237,1838146,229,3233.8139438173357,18570,0,0,18570,0,0,0,0.0
247,1778070878.356046,decode,229,1838604,0.9422712757534029,1838375,229,3233.8139438173357,18570,0,0,18570,0,0,0,0.0
248,1778070878.3950503,decode,229,1838833,0.9423886366000819,1838604,229,3233.8139438173357,18570,0,0,18570,0,0,0,0.0
249,1778070878.4519978,decode,229,690187,0.35371585452789933,1838833,229,3233.8139438173357,18570,0,0,18570,0,0,0,0.0
250,1778070879.0471506,decode,229,1705969,0.8742967958438885,1839062,229,3233.8139438173357,18570,0,0,18570,134,0,0,0.0
253,1778070879.1362255,decode,219,1826188,0.93590816539372,1754188,219,3233.8139438173357,18430,0,0,18430,9,0,0,0.0
255,1778070879.2036688,decode,228,1826644,0.9361418621015176,1826416,228,3233.8139438173357,18421,0,0,18421,0,0,0,0.0
256,1778070879.2424812,decode,228,1826872,0.9362587104554164,1826644,228,3233.8139438173357,18421,0,0,18421,0,0,0,0.0
257,1778070879.280941,decode,228,1827100,0.9363755588093152,1826872,228,3233.8139438173357,18421,0,0,18421,0,0,0,0.0
258,1778070879.3196564,decode,228,1827328,0.9364924071632141,1827100,228,3233.8139438173357,18421,0,0,18421,0,0,0,0.0
259,1778070879.3584497,decode,228,1827556,0.9366092555171129,1827328,228,3233.8139438173357,18421,0,0,18421,0,0,0,0.0
260,1778070879.397026,decode,228,1827784,0.9367261038710117,1827556,228,3233.8139438173357,18421,0,0,18421,0,0,0,0.0
261,1778070879.4359865,decode,228,1828012,0.9368429522249105,1827784,228,3233.8139438173357,18421,0,0,18421,0,0,0,0.0
262,1778070879.4745836,decode,228,1828240,0.9369598005788093,1828012,228,3233.8139438173357,18421,0,0,18421,0,0,0,0.0
263,1778070879.5132287,decode,228,1828468,0.9370766489327081,1828240,228,3233.8139438173357,18421,0,0,18421,0,0,0,0.0
264,1778070879.5520542,decode,228,1828696,0.937193497286607,1828468,228,3233.8139438173357,18421,0,0,18421,0,0,0,0.0
265,1778070879.5909457,decode,228,1828924,0.9373103456405057,1828696,228,3233.8139438173357,18421,0,0,18421,0,0,0,0.0
266,1778070879.6299613,decode,228,1829152,0.9374271939944046,1828924,228,3233.8139438173357,18421,0,0,18421,0,0,0,0.0
267,1778070879.6683517,decode,228,1829380,0.9375440423483035,1829152,228,3233.8139438173357,18421,0,0,18421,0,0,0,0.0
268,1778070879.707661,decode,228,1829608,0.9376608907022023,1829380,228,3981.0247019140606,18421,0,0,18421,0,0,0,0.0
269,1778070879.7458951,decode,228,1829836,0.9377777390561011,1829608,228,3981.0247019140606,18421,0,0,18421,0,0,0,0.0
270,1778070879.7849164,decode,228,1830064,0.9378945874099999,1829836,228,3981.0247019140606,18421,0,0,18421,0,0,0,0.0
271,1778070879.8238754,decode,228,1830292,0.9380114357638987,1830064,228,3981.0247019140606,18421,0,0,18421,0,0,0,0.0
272,1778070879.8625195,decode,228,1830520,0.9381282841177975,1830292,228,3981.0247019140606,18421,0,0,18421,0,0,0,0.0
273,1778070879.9016323,decode,228,1830748,0.9382451324716963,1830520,228,3981.0247019140606,18421,0,0,18421,0,0,0,0.0
274,1778070879.9401312,decode,228,1830976,0.9383619808255951,1830748,228,3981.0247019140606,18421,0,0,18421,0,0,0,0.0
275,1778070879.9791405,decode,228,1831204,0.9384788291794939,1830976,228,3981.0247019140606,18421,0,0,18421,0,0,0,0.0
276,1778070880.0178342,decode,228,1831432,0.9385956775333928,1831204,228,3981.0247019140606,18421,0,0,18421,0,0,0,0.0
277,1778070880.073792,decode,228,722385,0.3702170970666451,1831432,228,3981.0247019140606,18421,0,0,18421,0,0,0,0.0
278,1778070880.635614,decode,228,1665947,0.8537858097924046,1831660,228,3981.0247019140606,18421,0,0,18421,130,0,0,0.0
281,1778070880.7309704,decode,219,1826166,0.9358968905525543,1754166,219,3981.0247019140606,18280,0,0,18280,9,0,0,0.0
283,1778070880.798037,decode,228,1826622,0.9361305872603519,1826394,228,3981.0247019140606,18271,0,0,18271,0,0,0,0.0
284,1778070880.8369927,decode,228,1826850,0.9362474356142508,1826622,228,3981.0247019140606,18271,0,0,18271,0,0,0,0.0
285,1778070880.8757927,decode,228,1827078,0.9363642839681496,1826850,228,3981.0247019140606,18271,0,0,18271,0,0,0,0.0
286,1778070880.9146016,decode,228,1827306,0.9364811323220484,1827078,228,3981.0247019140606,18271,0,0,18271,0,0,0,0.0
287,1778070880.9535458,decode,228,1827534,0.9365979806759472,1827306,228,3981.0247019140606,18271,0,0,18271,0,0,0,0.0
288,1778070880.9922621,decode,228,1827762,0.936714829029846,1827534,228,3981.0247019140606,18271,0,0,18271,0,0,0,0.0
289,1778070881.0320144,decode,228,1827990,0.9368316773837448,1827762,228,3981.0247019140606,18271,0,0,18271,0,0,0,0.0
290,1778070881.0695994,decode,228,1828218,0.9369485257376436,1827990,228,3981.0247019140606,18271,0,0,18271,0,0,0,0.0
291,1778070881.108672,decode,228,1828446,0.9370653740915424,1828218,228,3981.0247019140606,18271,0,0,18271,0,0,0,0.0
292,1778070881.1470442,decode,228,1828674,0.9371822224454412,1828446,228,3981.0247019140606,18271,0,0,18271,0,0,0,0.0
293,1778070881.1862626,decode,228,1828902,0.9372990707993402,1828674,228,3981.0247019140606,18271,0,0,18271,0,0,0,0.0
294,1778070881.224708,decode,228,1829130,0.937415919153239,1828902,228,3981.0247019140606,18271,0,0,18271,0,0,0,0.0
295,1778070881.2633953,decode,228,1829358,0.9375327675071378,1829130,228,3981.0247019140606,18271,0,0,18271,0,0,0,0.0
296,1778070881.3025565,decode,228,1829586,0.9376496158610366,1829358,228,3981.0247019140606,18271,0,0,18271,0,0,0,0.0
297,1778070881.3408318,decode,228,1829814,0.9377664642149354,1829586,228,3981.0247019140606,18271,0,0,18271,0,0,0,0.0
298,1778070881.380505,decode,228,1830042,0.9378833125688342,1829814,228,3981.0247019140606,18271,0,0,18271,0,0,0,0.0
299,1778070881.41849,decode,228,1830270,0.938000160922733,1830042,228,3981.0247019140606,18271,0,0,18271,0,0,0,0.0
300,1778070881.4573617,decode,228,1830498,0.9381170092766318,1830270,228,3981.0247019140606,18271,0,0,18271,0,0,0,0.0
301,1778070881.4960494,decode,228,1830726,0.9382338576305306,1830498,228,3981.0247019140606,18271,0,0,18271,0,0,0,0.0
302,1778070881.5349915,decode,228,1830954,0.9383507059844295,1830726,228,3981.0247019140606,18271,0,0,18271,0,0,0,0.0
303,1778070881.5737636,decode,228,1831182,0.9384675543383283,1830954,228,3981.0247019140606,18271,0,0,18271,0,0,0,0.0
304,1778070881.6126516,decode,228,1831410,0.9385844026922271,1831182,228,3981.0247019140606,18271,0,0,18271,0,0,0,0.0
305,1778070881.6691468,decode,228,658113,0.33727816109390557,1831410,228,3981.0247019140606,18271,0,0,18271,0,0,0,0.0
306,1778070882.285157,decode,228,1713894,0.8783583011274329,1831638,228,3981.0247019140606,18271,0,0,18271,138,0,0,0.0
309,1778070882.3714066,decode,219,1826113,0.9358697284352007,1754113,219,3981.0247019140606,18128,0,0,18128,9,0,0,0.0
311,1778070882.438497,decode,228,1826569,0.9361034251429983,1826341,228,3981.0247019140606,18119,0,0,18119,0,0,0,0.0
312,1778070882.4772716,decode,228,1826797,0.9362202734968971,1826569,228,3981.0247019140606,18119,0,0,18119,0,0,0,0.0
313,1778070882.516531,decode,228,1827025,0.9363371218507959,1826797,228,3981.0247019140606,18119,0,0,18119,0,0,0,0.0
314,1778070882.5551987,decode,228,1827253,0.9364539702046948,1827025,228,3196.4428396108233,18119,0,0,18119,0,0,0,0.0
315,1778070882.5939317,decode,228,1827481,0.9365708185585936,1827253,228,3196.4428396108233,18119,0,0,18119,0,0,0,0.0
316,1778070882.6325233,decode,228,1827709,0.9366876669124924,1827481,228,3196.4428396108233,18119,0,0,18119,0,0,0,0.0
317,1778070882.671249,decode,228,1827937,0.9368045152663912,1827709,228,3196.4428396108233,18119,0,0,18119,0,0,0,0.0
318,1778070882.7098446,decode,228,1828165,0.93692136362029,1827937,228,3196.4428396108233,18119,0,0,18119,0,0,0,0.0
319,1778070882.748471,decode,228,1828393,0.9370382119741888,1828165,228,3196.4428396108233,18119,0,0,18119,0,0,0,0.0
320,1778070882.7874,decode,228,1828621,0.9371550603280876,1828393,228,3196.4428396108233,18119,0,0,18119,0,0,0,0.0
321,1778070882.8262208,decode,228,1828849,0.9372719086819864,1828621,228,3196.4428396108233,18119,0,0,18119,0,0,0,0.0
322,1778070882.8650813,decode,228,1829077,0.9373887570358853,1828849,228,3196.4428396108233,18119,0,0,18119,0,0,0,0.0
323,1778070882.903946,decode,228,1829305,0.9375056053897841,1829077,228,3196.4428396108233,18119,0,0,18119,0,0,0,0.0
324,1778070882.9425447,decode,228,1829533,0.9376224537436829,1829305,228,3196.4428396108233,18119,0,0,18119,0,0,0,0.0
325,1778070882.981211,decode,228,1829761,0.9377393020975817,1829533,228,3196.4428396108233,18119,0,0,18119,0,0,0,0.0
326,1778070883.0201843,decode,228,1829989,0.9378561504514805,1829761,228,3196.4428396108233,18119,0,0,18119,0,0,0,0.0
327,1778070883.0588634,decode,228,1830217,0.9379729988053793,1829989,228,3196.4428396108233,18119,0,0,18119,0,0,0,0.0
328,1778070883.0977018,decode,228,1830445,0.9380898471592781,1830217,228,3196.4428396108233,18119,0,0,18119,0,0,0,0.0
329,1778070883.1360884,decode,228,1830673,0.9382066955131769,1830445,228,3196.4428396108233,18119,0,0,18119,0,0,0,0.0
330,1778070883.1752865,decode,228,1830901,0.9383235438670757,1830673,228,3196.4428396108233,18119,0,0,18119,0,0,0,0.0
331,1778070883.2139974,decode,228,1831129,0.9384403922209746,1830901,228,3196.4428396108233,18119,0,0,18119,0,0,0,0.0
332,1778070883.2526813,decode,228,1831357,0.9385572405748734,1831129,228,3196.4428396108233,18119,0,0,18119,0,0,0,0.0
333,1778070883.3114736,decode,228,682260,0.34965332425879453,1831357,228,3196.4428396108233,18119,0,0,18119,0,0,0,0.0
334,1778070883.9053752,decode,228,1673846,0.8578339902636621,1831585,228,3196.4428396108233,18119,0,0,18119,135,0,0,0.0
337,1778070883.9989223,decode,219,1826065,0.9358451287817483,1754065,219,3196.4428396108233,17974,0,0,17974,9,0,0,0.0
339,1778070884.0655246,decode,228,1826521,0.9360788254895459,1826293,228,3196.4428396108233,17965,0,0,17965,0,0,0,0.0
340,1778070884.1040876,decode,228,1826749,0.9361956738434447,1826521,228,3196.4428396108233,17965,0,0,17965,0,0,0,0.0
341,1778070884.14259,decode,228,1826977,0.9363125221973435,1826749,228,3196.4428396108233,17965,0,0,17965,0,0,0,0.0
342,1778070884.1811736,decode,228,1827205,0.9364293705512423,1826977,228,3196.4428396108233,17965,0,0,17965,0,0,0,0.0
343,1778070884.2202194,decode,228,1827433,0.9365462189051412,1827205,228,3196.4428396108233,17965,0,0,17965,0,0,0,0.0
344,1778070884.2589576,decode,228,1827661,0.93666306725904,1827433,228,3196.4428396108233,17965,0,0,17965,0,0,0,0.0
345,1778070884.298134,decode,228,1827889,0.9367799156129388,1827661,228,3196.4428396108233,17965,0,0,17965,0,0,0,0.0
346,1778070884.3367493,decode,228,1828117,0.9368967639668376,1827889,228,3196.4428396108233,17965,0,0,17965,0,0,0,0.0
347,1778070884.3754342,decode,228,1828345,0.9370136123207364,1828117,228,3196.4428396108233,17965,0,0,17965,0,0,0,0.0
348,1778070884.4139304,decode,228,1828573,0.9371304606746352,1828345,228,3196.4428396108233,17965,0,0,17965,0,0,0,0.0
349,1778070884.4525712,decode,228,1828801,0.937247309028534,1828573,228,3196.4428396108233,17965,0,0,17965,0,0,0,0.0
350,1778070884.4915977,decode,228,1829029,0.9373641573824328,1828801,228,3196.4428396108233,17965,0,0,17965,0,0,0,0.0
351,1778070884.530238,decode,228,1829257,0.9374810057363316,1829029,228,3196.4428396108233,17965,0,0,17965,0,0,0,0.0
352,1778070884.56922,decode,228,1829485,0.9375978540902306,1829257,228,3196.4428396108233,17965,0,0,17965,0,0,0,0.0
353,1778070884.6078098,decode,228,1829713,0.9377147024441294,1829485,228,3196.4428396108233,17965,0,0,17965,0,0,0,0.0
354,1778070884.6464972,decode,228,1829941,0.9378315507980282,1829713,228,3196.4428396108233,17965,0,0,17965,0,0,0,0.0
355,1778070884.6849732,decode,228,1830169,0.937948399151927,1829941,228,3196.4428396108233,17965,0,0,17965,0,0,0,0.0
356,1778070884.7239864,decode,228,1830397,0.9380652475058258,1830169,228,3196.4428396108233,17965,0,0,17965,0,0,0,0.0
357,1778070884.762917,decode,228,1830625,0.9381820958597246,1830397,228,4126.884315671925,17965,0,0,17965,0,0,0,0.0
358,1778070884.8015907,decode,228,1830853,0.9382989442136234,1830625,228,4126.884315671925,17965,0,0,17965,0,0,0,0.0
359,1778070884.840487,decode,228,1831081,0.9384157925675222,1830853,228,4126.884315671925,17965,0,0,17965,0,0,0,0.0
360,1778070884.8791828,decode,228,1831309,0.938532640921421,1831081,228,4126.884315671925,17965,0,0,17965,0,0,0,0.0
361,1778070884.9359567,decode,228,674187,0.345515970043772,1831309,228,4126.884315671925,17965,0,0,17965,0,0,0,0.0
362,1778070885.5392685,decode,228,1705919,0.8742711712048756,1831537,228,4126.884315671925,17965,0,0,17965,136,0,0,0.0
365,1778070885.6267595,decode,219,1826138,0.9358825407547071,1754138,219,4126.884315671925,17823,0,0,17823,9,0,0,0.0
367,1778070885.6937852,decode,228,1826594,0.9361162374625047,1826366,228,4126.884315671925,17814,0,0,17814,0,0,0,0.0
368,1778070885.732557,decode,228,1826822,0.9362330858164035,1826594,228,4126.884315671925,17814,0,0,17814,0,0,0,0.0
369,1778070885.771111,decode,228,1827050,0.9363499341703023,1826822,228,4126.884315671925,17814,0,0,17814,0,0,0,0.0
370,1778070885.8098412,decode,228,1827278,0.9364667825242012,1827050,228,4126.884315671925,17814,0,0,17814,0,0,0,0.0
371,1778070885.848656,decode,228,1827506,0.9365836308781,1827278,228,4126.884315671925,17814,0,0,17814,0,0,0,0.0
372,1778070885.8876224,decode,228,1827734,0.9367004792319988,1827506,228,4126.884315671925,17814,0,0,17814,0,0,0,0.0
373,1778070885.9265168,decode,228,1827962,0.9368173275858976,1827734,228,4126.884315671925,17814,0,0,17814,0,0,0,0.0
374,1778070885.9651182,decode,228,1828190,0.9369341759397964,1827962,228,4126.884315671925,17814,0,0,17814,0,0,0,0.0
375,1778070886.0036564,decode,228,1828418,0.9370510242936952,1828190,228,4126.884315671925,17814,0,0,17814,0,0,0,0.0
376,1778070886.0428638,decode,228,1828646,0.937167872647594,1828418,228,4126.884315671925,17814,0,0,17814,0,0,0,0.0
377,1778070886.0813053,decode,228,1828874,0.9372847210014928,1828646,228,4126.884315671925,17814,0,0,17814,0,0,0,0.0
378,1778070886.1198943,decode,228,1829102,0.9374015693553917,1828874,228,4126.884315671925,17814,0,0,17814,0,0,0,0.0
379,1778070886.1589046,decode,228,1829330,0.9375184177092906,1829102,228,4126.884315671925,17814,0,0,17814,0,0,0,0.0
380,1778070886.1976454,decode,228,1829558,0.9376352660631894,1829330,228,4126.884315671925,17814,0,0,17814,0,0,0,0.0
381,1778070886.2366333,decode,228,1829786,0.9377521144170882,1829558,228,4126.884315671925,17814,0,0,17814,0,0,0,0.0
382,1778070886.2749937,decode,228,1830014,0.937868962770987,1829786,228,4126.884315671925,17814,0,0,17814,0,0,0,0.0
383,1778070886.3142927,decode,228,1830242,0.9379858111248858,1830014,228,4126.884315671925,17814,0,0,17814,0,0,0,0.0
384,1778070886.3526564,decode,228,1830470,0.9381026594787846,1830242,228,4126.884315671925,17814,0,0,17814,0,0,0,0.0
385,1778070886.391603,decode,228,1830698,0.9382195078326834,1830470,228,4126.884315671925,17814,0,0,17814,0,0,0,0.0
386,1778070886.4305012,decode,228,1830926,0.9383363561865822,1830698,228,4126.884315671925,17814,0,0,17814,0,0,0,0.0
387,1778070886.4692552,decode,228,1831154,0.9384532045404811,1830926,228,4126.884315671925,17814,0,0,17814,0,0,0,0.0
388,1778070886.5096903,decode,228,1831382,0.9385700528943799,1831154,228,4126.884315671925,17814,0,0,17814,0,0,0,0.0
389,1778070886.5648232,decode,228,706335,0.36199158794350483,1831382,228,4126.884315671925,17814,0,0,17814,0,0,0,0.0
390,1778070887.1362553,decode,228,1657873,0.8496479430846018,1831610,228,4126.884315671925,17814,0,0,17814,132,0,0,0.0
393,1778070887.2313,decode,219,1826092,0.9358589660868153,1754092,219,4126.884315671925,17670,0,0,17670,9,0,0,0.0
395,1778070887.2981274,decode,228,1826548,0.9360926627946129,1826320,228,4126.884315671925,17661,0,0,17661,0,0,0,0.0
396,1778070887.336594,decode,228,1826776,0.9362095111485117,1826548,228,4126.884315671925,17661,0,0,17661,0,0,0,0.0
397,1778070887.3753538,decode,228,1827004,0.9363263595024105,1826776,228,4126.884315671925,17661,0,0,17661,0,0,0,0.0
398,1778070887.4142256,decode,228,1827232,0.9364432078563093,1827004,228,4126.884315671925,17661,0,0,17661,0,0,0,0.0
399,1778070887.4532018,decode,228,1827460,0.9365600562102081,1827232,228,4126.884315671925,17661,0,0,17661,0,0,0,0.0
400,1778070887.4918132,decode,228,1827688,0.9366769045641069,1827460,228,4126.884315671925,17661,0,0,17661,0,0,0,0.0
401,1778070887.5309603,decode,228,1827916,0.9367937529180058,1827688,228,4126.884315671925,17661,0,0,17661,0,0,0,0.0
402,1778070887.5693421,decode,228,1828144,0.9369106012719046,1827916,228,4126.884315671925,17661,0,0,17661,0,0,0,0.0
403,1778070887.6083674,decode,228,1828372,0.9370274496258034,1828144,228,3198.8027608175153,17661,0,0,17661,0,0,0,0.0
404,1778070887.6464412,decode,228,1828600,0.9371442979797022,1828372,228,3198.8027608175153,17661,0,0,17661,0,0,0,0.0
405,1778070887.6852357,decode,228,1828828,0.937261146333601,1828600,228,3198.8027608175153,17661,0,0,17661,0,0,0,0.0
406,1778070887.7243545,decode,228,1829056,0.9373779946874998,1828828,228,3198.8027608175153,17661,0,0,17661,0,0,0,0.0
407,1778070887.7629597,decode,228,1829284,0.9374948430413986,1829056,228,3198.8027608175153,17661,0,0,17661,0,0,0,0.0
408,1778070887.8017511,decode,228,1829512,0.9376116913952974,1829284,228,3198.8027608175153,17661,0,0,17661,0,0,0,0.0
409,1778070887.8409345,decode,228,1829740,0.9377285397491962,1829512,228,3198.8027608175153,17661,0,0,17661,0,0,0,0.0
410,1778070887.8794057,decode,228,1829968,0.9378453881030951,1829740,228,3198.8027608175153,17661,0,0,17661,0,0,0,0.0
411,1778070887.9183474,decode,228,1830196,0.937962236456994,1829968,228,3198.8027608175153,17661,0,0,17661,0,0,0,0.0
412,1778070887.9571319,decode,228,1830424,0.9380790848108927,1830196,228,3198.8027608175153,17661,0,0,17661,0,0,0,0.0
413,1778070887.9960663,decode,228,1830652,0.9381959331647916,1830424,228,3198.8027608175153,17661,0,0,17661,0,0,0,0.0
414,1778070888.034933,decode,228,1830880,0.9383127815186904,1830652,228,3198.8027608175153,17661,0,0,17661,0,0,0,0.0
415,1778070888.0737486,decode,228,1831108,0.9384296298725892,1830880,228,3198.8027608175153,17661,0,0,17661,0,0,0,0.0
416,1778070888.1122293,decode,228,1831336,0.938546478226488,1831108,228,3198.8027608175153,17661,0,0,17661,0,0,0,0.0
417,1778070888.1687877,decode,228,682164,0.34960412495188975,1831336,228,3198.8027608175153,17661,0,0,17661,0,0,0,0.0
418,1778070888.769196,decode,228,1705946,0.8742850085099426,1831564,228,3198.8027608175153,17661,0,0,17661,135,0,0,0.0
421,1778070888.8565063,decode,219,1826165,0.9358963780597741,1754165,219,3198.8027608175153,17520,0,0,17520,9,0,0,0.0
423,1778070888.923475,decode,228,1826621,0.9361300747675717,1826393,228,3198.8027608175153,17511,0,0,17511,0,0,0,0.0
424,1778070888.9622009,decode,228,1826849,0.9362469231214705,1826621,228,3198.8027608175153,17511,0,0,17511,0,0,0,0.0
425,1778070889.001044,decode,228,1827077,0.9363637714753693,1826849,228,3198.8027608175153,17511,0,0,17511,0,0,0,0.0
426,1778070889.0399265,decode,228,1827305,0.9364806198292681,1827077,228,3198.8027608175153,17511,0,0,17511,0,0,0,0.0
427,1778070889.07844,decode,228,1827533,0.9365974681831669,1827305,228,3198.8027608175153,17511,0,0,17511,0,0,0,0.0
428,1778070889.117062,decode,228,1827761,0.9367143165370658,1827533,228,3198.8027608175153,17511,0,0,17511,0,0,0,0.0
429,1778070889.1559503,decode,228,1827989,0.9368311648909646,1827761,228,3198.8027608175153,17511,0,0,17511,0,0,0,0.0
430,1778070889.1945753,decode,228,1828217,0.9369480132448634,1827989,228,3198.8027608175153,17511,0,0,17511,0,0,0,0.0
431,1778070889.233756,decode,228,1828445,0.9370648615987622,1828217,228,3198.8027608175153,17511,0,0,17511,0,0,0,0.0
432,1778070889.272313,decode,228,1828673,0.937181709952661,1828445,228,3198.8027608175153,17511,0,0,17511,0,0,0,0.0
433,1778070889.3112946,decode,228,1828901,0.9372985583065598,1828673,228,3198.8027608175153,17511,0,0,17511,0,0,0,0.0
434,1778070889.3497698,decode,228,1829129,0.9374154066604586,1828901,228,3198.8027608175153,17511,0,0,17511,0,0,0,0.0
435,1778070889.3886647,decode,228,1829357,0.9375322550143574,1829129,228,3198.8027608175153,17511,0,0,17511,0,0,0,0.0
436,1778070889.4272592,decode,228,1829585,0.9376491033682564,1829357,228,3198.8027608175153,17511,0,0,17511,0,0,0,0.0
437,1778070889.4663017,decode,228,1829813,0.9377659517221552,1829585,228,3198.8027608175153,17511,0,0,17511,0,0,0,0.0
438,1778070889.5048115,decode,228,1830041,0.937882800076054,1829813,228,3198.8027608175153,17511,0,0,17511,0,0,0,0.0
439,1778070889.543757,decode,228,1830269,0.9379996484299528,1830041,228,3198.8027608175153,17511,0,0,17511,0,0,0,0.0
440,1778070889.5825756,decode,228,1830497,0.9381164967838516,1830269,228,3198.8027608175153,17511,0,0,17511,0,0,0,0.0
441,1778070889.6214435,decode,228,1830725,0.9382333451377504,1830497,228,3198.8027608175153,17511,0,0,17511,0,0,0,0.0
442,1778070889.6605616,decode,228,1830953,0.9383501934916492,1830725,228,3198.8027608175153,17511,0,0,17511,0,0,0,0.0
443,1778070889.698913,decode,228,1831181,0.938467041845548,1830953,228,3198.8027608175153,17511,0,0,17511,0,0,0,0.0
444,1778070889.7377822,decode,228,1831409,0.9385838901994468,1831181,228,3198.8027608175153,17511,0,0,17511,0,0,0,0.0
445,1778070889.794404,decode,228,706287,0.36196698829005247,1831409,228,3198.8027608175153,17511,0,0,17511,0,0,0,0.0
446,1778070890.36413,decode,228,1706019,0.8743224204829014,1831637,228,3306.161458774723,17511,0,0,17511,132,0,0,0.0
449,1778070890.4515643,decode,220,1826239,0.9359343025255131,1762239,220,3306.161458774723,17372,0,0,17372,8,0,0,0.0
451,1778070890.5172455,decode,228,1826695,0.9361679992333108,1826467,228,3306.161458774723,17364,0,0,17364,0,0,0,0.0
452,1778070890.5560112,decode,228,1826923,0.9362848475872096,1826695,228,3306.161458774723,17364,0,0,17364,0,0,0,0.0
453,1778070890.595135,decode,228,1827151,0.9364016959411084,1826923,228,3306.161458774723,17364,0,0,17364,0,0,0,0.0
454,1778070890.6340938,decode,228,1827379,0.9365185442950072,1827151,228,3306.161458774723,17364,0,0,17364,0,0,0,0.0
455,1778070890.6727045,decode,228,1827607,0.936635392648906,1827379,228,3306.161458774723,17364,0,0,17364,0,0,0,0.0
456,1778070890.7112699,decode,228,1827835,0.9367522410028049,1827607,228,3306.161458774723,17364,0,0,17364,0,0,0,0.0
457,1778070890.7501554,decode,228,1828063,0.9368690893567037,1827835,228,3306.161458774723,17364,0,0,17364,0,0,0,0.0
458,1778070890.789074,decode,228,1828291,0.9369859377106025,1828063,228,3306.161458774723,17364,0,0,17364,0,0,0,0.0
459,1778070890.8275783,decode,228,1828519,0.9371027860645014,1828291,228,3306.161458774723,17364,0,0,17364,0,0,0,0.0
460,1778070890.8662899,decode,228,1828747,0.9372196344184002,1828519,228,3306.161458774723,17364,0,0,17364,0,0,0,0.0
461,1778070890.9050622,decode,228,1828975,0.937336482772299,1828747,228,3306.161458774723,17364,0,0,17364,0,0,0,0.0
462,1778070890.9437773,decode,228,1829203,0.9374533311261978,1828975,228,3306.161458774723,17364,0,0,17364,0,0,0,0.0
463,1778070890.9824736,decode,228,1829431,0.9375701794800966,1829203,228,3306.161458774723,17364,0,0,17364,0,0,0,0.0
464,1778070891.0215101,decode,228,1829659,0.9376870278339954,1829431,228,3306.161458774723,17364,0,0,17364,0,0,0,0.0
465,1778070891.0599525,decode,228,1829887,0.9378038761878942,1829659,228,3306.161458774723,17364,0,0,17364,0,0,0,0.0
466,1778070891.0987344,decode,228,1830115,0.937920724541793,1829887,228,3306.161458774723,17364,0,0,17364,0,0,0,0.0
467,1778070891.1375468,decode,228,1830343,0.9380375728956918,1830115,228,3306.161458774723,17364,0,0,17364,0,0,0,0.0
468,1778070891.1766498,decode,228,1830571,0.9381544212495907,1830343,228,3306.161458774723,17364,0,0,17364,0,0,0,0.0
469,1778070891.2152245,decode,228,1830799,0.9382712696034895,1830571,228,3306.161458774723,17364,0,0,17364,0,0,0,0.0
470,1778070891.253973,decode,228,1831027,0.9383881179573883,1830799,228,3306.161458774723,17364,0,0,17364,0,0,0,0.0
471,1778070891.293029,decode,228,1831255,0.9385049663112871,1831027,228,3306.161458774723,17364,0,0,17364,0,0,0,0.0
472,1778070891.331725,decode,228,1831483,0.9386218146651859,1831255,228,3306.161458774723,17364,0,0,17364,0,0,0,0.0
473,1778070891.3886418,decode,228,650161,0.3332028185052943,1831483,228,3306.161458774723,17364,0,0,17364,0,0,0,0.0
474,1778070892.018367,decode,228,1665723,0.8536710114096268,1831711,228,3306.161458774723,17364,0,0,17364,139,0,0,0.0
477,1778070892.112233,decode,219,1833942,0.9398820344118403,1753942,219,3306.161458774723,17214,0,0,17214,10,0,0,0.0
479,1778070892.1784854,decode,229,1834400,0.9401167561051984,1834171,229,3306.161458774723,17204,0,0,17204,0,0,0,0.0
480,1778070892.2173405,decode,229,1834629,0.9402341169518774,1834400,229,3306.161458774723,17204,0,0,17204,0,0,0,0.0
481,1778070892.2559257,decode,229,1834858,0.9403514777985565,1834629,229,3306.161458774723,17204,0,0,17204,0,0,0,0.0
482,1778070892.2953901,decode,229,1835087,0.9404688386452356,1834858,229,3306.161458774723,17204,0,0,17204,0,0,0,0.0
483,1778070892.3340013,decode,229,1835316,0.9405861994919147,1835087,229,3306.161458774723,17204,0,0,17204,0,0,0,0.0
484,1778070892.373145,decode,229,1835545,0.9407035603385937,1835316,229,3306.161458774723,17204,0,0,17204,0,0,0,0.0
485,1778070892.4115448,decode,229,1835774,0.9408209211852728,1835545,229,3306.161458774723,17204,0,0,17204,0,0,0,0.0
486,1778070892.4507473,decode,229,1836003,0.9409382820319518,1835774,229,3306.161458774723,17204,0,0,17204,0,0,0,0.0
487,1778070892.4891906,decode,229,1836232,0.941055642878631,1836003,229,3306.161458774723,17204,0,0,17204,0,0,0,0.0
488,1778070892.5279973,decode,229,1836461,0.94117300372531,1836232,229,3306.161458774723,17204,0,0,17204,0,0,0,0.0
489,1778070892.5667596,decode,229,1836690,0.9412903645719891,1836461,229,3306.161458774723,17204,0,0,17204,0,0,0,0.0
490,1778070892.6056297,decode,229,1836919,0.9414077254186681,1836690,229,3306.161458774723,17204,0,0,17204,0,0,0,0.0
491,1778070892.644701,decode,229,1837148,0.9415250862653473,1836919,229,3306.161458774723,17204,0,0,17204,0,0,0,0.0
492,1778070892.683308,decode,229,1837377,0.9416424471120263,1837148,229,3931.1274135781928,17204,0,0,17204,0,0,0,0.0
493,1778070892.7220674,decode,229,1837606,0.9417598079587054,1837377,229,3931.1274135781928,17204,0,0,17204,0,0,0,0.0
494,1778070892.7606807,decode,229,1837835,0.9418771688053844,1837606,229,3931.1274135781928,17204,0,0,17204,0,0,0,0.0
495,1778070892.7997835,decode,229,1838064,0.9419945296520635,1837835,229,3931.1274135781928,17204,0,0,17204,0,0,0,0.0
496,1778070892.8386502,decode,229,1838293,0.9421118904987426,1838064,229,3931.1274135781928,17204,0,0,17204,0,0,0,0.0
497,1778070892.8774889,decode,229,1838522,0.9422292513454217,1838293,229,3931.1274135781928,17204,0,0,17204,0,0,0,0.0
498,1778070892.9160728,decode,229,1838751,0.9423466121921007,1838522,229,3931.1274135781928,17204,0,0,17204,0,0,0,0.0
499,1778070892.9553065,decode,229,1838980,0.9424639730387798,1838751,229,3931.1274135781928,17204,0,0,17204,0,0,0,0.0
500,1778070892.994134,decode,229,1839209,0.9425813338854588,1838980,229,3931.1274135781928,17204,0,0,17204,0,0,0,0.0
501,1778070893.0504432,decode,229,698213,0.3578291215822497,1839209,229,3931.1274135781928,17204,0,0,17204,0,0,0,0.0
502,1778070893.6310115,decode,229,1705995,0.8743101206561753,1839438,229,3931.1274135781928,17204,0,0,17204,133,0,0,0.0
505,1778070893.7182965,decode,220,1826215,0.935922002698787,1762215,220,3931.1274135781928,17064,0,0,17064,8,0,0,0.0
507,1778070893.783546,decode,228,1826671,0.9361556994065846,1826443,228,3931.1274135781928,17056,0,0,17056,0,0,0,0.0
508,1778070893.8222513,decode,228,1826899,0.9362725477604834,1826671,228,3931.1274135781928,17056,0,0,17056,0,0,0,0.0
509,1778070893.8611274,decode,228,1827127,0.9363893961143822,1826899,228,3931.1274135781928,17056,0,0,17056,0,0,0,0.0
510,1778070893.900194,decode,228,1827355,0.936506244468281,1827127,228,3931.1274135781928,17056,0,0,17056,0,0,0,0.0
511,1778070893.9385092,decode,228,1827583,0.9366230928221798,1827355,228,3931.1274135781928,17056,0,0,17056,0,0,0,0.0
512,1778070893.9773808,decode,228,1827811,0.9367399411760787,1827583,228,3931.1274135781928,17056,0,0,17056,0,0,0,0.0
513,1778070894.016008,decode,228,1828039,0.9368567895299775,1827811,228,3931.1274135781928,17056,0,0,17056,0,0,0,0.0
514,1778070894.0546663,decode,228,1828267,0.9369736378838763,1828039,228,3931.1274135781928,17056,0,0,17056,0,0,0,0.0
515,1778070894.0934935,decode,228,1828495,0.9370904862377751,1828267,228,3931.1274135781928,17056,0,0,17056,0,0,0,0.0
516,1778070894.1322746,decode,228,1828723,0.9372073345916739,1828495,228,3931.1274135781928,17056,0,0,17056,0,0,0,0.0
517,1778070894.1711526,decode,228,1828951,0.9373241829455727,1828723,228,3931.1274135781928,17056,0,0,17056,0,0,0,0.0
518,1778070894.2100472,decode,228,1829179,0.9374410312994715,1828951,228,3931.1274135781928,17056,0,0,17056,0,0,0,0.0
519,1778070894.2486777,decode,228,1829407,0.9375578796533703,1829179,228,3931.1274135781928,17056,0,0,17056,0,0,0,0.0
520,1778070894.2875674,decode,228,1829635,0.9376747280072691,1829407,228,3931.1274135781928,17056,0,0,17056,0,0,0,0.0
521,1778070894.326079,decode,228,1829863,0.9377915763611681,1829635,228,3931.1274135781928,17056,0,0,17056,0,0,0,0.0
522,1778070894.3650033,decode,228,1830091,0.9379084247150669,1829863,228,3931.1274135781928,17056,0,0,17056,0,0,0,0.0
523,1778070894.4037304,decode,228,1830319,0.9380252730689657,1830091,228,3931.1274135781928,17056,0,0,17056,0,0,0,0.0
524,1778070894.442843,decode,228,1830547,0.9381421214228645,1830319,228,3931.1274135781928,17056,0,0,17056,0,0,0,0.0
525,1778070894.4813092,decode,228,1830775,0.9382589697767633,1830547,228,3931.1274135781928,17056,0,0,17056,0,0,0,0.0
526,1778070894.5201955,decode,228,1831003,0.9383758181306621,1830775,228,3931.1274135781928,17056,0,0,17056,0,0,0,0.0
527,1778070894.5590224,decode,228,1831231,0.9384926664845609,1831003,228,3931.1274135781928,17056,0,0,17056,0,0,0,0.0
528,1778070894.5974302,decode,228,1831459,0.9386095148384597,1831231,228,3931.1274135781928,17056,0,0,17056,0,0,0,0.0
529,1778070894.653498,decode,228,738412,0.37843081885583935,1831459,228,3931.1274135781928,17056,0,0,17056,0,0,0,0.0
530,1778070895.1967332,decode,228,1682047,0.8620369435545576,1831687,228,3931.1274135781928,17056,0,0,17056,128,0,0,0.0
533,1778070895.2864833,decode,220,1826267,0.9359486523233604,1762267,220,3931.1274135781928,16918,0,0,16918,8,0,0,0.0
535,1778070895.3517985,decode,228,1826723,0.936182349031158,1826495,228,3931.1274135781928,16910,0,0,16910,0,0,0,0.0
536,1778070895.3906596,decode,228,1826951,0.9362991973850568,1826723,228,3931.1274135781928,16910,0,0,16910,0,0,0,0.0
537,1778070895.4292765,decode,228,1827179,0.9364160457389556,1826951,228,3931.1274135781928,16910,0,0,16910,0,0,0,0.0
538,1778070895.468163,decode,228,1827407,0.9365328940928545,1827179,228,3272.707459200143,16910,0,0,16910,0,0,0,0.0
539,1778070895.5067391,decode,228,1827635,0.9366497424467533,1827407,228,3272.707459200143,16910,0,0,16910,0,0,0,0.0
540,1778070895.545316,decode,228,1827863,0.936766590800652,1827635,228,3272.707459200143,16910,0,0,16910,0,0,0,0.0
541,1778070895.5841517,decode,228,1828091,0.9368834391545509,1827863,228,3272.707459200143,16910,0,0,16910,0,0,0,0.0
542,1778070895.6227283,decode,228,1828319,0.9370002875084498,1828091,228,3272.707459200143,16910,0,0,16910,0,0,0,0.0
543,1778070895.661732,decode,228,1828547,0.9371171358623486,1828319,228,3272.707459200143,16910,0,0,16910,0,0,0,0.0
544,1778070895.700525,decode,228,1828775,0.9372339842162474,1828547,228,3272.707459200143,16910,0,0,16910,0,0,0,0.0
545,1778070895.7392116,decode,228,1829003,0.9373508325701462,1828775,228,3272.707459200143,16910,0,0,16910,0,0,0,0.0
546,1778070895.7780442,decode,228,1829231,0.937467680924045,1829003,228,3272.707459200143,16910,0,0,16910,0,0,0,0.0
547,1778070895.816901,decode,228,1829459,0.9375845292779438,1829231,228,3272.707459200143,16910,0,0,16910,0,0,0,0.0
548,1778070895.8556912,decode,228,1829687,0.9377013776318426,1829459,228,3272.707459200143,16910,0,0,16910,0,0,0,0.0
549,1778070895.8946757,decode,228,1829915,0.9378182259857414,1829687,228,3272.707459200143,16910,0,0,16910,0,0,0,0.0
550,1778070895.9333773,decode,228,1830143,0.9379350743396403,1829915,228,3272.707459200143,16910,0,0,16910,0,0,0,0.0
551,1778070895.9722676,decode,228,1830371,0.9380519226935391,1830143,228,3272.707459200143,16910,0,0,16910,0,0,0,0.0
552,1778070896.0106895,decode,228,1830599,0.9381687710474379,1830371,228,3272.707459200143,16910,0,0,16910,0,0,0,0.0
553,1778070896.049801,decode,228,1830827,0.9382856194013367,1830599,228,3272.707459200143,16910,0,0,16910,0,0,0,0.0
554,1778070896.0885503,decode,228,1831055,0.9384024677552355,1830827,228,3272.707459200143,16910,0,0,16910,0,0,0,0.0
555,1778070896.1273792,decode,228,1831283,0.9385193161091343,1831055,228,3272.707459200143,16910,0,0,16910,0,0,0,0.0
556,1778070896.1660547,decode,228,1831511,0.9386361644630331,1831283,228,3272.707459200143,16910,0,0,16910,0,0,0,0.0
557,1778070896.223354,decode,228,585889,0.3002638825325548,1831511,228,3272.707459200143,16910,0,0,16910,0,0,0,0.0
558,1778070896.9059205,decode,228,1689622,0.8659190763650118,1831739,228,3272.707459200143,16910,0,0,16910,146,0,0,0.0
561,1778070896.9943423,decode,219,1833841,0.9398302726410341,1753841,219,3272.707459200143,16756,0,0,16756,10,0,0,0.0
563,1778070897.0606816,decode,229,1834299,0.9400649943343923,1834070,229,3272.707459200143,16746,0,0,16746,0,0,0,0.0
564,1778070897.0998635,decode,229,1834528,0.9401823551810714,1834299,229,3272.707459200143,16746,0,0,16746,0,0,0,0.0
565,1778070897.1382551,decode,229,1834757,0.9402997160277504,1834528,229,3272.707459200143,16746,0,0,16746,0,0,0,0.0
566,1778070897.177106,decode,229,1834986,0.9404170768744295,1834757,229,3272.707459200143,16746,0,0,16746,0,0,0,0.0
567,1778070897.215933,decode,229,1835215,0.9405344377211086,1834986,229,3272.707459200143,16746,0,0,16746,0,0,0,0.0
568,1778070897.254607,decode,229,1835444,0.9406517985677877,1835215,229,3272.707459200143,16746,0,0,16746,0,0,0,0.0
569,1778070897.2937956,decode,229,1835673,0.9407691594144667,1835444,229,3272.707459200143,16746,0,0,16746,0,0,0,0.0
570,1778070897.3324318,decode,229,1835902,0.9408865202611458,1835673,229,3272.707459200143,16746,0,0,16746,0,0,0,0.0
571,1778070897.3713648,decode,229,1836131,0.9410038811078248,1835902,229,3272.707459200143,16746,0,0,16746,0,0,0,0.0
572,1778070897.409899,decode,229,1836360,0.941121241954504,1836131,229,3272.707459200143,16746,0,0,16746,0,0,0,0.0
573,1778070897.4490848,decode,229,1836589,0.941238602801183,1836360,229,3272.707459200143,16746,0,0,16746,0,0,0,0.0
574,1778070897.487927,decode,229,1836818,0.9413559636478621,1836589,229,3272.707459200143,16746,0,0,16746,0,0,0,0.0
575,1778070897.5266275,decode,229,1837047,0.9414733244945411,1836818,229,3272.707459200143,16746,0,0,16746,0,0,0,0.0
576,1778070897.5654283,decode,229,1837276,0.9415906853412203,1837047,229,3272.707459200143,16746,0,0,16746,0,0,0,0.0
577,1778070897.6041303,decode,229,1837505,0.9417080461878993,1837276,229,3272.707459200143,16746,0,0,16746,0,0,0,0.0
578,1778070897.6432035,decode,229,1837734,0.9418254070345784,1837505,229,3272.707459200143,16746,0,0,16746,0,0,0,0.0
579,1778070897.6818929,decode,229,1837963,0.9419427678812575,1837734,229,3272.707459200143,16746,0,0,16746,0,0,0,0.0
580,1778070897.7208512,decode,229,1838192,0.9420601287279365,1837963,229,3272.707459200143,16746,0,0,16746,0,0,0,0.0
581,1778070897.7599783,decode,229,1838421,0.9421774895746157,1838192,229,3983.746074454295,16746,0,0,16746,0,0,0,0.0
582,1778070897.7983608,decode,229,1838650,0.9422948504212947,1838421,229,3983.746074454295,16746,0,0,16746,0,0,0,0.0
583,1778070897.8374722,decode,229,1838879,0.9424122112679738,1838650,229,3983.746074454295,16746,0,0,16746,0,0,0,0.0
584,1778070897.8761597,decode,229,1839108,0.9425295721146528,1838879,229,3983.746074454295,16746,0,0,16746,0,0,0,0.0
585,1778070897.932802,decode,229,706262,0.361954175970546,1839108,229,3983.746074454295,16746,0,0,16746,0,0,0,0.0
586,1778070898.50519,decode,229,1706019,0.8743224204829014,1839337,229,3983.746074454295,16746,0,0,16746,132,0,0,0.0
589,1778070898.5914307,decode,220,1826239,0.9359343025255131,1762239,220,3983.746074454295,16607,0,0,16607,8,0,0,0.0
591,1778070898.6565127,decode,228,1826695,0.9361679992333108,1826467,228,3983.746074454295,16599,0,0,16599,0,0,0,0.0
592,1778070898.6951933,decode,228,1826923,0.9362848475872096,1826695,228,3983.746074454295,16599,0,0,16599,0,0,0,0.0
593,1778070898.7361305,decode,228,1827151,0.9364016959411084,1826923,228,3983.746074454295,16599,0,0,16599,0,0,0,0.0
594,1778070898.7730057,decode,228,1827379,0.9365185442950072,1827151,228,3983.746074454295,16599,0,0,16599,0,0,0,0.0
595,1778070898.8118594,decode,228,1827607,0.936635392648906,1827379,228,3983.746074454295,16599,0,0,16599,0,0,0,0.0
596,1778070898.84991,decode,228,1827835,0.9367522410028049,1827607,228,3983.746074454295,16599,0,0,16599,0,0,0,0.0
597,1778070898.888761,decode,228,1828063,0.9368690893567037,1827835,228,3983.746074454295,16599,0,0,16599,0,0,0,0.0
598,1778070898.9275033,decode,228,1828291,0.9369859377106025,1828063,228,3983.746074454295,16599,0,0,16599,0,0,0,0.0
599,1778070898.9665296,decode,228,1828519,0.9371027860645014,1828291,228,3983.746074454295,16599,0,0,16599,0,0,0,0.0
600,1778070899.0052388,decode,228,1828747,0.9372196344184002,1828519,228,3983.746074454295,16599,0,0,16599,0,0,0,0.0
601,1778070899.0438592,decode,228,1828975,0.937336482772299,1828747,228,3983.746074454295,16599,0,0,16599,0,0,0,0.0
602,1778070899.0827448,decode,228,1829203,0.9374533311261978,1828975,228,3983.746074454295,16599,0,0,16599,0,0,0,0.0
603,1778070899.1213696,decode,228,1829431,0.9375701794800966,1829203,228,3983.746074454295,16599,0,0,16599,0,0,0,0.0
604,1778070899.1602483,decode,228,1829659,0.9376870278339954,1829431,228,3983.746074454295,16599,0,0,16599,0,0,0,0.0
605,1778070899.198832,decode,228,1829887,0.9378038761878942,1829659,228,3983.746074454295,16599,0,0,16599,0,0,0,0.0
606,1778070899.237786,decode,228,1830115,0.937920724541793,1829887,228,3983.746074454295,16599,0,0,16599,0,0,0,0.0
607,1778070899.2769732,decode,228,1830343,0.9380375728956918,1830115,228,3983.746074454295,16599,0,0,16599,0,0,0,0.0
608,1778070899.3153992,decode,228,1830571,0.9381544212495907,1830343,228,3983.746074454295,16599,0,0,16599,0,0,0,0.0
609,1778070899.3541582,decode,228,1830799,0.9382712696034895,1830571,228,3983.746074454295,16599,0,0,16599,0,0,0,0.0
610,1778070899.3933778,decode,228,1831027,0.9383881179573883,1830799,228,3983.746074454295,16599,0,0,16599,0,0,0,0.0
611,1778070899.4321024,decode,228,1831255,0.9385049663112871,1831027,228,3983.746074454295,16599,0,0,16599,0,0,0,0.0
612,1778070899.470712,decode,228,1831483,0.9386218146651859,1831255,228,3983.746074454295,16599,0,0,16599,0,0,0,0.0
613,1778070899.526814,decode,228,690286,0.35376659131314486,1831483,228,3983.746074454295,16599,0,0,16599,0,0,0,0.0
614,1778070900.1123593,decode,228,1681896,0.8619595571447387,1831711,228,3983.746074454295,16599,0,0,16599,134,0,0,0.0
617,1778070900.1997583,decode,219,1826115,0.9358707534207612,1754115,219,3983.746074454295,16456,0,0,16456,9,0,0,0.0
619,1778070900.2640588,decode,228,1826571,0.9361044501285588,1826343,228,3983.746074454295,16447,0,0,16447,0,0,0,0.0
620,1778070900.3033743,decode,228,1826799,0.9362212984824576,1826571,228,3983.746074454295,16447,0,0,16447,0,0,0,0.0
621,1778070900.3418808,decode,228,1827027,0.9363381468363564,1826799,228,3983.746074454295,16447,0,0,16447,0,0,0,0.0
622,1778070900.3808997,decode,228,1827255,0.9364549951902552,1827027,228,3983.746074454295,16447,0,0,16447,0,0,0,0.0
623,1778070900.419604,decode,228,1827483,0.9365718435441541,1827255,228,3983.746074454295,16447,0,0,16447,0,0,0,0.0
624,1778070900.4581385,decode,228,1827711,0.9366886918980529,1827483,228,3983.746074454295,16447,0,0,16447,0,0,0,0.0
625,1778070900.4968479,decode,228,1827939,0.9368055402519517,1827711,228,3983.746074454295,16447,0,0,16447,0,0,0,0.0
626,1778070900.5354354,decode,228,1828167,0.9369223886058505,1827939,228,3983.746074454295,16447,0,0,16447,0,0,0,0.0
627,1778070900.574428,decode,228,1828395,0.9370392369597493,1828167,228,3236.157608455316,16447,0,0,16447,0,0,0,0.0
628,1778070900.6132624,decode,228,1828623,0.9371560853136481,1828395,228,3236.157608455316,16447,0,0,16447,0,0,0,0.0
629,1778070900.6516626,decode,228,1828851,0.9372729336675469,1828623,228,3236.157608455316,16447,0,0,16447,0,0,0,0.0
630,1778070900.6905444,decode,228,1829079,0.9373897820214457,1828851,228,3236.157608455316,16447,0,0,16447,0,0,0,0.0
631,1778070900.729793,decode,228,1829307,0.9375066303753445,1829079,228,3236.157608455316,16447,0,0,16447,0,0,0,0.0
632,1778070900.7684124,decode,228,1829535,0.9376234787292435,1829307,228,3236.157608455316,16447,0,0,16447,0,0,0,0.0
633,1778070900.807118,decode,228,1829763,0.9377403270831423,1829535,228,3236.157608455316,16447,0,0,16447,0,0,0,0.0
634,1778070900.846077,decode,228,1829991,0.9378571754370411,1829763,228,3236.157608455316,16447,0,0,16447,0,0,0,0.0
635,1778070900.8844416,decode,228,1830219,0.9379740237909399,1829991,228,3236.157608455316,16447,0,0,16447,0,0,0,0.0
636,1778070900.9234715,decode,228,1830447,0.9380908721448387,1830219,228,3236.157608455316,16447,0,0,16447,0,0,0,0.0
637,1778070900.9620492,decode,228,1830675,0.9382077204987375,1830447,228,3236.157608455316,16447,0,0,16447,0,0,0,0.0
638,1778070901.0007513,decode,228,1830903,0.9383245688526363,1830675,228,3236.157608455316,16447,0,0,16447,0,0,0,0.0
639,1778070901.0398107,decode,228,1831131,0.9384414172065351,1830903,228,3236.157608455316,16447,0,0,16447,0,0,0,0.0
640,1778070901.0783978,decode,228,1831359,0.9385582655604339,1831131,228,3236.157608455316,16447,0,0,16447,0,0,0,0.0
641,1778070901.1346166,decode,228,714312,0.3660797428516226,1831359,228,3236.157608455316,16447,0,0,16447,0,0,0,0.0
642,1778070901.7024517,decode,228,1698020,0.8702229907336181,1831587,228,3236.157608455316,16447,0,0,16447,131,0,0,0.0
645,1778070901.7896154,decode,220,1826240,0.9359348150182935,1762240,220,3236.157608455316,16308,0,0,16308,8,0,0,0.0
647,1778070901.8543339,decode,228,1826696,0.9361685117260911,1826468,228,3236.157608455316,16300,0,0,16300,0,0,0,0.0
648,1778070901.893356,decode,228,1826924,0.9362853600799899,1826696,228,3236.157608455316,16300,0,0,16300,0,0,0,0.0
649,1778070901.9319692,decode,228,1827152,0.9364022084338887,1826924,228,3236.157608455316,16300,0,0,16300,0,0,0,0.0
650,1778070901.970825,decode,228,1827380,0.9365190567877875,1827152,228,3236.157608455316,16300,0,0,16300,0,0,0,0.0
651,1778070902.0094516,decode,228,1827608,0.9366359051416863,1827380,228,3236.157608455316,16300,0,0,16300,0,0,0,0.0
652,1778070902.0486257,decode,228,1827836,0.9367527534955852,1827608,228,3236.157608455316,16300,0,0,16300,0,0,0,0.0
653,1778070902.087031,decode,228,1828064,0.936869601849484,1827836,228,3236.157608455316,16300,0,0,16300,0,0,0,0.0
654,1778070902.125983,decode,228,1828292,0.9369864502033828,1828064,228,3236.157608455316,16300,0,0,16300,0,0,0,0.0
655,1778070902.1645453,decode,228,1828520,0.9371032985572816,1828292,228,3236.157608455316,16300,0,0,16300,0,0,0,0.0
656,1778070902.2033634,decode,228,1828748,0.9372201469111804,1828520,228,3236.157608455316,16300,0,0,16300,0,0,0,0.0
657,1778070902.2423801,decode,228,1828976,0.9373369952650792,1828748,228,3236.157608455316,16300,0,0,16300,0,0,0,0.0
658,1778070902.2809541,decode,228,1829204,0.937453843618978,1828976,228,3236.157608455316,16300,0,0,16300,0,0,0,0.0
659,1778070902.3197546,decode,228,1829432,0.9375706919728768,1829204,228,3236.157608455316,16300,0,0,16300,0,0,0,0.0
660,1778070902.358477,decode,228,1829660,0.9376875403267756,1829432,228,3236.157608455316,16300,0,0,16300,0,0,0,0.0
661,1778070902.3970933,decode,228,1829888,0.9378043886806745,1829660,228,3236.157608455316,16300,0,0,16300,0,0,0,0.0
662,1778070902.4363515,decode,228,1830116,0.9379212370345733,1829888,228,3236.157608455316,16300,0,0,16300,0,0,0,0.0
663,1778070902.4747458,decode,228,1830344,0.9380380853884721,1830116,228,3236.157608455316,16300,0,0,16300,0,0,0,0.0
664,1778070902.5136998,decode,228,1830572,0.9381549337423709,1830344,228,3236.157608455316,16300,0,0,16300,0,0,0,0.0
665,1778070902.5522547,decode,228,1830800,0.9382717820962697,1830572,228,3236.157608455316,16300,0,0,16300,0,0,0,0.0
666,1778070902.5912516,decode,228,1831028,0.9383886304501685,1830800,228,3236.157608455316,16300,0,0,16300,0,0,0,0.0
667,1778070902.6296966,decode,228,1831256,0.9385054788040673,1831028,228,3236.157608455316,16300,0,0,16300,0,0,0,0.0
668,1778070902.6687806,decode,228,1831484,0.9386223271579661,1831256,228,3236.157608455316,16300,0,0,16300,0,0,0,0.0
669,1778070902.729144,decode,228,618037,0.31673950043228766,1831484,228,3236.157608455316,16300,0,0,16300,0,0,0,0.0
670,1778070903.3826046,decode,228,1681696,0.8618570585886871,1831712,228,3244.8139984798822,16300,0,0,16300,142,0,0,0.0
673,1778070903.4701161,decode,219,1833915,0.9398681971067733,1753915,219,3244.8139984798822,16149,0,0,16149,10,0,0,0.0
675,1778070903.534961,decode,229,1834373,0.9401029188001314,1834144,229,3244.8139984798822,16139,0,0,16139,0,0,0,0.0
676,1778070903.5736573,decode,229,1834602,0.9402202796468104,1834373,229,3244.8139984798822,16139,0,0,16139,0,0,0,0.0
677,1778070903.612374,decode,229,1834831,0.9403376404934896,1834602,229,3244.8139984798822,16139,0,0,16139,0,0,0,0.0
678,1778070903.6513746,decode,229,1835060,0.9404550013401686,1834831,229,3244.8139984798822,16139,0,0,16139,0,0,0,0.0
679,1778070903.6903765,decode,229,1835289,0.9405723621868477,1835060,229,3244.8139984798822,16139,0,0,16139,0,0,0,0.0
680,1778070903.728905,decode,229,1835518,0.9406897230335267,1835289,229,3244.8139984798822,16139,0,0,16139,0,0,0,0.0
681,1778070903.768006,decode,229,1835747,0.9408070838802058,1835518,229,3244.8139984798822,16139,0,0,16139,0,0,0,0.0
682,1778070903.8069155,decode,229,1835976,0.9409244447268849,1835747,229,3244.8139984798822,16139,0,0,16139,0,0,0,0.0
683,1778070903.8454053,decode,229,1836205,0.941041805573564,1835976,229,3244.8139984798822,16139,0,0,16139,0,0,0,0.0
684,1778070903.8843918,decode,229,1836434,0.9411591664202431,1836205,229,3244.8139984798822,16139,0,0,16139,0,0,0,0.0
685,1778070903.9232316,decode,229,1836663,0.9412765272669221,1836434,229,3244.8139984798822,16139,0,0,16139,0,0,0,0.0
686,1778070903.9620109,decode,229,1836892,0.9413938881136013,1836663,229,3244.8139984798822,16139,0,0,16139,0,0,0,0.0
687,1778070904.0005772,decode,229,1837121,0.9415112489602803,1836892,229,3244.8139984798822,16139,0,0,16139,0,0,0,0.0
688,1778070904.0399673,decode,229,1837350,0.9416286098069594,1837121,229,3244.8139984798822,16139,0,0,16139,0,0,0,0.0
689,1778070904.078394,decode,229,1837579,0.9417459706536384,1837350,229,3244.8139984798822,16139,0,0,16139,0,0,0,0.0
690,1778070904.1175513,decode,229,1837808,0.9418633315003175,1837579,229,3244.8139984798822,16139,0,0,16139,0,0,0,0.0
691,1778070904.1558285,decode,229,1838037,0.9419806923469966,1837808,229,3244.8139984798822,16139,0,0,16139,0,0,0,0.0
692,1778070904.1947486,decode,229,1838266,0.9420980531936757,1838037,229,3244.8139984798822,16139,0,0,16139,0,0,0,0.0
693,1778070904.2337894,decode,229,1838495,0.9422154140403547,1838266,229,3244.8139984798822,16139,0,0,16139,0,0,0,0.0
694,1778070904.2727768,decode,229,1838724,0.9423327748870338,1838495,229,3244.8139984798822,16139,0,0,16139,0,0,0,0.0
695,1778070904.3116488,decode,229,1838953,0.9424501357337128,1838724,229,3244.8139984798822,16139,0,0,16139,0,0,0,0.0
696,1778070904.350549,decode,229,1839182,0.942567496580392,1838953,229,3244.8139984798822,16139,0,0,16139,0,0,0,0.0
697,1778070904.4085355,decode,229,682211,0.34962821211256184,1839182,229,3244.8139984798822,16139,0,0,16139,0,0,0,0.0
698,1778070905.009421,decode,229,1665823,0.8537222606876526,1839411,229,3244.8139984798822,16139,0,0,16139,135,0,0,0.0
701,1778070905.1008422,decode,219,1826042,0.9358333414478024,1754042,219,3244.8139984798822,15993,0,0,15993,9,0,0,0.0
703,1778070905.165535,decode,228,1826498,0.9360670381556,1826270,228,3244.8139984798822,15984,0,0,15984,0,0,0,0.0
704,1778070905.2042782,decode,228,1826726,0.9361838865094988,1826498,228,3244.8139984798822,15984,0,0,15984,0,0,0,0.0
705,1778070905.2427278,decode,228,1826954,0.9363007348633976,1826726,228,3244.8139984798822,15984,0,0,15984,0,0,0,0.0
706,1778070905.281653,decode,228,1827182,0.9364175832172964,1826954,228,3244.8139984798822,15984,0,0,15984,0,0,0,0.0
707,1778070905.320271,decode,228,1827410,0.9365344315711952,1827182,228,3244.8139984798822,15984,0,0,15984,0,0,0,0.0
708,1778070905.3590481,decode,228,1827638,0.936651279925094,1827410,228,3244.8139984798822,15984,0,0,15984,0,0,0,0.0
709,1778070905.3979485,decode,228,1827866,0.9367681282789929,1827638,228,3244.8139984798822,15984,0,0,15984,0,0,0,0.0
710,1778070905.4372847,decode,228,1828094,0.9368849766328917,1827866,228,3244.8139984798822,15984,0,0,15984,0,0,0,0.0
711,1778070905.4756215,decode,228,1828322,0.9370018249867905,1828094,228,3244.8139984798822,15984,0,0,15984,0,0,0,0.0
712,1778070905.5139372,decode,228,1828550,0.9371186733406893,1828322,228,3244.8139984798822,15984,0,0,15984,0,0,0,0.0
713,1778070905.5528975,decode,228,1828778,0.9372355216945881,1828550,228,3244.8139984798822,15984,0,0,15984,0,0,0,0.0
714,1778070905.5913749,decode,228,1829006,0.9373523700484869,1828778,228,3244.8139984798822,15984,0,0,15984,0,0,0,0.0
715,1778070905.630485,decode,228,1829234,0.9374692184023857,1829006,228,3244.8139984798822,15984,0,0,15984,0,0,0,0.0
716,1778070905.669193,decode,228,1829462,0.9375860667562845,1829234,228,3991.124770773097,15984,0,0,15984,0,0,0,0.0
717,1778070905.707827,decode,228,1829690,0.9377029151101833,1829462,228,3991.124770773097,15984,0,0,15984,0,0,0,0.0
718,1778070905.7465703,decode,228,1829918,0.9378197634640822,1829690,228,3991.124770773097,15984,0,0,15984,0,0,0,0.0
719,1778070905.785425,decode,228,1830146,0.937936611817981,1829918,228,3991.124770773097,15984,0,0,15984,0,0,0,0.0
720,1778070905.824095,decode,228,1830374,0.9380534601718798,1830146,228,3991.124770773097,15984,0,0,15984,0,0,0,0.0
721,1778070905.8630674,decode,228,1830602,0.9381703085257787,1830374,228,3991.124770773097,15984,0,0,15984,0,0,0,0.0
722,1778070905.9021482,decode,228,1830830,0.9382871568796775,1830602,228,3991.124770773097,15984,0,0,15984,0,0,0,0.0
723,1778070905.940521,decode,228,1831058,0.9384040052335763,1830830,228,3991.124770773097,15984,0,0,15984,0,0,0,0.0
724,1778070905.9796085,decode,228,1831286,0.9385208535874751,1831058,228,3991.124770773097,15984,0,0,15984,0,0,0,0.0
725,1778070906.0372925,decode,228,650064,0.33315310670560927,1831286,228,3991.124770773097,15984,0,0,15984,0,0,0,0.0
726,1778070906.6644971,decode,228,1713870,0.8783460013007067,1831514,228,3991.124770773097,15984,0,0,15984,139,0,0,0.0
729,1778070906.7462168,decode,219,1826089,0.9358574286084744,1754089,219,3991.124770773097,15840,0,0,15840,9,0,0,0.0
731,1778070906.8115792,decode,228,1826545,0.9360911253162721,1826317,228,3991.124770773097,15831,0,0,15831,0,0,0,0.0
732,1778070906.8512878,decode,228,1826773,0.936207973670171,1826545,228,3991.124770773097,15831,0,0,15831,0,0,0,0.0
733,1778070906.8891518,decode,228,1827001,0.9363248220240697,1826773,228,3991.124770773097,15831,0,0,15831,0,0,0,0.0
734,1778070906.9277325,decode,228,1827229,0.9364416703779685,1827001,228,3991.124770773097,15831,0,0,15831,0,0,0,0.0
735,1778070906.9665828,decode,228,1827457,0.9365585187318674,1827229,228,3991.124770773097,15831,0,0,15831,0,0,0,0.0
736,1778070907.0056438,decode,228,1827685,0.9366753670857662,1827457,228,3991.124770773097,15831,0,0,15831,0,0,0,0.0
737,1778070907.0444105,decode,228,1827913,0.936792215439665,1827685,228,3991.124770773097,15831,0,0,15831,0,0,0,0.0
738,1778070907.083048,decode,228,1828141,0.9369090637935638,1827913,228,3991.124770773097,15831,0,0,15831,0,0,0,0.0
739,1778070907.1217225,decode,228,1828369,0.9370259121474627,1828141,228,3991.124770773097,15831,0,0,15831,0,0,0,0.0
740,1778070907.1607122,decode,228,1828597,0.9371427605013615,1828369,228,3991.124770773097,15831,0,0,15831,0,0,0,0.0
741,1778070907.199158,decode,228,1828825,0.9372596088552603,1828597,228,3991.124770773097,15831,0,0,15831,0,0,0,0.0
742,1778070907.2387455,decode,228,1829053,0.9373764572091591,1828825,228,3991.124770773097,15831,0,0,15831,0,0,0,0.0
743,1778070907.2766507,decode,228,1829281,0.9374933055630579,1829053,228,3991.124770773097,15831,0,0,15831,0,0,0,0.0
744,1778070907.3155415,decode,228,1829509,0.9376101539169567,1829281,228,3991.124770773097,15831,0,0,15831,0,0,0,0.0
745,1778070907.3542426,decode,228,1829737,0.9377270022708555,1829509,228,3991.124770773097,15831,0,0,15831,0,0,0,0.0
746,1778070907.3930588,decode,228,1829965,0.9378438506247543,1829737,228,3991.124770773097,15831,0,0,15831,0,0,0,0.0
747,1778070907.4315708,decode,228,1830193,0.9379606989786531,1829965,228,3991.124770773097,15831,0,0,15831,0,0,0,0.0
748,1778070907.4705725,decode,228,1830421,0.938077547332552,1830193,228,3991.124770773097,15831,0,0,15831,0,0,0,0.0
749,1778070907.509204,decode,228,1830649,0.9381943956864508,1830421,228,3991.124770773097,15831,0,0,15831,0,0,0,0.0
750,1778070907.5484357,decode,228,1830877,0.9383112440403496,1830649,228,3991.124770773097,15831,0,0,15831,0,0,0,0.0
751,1778070907.5868747,decode,228,1831105,0.9384280923942484,1830877,228,3991.124770773097,15831,0,0,15831,0,0,0,0.0
752,1778070907.6255136,decode,228,1831333,0.9385449407481472,1831105,228,3991.124770773097,15831,0,0,15831,0,0,0,0.0
753,1778070907.6840656,decode,228,650136,0.33319000618578787,1831333,228,3991.124770773097,15831,0,0,15831,0,0,0,0.0
754,1778070908.3090084,decode,228,1681771,0.8618954955472065,1831561,228,3991.124770773097,15831,0,0,15831,139,0,0,0.0
757,1778070908.3955498,decode,219,1833990,0.9399066340652926,1753990,219,3991.124770773097,15683,0,0,15683,10,0,0,0.0
759,1778070908.4604368,decode,229,1834448,0.9401413557586508,1834219,229,3991.124770773097,15673,0,0,15673,0,0,0,0.0
760,1778070908.4990842,decode,229,1834677,0.9402587166053298,1834448,229,3991.124770773097,15673,0,0,15673,0,0,0,0.0
761,1778070908.5375774,decode,229,1834906,0.9403760774520089,1834677,229,3991.124770773097,15673,0,0,15673,0,0,0,0.0
762,1778070908.5781817,decode,229,1835135,0.9404934382986879,1834906,229,3130.321359792101,15673,0,0,15673,0,0,0,0.0
763,1778070908.6167858,decode,229,1835364,0.940610799145367,1835135,229,3130.321359792101,15673,0,0,15673,0,0,0,0.0
764,1778070908.6555922,decode,229,1835593,0.9407281599920461,1835364,229,3130.321359792101,15673,0,0,15673,0,0,0,0.0
765,1778070908.6945934,decode,229,1835822,0.9408455208387252,1835593,229,3130.321359792101,15673,0,0,15673,0,0,0,0.0
766,1778070908.7316842,decode,229,1836051,0.9409628816854042,1835822,229,3130.321359792101,15673,0,0,15673,0,0,0,0.0
767,1778070908.7703807,decode,229,1836280,0.9410802425320833,1836051,229,3130.321359792101,15673,0,0,15673,0,0,0,0.0
768,1778070908.8095806,decode,229,1836509,0.9411976033787623,1836280,229,3130.321359792101,15673,0,0,15673,0,0,0,0.0
769,1778070908.8479536,decode,229,1836738,0.9413149642254415,1836509,229,3130.321359792101,15673,0,0,15673,0,0,0,0.0
770,1778070908.8868601,decode,229,1836967,0.9414323250721206,1836738,229,3130.321359792101,15673,0,0,15673,0,0,0,0.0
771,1778070908.9257445,decode,229,1837196,0.9415496859187996,1836967,229,3130.321359792101,15673,0,0,15673,0,0,0,0.0
772,1778070908.9643419,decode,229,1837425,0.9416670467654787,1837196,229,3130.321359792101,15673,0,0,15673,0,0,0,0.0
773,1778070909.0032086,decode,229,1837654,0.9417844076121578,1837425,229,3130.321359792101,15673,0,0,15673,0,0,0,0.0
774,1778070909.0422246,decode,229,1837883,0.9419017684588369,1837654,229,3130.321359792101,15673,0,0,15673,0,0,0,0.0
775,1778070909.0817645,decode,229,1838112,0.9420191293055159,1837883,229,3130.321359792101,15673,0,0,15673,0,0,0,0.0
776,1778070909.1198251,decode,229,1838341,0.942136490152195,1838112,229,3130.321359792101,15673,0,0,15673,0,0,0,0.0
777,1778070909.1585274,decode,229,1838570,0.942253850998874,1838341,229,3130.321359792101,15673,0,0,15673,0,0,0,0.0
778,1778070909.1975276,decode,229,1838799,0.9423712118455532,1838570,229,3130.321359792101,15673,0,0,15673,0,0,0,0.0
779,1778070909.2364707,decode,229,1839028,0.9424885726922322,1838799,229,3130.321359792101,15673,0,0,15673,0,0,0,0.0
780,1778070909.2754562,decode,229,1839257,0.9426059335389113,1839028,229,3130.321359792101,15673,0,0,15673,0,0,0,0.0
781,1778070909.3316991,decode,229,706286,0.3619664757972722,1839257,229,3130.321359792101,15673,0,0,15673,0,0,0,0.0
782,1778070909.920004,decode,229,1673922,0.8578729397149618,1839486,229,3130.321359792101,15673,0,0,15673,132,0,0,0.0
785,1778070910.0070117,decode,219,1826141,0.9358840782330479,1754141,219,3130.321359792101,15531,0,0,15531,9,0,0,0.0
787,1778070910.0709126,decode,228,1826597,0.9361177749408455,1826369,228,3130.321359792101,15522,0,0,15522,0,0,0,0.0
788,1778070910.109851,decode,228,1826825,0.9362346232947444,1826597,228,3130.321359792101,15522,0,0,15522,0,0,0,0.0
789,1778070910.1482468,decode,228,1827053,0.9363514716486432,1826825,228,3130.321359792101,15522,0,0,15522,0,0,0,0.0
790,1778070910.1874871,decode,228,1827281,0.936468320002542,1827053,228,3130.321359792101,15522,0,0,15522,0,0,0,0.0
791,1778070910.2256544,decode,228,1827509,0.9365851683564408,1827281,228,3130.321359792101,15522,0,0,15522,0,0,0,0.0
792,1778070910.2645175,decode,228,1827737,0.9367020167103396,1827509,228,3130.321359792101,15522,0,0,15522,0,0,0,0.0
793,1778070910.303184,decode,228,1827965,0.9368188650642384,1827737,228,3130.321359792101,15522,0,0,15522,0,0,0,0.0
794,1778070910.3422186,decode,228,1828193,0.9369357134181372,1827965,228,3130.321359792101,15522,0,0,15522,0,0,0,0.0
795,1778070910.3807762,decode,228,1828421,0.937052561772036,1828193,228,3130.321359792101,15522,0,0,15522,0,0,0,0.0
796,1778070910.4196777,decode,228,1828649,0.9371694101259348,1828421,228,3130.321359792101,15522,0,0,15522,0,0,0,0.0
797,1778070910.4582226,decode,228,1828877,0.9372862584798337,1828649,228,3130.321359792101,15522,0,0,15522,0,0,0,0.0
798,1778070910.4972792,decode,228,1829105,0.9374031068337325,1828877,228,3130.321359792101,15522,0,0,15522,0,0,0,0.0
799,1778070910.536044,decode,228,1829333,0.9375199551876313,1829105,228,3130.321359792101,15522,0,0,15522,0,0,0,0.0
800,1778070910.574672,decode,228,1829561,0.9376368035415301,1829333,228,3130.321359792101,15522,0,0,15522,0,0,0,0.0
801,1778070910.6134648,decode,228,1829789,0.9377536518954289,1829561,228,3130.321359792101,15522,0,0,15522,0,0,0,0.0
802,1778070910.6522377,decode,228,1830017,0.9378705002493277,1829789,228,3130.321359792101,15522,0,0,15522,0,0,0,0.0
803,1778070910.6911259,decode,228,1830245,0.9379873486032265,1830017,228,3130.321359792101,15522,0,0,15522,0,0,0,0.0
804,1778070910.7301486,decode,228,1830473,0.9381041969571253,1830245,228,3130.321359792101,15522,0,0,15522,0,0,0,0.0
805,1778070910.7697732,decode,228,1830701,0.9382210453110241,1830473,228,4166.323176337147,15522,0,0,15522,0,0,0,0.0
806,1778070910.8073134,decode,228,1830929,0.938337893664923,1830701,228,4166.323176337147,15522,0,0,15522,0,0,0,0.0
807,1778070910.848349,decode,228,1831157,0.9384547420188218,1830929,228,4166.323176337147,15522,0,0,15522,0,0,0,0.0
808,1778070910.885231,decode,228,1831385,0.9385715903727206,1831157,228,4166.323176337147,15522,0,0,15522,0,0,0,0.0
809,1778070910.9405513,decode,228,746388,0.38251846127117684,1831385,228,4166.323176337147,15522,0,0,15522,0,0,0,0.0
810,1778070911.4805999,decode,228,1698121,0.8702747525044241,1831613,228,4166.323176337147,15522,0,0,15522,127,0,0,0.0
813,1778070911.565394,decode,220,1826341,0.9359865767890995,1762341,220,4166.323176337147,15387,0,0,15387,8,0,0,0.0
815,1778070911.6291916,decode,228,1826797,0.9362202734968971,1826569,228,4166.323176337147,15379,0,0,15379,0,0,0,0.0
816,1778070911.66731,decode,228,1827025,0.9363371218507959,1826797,228,4166.323176337147,15379,0,0,15379,0,0,0,0.0
817,1778070911.7064376,decode,228,1827253,0.9364539702046948,1827025,228,4166.323176337147,15379,0,0,15379,0,0,0,0.0
818,1778070911.7456098,decode,228,1827481,0.9365708185585936,1827253,228,4166.323176337147,15379,0,0,15379,0,0,0,0.0
819,1778070911.7832072,decode,228,1827709,0.9366876669124924,1827481,228,4166.323176337147,15379,0,0,15379,0,0,0,0.0
820,1778070911.8224225,decode,228,1827937,0.9368045152663912,1827709,228,4166.323176337147,15379,0,0,15379,0,0,0,0.0
821,1778070911.8608096,decode,228,1828165,0.93692136362029,1827937,228,4166.323176337147,15379,0,0,15379,0,0,0,0.0
822,1778070911.8994248,decode,228,1828393,0.9370382119741888,1828165,228,4166.323176337147,15379,0,0,15379,0,0,0,0.0
823,1778070911.938471,decode,228,1828621,0.9371550603280876,1828393,228,4166.323176337147,15379,0,0,15379,0,0,0,0.0
824,1778070911.9777079,decode,228,1828849,0.9372719086819864,1828621,228,4166.323176337147,15379,0,0,15379,0,0,0,0.0
825,1778070912.01588,decode,228,1829077,0.9373887570358853,1828849,228,4166.323176337147,15379,0,0,15379,0,0,0,0.0
826,1778070912.0546591,decode,228,1829305,0.9375056053897841,1829077,228,4166.323176337147,15379,0,0,15379,0,0,0,0.0
827,1778070912.0933366,decode,228,1829533,0.9376224537436829,1829305,228,4166.323176337147,15379,0,0,15379,0,0,0,0.0
828,1778070912.1319783,decode,228,1829761,0.9377393020975817,1829533,228,4166.323176337147,15379,0,0,15379,0,0,0,0.0
829,1778070912.1711483,decode,228,1829989,0.9378561504514805,1829761,228,4166.323176337147,15379,0,0,15379,0,0,0,0.0
830,1778070912.2097702,decode,228,1830217,0.9379729988053793,1829989,228,4166.323176337147,15379,0,0,15379,0,0,0,0.0
831,1778070912.2485487,decode,228,1830445,0.9380898471592781,1830217,228,4166.323176337147,15379,0,0,15379,0,0,0,0.0
832,1778070912.2875283,decode,228,1830673,0.9382066955131769,1830445,228,4166.323176337147,15379,0,0,15379,0,0,0,0.0
833,1778070912.3259308,decode,228,1830901,0.9383235438670757,1830673,228,4166.323176337147,15379,0,0,15379,0,0,0,0.0
834,1778070912.365004,decode,228,1831129,0.9384403922209746,1830901,228,4166.323176337147,15379,0,0,15379,0,0,0,0.0
835,1778070912.4036868,decode,228,1831357,0.9385572405748734,1831129,228,4166.323176337147,15379,0,0,15379,0,0,0,0.0
836,1778070912.4428134,decode,228,1831585,0.9386740889287722,1831357,228,4166.323176337147,15379,0,0,15379,0,0,0,0.0
837,1778070912.4997752,decode,228,577888,0.2961634277977109,1831585,228,4166.323176337147,15379,0,0,15379,0,0,0,0.0
838,1778070913.191582,decode,228,1697620,0.8700179936215149,1831813,228,4166.323176337147,15379,0,0,15379,147,0,0,0.0
841,1778070913.2744443,decode,219,1833839,0.9398292476554736,1753839,219,4166.323176337147,15225,0,0,15225,10,0,0,0.0
843,1778070913.3384945,decode,229,1834297,0.9400639693488319,1834068,229,4166.323176337147,15215,0,0,15215,0,0,0,0.0
844,1778070913.377218,decode,229,1834526,0.9401813301955109,1834297,229,4166.323176337147,15215,0,0,15215,0,0,0,0.0
845,1778070913.4169242,decode,229,1834755,0.94029869104219,1834526,229,4166.323176337147,15215,0,0,15215,0,0,0,0.0
846,1778070913.454895,decode,229,1834984,0.940416051888869,1834755,229,4166.323176337147,15215,0,0,15215,0,0,0,0.0
847,1778070913.4942224,decode,229,1835213,0.9405334127355481,1834984,229,4166.323176337147,15215,0,0,15215,0,0,0,0.0
848,1778070913.5324683,decode,229,1835442,0.9406507735822272,1835213,229,4166.323176337147,15215,0,0,15215,0,0,0,0.0
849,1778070913.5712447,decode,229,1835671,0.9407681344289063,1835442,229,4166.323176337147,15215,0,0,15215,0,0,0,0.0
850,1778070913.6102593,decode,229,1835900,0.9408854952755853,1835671,229,4166.323176337147,15215,0,0,15215,0,0,0,0.0
851,1778070913.6493046,decode,229,1836129,0.9410028561222644,1835900,229,3164.4032599040856,15215,0,0,15215,0,0,0,0.0
852,1778070913.6879935,decode,229,1836358,0.9411202169689434,1836129,229,3164.4032599040856,15215,0,0,15215,0,0,0,0.0
853,1778070913.7283425,decode,229,1836587,0.9412375778156226,1836358,229,3164.4032599040856,15215,0,0,15215,0,0,0,0.0
854,1778070913.7671764,decode,229,1836816,0.9413549386623016,1836587,229,3164.4032599040856,15215,0,0,15215,0,0,0,0.0
855,1778070913.8044717,decode,229,1837045,0.9414722995089807,1836816,229,3164.4032599040856,15215,0,0,15215,0,0,0,0.0
856,1778070913.843257,decode,229,1837274,0.9415896603556597,1837045,229,3164.4032599040856,15215,0,0,15215,0,0,0,0.0
857,1778070913.882611,decode,229,1837503,0.9417070212023388,1837274,229,3164.4032599040856,15215,0,0,15215,0,0,0,0.0
858,1778070913.9210746,decode,229,1837732,0.9418243820490179,1837503,229,3164.4032599040856,15215,0,0,15215,0,0,0,0.0
859,1778070913.959868,decode,229,1837961,0.941941742895697,1837732,229,3164.4032599040856,15215,0,0,15215,0,0,0,0.0
860,1778070913.9987712,decode,229,1838190,0.942059103742376,1837961,229,3164.4032599040856,15215,0,0,15215,0,0,0,0.0
861,1778070914.0383775,decode,229,1838419,0.9421764645890551,1838190,229,3164.4032599040856,15215,0,0,15215,0,0,0,0.0
862,1778070914.076256,decode,229,1838648,0.9422938254357341,1838419,229,3164.4032599040856,15215,0,0,15215,0,0,0,0.0
863,1778070914.115069,decode,229,1838877,0.9424111862824133,1838648,229,3164.4032599040856,15215,0,0,15215,0,0,0,0.0
864,1778070914.153944,decode,229,1839106,0.9425285471290923,1838877,229,3164.4032599040856,15215,0,0,15215,0,0,0,0.0
865,1778070914.2113392,decode,229,666185,0.34141500281614784,1839106,229,3164.4032599040856,15215,0,0,15215,0,0,0,0.0
866,1778070914.8257422,decode,229,1673796,0.8578083656246492,1839335,229,3164.4032599040856,15215,0,0,15215,137,0,0,0.0
869,1778070914.911071,decode,219,1826015,0.9358195041427354,1754015,219,3164.4032599040856,15068,0,0,15068,9,0,0,0.0
871,1778070914.9756908,decode,228,1826471,0.936053200850533,1826243,228,3164.4032599040856,15059,0,0,15059,0,0,0,0.0
872,1778070915.014269,decode,228,1826699,0.9361700492044318,1826471,228,3164.4032599040856,15059,0,0,15059,0,0,0,0.0
873,1778070915.0527809,decode,228,1826927,0.9362868975583306,1826699,228,3164.4032599040856,15059,0,0,15059,0,0,0,0.0
874,1778070915.0916631,decode,228,1827155,0.9364037459122294,1826927,228,3164.4032599040856,15059,0,0,15059,0,0,0,0.0
875,1778070915.1303787,decode,228,1827383,0.9365205942661283,1827155,228,3164.4032599040856,15059,0,0,15059,0,0,0,0.0
876,1778070915.1691294,decode,228,1827611,0.9366374426200271,1827383,228,3164.4032599040856,15059,0,0,15059,0,0,0,0.0
877,1778070915.2078698,decode,228,1827839,0.9367542909739259,1827611,228,3164.4032599040856,15059,0,0,15059,0,0,0,0.0
878,1778070915.2470343,decode,228,1828067,0.9368711393278247,1827839,228,3164.4032599040856,15059,0,0,15059,0,0,0,0.0
879,1778070915.2857647,decode,228,1828295,0.9369879876817235,1828067,228,3164.4032599040856,15059,0,0,15059,0,0,0,0.0
880,1778070915.324144,decode,228,1828523,0.9371048360356223,1828295,228,3164.4032599040856,15059,0,0,15059,0,0,0,0.0
881,1778070915.362933,decode,228,1828751,0.9372216843895211,1828523,228,3164.4032599040856,15059,0,0,15059,0,0,0,0.0
882,1778070915.4017994,decode,228,1828979,0.9373385327434199,1828751,228,3164.4032599040856,15059,0,0,15059,0,0,0,0.0
883,1778070915.4405103,decode,228,1829207,0.9374553810973187,1828979,228,3164.4032599040856,15059,0,0,15059,0,0,0,0.0
884,1778070915.4792876,decode,228,1829435,0.9375722294512177,1829207,228,3164.4032599040856,15059,0,0,15059,0,0,0,0.0
885,1778070915.518943,decode,228,1829663,0.9376890778051165,1829435,228,3164.4032599040856,15059,0,0,15059,0,0,0,0.0
886,1778070915.5571842,decode,228,1829891,0.9378059261590153,1829663,228,3164.4032599040856,15059,0,0,15059,0,0,0,0.0
887,1778070915.5956688,decode,228,1830119,0.9379227745129141,1829891,228,3164.4032599040856,15059,0,0,15059,0,0,0,0.0
888,1778070915.6346061,decode,228,1830347,0.9380396228668129,1830119,228,3164.4032599040856,15059,0,0,15059,0,0,0,0.0
889,1778070915.6731658,decode,228,1830575,0.9381564712207117,1830347,228,3164.4032599040856,15059,0,0,15059,0,0,0,0.0
890,1778070915.7120214,decode,228,1830803,0.9382733195746105,1830575,228,3164.4032599040856,15059,0,0,15059,0,0,0,0.0
891,1778070915.7506466,decode,228,1831031,0.9383901679285093,1830803,228,3164.4032599040856,15059,0,0,15059,0,0,0,0.0
892,1778070915.789651,decode,228,1831259,0.9385070162824081,1831031,228,3164.4032599040856,15059,0,0,15059,0,0,0,0.0
893,1778070915.846315,decode,228,674187,0.345515970043772,1831259,228,3164.4032599040856,15059,0,0,15059,0,0,0,0.0
894,1778070916.4509783,decode,228,1713943,0.8783834132736655,1831487,228,3257.334916274092,15059,0,0,15059,136,0,0,0.0
897,1778070916.5296576,decode,219,1826162,0.9358948405814334,1754162,219,3257.334916274092,14918,0,0,14918,9,0,0,0.0
899,1778070916.592777,decode,228,1826618,0.936128537289231,1826390,228,3257.334916274092,14909,0,0,14909,0,0,0,0.0
900,1778070916.631513,decode,228,1826846,0.9362453856431298,1826618,228,3257.334916274092,14909,0,0,14909,0,0,0,0.0
901,1778070916.6704853,decode,228,1827074,0.9363622339970286,1826846,228,3257.334916274092,14909,0,0,14909,0,0,0,0.0
902,1778070916.7092037,decode,228,1827302,0.9364790823509274,1827074,228,3257.334916274092,14909,0,0,14909,0,0,0,0.0
903,1778070916.7480013,decode,228,1827530,0.9365959307048262,1827302,228,3257.334916274092,14909,0,0,14909,0,0,0,0.0
904,1778070916.7868314,decode,228,1827758,0.936712779058725,1827530,228,3257.334916274092,14909,0,0,14909,0,0,0,0.0
905,1778070916.8256376,decode,228,1827986,0.9368296274126239,1827758,228,3257.334916274092,14909,0,0,14909,0,0,0,0.0
906,1778070916.8642485,decode,228,1828214,0.9369464757665227,1827986,228,3257.334916274092,14909,0,0,14909,0,0,0,0.0
907,1778070916.903008,decode,228,1828442,0.9370633241204215,1828214,228,3257.334916274092,14909,0,0,14909,0,0,0,0.0
908,1778070916.9433897,decode,228,1828670,0.9371801724743203,1828442,228,3257.334916274092,14909,0,0,14909,0,0,0,0.0
909,1778070916.9822671,decode,228,1828898,0.9372970208282191,1828670,228,3257.334916274092,14909,0,0,14909,0,0,0,0.0
910,1778070917.0211627,decode,228,1829126,0.9374138691821179,1828898,228,3257.334916274092,14909,0,0,14909,0,0,0,0.0
911,1778070917.0581753,decode,228,1829354,0.9375307175360167,1829126,228,3257.334916274092,14909,0,0,14909,0,0,0,0.0
912,1778070917.0971608,decode,228,1829582,0.9376475658899155,1829354,228,3257.334916274092,14909,0,0,14909,0,0,0,0.0
913,1778070917.1357613,decode,228,1829810,0.9377644142438143,1829582,228,3257.334916274092,14909,0,0,14909,0,0,0,0.0
914,1778070917.1747253,decode,228,1830038,0.9378812625977132,1829810,228,3257.334916274092,14909,0,0,14909,0,0,0,0.0
915,1778070917.213299,decode,228,1830266,0.937998110951612,1830038,228,3257.334916274092,14909,0,0,14909,0,0,0,0.0
916,1778070917.2521667,decode,228,1830494,0.9381149593055108,1830266,228,3257.334916274092,14909,0,0,14909,0,0,0,0.0
917,1778070917.2911248,decode,228,1830722,0.9382318076594096,1830494,228,3257.334916274092,14909,0,0,14909,0,0,0,0.0
918,1778070917.329708,decode,228,1830950,0.9383486560133084,1830722,228,3257.334916274092,14909,0,0,14909,0,0,0,0.0
919,1778070917.368344,decode,228,1831178,0.9384655043672072,1830950,228,3257.334916274092,14909,0,0,14909,0,0,0,0.0
920,1778070917.407609,decode,228,1831406,0.938582352721106,1831178,228,3257.334916274092,14909,0,0,14909,0,0,0,0.0
921,1778070917.463907,decode,228,698334,0.35789113320866095,1831406,228,3257.334916274092,14909,0,0,14909,0,0,0,0.0
922,1778070918.0470335,decode,228,1665871,0.8537468603411049,1831634,228,3257.334916274092,14909,0,0,14909,133,0,0,0.0
925,1778070918.1355126,decode,219,1826090,0.9358579411012548,1754090,219,3257.334916274092,14765,0,0,14765,9,0,0,0.0
927,1778070918.1982136,decode,228,1826546,0.9360916378090524,1826318,228,3257.334916274092,14756,0,0,14756,0,0,0,0.0
928,1778070918.2370925,decode,228,1826774,0.9362084861629512,1826546,228,3257.334916274092,14756,0,0,14756,0,0,0,0.0
929,1778070918.275786,decode,228,1827002,0.93632533451685,1826774,228,3257.334916274092,14756,0,0,14756,0,0,0,0.0
930,1778070918.3152287,decode,228,1827230,0.9364421828707488,1827002,228,3257.334916274092,14756,0,0,14756,0,0,0,0.0
931,1778070918.3532977,decode,228,1827458,0.9365590312246477,1827230,228,3257.334916274092,14756,0,0,14756,0,0,0,0.0
932,1778070918.392259,decode,228,1827686,0.9366758795785465,1827458,228,3257.334916274092,14756,0,0,14756,0,0,0,0.0
933,1778070918.4308784,decode,228,1827914,0.9367927279324453,1827686,228,3257.334916274092,14756,0,0,14756,0,0,0,0.0
934,1778070918.469491,decode,228,1828142,0.9369095762863441,1827914,228,3257.334916274092,14756,0,0,14756,0,0,0,0.0
935,1778070918.5085046,decode,228,1828370,0.9370264246402429,1828142,228,3257.334916274092,14756,0,0,14756,0,0,0,0.0
936,1778070918.5472622,decode,228,1828598,0.9371432729941417,1828370,228,3257.334916274092,14756,0,0,14756,0,0,0,0.0
937,1778070918.5859547,decode,228,1828826,0.9372601213480405,1828598,228,3257.334916274092,14756,0,0,14756,0,0,0,0.0
938,1778070918.624424,decode,228,1829054,0.9373769697019393,1828826,228,3257.334916274092,14756,0,0,14756,0,0,0,0.0
939,1778070918.6634915,decode,228,1829282,0.9374938180558381,1829054,228,3257.334916274092,14756,0,0,14756,0,0,0,0.0
940,1778070918.7028856,decode,228,1829510,0.937610666409737,1829282,228,4041.9183968707944,14756,0,0,14756,0,0,0,0.0
941,1778070918.7408695,decode,228,1829738,0.9377275147636358,1829510,228,4041.9183968707944,14756,0,0,14756,0,0,0,0.0
942,1778070918.7797015,decode,228,1829966,0.9378443631175346,1829738,228,4041.9183968707944,14756,0,0,14756,0,0,0,0.0
943,1778070918.8184495,decode,228,1830194,0.9379612114714334,1829966,228,4041.9183968707944,14756,0,0,14756,0,0,0,0.0
944,1778070918.8575594,decode,228,1830422,0.9380780598253322,1830194,228,4041.9183968707944,14756,0,0,14756,0,0,0,0.0
945,1778070918.8961737,decode,228,1830650,0.938194908179231,1830422,228,4041.9183968707944,14756,0,0,14756,0,0,0,0.0
946,1778070918.935002,decode,228,1830878,0.9383117565331298,1830650,228,4041.9183968707944,14756,0,0,14756,0,0,0,0.0
947,1778070918.975707,decode,228,1831106,0.9384286048870286,1830878,228,4041.9183968707944,14756,0,0,14756,0,0,0,0.0
948,1778070919.0125663,decode,228,1831334,0.9385454532409274,1831106,228,4041.9183968707944,14756,0,0,14756,0,0,0,0.0
949,1778070919.0694046,decode,228,690237,0.35374147916691223,1831334,228,4041.9183968707944,14756,0,0,14756,0,0,0,0.0
950,1778070919.6570218,decode,228,1705969,0.8742967958438885,1831562,228,4041.9183968707944,14756,0,0,14756,134,0,0,0.0
953,1778070919.7377868,decode,220,1826189,0.9359086778865002,1762189,220,4041.9183968707944,14615,0,0,14615,8,0,0,0.0
955,1778070919.8003757,decode,228,1826645,0.9361423745942979,1826417,228,4041.9183968707944,14607,0,0,14607,0,0,0,0.0
956,1778070919.839269,decode,228,1826873,0.9362592229481967,1826645,228,4041.9183968707944,14607,0,0,14607,0,0,0,0.0
957,1778070919.8783994,decode,228,1827101,0.9363760713020955,1826873,228,4041.9183968707944,14607,0,0,14607,0,0,0,0.0
958,1778070919.9163687,decode,228,1827329,0.9364929196559943,1827101,228,4041.9183968707944,14607,0,0,14607,0,0,0,0.0
959,1778070919.9553452,decode,228,1827557,0.9366097680098932,1827329,228,4041.9183968707944,14607,0,0,14607,0,0,0,0.0
960,1778070919.9941432,decode,228,1827785,0.936726616363792,1827557,228,4041.9183968707944,14607,0,0,14607,0,0,0,0.0
961,1778070920.0333517,decode,228,1828013,0.9368434647176908,1827785,228,4041.9183968707944,14607,0,0,14607,0,0,0,0.0
962,1778070920.0715942,decode,228,1828241,0.9369603130715896,1828013,228,4041.9183968707944,14607,0,0,14607,0,0,0,0.0
963,1778070920.110241,decode,228,1828469,0.9370771614254885,1828241,228,4041.9183968707944,14607,0,0,14607,0,0,0,0.0
964,1778070920.1491673,decode,228,1828697,0.9371940097793873,1828469,228,4041.9183968707944,14607,0,0,14607,0,0,0,0.0
965,1778070920.1875753,decode,228,1828925,0.9373108581332861,1828697,228,4041.9183968707944,14607,0,0,14607,0,0,0,0.0
966,1778070920.226643,decode,228,1829153,0.9374277064871849,1828925,228,4041.9183968707944,14607,0,0,14607,0,0,0,0.0
967,1778070920.265311,decode,228,1829381,0.9375445548410837,1829153,228,4041.9183968707944,14607,0,0,14607,0,0,0,0.0
968,1778070920.3042283,decode,228,1829609,0.9376614031949825,1829381,228,4041.9183968707944,14607,0,0,14607,0,0,0,0.0
969,1778070920.3430583,decode,228,1829837,0.9377782515488813,1829609,228,4041.9183968707944,14607,0,0,14607,0,0,0,0.0
970,1778070920.3817413,decode,228,1830065,0.9378950999027801,1829837,228,4041.9183968707944,14607,0,0,14607,0,0,0,0.0
971,1778070920.4204836,decode,228,1830293,0.9380119482566789,1830065,228,4041.9183968707944,14607,0,0,14607,0,0,0,0.0
972,1778070920.4607983,decode,228,1830521,0.9381287966105778,1830293,228,4041.9183968707944,14607,0,0,14607,0,0,0,0.0
973,1778070920.4996855,decode,228,1830749,0.9382456449644766,1830521,228,4041.9183968707944,14607,0,0,14607,0,0,0,0.0
974,1778070920.5370367,decode,228,1830977,0.9383624933183754,1830749,228,4041.9183968707944,14607,0,0,14607,0,0,0,0.0
975,1778070920.5758588,decode,228,1831205,0.9384793416722742,1830977,228,4041.9183968707944,14607,0,0,14607,0,0,0,0.0
976,1778070920.6143694,decode,228,1831433,0.938596190026173,1831205,228,4041.9183968707944,14607,0,0,14607,0,0,0,0.0
977,1778070920.6711516,decode,228,650161,0.3332028185052943,1831433,228,4041.9183968707944,14607,0,0,14607,0,0,0,0.0
978,1778070921.3260853,decode,228,1681771,0.8618954955472065,1831661,228,4041.9183968707944,14607,0,0,14607,139,0,0,0.0
981,1778070921.4099133,decode,219,1833990,0.9399066340652926,1753990,219,4041.9183968707944,14459,0,0,14459,10,0,0,0.0
983,1778070921.4730825,decode,229,1834448,0.9401413557586508,1834219,229,4041.9183968707944,14449,0,0,14449,0,0,0,0.0
984,1778070921.5130913,decode,229,1834677,0.9402587166053298,1834448,229,4041.9183968707944,14449,0,0,14449,0,0,0,0.0
985,1778070921.550802,decode,229,1834906,0.9403760774520089,1834677,229,4041.9183968707944,14449,0,0,14449,0,0,0,0.0
986,1778070921.5898361,decode,229,1835135,0.9404934382986879,1834906,229,3154.5440004344077,14449,0,0,14449,0,0,0,0.0
987,1778070921.6285448,decode,229,1835364,0.940610799145367,1835135,229,3154.5440004344077,14449,0,0,14449,0,0,0,0.0
988,1778070921.6676602,decode,229,1835593,0.9407281599920461,1835364,229,3154.5440004344077,14449,0,0,14449,0,0,0,0.0
989,1778070921.7066133,decode,229,1835822,0.9408455208387252,1835593,229,3154.5440004344077,14449,0,0,14449,0,0,0,0.0
990,1778070921.7451644,decode,229,1836051,0.9409628816854042,1835822,229,3154.5440004344077,14449,0,0,14449,0,0,0,0.0
991,1778070921.784292,decode,229,1836280,0.9410802425320833,1836051,229,3154.5440004344077,14449,0,0,14449,0,0,0,0.0
992,1778070921.822926,decode,229,1836509,0.9411976033787623,1836280,229,3154.5440004344077,14449,0,0,14449,0,0,0,0.0
993,1778070921.8618753,decode,229,1836738,0.9413149642254415,1836509,229,3154.5440004344077,14449,0,0,14449,0,0,0,0.0
994,1778070921.900557,decode,229,1836967,0.9414323250721206,1836738,229,3154.5440004344077,14449,0,0,14449,0,0,0,0.0
995,1778070921.939445,decode,229,1837196,0.9415496859187996,1836967,229,3154.5440004344077,14449,0,0,14449,0,0,0,0.0
996,1778070921.9780552,decode,229,1837425,0.9416670467654787,1837196,229,3154.5440004344077,14449,0,0,14449,0,0,0,0.0
997,1778070922.017081,decode,229,1837654,0.9417844076121578,1837425,229,3154.5440004344077,14449,0,0,14449,0,0,0,0.0
998,1778070922.055788,decode,229,1837883,0.9419017684588369,1837654,229,3154.5440004344077,14449,0,0,14449,0,0,0,0.0
999,1778070922.094753,decode,229,1838112,0.9420191293055159,1837883,229,3154.5440004344077,14449,0,0,14449,0,0,0,0.0
1000,1778070922.1333544,decode,229,1838341,0.942136490152195,1838112,229,3154.5440004344077,14449,0,0,14449,0,0,0,0.0
1001,1778070922.1722589,decode,229,1838570,0.942253850998874,1838341,229,3154.5440004344077,14449,0,0,14449,0,0,0,0.0
1002,1778070922.2111142,decode,229,1838799,0.9423712118455532,1838570,229,3154.5440004344077,14449,0,0,14449,0,0,0,0.0
1003,1778070922.25141,decode,229,1839028,0.9424885726922322,1838799,229,3154.5440004344077,14449,0,0,14449,0,0,0,0.0
1004,1778070922.2894132,decode,229,1839257,0.9426059335389113,1839028,229,3154.5440004344077,14449,0,0,14449,0,0,0,0.0
1005,1778070922.346174,decode,229,778511,0.3989812668514032,1839257,229,3154.5440004344077,14449,0,0,14449,0,0,0,0.0
1006,1778070922.8605955,decode,229,1714243,0.8785371611077429,1839486,229,3154.5440004344077,14449,0,0,14449,124,0,0,0.0
1009,1778070922.9400227,decode,220,1826463,0.936049100908291,1762463,220,3154.5440004344077,14319,0,0,14319,8,0,0,0.0
1011,1778070923.0027006,decode,228,1826919,0.9362827976160886,1826691,228,3154.5440004344077,14311,0,0,14311,0,0,0,0.0
1012,1778070923.042126,decode,228,1827147,0.9363996459699874,1826919,228,3154.5440004344077,14311,0,0,14311,0,0,0,0.0
1013,1778070923.0802994,decode,228,1827375,0.9365164943238862,1827147,228,3154.5440004344077,14311,0,0,14311,0,0,0,0.0
1014,1778070923.1190586,decode,228,1827603,0.936633342677785,1827375,228,3154.5440004344077,14311,0,0,14311,0,0,0,0.0
1015,1778070923.157956,decode,228,1827831,0.9367501910316839,1827603,228,3154.5440004344077,14311,0,0,14311,0,0,0,0.0
1016,1778070923.1965466,decode,228,1828059,0.9368670393855827,1827831,228,3154.5440004344077,14311,0,0,14311,0,0,0,0.0
1017,1778070923.2351317,decode,228,1828287,0.9369838877394815,1828059,228,3154.5440004344077,14311,0,0,14311,0,0,0,0.0
1018,1778070923.2738755,decode,228,1828515,0.9371007360933803,1828287,228,3154.5440004344077,14311,0,0,14311,0,0,0,0.0
1019,1778070923.312687,decode,228,1828743,0.9372175844472791,1828515,228,3154.5440004344077,14311,0,0,14311,0,0,0,0.0
1020,1778070923.351475,decode,228,1828971,0.9373344328011779,1828743,228,3154.5440004344077,14311,0,0,14311,0,0,0,0.0
1021,1778070923.3904593,decode,228,1829199,0.9374512811550767,1828971,228,3154.5440004344077,14311,0,0,14311,0,0,0,0.0
1022,1778070923.42901,decode,228,1829427,0.9375681295089755,1829199,228,3154.5440004344077,14311,0,0,14311,0,0,0,0.0
1023,1778070923.4678283,decode,228,1829655,0.9376849778628743,1829427,228,3154.5440004344077,14311,0,0,14311,0,0,0,0.0
1024,1778070923.5071535,decode,228,1829883,0.9378018262167732,1829655,228,3154.5440004344077,14311,0,0,14311,0,0,0,0.0
1025,1778070923.5454578,decode,228,1830111,0.937918674570672,1829883,228,3154.5440004344077,14311,0,0,14311,0,0,0,0.0
1026,1778070923.5842547,decode,228,1830339,0.9380355229245708,1830111,228,3154.5440004344077,14311,0,0,14311,0,0,0,0.0
1027,1778070923.6229663,decode,228,1830567,0.9381523712784696,1830339,228,3154.5440004344077,14311,0,0,14311,0,0,0,0.0
1028,1778070923.6619244,decode,228,1830795,0.9382692196323684,1830567,228,3154.5440004344077,14311,0,0,14311,0,0,0,0.0
1029,1778070923.700467,decode,228,1831023,0.9383860679862672,1830795,228,4326.656089067539,14311,0,0,14311,0,0,0,0.0
1030,1778070923.7394183,decode,228,1831251,0.938502916340166,1831023,228,4326.656089067539,14311,0,0,14311,0,0,0,0.0
1031,1778070923.7782004,decode,228,1831479,0.9386197646940648,1831251,228,4326.656089067539,14311,0,0,14311,0,0,0,0.0
1032,1778070923.8170793,decode,228,1831707,0.9387366130479637,1831479,228,4326.656089067539,14311,0,0,14311,0,0,0,0.0
1033,1778070923.8727658,decode,228,690310,0.35377889113987104,1831707,228,4326.656089067539,14311,0,0,14311,0,0,0,0.0
1034,1778070924.459372,decode,228,1673871,0.8578468025831686,1831935,228,4326.656089067539,14311,0,0,14311,134,0,0,0.0
1037,1778070924.5433183,decode,219,1826090,0.9358579411012548,1754090,219,4326.656089067539,14167,0,0,14167,9,0,0,0.0
1039,1778070924.6052382,decode,228,1826546,0.9360916378090524,1826318,228,4326.656089067539,14158,0,0,14158,0,0,0,0.0
1040,1778070924.6440175,decode,228,1826774,0.9362084861629512,1826546,228,4326.656089067539,14158,0,0,14158,0,0,0,0.0
1041,1778070924.682876,decode,228,1827002,0.93632533451685,1826774,228,4326.656089067539,14158,0,0,14158,0,0,0,0.0
1042,1778070924.7213602,decode,228,1827230,0.9364421828707488,1827002,228,4326.656089067539,14158,0,0,14158,0,0,0,0.0
1043,1778070924.760172,decode,228,1827458,0.9365590312246477,1827230,228,4326.656089067539,14158,0,0,14158,0,0,0,0.0
1044,1778070924.798903,decode,228,1827686,0.9366758795785465,1827458,228,4326.656089067539,14158,0,0,14158,0,0,0,0.0
1045,1778070924.8378527,decode,228,1827914,0.9367927279324453,1827686,228,4326.656089067539,14158,0,0,14158,0,0,0,0.0
1046,1778070924.8764133,decode,228,1828142,0.9369095762863441,1827914,228,4326.656089067539,14158,0,0,14158,0,0,0,0.0
1047,1778070924.9152682,decode,228,1828370,0.9370264246402429,1828142,228,4326.656089067539,14158,0,0,14158,0,0,0,0.0
1048,1778070924.9539733,decode,228,1828598,0.9371432729941417,1828370,228,4326.656089067539,14158,0,0,14158,0,0,0,0.0
1049,1778070924.9928596,decode,228,1828826,0.9372601213480405,1828598,228,4326.656089067539,14158,0,0,14158,0,0,0,0.0
1050,1778070925.031602,decode,228,1829054,0.9373769697019393,1828826,228,4326.656089067539,14158,0,0,14158,0,0,0,0.0
1051,1778070925.0703764,decode,228,1829282,0.9374938180558381,1829054,228,4326.656089067539,14158,0,0,14158,0,0,0,0.0
1052,1778070925.1090536,decode,228,1829510,0.937610666409737,1829282,228,4326.656089067539,14158,0,0,14158,0,0,0,0.0
1053,1778070925.1481488,decode,228,1829738,0.9377275147636358,1829510,228,4326.656089067539,14158,0,0,14158,0,0,0,0.0
1054,1778070925.1866648,decode,228,1829966,0.9378443631175346,1829738,228,4326.656089067539,14158,0,0,14158,0,0,0,0.0
1055,1778070925.2255294,decode,228,1830194,0.9379612114714334,1829966,228,4326.656089067539,14158,0,0,14158,0,0,0,0.0
1056,1778070925.2643025,decode,228,1830422,0.9380780598253322,1830194,228,4326.656089067539,14158,0,0,14158,0,0,0,0.0
1057,1778070925.3030965,decode,228,1830650,0.938194908179231,1830422,228,4326.656089067539,14158,0,0,14158,0,0,0,0.0
1058,1778070925.3417802,decode,228,1830878,0.9383117565331298,1830650,228,4326.656089067539,14158,0,0,14158,0,0,0,0.0
1059,1778070925.3806615,decode,228,1831106,0.9384286048870286,1830878,228,4326.656089067539,14158,0,0,14158,0,0,0,0.0
1060,1778070925.419373,decode,228,1831334,0.9385454532409274,1831106,228,4326.656089067539,14158,0,0,14158,0,0,0,0.0
1061,1778070925.4752266,decode,228,690237,0.35374147916691223,1831334,228,4326.656089067539,14158,0,0,14158,0,0,0,0.0
1062,1778070926.0604782,decode,228,1681897,0.861960069637519,1831562,228,4326.656089067539,14158,0,0,14158,134,0,0,0.0
1065,1778070926.1431122,decode,219,1826116,0.9358712659135414,1754116,219,4326.656089067539,14015,0,0,14015,9,0,0,0.0
1067,1778070926.2051463,decode,228,1826572,0.936104962621339,1826344,228,4326.656089067539,14006,0,0,14006,0,0,0,0.0
1068,1778070926.2438564,decode,228,1826800,0.9362218109752379,1826572,228,4326.656089067539,14006,0,0,14006,0,0,0,0.0
1069,1778070926.2824674,decode,228,1827028,0.9363386593291367,1826800,228,4326.656089067539,14006,0,0,14006,0,0,0,0.0
1070,1778070926.3213725,decode,228,1827256,0.9364555076830355,1827028,228,4326.656089067539,14006,0,0,14006,0,0,0,0.0
1071,1778070926.360022,decode,228,1827484,0.9365723560369343,1827256,228,4326.656089067539,14006,0,0,14006,0,0,0,0.0
1072,1778070926.3995976,decode,228,1827712,0.9366892043908331,1827484,228,4326.656089067539,14006,0,0,14006,0,0,0,0.0
1073,1778070926.4376035,decode,228,1827940,0.9368060527447319,1827712,228,4326.656089067539,14006,0,0,14006,0,0,0,0.0
1074,1778070926.476214,decode,228,1828168,0.9369229010986307,1827940,228,4326.656089067539,14006,0,0,14006,0,0,0,0.0
1075,1778070926.5151777,decode,228,1828396,0.9370397494525295,1828168,228,3233.737032931987,14006,0,0,14006,0,0,0,0.0
1076,1778070926.5539865,decode,228,1828624,0.9371565978064283,1828396,228,3233.737032931987,14006,0,0,14006,0,0,0,0.0
1077,1778070926.592603,decode,228,1828852,0.9372734461603273,1828624,228,3233.737032931987,14006,0,0,14006,0,0,0,0.0
1078,1778070926.631417,decode,228,1829080,0.9373902945142261,1828852,228,3233.737032931987,14006,0,0,14006,0,0,0,0.0
1079,1778070926.6702785,decode,228,1829308,0.9375071428681249,1829080,228,3233.737032931987,14006,0,0,14006,0,0,0,0.0
1080,1778070926.7088332,decode,228,1829536,0.9376239912220237,1829308,228,3233.737032931987,14006,0,0,14006,0,0,0,0.0
1081,1778070926.747817,decode,228,1829764,0.9377408395759225,1829536,228,3233.737032931987,14006,0,0,14006,0,0,0,0.0
1082,1778070926.7866454,decode,228,1829992,0.9378576879298213,1829764,228,3233.737032931987,14006,0,0,14006,0,0,0,0.0
1083,1778070926.8251264,decode,228,1830220,0.9379745362837201,1829992,228,3233.737032931987,14006,0,0,14006,0,0,0,0.0
1084,1778070926.864231,decode,228,1830448,0.9380913846376189,1830220,228,3233.737032931987,14006,0,0,14006,0,0,0,0.0
1085,1778070926.9028094,decode,228,1830676,0.9382082329915177,1830448,228,3233.737032931987,14006,0,0,14006,0,0,0,0.0
1086,1778070926.9418256,decode,228,1830904,0.9383250813454166,1830676,228,3233.737032931987,14006,0,0,14006,0,0,0,0.0
1087,1778070926.9804835,decode,228,1831132,0.9384419296993154,1830904,228,3233.737032931987,14006,0,0,14006,0,0,0,0.0
1088,1778070927.0194278,decode,228,1831360,0.9385587780532142,1831132,228,3233.737032931987,14006,0,0,14006,0,0,0,0.0
1089,1778070927.0786853,decode,228,682188,0.34961642477861593,1831360,228,3233.737032931987,14006,0,0,14006,0,0,0,0.0
1090,1778070927.674178,decode,228,1697921,0.8701722539483725,1831588,228,3233.737032931987,14006,0,0,14006,135,0,0,0.0
1093,1778070927.753195,decode,219,1826140,0.9358835657402677,1754140,219,3233.737032931987,13864,0,0,13864,9,0,0,0.0
1095,1778070927.8156052,decode,228,1826596,0.9361172624480653,1826368,228,3233.737032931987,13855,0,0,13855,0,0,0,0.0
1096,1778070927.854468,decode,228,1826824,0.9362341108019641,1826596,228,3233.737032931987,13855,0,0,13855,0,0,0,0.0
1097,1778070927.893204,decode,228,1827052,0.9363509591558629,1826824,228,3233.737032931987,13855,0,0,13855,0,0,0,0.0
1098,1778070927.932041,decode,228,1827280,0.9364678075097617,1827052,228,3233.737032931987,13855,0,0,13855,0,0,0,0.0
1099,1778070927.9705765,decode,228,1827508,0.9365846558636606,1827280,228,3233.737032931987,13855,0,0,13855,0,0,0,0.0
1100,1778070928.0095723,decode,228,1827736,0.9367015042175594,1827508,228,3233.737032931987,13855,0,0,13855,0,0,0,0.0
1101,1778070928.0483937,decode,228,1827964,0.9368183525714582,1827736,228,3233.737032931987,13855,0,0,13855,0,0,0,0.0
1102,1778070928.0872867,decode,228,1828192,0.936935200925357,1827964,228,3233.737032931987,13855,0,0,13855,0,0,0,0.0
1103,1778070928.126016,decode,228,1828420,0.9370520492792558,1828192,228,3233.737032931987,13855,0,0,13855,0,0,0,0.0
1104,1778070928.1649377,decode,228,1828648,0.9371688976331546,1828420,228,3233.737032931987,13855,0,0,13855,0,0,0,0.0
1105,1778070928.2036445,decode,228,1828876,0.9372857459870534,1828648,228,3233.737032931987,13855,0,0,13855,0,0,0,0.0
1106,1778070928.2421148,decode,228,1829104,0.9374025943409522,1828876,228,3233.737032931987,13855,0,0,13855,0,0,0,0.0
1107,1778070928.280999,decode,228,1829332,0.937519442694851,1829104,228,3233.737032931987,13855,0,0,13855,0,0,0,0.0
1108,1778070928.3195953,decode,228,1829560,0.9376362910487499,1829332,228,3233.737032931987,13855,0,0,13855,0,0,0,0.0
1109,1778070928.358519,decode,228,1829788,0.9377531394026487,1829560,228,3233.737032931987,13855,0,0,13855,0,0,0,0.0
1110,1778070928.3972971,decode,228,1830016,0.9378699877565475,1829788,228,3233.737032931987,13855,0,0,13855,0,0,0,0.0
1111,1778070928.436072,decode,228,1830244,0.9379868361104463,1830016,228,3233.737032931987,13855,0,0,13855,0,0,0,0.0
1112,1778070928.47475,decode,228,1830472,0.9381036844643451,1830244,228,3233.737032931987,13855,0,0,13855,0,0,0,0.0
1113,1778070928.5137453,decode,228,1830700,0.9382205328182439,1830472,228,3233.737032931987,13855,0,0,13855,0,0,0,0.0
1114,1778070928.55228,decode,228,1830928,0.9383373811721427,1830700,228,3233.737032931987,13855,0,0,13855,0,0,0,0.0
1115,1778070928.5912266,decode,228,1831156,0.9384542295260415,1830928,228,3233.737032931987,13855,0,0,13855,0,0,0,0.0
1116,1778070928.6299243,decode,228,1831384,0.9385710778799403,1831156,228,3233.737032931987,13855,0,0,13855,0,0,0,0.0
1117,1778070928.6868463,decode,228,609987,0.3126139335512111,1831384,228,3233.737032931987,13855,0,0,13855,0,0,0,0.0
1118,1778070929.340853,decode,228,1681671,0.8618442462691807,1831612,228,3224.358303968549,13855,0,0,13855,143,0,0,0.0
1121,1778070929.4224014,decode,219,1833890,0.9398553847872668,1753890,219,3224.358303968549,13703,0,0,13703,10,0,0,0.0
1123,1778070929.4846752,decode,229,1834348,0.940090106480625,1834119,229,3224.358303968549,13693,0,0,13693,0,0,0,0.0
1124,1778070929.5237699,decode,229,1834577,0.940207467327304,1834348,229,3224.358303968549,13693,0,0,13693,0,0,0,0.0
1125,1778070929.5627093,decode,229,1834806,0.9403248281739831,1834577,229,3224.358303968549,13693,0,0,13693,0,0,0,0.0
1126,1778070929.6010463,decode,229,1835035,0.9404421890206621,1834806,229,3224.358303968549,13693,0,0,13693,0,0,0,0.0
1127,1778070929.640165,decode,229,1835264,0.9405595498673412,1835035,229,3224.358303968549,13693,0,0,13693,0,0,0,0.0
1128,1778070929.678708,decode,229,1835493,0.9406769107140203,1835264,229,3224.358303968549,13693,0,0,13693,0,0,0,0.0
1129,1778070929.7176332,decode,229,1835722,0.9407942715606994,1835493,229,3224.358303968549,13693,0,0,13693,0,0,0,0.0
1130,1778070929.7565362,decode,229,1835951,0.9409116324073784,1835722,229,3224.358303968549,13693,0,0,13693,0,0,0,0.0
1131,1778070929.795286,decode,229,1836180,0.9410289932540575,1835951,229,3224.358303968549,13693,0,0,13693,0,0,0,0.0
1132,1778070929.833911,decode,229,1836409,0.9411463541007367,1836180,229,3224.358303968549,13693,0,0,13693,0,0,0,0.0
1133,1778070929.8726933,decode,229,1836638,0.9412637149474157,1836409,229,3224.358303968549,13693,0,0,13693,0,0,0,0.0
1134,1778070929.9116576,decode,229,1836867,0.9413810757940948,1836638,229,3224.358303968549,13693,0,0,13693,0,0,0,0.0
1135,1778070929.9506636,decode,229,1837096,0.9414984366407738,1836867,229,3224.358303968549,13693,0,0,13693,0,0,0,0.0
1136,1778070929.9892142,decode,229,1837325,0.9416157974874529,1837096,229,3224.358303968549,13693,0,0,13693,0,0,0,0.0
1137,1778070930.0284493,decode,229,1837554,0.941733158334132,1837325,229,3224.358303968549,13693,0,0,13693,0,0,0,0.0
1138,1778070930.0669842,decode,229,1837783,0.9418505191808111,1837554,229,3224.358303968549,13693,0,0,13693,0,0,0,0.0
1139,1778070930.106178,decode,229,1838012,0.9419678800274901,1837783,229,3224.358303968549,13693,0,0,13693,0,0,0,0.0
1140,1778070930.1447287,decode,229,1838241,0.9420852408741692,1838012,229,3224.358303968549,13693,0,0,13693,0,0,0,0.0
1141,1778070930.1838813,decode,229,1838470,0.9422026017208482,1838241,229,3224.358303968549,13693,0,0,13693,0,0,0,0.0
1142,1778070930.2224555,decode,229,1838699,0.9423199625675274,1838470,229,3224.358303968549,13693,0,0,13693,0,0,0,0.0
1143,1778070930.2613716,decode,229,1838928,0.9424373234142064,1838699,229,3224.358303968549,13693,0,0,13693,0,0,0,0.0
1144,1778070930.3001244,decode,229,1839157,0.9425546842608855,1838928,229,3224.358303968549,13693,0,0,13693,0,0,0,0.0
1145,1778070930.3568432,decode,229,650111,0.3331771938662814,1839157,229,3224.358303968549,13693,0,0,13693,0,0,0,0.0
1146,1778070930.9811573,decode,229,1713867,0.8783444638223659,1839386,229,3224.358303968549,13693,0,0,13693,139,0,0,0.0
1149,1778070931.0563414,decode,219,1826086,0.9358558911301337,1754086,219,3224.358303968549,13549,0,0,13549,9,0,0,0.0
1151,1778070931.1212504,decode,228,1826542,0.9360895878379313,1826314,228,3224.358303968549,13540,0,0,13540,0,0,0,0.0
1152,1778070931.1560335,decode,228,1826770,0.9362064361918302,1826542,228,3224.358303968549,13540,0,0,13540,0,0,0,0.0
1153,1778070931.1947634,decode,228,1826998,0.936323284545729,1826770,228,3224.358303968549,13540,0,0,13540,0,0,0,0.0
1154,1778070931.2334347,decode,228,1827226,0.9364401328996278,1826998,228,3224.358303968549,13540,0,0,13540,0,0,0,0.0
1155,1778070931.2724693,decode,228,1827454,0.9365569812535266,1827226,228,3224.358303968549,13540,0,0,13540,0,0,0,0.0
1156,1778070931.311072,decode,228,1827682,0.9366738296074254,1827454,228,3224.358303968549,13540,0,0,13540,0,0,0,0.0
1157,1778070931.3501456,decode,228,1827910,0.9367906779613242,1827682,228,3224.358303968549,13540,0,0,13540,0,0,0,0.0
1158,1778070931.3887544,decode,228,1828138,0.936907526315223,1827910,228,3224.358303968549,13540,0,0,13540,0,0,0,0.0
1159,1778070931.4277246,decode,228,1828366,0.9370243746691218,1828138,228,3224.358303968549,13540,0,0,13540,0,0,0,0.0
1160,1778070931.4662836,decode,228,1828594,0.9371412230230206,1828366,228,3224.358303968549,13540,0,0,13540,0,0,0,0.0
1161,1778070931.5052824,decode,228,1828822,0.9372580713769195,1828594,228,3224.358303968549,13540,0,0,13540,0,0,0,0.0
1162,1778070931.5440369,decode,228,1829050,0.9373749197308183,1828822,228,3224.358303968549,13540,0,0,13540,0,0,0,0.0
1163,1778070931.5826852,decode,228,1829278,0.9374917680847171,1829050,228,3224.358303968549,13540,0,0,13540,0,0,0,0.0
1164,1778070931.621688,decode,228,1829506,0.9376086164386159,1829278,228,4001.1671400021937,13540,0,0,13540,0,0,0,0.0
1165,1778070931.660256,decode,228,1829734,0.9377254647925147,1829506,228,4001.1671400021937,13540,0,0,13540,0,0,0,0.0
1166,1778070931.6989732,decode,228,1829962,0.9378423131464135,1829734,228,4001.1671400021937,13540,0,0,13540,0,0,0,0.0
1167,1778070931.7377825,decode,228,1830190,0.9379591615003123,1829962,228,4001.1671400021937,13540,0,0,13540,0,0,0,0.0
1168,1778070931.7765691,decode,228,1830418,0.9380760098542111,1830190,228,4001.1671400021937,13540,0,0,13540,0,0,0,0.0
1169,1778070931.8152728,decode,228,1830646,0.93819285820811,1830418,228,4001.1671400021937,13540,0,0,13540,0,0,0,0.0
1170,1778070931.8543534,decode,228,1830874,0.9383097065620088,1830646,228,4001.1671400021937,13540,0,0,13540,0,0,0,0.0
1171,1778070931.8929412,decode,228,1831102,0.9384265549159077,1830874,228,4001.1671400021937,13540,0,0,13540,0,0,0,0.0
1172,1778070931.9319882,decode,228,1831330,0.9385434032698065,1831102,228,4001.1671400021937,13540,0,0,13540,0,0,0,0.0
1173,1778070931.9885576,decode,228,674283,0.34556516935067677,1831330,228,4001.1671400021937,13540,0,0,13540,0,0,0,0.0
1174,1778070932.5917745,decode,228,1641723,0.8413711846834357,1831558,228,4001.1671400021937,13540,0,0,13540,136,0,0,0.0
1177,1778070932.6805182,decode,219,1833942,0.9398820344118403,1753942,219,4001.1671400021937,13390,0,0,13390,10,0,0,0.0
1179,1778070932.7434132,decode,229,1834400,0.9401167561051984,1834171,229,4001.1671400021937,13380,0,0,13380,0,0,0,0.0
1180,1778070932.782073,decode,229,1834629,0.9402341169518774,1834400,229,4001.1671400021937,13380,0,0,13380,0,0,0,0.0
1181,1778070932.8206744,decode,229,1834858,0.9403514777985565,1834629,229,4001.1671400021937,13380,0,0,13380,0,0,0,0.0
1182,1778070932.8594851,decode,229,1835087,0.9404688386452356,1834858,229,4001.1671400021937,13380,0,0,13380,0,0,0,0.0
1183,1778070932.8981745,decode,229,1835316,0.9405861994919147,1835087,229,4001.1671400021937,13380,0,0,13380,0,0,0,0.0
1184,1778070932.9374201,decode,229,1835545,0.9407035603385937,1835316,229,4001.1671400021937,13380,0,0,13380,0,0,0,0.0
1185,1778070932.9762526,decode,229,1835774,0.9408209211852728,1835545,229,4001.1671400021937,13380,0,0,13380,0,0,0,0.0
1186,1778070933.0152109,decode,229,1836003,0.9409382820319518,1835774,229,4001.1671400021937,13380,0,0,13380,0,0,0,0.0
1187,1778070933.053924,decode,229,1836232,0.941055642878631,1836003,229,4001.1671400021937,13380,0,0,13380,0,0,0,0.0
1188,1778070933.0925195,decode,229,1836461,0.94117300372531,1836232,229,4001.1671400021937,13380,0,0,13380,0,0,0,0.0
1189,1778070933.1313815,decode,229,1836690,0.9412903645719891,1836461,229,4001.1671400021937,13380,0,0,13380,0,0,0,0.0
1190,1778070933.1700733,decode,229,1836919,0.9414077254186681,1836690,229,4001.1671400021937,13380,0,0,13380,0,0,0,0.0
1191,1778070933.2089334,decode,229,1837148,0.9415250862653473,1836919,229,4001.1671400021937,13380,0,0,13380,0,0,0,0.0
1192,1778070933.2478538,decode,229,1837377,0.9416424471120263,1837148,229,4001.1671400021937,13380,0,0,13380,0,0,0,0.0
1193,1778070933.2866254,decode,229,1837606,0.9417598079587054,1837377,229,4001.1671400021937,13380,0,0,13380,0,0,0,0.0
1194,1778070933.3253095,decode,229,1837835,0.9418771688053844,1837606,229,4001.1671400021937,13380,0,0,13380,0,0,0,0.0
1195,1778070933.3642745,decode,229,1838064,0.9419945296520635,1837835,229,4001.1671400021937,13380,0,0,13380,0,0,0,0.0
1196,1778070933.4032583,decode,229,1838293,0.9421118904987426,1838064,229,4001.1671400021937,13380,0,0,13380,0,0,0,0.0
1197,1778070933.4421465,decode,229,1838522,0.9422292513454217,1838293,229,4001.1671400021937,13380,0,0,13380,0,0,0,0.0
1198,1778070933.480712,decode,229,1838751,0.9423466121921007,1838522,229,4001.1671400021937,13380,0,0,13380,0,0,0,0.0
1199,1778070933.5197277,decode,229,1838980,0.9424639730387798,1838751,229,4001.1671400021937,13380,0,0,13380,0,0,0,0.0
1200,1778070933.5584219,decode,229,1839209,0.9425813338854588,1838980,229,4001.1671400021937,13380,0,0,13380,0,0,0,0.0
1201,1778070933.6147037,decode,229,698213,0.3578291215822497,1839209,229,4001.1671400021937,13380,0,0,13380,0,0,0,0.0
1202,1778070934.1913164,decode,229,1714019,0.8784223627249651,1839438,229,4001.1671400021937,13380,0,0,13380,133,0,0,0.0
1205,1778070934.2674954,decode,220,1826239,0.9359343025255131,1762239,220,4001.1671400021937,13241,0,0,13241,8,0,0,0.0
1207,1778070934.328274,decode,228,1826695,0.9361679992333108,1826467,228,4001.1671400021937,13233,0,0,13233,0,0,0,0.0
1208,1778070934.3671176,decode,228,1826923,0.9362848475872096,1826695,228,4001.1671400021937,13233,0,0,13233,0,0,0,0.0
1209,1778070934.4056604,decode,228,1827151,0.9364016959411084,1826923,228,4001.1671400021937,13233,0,0,13233,0,0,0,0.0
1210,1778070934.4446673,decode,228,1827379,0.9365185442950072,1827151,228,3233.112755828173,13233,0,0,13233,0,0,0,0.0
1211,1778070934.4832869,decode,228,1827607,0.936635392648906,1827379,228,3233.112755828173,13233,0,0,13233,0,0,0,0.0
1212,1778070934.522077,decode,228,1827835,0.9367522410028049,1827607,228,3233.112755828173,13233,0,0,13233,0,0,0,0.0
1213,1778070934.5610018,decode,228,1828063,0.9368690893567037,1827835,228,3233.112755828173,13233,0,0,13233,0,0,0,0.0
1214,1778070934.599658,decode,228,1828291,0.9369859377106025,1828063,228,3233.112755828173,13233,0,0,13233,0,0,0,0.0
1215,1778070934.6386092,decode,228,1828519,0.9371027860645014,1828291,228,3233.112755828173,13233,0,0,13233,0,0,0,0.0
1216,1778070934.6773765,decode,228,1828747,0.9372196344184002,1828519,228,3233.112755828173,13233,0,0,13233,0,0,0,0.0
1217,1778070934.7159903,decode,228,1828975,0.937336482772299,1828747,228,3233.112755828173,13233,0,0,13233,0,0,0,0.0
1218,1778070934.7547588,decode,228,1829203,0.9374533311261978,1828975,228,3233.112755828173,13233,0,0,13233,0,0,0,0.0
1219,1778070934.793521,decode,228,1829431,0.9375701794800966,1829203,228,3233.112755828173,13233,0,0,13233,0,0,0,0.0
1220,1778070934.8322341,decode,228,1829659,0.9376870278339954,1829431,228,3233.112755828173,13233,0,0,13233,0,0,0,0.0
1221,1778070934.8709548,decode,228,1829887,0.9378038761878942,1829659,228,3233.112755828173,13233,0,0,13233,0,0,0,0.0
1222,1778070934.9098012,decode,228,1830115,0.937920724541793,1829887,228,3233.112755828173,13233,0,0,13233,0,0,0,0.0
1223,1778070934.9484959,decode,228,1830343,0.9380375728956918,1830115,228,3233.112755828173,13233,0,0,13233,0,0,0,0.0
1224,1778070934.98736,decode,228,1830571,0.9381544212495907,1830343,228,3233.112755828173,13233,0,0,13233,0,0,0,0.0
1225,1778070935.0261776,decode,228,1830799,0.9382712696034895,1830571,228,3233.112755828173,13233,0,0,13233,0,0,0,0.0
1226,1778070935.0648289,decode,228,1831027,0.9383881179573883,1830799,228,3233.112755828173,13233,0,0,13233,0,0,0,0.0
1227,1778070935.1035335,decode,228,1831255,0.9385049663112871,1831027,228,3233.112755828173,13233,0,0,13233,0,0,0,0.0
1228,1778070935.1425252,decode,228,1831483,0.9386218146651859,1831255,228,3233.112755828173,13233,0,0,13233,0,0,0,0.0
1229,1778070935.1987104,decode,228,714361,0.3661048549978552,1831483,228,3233.112755828173,13233,0,0,13233,0,0,0,0.0
1230,1778070935.7674544,decode,228,1689995,0.866110236172048,1831711,228,3233.112755828173,13233,0,0,13233,131,0,0,0.0
1233,1778070935.8480206,decode,220,1826215,0.935922002698787,1762215,220,3233.112755828173,13093,0,0,13093,8,0,0,0.0
1235,1778070935.9087846,decode,228,1826671,0.9361556994065846,1826443,228,3233.112755828173,13085,0,0,13085,0,0,0,0.0
1236,1778070935.9477897,decode,228,1826899,0.9362725477604834,1826671,228,3233.112755828173,13085,0,0,13085,0,0,0,0.0
1237,1778070935.9863327,decode,228,1827127,0.9363893961143822,1826899,228,3233.112755828173,13085,0,0,13085,0,0,0,0.0
1238,1778070936.025016,decode,228,1827355,0.936506244468281,1827127,228,3233.112755828173,13085,0,0,13085,0,0,0,0.0
1239,1778070936.063793,decode,228,1827583,0.9366230928221798,1827355,228,3233.112755828173,13085,0,0,13085,0,0,0,0.0
1240,1778070936.1026564,decode,228,1827811,0.9367399411760787,1827583,228,3233.112755828173,13085,0,0,13085,0,0,0,0.0
1241,1778070936.1412811,decode,228,1828039,0.9368567895299775,1827811,228,3233.112755828173,13085,0,0,13085,0,0,0,0.0
1242,1778070936.1801505,decode,228,1828267,0.9369736378838763,1828039,228,3233.112755828173,13085,0,0,13085,0,0,0,0.0
1243,1778070936.2188697,decode,228,1828495,0.9370904862377751,1828267,228,3233.112755828173,13085,0,0,13085,0,0,0,0.0
1244,1778070936.2575552,decode,228,1828723,0.9372073345916739,1828495,228,3233.112755828173,13085,0,0,13085,0,0,0,0.0
1245,1778070936.296161,decode,228,1828951,0.9373241829455727,1828723,228,3233.112755828173,13085,0,0,13085,0,0,0,0.0
1246,1778070936.3351283,decode,228,1829179,0.9374410312994715,1828951,228,3233.112755828173,13085,0,0,13085,0,0,0,0.0
1247,1778070936.3739934,decode,228,1829407,0.9375578796533703,1829179,228,3233.112755828173,13085,0,0,13085,0,0,0,0.0
1248,1778070936.4125416,decode,228,1829635,0.9376747280072691,1829407,228,3233.112755828173,13085,0,0,13085,0,0,0,0.0
1249,1778070936.4516413,decode,228,1829863,0.9377915763611681,1829635,228,3233.112755828173,13085,0,0,13085,0,0,0,0.0
1250,1778070936.4903302,decode,228,1830091,0.9379084247150669,1829863,228,3233.112755828173,13085,0,0,13085,0,0,0,0.0
1251,1778070936.529252,decode,228,1830319,0.9380252730689657,1830091,228,3233.112755828173,13085,0,0,13085,0,0,0,0.0
1252,1778070936.5677094,decode,228,1830547,0.9381421214228645,1830319,228,3233.112755828173,13085,0,0,13085,0,0,0,0.0
1253,1778070936.6067488,decode,228,1830775,0.9382589697767633,1830547,228,4214.456418557739,13085,0,0,13085,0,0,0,0.0
1254,1778070936.645503,decode,228,1831003,0.9383758181306621,1830775,228,4214.456418557739,13085,0,0,13085,0,0,0,0.0
1255,1778070936.6841853,decode,228,1831231,0.9384926664845609,1831003,228,4214.456418557739,13085,0,0,13085,0,0,0,0.0
1256,1778070936.7230103,decode,228,1831459,0.9386095148384597,1831231,228,4214.456418557739,13085,0,0,13085,0,0,0,0.0
1257,1778070936.7790904,decode,228,698287,0.3578670460479888,1831459,228,4214.456418557739,13085,0,0,13085,0,0,0,0.0
1258,1778070937.3568823,decode,228,1689946,0.8660851240258153,1831687,228,4214.456418557739,13085,0,0,13085,133,0,0,0.0
1261,1778070937.4347382,decode,219,1826165,0.9358963780597741,1754165,219,4214.456418557739,12944,0,0,12944,9,0,0,0.0
1263,1778070937.4948854,decode,228,1826621,0.9361300747675717,1826393,228,4214.456418557739,12935,0,0,12935,0,0,0,0.0
1264,1778070937.5337248,decode,228,1826849,0.9362469231214705,1826621,228,4214.456418557739,12935,0,0,12935,0,0,0,0.0
1265,1778070937.5723636,decode,228,1827077,0.9363637714753693,1826849,228,4214.456418557739,12935,0,0,12935,0,0,0,0.0
1266,1778070937.611222,decode,228,1827305,0.9364806198292681,1827077,228,4214.456418557739,12935,0,0,12935,0,0,0,0.0
1267,1778070937.6501489,decode,228,1827533,0.9365974681831669,1827305,228,4214.456418557739,12935,0,0,12935,0,0,0,0.0
1268,1778070937.6896303,decode,228,1827761,0.9367143165370658,1827533,228,4214.456418557739,12935,0,0,12935,0,0,0,0.0
1269,1778070937.7275248,decode,228,1827989,0.9368311648909646,1827761,228,4214.456418557739,12935,0,0,12935,0,0,0,0.0
1270,1778070937.7661731,decode,228,1828217,0.9369480132448634,1827989,228,4214.456418557739,12935,0,0,12935,0,0,0,0.0
1271,1778070937.8052394,decode,228,1828445,0.9370648615987622,1828217,228,4214.456418557739,12935,0,0,12935,0,0,0,0.0
1272,1778070937.8436594,decode,228,1828673,0.937181709952661,1828445,228,4214.456418557739,12935,0,0,12935,0,0,0,0.0
1273,1778070937.8826525,decode,228,1828901,0.9372985583065598,1828673,228,4214.456418557739,12935,0,0,12935,0,0,0,0.0
1274,1778070937.921235,decode,228,1829129,0.9374154066604586,1828901,228,4214.456418557739,12935,0,0,12935,0,0,0,0.0
1275,1778070937.9608457,decode,228,1829357,0.9375322550143574,1829129,228,4214.456418557739,12935,0,0,12935,0,0,0,0.0
1276,1778070937.9989069,decode,228,1829585,0.9376491033682564,1829357,228,4214.456418557739,12935,0,0,12935,0,0,0,0.0
1277,1778070938.0379615,decode,228,1829813,0.9377659517221552,1829585,228,4214.456418557739,12935,0,0,12935,0,0,0,0.0
1278,1778070938.0767596,decode,228,1830041,0.937882800076054,1829813,228,4214.456418557739,12935,0,0,12935,0,0,0,0.0
1279,1778070938.1154428,decode,228,1830269,0.9379996484299528,1830041,228,4214.456418557739,12935,0,0,12935,0,0,0,0.0
1280,1778070938.1539674,decode,228,1830497,0.9381164967838516,1830269,228,4214.456418557739,12935,0,0,12935,0,0,0,0.0
1281,1778070938.192959,decode,228,1830725,0.9382333451377504,1830497,228,4214.456418557739,12935,0,0,12935,0,0,0,0.0
1282,1778070938.231748,decode,228,1830953,0.9383501934916492,1830725,228,4214.456418557739,12935,0,0,12935,0,0,0,0.0
1283,1778070938.2703779,decode,228,1831181,0.938467041845548,1830953,228,4214.456418557739,12935,0,0,12935,0,0,0,0.0
1284,1778070938.3092957,decode,228,1831409,0.9385838901994468,1831181,228,4214.456418557739,12935,0,0,12935,0,0,0,0.0
1285,1778070938.3654172,decode,228,666162,0.34140321548220187,1831409,228,4214.456418557739,12935,0,0,12935,0,0,0,0.0
1286,1778070938.972706,decode,228,1681822,0.8619216326789997,1831637,228,4214.456418557739,12935,0,0,12935,137,0,0,0.0
1289,1778070939.0516908,decode,219,1826041,0.9358328289550221,1754041,219,4214.456418557739,12789,0,0,12789,9,0,0,0.0
1291,1778070939.1122193,decode,228,1826497,0.9360665256628197,1826269,228,4214.456418557739,12780,0,0,12780,0,0,0,0.0
1292,1778070939.1511416,decode,228,1826725,0.9361833740167186,1826497,228,4214.456418557739,12780,0,0,12780,0,0,0,0.0
1293,1778070939.1897228,decode,228,1826953,0.9363002223706174,1826725,228,4214.456418557739,12780,0,0,12780,0,0,0,0.0
1294,1778070939.2285845,decode,228,1827181,0.9364170707245162,1826953,228,4214.456418557739,12780,0,0,12780,0,0,0,0.0
1295,1778070939.2675269,decode,228,1827409,0.936533919078415,1827181,228,4214.456418557739,12780,0,0,12780,0,0,0,0.0
1296,1778070939.306349,decode,228,1827637,0.9366507674323138,1827409,228,4214.456418557739,12780,0,0,12780,0,0,0,0.0
1297,1778070939.3446116,decode,228,1827865,0.9367676157862126,1827637,228,4214.456418557739,12780,0,0,12780,0,0,0,0.0
1298,1778070939.3834226,decode,228,1828093,0.9368844641401114,1827865,228,4214.456418557739,12780,0,0,12780,0,0,0,0.0
1299,1778070939.4222236,decode,228,1828321,0.9370013124940102,1828093,228,3232.8485000328587,12780,0,0,12780,0,0,0,0.0
1300,1778070939.4608834,decode,228,1828549,0.9371181608479091,1828321,228,3232.8485000328587,12780,0,0,12780,0,0,0,0.0
1301,1778070939.4997654,decode,228,1828777,0.9372350092018079,1828549,228,3232.8485000328587,12780,0,0,12780,0,0,0,0.0
1302,1778070939.5386217,decode,228,1829005,0.9373518575557067,1828777,228,3232.8485000328587,12780,0,0,12780,0,0,0,0.0
1303,1778070939.5772219,decode,228,1829233,0.9374687059096055,1829005,228,3232.8485000328587,12780,0,0,12780,0,0,0,0.0
1304,1778070939.616136,decode,228,1829461,0.9375855542635043,1829233,228,3232.8485000328587,12780,0,0,12780,0,0,0,0.0
1305,1778070939.6548088,decode,228,1829689,0.9377024026174031,1829461,228,3232.8485000328587,12780,0,0,12780,0,0,0,0.0
1306,1778070939.6935527,decode,228,1829917,0.9378192509713019,1829689,228,3232.8485000328587,12780,0,0,12780,0,0,0,0.0
1307,1778070939.7320924,decode,228,1830145,0.9379360993252007,1829917,228,3232.8485000328587,12780,0,0,12780,0,0,0,0.0
1308,1778070939.7713158,decode,228,1830373,0.9380529476790995,1830145,228,3232.8485000328587,12780,0,0,12780,0,0,0,0.0
1309,1778070939.8098443,decode,228,1830601,0.9381697960329984,1830373,228,3232.8485000328587,12780,0,0,12780,0,0,0,0.0
1310,1778070939.8487742,decode,228,1830829,0.9382866443868972,1830601,228,3232.8485000328587,12780,0,0,12780,0,0,0,0.0
1311,1778070939.8875048,decode,228,1831057,0.938403492740796,1830829,228,3232.8485000328587,12780,0,0,12780,0,0,0,0.0
1312,1778070939.9264035,decode,228,1831285,0.9385203410946948,1831057,228,3232.8485000328587,12780,0,0,12780,0,0,0,0.0
1313,1778070939.9828496,decode,228,690213,0.35372917934018605,1831285,228,3232.8485000328587,12780,0,0,12780,0,0,0,0.0
1314,1778070940.5655377,decode,228,1697946,0.870185066267879,1831513,228,3232.8485000328587,12780,0,0,12780,134,0,0,0.0
1317,1778070940.6413686,decode,219,1826165,0.9358963780597741,1754165,219,3232.8485000328587,12639,0,0,12639,9,0,0,0.0
1319,1778070940.701427,decode,228,1826621,0.9361300747675717,1826393,228,3232.8485000328587,12630,0,0,12630,0,0,0,0.0
1320,1778070940.7401662,decode,228,1826849,0.9362469231214705,1826621,228,3232.8485000328587,12630,0,0,12630,0,0,0,0.0
1321,1778070940.7787166,decode,228,1827077,0.9363637714753693,1826849,228,3232.8485000328587,12630,0,0,12630,0,0,0,0.0
1322,1778070940.8175852,decode,228,1827305,0.9364806198292681,1827077,228,3232.8485000328587,12630,0,0,12630,0,0,0,0.0
1323,1778070940.8563147,decode,228,1827533,0.9365974681831669,1827305,228,3232.8485000328587,12630,0,0,12630,0,0,0,0.0
1324,1778070940.8951468,decode,228,1827761,0.9367143165370658,1827533,228,3232.8485000328587,12630,0,0,12630,0,0,0,0.0
1325,1778070940.9338636,decode,228,1827989,0.9368311648909646,1827761,228,3232.8485000328587,12630,0,0,12630,0,0,0,0.0
1326,1778070940.9726036,decode,228,1828217,0.9369480132448634,1827989,228,3232.8485000328587,12630,0,0,12630,0,0,0,0.0
1327,1778070941.011501,decode,228,1828445,0.9370648615987622,1828217,228,3232.8485000328587,12630,0,0,12630,0,0,0,0.0
1328,1778070941.050085,decode,228,1828673,0.937181709952661,1828445,228,3232.8485000328587,12630,0,0,12630,0,0,0,0.0
1329,1778070941.089069,decode,228,1828901,0.9372985583065598,1828673,228,3232.8485000328587,12630,0,0,12630,0,0,0,0.0
1330,1778070941.127754,decode,228,1829129,0.9374154066604586,1828901,228,3232.8485000328587,12630,0,0,12630,0,0,0,0.0
1331,1778070941.1665545,decode,228,1829357,0.9375322550143574,1829129,228,3232.8485000328587,12630,0,0,12630,0,0,0,0.0
1332,1778070941.2052326,decode,228,1829585,0.9376491033682564,1829357,228,3232.8485000328587,12630,0,0,12630,0,0,0,0.0
1333,1778070941.2442229,decode,228,1829813,0.9377659517221552,1829585,228,3232.8485000328587,12630,0,0,12630,0,0,0,0.0
1334,1778070941.2829163,decode,228,1830041,0.937882800076054,1829813,228,3232.8485000328587,12630,0,0,12630,0,0,0,0.0
1335,1778070941.321519,decode,228,1830269,0.9379996484299528,1830041,228,3232.8485000328587,12630,0,0,12630,0,0,0,0.0
1336,1778070941.360366,decode,228,1830497,0.9381164967838516,1830269,228,3232.8485000328587,12630,0,0,12630,0,0,0,0.0
1337,1778070941.3992863,decode,228,1830725,0.9382333451377504,1830497,228,3232.8485000328587,12630,0,0,12630,0,0,0,0.0
1338,1778070941.4379537,decode,228,1830953,0.9383501934916492,1830725,228,3232.8485000328587,12630,0,0,12630,0,0,0,0.0
1339,1778070941.4768283,decode,228,1831181,0.938467041845548,1830953,228,3232.8485000328587,12630,0,0,12630,0,0,0,0.0
1340,1778070941.5154567,decode,228,1831409,0.9385838901994468,1831181,228,3232.8485000328587,12630,0,0,12630,0,0,0,0.0
1341,1778070941.5736232,decode,228,682212,0.3496287246053421,1831409,228,3232.8485000328587,12630,0,0,12630,0,0,0,0.0
1342,1778070942.170036,decode,228,1713968,0.878396225593172,1831637,228,3315.7316678719544,12630,0,0,12630,135,0,0,0.0
1345,1778070942.245257,decode,220,1826188,0.93590816539372,1762188,220,3315.7316678719544,12489,0,0,12489,8,0,0,0.0
1347,1778070942.305738,decode,228,1826644,0.9361418621015176,1826416,228,3315.7316678719544,12481,0,0,12481,0,0,0,0.0
1348,1778070942.3445456,decode,228,1826872,0.9362587104554164,1826644,228,3315.7316678719544,12481,0,0,12481,0,0,0,0.0
1349,1778070942.3830955,decode,228,1827100,0.9363755588093152,1826872,228,3315.7316678719544,12481,0,0,12481,0,0,0,0.0
1350,1778070942.4219697,decode,228,1827328,0.9364924071632141,1827100,228,3315.7316678719544,12481,0,0,12481,0,0,0,0.0
1351,1778070942.460686,decode,228,1827556,0.9366092555171129,1827328,228,3315.7316678719544,12481,0,0,12481,0,0,0,0.0
1352,1778070942.4992163,decode,228,1827784,0.9367261038710117,1827556,228,3315.7316678719544,12481,0,0,12481,0,0,0,0.0
1353,1778070942.5381322,decode,228,1828012,0.9368429522249105,1827784,228,3315.7316678719544,12481,0,0,12481,0,0,0,0.0
1354,1778070942.5770986,decode,228,1828240,0.9369598005788093,1828012,228,3315.7316678719544,12481,0,0,12481,0,0,0,0.0
1355,1778070942.6156209,decode,228,1828468,0.9370766489327081,1828240,228,3315.7316678719544,12481,0,0,12481,0,0,0,0.0
1356,1778070942.6545134,decode,228,1828696,0.937193497286607,1828468,228,3315.7316678719544,12481,0,0,12481,0,0,0,0.0
1357,1778070942.693237,decode,228,1828924,0.9373103456405057,1828696,228,3315.7316678719544,12481,0,0,12481,0,0,0,0.0
1358,1778070942.73196,decode,228,1829152,0.9374271939944046,1828924,228,3315.7316678719544,12481,0,0,12481,0,0,0,0.0
1359,1778070942.770659,decode,228,1829380,0.9375440423483035,1829152,228,3315.7316678719544,12481,0,0,12481,0,0,0,0.0
1360,1778070942.8094134,decode,228,1829608,0.9376608907022023,1829380,228,3315.7316678719544,12481,0,0,12481,0,0,0,0.0
1361,1778070942.848114,decode,228,1829836,0.9377777390561011,1829608,228,3315.7316678719544,12481,0,0,12481,0,0,0,0.0
1362,1778070942.8869236,decode,228,1830064,0.9378945874099999,1829836,228,3315.7316678719544,12481,0,0,12481,0,0,0,0.0
1363,1778070942.925713,decode,228,1830292,0.9380114357638987,1830064,228,3315.7316678719544,12481,0,0,12481,0,0,0,0.0
1364,1778070942.9646208,decode,228,1830520,0.9381282841177975,1830292,228,3315.7316678719544,12481,0,0,12481,0,0,0,0.0
1365,1778070943.0033991,decode,228,1830748,0.9382451324716963,1830520,228,3315.7316678719544,12481,0,0,12481,0,0,0,0.0
1366,1778070943.0422354,decode,228,1830976,0.9383619808255951,1830748,228,3315.7316678719544,12481,0,0,12481,0,0,0,0.0
1367,1778070943.080863,decode,228,1831204,0.9384788291794939,1830976,228,3315.7316678719544,12481,0,0,12481,0,0,0,0.0
1368,1778070943.1199238,decode,228,1831432,0.9385956775333928,1831204,228,3315.7316678719544,12481,0,0,12481,0,0,0,0.0
1369,1778070943.1760933,decode,228,658210,0.3373278728935906,1831432,228,3315.7316678719544,12481,0,0,12481,0,0,0,0.0
1370,1778070943.791425,decode,228,1665747,0.853683311236353,1831660,228,3315.7316678719544,12481,0,0,12481,138,0,0,0.0
1373,1778070943.872202,decode,219,1833966,0.9398943342385664,1753966,219,3315.7316678719544,12332,0,0,12332,10,0,0,0.0
1375,1778070943.9324472,decode,229,1834424,0.9401290559319245,1834195,229,3315.7316678719544,12322,0,0,12322,0,0,0,0.0
1376,1778070943.9712722,decode,229,1834653,0.9402464167786037,1834424,229,3315.7316678719544,12322,0,0,12322,0,0,0,0.0
1377,1778070944.0102208,decode,229,1834882,0.9403637776252827,1834653,229,3315.7316678719544,12322,0,0,12322,0,0,0,0.0
1378,1778070944.0488198,decode,229,1835111,0.9404811384719618,1834882,229,3315.7316678719544,12322,0,0,12322,0,0,0,0.0
1379,1778070944.0878854,decode,229,1835340,0.9405984993186408,1835111,229,3315.7316678719544,12322,0,0,12322,0,0,0,0.0
1380,1778070944.126855,decode,229,1835569,0.9407158601653199,1835340,229,3315.7316678719544,12322,0,0,12322,0,0,0,0.0
1381,1778070944.165756,decode,229,1835798,0.940833221011999,1835569,229,3315.7316678719544,12322,0,0,12322,0,0,0,0.0
1382,1778070944.2045376,decode,229,1836027,0.9409505818586781,1835798,229,3315.7316678719544,12322,0,0,12322,0,0,0,0.0
1383,1778070944.2434468,decode,229,1836256,0.9410679427053571,1836027,229,3315.7316678719544,12322,0,0,12322,0,0,0,0.0
1384,1778070944.2821927,decode,229,1836485,0.9411853035520362,1836256,229,3315.7316678719544,12322,0,0,12322,0,0,0,0.0
1385,1778070944.321052,decode,229,1836714,0.9413026643987152,1836485,229,3315.7316678719544,12322,0,0,12322,0,0,0,0.0
1386,1778070944.359856,decode,229,1836943,0.9414200252453944,1836714,229,3315.7316678719544,12322,0,0,12322,0,0,0,0.0
1387,1778070944.3989186,decode,229,1837172,0.9415373860920734,1836943,229,3315.7316678719544,12322,0,0,12322,0,0,0,0.0
1388,1778070944.4377444,decode,229,1837401,0.9416547469387525,1837172,229,4020.360982768152,12322,0,0,12322,0,0,0,0.0
1389,1778070944.47676,decode,229,1837630,0.9417721077854315,1837401,229,4020.360982768152,12322,0,0,12322,0,0,0,0.0
1390,1778070944.5156007,decode,229,1837859,0.9418894686321106,1837630,229,4020.360982768152,12322,0,0,12322,0,0,0,0.0
1391,1778070944.554523,decode,229,1838088,0.9420068294787897,1837859,229,4020.360982768152,12322,0,0,12322,0,0,0,0.0
1392,1778070944.5931628,decode,229,1838317,0.9421241903254688,1838088,229,4020.360982768152,12322,0,0,12322,0,0,0,0.0
1393,1778070944.6321733,decode,229,1838546,0.9422415511721479,1838317,229,4020.360982768152,12322,0,0,12322,0,0,0,0.0
1394,1778070944.6707485,decode,229,1838775,0.9423589120188269,1838546,229,4020.360982768152,12322,0,0,12322,0,0,0,0.0
1395,1778070944.7099338,decode,229,1839004,0.9424762728655061,1838775,229,4020.360982768152,12322,0,0,12322,0,0,0,0.0
1396,1778070944.7487307,decode,229,1839233,0.9425936337121851,1839004,229,4020.360982768152,12322,0,0,12322,0,0,0,0.0
1397,1778070944.8054502,decode,229,642062,0.3290521394779851,1839233,229,4020.360982768152,12322,0,0,12322,0,0,0,0.0
1398,1778070945.4370146,decode,229,1681747,0.8618831957204803,1839462,229,4020.360982768152,12322,0,0,12322,140,0,0,0.0
1401,1778070945.515726,decode,219,1833966,0.9398943342385664,1753966,219,4020.360982768152,12173,0,0,12173,10,0,0,0.0
1403,1778070945.5757718,decode,229,1834424,0.9401290559319245,1834195,229,4020.360982768152,12163,0,0,12163,0,0,0,0.0
1404,1778070945.6145303,decode,229,1834653,0.9402464167786037,1834424,229,4020.360982768152,12163,0,0,12163,0,0,0,0.0
1405,1778070945.653497,decode,229,1834882,0.9403637776252827,1834653,229,4020.360982768152,12163,0,0,12163,0,0,0,0.0
1406,1778070945.6920323,decode,229,1835111,0.9404811384719618,1834882,229,4020.360982768152,12163,0,0,12163,0,0,0,0.0
1407,1778070945.7310157,decode,229,1835340,0.9405984993186408,1835111,229,4020.360982768152,12163,0,0,12163,0,0,0,0.0
1408,1778070945.7697718,decode,229,1835569,0.9407158601653199,1835340,229,4020.360982768152,12163,0,0,12163,0,0,0,0.0
1409,1778070945.808647,decode,229,1835798,0.940833221011999,1835569,229,4020.360982768152,12163,0,0,12163,0,0,0,0.0
1410,1778070945.847492,decode,229,1836027,0.9409505818586781,1835798,229,4020.360982768152,12163,0,0,12163,0,0,0,0.0
1411,1778070945.8864717,decode,229,1836256,0.9410679427053571,1836027,229,4020.360982768152,12163,0,0,12163,0,0,0,0.0
1412,1778070945.9250097,decode,229,1836485,0.9411853035520362,1836256,229,4020.360982768152,12163,0,0,12163,0,0,0,0.0
1413,1778070945.9639804,decode,229,1836714,0.9413026643987152,1836485,229,4020.360982768152,12163,0,0,12163,0,0,0,0.0
1414,1778070946.0027869,decode,229,1836943,0.9414200252453944,1836714,229,4020.360982768152,12163,0,0,12163,0,0,0,0.0
1415,1778070946.041769,decode,229,1837172,0.9415373860920734,1836943,229,4020.360982768152,12163,0,0,12163,0,0,0,0.0
1416,1778070946.080559,decode,229,1837401,0.9416547469387525,1837172,229,4020.360982768152,12163,0,0,12163,0,0,0,0.0
1417,1778070946.1191988,decode,229,1837630,0.9417721077854315,1837401,229,4020.360982768152,12163,0,0,12163,0,0,0,0.0
1418,1778070946.1581028,decode,229,1837859,0.9418894686321106,1837630,229,4020.360982768152,12163,0,0,12163,0,0,0,0.0
1419,1778070946.197126,decode,229,1838088,0.9420068294787897,1837859,229,4020.360982768152,12163,0,0,12163,0,0,0,0.0
1420,1778070946.2360137,decode,229,1838317,0.9421241903254688,1838088,229,4020.360982768152,12163,0,0,12163,0,0,0,0.0
1421,1778070946.2747283,decode,229,1838546,0.9422415511721479,1838317,229,4020.360982768152,12163,0,0,12163,0,0,0,0.0
1422,1778070946.3136668,decode,229,1838775,0.9423589120188269,1838546,229,4020.360982768152,12163,0,0,12163,0,0,0,0.0
1423,1778070946.352493,decode,229,1839004,0.9424762728655061,1838775,229,4020.360982768152,12163,0,0,12163,0,0,0,0.0
1424,1778070946.3912032,decode,229,1839233,0.9425936337121851,1839004,229,4020.360982768152,12163,0,0,12163,0,0,0,0.0
1425,1778070946.4464183,decode,229,770462,0.3948562124631069,1839233,229,4020.360982768152,12163,0,0,12163,0,0,0,0.0
1426,1778070946.9585187,decode,229,1698195,0.8703126769701632,1839462,229,4020.360982768152,12163,0,0,12163,124,0,0,0.0
1429,1778070947.0344195,decode,220,1826415,0.9360245012548386,1762415,220,4020.360982768152,12031,0,0,12031,8,0,0,0.0
1431,1778070947.0935407,decode,228,1826871,0.9362581979626362,1826643,228,4020.360982768152,12023,0,0,12023,0,0,0,0.0
1432,1778070947.1322775,decode,228,1827099,0.936375046316535,1826871,228,4020.360982768152,12023,0,0,12023,0,0,0,0.0
1433,1778070947.1710033,decode,228,1827327,0.9364918946704338,1827099,228,4020.360982768152,12023,0,0,12023,0,0,0,0.0
1434,1778070947.212463,decode,228,1827555,0.9366087430243326,1827327,228,3292.9763694553753,12023,0,0,12023,0,0,0,0.0
1435,1778070947.2484844,decode,228,1827783,0.9367255913782314,1827555,228,3292.9763694553753,12023,0,0,12023,0,0,0,0.0
1436,1778070947.2872636,decode,228,1828011,0.9368424397321303,1827783,228,3292.9763694553753,12023,0,0,12023,0,0,0,0.0
1437,1778070947.3261364,decode,228,1828239,0.9369592880860291,1828011,228,3292.9763694553753,12023,0,0,12023,0,0,0,0.0
1438,1778070947.3647046,decode,228,1828467,0.9370761364399279,1828239,228,3292.9763694553753,12023,0,0,12023,0,0,0,0.0
1439,1778070947.4034114,decode,228,1828695,0.9371929847938267,1828467,228,3292.9763694553753,12023,0,0,12023,0,0,0,0.0
1440,1778070947.4422846,decode,228,1828923,0.9373098331477255,1828695,228,3292.9763694553753,12023,0,0,12023,0,0,0,0.0
1441,1778070947.4808888,decode,228,1829151,0.9374266815016243,1828923,228,3292.9763694553753,12023,0,0,12023,0,0,0,0.0
1442,1778070947.51971,decode,228,1829379,0.9375435298555231,1829151,228,3292.9763694553753,12023,0,0,12023,0,0,0,0.0
1443,1778070947.5586426,decode,228,1829607,0.9376603782094219,1829379,228,3292.9763694553753,12023,0,0,12023,0,0,0,0.0
1444,1778070947.597455,decode,228,1829835,0.9377772265633207,1829607,228,3292.9763694553753,12023,0,0,12023,0,0,0,0.0
1445,1778070947.6362417,decode,228,1830063,0.9378940749172197,1829835,228,3292.9763694553753,12023,0,0,12023,0,0,0,0.0
1446,1778070947.6749458,decode,228,1830291,0.9380109232711185,1830063,228,3292.9763694553753,12023,0,0,12023,0,0,0,0.0
1447,1778070947.7136712,decode,228,1830519,0.9381277716250173,1830291,228,3292.9763694553753,12023,0,0,12023,0,0,0,0.0
1448,1778070947.7523057,decode,228,1830747,0.9382446199789161,1830519,228,3292.9763694553753,12023,0,0,12023,0,0,0,0.0
1449,1778070947.7913833,decode,228,1830975,0.9383614683328149,1830747,228,3292.9763694553753,12023,0,0,12023,0,0,0,0.0
1450,1778070947.8300853,decode,228,1831203,0.9384783166867137,1830975,228,3292.9763694553753,12023,0,0,12023,0,0,0,0.0
1451,1778070947.8688958,decode,228,1831431,0.9385951650406125,1831203,228,3292.9763694553753,12023,0,0,12023,0,0,0,0.0
1452,1778070947.907561,decode,228,1831659,0.9387120133945113,1831431,228,3292.9763694553753,12023,0,0,12023,0,0,0,0.0
1453,1778070947.96496,decode,228,561862,0.2879502185012969,1831659,228,3292.9763694553753,12023,0,0,12023,0,0,0,0.0
1454,1778070948.668524,decode,228,1665473,0.8535428882145623,1831887,228,3292.9763694553753,12023,0,0,12023,149,0,0,0.0
1457,1778070948.7476447,decode,218,1833691,0.9397533987239954,1745691,218,3292.9763694553753,11864,0,0,11864,11,0,0,0.0
1459,1778070948.8083034,decode,229,1834149,0.9399881204173536,1833920,229,3292.9763694553753,11853,0,0,11853,0,0,0,0.0
1460,1778070948.8469994,decode,229,1834378,0.9401054812640327,1834149,229,3292.9763694553753,11853,0,0,11853,0,0,0,0.0
1461,1778070948.8859174,decode,229,1834607,0.9402228421107117,1834378,229,3292.9763694553753,11853,0,0,11853,0,0,0,0.0
1462,1778070948.9245172,decode,229,1834836,0.9403402029573908,1834607,229,3292.9763694553753,11853,0,0,11853,0,0,0,0.0
1463,1778070948.9634395,decode,229,1835065,0.9404575638040699,1834836,229,3292.9763694553753,11853,0,0,11853,0,0,0,0.0
1464,1778070949.0022297,decode,229,1835294,0.940574924650749,1835065,229,3292.9763694553753,11853,0,0,11853,0,0,0,0.0
1465,1778070949.041111,decode,229,1835523,0.940692285497428,1835294,229,3292.9763694553753,11853,0,0,11853,0,0,0,0.0
1466,1778070949.0800102,decode,229,1835752,0.9408096463441071,1835523,229,3292.9763694553753,11853,0,0,11853,0,0,0,0.0
1467,1778070949.11867,decode,229,1835981,0.9409270071907861,1835752,229,3292.9763694553753,11853,0,0,11853,0,0,0,0.0
1468,1778070949.1576967,decode,229,1836210,0.9410443680374653,1835981,229,3292.9763694553753,11853,0,0,11853,0,0,0,0.0
1469,1778070949.1963825,decode,229,1836439,0.9411617288841444,1836210,229,3292.9763694553753,11853,0,0,11853,0,0,0,0.0
1470,1778070949.2353477,decode,229,1836668,0.9412790897308234,1836439,229,3292.9763694553753,11853,0,0,11853,0,0,0,0.0
1471,1778070949.2740645,decode,229,1836897,0.9413964505775025,1836668,229,3292.9763694553753,11853,0,0,11853,0,0,0,0.0
1472,1778070949.3128374,decode,229,1837126,0.9415138114241816,1836897,229,3292.9763694553753,11853,0,0,11853,0,0,0,0.0
1473,1778070949.3517756,decode,229,1837355,0.9416311722708607,1837126,229,3292.9763694553753,11853,0,0,11853,0,0,0,0.0
1474,1778070949.3906891,decode,229,1837584,0.9417485331175397,1837355,229,3292.9763694553753,11853,0,0,11853,0,0,0,0.0
1475,1778070949.4296374,decode,229,1837813,0.9418658939642188,1837584,229,3292.9763694553753,11853,0,0,11853,0,0,0,0.0
1476,1778070949.468601,decode,229,1838042,0.9419832548108978,1837813,229,3292.9763694553753,11853,0,0,11853,0,0,0,0.0
1477,1778070949.5074198,decode,229,1838271,0.942100615657577,1838042,229,3977.8259592002773,11853,0,0,11853,0,0,0,0.0
1478,1778070949.5462372,decode,229,1838500,0.942217976504256,1838271,229,3977.8259592002773,11853,0,0,11853,0,0,0,0.0
1479,1778070949.5850186,decode,229,1838729,0.9423353373509351,1838500,229,3977.8259592002773,11853,0,0,11853,0,0,0,0.0
1480,1778070949.623972,decode,229,1838958,0.9424526981976141,1838729,229,3977.8259592002773,11853,0,0,11853,0,0,0,0.0
1481,1778070949.679618,decode,229,746362,0.3825051364588901,1838958,229,3977.8259592002773,11853,0,0,11853,0,0,0,0.0
1482,1778070950.2125323,decode,229,1714168,0.8784987241492236,1839187,229,3977.8259592002773,11853,0,0,11853,127,0,0,0.0
1485,1778070950.2863386,decode,220,1826388,0.9360106639497716,1762388,220,3977.8259592002773,11720,0,0,11720,8,0,0,0.0
1487,1778070950.3454435,decode,228,1826844,0.9362443606575692,1826616,228,3977.8259592002773,11712,0,0,11712,0,0,0,0.0
1488,1778070950.3843496,decode,228,1827072,0.936361209011468,1826844,228,3977.8259592002773,11712,0,0,11712,0,0,0,0.0
1489,1778070950.4229934,decode,228,1827300,0.9364780573653668,1827072,228,3977.8259592002773,11712,0,0,11712,0,0,0,0.0
1490,1778070950.461758,decode,228,1827528,0.9365949057192656,1827300,228,3977.8259592002773,11712,0,0,11712,0,0,0,0.0
1491,1778070950.5003476,decode,228,1827756,0.9367117540731645,1827528,228,3977.8259592002773,11712,0,0,11712,0,0,0,0.0
1492,1778070950.5392356,decode,228,1827984,0.9368286024270633,1827756,228,3977.8259592002773,11712,0,0,11712,0,0,0,0.0
1493,1778070950.578151,decode,228,1828212,0.9369454507809621,1827984,228,3977.8259592002773,11712,0,0,11712,0,0,0,0.0
1494,1778070950.6166906,decode,228,1828440,0.9370622991348609,1828212,228,3977.8259592002773,11712,0,0,11712,0,0,0,0.0
1495,1778070950.6555,decode,228,1828668,0.9371791474887597,1828440,228,3977.8259592002773,11712,0,0,11712,0,0,0,0.0
1496,1778070950.6942985,decode,228,1828896,0.9372959958426585,1828668,228,3977.8259592002773,11712,0,0,11712,0,0,0,0.0
1497,1778070950.7331095,decode,228,1829124,0.9374128441965573,1828896,228,3977.8259592002773,11712,0,0,11712,0,0,0,0.0
1498,1778070950.7719865,decode,228,1829352,0.9375296925504562,1829124,228,3977.8259592002773,11712,0,0,11712,0,0,0,0.0
1499,1778070950.8104455,decode,228,1829580,0.9376465409043551,1829352,228,3977.8259592002773,11712,0,0,11712,0,0,0,0.0
1500,1778070950.849507,decode,228,1829808,0.9377633892582539,1829580,228,3977.8259592002773,11712,0,0,11712,0,0,0,0.0
1501,1778070950.8881817,decode,228,1830036,0.9378802376121527,1829808,228,3977.8259592002773,11712,0,0,11712,0,0,0,0.0
1502,1778070950.9270298,decode,228,1830264,0.9379970859660515,1830036,228,3977.8259592002773,11712,0,0,11712,0,0,0,0.0
1503,1778070950.9657671,decode,228,1830492,0.9381139343199503,1830264,228,3977.8259592002773,11712,0,0,11712,0,0,0,0.0
1504,1778070951.0045593,decode,228,1830720,0.9382307826738491,1830492,228,3977.8259592002773,11712,0,0,11712,0,0,0,0.0
1505,1778070951.0434759,decode,228,1830948,0.9383476310277479,1830720,228,3977.8259592002773,11712,0,0,11712,0,0,0,0.0
1506,1778070951.0823224,decode,228,1831176,0.9384644793816467,1830948,228,3977.8259592002773,11712,0,0,11712,0,0,0,0.0
1507,1778070951.1212347,decode,228,1831404,0.9385813277355455,1831176,228,3977.8259592002773,11712,0,0,11712,0,0,0,0.0
1508,1778070951.159993,decode,228,1831632,0.9386981760894444,1831404,228,3977.8259592002773,11712,0,0,11712,0,0,0,0.0
1509,1778070951.217101,decode,228,610060,0.31265134552416995,1831632,228,3977.8259592002773,11712,0,0,11712,0,0,0,0.0
1510,1778070951.8729348,decode,228,1665621,0.8536187371460404,1831860,228,3977.8259592002773,11712,0,0,11712,143,0,0,0.0
1513,1778070951.9535837,decode,219,1833840,0.9398297601482539,1753840,219,3977.8259592002773,11558,0,0,11558,10,0,0,0.0
1515,1778070952.0131762,decode,229,1834298,0.9400644818416121,1834069,229,3977.8259592002773,11548,0,0,11548,0,0,0,0.0
1516,1778070952.0520525,decode,229,1834527,0.9401818426882911,1834298,229,3977.8259592002773,11548,0,0,11548,0,0,0,0.0
1517,1778070952.0906658,decode,229,1834756,0.9402992035349702,1834527,229,3977.8259592002773,11548,0,0,11548,0,0,0,0.0
1518,1778070952.129598,decode,229,1834985,0.9404165643816492,1834756,229,3977.8259592002773,11548,0,0,11548,0,0,0,0.0
1519,1778070952.1684616,decode,229,1835214,0.9405339252283283,1834985,229,3977.8259592002773,11548,0,0,11548,0,0,0,0.0
1520,1778070952.2072396,decode,229,1835443,0.9406512860750074,1835214,229,3977.8259592002773,11548,0,0,11548,0,0,0,0.0
1521,1778070952.2462206,decode,229,1835672,0.9407686469216865,1835443,229,3977.8259592002773,11548,0,0,11548,0,0,0,0.0
1522,1778070952.2849271,decode,229,1835901,0.9408860077683656,1835672,229,3977.8259592002773,11548,0,0,11548,0,0,0,0.0
1523,1778070952.3238378,decode,229,1836130,0.9410033686150446,1835901,229,3237.095602148612,11548,0,0,11548,0,0,0,0.0
1524,1778070952.3625183,decode,229,1836359,0.9411207294617238,1836130,229,3237.095602148612,11548,0,0,11548,0,0,0,0.0
1525,1778070952.4012156,decode,229,1836588,0.9412380903084028,1836359,229,3237.095602148612,11548,0,0,11548,0,0,0,0.0
1526,1778070952.4402332,decode,229,1836817,0.9413554511550819,1836588,229,3237.095602148612,11548,0,0,11548,0,0,0,0.0
1527,1778070952.4790075,decode,229,1837046,0.9414728120017609,1836817,229,3237.095602148612,11548,0,0,11548,0,0,0,0.0
1528,1778070952.5178196,decode,229,1837275,0.94159017284844,1837046,229,3237.095602148612,11548,0,0,11548,0,0,0,0.0
1529,1778070952.5565875,decode,229,1837504,0.9417075336951191,1837275,229,3237.095602148612,11548,0,0,11548,0,0,0,0.0
1530,1778070952.5955224,decode,229,1837733,0.9418248945417982,1837504,229,3237.095602148612,11548,0,0,11548,0,0,0,0.0
1531,1778070952.6342711,decode,229,1837962,0.9419422553884772,1837733,229,3237.095602148612,11548,0,0,11548,0,0,0,0.0
1532,1778070952.6733115,decode,229,1838191,0.9420596162351563,1837962,229,3237.095602148612,11548,0,0,11548,0,0,0,0.0
1533,1778070952.7118976,decode,229,1838420,0.9421769770818353,1838191,229,3237.095602148612,11548,0,0,11548,0,0,0,0.0
1534,1778070952.750935,decode,229,1838649,0.9422943379285145,1838420,229,3237.095602148612,11548,0,0,11548,0,0,0,0.0
1535,1778070952.7897823,decode,229,1838878,0.9424116987751935,1838649,229,3237.095602148612,11548,0,0,11548,0,0,0,0.0
1536,1778070952.828824,decode,229,1839107,0.9425290596218726,1838878,229,3237.095602148612,11548,0,0,11548,0,0,0,0.0
1537,1778070952.8844967,decode,229,762461,0.390755757728263,1839107,229,3237.095602148612,11548,0,0,11548,0,0,0,0.0
1538,1778070953.4015448,decode,229,1682121,0.8620748680202968,1839336,229,3237.095602148612,11548,0,0,11548,125,0,0,0.0
1541,1778070953.4794207,decode,220,1826341,0.9359865767890995,1762341,220,3237.095602148612,11413,0,0,11413,8,0,0,0.0
1543,1778070953.5383816,decode,228,1826797,0.9362202734968971,1826569,228,3237.095602148612,11405,0,0,11405,0,0,0,0.0
1544,1778070953.5771499,decode,228,1827025,0.9363371218507959,1826797,228,3237.095602148612,11405,0,0,11405,0,0,0,0.0
1545,1778070953.6159496,decode,228,1827253,0.9364539702046948,1827025,228,3237.095602148612,11405,0,0,11405,0,0,0,0.0
1546,1778070953.6546087,decode,228,1827481,0.9365708185585936,1827253,228,3237.095602148612,11405,0,0,11405,0,0,0,0.0
1547,1778070953.6934102,decode,228,1827709,0.9366876669124924,1827481,228,3237.095602148612,11405,0,0,11405,0,0,0,0.0
1548,1778070953.7320187,decode,228,1827937,0.9368045152663912,1827709,228,3237.095602148612,11405,0,0,11405,0,0,0,0.0
1549,1778070953.770913,decode,228,1828165,0.93692136362029,1827937,228,3237.095602148612,11405,0,0,11405,0,0,0,0.0
1550,1778070953.8093672,decode,228,1828393,0.9370382119741888,1828165,228,3237.095602148612,11405,0,0,11405,0,0,0,0.0
1551,1778070953.8481915,decode,228,1828621,0.9371550603280876,1828393,228,3237.095602148612,11405,0,0,11405,0,0,0,0.0
1552,1778070953.8869457,decode,228,1828849,0.9372719086819864,1828621,228,3237.095602148612,11405,0,0,11405,0,0,0,0.0
1553,1778070953.9259002,decode,228,1829077,0.9373887570358853,1828849,228,3237.095602148612,11405,0,0,11405,0,0,0,0.0
1554,1778070953.9646604,decode,228,1829305,0.9375056053897841,1829077,228,3237.095602148612,11405,0,0,11405,0,0,0,0.0
1555,1778070954.0035646,decode,228,1829533,0.9376224537436829,1829305,228,3237.095602148612,11405,0,0,11405,0,0,0,0.0
1556,1778070954.0423303,decode,228,1829761,0.9377393020975817,1829533,228,3237.095602148612,11405,0,0,11405,0,0,0,0.0
1557,1778070954.0808334,decode,228,1829989,0.9378561504514805,1829761,228,3237.095602148612,11405,0,0,11405,0,0,0,0.0
1558,1778070954.1197946,decode,228,1830217,0.9379729988053793,1829989,228,3237.095602148612,11405,0,0,11405,0,0,0,0.0
1559,1778070954.1585848,decode,228,1830445,0.9380898471592781,1830217,228,3237.095602148612,11405,0,0,11405,0,0,0,0.0
1560,1778070954.197409,decode,228,1830673,0.9382066955131769,1830445,228,3237.095602148612,11405,0,0,11405,0,0,0,0.0
1561,1778070954.2361097,decode,228,1830901,0.9383235438670757,1830673,228,3237.095602148612,11405,0,0,11405,0,0,0,0.0
1562,1778070954.2750409,decode,228,1831129,0.9384403922209746,1830901,228,3237.095602148612,11405,0,0,11405,0,0,0,0.0
1563,1778070954.3137379,decode,228,1831357,0.9385572405748734,1831129,228,3237.095602148612,11405,0,0,11405,0,0,0,0.0
1564,1778070954.3524446,decode,228,1831585,0.9386740889287722,1831357,228,3237.095602148612,11405,0,0,11405,0,0,0,0.0
1565,1778070954.4093719,decode,228,618013,0.3167272006055615,1831585,228,3237.095602148612,11405,0,0,11405,0,0,0,0.0
1566,1778070955.055923,decode,228,1681697,0.8618575710814674,1831813,228,3340.660766955731,11405,0,0,11405,142,0,0,0.0
1569,1778070955.1321323,decode,219,1833916,0.9398687095995535,1753916,219,3340.660766955731,11254,0,0,11254,10,0,0,0.0
1571,1778070955.1913972,decode,229,1834374,0.9401034312929116,1834145,229,3340.660766955731,11244,0,0,11244,0,0,0,0.0
1572,1778070955.2302716,decode,229,1834603,0.9402207921395908,1834374,229,3340.660766955731,11244,0,0,11244,0,0,0,0.0
1573,1778070955.2687697,decode,229,1834832,0.9403381529862698,1834603,229,3340.660766955731,11244,0,0,11244,0,0,0,0.0
1574,1778070955.3074627,decode,229,1835061,0.9404555138329489,1834832,229,3340.660766955731,11244,0,0,11244,0,0,0,0.0
1575,1778070955.3464582,decode,229,1835290,0.9405728746796279,1835061,229,3340.660766955731,11244,0,0,11244,0,0,0,0.0
1576,1778070955.3853629,decode,229,1835519,0.940690235526307,1835290,229,3340.660766955731,11244,0,0,11244,0,0,0,0.0
1577,1778070955.423857,decode,229,1835748,0.940807596372986,1835519,229,3340.660766955731,11244,0,0,11244,0,0,0,0.0
1578,1778070955.4627755,decode,229,1835977,0.9409249572196652,1835748,229,3340.660766955731,11244,0,0,11244,0,0,0,0.0
1579,1778070955.501663,decode,229,1836206,0.9410423180663442,1835977,229,3340.660766955731,11244,0,0,11244,0,0,0,0.0
1580,1778070955.5403843,decode,229,1836435,0.9411596789130233,1836206,229,3340.660766955731,11244,0,0,11244,0,0,0,0.0
1581,1778070955.5793269,decode,229,1836664,0.9412770397597023,1836435,229,3340.660766955731,11244,0,0,11244,0,0,0,0.0
1582,1778070955.6179686,decode,229,1836893,0.9413944006063815,1836664,229,3340.660766955731,11244,0,0,11244,0,0,0,0.0
1583,1778070955.6569252,decode,229,1837122,0.9415117614530605,1836893,229,3340.660766955731,11244,0,0,11244,0,0,0,0.0
1584,1778070955.695904,decode,229,1837351,0.9416291222997396,1837122,229,3340.660766955731,11244,0,0,11244,0,0,0,0.0
1585,1778070955.7348216,decode,229,1837580,0.9417464831464186,1837351,229,3340.660766955731,11244,0,0,11244,0,0,0,0.0
1586,1778070955.7733834,decode,229,1837809,0.9418638439930977,1837580,229,3340.660766955731,11244,0,0,11244,0,0,0,0.0
1587,1778070955.81247,decode,229,1838038,0.9419812048397768,1837809,229,3340.660766955731,11244,0,0,11244,0,0,0,0.0
1588,1778070955.851149,decode,229,1838267,0.9420985656864559,1838038,229,3340.660766955731,11244,0,0,11244,0,0,0,0.0
1589,1778070955.8900585,decode,229,1838496,0.942215926533135,1838267,229,3340.660766955731,11244,0,0,11244,0,0,0,0.0
1590,1778070955.9287832,decode,229,1838725,0.942333287379814,1838496,229,3340.660766955731,11244,0,0,11244,0,0,0,0.0
1591,1778070955.9677496,decode,229,1838954,0.9424506482264932,1838725,229,3340.660766955731,11244,0,0,11244,0,0,0,0.0
1592,1778070956.0064278,decode,229,1839183,0.9425680090731722,1838954,229,3340.660766955731,11244,0,0,11244,0,0,0,0.0
1593,1778070956.0630417,decode,229,706262,0.361954175970546,1839183,229,3340.660766955731,11244,0,0,11244,0,0,0,0.0
1594,1778070956.6323464,decode,229,1681947,0.8619856942765319,1839412,229,3340.660766955731,11244,0,0,11244,132,0,0,0.0
1597,1778070956.7085674,decode,219,1826166,0.9358968905525543,1754166,219,3340.660766955731,11103,0,0,11103,9,0,0,0.0
1599,1778070956.767615,decode,228,1826622,0.9361305872603519,1826394,228,3340.660766955731,11094,0,0,11094,0,0,0,0.0
1600,1778070956.8063939,decode,228,1826850,0.9362474356142508,1826622,228,3340.660766955731,11094,0,0,11094,0,0,0,0.0
1601,1778070956.8458326,decode,228,1827078,0.9363642839681496,1826850,228,3340.660766955731,11094,0,0,11094,0,0,0,0.0
1602,1778070956.8839536,decode,228,1827306,0.9364811323220484,1827078,228,3340.660766955731,11094,0,0,11094,0,0,0,0.0
1603,1778070956.923152,decode,228,1827534,0.9365979806759472,1827306,228,3340.660766955731,11094,0,0,11094,0,0,0,0.0
1604,1778070956.9614892,decode,228,1827762,0.936714829029846,1827534,228,3340.660766955731,11094,0,0,11094,0,0,0,0.0
1605,1778070957.0002692,decode,228,1827990,0.9368316773837448,1827762,228,3340.660766955731,11094,0,0,11094,0,0,0,0.0
1606,1778070957.0390556,decode,228,1828218,0.9369485257376436,1827990,228,3340.660766955731,11094,0,0,11094,0,0,0,0.0
1607,1778070957.077438,decode,228,1828446,0.9370653740915424,1828218,228,3340.660766955731,11094,0,0,11094,0,0,0,0.0
1608,1778070957.1162179,decode,228,1828674,0.9371822224454412,1828446,228,3340.660766955731,11094,0,0,11094,0,0,0,0.0
1609,1778070957.154956,decode,228,1828902,0.9372990707993402,1828674,228,3340.660766955731,11094,0,0,11094,0,0,0,0.0
1610,1778070957.193815,decode,228,1829130,0.937415919153239,1828902,228,3340.660766955731,11094,0,0,11094,0,0,0,0.0
1611,1778070957.2325459,decode,228,1829358,0.9375327675071378,1829130,228,3340.660766955731,11094,0,0,11094,0,0,0,0.0
1612,1778070957.2714183,decode,228,1829586,0.9376496158610366,1829358,228,4119.1930469683475,11094,0,0,11094,0,0,0,0.0
1613,1778070957.3101234,decode,228,1829814,0.9377664642149354,1829586,228,4119.1930469683475,11094,0,0,11094,0,0,0,0.0
1614,1778070957.3488326,decode,228,1830042,0.9378833125688342,1829814,228,4119.1930469683475,11094,0,0,11094,0,0,0,0.0
1615,1778070957.3876138,decode,228,1830270,0.938000160922733,1830042,228,4119.1930469683475,11094,0,0,11094,0,0,0,0.0
1616,1778070957.4261866,decode,228,1830498,0.9381170092766318,1830270,228,4119.1930469683475,11094,0,0,11094,0,0,0,0.0
1617,1778070957.465174,decode,228,1830726,0.9382338576305306,1830498,228,4119.1930469683475,11094,0,0,11094,0,0,0,0.0
1618,1778070957.503881,decode,228,1830954,0.9383507059844295,1830726,228,4119.1930469683475,11094,0,0,11094,0,0,0,0.0
1619,1778070957.5428252,decode,228,1831182,0.9384675543383283,1830954,228,4119.1930469683475,11094,0,0,11094,0,0,0,0.0
1620,1778070957.5813777,decode,228,1831410,0.9385844026922271,1831182,228,4119.1930469683475,11094,0,0,11094,0,0,0,0.0
1621,1778070957.6378064,decode,228,642063,0.3290526519707654,1831410,228,4119.1930469683475,11094,0,0,11094,0,0,0,0.0
1622,1778070958.2678435,decode,228,1697796,0.8701081923508402,1831638,228,4119.1930469683475,11094,0,0,11094,140,0,0,0.0
1625,1778070958.341467,decode,219,1826015,0.9358195041427354,1754015,219,4119.1930469683475,10947,0,0,10947,9,0,0,0.0
1627,1778070958.4003417,decode,228,1826471,0.936053200850533,1826243,228,4119.1930469683475,10938,0,0,10938,0,0,0,0.0
1628,1778070958.4390004,decode,228,1826699,0.9361700492044318,1826471,228,4119.1930469683475,10938,0,0,10938,0,0,0,0.0
1629,1778070958.4777055,decode,228,1826927,0.9362868975583306,1826699,228,4119.1930469683475,10938,0,0,10938,0,0,0,0.0
1630,1778070958.5164275,decode,228,1827155,0.9364037459122294,1826927,228,4119.1930469683475,10938,0,0,10938,0,0,0,0.0
1631,1778070958.5553389,decode,228,1827383,0.9365205942661283,1827155,228,4119.1930469683475,10938,0,0,10938,0,0,0,0.0
1632,1778070958.5940912,decode,228,1827611,0.9366374426200271,1827383,228,4119.1930469683475,10938,0,0,10938,0,0,0,0.0
1633,1778070958.6329675,decode,228,1827839,0.9367542909739259,1827611,228,4119.1930469683475,10938,0,0,10938,0,0,0,0.0
1634,1778070958.671493,decode,228,1828067,0.9368711393278247,1827839,228,4119.1930469683475,10938,0,0,10938,0,0,0,0.0
1635,1778070958.7103589,decode,228,1828295,0.9369879876817235,1828067,228,4119.1930469683475,10938,0,0,10938,0,0,0,0.0
1636,1778070958.7491822,decode,228,1828523,0.9371048360356223,1828295,228,4119.1930469683475,10938,0,0,10938,0,0,0,0.0
1637,1778070958.7879114,decode,228,1828751,0.9372216843895211,1828523,228,4119.1930469683475,10938,0,0,10938,0,0,0,0.0
1638,1778070958.826839,decode,228,1828979,0.9373385327434199,1828751,228,4119.1930469683475,10938,0,0,10938,0,0,0,0.0
1639,1778070958.8655398,decode,228,1829207,0.9374553810973187,1828979,228,4119.1930469683475,10938,0,0,10938,0,0,0,0.0
1640,1778070958.9043381,decode,228,1829435,0.9375722294512177,1829207,228,4119.1930469683475,10938,0,0,10938,0,0,0,0.0
1641,1778070958.9431233,decode,228,1829663,0.9376890778051165,1829435,228,4119.1930469683475,10938,0,0,10938,0,0,0,0.0
1642,1778070958.9820287,decode,228,1829891,0.9378059261590153,1829663,228,4119.1930469683475,10938,0,0,10938,0,0,0,0.0
1643,1778070959.0205462,decode,228,1830119,0.9379227745129141,1829891,228,4119.1930469683475,10938,0,0,10938,0,0,0,0.0
1644,1778070959.0593426,decode,228,1830347,0.9380396228668129,1830119,228,4119.1930469683475,10938,0,0,10938,0,0,0,0.0
1645,1778070959.0982914,decode,228,1830575,0.9381564712207117,1830347,228,4119.1930469683475,10938,0,0,10938,0,0,0,0.0
1646,1778070959.1370625,decode,228,1830803,0.9382733195746105,1830575,228,4119.1930469683475,10938,0,0,10938,0,0,0,0.0
1647,1778070959.1758218,decode,228,1831031,0.9383901679285093,1830803,228,4119.1930469683475,10938,0,0,10938,0,0,0,0.0
1648,1778070959.2144818,decode,228,1831259,0.9385070162824081,1831031,228,4119.1930469683475,10938,0,0,10938,0,0,0,0.0
1649,1778070959.2716672,decode,228,618012,0.3167266881127812,1831259,228,4119.1930469683475,10938,0,0,10938,0,0,0,0.0
1650,1778070959.9171617,decode,228,1697744,0.8700815427262668,1831487,228,4119.1930469683475,10938,0,0,10938,142,0,0,0.0
1653,1778070959.9911473,decode,219,1833963,0.9398927967602256,1753963,219,4119.1930469683475,10789,0,0,10789,10,0,0,0.0
1655,1778070960.0500984,decode,229,1834421,0.9401275184535838,1834192,229,4119.1930469683475,10779,0,0,10779,0,0,0,0.0
1656,1778070960.0887275,decode,229,1834650,0.9402448793002629,1834421,229,4119.1930469683475,10779,0,0,10779,0,0,0,0.0
1657,1778070960.1276162,decode,229,1834879,0.9403622401469419,1834650,229,4119.1930469683475,10779,0,0,10779,0,0,0,0.0
1658,1778070960.1666403,decode,229,1835108,0.940479600993621,1834879,229,3145.1827426695995,10779,0,0,10779,0,0,0,0.0
1659,1778070960.2053568,decode,229,1835337,0.9405969618403001,1835108,229,3145.1827426695995,10779,0,0,10779,0,0,0,0.0
1660,1778070960.2439802,decode,229,1835566,0.9407143226869792,1835337,229,3145.1827426695995,10779,0,0,10779,0,0,0,0.0
1661,1778070960.2826877,decode,229,1835795,0.9408316835336582,1835566,229,3145.1827426695995,10779,0,0,10779,0,0,0,0.0
1662,1778070960.3216515,decode,229,1836024,0.9409490443803373,1835795,229,3145.1827426695995,10779,0,0,10779,0,0,0,0.0
1663,1778070960.360474,decode,229,1836253,0.9410664052270163,1836024,229,3145.1827426695995,10779,0,0,10779,0,0,0,0.0
1664,1778070960.3995903,decode,229,1836482,0.9411837660736955,1836253,229,3145.1827426695995,10779,0,0,10779,0,0,0,0.0
1665,1778070960.438164,decode,229,1836711,0.9413011269203745,1836482,229,3145.1827426695995,10779,0,0,10779,0,0,0,0.0
1666,1778070960.4770746,decode,229,1836940,0.9414184877670536,1836711,229,3145.1827426695995,10779,0,0,10779,0,0,0,0.0
1667,1778070960.5158846,decode,229,1837169,0.9415358486137326,1836940,229,3145.1827426695995,10779,0,0,10779,0,0,0,0.0
1668,1778070960.5547402,decode,229,1837398,0.9416532094604118,1837169,229,3145.1827426695995,10779,0,0,10779,0,0,0,0.0
1669,1778070960.5934932,decode,229,1837627,0.9417705703070908,1837398,229,3145.1827426695995,10779,0,0,10779,0,0,0,0.0
1670,1778070960.6324117,decode,229,1837856,0.9418879311537699,1837627,229,3145.1827426695995,10779,0,0,10779,0,0,0,0.0
1671,1778070960.6714728,decode,229,1838085,0.9420052920004489,1837856,229,3145.1827426695995,10779,0,0,10779,0,0,0,0.0
1672,1778070960.7101488,decode,229,1838314,0.942122652847128,1838085,229,3145.1827426695995,10779,0,0,10779,0,0,0,0.0
1673,1778070960.748952,decode,229,1838543,0.942240013693807,1838314,229,3145.1827426695995,10779,0,0,10779,0,0,0,0.0
1674,1778070960.7879913,decode,229,1838772,0.9423573745404862,1838543,229,3145.1827426695995,10779,0,0,10779,0,0,0,0.0
1675,1778070960.8266463,decode,229,1839001,0.9424747353871652,1838772,229,3145.1827426695995,10779,0,0,10779,0,0,0,0.0
1676,1778070960.8654969,decode,229,1839230,0.9425920962338443,1839001,229,3145.1827426695995,10779,0,0,10779,0,0,0,0.0
1677,1778070960.9238496,decode,229,754484,0.3866676028201453,1839230,229,3145.1827426695995,10779,0,0,10779,0,0,0,0.0
1678,1778070961.4492886,decode,229,1682094,0.8620610307152298,1839459,229,3145.1827426695995,10779,0,0,10779,126,0,0,0.0
1681,1778070961.526238,decode,220,1826314,0.9359727394840325,1762314,220,3145.1827426695995,10643,0,0,10643,8,0,0,0.0
1683,1778070961.5844166,decode,228,1826770,0.9362064361918302,1826542,228,3145.1827426695995,10635,0,0,10635,0,0,0,0.0
1684,1778070961.6231394,decode,228,1826998,0.936323284545729,1826770,228,3145.1827426695995,10635,0,0,10635,0,0,0,0.0
1685,1778070961.6617448,decode,228,1827226,0.9364401328996278,1826998,228,3145.1827426695995,10635,0,0,10635,0,0,0,0.0
1686,1778070961.7005453,decode,228,1827454,0.9365569812535266,1827226,228,3145.1827426695995,10635,0,0,10635,0,0,0,0.0
1687,1778070961.7393975,decode,228,1827682,0.9366738296074254,1827454,228,3145.1827426695995,10635,0,0,10635,0,0,0,0.0
1688,1778070961.7780235,decode,228,1827910,0.9367906779613242,1827682,228,3145.1827426695995,10635,0,0,10635,0,0,0,0.0
1689,1778070961.8169086,decode,228,1828138,0.936907526315223,1827910,228,3145.1827426695995,10635,0,0,10635,0,0,0,0.0
1690,1778070961.855644,decode,228,1828366,0.9370243746691218,1828138,228,3145.1827426695995,10635,0,0,10635,0,0,0,0.0
1691,1778070961.8943467,decode,228,1828594,0.9371412230230206,1828366,228,3145.1827426695995,10635,0,0,10635,0,0,0,0.0
1692,1778070961.933248,decode,228,1828822,0.9372580713769195,1828594,228,3145.1827426695995,10635,0,0,10635,0,0,0,0.0
1693,1778070961.972049,decode,228,1829050,0.9373749197308183,1828822,228,3145.1827426695995,10635,0,0,10635,0,0,0,0.0
1694,1778070962.0107327,decode,228,1829278,0.9374917680847171,1829050,228,3145.1827426695995,10635,0,0,10635,0,0,0,0.0
1695,1778070962.049424,decode,228,1829506,0.9376086164386159,1829278,228,3145.1827426695995,10635,0,0,10635,0,0,0,0.0
1696,1778070962.0882618,decode,228,1829734,0.9377254647925147,1829506,228,3145.1827426695995,10635,0,0,10635,0,0,0,0.0
1697,1778070962.1272717,decode,228,1829962,0.9378423131464135,1829734,228,3145.1827426695995,10635,0,0,10635,0,0,0,0.0
1698,1778070962.166014,decode,228,1830190,0.9379591615003123,1829962,228,3145.1827426695995,10635,0,0,10635,0,0,0,0.0
1699,1778070962.204629,decode,228,1830418,0.9380760098542111,1830190,228,3145.1827426695995,10635,0,0,10635,0,0,0,0.0
1700,1778070962.2433789,decode,228,1830646,0.93819285820811,1830418,228,3145.1827426695995,10635,0,0,10635,0,0,0,0.0
1701,1778070962.2821817,decode,228,1830874,0.9383097065620088,1830646,228,4316.610543026674,10635,0,0,10635,0,0,0,0.0
1702,1778070962.3209066,decode,228,1831102,0.9384265549159077,1830874,228,4316.610543026674,10635,0,0,10635,0,0,0,0.0
1703,1778070962.3598974,decode,228,1831330,0.9385434032698065,1831102,228,4316.610543026674,10635,0,0,10635,0,0,0,0.0
1704,1778070962.3986585,decode,228,1831558,0.9386602516237053,1831330,228,4316.610543026674,10635,0,0,10635,0,0,0,0.0
1705,1778070962.455439,decode,228,593986,0.30441353657430353,1831558,228,4316.610543026674,10635,0,0,10635,0,0,0,0.0
1706,1778070963.1252503,decode,228,1665572,0.8535936249998078,1831786,228,4316.610543026674,10635,0,0,10635,145,0,0,0.0
1709,1778070963.203518,decode,219,1833791,0.9398046480020212,1753791,219,4316.610543026674,10479,0,0,10479,10,0,0,0.0
1711,1778070963.2624264,decode,229,1834249,0.9400393696953794,1834020,229,4316.610543026674,10469,0,0,10469,0,0,0,0.0
1712,1778070963.3012688,decode,229,1834478,0.9401567305420585,1834249,229,4316.610543026674,10469,0,0,10469,0,0,0,0.0
1713,1778070963.3400474,decode,229,1834707,0.9402740913887375,1834478,229,4316.610543026674,10469,0,0,10469,0,0,0,0.0
1714,1778070963.3787994,decode,229,1834936,0.9403914522354166,1834707,229,4316.610543026674,10469,0,0,10469,0,0,0,0.0
1715,1778070963.4176333,decode,229,1835165,0.9405088130820957,1834936,229,4316.610543026674,10469,0,0,10469,0,0,0,0.0
1716,1778070963.4563193,decode,229,1835394,0.9406261739287748,1835165,229,4316.610543026674,10469,0,0,10469,0,0,0,0.0
1717,1778070963.4953022,decode,229,1835623,0.9407435347754538,1835394,229,4316.610543026674,10469,0,0,10469,0,0,0,0.0
1718,1778070963.5340137,decode,229,1835852,0.9408608956221329,1835623,229,4316.610543026674,10469,0,0,10469,0,0,0,0.0
1719,1778070963.5728645,decode,229,1836081,0.940978256468812,1835852,229,4316.610543026674,10469,0,0,10469,0,0,0,0.0
1720,1778070963.6115801,decode,229,1836310,0.9410956173154911,1836081,229,4316.610543026674,10469,0,0,10469,0,0,0,0.0
1721,1778070963.6504905,decode,229,1836539,0.9412129781621701,1836310,229,4316.610543026674,10469,0,0,10469,0,0,0,0.0
1722,1778070963.6894119,decode,229,1836768,0.9413303390088492,1836539,229,4316.610543026674,10469,0,0,10469,0,0,0,0.0
1723,1778070963.7284992,decode,229,1836997,0.9414476998555282,1836768,229,4316.610543026674,10469,0,0,10469,0,0,0,0.0
1724,1778070963.767069,decode,229,1837226,0.9415650607022074,1836997,229,4316.610543026674,10469,0,0,10469,0,0,0,0.0
1725,1778070963.8062446,decode,229,1837455,0.9416824215488865,1837226,229,4316.610543026674,10469,0,0,10469,0,0,0,0.0
1726,1778070963.8447187,decode,229,1837684,0.9417997823955655,1837455,229,4316.610543026674,10469,0,0,10469,0,0,0,0.0
1727,1778070963.8837202,decode,229,1837913,0.9419171432422446,1837684,229,4316.610543026674,10469,0,0,10469,0,0,0,0.0
1728,1778070963.9225488,decode,229,1838142,0.9420345040889236,1837913,229,4316.610543026674,10469,0,0,10469,0,0,0,0.0
1729,1778070963.9614344,decode,229,1838371,0.9421518649356028,1838142,229,4316.610543026674,10469,0,0,10469,0,0,0,0.0
1730,1778070964.000202,decode,229,1838600,0.9422692257822818,1838371,229,4316.610543026674,10469,0,0,10469,0,0,0,0.0
1731,1778070964.0392454,decode,229,1838829,0.9423865866289609,1838600,229,4316.610543026674,10469,0,0,10469,0,0,0,0.0
1732,1778070964.0780761,decode,229,1839058,0.9425039474756399,1838829,229,4316.610543026674,10469,0,0,10469,0,0,0,0.0
1733,1778070964.1337678,decode,229,746387,0.38251794877839657,1839058,229,4316.610543026674,10469,0,0,10469,0,0,0,0.0
1734,1778070964.6674902,decode,229,1722192,0.8826109662180134,1839287,229,4316.610543026674,10469,0,0,10469,127,0,0,0.0
1737,1778070964.7368743,decode,220,1826412,0.9360229637764979,1762412,220,4316.610543026674,10337,0,0,10337,8,0,0,0.0
1739,1778070964.7944787,decode,228,1826868,0.9362566604842955,1826640,228,4316.610543026674,10329,0,0,10329,0,0,0,0.0
1740,1778070964.8331795,decode,228,1827096,0.9363735088381943,1826868,228,4316.610543026674,10329,0,0,10329,0,0,0,0.0
1741,1778070964.8717833,decode,228,1827324,0.9364903571920931,1827096,228,4316.610543026674,10329,0,0,10329,0,0,0,0.0
1742,1778070964.9105327,decode,228,1827552,0.9366072055459919,1827324,228,4316.610543026674,10329,0,0,10329,0,0,0,0.0
1743,1778070964.9493787,decode,228,1827780,0.9367240538998907,1827552,228,4316.610543026674,10329,0,0,10329,0,0,0,0.0
1744,1778070964.988305,decode,228,1828008,0.9368409022537895,1827780,228,4316.610543026674,10329,0,0,10329,0,0,0,0.0
1745,1778070965.0269938,decode,228,1828236,0.9369577506076883,1828008,228,4316.610543026674,10329,0,0,10329,0,0,0,0.0
1746,1778070965.0659194,decode,228,1828464,0.9370745989615872,1828236,228,4316.610543026674,10329,0,0,10329,0,0,0,0.0
1747,1778070965.1044347,decode,228,1828692,0.937191447315486,1828464,228,3233.946853734553,10329,0,0,10329,0,0,0,0.0
1748,1778070965.1430855,decode,228,1828920,0.9373082956693848,1828692,228,3233.946853734553,10329,0,0,10329,0,0,0,0.0
1749,1778070965.1818929,decode,228,1829148,0.9374251440232836,1828920,228,3233.946853734553,10329,0,0,10329,0,0,0,0.0
1750,1778070965.2206273,decode,228,1829376,0.9375419923771824,1829148,228,3233.946853734553,10329,0,0,10329,0,0,0,0.0
1751,1778070965.2595453,decode,228,1829604,0.9376588407310812,1829376,228,3233.946853734553,10329,0,0,10329,0,0,0,0.0
1752,1778070965.298273,decode,228,1829832,0.93777568908498,1829604,228,3233.946853734553,10329,0,0,10329,0,0,0,0.0
1753,1778070965.3371782,decode,228,1830060,0.9378925374388788,1829832,228,3233.946853734553,10329,0,0,10329,0,0,0,0.0
1754,1778070965.376001,decode,228,1830288,0.9380093857927776,1830060,228,3233.946853734553,10329,0,0,10329,0,0,0,0.0
1755,1778070965.4147549,decode,228,1830516,0.9381262341466765,1830288,228,3233.946853734553,10329,0,0,10329,0,0,0,0.0
1756,1778070965.4536433,decode,228,1830744,0.9382430825005753,1830516,228,3233.946853734553,10329,0,0,10329,0,0,0,0.0
1757,1778070965.4923513,decode,228,1830972,0.9383599308544741,1830744,228,3233.946853734553,10329,0,0,10329,0,0,0,0.0
1758,1778070965.5312846,decode,228,1831200,0.9384767792083729,1830972,228,3233.946853734553,10329,0,0,10329,0,0,0,0.0
1759,1778070965.5700912,decode,228,1831428,0.9385936275622717,1831200,228,3233.946853734553,10329,0,0,10329,0,0,0,0.0
1760,1778070965.608986,decode,228,1831656,0.9387104759161705,1831428,228,3233.946853734553,10329,0,0,10329,0,0,0,0.0
1761,1778070965.665461,decode,228,594034,0.3044381362277559,1831656,228,3233.946853734553,10329,0,0,10329,0,0,0,0.0
1762,1778070966.336652,decode,228,1641498,0.8412558738078777,1831884,228,3233.946853734553,10329,0,0,10329,145,0,0,0.0
1765,1778070966.4174762,decode,218,1833716,0.9397662110435019,1745716,218,3233.946853734553,10171,0,0,10171,11,0,0,0.0
1767,1778070966.4760702,decode,229,1834174,0.94000093273686,1833945,229,3233.946853734553,10160,0,0,10160,0,0,0,0.0
1768,1778070966.514868,decode,229,1834403,0.9401182935835392,1834174,229,3233.946853734553,10160,0,0,10160,0,0,0,0.0
1769,1778070966.5537047,decode,229,1834632,0.9402356544302182,1834403,229,3233.946853734553,10160,0,0,10160,0,0,0,0.0
1770,1778070966.5925195,decode,229,1834861,0.9403530152768973,1834632,229,3233.946853734553,10160,0,0,10160,0,0,0,0.0
1771,1778070966.631404,decode,229,1835090,0.9404703761235763,1834861,229,3233.946853734553,10160,0,0,10160,0,0,0,0.0
1772,1778070966.6701725,decode,229,1835319,0.9405877369702554,1835090,229,3233.946853734553,10160,0,0,10160,0,0,0,0.0
1773,1778070966.7089126,decode,229,1835548,0.9407050978169345,1835319,229,3233.946853734553,10160,0,0,10160,0,0,0,0.0
1774,1778070966.7477329,decode,229,1835777,0.9408224586636136,1835548,229,3233.946853734553,10160,0,0,10160,0,0,0,0.0
1775,1778070966.7866828,decode,229,1836006,0.9409398195102926,1835777,229,3233.946853734553,10160,0,0,10160,0,0,0,0.0
1776,1778070966.8254802,decode,229,1836235,0.9410571803569717,1836006,229,3233.946853734553,10160,0,0,10160,0,0,0,0.0
1777,1778070966.8644583,decode,229,1836464,0.9411745412036507,1836235,229,3233.946853734553,10160,0,0,10160,0,0,0,0.0
1778,1778070966.9031081,decode,229,1836693,0.9412919020503299,1836464,229,3233.946853734553,10160,0,0,10160,0,0,0,0.0
1779,1778070966.9420452,decode,229,1836922,0.941409262897009,1836693,229,3233.946853734553,10160,0,0,10160,0,0,0,0.0
1780,1778070966.9805274,decode,229,1837151,0.941526623743688,1836922,229,3233.946853734553,10160,0,0,10160,0,0,0,0.0
1781,1778070967.0194745,decode,229,1837380,0.9416439845903671,1837151,229,3233.946853734553,10160,0,0,10160,0,0,0,0.0
1782,1778070967.0582814,decode,229,1837609,0.9417613454370461,1837380,229,3233.946853734553,10160,0,0,10160,0,0,0,0.0
1783,1778070967.0969932,decode,229,1837838,0.9418787062837253,1837609,229,3233.946853734553,10160,0,0,10160,0,0,0,0.0
1784,1778070967.1360004,decode,229,1838067,0.9419960671304043,1837838,229,3233.946853734553,10160,0,0,10160,0,0,0,0.0
1785,1778070967.1748152,decode,229,1838296,0.9421134279770834,1838067,229,3233.946853734553,10160,0,0,10160,0,0,0,0.0
1786,1778070967.2136114,decode,229,1838525,0.9422307888237624,1838296,229,3233.946853734553,10160,0,0,10160,0,0,0,0.0
1787,1778070967.2525375,decode,229,1838754,0.9423481496704416,1838525,229,3233.946853734553,10160,0,0,10160,0,0,0,0.0
1788,1778070967.2913177,decode,229,1838983,0.9424655105171206,1838754,229,3233.946853734553,10160,0,0,10160,0,0,0,0.0
1789,1778070967.347078,decode,229,770437,0.3948434001436005,1838983,229,3233.946853734553,10160,0,0,10160,0,0,0,0.0
1790,1778070967.8588507,decode,229,1690171,0.8662004349013733,1839212,229,3316.125515529458,10160,0,0,10160,124,0,0,0.0
1793,1778070967.933393,decode,220,1826391,0.9360122014281124,1762391,220,3316.125515529458,10027,0,0,10027,8,0,0,0.0
1795,1778070967.9903424,decode,228,1826847,0.93624589813591,1826619,228,3316.125515529458,10019,0,0,10019,0,0,0,0.0
1796,1778070968.0292006,decode,228,1827075,0.9363627464898088,1826847,228,3316.125515529458,10019,0,0,10019,0,0,0,0.0
1797,1778070968.0680702,decode,228,1827303,0.9364795948437077,1827075,228,3316.125515529458,10019,0,0,10019,0,0,0,0.0
1798,1778070968.1065733,decode,228,1827531,0.9365964431976065,1827303,228,3316.125515529458,10019,0,0,10019,0,0,0,0.0
1799,1778070968.145532,decode,228,1827759,0.9367132915515053,1827531,228,3316.125515529458,10019,0,0,10019,0,0,0,0.0
1800,1778070968.184204,decode,228,1827987,0.9368301399054041,1827759,228,3316.125515529458,10019,0,0,10019,0,0,0,0.0
1801,1778070968.2228978,decode,228,1828215,0.9369469882593029,1827987,228,3316.125515529458,10019,0,0,10019,0,0,0,0.0
1802,1778070968.261813,decode,228,1828443,0.9370638366132017,1828215,228,3316.125515529458,10019,0,0,10019,0,0,0,0.0
1803,1778070968.300497,decode,228,1828671,0.9371806849671005,1828443,228,3316.125515529458,10019,0,0,10019,0,0,0,0.0
1804,1778070968.3394272,decode,228,1828899,0.9372975333209993,1828671,228,3316.125515529458,10019,0,0,10019,0,0,0,0.0
1805,1778070968.3780992,decode,228,1829127,0.9374143816748981,1828899,228,3316.125515529458,10019,0,0,10019,0,0,0,0.0
1806,1778070968.417041,decode,228,1829355,0.937531230028797,1829127,228,3316.125515529458,10019,0,0,10019,0,0,0,0.0
1807,1778070968.4556112,decode,228,1829583,0.9376480783826958,1829355,228,3316.125515529458,10019,0,0,10019,0,0,0,0.0
1808,1778070968.4944954,decode,228,1829811,0.9377649267365946,1829583,228,3316.125515529458,10019,0,0,10019,0,0,0,0.0
1809,1778070968.5333116,decode,228,1830039,0.9378817750904934,1829811,228,3316.125515529458,10019,0,0,10019,0,0,0,0.0
1810,1778070968.5722632,decode,228,1830267,0.9379986234443922,1830039,228,3316.125515529458,10019,0,0,10019,0,0,0,0.0
1811,1778070968.6109753,decode,228,1830495,0.938115471798291,1830267,228,3316.125515529458,10019,0,0,10019,0,0,0,0.0
1812,1778070968.6496117,decode,228,1830723,0.9382323201521898,1830495,228,3316.125515529458,10019,0,0,10019,0,0,0,0.0
1813,1778070968.688542,decode,228,1830951,0.9383491685060886,1830723,228,3316.125515529458,10019,0,0,10019,0,0,0,0.0
1814,1778070968.7274873,decode,228,1831179,0.9384660168599875,1830951,228,3316.125515529458,10019,0,0,10019,0,0,0,0.0
1815,1778070968.766345,decode,228,1831407,0.9385828652138863,1831179,228,3316.125515529458,10019,0,0,10019,0,0,0,0.0
1816,1778070968.8051405,decode,228,1831635,0.9386997135677851,1831407,228,3316.125515529458,10019,0,0,10019,0,0,0,0.0
1817,1778070968.8607478,decode,228,690238,0.3537419916596925,1831635,228,3316.125515529458,10019,0,0,10019,0,0,0,0.0
1818,1778070969.4412432,decode,228,1689922,0.866072824199089,1831863,228,3316.125515529458,10019,0,0,10019,134,0,0,0.0
1821,1778070969.5131426,decode,219,1826141,0.9358840782330479,1754141,219,3316.125515529458,9877,0,0,9877,9,0,0,0.0
1823,1778070969.5702715,decode,228,1826597,0.9361177749408455,1826369,228,3316.125515529458,9868,0,0,9868,0,0,0,0.0
1824,1778070969.6091404,decode,228,1826825,0.9362346232947444,1826597,228,3316.125515529458,9868,0,0,9868,0,0,0,0.0
1825,1778070969.6477356,decode,228,1827053,0.9363514716486432,1826825,228,3316.125515529458,9868,0,0,9868,0,0,0,0.0
1826,1778070969.686551,decode,228,1827281,0.936468320002542,1827053,228,3316.125515529458,9868,0,0,9868,0,0,0,0.0
1827,1778070969.725176,decode,228,1827509,0.9365851683564408,1827281,228,3316.125515529458,9868,0,0,9868,0,0,0,0.0
1828,1778070969.763962,decode,228,1827737,0.9367020167103396,1827509,228,3316.125515529458,9868,0,0,9868,0,0,0,0.0
1829,1778070969.8027952,decode,228,1827965,0.9368188650642384,1827737,228,3316.125515529458,9868,0,0,9868,0,0,0,0.0
1830,1778070969.841498,decode,228,1828193,0.9369357134181372,1827965,228,3316.125515529458,9868,0,0,9868,0,0,0,0.0
1831,1778070969.8802466,decode,228,1828421,0.937052561772036,1828193,228,3316.125515529458,9868,0,0,9868,0,0,0,0.0
1832,1778070969.9190714,decode,228,1828649,0.9371694101259348,1828421,228,3316.125515529458,9868,0,0,9868,0,0,0,0.0
1833,1778070969.957825,decode,228,1828877,0.9372862584798337,1828649,228,3316.125515529458,9868,0,0,9868,0,0,0,0.0
1834,1778070969.9965017,decode,228,1829105,0.9374031068337325,1828877,228,3316.125515529458,9868,0,0,9868,0,0,0,0.0
1835,1778070970.035412,decode,228,1829333,0.9375199551876313,1829105,228,3316.125515529458,9868,0,0,9868,0,0,0,0.0
1836,1778070970.0740497,decode,228,1829561,0.9376368035415301,1829333,228,4109.351015550813,9868,0,0,9868,0,0,0,0.0
1837,1778070970.112784,decode,228,1829789,0.9377536518954289,1829561,228,4109.351015550813,9868,0,0,9868,0,0,0,0.0
1838,1778070970.1515226,decode,228,1830017,0.9378705002493277,1829789,228,4109.351015550813,9868,0,0,9868,0,0,0,0.0
1839,1778070970.190622,decode,228,1830245,0.9379873486032265,1830017,228,4109.351015550813,9868,0,0,9868,0,0,0,0.0
1840,1778070970.229341,decode,228,1830473,0.9381041969571253,1830245,228,4109.351015550813,9868,0,0,9868,0,0,0,0.0
1841,1778070970.2681592,decode,228,1830701,0.9382210453110241,1830473,228,4109.351015550813,9868,0,0,9868,0,0,0,0.0
1842,1778070970.3069189,decode,228,1830929,0.938337893664923,1830701,228,4109.351015550813,9868,0,0,9868,0,0,0,0.0
1843,1778070970.3458545,decode,228,1831157,0.9384547420188218,1830929,228,4109.351015550813,9868,0,0,9868,0,0,0,0.0
1844,1778070970.3847697,decode,228,1831385,0.9385715903727206,1831157,228,4109.351015550813,9868,0,0,9868,0,0,0,0.0
1845,1778070970.441502,decode,228,593913,0.30437612460134467,1831385,228,4109.351015550813,9868,0,0,9868,0,0,0,0.0
1846,1778070971.1071482,decode,228,1697670,0.8700436182605278,1831613,228,4109.351015550813,9868,0,0,9868,145,0,0,0.0
1849,1778070971.177867,decode,219,1833889,0.9398548722944865,1753889,219,4109.351015550813,9716,0,0,9716,10,0,0,0.0
1851,1778070971.2356355,decode,229,1834347,0.9400895939878448,1834118,229,4109.351015550813,9706,0,0,9706,0,0,0,0.0
1852,1778070971.2746108,decode,229,1834576,0.9402069548345238,1834347,229,4109.351015550813,9706,0,0,9706,0,0,0,0.0
1853,1778070971.3135045,decode,229,1834805,0.9403243156812029,1834576,229,4109.351015550813,9706,0,0,9706,0,0,0,0.0
1854,1778070971.3521035,decode,229,1835034,0.9404416765278819,1834805,229,4109.351015550813,9706,0,0,9706,0,0,0,0.0
1855,1778070971.3909087,decode,229,1835263,0.940559037374561,1835034,229,4109.351015550813,9706,0,0,9706,0,0,0,0.0
1856,1778070971.4297385,decode,229,1835492,0.94067639822124,1835263,229,4109.351015550813,9706,0,0,9706,0,0,0,0.0
1857,1778070971.4685655,decode,229,1835721,0.9407937590679192,1835492,229,4109.351015550813,9706,0,0,9706,0,0,0,0.0
1858,1778070971.507418,decode,229,1835950,0.9409111199145982,1835721,229,4109.351015550813,9706,0,0,9706,0,0,0,0.0
1859,1778070971.54627,decode,229,1836179,0.9410284807612773,1835950,229,4109.351015550813,9706,0,0,9706,0,0,0,0.0
1860,1778070971.5851362,decode,229,1836408,0.9411458416079563,1836179,229,4109.351015550813,9706,0,0,9706,0,0,0,0.0
1861,1778070971.6240332,decode,229,1836637,0.9412632024546355,1836408,229,4109.351015550813,9706,0,0,9706,0,0,0,0.0
1862,1778070971.6626215,decode,229,1836866,0.9413805633013145,1836637,229,4109.351015550813,9706,0,0,9706,0,0,0,0.0
1863,1778070971.7015216,decode,229,1837095,0.9414979241479936,1836866,229,4109.351015550813,9706,0,0,9706,0,0,0,0.0
1864,1778070971.7403445,decode,229,1837324,0.9416152849946726,1837095,229,4109.351015550813,9706,0,0,9706,0,0,0,0.0
1865,1778070971.779111,decode,229,1837553,0.9417326458413517,1837324,229,4109.351015550813,9706,0,0,9706,0,0,0,0.0
1866,1778070971.8180587,decode,229,1837782,0.9418500066880308,1837553,229,4109.351015550813,9706,0,0,9706,0,0,0,0.0
1867,1778070971.85684,decode,229,1838011,0.9419673675347099,1837782,229,4109.351015550813,9706,0,0,9706,0,0,0,0.0
1868,1778070971.8957398,decode,229,1838240,0.9420847283813889,1838011,229,4109.351015550813,9706,0,0,9706,0,0,0,0.0
1869,1778070971.9345605,decode,229,1838469,0.942202089228068,1838240,229,4109.351015550813,9706,0,0,9706,0,0,0,0.0
1870,1778070971.97352,decode,229,1838698,0.942319450074747,1838469,229,4109.351015550813,9706,0,0,9706,0,0,0,0.0
1871,1778070972.0122592,decode,229,1838927,0.9424368109214262,1838698,229,4109.351015550813,9706,0,0,9706,0,0,0,0.0
1872,1778070972.0512695,decode,229,1839156,0.9425541717681052,1838927,229,4109.351015550813,9706,0,0,9706,0,0,0,0.0
1873,1778070972.1062741,decode,229,786560,0.4031063212396995,1839156,229,4109.351015550813,9706,0,0,9706,0,0,0,0.0
1874,1778070972.6083536,decode,229,1706243,0.8744372188656793,1839385,229,4109.351015550813,9706,0,0,9706,123,0,0,0.0
1877,1778070972.6789339,decode,220,1826463,0.936049100908291,1762463,220,4109.351015550813,9576,0,0,9576,8,0,0,0.0
1879,1778070972.7356167,decode,228,1826919,0.9362827976160886,1826691,228,4109.351015550813,9568,0,0,9568,0,0,0,0.0
1880,1778070972.7743576,decode,228,1827147,0.9363996459699874,1826919,228,4109.351015550813,9568,0,0,9568,0,0,0,0.0
1881,1778070972.812996,decode,228,1827375,0.9365164943238862,1827147,228,4109.351015550813,9568,0,0,9568,0,0,0,0.0
1882,1778070972.8520164,decode,228,1827603,0.936633342677785,1827375,228,3285.495374256725,9568,0,0,9568,0,0,0,0.0
1883,1778070972.8906243,decode,228,1827831,0.9367501910316839,1827603,228,3285.495374256725,9568,0,0,9568,0,0,0,0.0
1884,1778070972.9294062,decode,228,1828059,0.9368670393855827,1827831,228,3285.495374256725,9568,0,0,9568,0,0,0,0.0
1885,1778070972.9681196,decode,228,1828287,0.9369838877394815,1828059,228,3285.495374256725,9568,0,0,9568,0,0,0,0.0
1886,1778070973.006853,decode,228,1828515,0.9371007360933803,1828287,228,3285.495374256725,9568,0,0,9568,0,0,0,0.0
1887,1778070973.045745,decode,228,1828743,0.9372175844472791,1828515,228,3285.495374256725,9568,0,0,9568,0,0,0,0.0
1888,1778070973.0845528,decode,228,1828971,0.9373344328011779,1828743,228,3285.495374256725,9568,0,0,9568,0,0,0,0.0
1889,1778070973.123279,decode,228,1829199,0.9374512811550767,1828971,228,3285.495374256725,9568,0,0,9568,0,0,0,0.0
1890,1778070973.1621177,decode,228,1829427,0.9375681295089755,1829199,228,3285.495374256725,9568,0,0,9568,0,0,0,0.0
1891,1778070973.2008498,decode,228,1829655,0.9376849778628743,1829427,228,3285.495374256725,9568,0,0,9568,0,0,0,0.0
1892,1778070973.2397025,decode,228,1829883,0.9378018262167732,1829655,228,3285.495374256725,9568,0,0,9568,0,0,0,0.0
1893,1778070973.2784457,decode,228,1830111,0.937918674570672,1829883,228,3285.495374256725,9568,0,0,9568,0,0,0,0.0
1894,1778070973.3173735,decode,228,1830339,0.9380355229245708,1830111,228,3285.495374256725,9568,0,0,9568,0,0,0,0.0
1895,1778070973.3561957,decode,228,1830567,0.9381523712784696,1830339,228,3285.495374256725,9568,0,0,9568,0,0,0,0.0
1896,1778070973.3948805,decode,228,1830795,0.9382692196323684,1830567,228,3285.495374256725,9568,0,0,9568,0,0,0,0.0
1897,1778070973.4335606,decode,228,1831023,0.9383860679862672,1830795,228,3285.495374256725,9568,0,0,9568,0,0,0,0.0
1898,1778070973.4724927,decode,228,1831251,0.938502916340166,1831023,228,3285.495374256725,9568,0,0,9568,0,0,0,0.0
1899,1778070973.511319,decode,228,1831479,0.9386197646940648,1831251,228,3285.495374256725,9568,0,0,9568,0,0,0,0.0
1900,1778070973.5499148,decode,228,1831707,0.9387366130479637,1831479,228,3285.495374256725,9568,0,0,9568,0,0,0,0.0
1901,1778070973.606315,decode,228,618085,0.31676410008574,1831707,228,3285.495374256725,9568,0,0,9568,0,0,0,0.0
1902,1778070974.2470083,decode,228,1657622,0.8495193073967571,1831935,228,3285.495374256725,9568,0,0,9568,142,0,0,0.0
1905,1778070974.3242807,decode,219,1833841,0.9398302726410341,1753841,219,3285.495374256725,9414,0,0,9414,10,0,0,0.0
1907,1778070974.3815923,decode,229,1834299,0.9400649943343923,1834070,229,3285.495374256725,9404,0,0,9404,0,0,0,0.0
1908,1778070974.420427,decode,229,1834528,0.9401823551810714,1834299,229,3285.495374256725,9404,0,0,9404,0,0,0,0.0
1909,1778070974.459226,decode,229,1834757,0.9402997160277504,1834528,229,3285.495374256725,9404,0,0,9404,0,0,0,0.0
1910,1778070974.498085,decode,229,1834986,0.9404170768744295,1834757,229,3285.495374256725,9404,0,0,9404,0,0,0,0.0
1911,1778070974.5369132,decode,229,1835215,0.9405344377211086,1834986,229,3285.495374256725,9404,0,0,9404,0,0,0,0.0
1912,1778070974.5756137,decode,229,1835444,0.9406517985677877,1835215,229,3285.495374256725,9404,0,0,9404,0,0,0,0.0
1913,1778070974.614395,decode,229,1835673,0.9407691594144667,1835444,229,3285.495374256725,9404,0,0,9404,0,0,0,0.0
1914,1778070974.6532862,decode,229,1835902,0.9408865202611458,1835673,229,3285.495374256725,9404,0,0,9404,0,0,0,0.0
1915,1778070974.6921008,decode,229,1836131,0.9410038811078248,1835902,229,3285.495374256725,9404,0,0,9404,0,0,0,0.0
1916,1778070974.7309613,decode,229,1836360,0.941121241954504,1836131,229,3285.495374256725,9404,0,0,9404,0,0,0,0.0
1917,1778070974.769844,decode,229,1836589,0.941238602801183,1836360,229,3285.495374256725,9404,0,0,9404,0,0,0,0.0
1918,1778070974.808596,decode,229,1836818,0.9413559636478621,1836589,229,3285.495374256725,9404,0,0,9404,0,0,0,0.0
1919,1778070974.8473182,decode,229,1837047,0.9414733244945411,1836818,229,3285.495374256725,9404,0,0,9404,0,0,0,0.0
1920,1778070974.8863878,decode,229,1837276,0.9415906853412203,1837047,229,3285.495374256725,9404,0,0,9404,0,0,0,0.0
1921,1778070974.925121,decode,229,1837505,0.9417080461878993,1837276,229,3285.495374256725,9404,0,0,9404,0,0,0,0.0
1922,1778070974.963929,decode,229,1837734,0.9418254070345784,1837505,229,3285.495374256725,9404,0,0,9404,0,0,0,0.0
1923,1778070975.0028567,decode,229,1837963,0.9419427678812575,1837734,229,3285.495374256725,9404,0,0,9404,0,0,0,0.0
1924,1778070975.0416515,decode,229,1838192,0.9420601287279365,1837963,229,3285.495374256725,9404,0,0,9404,0,0,0,0.0
1925,1778070975.0806112,decode,229,1838421,0.9421774895746157,1838192,229,4096.756845051448,9404,0,0,9404,0,0,0,0.0
1926,1778070975.1193671,decode,229,1838650,0.9422948504212947,1838421,229,4096.756845051448,9404,0,0,9404,0,0,0,0.0
1927,1778070975.1581903,decode,229,1838879,0.9424122112679738,1838650,229,4096.756845051448,9404,0,0,9404,0,0,0,0.0
1928,1778070975.1970663,decode,229,1839108,0.9425295721146528,1838879,229,4096.756845051448,9404,0,0,9404,0,0,0,0.0
1929,1778070975.252128,decode,229,778487,0.39896896702467705,1839108,229,4096.756845051448,9404,0,0,9404,0,0,0,0.0
1930,1778070975.7596004,decode,229,1698196,0.8703131894629434,1839337,229,4096.756845051448,9404,0,0,9404,124,0,0,0.0
1933,1778070975.8302596,decode,220,1826416,0.9360250137476188,1762416,220,4096.756845051448,9272,0,0,9272,8,0,0,0.0
1935,1778070975.8868382,decode,228,1826872,0.9362587104554164,1826644,228,4096.756845051448,9264,0,0,9264,0,0,0,0.0
1936,1778070975.9260263,decode,228,1827100,0.9363755588093152,1826872,228,4096.756845051448,9264,0,0,9264,0,0,0,0.0
1937,1778070975.9642243,decode,228,1827328,0.9364924071632141,1827100,228,4096.756845051448,9264,0,0,9264,0,0,0,0.0
1938,1778070976.003175,decode,228,1827556,0.9366092555171129,1827328,228,4096.756845051448,9264,0,0,9264,0,0,0,0.0
1939,1778070976.0419483,decode,228,1827784,0.9367261038710117,1827556,228,4096.756845051448,9264,0,0,9264,0,0,0,0.0
1940,1778070976.080663,decode,228,1828012,0.9368429522249105,1827784,228,4096.756845051448,9264,0,0,9264,0,0,0,0.0
1941,1778070976.1194568,decode,228,1828240,0.9369598005788093,1828012,228,4096.756845051448,9264,0,0,9264,0,0,0,0.0
1942,1778070976.158065,decode,228,1828468,0.9370766489327081,1828240,228,4096.756845051448,9264,0,0,9264,0,0,0,0.0
1943,1778070976.1969063,decode,228,1828696,0.937193497286607,1828468,228,4096.756845051448,9264,0,0,9264,0,0,0,0.0
1944,1778070976.235844,decode,228,1828924,0.9373103456405057,1828696,228,4096.756845051448,9264,0,0,9264,0,0,0,0.0
1945,1778070976.2748444,decode,228,1829152,0.9374271939944046,1828924,228,4096.756845051448,9264,0,0,9264,0,0,0,0.0
1946,1778070976.3133168,decode,228,1829380,0.9375440423483035,1829152,228,4096.756845051448,9264,0,0,9264,0,0,0,0.0
1947,1778070976.3518891,decode,228,1829608,0.9376608907022023,1829380,228,4096.756845051448,9264,0,0,9264,0,0,0,0.0
1948,1778070976.3908405,decode,228,1829836,0.9377777390561011,1829608,228,4096.756845051448,9264,0,0,9264,0,0,0,0.0
1949,1778070976.4295807,decode,228,1830064,0.9378945874099999,1829836,228,4096.756845051448,9264,0,0,9264,0,0,0,0.0
1950,1778070976.4683092,decode,228,1830292,0.9380114357638987,1830064,228,4096.756845051448,9264,0,0,9264,0,0,0,0.0
1951,1778070976.5071473,decode,228,1830520,0.9381282841177975,1830292,228,4096.756845051448,9264,0,0,9264,0,0,0,0.0
1952,1778070976.5457957,decode,228,1830748,0.9382451324716963,1830520,228,4096.756845051448,9264,0,0,9264,0,0,0,0.0
1953,1778070976.5847435,decode,228,1830976,0.9383619808255951,1830748,228,4096.756845051448,9264,0,0,9264,0,0,0,0.0
1954,1778070976.6235564,decode,228,1831204,0.9384788291794939,1830976,228,4096.756845051448,9264,0,0,9264,0,0,0,0.0
1955,1778070976.6625235,decode,228,1831432,0.9385956775333928,1831204,228,4096.756845051448,9264,0,0,9264,0,0,0,0.0
1956,1778070976.7012322,decode,228,1831660,0.9387125258872916,1831432,228,4096.756845051448,9264,0,0,9264,0,0,0,0.0
1957,1778070976.7592053,decode,228,593938,0.3043889369208511,1831660,228,4096.756845051448,9264,0,0,9264,0,0,0,0.0
1958,1778070977.42396,decode,228,1681622,0.8618191341229481,1831888,228,4096.756845051448,9264,0,0,9264,145,0,0,0.0
1961,1778070977.4961944,decode,219,1833841,0.9398302726410341,1753841,219,4096.756845051448,9110,0,0,9110,10,0,0,0.0
1963,1778070977.553579,decode,229,1834299,0.9400649943343923,1834070,229,4096.756845051448,9100,0,0,9100,0,0,0,0.0
1964,1778070977.5925245,decode,229,1834528,0.9401823551810714,1834299,229,4096.756845051448,9100,0,0,9100,0,0,0,0.0
1965,1778070977.631349,decode,229,1834757,0.9402997160277504,1834528,229,4096.756845051448,9100,0,0,9100,0,0,0,0.0
1966,1778070977.6700182,decode,229,1834986,0.9404170768744295,1834757,229,4096.756845051448,9100,0,0,9100,0,0,0,0.0
1967,1778070977.7089367,decode,229,1835215,0.9405344377211086,1834986,229,4096.756845051448,9100,0,0,9100,0,0,0,0.0
1968,1778070977.7476041,decode,229,1835444,0.9406517985677877,1835215,229,4096.756845051448,9100,0,0,9100,0,0,0,0.0
1969,1778070977.7864091,decode,229,1835673,0.9407691594144667,1835444,229,4096.756845051448,9100,0,0,9100,0,0,0,0.0
1970,1778070977.8252556,decode,229,1835902,0.9408865202611458,1835673,229,4096.756845051448,9100,0,0,9100,0,0,0,0.0
1971,1778070977.8643954,decode,229,1836131,0.9410038811078248,1835902,229,3275.0345285464214,9100,0,0,9100,0,0,0,0.0
1972,1778070977.9030626,decode,229,1836360,0.941121241954504,1836131,229,3275.0345285464214,9100,0,0,9100,0,0,0,0.0
1973,1778070977.9419465,decode,229,1836589,0.941238602801183,1836360,229,3275.0345285464214,9100,0,0,9100,0,0,0,0.0
1974,1778070977.9807444,decode,229,1836818,0.9413559636478621,1836589,229,3275.0345285464214,9100,0,0,9100,0,0,0,0.0
1975,1778070978.01974,decode,229,1837047,0.9414733244945411,1836818,229,3275.0345285464214,9100,0,0,9100,0,0,0,0.0
1976,1778070978.0583324,decode,229,1837276,0.9415906853412203,1837047,229,3275.0345285464214,9100,0,0,9100,0,0,0,0.0
1977,1778070978.0973096,decode,229,1837505,0.9417080461878993,1837276,229,3275.0345285464214,9100,0,0,9100,0,0,0,0.0
1978,1778070978.1360354,decode,229,1837734,0.9418254070345784,1837505,229,3275.0345285464214,9100,0,0,9100,0,0,0,0.0
1979,1778070978.1750364,decode,229,1837963,0.9419427678812575,1837734,229,3275.0345285464214,9100,0,0,9100,0,0,0,0.0
1980,1778070978.2137523,decode,229,1838192,0.9420601287279365,1837963,229,3275.0345285464214,9100,0,0,9100,0,0,0,0.0
1981,1778070978.2525926,decode,229,1838421,0.9421774895746157,1838192,229,3275.0345285464214,9100,0,0,9100,0,0,0,0.0
1982,1778070978.2915092,decode,229,1838650,0.9422948504212947,1838421,229,3275.0345285464214,9100,0,0,9100,0,0,0,0.0
1983,1778070978.3304565,decode,229,1838879,0.9424122112679738,1838650,229,3275.0345285464214,9100,0,0,9100,0,0,0,0.0
1984,1778070978.3691254,decode,229,1839108,0.9425295721146528,1838879,229,3275.0345285464214,9100,0,0,9100,0,0,0,0.0
1985,1778070978.4269586,decode,229,730337,0.3742924396552564,1839108,229,3275.0345285464214,9100,0,0,9100,0,0,0,0.0
1986,1778070978.9684331,decode,229,1690046,0.8661363733038411,1839337,229,3275.0345285464214,9100,0,0,9100,129,0,0,0.0
1989,1778070979.0402093,decode,220,1826266,0.9359481398305801,1762266,220,3275.0345285464214,8962,0,0,8962,8,0,0,0.0
1991,1778070979.096489,decode,228,1826722,0.9361818365383777,1826494,228,3275.0345285464214,8954,0,0,8954,0,0,0,0.0
1992,1778070979.1353352,decode,228,1826950,0.9362986848922766,1826722,228,3275.0345285464214,8954,0,0,8954,0,0,0,0.0
1993,1778070979.1740685,decode,228,1827178,0.9364155332461754,1826950,228,3275.0345285464214,8954,0,0,8954,0,0,0,0.0
1994,1778070979.21306,decode,228,1827406,0.9365323816000742,1827178,228,3275.0345285464214,8954,0,0,8954,0,0,0,0.0
1995,1778070979.2518532,decode,228,1827634,0.936649229953973,1827406,228,3275.0345285464214,8954,0,0,8954,0,0,0,0.0
1996,1778070979.290437,decode,228,1827862,0.9367660783078718,1827634,228,3275.0345285464214,8954,0,0,8954,0,0,0,0.0
1997,1778070979.3293662,decode,228,1828090,0.9368829266617706,1827862,228,3275.0345285464214,8954,0,0,8954,0,0,0,0.0
1998,1778070979.36819,decode,228,1828318,0.9369997750156694,1828090,228,3275.0345285464214,8954,0,0,8954,0,0,0,0.0
1999,1778070979.406748,decode,228,1828546,0.9371166233695682,1828318,228,3275.0345285464214,8954,0,0,8954,0,0,0,0.0
2000,1778070979.4455352,decode,228,1828774,0.937233471723467,1828546,228,3275.0345285464214,8954,0,0,8954,0,0,0,0.0
2001,1778070979.4842932,decode,228,1829002,0.937350320077366,1828774,228,3275.0345285464214,8954,0,0,8954,0,0,0,0.0
2002,1778070979.5233295,decode,228,1829230,0.9374671684312648,1829002,228,3275.0345285464214,8954,0,0,8954,0,0,0,0.0
2003,1778070979.5619435,decode,228,1829458,0.9375840167851636,1829230,228,3275.0345285464214,8954,0,0,8954,0,0,0,0.0
2004,1778070979.600813,decode,228,1829686,0.9377008651390624,1829458,228,3275.0345285464214,8954,0,0,8954,0,0,0,0.0
2005,1778070979.6395466,decode,228,1829914,0.9378177134929612,1829686,228,3275.0345285464214,8954,0,0,8954,0,0,0,0.0
2006,1778070979.678389,decode,228,1830142,0.93793456184686,1829914,228,3275.0345285464214,8954,0,0,8954,0,0,0,0.0
2007,1778070979.7169795,decode,228,1830370,0.9380514102007588,1830142,228,3275.0345285464214,8954,0,0,8954,0,0,0,0.0
2008,1778070979.755797,decode,228,1830598,0.9381682585546576,1830370,228,3275.0345285464214,8954,0,0,8954,0,0,0,0.0
2009,1778070979.7945693,decode,228,1830826,0.9382851069085564,1830598,228,3275.0345285464214,8954,0,0,8954,0,0,0,0.0
2010,1778070979.8335178,decode,228,1831054,0.9384019552624553,1830826,228,3275.0345285464214,8954,0,0,8954,0,0,0,0.0
2011,1778070979.8723562,decode,228,1831282,0.9385188036163541,1831054,228,3275.0345285464214,8954,0,0,8954,0,0,0,0.0
2012,1778070979.9113152,decode,228,1831510,0.9386356519702529,1831282,228,3275.0345285464214,8954,0,0,8954,0,0,0,0.0
2013,1778070979.9689922,decode,228,674188,0.34551648253655226,1831510,228,3275.0345285464214,8954,0,0,8954,0,0,0,0.0
2014,1778070980.5650039,decode,228,1697896,0.870159441628866,1831738,228,3379.6163111304486,8954,0,0,8954,136,0,0,0.0
2017,1778070980.6339686,decode,219,1826115,0.9358707534207612,1754115,219,3379.6163111304486,8811,0,0,8811,9,0,0,0.0
2019,1778070980.690593,decode,228,1826571,0.9361044501285588,1826343,228,3379.6163111304486,8802,0,0,8802,0,0,0,0.0
2020,1778070980.7294362,decode,228,1826799,0.9362212984824576,1826571,228,3379.6163111304486,8802,0,0,8802,0,0,0,0.0
2021,1778070980.768143,decode,228,1827027,0.9363381468363564,1826799,228,3379.6163111304486,8802,0,0,8802,0,0,0,0.0
2022,1778070980.8068466,decode,228,1827255,0.9364549951902552,1827027,228,3379.6163111304486,8802,0,0,8802,0,0,0,0.0
2023,1778070980.8455439,decode,228,1827483,0.9365718435441541,1827255,228,3379.6163111304486,8802,0,0,8802,0,0,0,0.0
2024,1778070980.8843138,decode,228,1827711,0.9366886918980529,1827483,228,3379.6163111304486,8802,0,0,8802,0,0,0,0.0
2025,1778070980.924034,decode,228,1827939,0.9368055402519517,1827711,228,3379.6163111304486,8802,0,0,8802,0,0,0,0.0
2026,1778070980.962269,decode,228,1828167,0.9369223886058505,1827939,228,3379.6163111304486,8802,0,0,8802,0,0,0,0.0
2027,1778070981.0006359,decode,228,1828395,0.9370392369597493,1828167,228,3379.6163111304486,8802,0,0,8802,0,0,0,0.0
2028,1778070981.039304,decode,228,1828623,0.9371560853136481,1828395,228,3379.6163111304486,8802,0,0,8802,0,0,0,0.0
2029,1778070981.078114,decode,228,1828851,0.9372729336675469,1828623,228,3379.6163111304486,8802,0,0,8802,0,0,0,0.0
2030,1778070981.116921,decode,228,1829079,0.9373897820214457,1828851,228,3379.6163111304486,8802,0,0,8802,0,0,0,0.0
2031,1778070981.1557684,decode,228,1829307,0.9375066303753445,1829079,228,3379.6163111304486,8802,0,0,8802,0,0,0,0.0
2032,1778070981.194498,decode,228,1829535,0.9376234787292435,1829307,228,3379.6163111304486,8802,0,0,8802,0,0,0,0.0
2033,1778070981.2334182,decode,228,1829763,0.9377403270831423,1829535,228,3379.6163111304486,8802,0,0,8802,0,0,0,0.0
2034,1778070981.2722642,decode,228,1829991,0.9378571754370411,1829763,228,3379.6163111304486,8802,0,0,8802,0,0,0,0.0
2035,1778070981.3110635,decode,228,1830219,0.9379740237909399,1829991,228,3379.6163111304486,8802,0,0,8802,0,0,0,0.0
2036,1778070981.3497012,decode,228,1830447,0.9380908721448387,1830219,228,3379.6163111304486,8802,0,0,8802,0,0,0,0.0
2037,1778070981.3884199,decode,228,1830675,0.9382077204987375,1830447,228,3379.6163111304486,8802,0,0,8802,0,0,0,0.0
2038,1778070981.42726,decode,228,1830903,0.9383245688526363,1830675,228,3379.6163111304486,8802,0,0,8802,0,0,0,0.0
2039,1778070981.4661322,decode,228,1831131,0.9384414172065351,1830903,228,3379.6163111304486,8802,0,0,8802,0,0,0,0.0
2040,1778070981.5047224,decode,228,1831359,0.9385582655604339,1831131,228,3379.6163111304486,8802,0,0,8802,0,0,0,0.0
2041,1778070981.561224,decode,228,634062,0.32495219723592145,1831359,228,3379.6163111304486,8802,0,0,8802,0,0,0,0.0
2042,1778070982.1920547,decode,228,1697770,0.8700948675385536,1831587,228,3379.6163111304486,8802,0,0,8802,141,0,0,0.0
2045,1778070982.260103,decode,219,1833989,0.9399061215725123,1753989,219,3379.6163111304486,8654,0,0,8654,10,0,0,0.0
2047,1778070982.3169718,decode,229,1834447,0.9401408432658704,1834218,229,3379.6163111304486,8644,0,0,8644,0,0,0,0.0
2048,1778070982.3557072,decode,229,1834676,0.9402582041125496,1834447,229,3379.6163111304486,8644,0,0,8644,0,0,0,0.0
2049,1778070982.3944588,decode,229,1834905,0.9403755649592286,1834676,229,3379.6163111304486,8644,0,0,8644,0,0,0,0.0
2050,1778070982.4332967,decode,229,1835134,0.9404929258059077,1834905,229,3379.6163111304486,8644,0,0,8644,0,0,0,0.0
2051,1778070982.4722586,decode,229,1835363,0.9406102866525868,1835134,229,3379.6163111304486,8644,0,0,8644,0,0,0,0.0
2052,1778070982.5109448,decode,229,1835592,0.9407276474992659,1835363,229,3379.6163111304486,8644,0,0,8644,0,0,0,0.0
2053,1778070982.5497363,decode,229,1835821,0.940845008345945,1835592,229,3379.6163111304486,8644,0,0,8644,0,0,0,0.0
2054,1778070982.5886528,decode,229,1836050,0.940962369192624,1835821,229,3379.6163111304486,8644,0,0,8644,0,0,0,0.0
2055,1778070982.6272914,decode,229,1836279,0.9410797300393031,1836050,229,3379.6163111304486,8644,0,0,8644,0,0,0,0.0
2056,1778070982.6662083,decode,229,1836508,0.9411970908859821,1836279,229,3379.6163111304486,8644,0,0,8644,0,0,0,0.0
2057,1778070982.7051008,decode,229,1836737,0.9413144517326613,1836508,229,3379.6163111304486,8644,0,0,8644,0,0,0,0.0
2058,1778070982.7439227,decode,229,1836966,0.9414318125793403,1836737,229,3379.6163111304486,8644,0,0,8644,0,0,0,0.0
2059,1778070982.7827218,decode,229,1837195,0.9415491734260194,1836966,229,3379.6163111304486,8644,0,0,8644,0,0,0,0.0
2060,1778070982.8216166,decode,229,1837424,0.9416665342726984,1837195,229,4039.675638813003,8644,0,0,8644,0,0,0,0.0
2061,1778070982.860414,decode,229,1837653,0.9417838951193775,1837424,229,4039.675638813003,8644,0,0,8644,0,0,0,0.0
2062,1778070982.8992,decode,229,1837882,0.9419012559660566,1837653,229,4039.675638813003,8644,0,0,8644,0,0,0,0.0
2063,1778070982.938091,decode,229,1838111,0.9420186168127357,1837882,229,4039.675638813003,8644,0,0,8644,0,0,0,0.0
2064,1778070982.9770844,decode,229,1838340,0.9421359776594147,1838111,229,4039.675638813003,8644,0,0,8644,0,0,0,0.0
2065,1778070983.0158844,decode,229,1838569,0.9422533385060938,1838340,229,4039.675638813003,8644,0,0,8644,0,0,0,0.0
2066,1778070983.0548763,decode,229,1838798,0.9423706993527728,1838569,229,4039.675638813003,8644,0,0,8644,0,0,0,0.0
2067,1778070983.0936198,decode,229,1839027,0.942488060199452,1838798,229,4039.675638813003,8644,0,0,8644,0,0,0,0.0
2068,1778070983.1324418,decode,229,1839256,0.942605421046131,1839027,229,4039.675638813003,8644,0,0,8644,0,0,0,0.0
2069,1778070983.188077,decode,229,730385,0.37431703930870874,1839256,229,4039.675638813003,8644,0,0,8644,0,0,0,0.0
2070,1778070983.7320304,decode,229,1657948,0.8496863800431211,1839485,229,4039.675638813003,8644,0,0,8644,129,0,0,0.0
2073,1778070983.8072758,decode,219,1826167,0.9358974030453346,1754167,219,4039.675638813003,8503,0,0,8503,9,0,0,0.0
2075,1778070983.8636184,decode,228,1826623,0.9361310997531322,1826395,228,4039.675638813003,8494,0,0,8494,0,0,0,0.0
2076,1778070983.902436,decode,228,1826851,0.936247948107031,1826623,228,4039.675638813003,8494,0,0,8494,0,0,0,0.0
2077,1778070983.94122,decode,228,1827079,0.9363647964609298,1826851,228,4039.675638813003,8494,0,0,8494,0,0,0,0.0
2078,1778070983.9800966,decode,228,1827307,0.9364816448148287,1827079,228,4039.675638813003,8494,0,0,8494,0,0,0,0.0
2079,1778070984.0187688,decode,228,1827535,0.9365984931687275,1827307,228,4039.675638813003,8494,0,0,8494,0,0,0,0.0
2080,1778070984.0574405,decode,228,1827763,0.9367153415226263,1827535,228,4039.675638813003,8494,0,0,8494,0,0,0,0.0
2081,1778070984.0962076,decode,228,1827991,0.9368321898765252,1827763,228,4039.675638813003,8494,0,0,8494,0,0,0,0.0
2082,1778070984.1350334,decode,228,1828219,0.936949038230424,1827991,228,4039.675638813003,8494,0,0,8494,0,0,0,0.0
2083,1778070984.173829,decode,228,1828447,0.9370658865843228,1828219,228,4039.675638813003,8494,0,0,8494,0,0,0,0.0
2084,1778070984.2125692,decode,228,1828675,0.9371827349382216,1828447,228,4039.675638813003,8494,0,0,8494,0,0,0,0.0
2085,1778070984.2511554,decode,228,1828903,0.9372995832921204,1828675,228,4039.675638813003,8494,0,0,8494,0,0,0,0.0
2086,1778070984.2899494,decode,228,1829131,0.9374164316460192,1828903,228,4039.675638813003,8494,0,0,8494,0,0,0,0.0
2087,1778070984.3287728,decode,228,1829359,0.937533279999918,1829131,228,4039.675638813003,8494,0,0,8494,0,0,0,0.0
2088,1778070984.3676867,decode,228,1829587,0.9376501283538168,1829359,228,4039.675638813003,8494,0,0,8494,0,0,0,0.0
2089,1778070984.406385,decode,228,1829815,0.9377669767077156,1829587,228,4039.675638813003,8494,0,0,8494,0,0,0,0.0
2090,1778070984.4450529,decode,228,1830043,0.9378838250616145,1829815,228,4039.675638813003,8494,0,0,8494,0,0,0,0.0
2091,1778070984.4839616,decode,228,1830271,0.9380006734155133,1830043,228,4039.675638813003,8494,0,0,8494,0,0,0,0.0
2092,1778070984.5227468,decode,228,1830499,0.9381175217694121,1830271,228,4039.675638813003,8494,0,0,8494,0,0,0,0.0
2093,1778070984.5615935,decode,228,1830727,0.9382343701233109,1830499,228,4039.675638813003,8494,0,0,8494,0,0,0,0.0
2094,1778070984.6003366,decode,228,1830955,0.9383512184772097,1830727,228,4039.675638813003,8494,0,0,8494,0,0,0,0.0
2095,1778070984.6391435,decode,228,1831183,0.9384680668311085,1830955,228,4039.675638813003,8494,0,0,8494,0,0,0,0.0
2096,1778070984.6778543,decode,228,1831411,0.9385849151850073,1831183,228,4039.675638813003,8494,0,0,8494,0,0,0,0.0
2097,1778070984.7333443,decode,228,730314,0.3742806523213104,1831411,228,4039.675638813003,8494,0,0,8494,0,0,0,0.0
2098,1778070985.2751954,decode,228,1714120,0.8784741244957711,1831639,228,4039.675638813003,8494,0,0,8494,129,0,0,0.0
2101,1778070985.3413959,decode,220,1826340,0.9359860642963193,1762340,220,4039.675638813003,8359,0,0,8359,8,0,0,0.0
2103,1778070985.3968985,decode,228,1826796,0.9362197610041169,1826568,228,4039.675638813003,8351,0,0,8351,0,0,0,0.0
2104,1778070985.4357455,decode,228,1827024,0.9363366093580157,1826796,228,4039.675638813003,8351,0,0,8351,0,0,0,0.0
2105,1778070985.474434,decode,228,1827252,0.9364534577119145,1827024,228,4039.675638813003,8351,0,0,8351,0,0,0,0.0
2106,1778070985.5133924,decode,228,1827480,0.9365703060658133,1827252,228,3385.49967718625,8351,0,0,8351,0,0,0,0.0
2107,1778070985.5519297,decode,228,1827708,0.9366871544197121,1827480,228,3385.49967718625,8351,0,0,8351,0,0,0,0.0
2108,1778070985.5906856,decode,228,1827936,0.936804002773611,1827708,228,3385.49967718625,8351,0,0,8351,0,0,0,0.0
2109,1778070985.629428,decode,228,1828164,0.9369208511275098,1827936,228,3385.49967718625,8351,0,0,8351,0,0,0,0.0
2110,1778070985.6681902,decode,228,1828392,0.9370376994814086,1828164,228,3385.49967718625,8351,0,0,8351,0,0,0,0.0
2111,1778070985.7069435,decode,228,1828620,0.9371545478353074,1828392,228,3385.49967718625,8351,0,0,8351,0,0,0,0.0
2112,1778070985.745637,decode,228,1828848,0.9372713961892062,1828620,228,3385.49967718625,8351,0,0,8351,0,0,0,0.0
2113,1778070985.7845018,decode,228,1829076,0.937388244543105,1828848,228,3385.49967718625,8351,0,0,8351,0,0,0,0.0
2114,1778070985.8232408,decode,228,1829304,0.9375050928970038,1829076,228,3385.49967718625,8351,0,0,8351,0,0,0,0.0
2115,1778070985.861928,decode,228,1829532,0.9376219412509026,1829304,228,3385.49967718625,8351,0,0,8351,0,0,0,0.0
2116,1778070985.9006968,decode,228,1829760,0.9377387896048014,1829532,228,3385.49967718625,8351,0,0,8351,0,0,0,0.0
2117,1778070985.9394937,decode,228,1829988,0.9378556379587003,1829760,228,3385.49967718625,8351,0,0,8351,0,0,0,0.0
2118,1778070985.9783187,decode,228,1830216,0.9379724863125991,1829988,228,3385.49967718625,8351,0,0,8351,0,0,0,0.0
2119,1778070986.0171833,decode,228,1830444,0.9380893346664979,1830216,228,3385.49967718625,8351,0,0,8351,0,0,0,0.0
2120,1778070986.0557666,decode,228,1830672,0.9382061830203967,1830444,228,3385.49967718625,8351,0,0,8351,0,0,0,0.0
2121,1778070986.0946014,decode,228,1830900,0.9383230313742955,1830672,228,3385.49967718625,8351,0,0,8351,0,0,0,0.0
2122,1778070986.1334276,decode,228,1831128,0.9384398797281943,1830900,228,3385.49967718625,8351,0,0,8351,0,0,0,0.0
2123,1778070986.1723006,decode,228,1831356,0.9385567280820931,1831128,228,3385.49967718625,8351,0,0,8351,0,0,0,0.0
2124,1778070986.211076,decode,228,1831584,0.9386735764359919,1831356,228,3385.49967718625,8351,0,0,8351,0,0,0,0.0
2125,1778070986.2668037,decode,228,690262,0.3537542914864187,1831584,228,3385.49967718625,8351,0,0,8351,0,0,0,0.0
2126,1778070986.844063,decode,228,1681897,0.861960069637519,1831812,228,3385.49967718625,8351,0,0,8351,134,0,0,0.0
2129,1778070986.9144251,decode,219,1826116,0.9358712659135414,1754116,219,3385.49967718625,8208,0,0,8208,9,0,0,0.0
2131,1778070986.9706848,decode,228,1826572,0.936104962621339,1826344,228,3385.49967718625,8199,0,0,8199,0,0,0,0.0
2132,1778070987.0095563,decode,228,1826800,0.9362218109752379,1826572,228,3385.49967718625,8199,0,0,8199,0,0,0,0.0
2133,1778070987.0481277,decode,228,1827028,0.9363386593291367,1826800,228,3385.49967718625,8199,0,0,8199,0,0,0,0.0
2134,1778070987.0869405,decode,228,1827256,0.9364555076830355,1827028,228,3385.49967718625,8199,0,0,8199,0,0,0,0.0
2135,1778070987.125682,decode,228,1827484,0.9365723560369343,1827256,228,3385.49967718625,8199,0,0,8199,0,0,0,0.0
2136,1778070987.1644826,decode,228,1827712,0.9366892043908331,1827484,228,3385.49967718625,8199,0,0,8199,0,0,0,0.0
2137,1778070987.2032177,decode,228,1827940,0.9368060527447319,1827712,228,3385.49967718625,8199,0,0,8199,0,0,0,0.0
2138,1778070987.241981,decode,228,1828168,0.9369229010986307,1827940,228,3385.49967718625,8199,0,0,8199,0,0,0,0.0
2139,1778070987.2806387,decode,228,1828396,0.9370397494525295,1828168,228,3385.49967718625,8199,0,0,8199,0,0,0,0.0
2140,1778070987.319528,decode,228,1828624,0.9371565978064283,1828396,228,3385.49967718625,8199,0,0,8199,0,0,0,0.0
2141,1778070987.3581674,decode,228,1828852,0.9372734461603273,1828624,228,3385.49967718625,8199,0,0,8199,0,0,0,0.0
2142,1778070987.397008,decode,228,1829080,0.9373902945142261,1828852,228,3385.49967718625,8199,0,0,8199,0,0,0,0.0
2143,1778070987.435828,decode,228,1829308,0.9375071428681249,1829080,228,3385.49967718625,8199,0,0,8199,0,0,0,0.0
2144,1778070987.474562,decode,228,1829536,0.9376239912220237,1829308,228,3385.49967718625,8199,0,0,8199,0,0,0,0.0
2145,1778070987.5134661,decode,228,1829764,0.9377408395759225,1829536,228,3385.49967718625,8199,0,0,8199,0,0,0,0.0
2146,1778070987.552123,decode,228,1829992,0.9378576879298213,1829764,228,3385.49967718625,8199,0,0,8199,0,0,0,0.0
2147,1778070987.590988,decode,228,1830220,0.9379745362837201,1829992,228,3385.49967718625,8199,0,0,8199,0,0,0,0.0
2148,1778070987.6297576,decode,228,1830448,0.9380913846376189,1830220,228,3385.49967718625,8199,0,0,8199,0,0,0,0.0
2149,1778070987.6685164,decode,228,1830676,0.9382082329915177,1830448,228,4227.60632530199,8199,0,0,8199,0,0,0,0.0
2150,1778070987.707319,decode,228,1830904,0.9383250813454166,1830676,228,4227.60632530199,8199,0,0,8199,0,0,0,0.0
2151,1778070987.7461452,decode,228,1831132,0.9384419296993154,1830904,228,4227.60632530199,8199,0,0,8199,0,0,0,0.0
2152,1778070987.784971,decode,228,1831360,0.9385587780532142,1831132,228,4227.60632530199,8199,0,0,8199,0,0,0,0.0
2153,1778070987.8406236,decode,228,714288,0.3660674430248964,1831360,228,4227.60632530199,8199,0,0,8199,0,0,0,0.0
2154,1778070988.3967764,decode,228,1706045,0.8743357452951882,1831588,228,4227.60632530199,8199,0,0,8199,131,0,0,0.0
2157,1778070988.4636748,decode,220,1826265,0.9359476273377999,1762265,220,4227.60632530199,8061,0,0,8061,8,0,0,0.0
2159,1778070988.5190568,decode,228,1826721,0.9361813240455975,1826493,228,4227.60632530199,8053,0,0,8053,0,0,0,0.0
2160,1778070988.558072,decode,228,1826949,0.9362981723994963,1826721,228,4227.60632530199,8053,0,0,8053,0,0,0,0.0
2161,1778070988.5966296,decode,228,1827177,0.9364150207533951,1826949,228,4227.60632530199,8053,0,0,8053,0,0,0,0.0
2162,1778070988.6356032,decode,228,1827405,0.9365318691072939,1827177,228,4227.60632530199,8053,0,0,8053,0,0,0,0.0
2163,1778070988.674276,decode,228,1827633,0.9366487174611927,1827405,228,4227.60632530199,8053,0,0,8053,0,0,0,0.0
2164,1778070988.7130814,decode,228,1827861,0.9367655658150916,1827633,228,4227.60632530199,8053,0,0,8053,0,0,0,0.0
2165,1778070988.7518847,decode,228,1828089,0.9368824141689904,1827861,228,4227.60632530199,8053,0,0,8053,0,0,0,0.0
2166,1778070988.7905736,decode,228,1828317,0.9369992625228892,1828089,228,4227.60632530199,8053,0,0,8053,0,0,0,0.0
2167,1778070988.829344,decode,228,1828545,0.937116110876788,1828317,228,4227.60632530199,8053,0,0,8053,0,0,0,0.0
2168,1778070988.8681118,decode,228,1828773,0.9372329592306868,1828545,228,4227.60632530199,8053,0,0,8053,0,0,0,0.0
2169,1778070988.906916,decode,228,1829001,0.9373498075845856,1828773,228,4227.60632530199,8053,0,0,8053,0,0,0,0.0
2170,1778070988.9457111,decode,228,1829229,0.9374666559384844,1829001,228,4227.60632530199,8053,0,0,8053,0,0,0,0.0
2171,1778070988.984556,decode,228,1829457,0.9375835042923832,1829229,228,4227.60632530199,8053,0,0,8053,0,0,0,0.0
2172,1778070989.023273,decode,228,1829685,0.937700352646282,1829457,228,4227.60632530199,8053,0,0,8053,0,0,0,0.0
2173,1778070989.0622802,decode,228,1829913,0.937817201000181,1829685,228,4227.60632530199,8053,0,0,8053,0,0,0,0.0
2174,1778070989.101065,decode,228,1830141,0.9379340493540798,1829913,228,4227.60632530199,8053,0,0,8053,0,0,0,0.0
2175,1778070989.1398778,decode,228,1830369,0.9380508977079786,1830141,228,4227.60632530199,8053,0,0,8053,0,0,0,0.0
2176,1778070989.1786823,decode,228,1830597,0.9381677460618774,1830369,228,4227.60632530199,8053,0,0,8053,0,0,0,0.0
2177,1778070989.2173562,decode,228,1830825,0.9382845944157762,1830597,228,4227.60632530199,8053,0,0,8053,0,0,0,0.0
2178,1778070989.256191,decode,228,1831053,0.938401442769675,1830825,228,4227.60632530199,8053,0,0,8053,0,0,0,0.0
2179,1778070989.2950854,decode,228,1831281,0.9385182911235738,1831053,228,4227.60632530199,8053,0,0,8053,0,0,0,0.0
2180,1778070989.3339958,decode,228,1831509,0.9386351394774726,1831281,228,4227.60632530199,8053,0,0,8053,0,0,0,0.0
2181,1778070989.3897197,decode,228,690262,0.3537542914864187,1831509,228,4227.60632530199,8053,0,0,8053,0,0,0,0.0
2182,1778070989.96648,decode,228,1713993,0.8784090379126784,1831737,228,4227.60632530199,8053,0,0,8053,134,0,0,0.0
2185,1778070990.0324576,decode,220,1826213,0.9359209777132265,1762213,220,4227.60632530199,7913,0,0,7913,8,0,0,0.0
2187,1778070990.0879166,decode,228,1826669,0.9361546744210241,1826441,228,4227.60632530199,7905,0,0,7905,0,0,0,0.0
2188,1778070990.1267078,decode,228,1826897,0.9362715227749229,1826669,228,4227.60632530199,7905,0,0,7905,0,0,0,0.0
2189,1778070990.1654873,decode,228,1827125,0.9363883711288217,1826897,228,4227.60632530199,7905,0,0,7905,0,0,0,0.0
2190,1778070990.204277,decode,228,1827353,0.9365052194827206,1827125,228,4227.60632530199,7905,0,0,7905,0,0,0,0.0
2191,1778070990.2429895,decode,228,1827581,0.9366220678366194,1827353,228,4227.60632530199,7905,0,0,7905,0,0,0,0.0
2192,1778070990.2818875,decode,228,1827809,0.9367389161905182,1827581,228,4227.60632530199,7905,0,0,7905,0,0,0,0.0
2193,1778070990.3204796,decode,228,1828037,0.936855764544417,1827809,228,4227.60632530199,7905,0,0,7905,0,0,0,0.0
2194,1778070990.3591542,decode,228,1828265,0.9369726128983158,1828037,228,4227.60632530199,7905,0,0,7905,0,0,0,0.0
2195,1778070990.3979661,decode,228,1828493,0.9370894612522146,1828265,228,3335.4742029503504,7905,0,0,7905,0,0,0,0.0
2196,1778070990.4367352,decode,228,1828721,0.9372063096061134,1828493,228,3335.4742029503504,7905,0,0,7905,0,0,0,0.0
2197,1778070990.4757125,decode,228,1828949,0.9373231579600122,1828721,228,3335.4742029503504,7905,0,0,7905,0,0,0,0.0
2198,1778070990.5144203,decode,228,1829177,0.937440006313911,1828949,228,3335.4742029503504,7905,0,0,7905,0,0,0,0.0
2199,1778070990.553301,decode,228,1829405,0.9375568546678099,1829177,228,3335.4742029503504,7905,0,0,7905,0,0,0,0.0
2200,1778070990.5920935,decode,228,1829633,0.9376737030217087,1829405,228,3335.4742029503504,7905,0,0,7905,0,0,0,0.0
2201,1778070990.63083,decode,228,1829861,0.9377905513756075,1829633,228,3335.4742029503504,7905,0,0,7905,0,0,0,0.0
2202,1778070990.669451,decode,228,1830089,0.9379073997295063,1829861,228,3335.4742029503504,7905,0,0,7905,0,0,0,0.0
2203,1778070990.708308,decode,228,1830317,0.9380242480834051,1830089,228,3335.4742029503504,7905,0,0,7905,0,0,0,0.0
2204,1778070990.7470512,decode,228,1830545,0.9381410964373039,1830317,228,3335.4742029503504,7905,0,0,7905,0,0,0,0.0
2205,1778070990.785797,decode,228,1830773,0.9382579447912027,1830545,228,3335.4742029503504,7905,0,0,7905,0,0,0,0.0
2206,1778070990.824647,decode,228,1831001,0.9383747931451015,1830773,228,3335.4742029503504,7905,0,0,7905,0,0,0,0.0
2207,1778070990.8634,decode,228,1831229,0.9384916414990003,1831001,228,3335.4742029503504,7905,0,0,7905,0,0,0,0.0
2208,1778070990.902359,decode,228,1831457,0.9386084898528992,1831229,228,3335.4742029503504,7905,0,0,7905,0,0,0,0.0
2209,1778070990.9585664,decode,228,642160,0.3291023637704504,1831457,228,3335.4742029503504,7905,0,0,7905,0,0,0,0.0
2210,1778070991.5829692,decode,228,1697793,0.8701066548724995,1831685,228,3335.4742029503504,7905,0,0,7905,140,0,0,0.0
2213,1778070991.649562,decode,219,1826012,0.9358179666643947,1754012,219,3335.4742029503504,7758,0,0,7758,9,0,0,0.0
2215,1778070991.7051356,decode,228,1826468,0.9360516633721923,1826240,228,3335.4742029503504,7749,0,0,7749,0,0,0,0.0
2216,1778070991.7438219,decode,228,1826696,0.9361685117260911,1826468,228,3335.4742029503504,7749,0,0,7749,0,0,0,0.0
2217,1778070991.7825892,decode,228,1826924,0.9362853600799899,1826696,228,3335.4742029503504,7749,0,0,7749,0,0,0,0.0
2218,1778070991.8212023,decode,228,1827152,0.9364022084338887,1826924,228,3335.4742029503504,7749,0,0,7749,0,0,0,0.0
2219,1778070991.8600194,decode,228,1827380,0.9365190567877875,1827152,228,3335.4742029503504,7749,0,0,7749,0,0,0,0.0
2220,1778070991.89879,decode,228,1827608,0.9366359051416863,1827380,228,3335.4742029503504,7749,0,0,7749,0,0,0,0.0
2221,1778070991.9375615,decode,228,1827836,0.9367527534955852,1827608,228,3335.4742029503504,7749,0,0,7749,0,0,0,0.0
2222,1778070991.9763825,decode,228,1828064,0.936869601849484,1827836,228,3335.4742029503504,7749,0,0,7749,0,0,0,0.0
2223,1778070992.015096,decode,228,1828292,0.9369864502033828,1828064,228,3335.4742029503504,7749,0,0,7749,0,0,0,0.0
2224,1778070992.0539064,decode,228,1828520,0.9371032985572816,1828292,228,3335.4742029503504,7749,0,0,7749,0,0,0,0.0
2225,1778070992.092624,decode,228,1828748,0.9372201469111804,1828520,228,3335.4742029503504,7749,0,0,7749,0,0,0,0.0
2226,1778070992.1314185,decode,228,1828976,0.9373369952650792,1828748,228,3335.4742029503504,7749,0,0,7749,0,0,0,0.0
2227,1778070992.1704094,decode,228,1829204,0.937453843618978,1828976,228,3335.4742029503504,7749,0,0,7749,0,0,0,0.0
2228,1778070992.2089996,decode,228,1829432,0.9375706919728768,1829204,228,3335.4742029503504,7749,0,0,7749,0,0,0,0.0
2229,1778070992.2479715,decode,228,1829660,0.9376875403267756,1829432,228,3335.4742029503504,7749,0,0,7749,0,0,0,0.0
2230,1778070992.286615,decode,228,1829888,0.9378043886806745,1829660,228,3335.4742029503504,7749,0,0,7749,0,0,0,0.0
2231,1778070992.325434,decode,228,1830116,0.9379212370345733,1829888,228,3335.4742029503504,7749,0,0,7749,0,0,0,0.0
2232,1778070992.3641603,decode,228,1830344,0.9380380853884721,1830116,228,3335.4742029503504,7749,0,0,7749,0,0,0,0.0
2233,1778070992.4028652,decode,228,1830572,0.9381549337423709,1830344,228,3335.4742029503504,7749,0,0,7749,0,0,0,0.0
2234,1778070992.441789,decode,228,1830800,0.9382717820962697,1830572,228,3335.4742029503504,7749,0,0,7749,0,0,0,0.0
2235,1778070992.4806275,decode,228,1831028,0.9383886304501685,1830800,228,3335.4742029503504,7749,0,0,7749,0,0,0,0.0
2236,1778070992.5195067,decode,228,1831256,0.9385054788040673,1831028,228,3335.4742029503504,7749,0,0,7749,0,0,0,0.0
2237,1778070992.575654,decode,228,658209,0.33732736040081035,1831256,228,3335.4742029503504,7749,0,0,7749,0,0,0,0.0
2238,1778070993.1830692,decode,228,1673770,0.8577950408123626,1831484,228,3271.337362365305,7749,0,0,7749,138,0,0,0.0
2241,1778070993.2535443,decode,219,1833989,0.9399061215725123,1753989,219,3271.337362365305,7601,0,0,7601,10,0,0,0.0
2243,1778070993.3091776,decode,229,1834447,0.9401408432658704,1834218,229,3271.337362365305,7591,0,0,7591,0,0,0,0.0
2244,1778070993.3481195,decode,229,1834676,0.9402582041125496,1834447,229,3271.337362365305,7591,0,0,7591,0,0,0,0.0
2245,1778070993.3867786,decode,229,1834905,0.9403755649592286,1834676,229,3271.337362365305,7591,0,0,7591,0,0,0,0.0
2246,1778070993.4256783,decode,229,1835134,0.9404929258059077,1834905,229,3271.337362365305,7591,0,0,7591,0,0,0,0.0
2247,1778070993.4646766,decode,229,1835363,0.9406102866525868,1835134,229,3271.337362365305,7591,0,0,7591,0,0,0,0.0
2248,1778070993.5033321,decode,229,1835592,0.9407276474992659,1835363,229,3271.337362365305,7591,0,0,7591,0,0,0,0.0
2249,1778070993.5420775,decode,229,1835821,0.940845008345945,1835592,229,3271.337362365305,7591,0,0,7591,0,0,0,0.0
2250,1778070993.581274,decode,229,1836050,0.940962369192624,1835821,229,3271.337362365305,7591,0,0,7591,0,0,0,0.0
2251,1778070993.6198618,decode,229,1836279,0.9410797300393031,1836050,229,3271.337362365305,7591,0,0,7591,0,0,0,0.0
2252,1778070993.6586223,decode,229,1836508,0.9411970908859821,1836279,229,3271.337362365305,7591,0,0,7591,0,0,0,0.0
2253,1778070993.6975756,decode,229,1836737,0.9413144517326613,1836508,229,3271.337362365305,7591,0,0,7591,0,0,0,0.0
2254,1778070993.7363176,decode,229,1836966,0.9414318125793403,1836737,229,3271.337362365305,7591,0,0,7591,0,0,0,0.0
2255,1778070993.7753766,decode,229,1837195,0.9415491734260194,1836966,229,3271.337362365305,7591,0,0,7591,0,0,0,0.0
2256,1778070993.8142068,decode,229,1837424,0.9416665342726984,1837195,229,3271.337362365305,7591,0,0,7591,0,0,0,0.0
2257,1778070993.8531644,decode,229,1837653,0.9417838951193775,1837424,229,3271.337362365305,7591,0,0,7591,0,0,0,0.0
2258,1778070993.8920174,decode,229,1837882,0.9419012559660566,1837653,229,3271.337362365305,7591,0,0,7591,0,0,0,0.0
2259,1778070993.9308944,decode,229,1838111,0.9420186168127357,1837882,229,3271.337362365305,7591,0,0,7591,0,0,0,0.0
2260,1778070993.9697268,decode,229,1838340,0.9421359776594147,1838111,229,3271.337362365305,7591,0,0,7591,0,0,0,0.0
2261,1778070994.0085258,decode,229,1838569,0.9422533385060938,1838340,229,3271.337362365305,7591,0,0,7591,0,0,0,0.0
2262,1778070994.0472665,decode,229,1838798,0.9423706993527728,1838569,229,3271.337362365305,7591,0,0,7591,0,0,0,0.0
2263,1778070994.0862653,decode,229,1839027,0.942488060199452,1838798,229,3271.337362365305,7591,0,0,7591,0,0,0,0.0
2264,1778070994.1249993,decode,229,1839256,0.942605421046131,1839027,229,3271.337362365305,7591,0,0,7591,0,0,0,0.0
2265,1778070994.1828656,decode,229,626060,0.32085123000829724,1839256,229,3271.337362365305,7591,0,0,7591,0,0,0,0.0
2266,1778070994.8231118,decode,229,1657647,0.8495321197162635,1839485,229,3271.337362365305,7591,0,0,7591,141,0,0,0.0
2269,1778070994.8962967,decode,219,1833866,0.9398430849605406,1753866,219,3271.337362365305,7438,0,0,7438,10,0,0,0.0
2271,1778070994.95247,decode,229,1834324,0.9400778066538987,1834095,229,3271.337362365305,7428,0,0,7428,0,0,0,0.0
2272,1778070994.991975,decode,229,1834553,0.9401951675005779,1834324,229,3271.337362365305,7428,0,0,7428,0,0,0,0.0
2273,1778070995.0299985,decode,229,1834782,0.9403125283472569,1834553,229,3271.337362365305,7428,0,0,7428,0,0,0,0.0
2274,1778070995.068814,decode,229,1835011,0.940429889193936,1834782,229,3271.337362365305,7428,0,0,7428,0,0,0,0.0
2275,1778070995.1077023,decode,229,1835240,0.940547250040615,1835011,229,3271.337362365305,7428,0,0,7428,0,0,0,0.0
2276,1778070995.1463318,decode,229,1835469,0.9406646108872941,1835240,229,3271.337362365305,7428,0,0,7428,0,0,0,0.0
2277,1778070995.1853788,decode,229,1835698,0.9407819717339732,1835469,229,3271.337362365305,7428,0,0,7428,0,0,0,0.0
2278,1778070995.2240934,decode,229,1835927,0.9408993325806523,1835698,229,3271.337362365305,7428,0,0,7428,0,0,0,0.0
2279,1778070995.2630923,decode,229,1836156,0.9410166934273313,1835927,229,3271.337362365305,7428,0,0,7428,0,0,0,0.0
2280,1778070995.3018458,decode,229,1836385,0.9411340542740104,1836156,229,3271.337362365305,7428,0,0,7428,0,0,0,0.0
2281,1778070995.3412971,decode,229,1836614,0.9412514151206894,1836385,229,3271.337362365305,7428,0,0,7428,0,0,0,0.0
2282,1778070995.379421,decode,229,1836843,0.9413687759673686,1836614,229,3271.337362365305,7428,0,0,7428,0,0,0,0.0
2283,1778070995.4182675,decode,229,1837072,0.9414861368140476,1836843,229,3271.337362365305,7428,0,0,7428,0,0,0,0.0
2284,1778070995.4570982,decode,229,1837301,0.9416034976607267,1837072,229,4019.29695267275,7428,0,0,7428,0,0,0,0.0
2285,1778070995.495828,decode,229,1837530,0.9417208585074057,1837301,229,4019.29695267275,7428,0,0,7428,0,0,0,0.0
2286,1778070995.5346773,decode,229,1837759,0.9418382193540848,1837530,229,4019.29695267275,7428,0,0,7428,0,0,0,0.0
2287,1778070995.5742989,decode,229,1837988,0.941955580200764,1837759,229,4019.29695267275,7428,0,0,7428,0,0,0,0.0
2288,1778070995.6122985,decode,229,1838217,0.942072941047443,1837988,229,4019.29695267275,7428,0,0,7428,0,0,0,0.0
2289,1778070995.6512148,decode,229,1838446,0.9421903018941221,1838217,229,4019.29695267275,7428,0,0,7428,0,0,0,0.0
2290,1778070995.6899188,decode,229,1838675,0.9423076627408011,1838446,229,4019.29695267275,7428,0,0,7428,0,0,0,0.0
2291,1778070995.728876,decode,229,1838904,0.9424250235874803,1838675,229,4019.29695267275,7428,0,0,7428,0,0,0,0.0
2292,1778070995.7677693,decode,229,1839133,0.9425423844341593,1838904,229,4019.29695267275,7428,0,0,7428,0,0,0,0.0
2293,1778070995.8244157,decode,229,634037,0.324939384916415,1839133,229,4019.29695267275,7428,0,0,7428,0,0,0,0.0
2294,1778070996.4474335,decode,229,1681746,0.8618826832277,1839362,229,4019.29695267275,7428,0,0,7428,140,0,0,0.0
2297,1778070996.51613,decode,219,1833965,0.9398938217457862,1753965,219,4019.29695267275,7279,0,0,7279,10,0,0,0.0
2299,1778070996.571499,decode,229,1834423,0.9401285434391443,1834194,229,4019.29695267275,7269,0,0,7269,0,0,0,0.0
2300,1778070996.6103687,decode,229,1834652,0.9402459042858233,1834423,229,4019.29695267275,7269,0,0,7269,0,0,0,0.0
2301,1778070996.649024,decode,229,1834881,0.9403632651325025,1834652,229,4019.29695267275,7269,0,0,7269,0,0,0,0.0
2302,1778070996.688035,decode,229,1835110,0.9404806259791815,1834881,229,4019.29695267275,7269,0,0,7269,0,0,0,0.0
2303,1778070996.7267044,decode,229,1835339,0.9405979868258606,1835110,229,4019.29695267275,7269,0,0,7269,0,0,0,0.0
2304,1778070996.7654707,decode,229,1835568,0.9407153476725396,1835339,229,4019.29695267275,7269,0,0,7269,0,0,0,0.0
2305,1778070996.8043153,decode,229,1835797,0.9408327085192187,1835568,229,4019.29695267275,7269,0,0,7269,0,0,0,0.0
2306,1778070996.8433692,decode,229,1836026,0.9409500693658978,1835797,229,4019.29695267275,7269,0,0,7269,0,0,0,0.0
2307,1778070996.8820887,decode,229,1836255,0.9410674302125769,1836026,229,4019.29695267275,7269,0,0,7269,0,0,0,0.0
2308,1778070996.920998,decode,229,1836484,0.9411847910592559,1836255,229,4019.29695267275,7269,0,0,7269,0,0,0,0.0
2309,1778070996.9598086,decode,229,1836713,0.941302151905935,1836484,229,4019.29695267275,7269,0,0,7269,0,0,0,0.0
2310,1778070996.9985008,decode,229,1836942,0.9414195127526142,1836713,229,4019.29695267275,7269,0,0,7269,0,0,0,0.0
2311,1778070997.037532,decode,229,1837171,0.9415368735992932,1836942,229,4019.29695267275,7269,0,0,7269,0,0,0,0.0
2312,1778070997.0763264,decode,229,1837400,0.9416542344459723,1837171,229,4019.29695267275,7269,0,0,7269,0,0,0,0.0
2313,1778070997.1151671,decode,229,1837629,0.9417715952926513,1837400,229,4019.29695267275,7269,0,0,7269,0,0,0,0.0
2314,1778070997.1539707,decode,229,1837858,0.9418889561393304,1837629,229,4019.29695267275,7269,0,0,7269,0,0,0,0.0
2315,1778070997.1929374,decode,229,1838087,0.9420063169860095,1837858,229,4019.29695267275,7269,0,0,7269,0,0,0,0.0
2316,1778070997.2316709,decode,229,1838316,0.9421236778326886,1838087,229,4019.29695267275,7269,0,0,7269,0,0,0,0.0
2317,1778070997.2705834,decode,229,1838545,0.9422410386793676,1838316,229,4019.29695267275,7269,0,0,7269,0,0,0,0.0
2318,1778070997.3093889,decode,229,1838774,0.9423583995260467,1838545,229,4019.29695267275,7269,0,0,7269,0,0,0,0.0
2319,1778070997.3484719,decode,229,1839003,0.9424757603727257,1838774,229,4019.29695267275,7269,0,0,7269,0,0,0,0.0
2320,1778070997.3872,decode,229,1839232,0.9425931212194049,1839003,229,4019.29695267275,7269,0,0,7269,0,0,0,0.0
2321,1778070997.4427307,decode,229,754436,0.38664300316669287,1839232,229,4019.29695267275,7269,0,0,7269,0,0,0,0.0
2322,1778070997.9622717,decode,229,1690120,0.8661742977695802,1839461,229,4019.29695267275,7269,0,0,7269,126,0,0,0.0
2325,1778070998.0304275,decode,220,1826340,0.9359860642963193,1762340,220,4019.29695267275,7134,0,0,7134,8,0,0,0.0
2327,1778070998.0849564,decode,228,1826796,0.9362197610041169,1826568,228,4019.29695267275,7126,0,0,7126,0,0,0,0.0
2328,1778070998.1238139,decode,228,1827024,0.9363366093580157,1826796,228,4019.29695267275,7126,0,0,7126,0,0,0,0.0
2329,1778070998.162542,decode,228,1827252,0.9364534577119145,1827024,228,4019.29695267275,7126,0,0,7126,0,0,0,0.0
2330,1778070998.2014475,decode,228,1827480,0.9365703060658133,1827252,228,3329.3892194359937,7126,0,0,7126,0,0,0,0.0
2331,1778070998.24006,decode,228,1827708,0.9366871544197121,1827480,228,3329.3892194359937,7126,0,0,7126,0,0,0,0.0
2332,1778070998.2788363,decode,228,1827936,0.936804002773611,1827708,228,3329.3892194359937,7126,0,0,7126,0,0,0,0.0
2333,1778070998.3177936,decode,228,1828164,0.9369208511275098,1827936,228,3329.3892194359937,7126,0,0,7126,0,0,0,0.0
2334,1778070998.356542,decode,228,1828392,0.9370376994814086,1828164,228,3329.3892194359937,7126,0,0,7126,0,0,0,0.0
2335,1778070998.3961313,decode,228,1828620,0.9371545478353074,1828392,228,3329.3892194359937,7126,0,0,7126,0,0,0,0.0
2336,1778070998.4342299,decode,228,1828848,0.9372713961892062,1828620,228,3329.3892194359937,7126,0,0,7126,0,0,0,0.0
2337,1778070998.4729383,decode,228,1829076,0.937388244543105,1828848,228,3329.3892194359937,7126,0,0,7126,0,0,0,0.0
2338,1778070998.5127127,decode,228,1829304,0.9375050928970038,1829076,228,3329.3892194359937,7126,0,0,7126,0,0,0,0.0
2339,1778070998.5502183,decode,228,1829532,0.9376219412509026,1829304,228,3329.3892194359937,7126,0,0,7126,0,0,0,0.0
2340,1778070998.589109,decode,228,1829760,0.9377387896048014,1829532,228,3329.3892194359937,7126,0,0,7126,0,0,0,0.0
2341,1778070998.6302228,decode,228,1829988,0.9378556379587003,1829760,228,3329.3892194359937,7126,0,0,7126,0,0,0,0.0
2342,1778070998.6667514,decode,228,1830216,0.9379724863125991,1829988,228,3329.3892194359937,7126,0,0,7126,0,0,0,0.0
2343,1778070998.7055218,decode,228,1830444,0.9380893346664979,1830216,228,3329.3892194359937,7126,0,0,7126,0,0,0,0.0
2344,1778070998.7444198,decode,228,1830672,0.9382061830203967,1830444,228,3329.3892194359937,7126,0,0,7126,0,0,0,0.0
2345,1778070998.783499,decode,228,1830900,0.9383230313742955,1830672,228,3329.3892194359937,7126,0,0,7126,0,0,0,0.0
2346,1778070998.8237553,decode,228,1831128,0.9384398797281943,1830900,228,3329.3892194359937,7126,0,0,7126,0,0,0,0.0
2347,1778070998.8606193,decode,228,1831356,0.9385567280820931,1831128,228,3329.3892194359937,7126,0,0,7126,0,0,0,0.0
2348,1778070998.899518,decode,228,1831584,0.9386735764359919,1831356,228,3329.3892194359937,7126,0,0,7126,0,0,0,0.0
2349,1778070998.9581127,decode,228,690262,0.3537542914864187,1831584,228,3329.3892194359937,7126,0,0,7126,0,0,0,0.0
2350,1778070999.5687914,decode,228,1681897,0.861960069637519,1831812,228,3329.3892194359937,7126,0,0,7126,134,0,0,0.0
2353,1778070999.6368904,decode,219,1826116,0.9358712659135414,1754116,219,3329.3892194359937,6983,0,0,6983,9,0,0,0.0
2355,1778070999.6917515,decode,228,1826572,0.936104962621339,1826344,228,3329.3892194359937,6974,0,0,6974,0,0,0,0.0
2356,1778070999.7307208,decode,228,1826800,0.9362218109752379,1826572,228,3329.3892194359937,6974,0,0,6974,0,0,0,0.0
2357,1778070999.7693307,decode,228,1827028,0.9363386593291367,1826800,228,3329.3892194359937,6974,0,0,6974,0,0,0,0.0
2358,1778070999.8081,decode,228,1827256,0.9364555076830355,1827028,228,3329.3892194359937,6974,0,0,6974,0,0,0,0.0
2359,1778070999.8468952,decode,228,1827484,0.9365723560369343,1827256,228,3329.3892194359937,6974,0,0,6974,0,0,0,0.0
2360,1778070999.8856723,decode,228,1827712,0.9366892043908331,1827484,228,3329.3892194359937,6974,0,0,6974,0,0,0,0.0
2361,1778070999.9243965,decode,228,1827940,0.9368060527447319,1827712,228,3329.3892194359937,6974,0,0,6974,0,0,0,0.0
2362,1778070999.9632022,decode,228,1828168,0.9369229010986307,1827940,228,3329.3892194359937,6974,0,0,6974,0,0,0,0.0
2363,1778071000.0018778,decode,228,1828396,0.9370397494525295,1828168,228,3329.3892194359937,6974,0,0,6974,0,0,0,0.0
2364,1778071000.04077,decode,228,1828624,0.9371565978064283,1828396,228,3329.3892194359937,6974,0,0,6974,0,0,0,0.0
2365,1778071000.0796385,decode,228,1828852,0.9372734461603273,1828624,228,3329.3892194359937,6974,0,0,6974,0,0,0,0.0
2366,1778071000.1181436,decode,228,1829080,0.9373902945142261,1828852,228,3329.3892194359937,6974,0,0,6974,0,0,0,0.0
2367,1778071000.15698,decode,228,1829308,0.9375071428681249,1829080,228,3329.3892194359937,6974,0,0,6974,0,0,0,0.0
2368,1778071000.1955795,decode,228,1829536,0.9376239912220237,1829308,228,3329.3892194359937,6974,0,0,6974,0,0,0,0.0
2369,1778071000.2345204,decode,228,1829764,0.9377408395759225,1829536,228,3329.3892194359937,6974,0,0,6974,0,0,0,0.0
2370,1778071000.2732973,decode,228,1829992,0.9378576879298213,1829764,228,3329.3892194359937,6974,0,0,6974,0,0,0,0.0
2371,1778071000.311887,decode,228,1830220,0.9379745362837201,1829992,228,3329.3892194359937,6974,0,0,6974,0,0,0,0.0
2372,1778071000.3507788,decode,228,1830448,0.9380913846376189,1830220,228,3329.3892194359937,6974,0,0,6974,0,0,0,0.0
2373,1778071000.389605,decode,228,1830676,0.9382082329915177,1830448,228,4163.778546315082,6974,0,0,6974,0,0,0,0.0
2374,1778071000.428258,decode,228,1830904,0.9383250813454166,1830676,228,4163.778546315082,6974,0,0,6974,0,0,0,0.0
2375,1778071000.4669795,decode,228,1831132,0.9384419296993154,1830904,228,4163.778546315082,6974,0,0,6974,0,0,0,0.0
2376,1778071000.505846,decode,228,1831360,0.9385587780532142,1831132,228,4163.778546315082,6974,0,0,6974,0,0,0,0.0
2377,1778071000.5615807,decode,228,690213,0.35372917934018605,1831360,228,4163.778546315082,6974,0,0,6974,0,0,0,0.0
2378,1778071001.1399105,decode,228,1673874,0.8578483400615093,1831588,228,4163.778546315082,6974,0,0,6974,134,0,0,0.0
2381,1778071001.2088664,decode,219,1826093,0.9358594785795955,1754093,219,4163.778546315082,6830,0,0,6830,9,0,0,0.0
2383,1778071001.2635272,decode,228,1826549,0.9360931752873931,1826321,228,4163.778546315082,6821,0,0,6821,0,0,0,0.0
2384,1778071001.3022099,decode,228,1826777,0.9362100236412919,1826549,228,4163.778546315082,6821,0,0,6821,0,0,0,0.0
2385,1778071001.340943,decode,228,1827005,0.9363268719951907,1826777,228,4163.778546315082,6821,0,0,6821,0,0,0,0.0
2386,1778071001.3796084,decode,228,1827233,0.9364437203490896,1827005,228,4163.778546315082,6821,0,0,6821,0,0,0,0.0
2387,1778071001.4183853,decode,228,1827461,0.9365605687029884,1827233,228,4163.778546315082,6821,0,0,6821,0,0,0,0.0
2388,1778071001.4570882,decode,228,1827689,0.9366774170568872,1827461,228,4163.778546315082,6821,0,0,6821,0,0,0,0.0
2389,1778071001.495775,decode,228,1827917,0.936794265410786,1827689,228,4163.778546315082,6821,0,0,6821,0,0,0,0.0
2390,1778071001.53451,decode,228,1828145,0.9369111137646848,1827917,228,4163.778546315082,6821,0,0,6821,0,0,0,0.0
2391,1778071001.5733714,decode,228,1828373,0.9370279621185836,1828145,228,4163.778546315082,6821,0,0,6821,0,0,0,0.0
2392,1778071001.6122649,decode,228,1828601,0.9371448104724824,1828373,228,4163.778546315082,6821,0,0,6821,0,0,0,0.0
2393,1778071001.6509225,decode,228,1828829,0.9372616588263812,1828601,228,4163.778546315082,6821,0,0,6821,0,0,0,0.0
2394,1778071001.6897671,decode,228,1829057,0.9373785071802802,1828829,228,4163.778546315082,6821,0,0,6821,0,0,0,0.0
2395,1778071001.7283144,decode,228,1829285,0.937495355534179,1829057,228,4163.778546315082,6821,0,0,6821,0,0,0,0.0
2396,1778071001.7671201,decode,228,1829513,0.9376122038880778,1829285,228,4163.778546315082,6821,0,0,6821,0,0,0,0.0
2397,1778071001.8058648,decode,228,1829741,0.9377290522419766,1829513,228,4163.778546315082,6821,0,0,6821,0,0,0,0.0
2398,1778071001.8447442,decode,228,1829969,0.9378459005958754,1829741,228,4163.778546315082,6821,0,0,6821,0,0,0,0.0
2399,1778071001.8835008,decode,228,1830197,0.9379627489497742,1829969,228,4163.778546315082,6821,0,0,6821,0,0,0,0.0
2400,1778071001.9222016,decode,228,1830425,0.938079597303673,1830197,228,4163.778546315082,6821,0,0,6821,0,0,0,0.0
2401,1778071001.9608994,decode,228,1830653,0.9381964456575718,1830425,228,4163.778546315082,6821,0,0,6821,0,0,0,0.0
2402,1778071001.9997773,decode,228,1830881,0.9383132940114706,1830653,228,4163.778546315082,6821,0,0,6821,0,0,0,0.0
2403,1778071002.0384817,decode,228,1831109,0.9384301423653695,1830881,228,4163.778546315082,6821,0,0,6821,0,0,0,0.0
2404,1778071002.077247,decode,228,1831337,0.9385469907192683,1831109,228,4163.778546315082,6821,0,0,6821,0,0,0,0.0
2405,1778071002.133095,decode,228,674115,0.34547907056359345,1831337,228,4163.778546315082,6821,0,0,6821,0,0,0,0.0
2406,1778071002.7271774,decode,228,1729994,0.886609434889586,1831565,228,4163.778546315082,6821,0,0,6821,136,0,0,0.0
2409,1778071002.7892108,decode,220,1826214,0.9359214902060067,1762214,220,4163.778546315082,6681,0,0,6681,8,0,0,0.0
2411,1778071002.8440764,decode,228,1826670,0.9361551869138044,1826442,228,4163.778546315082,6673,0,0,6673,0,0,0,0.0
2412,1778071002.8829834,decode,228,1826898,0.9362720352677032,1826670,228,4163.778546315082,6673,0,0,6673,0,0,0,0.0
2413,1778071002.9215188,decode,228,1827126,0.936388883621602,1826898,228,4163.778546315082,6673,0,0,6673,0,0,0,0.0
2414,1778071002.9602337,decode,228,1827354,0.9365057319755008,1827126,228,4163.778546315082,6673,0,0,6673,0,0,0,0.0
2415,1778071002.9990008,decode,228,1827582,0.9366225803293996,1827354,228,4163.778546315082,6673,0,0,6673,0,0,0,0.0
2416,1778071003.0378041,decode,228,1827810,0.9367394286832984,1827582,228,4163.778546315082,6673,0,0,6673,0,0,0,0.0
2417,1778071003.0766385,decode,228,1828038,0.9368562770371972,1827810,228,4163.778546315082,6673,0,0,6673,0,0,0,0.0
2418,1778071003.1153193,decode,228,1828266,0.936973125391096,1828038,228,4163.778546315082,6673,0,0,6673,0,0,0,0.0
2419,1778071003.154055,decode,228,1828494,0.9370899737449949,1828266,228,3292.876551456417,6673,0,0,6673,0,0,0,0.0
2420,1778071003.192825,decode,228,1828722,0.9372068220988937,1828494,228,3292.876551456417,6673,0,0,6673,0,0,0,0.0
2421,1778071003.2316177,decode,228,1828950,0.9373236704527925,1828722,228,3292.876551456417,6673,0,0,6673,0,0,0,0.0
2422,1778071003.2703443,decode,228,1829178,0.9374405188066913,1828950,228,3292.876551456417,6673,0,0,6673,0,0,0,0.0
2423,1778071003.3092291,decode,228,1829406,0.9375573671605901,1829178,228,3292.876551456417,6673,0,0,6673,0,0,0,0.0
2424,1778071003.3480604,decode,228,1829634,0.9376742155144889,1829406,228,3292.876551456417,6673,0,0,6673,0,0,0,0.0
2425,1778071003.3869936,decode,228,1829862,0.9377910638683877,1829634,228,3292.876551456417,6673,0,0,6673,0,0,0,0.0
2426,1778071003.4256287,decode,228,1830090,0.9379079122222865,1829862,228,3292.876551456417,6673,0,0,6673,0,0,0,0.0
2427,1778071003.4644384,decode,228,1830318,0.9380247605761853,1830090,228,3292.876551456417,6673,0,0,6673,0,0,0,0.0
2428,1778071003.5051582,decode,228,1830546,0.9381416089300842,1830318,228,3292.876551456417,6673,0,0,6673,0,0,0,0.0
2429,1778071003.5450528,decode,228,1830774,0.938258457283983,1830546,228,3292.876551456417,6673,0,0,6673,0,0,0,0.0
2430,1778071003.5807996,decode,228,1831002,0.9383753056378819,1830774,228,3292.876551456417,6673,0,0,6673,0,0,0,0.0
2431,1778071003.619692,decode,228,1831230,0.9384921539917807,1831002,228,3292.876551456417,6673,0,0,6673,0,0,0,0.0
2432,1778071003.6584437,decode,228,1831458,0.9386090023456795,1831230,228,3292.876551456417,6673,0,0,6673,0,0,0,0.0
2433,1778071003.715462,decode,228,602011,0.3085262911358736,1831458,228,3292.876551456417,6673,0,0,6673,0,0,0,0.0
2434,1778071004.3734508,decode,228,1673621,0.8577186793881041,1831686,228,3292.876551456417,6673,0,0,6673,144,0,0,0.0
2437,1778071004.442333,decode,219,1833840,0.9398297601482539,1753840,219,3292.876551456417,6519,0,0,6519,10,0,0,0.0
2439,1778071004.497237,decode,229,1834298,0.9400644818416121,1834069,229,3292.876551456417,6509,0,0,6509,0,0,0,0.0
2440,1778071004.536145,decode,229,1834527,0.9401818426882911,1834298,229,3292.876551456417,6509,0,0,6509,0,0,0,0.0
2441,1778071004.5747921,decode,229,1834756,0.9402992035349702,1834527,229,3292.876551456417,6509,0,0,6509,0,0,0,0.0
2442,1778071004.6137362,decode,229,1834985,0.9404165643816492,1834756,229,3292.876551456417,6509,0,0,6509,0,0,0,0.0
2443,1778071004.6525187,decode,229,1835214,0.9405339252283283,1834985,229,3292.876551456417,6509,0,0,6509,0,0,0,0.0
2444,1778071004.6912632,decode,229,1835443,0.9406512860750074,1835214,229,3292.876551456417,6509,0,0,6509,0,0,0,0.0
2445,1778071004.7300847,decode,229,1835672,0.9407686469216865,1835443,229,3292.876551456417,6509,0,0,6509,0,0,0,0.0
2446,1778071004.7689445,decode,229,1835901,0.9408860077683656,1835672,229,3292.876551456417,6509,0,0,6509,0,0,0,0.0
2447,1778071004.8076816,decode,229,1836130,0.9410033686150446,1835901,229,3292.876551456417,6509,0,0,6509,0,0,0,0.0
2448,1778071004.8466525,decode,229,1836359,0.9411207294617238,1836130,229,3292.876551456417,6509,0,0,6509,0,0,0,0.0
2449,1778071004.8853984,decode,229,1836588,0.9412380903084028,1836359,229,3292.876551456417,6509,0,0,6509,0,0,0,0.0
2450,1778071004.9243917,decode,229,1836817,0.9413554511550819,1836588,229,3292.876551456417,6509,0,0,6509,0,0,0,0.0
2451,1778071004.9632561,decode,229,1837046,0.9414728120017609,1836817,229,3292.876551456417,6509,0,0,6509,0,0,0,0.0
2452,1778071005.0020175,decode,229,1837275,0.94159017284844,1837046,229,3292.876551456417,6509,0,0,6509,0,0,0,0.0
2453,1778071005.040788,decode,229,1837504,0.9417075336951191,1837275,229,3292.876551456417,6509,0,0,6509,0,0,0,0.0
2454,1778071005.0797434,decode,229,1837733,0.9418248945417982,1837504,229,3292.876551456417,6509,0,0,6509,0,0,0,0.0
2455,1778071005.118427,decode,229,1837962,0.9419422553884772,1837733,229,3292.876551456417,6509,0,0,6509,0,0,0,0.0
2456,1778071005.1573594,decode,229,1838191,0.9420596162351563,1837962,229,3292.876551456417,6509,0,0,6509,0,0,0,0.0
2457,1778071005.1961164,decode,229,1838420,0.9421769770818353,1838191,229,3292.876551456417,6509,0,0,6509,0,0,0,0.0
2458,1778071005.2350624,decode,229,1838649,0.9422943379285145,1838420,229,3292.876551456417,6509,0,0,6509,0,0,0,0.0
2459,1778071005.273866,decode,229,1838878,0.9424116987751935,1838649,229,3292.876551456417,6509,0,0,6509,0,0,0,0.0
2460,1778071005.3128328,decode,229,1839107,0.9425290596218726,1838878,229,3292.876551456417,6509,0,0,6509,0,0,0,0.0
2461,1778071005.3680637,decode,229,770486,0.3948685122898331,1839107,229,3292.876551456417,6509,0,0,6509,0,0,0,0.0
2462,1778071005.8732135,decode,229,1682146,0.8620876803398032,1839336,229,3359.49878573892,6509,0,0,6509,124,0,0,0.0
2465,1778071005.941037,decode,220,1826366,0.9359993891086059,1762366,220,3359.49878573892,6375,0,0,6375,8,0,0,0.0
2467,1778071005.994925,decode,228,1826822,0.9362330858164035,1826594,228,3359.49878573892,6367,0,0,6367,0,0,0,0.0
2468,1778071006.0337758,decode,228,1827050,0.9363499341703023,1826822,228,3359.49878573892,6367,0,0,6367,0,0,0,0.0
2469,1778071006.072515,decode,228,1827278,0.9364667825242012,1827050,228,3359.49878573892,6367,0,0,6367,0,0,0,0.0
2470,1778071006.1112325,decode,228,1827506,0.9365836308781,1827278,228,3359.49878573892,6367,0,0,6367,0,0,0,0.0
2471,1778071006.150076,decode,228,1827734,0.9367004792319988,1827506,228,3359.49878573892,6367,0,0,6367,0,0,0,0.0
2472,1778071006.1887877,decode,228,1827962,0.9368173275858976,1827734,228,3359.49878573892,6367,0,0,6367,0,0,0,0.0
2473,1778071006.227393,decode,228,1828190,0.9369341759397964,1827962,228,3359.49878573892,6367,0,0,6367,0,0,0,0.0
2474,1778071006.2662148,decode,228,1828418,0.9370510242936952,1828190,228,3359.49878573892,6367,0,0,6367,0,0,0,0.0
2475,1778071006.3049653,decode,228,1828646,0.937167872647594,1828418,228,3359.49878573892,6367,0,0,6367,0,0,0,0.0
2476,1778071006.3437295,decode,228,1828874,0.9372847210014928,1828646,228,3359.49878573892,6367,0,0,6367,0,0,0,0.0
2477,1778071006.382569,decode,228,1829102,0.9374015693553917,1828874,228,3359.49878573892,6367,0,0,6367,0,0,0,0.0
2478,1778071006.4212878,decode,228,1829330,0.9375184177092906,1829102,228,3359.49878573892,6367,0,0,6367,0,0,0,0.0
2479,1778071006.4600832,decode,228,1829558,0.9376352660631894,1829330,228,3359.49878573892,6367,0,0,6367,0,0,0,0.0
2480,1778071006.49879,decode,228,1829786,0.9377521144170882,1829558,228,3359.49878573892,6367,0,0,6367,0,0,0,0.0
2481,1778071006.5377438,decode,228,1830014,0.937868962770987,1829786,228,3359.49878573892,6367,0,0,6367,0,0,0,0.0
2482,1778071006.5764546,decode,228,1830242,0.9379858111248858,1830014,228,3359.49878573892,6367,0,0,6367,0,0,0,0.0
2483,1778071006.615279,decode,228,1830470,0.9381026594787846,1830242,228,3359.49878573892,6367,0,0,6367,0,0,0,0.0
2484,1778071006.653961,decode,228,1830698,0.9382195078326834,1830470,228,3359.49878573892,6367,0,0,6367,0,0,0,0.0
2485,1778071006.6929102,decode,228,1830926,0.9383363561865822,1830698,228,3359.49878573892,6367,0,0,6367,0,0,0,0.0
2486,1778071006.7316341,decode,228,1831154,0.9384532045404811,1830926,228,3359.49878573892,6367,0,0,6367,0,0,0,0.0
2487,1778071006.7703698,decode,228,1831382,0.9385700528943799,1831154,228,3359.49878573892,6367,0,0,6367,0,0,0,0.0
2488,1778071006.8092172,decode,228,1831610,0.9386869012482787,1831382,228,3359.49878573892,6367,0,0,6367,0,0,0,0.0
2489,1778071006.86516,decode,228,650113,0.3331782188518419,1831610,228,3359.49878573892,6367,0,0,6367,0,0,0,0.0
2490,1778071007.4799836,decode,228,1689797,0.8660087626015569,1831838,228,3359.49878573892,6367,0,0,6367,139,0,0,0.0
2493,1778071007.5447624,decode,219,1826016,0.9358200166355156,1754016,219,3359.49878573892,6220,0,0,6220,9,0,0,0.0
2495,1778071007.598809,decode,228,1826472,0.9360537133433132,1826244,228,3359.49878573892,6211,0,0,6211,0,0,0,0.0
2496,1778071007.637633,decode,228,1826700,0.9361705616972121,1826472,228,3359.49878573892,6211,0,0,6211,0,0,0,0.0
2497,1778071007.6763527,decode,228,1826928,0.9362874100511109,1826700,228,3359.49878573892,6211,0,0,6211,0,0,0,0.0
2498,1778071007.71518,decode,228,1827156,0.9364042584050097,1826928,228,3359.49878573892,6211,0,0,6211,0,0,0,0.0
2499,1778071007.7538009,decode,228,1827384,0.9365211067589085,1827156,228,3359.49878573892,6211,0,0,6211,0,0,0,0.0
2500,1778071007.792533,decode,228,1827612,0.9366379551128073,1827384,228,3359.49878573892,6211,0,0,6211,0,0,0,0.0
2501,1778071007.8312318,decode,228,1827840,0.9367548034667061,1827612,228,3359.49878573892,6211,0,0,6211,0,0,0,0.0
2502,1778071007.8702288,decode,228,1828068,0.936871651820605,1827840,228,3359.49878573892,6211,0,0,6211,0,0,0,0.0
2503,1778071007.9090085,decode,228,1828296,0.9369885001745037,1828068,228,3359.49878573892,6211,0,0,6211,0,0,0,0.0
2504,1778071007.9478505,decode,228,1828524,0.9371053485284027,1828296,228,3359.49878573892,6211,0,0,6211,0,0,0,0.0
2505,1778071007.986583,decode,228,1828752,0.9372221968823015,1828524,228,3359.49878573892,6211,0,0,6211,0,0,0,0.0
2506,1778071008.0252295,decode,228,1828980,0.9373390452362003,1828752,228,3359.49878573892,6211,0,0,6211,0,0,0,0.0
2507,1778071008.0640495,decode,228,1829208,0.9374558935900991,1828980,228,3359.49878573892,6211,0,0,6211,0,0,0,0.0
2508,1778071008.1027226,decode,228,1829436,0.9375727419439979,1829208,228,4082.9616930787106,6211,0,0,6211,0,0,0,0.0
2509,1778071008.1414437,decode,228,1829664,0.9376895902978967,1829436,228,4082.9616930787106,6211,0,0,6211,0,0,0,0.0
2510,1778071008.180309,decode,228,1829892,0.9378064386517955,1829664,228,4082.9616930787106,6211,0,0,6211,0,0,0,0.0
2511,1778071008.2190812,decode,228,1830120,0.9379232870056943,1829892,228,4082.9616930787106,6211,0,0,6211,0,0,0,0.0
2512,1778071008.2578177,decode,228,1830348,0.9380401353595931,1830120,228,4082.9616930787106,6211,0,0,6211,0,0,0,0.0
2513,1778071008.2965202,decode,228,1830576,0.938156983713492,1830348,228,4082.9616930787106,6211,0,0,6211,0,0,0,0.0
2514,1778071008.3355753,decode,228,1830804,0.9382738320673908,1830576,228,4082.9616930787106,6211,0,0,6211,0,0,0,0.0
2515,1778071008.374339,decode,228,1831032,0.9383906804212896,1830804,228,4082.9616930787106,6211,0,0,6211,0,0,0,0.0
2516,1778071008.413128,decode,228,1831260,0.9385075287751884,1831032,228,4082.9616930787106,6211,0,0,6211,0,0,0,0.0
2517,1778071008.46936,decode,228,658113,0.33727816109390557,1831260,228,4082.9616930787106,6211,0,0,6211,0,0,0,0.0
2518,1778071009.0748787,decode,228,1697846,0.8701338169898531,1831488,228,4082.9616930787106,6211,0,0,6211,138,0,0,0.0
2521,1778071009.1381047,decode,219,1826065,0.9358451287817483,1754065,219,4082.9616930787106,6066,0,0,6066,9,0,0,0.0
2523,1778071009.1922524,decode,228,1826521,0.9360788254895459,1826293,228,4082.9616930787106,6057,0,0,6057,0,0,0,0.0
2524,1778071009.2310681,decode,228,1826749,0.9361956738434447,1826521,228,4082.9616930787106,6057,0,0,6057,0,0,0,0.0
2525,1778071009.2697535,decode,228,1826977,0.9363125221973435,1826749,228,4082.9616930787106,6057,0,0,6057,0,0,0,0.0
2526,1778071009.3083827,decode,228,1827205,0.9364293705512423,1826977,228,4082.9616930787106,6057,0,0,6057,0,0,0,0.0
2527,1778071009.347167,decode,228,1827433,0.9365462189051412,1827205,228,4082.9616930787106,6057,0,0,6057,0,0,0,0.0
2528,1778071009.385935,decode,228,1827661,0.93666306725904,1827433,228,4082.9616930787106,6057,0,0,6057,0,0,0,0.0
2529,1778071009.424714,decode,228,1827889,0.9367799156129388,1827661,228,4082.9616930787106,6057,0,0,6057,0,0,0,0.0
2530,1778071009.4634244,decode,228,1828117,0.9368967639668376,1827889,228,4082.9616930787106,6057,0,0,6057,0,0,0,0.0
2531,1778071009.5022302,decode,228,1828345,0.9370136123207364,1828117,228,4082.9616930787106,6057,0,0,6057,0,0,0,0.0
2532,1778071009.5410976,decode,228,1828573,0.9371304606746352,1828345,228,4082.9616930787106,6057,0,0,6057,0,0,0,0.0
2533,1778071009.5798674,decode,228,1828801,0.937247309028534,1828573,228,4082.9616930787106,6057,0,0,6057,0,0,0,0.0
2534,1778071009.6186378,decode,228,1829029,0.9373641573824328,1828801,228,4082.9616930787106,6057,0,0,6057,0,0,0,0.0
2535,1778071009.6572587,decode,228,1829257,0.9374810057363316,1829029,228,4082.9616930787106,6057,0,0,6057,0,0,0,0.0
2536,1778071009.6961985,decode,228,1829485,0.9375978540902306,1829257,228,4082.9616930787106,6057,0,0,6057,0,0,0,0.0
2537,1778071009.7347834,decode,228,1829713,0.9377147024441294,1829485,228,4082.9616930787106,6057,0,0,6057,0,0,0,0.0
2538,1778071009.7737162,decode,228,1829941,0.9378315507980282,1829713,228,4082.9616930787106,6057,0,0,6057,0,0,0,0.0
2539,1778071009.8124464,decode,228,1830169,0.937948399151927,1829941,228,4082.9616930787106,6057,0,0,6057,0,0,0,0.0
2540,1778071009.851341,decode,228,1830397,0.9380652475058258,1830169,228,4082.9616930787106,6057,0,0,6057,0,0,0,0.0
2541,1778071009.8900573,decode,228,1830625,0.9381820958597246,1830397,228,4082.9616930787106,6057,0,0,6057,0,0,0,0.0
2542,1778071009.928861,decode,228,1830853,0.9382989442136234,1830625,228,4082.9616930787106,6057,0,0,6057,0,0,0,0.0
2543,1778071009.9676585,decode,228,1831081,0.9384157925675222,1830853,228,4082.9616930787106,6057,0,0,6057,0,0,0,0.0
2544,1778071010.0065603,decode,228,1831309,0.938532640921421,1831081,228,4082.9616930787106,6057,0,0,6057,0,0,0,0.0
2545,1778071010.0625832,decode,228,658137,0.3372904609206318,1831309,228,4082.9616930787106,6057,0,0,6057,0,0,0,0.0
2546,1778071010.6708498,decode,228,1681797,0.8619088203594932,1831537,228,4082.9616930787106,6057,0,0,6057,138,0,0,0.0
2549,1778071010.7365103,decode,219,1826016,0.9358200166355156,1754016,219,4082.9616930787106,5910,0,0,5910,9,0,0,0.0
2551,1778071010.790331,decode,228,1826472,0.9360537133433132,1826244,228,4082.9616930787106,5901,0,0,5901,0,0,0,0.0
2552,1778071010.8291569,decode,228,1826700,0.9361705616972121,1826472,228,4082.9616930787106,5901,0,0,5901,0,0,0,0.0
2553,1778071010.8677957,decode,228,1826928,0.9362874100511109,1826700,228,4082.9616930787106,5901,0,0,5901,0,0,0,0.0
2554,1778071010.9065874,decode,228,1827156,0.9364042584050097,1826928,228,3246.2347426448882,5901,0,0,5901,0,0,0,0.0
2555,1778071010.945271,decode,228,1827384,0.9365211067589085,1827156,228,3246.2347426448882,5901,0,0,5901,0,0,0,0.0
2556,1778071010.9840124,decode,228,1827612,0.9366379551128073,1827384,228,3246.2347426448882,5901,0,0,5901,0,0,0,0.0
2557,1778071011.0228906,decode,228,1827840,0.9367548034667061,1827612,228,3246.2347426448882,5901,0,0,5901,0,0,0,0.0
2558,1778071011.0617633,decode,228,1828068,0.936871651820605,1827840,228,3246.2347426448882,5901,0,0,5901,0,0,0,0.0
2559,1778071011.1005695,decode,228,1828296,0.9369885001745037,1828068,228,3246.2347426448882,5901,0,0,5901,0,0,0,0.0
2560,1778071011.139294,decode,228,1828524,0.9371053485284027,1828296,228,3246.2347426448882,5901,0,0,5901,0,0,0,0.0
2561,1778071011.1779747,decode,228,1828752,0.9372221968823015,1828524,228,3246.2347426448882,5901,0,0,5901,0,0,0,0.0
2562,1778071011.2168543,decode,228,1828980,0.9373390452362003,1828752,228,3246.2347426448882,5901,0,0,5901,0,0,0,0.0
2563,1778071011.2556536,decode,228,1829208,0.9374558935900991,1828980,228,3246.2347426448882,5901,0,0,5901,0,0,0,0.0
2564,1778071011.2942605,decode,228,1829436,0.9375727419439979,1829208,228,3246.2347426448882,5901,0,0,5901,0,0,0,0.0
2565,1778071011.33312,decode,228,1829664,0.9376895902978967,1829436,228,3246.2347426448882,5901,0,0,5901,0,0,0,0.0
2566,1778071011.3719237,decode,228,1829892,0.9378064386517955,1829664,228,3246.2347426448882,5901,0,0,5901,0,0,0,0.0
2567,1778071011.4106038,decode,228,1830120,0.9379232870056943,1829892,228,3246.2347426448882,5901,0,0,5901,0,0,0,0.0
2568,1778071011.4495263,decode,228,1830348,0.9380401353595931,1830120,228,3246.2347426448882,5901,0,0,5901,0,0,0,0.0
2569,1778071011.48819,decode,228,1830576,0.938156983713492,1830348,228,3246.2347426448882,5901,0,0,5901,0,0,0,0.0
2570,1778071011.5270112,decode,228,1830804,0.9382738320673908,1830576,228,3246.2347426448882,5901,0,0,5901,0,0,0,0.0
2571,1778071011.5657506,decode,228,1831032,0.9383906804212896,1830804,228,3246.2347426448882,5901,0,0,5901,0,0,0,0.0
2572,1778071011.604643,decode,228,1831260,0.9385075287751884,1831032,228,3246.2347426448882,5901,0,0,5901,0,0,0,0.0
2573,1778071011.66112,decode,228,642063,0.3290526519707654,1831260,228,3246.2347426448882,5901,0,0,5901,0,0,0,0.0
2574,1778071012.2831352,decode,228,1697796,0.8701081923508402,1831488,228,3246.2347426448882,5901,0,0,5901,140,0,0,0.0
2577,1778071012.346094,decode,219,1826015,0.9358195041427354,1754015,219,3246.2347426448882,5754,0,0,5754,9,0,0,0.0
2579,1778071012.3998342,decode,228,1826471,0.936053200850533,1826243,228,3246.2347426448882,5745,0,0,5745,0,0,0,0.0
2580,1778071012.4387903,decode,228,1826699,0.9361700492044318,1826471,228,3246.2347426448882,5745,0,0,5745,0,0,0,0.0
2581,1778071012.477451,decode,228,1826927,0.9362868975583306,1826699,228,3246.2347426448882,5745,0,0,5745,0,0,0,0.0
2582,1778071012.5161693,decode,228,1827155,0.9364037459122294,1826927,228,3246.2347426448882,5745,0,0,5745,0,0,0,0.0
2583,1778071012.5549188,decode,228,1827383,0.9365205942661283,1827155,228,3246.2347426448882,5745,0,0,5745,0,0,0,0.0
2584,1778071012.5937304,decode,228,1827611,0.9366374426200271,1827383,228,3246.2347426448882,5745,0,0,5745,0,0,0,0.0
2585,1778071012.6325264,decode,228,1827839,0.9367542909739259,1827611,228,3246.2347426448882,5745,0,0,5745,0,0,0,0.0
2586,1778071012.6712894,decode,228,1828067,0.9368711393278247,1827839,228,3246.2347426448882,5745,0,0,5745,0,0,0,0.0
2587,1778071012.7100546,decode,228,1828295,0.9369879876817235,1828067,228,3246.2347426448882,5745,0,0,5745,0,0,0,0.0
2588,1778071012.748779,decode,228,1828523,0.9371048360356223,1828295,228,3246.2347426448882,5745,0,0,5745,0,0,0,0.0
2589,1778071012.7875247,decode,228,1828751,0.9372216843895211,1828523,228,3246.2347426448882,5745,0,0,5745,0,0,0,0.0
2590,1778071012.8262866,decode,228,1828979,0.9373385327434199,1828751,228,3246.2347426448882,5745,0,0,5745,0,0,0,0.0
2591,1778071012.8650637,decode,228,1829207,0.9374553810973187,1828979,228,3246.2347426448882,5745,0,0,5745,0,0,0,0.0
2592,1778071012.903813,decode,228,1829435,0.9375722294512177,1829207,228,3246.2347426448882,5745,0,0,5745,0,0,0,0.0
2593,1778071012.9426146,decode,228,1829663,0.9376890778051165,1829435,228,3246.2347426448882,5745,0,0,5745,0,0,0,0.0
2594,1778071012.981428,decode,228,1829891,0.9378059261590153,1829663,228,3246.2347426448882,5745,0,0,5745,0,0,0,0.0
2595,1778071013.0201871,decode,228,1830119,0.9379227745129141,1829891,228,3246.2347426448882,5745,0,0,5745,0,0,0,0.0
2596,1778071013.058998,decode,228,1830347,0.9380396228668129,1830119,228,3246.2347426448882,5745,0,0,5745,0,0,0,0.0
2597,1778071013.097792,decode,228,1830575,0.9381564712207117,1830347,228,4157.996136204315,5745,0,0,5745,0,0,0,0.0
2598,1778071013.1366556,decode,228,1830803,0.9382733195746105,1830575,228,4157.996136204315,5745,0,0,5745,0,0,0,0.0
2599,1778071013.175498,decode,228,1831031,0.9383901679285093,1830803,228,4157.996136204315,5745,0,0,5745,0,0,0,0.0
2600,1778071013.2144408,decode,228,1831259,0.9385070162824081,1831031,228,4157.996136204315,5745,0,0,5745,0,0,0,0.0
2601,1778071013.2702737,decode,228,682212,0.3496287246053421,1831259,228,4157.996136204315,5745,0,0,5745,0,0,0,0.0
2602,1778071013.8546805,decode,228,1721992,0.8825084676619618,1831487,228,4157.996136204315,5745,0,0,5745,135,0,0,0.0
2605,1778071013.914494,decode,220,1826212,0.9359204652204463,1762212,220,4157.996136204315,5605,0,0,5605,8,0,0,0.0
2607,1778071013.9680295,decode,228,1826668,0.9361541619282439,1826440,228,4157.996136204315,5597,0,0,5597,0,0,0,0.0
2608,1778071014.0067935,decode,228,1826896,0.9362710102821427,1826668,228,4157.996136204315,5597,0,0,5597,0,0,0,0.0
2609,1778071014.0455866,decode,228,1827124,0.9363878586360415,1826896,228,4157.996136204315,5597,0,0,5597,0,0,0,0.0
2610,1778071014.0843112,decode,228,1827352,0.9365047069899403,1827124,228,4157.996136204315,5597,0,0,5597,0,0,0,0.0
2611,1778071014.1230614,decode,228,1827580,0.9366215553438391,1827352,228,4157.996136204315,5597,0,0,5597,0,0,0,0.0
2612,1778071014.1617181,decode,228,1827808,0.9367384036977379,1827580,228,4157.996136204315,5597,0,0,5597,0,0,0,0.0
2613,1778071014.2005305,decode,228,1828036,0.9368552520516368,1827808,228,4157.996136204315,5597,0,0,5597,0,0,0,0.0
2614,1778071014.2393517,decode,228,1828264,0.9369721004055356,1828036,228,4157.996136204315,5597,0,0,5597,0,0,0,0.0
2615,1778071014.2781076,decode,228,1828492,0.9370889487594344,1828264,228,4157.996136204315,5597,0,0,5597,0,0,0,0.0
2616,1778071014.316789,decode,228,1828720,0.9372057971133332,1828492,228,4157.996136204315,5597,0,0,5597,0,0,0,0.0
2617,1778071014.3556309,decode,228,1828948,0.937322645467232,1828720,228,4157.996136204315,5597,0,0,5597,0,0,0,0.0
2618,1778071014.3945587,decode,228,1829176,0.9374394938211308,1828948,228,4157.996136204315,5597,0,0,5597,0,0,0,0.0
2619,1778071014.433356,decode,228,1829404,0.9375563421750296,1829176,228,4157.996136204315,5597,0,0,5597,0,0,0,0.0
2620,1778071014.472064,decode,228,1829632,0.9376731905289284,1829404,228,4157.996136204315,5597,0,0,5597,0,0,0,0.0
2621,1778071014.5107439,decode,228,1829860,0.9377900388828272,1829632,228,4157.996136204315,5597,0,0,5597,0,0,0,0.0
2622,1778071014.5495062,decode,228,1830088,0.9379068872367261,1829860,228,4157.996136204315,5597,0,0,5597,0,0,0,0.0
2623,1778071014.5882847,decode,228,1830316,0.9380237355906249,1830088,228,4157.996136204315,5597,0,0,5597,0,0,0,0.0
2624,1778071014.6270764,decode,228,1830544,0.9381405839445237,1830316,228,4157.996136204315,5597,0,0,5597,0,0,0,0.0
2625,1778071014.6658862,decode,228,1830772,0.9382574322984225,1830544,228,4157.996136204315,5597,0,0,5597,0,0,0,0.0
2626,1778071014.7047045,decode,228,1831000,0.9383742806523213,1830772,228,4157.996136204315,5597,0,0,5597,0,0,0,0.0
2627,1778071014.743527,decode,228,1831228,0.9384911290062201,1831000,228,4157.996136204315,5597,0,0,5597,0,0,0,0.0
2628,1778071014.7822068,decode,228,1831456,0.9386079773601189,1831228,228,4157.996136204315,5597,0,0,5597,0,0,0,0.0
2629,1778071014.8382416,decode,228,658234,0.3373401727203168,1831456,228,4157.996136204315,5597,0,0,5597,0,0,0,0.0
2630,1778071015.4441912,decode,228,1673770,0.8577950408123626,1831684,228,4157.996136204315,5597,0,0,5597,138,0,0,0.0
2633,1778071015.5103707,decode,219,1833989,0.9399061215725123,1753989,219,4157.996136204315,5449,0,0,5449,10,0,0,0.0
2635,1778071015.5640128,decode,229,1834447,0.9401408432658704,1834218,229,4157.996136204315,5439,0,0,5439,0,0,0,0.0
2636,1778071015.6027546,decode,229,1834676,0.9402582041125496,1834447,229,4157.996136204315,5439,0,0,5439,0,0,0,0.0
2637,1778071015.6416004,decode,229,1834905,0.9403755649592286,1834676,229,4157.996136204315,5439,0,0,5439,0,0,0,0.0
2638,1778071015.6802845,decode,229,1835134,0.9404929258059077,1834905,229,4157.996136204315,5439,0,0,5439,0,0,0,0.0
2639,1778071015.719193,decode,229,1835363,0.9406102866525868,1835134,229,4157.996136204315,5439,0,0,5439,0,0,0,0.0
2640,1778071015.7579868,decode,229,1835592,0.9407276474992659,1835363,229,4157.996136204315,5439,0,0,5439,0,0,0,0.0
2641,1778071015.796749,decode,229,1835821,0.940845008345945,1835592,229,4157.996136204315,5439,0,0,5439,0,0,0,0.0
2642,1778071015.835669,decode,229,1836050,0.940962369192624,1835821,229,4157.996136204315,5439,0,0,5439,0,0,0,0.0
2643,1778071015.8745852,decode,229,1836279,0.9410797300393031,1836050,229,3281.4820535381755,5439,0,0,5439,0,0,0,0.0
2644,1778071015.9133995,decode,229,1836508,0.9411970908859821,1836279,229,3281.4820535381755,5439,0,0,5439,0,0,0,0.0
2645,1778071015.952317,decode,229,1836737,0.9413144517326613,1836508,229,3281.4820535381755,5439,0,0,5439,0,0,0,0.0
2646,1778071015.991208,decode,229,1836966,0.9414318125793403,1836737,229,3281.4820535381755,5439,0,0,5439,0,0,0,0.0
2647,1778071016.0300417,decode,229,1837195,0.9415491734260194,1836966,229,3281.4820535381755,5439,0,0,5439,0,0,0,0.0
2648,1778071016.068912,decode,229,1837424,0.9416665342726984,1837195,229,3281.4820535381755,5439,0,0,5439,0,0,0,0.0
2649,1778071016.1076818,decode,229,1837653,0.9417838951193775,1837424,229,3281.4820535381755,5439,0,0,5439,0,0,0,0.0
2650,1778071016.1466665,decode,229,1837882,0.9419012559660566,1837653,229,3281.4820535381755,5439,0,0,5439,0,0,0,0.0
2651,1778071016.1854393,decode,229,1838111,0.9420186168127357,1837882,229,3281.4820535381755,5439,0,0,5439,0,0,0,0.0
2652,1778071016.224392,decode,229,1838340,0.9421359776594147,1838111,229,3281.4820535381755,5439,0,0,5439,0,0,0,0.0
2653,1778071016.263143,decode,229,1838569,0.9422533385060938,1838340,229,3281.4820535381755,5439,0,0,5439,0,0,0,0.0
2654,1778071016.302117,decode,229,1838798,0.9423706993527728,1838569,229,3281.4820535381755,5439,0,0,5439,0,0,0,0.0
2655,1778071016.3408666,decode,229,1839027,0.942488060199452,1838798,229,3281.4820535381755,5439,0,0,5439,0,0,0,0.0
2656,1778071016.379855,decode,229,1839256,0.942605421046131,1839027,229,3281.4820535381755,5439,0,0,5439,0,0,0,0.0
2657,1778071016.4361866,decode,229,642110,0.3290767391314375,1839256,229,3281.4820535381755,5439,0,0,5439,0,0,0,0.0
2658,1778071017.0596652,decode,229,1697793,0.8701066548724995,1839485,229,3281.4820535381755,5439,0,0,5439,140,0,0,0.0
2661,1778071017.1217597,decode,219,1826012,0.9358179666643947,1754012,219,3281.4820535381755,5292,0,0,5292,9,0,0,0.0
2663,1778071017.1753688,decode,228,1826468,0.9360516633721923,1826240,228,3281.4820535381755,5283,0,0,5283,0,0,0,0.0
2664,1778071017.2141223,decode,228,1826696,0.9361685117260911,1826468,228,3281.4820535381755,5283,0,0,5283,0,0,0,0.0
2665,1778071017.2528002,decode,228,1826924,0.9362853600799899,1826696,228,3281.4820535381755,5283,0,0,5283,0,0,0,0.0
2666,1778071017.2916298,decode,228,1827152,0.9364022084338887,1826924,228,3281.4820535381755,5283,0,0,5283,0,0,0,0.0
2667,1778071017.3304107,decode,228,1827380,0.9365190567877875,1827152,228,3281.4820535381755,5283,0,0,5283,0,0,0,0.0
2668,1778071017.3692307,decode,228,1827608,0.9366359051416863,1827380,228,3281.4820535381755,5283,0,0,5283,0,0,0,0.0
2669,1778071017.4079173,decode,228,1827836,0.9367527534955852,1827608,228,3281.4820535381755,5283,0,0,5283,0,0,0,0.0
2670,1778071017.4466736,decode,228,1828064,0.936869601849484,1827836,228,3281.4820535381755,5283,0,0,5283,0,0,0,0.0
2671,1778071017.4853888,decode,228,1828292,0.9369864502033828,1828064,228,3281.4820535381755,5283,0,0,5283,0,0,0,0.0
2672,1778071017.5242593,decode,228,1828520,0.9371032985572816,1828292,228,3281.4820535381755,5283,0,0,5283,0,0,0,0.0
2673,1778071017.5630138,decode,228,1828748,0.9372201469111804,1828520,228,3281.4820535381755,5283,0,0,5283,0,0,0,0.0
2674,1778071017.6018171,decode,228,1828976,0.9373369952650792,1828748,228,3281.4820535381755,5283,0,0,5283,0,0,0,0.0
2675,1778071017.6405628,decode,228,1829204,0.937453843618978,1828976,228,3281.4820535381755,5283,0,0,5283,0,0,0,0.0
2676,1778071017.6793787,decode,228,1829432,0.9375706919728768,1829204,228,3281.4820535381755,5283,0,0,5283,0,0,0,0.0
2677,1778071017.718079,decode,228,1829660,0.9376875403267756,1829432,228,3281.4820535381755,5283,0,0,5283,0,0,0,0.0
2678,1778071017.756854,decode,228,1829888,0.9378043886806745,1829660,228,3281.4820535381755,5283,0,0,5283,0,0,0,0.0
2679,1778071017.7957158,decode,228,1830116,0.9379212370345733,1829888,228,3281.4820535381755,5283,0,0,5283,0,0,0,0.0
2680,1778071017.8344765,decode,228,1830344,0.9380380853884721,1830116,228,3281.4820535381755,5283,0,0,5283,0,0,0,0.0
2681,1778071017.8734918,decode,228,1830572,0.9381549337423709,1830344,228,3281.4820535381755,5283,0,0,5283,0,0,0,0.0
2682,1778071017.9119403,decode,228,1830800,0.9382717820962697,1830572,228,3281.4820535381755,5283,0,0,5283,0,0,0,0.0
2683,1778071017.9508867,decode,228,1831028,0.9383886304501685,1830800,228,3281.4820535381755,5283,0,0,5283,0,0,0,0.0
2684,1778071017.9896624,decode,228,1831256,0.9385054788040673,1831028,228,3281.4820535381755,5283,0,0,5283,0,0,0,0.0
2685,1778071018.047815,decode,228,634134,0.3249890967161,1831256,228,3281.4820535381755,5283,0,0,5283,0,0,0,0.0
2686,1778071018.6781414,decode,228,1665671,0.8536443617850533,1831484,228,3255.158000892326,5283,0,0,5283,141,0,0,0.0
2689,1778071018.7468493,decode,219,1833890,0.9398553847872668,1753890,219,3255.158000892326,5131,0,0,5131,10,0,0,0.0
2691,1778071018.8012867,decode,229,1834348,0.940090106480625,1834119,229,3255.158000892326,5121,0,0,5121,0,0,0,0.0
2692,1778071018.8401341,decode,229,1834577,0.940207467327304,1834348,229,3255.158000892326,5121,0,0,5121,0,0,0,0.0
2693,1778071018.8789432,decode,229,1834806,0.9403248281739831,1834577,229,3255.158000892326,5121,0,0,5121,0,0,0,0.0
2694,1778071018.9177105,decode,229,1835035,0.9404421890206621,1834806,229,3255.158000892326,5121,0,0,5121,0,0,0,0.0
2695,1778071018.9565668,decode,229,1835264,0.9405595498673412,1835035,229,3255.158000892326,5121,0,0,5121,0,0,0,0.0
2696,1778071018.995375,decode,229,1835493,0.9406769107140203,1835264,229,3255.158000892326,5121,0,0,5121,0,0,0,0.0
2697,1778071019.034271,decode,229,1835722,0.9407942715606994,1835493,229,3255.158000892326,5121,0,0,5121,0,0,0,0.0
2698,1778071019.0729806,decode,229,1835951,0.9409116324073784,1835722,229,3255.158000892326,5121,0,0,5121,0,0,0,0.0
2699,1778071019.111778,decode,229,1836180,0.9410289932540575,1835951,229,3255.158000892326,5121,0,0,5121,0,0,0,0.0
2700,1778071019.1508248,decode,229,1836409,0.9411463541007367,1836180,229,3255.158000892326,5121,0,0,5121,0,0,0,0.0
2701,1778071019.1895409,decode,229,1836638,0.9412637149474157,1836409,229,3255.158000892326,5121,0,0,5121,0,0,0,0.0
2702,1778071019.2283983,decode,229,1836867,0.9413810757940948,1836638,229,3255.158000892326,5121,0,0,5121,0,0,0,0.0
2703,1778071019.2672968,decode,229,1837096,0.9414984366407738,1836867,229,3255.158000892326,5121,0,0,5121,0,0,0,0.0
2704,1778071019.3060787,decode,229,1837325,0.9416157974874529,1837096,229,3255.158000892326,5121,0,0,5121,0,0,0,0.0
2705,1778071019.3450167,decode,229,1837554,0.941733158334132,1837325,229,3255.158000892326,5121,0,0,5121,0,0,0,0.0
2706,1778071019.383826,decode,229,1837783,0.9418505191808111,1837554,229,3255.158000892326,5121,0,0,5121,0,0,0,0.0
2707,1778071019.4226418,decode,229,1838012,0.9419678800274901,1837783,229,3255.158000892326,5121,0,0,5121,0,0,0,0.0
2708,1778071019.4614148,decode,229,1838241,0.9420852408741692,1838012,229,3255.158000892326,5121,0,0,5121,0,0,0,0.0
2709,1778071019.5002844,decode,229,1838470,0.9422026017208482,1838241,229,3255.158000892326,5121,0,0,5121,0,0,0,0.0
2710,1778071019.5392914,decode,229,1838699,0.9423199625675274,1838470,229,3255.158000892326,5121,0,0,5121,0,0,0,0.0
2711,1778071019.5781426,decode,229,1838928,0.9424373234142064,1838699,229,3255.158000892326,5121,0,0,5121,0,0,0,0.0
2712,1778071019.6170895,decode,229,1839157,0.9425546842608855,1838928,229,3255.158000892326,5121,0,0,5121,0,0,0,0.0
2713,1778071019.6721919,decode,229,778511,0.3989812668514032,1839157,229,3255.158000892326,5121,0,0,5121,0,0,0,0.0
2714,1778071020.1825085,decode,229,1698195,0.8703126769701632,1839386,229,3255.158000892326,5121,0,0,5121,124,0,0,0.0
2717,1778071020.245492,decode,220,1826415,0.9360245012548386,1762415,220,3255.158000892326,4989,0,0,4989,8,0,0,0.0
2719,1778071020.298144,decode,228,1826871,0.9362581979626362,1826643,228,3255.158000892326,4981,0,0,4981,0,0,0,0.0
2720,1778071020.336889,decode,228,1827099,0.936375046316535,1826871,228,3255.158000892326,4981,0,0,4981,0,0,0,0.0
2721,1778071020.375578,decode,228,1827327,0.9364918946704338,1827099,228,3255.158000892326,4981,0,0,4981,0,0,0,0.0
2722,1778071020.4143867,decode,228,1827555,0.9366087430243326,1827327,228,3255.158000892326,4981,0,0,4981,0,0,0,0.0
2723,1778071020.453136,decode,228,1827783,0.9367255913782314,1827555,228,3255.158000892326,4981,0,0,4981,0,0,0,0.0
2724,1778071020.4918883,decode,228,1828011,0.9368424397321303,1827783,228,3255.158000892326,4981,0,0,4981,0,0,0,0.0
2725,1778071020.530586,decode,228,1828239,0.9369592880860291,1828011,228,3255.158000892326,4981,0,0,4981,0,0,0,0.0
2726,1778071020.5702672,decode,228,1828467,0.9370761364399279,1828239,228,3255.158000892326,4981,0,0,4981,0,0,0,0.0
2727,1778071020.6082547,decode,228,1828695,0.9371929847938267,1828467,228,3255.158000892326,4981,0,0,4981,0,0,0,0.0
2728,1778071020.6468866,decode,228,1828923,0.9373098331477255,1828695,228,3255.158000892326,4981,0,0,4981,0,0,0,0.0
2729,1778071020.6857345,decode,228,1829151,0.9374266815016243,1828923,228,3255.158000892326,4981,0,0,4981,0,0,0,0.0
2730,1778071020.7244942,decode,228,1829379,0.9375435298555231,1829151,228,3255.158000892326,4981,0,0,4981,0,0,0,0.0
2731,1778071020.76372,decode,228,1829607,0.9376603782094219,1829379,228,3255.158000892326,4981,0,0,4981,0,0,0,0.0
2732,1778071020.8020844,decode,228,1829835,0.9377772265633207,1829607,228,4297.194997292432,4981,0,0,4981,0,0,0,0.0
2733,1778071020.840756,decode,228,1830063,0.9378940749172197,1829835,228,4297.194997292432,4981,0,0,4981,0,0,0,0.0
2734,1778071020.8795578,decode,228,1830291,0.9380109232711185,1830063,228,4297.194997292432,4981,0,0,4981,0,0,0,0.0
2735,1778071020.9183424,decode,228,1830519,0.9381277716250173,1830291,228,4297.194997292432,4981,0,0,4981,0,0,0,0.0
2736,1778071020.9572198,decode,228,1830747,0.9382446199789161,1830519,228,4297.194997292432,4981,0,0,4981,0,0,0,0.0
2737,1778071020.995849,decode,228,1830975,0.9383614683328149,1830747,228,4297.194997292432,4981,0,0,4981,0,0,0,0.0
2738,1778071021.0347955,decode,228,1831203,0.9384783166867137,1830975,228,4297.194997292432,4981,0,0,4981,0,0,0,0.0
2739,1778071021.073581,decode,228,1831431,0.9385951650406125,1831203,228,4297.194997292432,4981,0,0,4981,0,0,0,0.0
2740,1778071021.1123502,decode,228,1831659,0.9387120133945113,1831431,228,4297.194997292432,4981,0,0,4981,0,0,0,0.0
2741,1778071021.1690793,decode,228,593962,0.3044012367475773,1831659,228,4297.194997292432,4981,0,0,4981,0,0,0,0.0
2742,1778071021.8334951,decode,228,1689645,0.8659308636989577,1831887,228,4297.194997292432,4981,0,0,4981,145,0,0,0.0
2745,1778071021.897404,decode,219,1833864,0.93984205997498,1753864,219,4297.194997292432,4828,0,0,4828,10,0,0,0.0
2747,1778071021.9507163,decode,229,1834322,0.9400767816683383,1834093,229,4297.194997292432,4818,0,0,4818,0,0,0,0.0
2748,1778071021.9894774,decode,229,1834551,0.9401941425150173,1834322,229,4297.194997292432,4818,0,0,4818,0,0,0,0.0
2749,1778071022.0283623,decode,229,1834780,0.9403115033616964,1834551,229,4297.194997292432,4818,0,0,4818,0,0,0,0.0
2750,1778071022.06719,decode,229,1835009,0.9404288642083755,1834780,229,4297.194997292432,4818,0,0,4818,0,0,0,0.0
2751,1778071022.105973,decode,229,1835238,0.9405462250550546,1835009,229,4297.194997292432,4818,0,0,4818,0,0,0,0.0
2752,1778071022.1448557,decode,229,1835467,0.9406635859017336,1835238,229,4297.194997292432,4818,0,0,4818,0,0,0,0.0
2753,1778071022.1836128,decode,229,1835696,0.9407809467484127,1835467,229,4297.194997292432,4818,0,0,4818,0,0,0,0.0
2754,1778071022.222432,decode,229,1835925,0.9408983075950917,1835696,229,4297.194997292432,4818,0,0,4818,0,0,0,0.0
2755,1778071022.261578,decode,229,1836154,0.9410156684417709,1835925,229,4297.194997292432,4818,0,0,4818,0,0,0,0.0
2756,1778071022.3000975,decode,229,1836383,0.9411330292884499,1836154,229,4297.194997292432,4818,0,0,4818,0,0,0,0.0
2757,1778071022.338903,decode,229,1836612,0.941250390135129,1836383,229,4297.194997292432,4818,0,0,4818,0,0,0,0.0
2758,1778071022.3778765,decode,229,1836841,0.941367750981808,1836612,229,4297.194997292432,4818,0,0,4818,0,0,0,0.0
2759,1778071022.416645,decode,229,1837070,0.9414851118284872,1836841,229,4297.194997292432,4818,0,0,4818,0,0,0,0.0
2760,1778071022.4555655,decode,229,1837299,0.9416024726751662,1837070,229,4297.194997292432,4818,0,0,4818,0,0,0,0.0
2761,1778071022.4942813,decode,229,1837528,0.9417198335218453,1837299,229,4297.194997292432,4818,0,0,4818,0,0,0,0.0
2762,1778071022.5332105,decode,229,1837757,0.9418371943685243,1837528,229,4297.194997292432,4818,0,0,4818,0,0,0,0.0
2763,1778071022.5721085,decode,229,1837986,0.9419545552152034,1837757,229,4297.194997292432,4818,0,0,4818,0,0,0,0.0
2764,1778071022.610928,decode,229,1838215,0.9420719160618825,1837986,229,4297.194997292432,4818,0,0,4818,0,0,0,0.0
2765,1778071022.6497755,decode,229,1838444,0.9421892769085616,1838215,229,4297.194997292432,4818,0,0,4818,0,0,0,0.0
2766,1778071022.6886485,decode,229,1838673,0.9423066377552406,1838444,229,4297.194997292432,4818,0,0,4818,0,0,0,0.0
2767,1778071022.7282085,decode,229,1838902,0.9424239986019197,1838673,229,4297.194997292432,4818,0,0,4818,0,0,0,0.0
2768,1778071022.766293,decode,229,1839131,0.9425413594485987,1838902,229,4297.194997292432,4818,0,0,4818,0,0,0,0.0
2769,1778071022.8223133,decode,229,714335,0.3660915301855685,1839131,229,4297.194997292432,4818,0,0,4818,0,0,0,0.0
2770,1778071023.4048812,decode,229,1681970,0.8619974816104778,1839360,229,4297.194997292432,4818,0,0,4818,131,0,0,0.0
2773,1778071023.4689834,decode,219,1826189,0.9359086778865002,1754189,219,4297.194997292432,4678,0,0,4678,9,0,0,0.0
2775,1778071023.521568,decode,228,1826645,0.9361423745942979,1826417,228,4297.194997292432,4669,0,0,4669,0,0,0,0.0
2776,1778071023.5603564,decode,228,1826873,0.9362592229481967,1826645,228,4297.194997292432,4669,0,0,4669,0,0,0,0.0
2777,1778071023.5992186,decode,228,1827101,0.9363760713020955,1826873,228,4297.194997292432,4669,0,0,4669,0,0,0,0.0
2778,1778071023.6379297,decode,228,1827329,0.9364929196559943,1827101,228,3218.0863229437377,4669,0,0,4669,0,0,0,0.0
2779,1778071023.6765926,decode,228,1827557,0.9366097680098932,1827329,228,3218.0863229437377,4669,0,0,4669,0,0,0,0.0
2780,1778071023.715344,decode,228,1827785,0.936726616363792,1827557,228,3218.0863229437377,4669,0,0,4669,0,0,0,0.0
2781,1778071023.754294,decode,228,1828013,0.9368434647176908,1827785,228,3218.0863229437377,4669,0,0,4669,0,0,0,0.0
2782,1778071023.7930107,decode,228,1828241,0.9369603130715896,1828013,228,3218.0863229437377,4669,0,0,4669,0,0,0,0.0
2783,1778071023.8317714,decode,228,1828469,0.9370771614254885,1828241,228,3218.0863229437377,4669,0,0,4669,0,0,0,0.0
2784,1778071023.8705869,decode,228,1828697,0.9371940097793873,1828469,228,3218.0863229437377,4669,0,0,4669,0,0,0,0.0
2785,1778071023.9093466,decode,228,1828925,0.9373108581332861,1828697,228,3218.0863229437377,4669,0,0,4669,0,0,0,0.0
2786,1778071023.9481592,decode,228,1829153,0.9374277064871849,1828925,228,3218.0863229437377,4669,0,0,4669,0,0,0,0.0
2787,1778071023.9869986,decode,228,1829381,0.9375445548410837,1829153,228,3218.0863229437377,4669,0,0,4669,0,0,0,0.0
2788,1778071024.025762,decode,228,1829609,0.9376614031949825,1829381,228,3218.0863229437377,4669,0,0,4669,0,0,0,0.0
2789,1778071024.0651677,decode,228,1829837,0.9377782515488813,1829609,228,3218.0863229437377,4669,0,0,4669,0,0,0,0.0
2790,1778071024.1033964,decode,228,1830065,0.9378950999027801,1829837,228,3218.0863229437377,4669,0,0,4669,0,0,0,0.0
2791,1778071024.142141,decode,228,1830293,0.9380119482566789,1830065,228,3218.0863229437377,4669,0,0,4669,0,0,0,0.0
2792,1778071024.181081,decode,228,1830521,0.9381287966105778,1830293,228,3218.0863229437377,4669,0,0,4669,0,0,0,0.0
2793,1778071024.2197623,decode,228,1830749,0.9382456449644766,1830521,228,3218.0863229437377,4669,0,0,4669,0,0,0,0.0
2794,1778071024.258682,decode,228,1830977,0.9383624933183754,1830749,228,3218.0863229437377,4669,0,0,4669,0,0,0,0.0
2795,1778071024.2973514,decode,228,1831205,0.9384793416722742,1830977,228,3218.0863229437377,4669,0,0,4669,0,0,0,0.0
2796,1778071024.3363433,decode,228,1831433,0.938596190026173,1831205,228,3218.0863229437377,4669,0,0,4669,0,0,0,0.0
2797,1778071024.3928084,decode,228,626061,0.3208517425010775,1831433,228,3218.0863229437377,4669,0,0,4669,0,0,0,0.0
2798,1778071025.026017,decode,228,1665672,0.8536448742778336,1831661,228,3218.0863229437377,4669,0,0,4669,141,0,0,0.0
2801,1778071025.0925143,decode,219,1833891,0.939855897280047,1753891,219,3218.0863229437377,4517,0,0,4517,10,0,0,0.0
2803,1778071025.1453915,decode,229,1834349,0.9400906189734052,1834120,229,3218.0863229437377,4507,0,0,4507,0,0,0,0.0
2804,1778071025.1843195,decode,229,1834578,0.9402079798200843,1834349,229,3218.0863229437377,4507,0,0,4507,0,0,0,0.0
2805,1778071025.2230637,decode,229,1834807,0.9403253406667633,1834578,229,3218.0863229437377,4507,0,0,4507,0,0,0,0.0
2806,1778071025.2620604,decode,229,1835036,0.9404427015134424,1834807,229,3218.0863229437377,4507,0,0,4507,0,0,0,0.0
2807,1778071025.300804,decode,229,1835265,0.9405600623601215,1835036,229,3218.0863229437377,4507,0,0,4507,0,0,0,0.0
2808,1778071025.3395638,decode,229,1835494,0.9406774232068006,1835265,229,3218.0863229437377,4507,0,0,4507,0,0,0,0.0
2809,1778071025.3784049,decode,229,1835723,0.9407947840534796,1835494,229,3218.0863229437377,4507,0,0,4507,0,0,0,0.0
2810,1778071025.417153,decode,229,1835952,0.9409121449001587,1835723,229,3218.0863229437377,4507,0,0,4507,0,0,0,0.0
2811,1778071025.4559698,decode,229,1836181,0.9410295057468377,1835952,229,3218.0863229437377,4507,0,0,4507,0,0,0,0.0
2812,1778071025.4947352,decode,229,1836410,0.9411468665935169,1836181,229,3218.0863229437377,4507,0,0,4507,0,0,0,0.0
2813,1778071025.5336595,decode,229,1836639,0.9412642274401959,1836410,229,3218.0863229437377,4507,0,0,4507,0,0,0,0.0
2814,1778071025.572405,decode,229,1836868,0.941381588286875,1836639,229,3218.0863229437377,4507,0,0,4507,0,0,0,0.0
2815,1778071025.611306,decode,229,1837097,0.941498949133554,1836868,229,3218.0863229437377,4507,0,0,4507,0,0,0,0.0
2816,1778071025.6500442,decode,229,1837326,0.9416163099802332,1837097,229,3218.0863229437377,4507,0,0,4507,0,0,0,0.0
2817,1778071025.688946,decode,229,1837555,0.9417336708269122,1837326,229,3218.0863229437377,4507,0,0,4507,0,0,0,0.0
2818,1778071025.7277908,decode,229,1837784,0.9418510316735913,1837555,229,3218.0863229437377,4507,0,0,4507,0,0,0,0.0
2819,1778071025.766594,decode,229,1838013,0.9419683925202704,1837784,229,3218.0863229437377,4507,0,0,4507,0,0,0,0.0
2820,1778071025.8054285,decode,229,1838242,0.9420857533669494,1838013,229,3218.0863229437377,4507,0,0,4507,0,0,0,0.0
2821,1778071025.844387,decode,229,1838471,0.9422031142136286,1838242,229,4137.862383681942,4507,0,0,4507,0,0,0,0.0
2822,1778071025.8832803,decode,229,1838700,0.9423204750603076,1838471,229,4137.862383681942,4507,0,0,4507,0,0,0,0.0
2823,1778071025.9221754,decode,229,1838929,0.9424378359069867,1838700,229,4137.862383681942,4507,0,0,4507,0,0,0,0.0
2824,1778071025.9610262,decode,229,1839158,0.9425551967536657,1838929,229,4137.862383681942,4507,0,0,4507,0,0,0,0.0
2825,1778071026.0171924,decode,229,690212,0.3537286668474058,1839158,229,4137.862383681942,4507,0,0,4507,0,0,0,0.0
2826,1778071026.5996785,decode,229,1697945,0.8701845537750987,1839387,229,4137.862383681942,4507,0,0,4507,134,0,0,0.0
2829,1778071026.660143,decode,219,1826164,0.9358958655669938,1754164,219,4137.862383681942,4366,0,0,4366,9,0,0,0.0
2831,1778071026.7124352,decode,228,1826620,0.9361295622747915,1826392,228,4137.862383681942,4357,0,0,4357,0,0,0,0.0
2832,1778071026.751213,decode,228,1826848,0.9362464106286903,1826620,228,4137.862383681942,4357,0,0,4357,0,0,0,0.0
2833,1778071026.7899504,decode,228,1827076,0.9363632589825891,1826848,228,4137.862383681942,4357,0,0,4357,0,0,0,0.0
2834,1778071026.8285968,decode,228,1827304,0.9364801073364879,1827076,228,4137.862383681942,4357,0,0,4357,0,0,0,0.0
2835,1778071026.8674514,decode,228,1827532,0.9365969556903867,1827304,228,4137.862383681942,4357,0,0,4357,0,0,0,0.0
2836,1778071026.9061348,decode,228,1827760,0.9367138040442855,1827532,228,4137.862383681942,4357,0,0,4357,0,0,0,0.0
2837,1778071026.944853,decode,228,1827988,0.9368306523981843,1827760,228,4137.862383681942,4357,0,0,4357,0,0,0,0.0
2838,1778071026.9836686,decode,228,1828216,0.9369475007520831,1827988,228,4137.862383681942,4357,0,0,4357,0,0,0,0.0
2839,1778071027.0223782,decode,228,1828444,0.937064349105982,1828216,228,4137.862383681942,4357,0,0,4357,0,0,0,0.0
2840,1778071027.061188,decode,228,1828672,0.9371811974598808,1828444,228,4137.862383681942,4357,0,0,4357,0,0,0,0.0
2841,1778071027.1000085,decode,228,1828900,0.9372980458137796,1828672,228,4137.862383681942,4357,0,0,4357,0,0,0,0.0
2842,1778071027.1387413,decode,228,1829128,0.9374148941676784,1828900,228,4137.862383681942,4357,0,0,4357,0,0,0,0.0
2843,1778071027.1774125,decode,228,1829356,0.9375317425215772,1829128,228,4137.862383681942,4357,0,0,4357,0,0,0,0.0
2844,1778071027.2163312,decode,228,1829584,0.937648590875476,1829356,228,4137.862383681942,4357,0,0,4357,0,0,0,0.0
2845,1778071027.25504,decode,228,1829812,0.9377654392293748,1829584,228,4137.862383681942,4357,0,0,4357,0,0,0,0.0
2846,1778071027.2945244,decode,228,1830040,0.9378822875832736,1829812,228,4137.862383681942,4357,0,0,4357,0,0,0,0.0
2847,1778071027.3325164,decode,228,1830268,0.9379991359371724,1830040,228,4137.862383681942,4357,0,0,4357,0,0,0,0.0
2848,1778071027.3714416,decode,228,1830496,0.9381159842910713,1830268,228,4137.862383681942,4357,0,0,4357,0,0,0,0.0
2849,1778071027.4102106,decode,228,1830724,0.9382328326449701,1830496,228,4137.862383681942,4357,0,0,4357,0,0,0,0.0
2850,1778071027.4490304,decode,228,1830952,0.938349680998869,1830724,228,4137.862383681942,4357,0,0,4357,0,0,0,0.0
2851,1778071027.487757,decode,228,1831180,0.9384665293527678,1830952,228,4137.862383681942,4357,0,0,4357,0,0,0,0.0
2852,1778071027.5265205,decode,228,1831408,0.9385833777066666,1831180,228,4137.862383681942,4357,0,0,4357,0,0,0,0.0
2853,1778071027.5834093,decode,228,593961,0.3044007242547971,1831408,228,4137.862383681942,4357,0,0,4357,0,0,0,0.0
2854,1778071028.2494838,decode,228,1689644,0.8659303512061773,1831636,228,4137.862383681942,4357,0,0,4357,145,0,0,0.0
2857,1778071028.3106222,decode,219,1833863,0.9398415474821998,1753863,219,4137.862383681942,4204,0,0,4204,10,0,0,0.0
2859,1778071028.3632967,decode,229,1834321,0.940076269175558,1834092,229,4137.862383681942,4194,0,0,4194,0,0,0,0.0
2860,1778071028.4021292,decode,229,1834550,0.9401936300222371,1834321,229,4137.862383681942,4194,0,0,4194,0,0,0,0.0
2861,1778071028.4410205,decode,229,1834779,0.9403109908689161,1834550,229,4137.862383681942,4194,0,0,4194,0,0,0,0.0
2862,1778071028.4798644,decode,229,1835008,0.9404283517155952,1834779,229,4137.862383681942,4194,0,0,4194,0,0,0,0.0
2863,1778071028.518667,decode,229,1835237,0.9405457125622743,1835008,229,4137.862383681942,4194,0,0,4194,0,0,0,0.0
2864,1778071028.5574358,decode,229,1835466,0.9406630734089534,1835237,229,4137.862383681942,4194,0,0,4194,0,0,0,0.0
2865,1778071028.5962658,decode,229,1835695,0.9407804342556324,1835466,229,4137.862383681942,4194,0,0,4194,0,0,0,0.0
2866,1778071028.6351366,decode,229,1835924,0.9408977951023115,1835695,229,4137.862383681942,4194,0,0,4194,0,0,0,0.0
2867,1778071028.6738987,decode,229,1836153,0.9410151559489905,1835924,229,3221.752481577554,4194,0,0,4194,0,0,0,0.0
2868,1778071028.7126555,decode,229,1836382,0.9411325167956697,1836153,229,3221.752481577554,4194,0,0,4194,0,0,0,0.0
2869,1778071028.751547,decode,229,1836611,0.9412498776423487,1836382,229,3221.752481577554,4194,0,0,4194,0,0,0,0.0
2870,1778071028.7904434,decode,229,1836840,0.9413672384890278,1836611,229,3221.752481577554,4194,0,0,4194,0,0,0,0.0
2871,1778071028.8293018,decode,229,1837069,0.9414845993357068,1836840,229,3221.752481577554,4194,0,0,4194,0,0,0,0.0
2872,1778071028.868242,decode,229,1837298,0.941601960182386,1837069,229,3221.752481577554,4194,0,0,4194,0,0,0,0.0
2873,1778071028.9070706,decode,229,1837527,0.941719321029065,1837298,229,3221.752481577554,4194,0,0,4194,0,0,0,0.0
2874,1778071028.945966,decode,229,1837756,0.9418366818757441,1837527,229,3221.752481577554,4194,0,0,4194,0,0,0,0.0
2875,1778071028.9848628,decode,229,1837985,0.9419540427224231,1837756,229,3221.752481577554,4194,0,0,4194,0,0,0,0.0
2876,1778071029.0236516,decode,229,1838214,0.9420714035691022,1837985,229,3221.752481577554,4194,0,0,4194,0,0,0,0.0
2877,1778071029.0624764,decode,229,1838443,0.9421887644157813,1838214,229,3221.752481577554,4194,0,0,4194,0,0,0,0.0
2878,1778071029.1014318,decode,229,1838672,0.9423061252624604,1838443,229,3221.752481577554,4194,0,0,4194,0,0,0,0.0
2879,1778071029.1402502,decode,229,1838901,0.9424234861091394,1838672,229,3221.752481577554,4194,0,0,4194,0,0,0,0.0
2880,1778071029.1791496,decode,229,1839130,0.9425408469558185,1838901,229,3221.752481577554,4194,0,0,4194,0,0,0,0.0
2881,1778071029.2340808,decode,229,778559,0.3990058665048556,1839130,229,3221.752481577554,4194,0,0,4194,0,0,0,0.0
2882,1778071029.7362523,decode,229,1666121,0.8538749835361694,1839359,229,3221.752481577554,4194,0,0,4194,123,0,0,0.0
2885,1778071029.8031197,decode,220,1826341,0.9359865767890995,1762341,220,3221.752481577554,4059,0,0,4059,8,0,0,0.0
2887,1778071029.854857,decode,228,1826797,0.9362202734968971,1826569,228,3221.752481577554,4051,0,0,4051,0,0,0,0.0
2888,1778071029.8935688,decode,228,1827025,0.9363371218507959,1826797,228,3221.752481577554,4051,0,0,4051,0,0,0,0.0
2889,1778071029.9324236,decode,228,1827253,0.9364539702046948,1827025,228,3221.752481577554,4051,0,0,4051,0,0,0,0.0
2890,1778071029.9710722,decode,228,1827481,0.9365708185585936,1827253,228,3221.752481577554,4051,0,0,4051,0,0,0,0.0
2891,1778071030.0098763,decode,228,1827709,0.9366876669124924,1827481,228,3221.752481577554,4051,0,0,4051,0,0,0,0.0
2892,1778071030.0485744,decode,228,1827937,0.9368045152663912,1827709,228,3221.752481577554,4051,0,0,4051,0,0,0,0.0
2893,1778071030.0873046,decode,228,1828165,0.93692136362029,1827937,228,3221.752481577554,4051,0,0,4051,0,0,0,0.0
2894,1778071030.1260676,decode,228,1828393,0.9370382119741888,1828165,228,3221.752481577554,4051,0,0,4051,0,0,0,0.0
2895,1778071030.1656125,decode,228,1828621,0.9371550603280876,1828393,228,3221.752481577554,4051,0,0,4051,0,0,0,0.0
2896,1778071030.2037227,decode,228,1828849,0.9372719086819864,1828621,228,3221.752481577554,4051,0,0,4051,0,0,0,0.0
2897,1778071030.2424374,decode,228,1829077,0.9373887570358853,1828849,228,3221.752481577554,4051,0,0,4051,0,0,0,0.0
2898,1778071030.2813015,decode,228,1829305,0.9375056053897841,1829077,228,3221.752481577554,4051,0,0,4051,0,0,0,0.0
2899,1778071030.3199892,decode,228,1829533,0.9376224537436829,1829305,228,3221.752481577554,4051,0,0,4051,0,0,0,0.0
2900,1778071030.3588214,decode,228,1829761,0.9377393020975817,1829533,228,3221.752481577554,4051,0,0,4051,0,0,0,0.0
2901,1778071030.3976278,decode,228,1829989,0.9378561504514805,1829761,228,3221.752481577554,4051,0,0,4051,0,0,0,0.0
2902,1778071030.43736,decode,228,1830217,0.9379729988053793,1829989,228,3221.752481577554,4051,0,0,4051,0,0,0,0.0
2903,1778071030.4752722,decode,228,1830445,0.9380898471592781,1830217,228,3221.752481577554,4051,0,0,4051,0,0,0,0.0
2904,1778071030.5146854,decode,228,1830673,0.9382066955131769,1830445,228,3221.752481577554,4051,0,0,4051,0,0,0,0.0
2905,1778071030.5528548,decode,228,1830901,0.9383235438670757,1830673,228,3221.752481577554,4051,0,0,4051,0,0,0,0.0
2906,1778071030.5915866,decode,228,1831129,0.9384403922209746,1830901,228,3221.752481577554,4051,0,0,4051,0,0,0,0.0
2907,1778071030.6304226,decode,228,1831357,0.9385572405748734,1831129,228,3221.752481577554,4051,0,0,4051,0,0,0,0.0
2908,1778071030.6692379,decode,228,1831585,0.9386740889287722,1831357,228,3221.752481577554,4051,0,0,4051,0,0,0,0.0
2909,1778071030.7256908,decode,228,609988,0.31261444604399136,1831585,228,3221.752481577554,4051,0,0,4051,0,0,0,0.0
2910,1778071031.3754494,decode,228,1689696,0.8659570008307508,1831813,228,3378.435471673266,4051,0,0,4051,143,0,0,0.0
2913,1778071031.4359744,decode,219,1833915,0.9398681971067733,1753915,219,3378.435471673266,3900,0,0,3900,10,0,0,0.0
2915,1778071031.4880614,decode,229,1834373,0.9401029188001314,1834144,229,3378.435471673266,3890,0,0,3890,0,0,0,0.0
2916,1778071031.5268667,decode,229,1834602,0.9402202796468104,1834373,229,3378.435471673266,3890,0,0,3890,0,0,0,0.0
2917,1778071031.565692,decode,229,1834831,0.9403376404934896,1834602,229,3378.435471673266,3890,0,0,3890,0,0,0,0.0
2918,1778071031.6044967,decode,229,1835060,0.9404550013401686,1834831,229,3378.435471673266,3890,0,0,3890,0,0,0,0.0
2919,1778071031.643328,decode,229,1835289,0.9405723621868477,1835060,229,3378.435471673266,3890,0,0,3890,0,0,0,0.0
2920,1778071031.682045,decode,229,1835518,0.9406897230335267,1835289,229,3378.435471673266,3890,0,0,3890,0,0,0,0.0
2921,1778071031.720993,decode,229,1835747,0.9408070838802058,1835518,229,3378.435471673266,3890,0,0,3890,0,0,0,0.0
2922,1778071031.759821,decode,229,1835976,0.9409244447268849,1835747,229,3378.435471673266,3890,0,0,3890,0,0,0,0.0
2923,1778071031.7993436,decode,229,1836205,0.941041805573564,1835976,229,3378.435471673266,3890,0,0,3890,0,0,0,0.0
2924,1778071031.837402,decode,229,1836434,0.9411591664202431,1836205,229,3378.435471673266,3890,0,0,3890,0,0,0,0.0
2925,1778071031.8761485,decode,229,1836663,0.9412765272669221,1836434,229,3378.435471673266,3890,0,0,3890,0,0,0,0.0
2926,1778071031.915074,decode,229,1836892,0.9413938881136013,1836663,229,3378.435471673266,3890,0,0,3890,0,0,0,0.0
2927,1778071031.9538193,decode,229,1837121,0.9415112489602803,1836892,229,3378.435471673266,3890,0,0,3890,0,0,0,0.0
2928,1778071031.9926188,decode,229,1837350,0.9416286098069594,1837121,229,3378.435471673266,3890,0,0,3890,0,0,0,0.0
2929,1778071032.0313594,decode,229,1837579,0.9417459706536384,1837350,229,3378.435471673266,3890,0,0,3890,0,0,0,0.0
2930,1778071032.0702243,decode,229,1837808,0.9418633315003175,1837579,229,3378.435471673266,3890,0,0,3890,0,0,0,0.0
2931,1778071032.1089911,decode,229,1838037,0.9419806923469966,1837808,229,3378.435471673266,3890,0,0,3890,0,0,0,0.0
2932,1778071032.1482325,decode,229,1838266,0.9420980531936757,1838037,229,3378.435471673266,3890,0,0,3890,0,0,0,0.0
2933,1778071032.1866007,decode,229,1838495,0.9422154140403547,1838266,229,3378.435471673266,3890,0,0,3890,0,0,0,0.0
2934,1778071032.2254279,decode,229,1838724,0.9423327748870338,1838495,229,3378.435471673266,3890,0,0,3890,0,0,0,0.0
2935,1778071032.2642767,decode,229,1838953,0.9424501357337128,1838724,229,3378.435471673266,3890,0,0,3890,0,0,0,0.0
2936,1778071032.3031893,decode,229,1839182,0.942567496580392,1838953,229,3378.435471673266,3890,0,0,3890,0,0,0,0.0
2937,1778071032.358241,decode,229,770486,0.3948685122898331,1839182,229,3378.435471673266,3890,0,0,3890,0,0,0,0.0
2938,1778071032.8663888,decode,229,1690170,0.8661999224085931,1839411,229,3378.435471673266,3890,0,0,3890,124,0,0,0.0
2941,1778071032.9282343,decode,220,1826390,0.9360116889353322,1762390,220,3378.435471673266,3757,0,0,3757,8,0,0,0.0
2943,1778071032.9795382,decode,228,1826846,0.9362453856431298,1826618,228,3378.435471673266,3749,0,0,3749,0,0,0,0.0
2944,1778071033.0182705,decode,228,1827074,0.9363622339970286,1826846,228,3378.435471673266,3749,0,0,3749,0,0,0,0.0
2945,1778071033.0570693,decode,228,1827302,0.9364790823509274,1827074,228,3378.435471673266,3749,0,0,3749,0,0,0,0.0
2946,1778071033.095861,decode,228,1827530,0.9365959307048262,1827302,228,3378.435471673266,3749,0,0,3749,0,0,0,0.0
2947,1778071033.1346145,decode,228,1827758,0.936712779058725,1827530,228,3378.435471673266,3749,0,0,3749,0,0,0,0.0
2948,1778071033.1733625,decode,228,1827986,0.9368296274126239,1827758,228,3378.435471673266,3749,0,0,3749,0,0,0,0.0
2949,1778071033.2120867,decode,228,1828214,0.9369464757665227,1827986,228,3378.435471673266,3749,0,0,3749,0,0,0,0.0
2950,1778071033.250868,decode,228,1828442,0.9370633241204215,1828214,228,3378.435471673266,3749,0,0,3749,0,0,0,0.0
2951,1778071033.2895994,decode,228,1828670,0.9371801724743203,1828442,228,3378.435471673266,3749,0,0,3749,0,0,0,0.0
2952,1778071033.3283904,decode,228,1828898,0.9372970208282191,1828670,228,3378.435471673266,3749,0,0,3749,0,0,0,0.0
2953,1778071033.3671753,decode,228,1829126,0.9374138691821179,1828898,228,3378.435471673266,3749,0,0,3749,0,0,0,0.0
2954,1778071033.4067364,decode,228,1829354,0.9375307175360167,1829126,228,3378.435471673266,3749,0,0,3749,0,0,0,0.0
2955,1778071033.4446902,decode,228,1829582,0.9376475658899155,1829354,228,3378.435471673266,3749,0,0,3749,0,0,0,0.0
2956,1778071033.4834409,decode,228,1829810,0.9377644142438143,1829582,228,4329.716152864761,3749,0,0,3749,0,0,0,0.0
2957,1778071033.5220907,decode,228,1830038,0.9378812625977132,1829810,228,4329.716152864761,3749,0,0,3749,0,0,0,0.0
2958,1778071033.5608232,decode,228,1830266,0.937998110951612,1830038,228,4329.716152864761,3749,0,0,3749,0,0,0,0.0
2959,1778071033.599653,decode,228,1830494,0.9381149593055108,1830266,228,4329.716152864761,3749,0,0,3749,0,0,0,0.0
2960,1778071033.6384468,decode,228,1830722,0.9382318076594096,1830494,228,4329.716152864761,3749,0,0,3749,0,0,0,0.0
2961,1778071033.67724,decode,228,1830950,0.9383486560133084,1830722,228,4329.716152864761,3749,0,0,3749,0,0,0,0.0
2962,1778071033.7160037,decode,228,1831178,0.9384655043672072,1830950,228,4329.716152864761,3749,0,0,3749,0,0,0,0.0
2963,1778071033.7548208,decode,228,1831406,0.938582352721106,1831178,228,4329.716152864761,3749,0,0,3749,0,0,0,0.0
2964,1778071033.7938132,decode,228,1831634,0.9386992010750048,1831406,228,4329.716152864761,3749,0,0,3749,0,0,0,0.0
2965,1778071033.8502736,decode,228,585937,0.3002884821860072,1831634,228,4329.716152864761,3749,0,0,3749,0,0,0,0.0
2966,1778071034.5230927,decode,228,1665548,0.8535813251730816,1831862,228,4329.716152864761,3749,0,0,3749,146,0,0,0.0
2969,1778071034.5873837,decode,219,1833767,0.9397923481752951,1753767,219,4329.716152864761,3592,0,0,3592,10,0,0,0.0
2971,1778071034.6393678,decode,229,1834225,0.9400270698686533,1833996,229,4329.716152864761,3582,0,0,3582,0,0,0,0.0
2972,1778071034.6781638,decode,229,1834454,0.9401444307153323,1834225,229,4329.716152864761,3582,0,0,3582,0,0,0,0.0
2973,1778071034.7170274,decode,229,1834683,0.9402617915620114,1834454,229,4329.716152864761,3582,0,0,3582,0,0,0,0.0
2974,1778071034.755815,decode,229,1834912,0.9403791524086904,1834683,229,4329.716152864761,3582,0,0,3582,0,0,0,0.0
2975,1778071034.794635,decode,229,1835141,0.9404965132553695,1834912,229,4329.716152864761,3582,0,0,3582,0,0,0,0.0
2976,1778071034.8334136,decode,229,1835370,0.9406138741020486,1835141,229,4329.716152864761,3582,0,0,3582,0,0,0,0.0
2977,1778071034.872255,decode,229,1835599,0.9407312349487277,1835370,229,4329.716152864761,3582,0,0,3582,0,0,0,0.0
2978,1778071034.9111218,decode,229,1835828,0.9408485957954067,1835599,229,4329.716152864761,3582,0,0,3582,0,0,0,0.0
2979,1778071034.949982,decode,229,1836057,0.9409659566420858,1835828,229,4329.716152864761,3582,0,0,3582,0,0,0,0.0
2980,1778071034.9887648,decode,229,1836286,0.9410833174887648,1836057,229,4329.716152864761,3582,0,0,3582,0,0,0,0.0
2981,1778071035.0276523,decode,229,1836515,0.941200678335444,1836286,229,4329.716152864761,3582,0,0,3582,0,0,0,0.0
2982,1778071035.0671256,decode,229,1836744,0.941318039182123,1836515,229,4329.716152864761,3582,0,0,3582,0,0,0,0.0
2983,1778071035.105411,decode,229,1836973,0.9414354000288021,1836744,229,4329.716152864761,3582,0,0,3582,0,0,0,0.0
2984,1778071035.1442401,decode,229,1837202,0.9415527608754811,1836973,229,4329.716152864761,3582,0,0,3582,0,0,0,0.0
2985,1778071035.1830852,decode,229,1837431,0.9416701217221602,1837202,229,4329.716152864761,3582,0,0,3582,0,0,0,0.0
2986,1778071035.2218812,decode,229,1837660,0.9417874825688393,1837431,229,4329.716152864761,3582,0,0,3582,0,0,0,0.0
2987,1778071035.2607796,decode,229,1837889,0.9419048434155184,1837660,229,4329.716152864761,3582,0,0,3582,0,0,0,0.0
2988,1778071035.29961,decode,229,1838118,0.9420222042621974,1837889,229,4329.716152864761,3582,0,0,3582,0,0,0,0.0
2989,1778071035.3384404,decode,229,1838347,0.9421395651088765,1838118,229,4329.716152864761,3582,0,0,3582,0,0,0,0.0
2990,1778071035.3772967,decode,229,1838576,0.9422569259555555,1838347,229,4329.716152864761,3582,0,0,3582,0,0,0,0.0
2991,1778071035.4162717,decode,229,1838805,0.9423742868022347,1838576,229,4329.716152864761,3582,0,0,3582,0,0,0,0.0
2992,1778071035.455064,decode,229,1839034,0.9424916476489138,1838805,229,4329.716152864761,3582,0,0,3582,0,0,0,0.0
2993,1778071035.5117748,decode,229,625988,0.3208143305281187,1839034,229,4329.716152864761,3582,0,0,3582,0,0,0,0.0
2994,1778071036.1589758,decode,229,1697770,0.8700948675385536,1839263,229,4329.716152864761,3582,0,0,3582,141,0,0,0.0
2997,1778071036.2178419,decode,219,1833989,0.9399061215725123,1753989,219,4329.716152864761,3434,0,0,3434,10,0,0,0.0
2999,1778071036.270763,decode,229,1834447,0.9401408432658704,1834218,229,4329.716152864761,3424,0,0,3424,0,0,0,0.0
3000,1778071036.3095672,decode,229,1834676,0.9402582041125496,1834447,229,4329.716152864761,3424,0,0,3424,0,0,0,0.0
3001,1778071036.3483727,decode,229,1834905,0.9403755649592286,1834676,229,4329.716152864761,3424,0,0,3424,0,0,0,0.0
3002,1778071036.3873072,decode,229,1835134,0.9404929258059077,1834905,229,3144.088660458511,3424,0,0,3424,0,0,0,0.0
3003,1778071036.4262187,decode,229,1835363,0.9406102866525868,1835134,229,3144.088660458511,3424,0,0,3424,0,0,0,0.0
3004,1778071036.4649434,decode,229,1835592,0.9407276474992659,1835363,229,3144.088660458511,3424,0,0,3424,0,0,0,0.0
3005,1778071036.503844,decode,229,1835821,0.940845008345945,1835592,229,3144.088660458511,3424,0,0,3424,0,0,0,0.0
3006,1778071036.5426538,decode,229,1836050,0.940962369192624,1835821,229,3144.088660458511,3424,0,0,3424,0,0,0,0.0
3007,1778071036.5814693,decode,229,1836279,0.9410797300393031,1836050,229,3144.088660458511,3424,0,0,3424,0,0,0,0.0
3008,1778071036.620229,decode,229,1836508,0.9411970908859821,1836279,229,3144.088660458511,3424,0,0,3424,0,0,0,0.0
3009,1778071036.6591272,decode,229,1836737,0.9413144517326613,1836508,229,3144.088660458511,3424,0,0,3424,0,0,0,0.0
3010,1778071036.6979682,decode,229,1836966,0.9414318125793403,1836737,229,3144.088660458511,3424,0,0,3424,0,0,0,0.0
3011,1778071036.7368083,decode,229,1837195,0.9415491734260194,1836966,229,3144.088660458511,3424,0,0,3424,0,0,0,0.0
3012,1778071036.7757182,decode,229,1837424,0.9416665342726984,1837195,229,3144.088660458511,3424,0,0,3424,0,0,0,0.0
3013,1778071036.8146043,decode,229,1837653,0.9417838951193775,1837424,229,3144.088660458511,3424,0,0,3424,0,0,0,0.0
3014,1778071036.8535216,decode,229,1837882,0.9419012559660566,1837653,229,3144.088660458511,3424,0,0,3424,0,0,0,0.0
3015,1778071036.8923924,decode,229,1838111,0.9420186168127357,1837882,229,3144.088660458511,3424,0,0,3424,0,0,0,0.0
3016,1778071036.9312656,decode,229,1838340,0.9421359776594147,1838111,229,3144.088660458511,3424,0,0,3424,0,0,0,0.0
3017,1778071036.9702804,decode,229,1838569,0.9422533385060938,1838340,229,3144.088660458511,3424,0,0,3424,0,0,0,0.0
3018,1778071037.0091906,decode,229,1838798,0.9423706993527728,1838569,229,3144.088660458511,3424,0,0,3424,0,0,0,0.0
3019,1778071037.0480635,decode,229,1839027,0.942488060199452,1838798,229,3144.088660458511,3424,0,0,3424,0,0,0,0.0
3020,1778071037.08703,decode,229,1839256,0.942605421046131,1839027,229,3144.088660458511,3424,0,0,3424,0,0,0,0.0
3021,1778071037.1450355,decode,229,738410,0.37842979387027886,1839256,229,3144.088660458511,3424,0,0,3424,0,0,0,0.0
3022,1778071037.6772544,decode,229,1674021,0.8579236765002073,1839485,229,3144.088660458511,3424,0,0,3424,128,0,0,0.0
3025,1778071037.7409737,decode,220,1826241,0.9359353275110737,1762241,220,3144.088660458511,3285,0,0,3285,8,0,0,0.0
3027,1778071037.7921734,decode,228,1826697,0.9361690242188713,1826469,228,3144.088660458511,3277,0,0,3277,0,0,0,0.0
3028,1778071037.830927,decode,228,1826925,0.9362858725727702,1826697,228,3144.088660458511,3277,0,0,3277,0,0,0,0.0
3029,1778071037.869601,decode,228,1827153,0.936402720926669,1826925,228,3144.088660458511,3277,0,0,3277,0,0,0,0.0
3030,1778071037.9084024,decode,228,1827381,0.9365195692805678,1827153,228,3144.088660458511,3277,0,0,3277,0,0,0,0.0
3031,1778071037.947171,decode,228,1827609,0.9366364176344666,1827381,228,3144.088660458511,3277,0,0,3277,0,0,0,0.0
3032,1778071037.9858704,decode,228,1827837,0.9367532659883654,1827609,228,3144.088660458511,3277,0,0,3277,0,0,0,0.0
3033,1778071038.0246928,decode,228,1828065,0.9368701143422642,1827837,228,3144.088660458511,3277,0,0,3277,0,0,0,0.0
3034,1778071038.0634737,decode,228,1828293,0.936986962696163,1828065,228,3144.088660458511,3277,0,0,3277,0,0,0,0.0
3035,1778071038.102175,decode,228,1828521,0.9371038110500618,1828293,228,3144.088660458511,3277,0,0,3277,0,0,0,0.0
3036,1778071038.140931,decode,228,1828749,0.9372206594039606,1828521,228,3144.088660458511,3277,0,0,3277,0,0,0,0.0
3037,1778071038.179675,decode,228,1828977,0.9373375077578595,1828749,228,3144.088660458511,3277,0,0,3277,0,0,0,0.0
3038,1778071038.218571,decode,228,1829205,0.9374543561117583,1828977,228,3144.088660458511,3277,0,0,3277,0,0,0,0.0
3039,1778071038.2573023,decode,228,1829433,0.9375712044656571,1829205,228,3144.088660458511,3277,0,0,3277,0,0,0,0.0
3040,1778071038.2961435,decode,228,1829661,0.9376880528195559,1829433,228,3144.088660458511,3277,0,0,3277,0,0,0,0.0
3041,1778071038.3349082,decode,228,1829889,0.9378049011734547,1829661,228,3144.088660458511,3277,0,0,3277,0,0,0,0.0
3042,1778071038.3737175,decode,228,1830117,0.9379217495273535,1829889,228,3144.088660458511,3277,0,0,3277,0,0,0,0.0
3043,1778071038.4124937,decode,228,1830345,0.9380385978812523,1830117,228,3144.088660458511,3277,0,0,3277,0,0,0,0.0
3044,1778071038.451285,decode,228,1830573,0.9381554462351511,1830345,228,3144.088660458511,3277,0,0,3277,0,0,0,0.0
3045,1778071038.490207,decode,228,1830801,0.9382722945890499,1830573,228,4342.570085152947,3277,0,0,3277,0,0,0,0.0
3046,1778071038.5289795,decode,228,1831029,0.9383891429429488,1830801,228,4342.570085152947,3277,0,0,3277,0,0,0,0.0
3047,1778071038.567765,decode,228,1831257,0.9385059912968476,1831029,228,4342.570085152947,3277,0,0,3277,0,0,0,0.0
3048,1778071038.6065216,decode,228,1831485,0.9386228396507464,1831257,228,4342.570085152947,3277,0,0,3277,0,0,0,0.0
3049,1778071038.6623902,decode,228,658138,0.337290973413412,1831485,228,4342.570085152947,3277,0,0,3277,0,0,0,0.0
3050,1778071039.2698936,decode,228,1705870,0.874246059058643,1831713,228,4342.570085152947,3277,0,0,3277,138,0,0,0.0
3053,1778071039.3265018,decode,219,1826089,0.9358574286084744,1754089,219,4342.570085152947,3133,0,0,3133,9,0,0,0.0
3055,1778071039.3777807,decode,228,1826545,0.9360911253162721,1826317,228,4342.570085152947,3124,0,0,3124,0,0,0,0.0
3056,1778071039.416521,decode,228,1826773,0.936207973670171,1826545,228,4342.570085152947,3124,0,0,3124,0,0,0,0.0
3057,1778071039.4553764,decode,228,1827001,0.9363248220240697,1826773,228,4342.570085152947,3124,0,0,3124,0,0,0,0.0
3058,1778071039.4941018,decode,228,1827229,0.9364416703779685,1827001,228,4342.570085152947,3124,0,0,3124,0,0,0,0.0
3059,1778071039.5328484,decode,228,1827457,0.9365585187318674,1827229,228,4342.570085152947,3124,0,0,3124,0,0,0,0.0
3060,1778071039.5716567,decode,228,1827685,0.9366753670857662,1827457,228,4342.570085152947,3124,0,0,3124,0,0,0,0.0
3061,1778071039.6103578,decode,228,1827913,0.936792215439665,1827685,228,4342.570085152947,3124,0,0,3124,0,0,0,0.0
3062,1778071039.6490586,decode,228,1828141,0.9369090637935638,1827913,228,4342.570085152947,3124,0,0,3124,0,0,0,0.0
3063,1778071039.6879444,decode,228,1828369,0.9370259121474627,1828141,228,4342.570085152947,3124,0,0,3124,0,0,0,0.0
3064,1778071039.7266495,decode,228,1828597,0.9371427605013615,1828369,228,4342.570085152947,3124,0,0,3124,0,0,0,0.0
3065,1778071039.7653682,decode,228,1828825,0.9372596088552603,1828597,228,4342.570085152947,3124,0,0,3124,0,0,0,0.0
3066,1778071039.8041868,decode,228,1829053,0.9373764572091591,1828825,228,4342.570085152947,3124,0,0,3124,0,0,0,0.0
3067,1778071039.8428535,decode,228,1829281,0.9374933055630579,1829053,228,4342.570085152947,3124,0,0,3124,0,0,0,0.0
3068,1778071039.881644,decode,228,1829509,0.9376101539169567,1829281,228,4342.570085152947,3124,0,0,3124,0,0,0,0.0
3069,1778071039.9205353,decode,228,1829737,0.9377270022708555,1829509,228,4342.570085152947,3124,0,0,3124,0,0,0,0.0
3070,1778071039.9593515,decode,228,1829965,0.9378438506247543,1829737,228,4342.570085152947,3124,0,0,3124,0,0,0,0.0
3071,1778071039.9980707,decode,228,1830193,0.9379606989786531,1829965,228,4342.570085152947,3124,0,0,3124,0,0,0,0.0
3072,1778071040.0368636,decode,228,1830421,0.938077547332552,1830193,228,4342.570085152947,3124,0,0,3124,0,0,0,0.0
3073,1778071040.0756297,decode,228,1830649,0.9381943956864508,1830421,228,4342.570085152947,3124,0,0,3124,0,0,0,0.0
3074,1778071040.1145024,decode,228,1830877,0.9383112440403496,1830649,228,4342.570085152947,3124,0,0,3124,0,0,0,0.0
3075,1778071040.153241,decode,228,1831105,0.9384280923942484,1830877,228,4342.570085152947,3124,0,0,3124,0,0,0,0.0
3076,1778071040.1920724,decode,228,1831333,0.9385449407481472,1831105,228,4342.570085152947,3124,0,0,3124,0,0,0,0.0
3077,1778071040.2476583,decode,228,730386,0.374317551801489,1831333,228,4342.570085152947,3124,0,0,3124,0,0,0,0.0
3078,1778071040.788782,decode,228,1690045,0.8661358608110609,1831561,228,4342.570085152947,3124,0,0,3124,129,0,0,0.0
3081,1778071040.8489358,decode,220,1826265,0.9359476273377999,1762265,220,4342.570085152947,2986,0,0,2986,8,0,0,0.0
3083,1778071040.899535,decode,228,1826721,0.9361813240455975,1826493,228,4342.570085152947,2978,0,0,2978,0,0,0,0.0
3084,1778071040.9383507,decode,228,1826949,0.9362981723994963,1826721,228,4342.570085152947,2978,0,0,2978,0,0,0,0.0
3085,1778071040.9769812,decode,228,1827177,0.9364150207533951,1826949,228,4342.570085152947,2978,0,0,2978,0,0,0,0.0
3086,1778071041.015765,decode,228,1827405,0.9365318691072939,1827177,228,4342.570085152947,2978,0,0,2978,0,0,0,0.0
3087,1778071041.0545037,decode,228,1827633,0.9366487174611927,1827405,228,4342.570085152947,2978,0,0,2978,0,0,0,0.0
3088,1778071041.0932648,decode,228,1827861,0.9367655658150916,1827633,228,4342.570085152947,2978,0,0,2978,0,0,0,0.0
3089,1778071041.1321208,decode,228,1828089,0.9368824141689904,1827861,228,4342.570085152947,2978,0,0,2978,0,0,0,0.0
3090,1778071041.1709363,decode,228,1828317,0.9369992625228892,1828089,228,4342.570085152947,2978,0,0,2978,0,0,0,0.0
3091,1778071041.2096565,decode,228,1828545,0.937116110876788,1828317,228,3347.371297996091,2978,0,0,2978,0,0,0,0.0
3092,1778071041.2483377,decode,228,1828773,0.9372329592306868,1828545,228,3347.371297996091,2978,0,0,2978,0,0,0,0.0
3093,1778071041.2870986,decode,228,1829001,0.9373498075845856,1828773,228,3347.371297996091,2978,0,0,2978,0,0,0,0.0
3094,1778071041.325865,decode,228,1829229,0.9374666559384844,1829001,228,3347.371297996091,2978,0,0,2978,0,0,0,0.0
3095,1778071041.3646896,decode,228,1829457,0.9375835042923832,1829229,228,3347.371297996091,2978,0,0,2978,0,0,0,0.0
3096,1778071041.40349,decode,228,1829685,0.937700352646282,1829457,228,3347.371297996091,2978,0,0,2978,0,0,0,0.0
3097,1778071041.4421773,decode,228,1829913,0.937817201000181,1829685,228,3347.371297996091,2978,0,0,2978,0,0,0,0.0
3098,1778071041.4810348,decode,228,1830141,0.9379340493540798,1829913,228,3347.371297996091,2978,0,0,2978,0,0,0,0.0
3099,1778071041.5198803,decode,228,1830369,0.9380508977079786,1830141,228,3347.371297996091,2978,0,0,2978,0,0,0,0.0
3100,1778071041.558785,decode,228,1830597,0.9381677460618774,1830369,228,3347.371297996091,2978,0,0,2978,0,0,0,0.0
3101,1778071041.5975482,decode,228,1830825,0.9382845944157762,1830597,228,3347.371297996091,2978,0,0,2978,0,0,0,0.0
3102,1778071041.6363978,decode,228,1831053,0.938401442769675,1830825,228,3347.371297996091,2978,0,0,2978,0,0,0,0.0
3103,1778071041.675192,decode,228,1831281,0.9385182911235738,1831053,228,3347.371297996091,2978,0,0,2978,0,0,0,0.0
3104,1778071041.7140615,decode,228,1831509,0.9386351394774726,1831281,228,3347.371297996091,2978,0,0,2978,0,0,0,0.0
3105,1778071041.7695382,decode,228,682237,0.34964153692484856,1831509,228,3347.371297996091,2978,0,0,2978,0,0,0,0.0
3106,1778071042.353176,decode,228,1689896,0.8660594993868024,1831737,228,3347.371297996091,2978,0,0,2978,135,0,0,0.0
3109,1778071042.41166,decode,219,1826115,0.9358707534207612,1754115,219,3347.371297996091,2835,0,0,2835,9,0,0,0.0
3111,1778071042.4627395,decode,228,1826571,0.9361044501285588,1826343,228,3347.371297996091,2826,0,0,2826,0,0,0,0.0
3112,1778071042.5014966,decode,228,1826799,0.9362212984824576,1826571,228,3347.371297996091,2826,0,0,2826,0,0,0,0.0
3113,1778071042.5402381,decode,228,1827027,0.9363381468363564,1826799,228,3347.371297996091,2826,0,0,2826,0,0,0,0.0
3114,1778071042.579008,decode,228,1827255,0.9364549951902552,1827027,228,3347.371297996091,2826,0,0,2826,0,0,0,0.0
3115,1778071042.61774,decode,228,1827483,0.9365718435441541,1827255,228,3347.371297996091,2826,0,0,2826,0,0,0,0.0
3116,1778071042.6564763,decode,228,1827711,0.9366886918980529,1827483,228,3347.371297996091,2826,0,0,2826,0,0,0,0.0
3117,1778071042.6952038,decode,228,1827939,0.9368055402519517,1827711,228,3347.371297996091,2826,0,0,2826,0,0,0,0.0
3118,1778071042.7339525,decode,228,1828167,0.9369223886058505,1827939,228,3347.371297996091,2826,0,0,2826,0,0,0,0.0
3119,1778071042.772664,decode,228,1828395,0.9370392369597493,1828167,228,3347.371297996091,2826,0,0,2826,0,0,0,0.0
3120,1778071042.8115423,decode,228,1828623,0.9371560853136481,1828395,228,3347.371297996091,2826,0,0,2826,0,0,0,0.0
3121,1778071042.8503067,decode,228,1828851,0.9372729336675469,1828623,228,3347.371297996091,2826,0,0,2826,0,0,0,0.0
3122,1778071042.889107,decode,228,1829079,0.9373897820214457,1828851,228,3347.371297996091,2826,0,0,2826,0,0,0,0.0
3123,1778071042.9279428,decode,228,1829307,0.9375066303753445,1829079,228,3347.371297996091,2826,0,0,2826,0,0,0,0.0
3124,1778071042.9666584,decode,228,1829535,0.9376234787292435,1829307,228,3347.371297996091,2826,0,0,2826,0,0,0,0.0
3125,1778071043.005446,decode,228,1829763,0.9377403270831423,1829535,228,3347.371297996091,2826,0,0,2826,0,0,0,0.0
3126,1778071043.044227,decode,228,1829991,0.9378571754370411,1829763,228,3347.371297996091,2826,0,0,2826,0,0,0,0.0
3127,1778071043.0829766,decode,228,1830219,0.9379740237909399,1829991,228,3347.371297996091,2826,0,0,2826,0,0,0,0.0
3128,1778071043.1217885,decode,228,1830447,0.9380908721448387,1830219,228,3347.371297996091,2826,0,0,2826,0,0,0,0.0
3129,1778071043.160637,decode,228,1830675,0.9382077204987375,1830447,228,3347.371297996091,2826,0,0,2826,0,0,0,0.0
3130,1778071043.1994443,decode,228,1830903,0.9383245688526363,1830675,228,3347.371297996091,2826,0,0,2826,0,0,0,0.0
3131,1778071043.2382658,decode,228,1831131,0.9384414172065351,1830903,228,3347.371297996091,2826,0,0,2826,0,0,0,0.0
3132,1778071043.2770836,decode,228,1831359,0.9385582655604339,1831131,228,3347.371297996091,2826,0,0,2826,0,0,0,0.0
3133,1778071043.3341875,decode,228,561837,0.2879374061817904,1831359,228,3347.371297996091,2826,0,0,2826,0,0,0,0.0
3134,1778071044.027168,decode,228,1689545,0.8658796144209319,1831587,228,3233.708555967353,2826,0,0,2826,149,0,0,0.0
3137,1778071044.085418,decode,219,1833764,0.9397908106969544,1753764,219,3233.708555967353,2669,0,0,2669,10,0,0,0.0
3139,1778071044.1366355,decode,229,1834222,0.9400255323903125,1833993,229,3233.708555967353,2659,0,0,2659,0,0,0,0.0
3140,1778071044.175478,decode,229,1834451,0.9401428932369915,1834222,229,3233.708555967353,2659,0,0,2659,0,0,0,0.0
3141,1778071044.2143145,decode,229,1834680,0.9402602540836706,1834451,229,3233.708555967353,2659,0,0,2659,0,0,0,0.0
3142,1778071044.2531135,decode,229,1834909,0.9403776149303497,1834680,229,3233.708555967353,2659,0,0,2659,0,0,0,0.0
3143,1778071044.2919576,decode,229,1835138,0.9404949757770288,1834909,229,3233.708555967353,2659,0,0,2659,0,0,0,0.0
3144,1778071044.3307257,decode,229,1835367,0.9406123366237078,1835138,229,3233.708555967353,2659,0,0,2659,0,0,0,0.0
3145,1778071044.3695233,decode,229,1835596,0.9407296974703869,1835367,229,3233.708555967353,2659,0,0,2659,0,0,0,0.0
3146,1778071044.4084349,decode,229,1835825,0.9408470583170659,1835596,229,3233.708555967353,2659,0,0,2659,0,0,0,0.0
3147,1778071044.447191,decode,229,1836054,0.9409644191637451,1835825,229,3233.708555967353,2659,0,0,2659,0,0,0,0.0
3148,1778071044.486042,decode,229,1836283,0.9410817800104241,1836054,229,3233.708555967353,2659,0,0,2659,0,0,0,0.0
3149,1778071044.5248811,decode,229,1836512,0.9411991408571032,1836283,229,3233.708555967353,2659,0,0,2659,0,0,0,0.0
3150,1778071044.5636854,decode,229,1836741,0.9413165017037822,1836512,229,3233.708555967353,2659,0,0,2659,0,0,0,0.0
3151,1778071044.6025639,decode,229,1836970,0.9414338625504614,1836741,229,3233.708555967353,2659,0,0,2659,0,0,0,0.0
3152,1778071044.6414094,decode,229,1837199,0.9415512233971404,1836970,229,3233.708555967353,2659,0,0,2659,0,0,0,0.0
3153,1778071044.6802547,decode,229,1837428,0.9416685842438195,1837199,229,3233.708555967353,2659,0,0,2659,0,0,0,0.0
3154,1778071044.7190797,decode,229,1837657,0.9417859450904985,1837428,229,3233.708555967353,2659,0,0,2659,0,0,0,0.0
3155,1778071044.7579126,decode,229,1837886,0.9419033059371776,1837657,229,3233.708555967353,2659,0,0,2659,0,0,0,0.0
3156,1778071044.7967408,decode,229,1838115,0.9420206667838567,1837886,229,3233.708555967353,2659,0,0,2659,0,0,0,0.0
3157,1778071044.8356426,decode,229,1838344,0.9421380276305358,1838115,229,3233.708555967353,2659,0,0,2659,0,0,0,0.0
3158,1778071044.8744886,decode,229,1838573,0.9422553884772148,1838344,229,3233.708555967353,2659,0,0,2659,0,0,0,0.0
3159,1778071044.913398,decode,229,1838802,0.9423727493238939,1838573,229,3233.708555967353,2659,0,0,2659,0,0,0,0.0
3160,1778071044.952257,decode,229,1839031,0.9424901101705729,1838802,229,3233.708555967353,2659,0,0,2659,0,0,0,0.0
3161,1778071045.0083134,decode,229,698285,0.35786602106242826,1839031,229,3233.708555967353,2659,0,0,2659,0,0,0,0.0
3162,1778071045.5773828,decode,229,1689944,0.8660840990402547,1839260,229,3233.708555967353,2659,0,0,2659,133,0,0,0.0
3165,1778071045.6354022,decode,219,1826163,0.9358953530742136,1754163,219,3233.708555967353,2518,0,0,2518,9,0,0,0.0
3167,1778071045.6860793,decode,228,1826619,0.9361290497820112,1826391,228,3233.708555967353,2509,0,0,2509,0,0,0,0.0
3168,1778071045.7249212,decode,228,1826847,0.93624589813591,1826619,228,3233.708555967353,2509,0,0,2509,0,0,0,0.0
3169,1778071045.7636118,decode,228,1827075,0.9363627464898088,1826847,228,3233.708555967353,2509,0,0,2509,0,0,0,0.0
3170,1778071045.8023388,decode,228,1827303,0.9364795948437077,1827075,228,3233.708555967353,2509,0,0,2509,0,0,0,0.0
3171,1778071045.84118,decode,228,1827531,0.9365964431976065,1827303,228,3233.708555967353,2509,0,0,2509,0,0,0,0.0
3172,1778071045.8798902,decode,228,1827759,0.9367132915515053,1827531,228,3233.708555967353,2509,0,0,2509,0,0,0,0.0
3173,1778071045.919092,decode,228,1827987,0.9368301399054041,1827759,228,3233.708555967353,2509,0,0,2509,0,0,0,0.0
3174,1778071045.9573426,decode,228,1828215,0.9369469882593029,1827987,228,3233.708555967353,2509,0,0,2509,0,0,0,0.0
3175,1778071045.996102,decode,228,1828443,0.9370638366132017,1828215,228,3233.708555967353,2509,0,0,2509,0,0,0,0.0
3176,1778071046.0348835,decode,228,1828671,0.9371806849671005,1828443,228,3233.708555967353,2509,0,0,2509,0,0,0,0.0
3177,1778071046.073727,decode,228,1828899,0.9372975333209993,1828671,228,3233.708555967353,2509,0,0,2509,0,0,0,0.0
3178,1778071046.112464,decode,228,1829127,0.9374143816748981,1828899,228,3233.708555967353,2509,0,0,2509,0,0,0,0.0
3179,1778071046.15132,decode,228,1829355,0.937531230028797,1829127,228,3233.708555967353,2509,0,0,2509,0,0,0,0.0
3180,1778071046.1901214,decode,228,1829583,0.9376480783826958,1829355,228,4219.235639106277,2509,0,0,2509,0,0,0,0.0
3181,1778071046.2288458,decode,228,1829811,0.9377649267365946,1829583,228,4219.235639106277,2509,0,0,2509,0,0,0,0.0
3182,1778071046.267633,decode,228,1830039,0.9378817750904934,1829811,228,4219.235639106277,2509,0,0,2509,0,0,0,0.0
3183,1778071046.3065076,decode,228,1830267,0.9379986234443922,1830039,228,4219.235639106277,2509,0,0,2509,0,0,0,0.0
3184,1778071046.3452306,decode,228,1830495,0.938115471798291,1830267,228,4219.235639106277,2509,0,0,2509,0,0,0,0.0
3185,1778071046.3840435,decode,228,1830723,0.9382323201521898,1830495,228,4219.235639106277,2509,0,0,2509,0,0,0,0.0
3186,1778071046.422854,decode,228,1830951,0.9383491685060886,1830723,228,4219.235639106277,2509,0,0,2509,0,0,0,0.0
3187,1778071046.4616356,decode,228,1831179,0.9384660168599875,1830951,228,4219.235639106277,2509,0,0,2509,0,0,0,0.0
3188,1778071046.5004082,decode,228,1831407,0.9385828652138863,1831179,228,4219.235639106277,2509,0,0,2509,0,0,0,0.0
3189,1778071046.556508,decode,228,682260,0.34965332425879453,1831407,228,4219.235639106277,2509,0,0,2509,0,0,0,0.0
3190,1778071047.1396759,decode,228,1657798,0.8496095061260824,1831635,228,4219.235639106277,2509,0,0,2509,135,0,0,0.0
3193,1778071047.2032804,decode,219,1826017,0.9358205291282959,1754017,219,4219.235639106277,2362,0,0,2362,9,0,0,0.0
3195,1778071047.2539206,decode,228,1826473,0.9360542258360935,1826245,228,4219.235639106277,2353,0,0,2353,0,0,0,0.0
3196,1778071047.2927098,decode,228,1826701,0.9361710741899923,1826473,228,4219.235639106277,2353,0,0,2353,0,0,0,0.0
3197,1778071047.3313046,decode,228,1826929,0.9362879225438911,1826701,228,4219.235639106277,2353,0,0,2353,0,0,0,0.0
3198,1778071047.3700962,decode,228,1827157,0.93640477089779,1826929,228,4219.235639106277,2353,0,0,2353,0,0,0,0.0
3199,1778071047.4087465,decode,228,1827385,0.9365216192516888,1827157,228,4219.235639106277,2353,0,0,2353,0,0,0,0.0
3200,1778071047.4474988,decode,228,1827613,0.9366384676055876,1827385,228,4219.235639106277,2353,0,0,2353,0,0,0,0.0
3201,1778071047.4862888,decode,228,1827841,0.9367553159594865,1827613,228,4219.235639106277,2353,0,0,2353,0,0,0,0.0
3202,1778071047.5251157,decode,228,1828069,0.9368721643133853,1827841,228,4219.235639106277,2353,0,0,2353,0,0,0,0.0
3203,1778071047.5638182,decode,228,1828297,0.9369890126672841,1828069,228,4219.235639106277,2353,0,0,2353,0,0,0,0.0
3204,1778071047.6025732,decode,228,1828525,0.9371058610211829,1828297,228,4219.235639106277,2353,0,0,2353,0,0,0,0.0
3205,1778071047.641361,decode,228,1828753,0.9372227093750817,1828525,228,4219.235639106277,2353,0,0,2353,0,0,0,0.0
3206,1778071047.6801531,decode,228,1828981,0.9373395577289805,1828753,228,4219.235639106277,2353,0,0,2353,0,0,0,0.0
3207,1778071047.7188945,decode,228,1829209,0.9374564060828793,1828981,228,4219.235639106277,2353,0,0,2353,0,0,0,0.0
3208,1778071047.7576008,decode,228,1829437,0.9375732544367781,1829209,228,4219.235639106277,2353,0,0,2353,0,0,0,0.0
3209,1778071047.7964158,decode,228,1829665,0.9376901027906769,1829437,228,4219.235639106277,2353,0,0,2353,0,0,0,0.0
3210,1778071047.8352473,decode,228,1829893,0.9378069511445758,1829665,228,4219.235639106277,2353,0,0,2353,0,0,0,0.0
3211,1778071047.8739994,decode,228,1830121,0.9379237994984746,1829893,228,4219.235639106277,2353,0,0,2353,0,0,0,0.0
3212,1778071047.9128046,decode,228,1830349,0.9380406478523734,1830121,228,4219.235639106277,2353,0,0,2353,0,0,0,0.0
3213,1778071047.9516711,decode,228,1830577,0.9381574962062722,1830349,228,4219.235639106277,2353,0,0,2353,0,0,0,0.0
3214,1778071047.990418,decode,228,1830805,0.938274344560171,1830577,228,4219.235639106277,2353,0,0,2353,0,0,0,0.0
3215,1778071048.0292249,decode,228,1831033,0.9383911929140698,1830805,228,4219.235639106277,2353,0,0,2353,0,0,0,0.0
3216,1778071048.0679312,decode,228,1831261,0.9385080412679686,1831033,228,4219.235639106277,2353,0,0,2353,0,0,0,0.0
3217,1778071048.1245112,decode,228,593889,0.3043638247746185,1831261,228,4219.235639106277,2353,0,0,2353,0,0,0,0.0
3218,1778071048.7851074,decode,228,1689647,0.8659318886845182,1831489,228,4219.235639106277,2353,0,0,2353,145,0,0,0.0
3221,1778071048.8427424,decode,219,1833866,0.9398430849605406,1753866,219,4219.235639106277,2200,0,0,2200,10,0,0,0.0
3223,1778071048.8932347,decode,229,1834324,0.9400778066538987,1834095,229,4219.235639106277,2190,0,0,2190,0,0,0,0.0
3224,1778071048.9320655,decode,229,1834553,0.9401951675005779,1834324,229,4219.235639106277,2190,0,0,2190,0,0,0,0.0
3225,1778071048.9708538,decode,229,1834782,0.9403125283472569,1834553,229,4219.235639106277,2190,0,0,2190,0,0,0,0.0
3226,1778071049.009693,decode,229,1835011,0.940429889193936,1834782,229,3229.5686110195447,2190,0,0,2190,0,0,0,0.0
3227,1778071049.0484886,decode,229,1835240,0.940547250040615,1835011,229,3229.5686110195447,2190,0,0,2190,0,0,0,0.0
3228,1778071049.0872395,decode,229,1835469,0.9406646108872941,1835240,229,3229.5686110195447,2190,0,0,2190,0,0,0,0.0
3229,1778071049.1260478,decode,229,1835698,0.9407819717339732,1835469,229,3229.5686110195447,2190,0,0,2190,0,0,0,0.0
3230,1778071049.1648195,decode,229,1835927,0.9408993325806523,1835698,229,3229.5686110195447,2190,0,0,2190,0,0,0,0.0
3231,1778071049.203642,decode,229,1836156,0.9410166934273313,1835927,229,3229.5686110195447,2190,0,0,2190,0,0,0,0.0
3232,1778071049.2424822,decode,229,1836385,0.9411340542740104,1836156,229,3229.5686110195447,2190,0,0,2190,0,0,0,0.0
3233,1778071049.281226,decode,229,1836614,0.9412514151206894,1836385,229,3229.5686110195447,2190,0,0,2190,0,0,0,0.0
3234,1778071049.3200753,decode,229,1836843,0.9413687759673686,1836614,229,3229.5686110195447,2190,0,0,2190,0,0,0,0.0
3235,1778071049.358868,decode,229,1837072,0.9414861368140476,1836843,229,3229.5686110195447,2190,0,0,2190,0,0,0,0.0
3236,1778071049.3977587,decode,229,1837301,0.9416034976607267,1837072,229,3229.5686110195447,2190,0,0,2190,0,0,0,0.0
3237,1778071049.4365988,decode,229,1837530,0.9417208585074057,1837301,229,3229.5686110195447,2190,0,0,2190,0,0,0,0.0
3238,1778071049.4754562,decode,229,1837759,0.9418382193540848,1837530,229,3229.5686110195447,2190,0,0,2190,0,0,0,0.0
3239,1778071049.5143137,decode,229,1837988,0.941955580200764,1837759,229,3229.5686110195447,2190,0,0,2190,0,0,0,0.0
3240,1778071049.553116,decode,229,1838217,0.942072941047443,1837988,229,3229.5686110195447,2190,0,0,2190,0,0,0,0.0
3241,1778071049.5919714,decode,229,1838446,0.9421903018941221,1838217,229,3229.5686110195447,2190,0,0,2190,0,0,0,0.0
3242,1778071049.6307747,decode,229,1838675,0.9423076627408011,1838446,229,3229.5686110195447,2190,0,0,2190,0,0,0,0.0
3243,1778071049.6696434,decode,229,1838904,0.9424250235874803,1838675,229,3229.5686110195447,2190,0,0,2190,0,0,0,0.0
3244,1778071049.7084494,decode,229,1839133,0.9425423844341593,1838904,229,3229.5686110195447,2190,0,0,2190,0,0,0,0.0
3245,1778071049.7648923,decode,229,658112,0.33727764860112536,1839133,229,3229.5686110195447,2190,0,0,2190,0,0,0,0.0
3246,1778071050.372183,decode,229,1697845,0.8701333044970729,1839362,229,3229.5686110195447,2190,0,0,2190,138,0,0,0.0
3249,1778071050.4280934,decode,219,1826064,0.935844616288968,1754064,219,3229.5686110195447,2045,0,0,2045,9,0,0,0.0
3251,1778071050.4782364,decode,228,1826520,0.9360783129967657,1826292,228,3229.5686110195447,2036,0,0,2036,0,0,0,0.0
3252,1778071050.516946,decode,228,1826748,0.9361951613506645,1826520,228,3229.5686110195447,2036,0,0,2036,0,0,0,0.0
3253,1778071050.5557644,decode,228,1826976,0.9363120097045633,1826748,228,3229.5686110195447,2036,0,0,2036,0,0,0,0.0
3254,1778071050.5944977,decode,228,1827204,0.9364288580584621,1826976,228,3229.5686110195447,2036,0,0,2036,0,0,0,0.0
3255,1778071050.633353,decode,228,1827432,0.9365457064123609,1827204,228,3229.5686110195447,2036,0,0,2036,0,0,0,0.0
3256,1778071050.672055,decode,228,1827660,0.9366625547662597,1827432,228,3229.5686110195447,2036,0,0,2036,0,0,0,0.0
3257,1778071050.7108722,decode,228,1827888,0.9367794031201585,1827660,228,3229.5686110195447,2036,0,0,2036,0,0,0,0.0
3258,1778071050.7495718,decode,228,1828116,0.9368962514740573,1827888,228,3229.5686110195447,2036,0,0,2036,0,0,0,0.0
3259,1778071050.7884393,decode,228,1828344,0.9370130998279562,1828116,228,3229.5686110195447,2036,0,0,2036,0,0,0,0.0
3260,1778071050.8272593,decode,228,1828572,0.937129948181855,1828344,228,3229.5686110195447,2036,0,0,2036,0,0,0,0.0
3261,1778071050.8659344,decode,228,1828800,0.9372467965357538,1828572,228,3229.5686110195447,2036,0,0,2036,0,0,0,0.0
3262,1778071050.904678,decode,228,1829028,0.9373636448896526,1828800,228,3229.5686110195447,2036,0,0,2036,0,0,0,0.0
3263,1778071050.9434721,decode,228,1829256,0.9374804932435514,1829028,228,3229.5686110195447,2036,0,0,2036,0,0,0,0.0
3264,1778071050.9822607,decode,228,1829484,0.9375973415974502,1829256,228,3229.5686110195447,2036,0,0,2036,0,0,0,0.0
3265,1778071051.021024,decode,228,1829712,0.937714189951349,1829484,228,3229.5686110195447,2036,0,0,2036,0,0,0,0.0
3266,1778071051.059935,decode,228,1829940,0.9378310383052478,1829712,228,3229.5686110195447,2036,0,0,2036,0,0,0,0.0
3267,1778071051.0986996,decode,228,1830168,0.9379478866591466,1829940,228,3229.5686110195447,2036,0,0,2036,0,0,0,0.0
3268,1778071051.1374588,decode,228,1830396,0.9380647350130455,1830168,228,3229.5686110195447,2036,0,0,2036,0,0,0,0.0
3269,1778071051.176244,decode,228,1830624,0.9381815833669443,1830396,228,4214.532583018569,2036,0,0,2036,0,0,0,0.0
3270,1778071051.214937,decode,228,1830852,0.9382984317208432,1830624,228,4214.532583018569,2036,0,0,2036,0,0,0,0.0
3271,1778071051.253735,decode,228,1831080,0.938415280074742,1830852,228,4214.532583018569,2036,0,0,2036,0,0,0,0.0
3272,1778071051.292593,decode,228,1831308,0.9385321284286408,1831080,228,4214.532583018569,2036,0,0,2036,0,0,0,0.0
3273,1778071051.3482232,decode,228,690261,0.3537537789936384,1831308,228,4214.532583018569,2036,0,0,2036,0,0,0,0.0
3274,1778071051.928758,decode,228,1673872,0.8578473150759489,1831536,228,4214.532583018569,2036,0,0,2036,134,0,0,0.0
3277,1778071051.988439,decode,219,1826091,0.935858453594035,1754091,219,4214.532583018569,1892,0,0,1892,9,0,0,0.0
3279,1778071052.0387347,decode,228,1826547,0.9360921503018326,1826319,228,4214.532583018569,1883,0,0,1883,0,0,0,0.0
3280,1778071052.077453,decode,228,1826775,0.9362089986557315,1826547,228,4214.532583018569,1883,0,0,1883,0,0,0,0.0
3281,1778071052.1162107,decode,228,1827003,0.9363258470096303,1826775,228,4214.532583018569,1883,0,0,1883,0,0,0,0.0
3282,1778071052.155005,decode,228,1827231,0.9364426953635291,1827003,228,4214.532583018569,1883,0,0,1883,0,0,0,0.0
3283,1778071052.193783,decode,228,1827459,0.9365595437174279,1827231,228,4214.532583018569,1883,0,0,1883,0,0,0,0.0
3284,1778071052.2324705,decode,228,1827687,0.9366763920713267,1827459,228,4214.532583018569,1883,0,0,1883,0,0,0,0.0
3285,1778071052.2711825,decode,228,1827915,0.9367932404252255,1827687,228,4214.532583018569,1883,0,0,1883,0,0,0,0.0
3286,1778071052.309969,decode,228,1828143,0.9369100887791243,1827915,228,4214.532583018569,1883,0,0,1883,0,0,0,0.0
3287,1778071052.3487563,decode,228,1828371,0.9370269371330231,1828143,228,4214.532583018569,1883,0,0,1883,0,0,0,0.0
3288,1778071052.3876073,decode,228,1828599,0.9371437854869219,1828371,228,4214.532583018569,1883,0,0,1883,0,0,0,0.0
3289,1778071052.4263463,decode,228,1828827,0.9372606338408208,1828599,228,4214.532583018569,1883,0,0,1883,0,0,0,0.0
3290,1778071052.4651427,decode,228,1829055,0.9373774821947196,1828827,228,4214.532583018569,1883,0,0,1883,0,0,0,0.0
3291,1778071052.5038874,decode,228,1829283,0.9374943305486184,1829055,228,4214.532583018569,1883,0,0,1883,0,0,0,0.0
3292,1778071052.5425973,decode,228,1829511,0.9376111789025172,1829283,228,4214.532583018569,1883,0,0,1883,0,0,0,0.0
3293,1778071052.5814245,decode,228,1829739,0.937728027256416,1829511,228,4214.532583018569,1883,0,0,1883,0,0,0,0.0
3294,1778071052.6201742,decode,228,1829967,0.9378448756103148,1829739,228,4214.532583018569,1883,0,0,1883,0,0,0,0.0
3295,1778071052.6589391,decode,228,1830195,0.9379617239642136,1829967,228,4214.532583018569,1883,0,0,1883,0,0,0,0.0
3296,1778071052.6977847,decode,228,1830423,0.9380785723181124,1830195,228,4214.532583018569,1883,0,0,1883,0,0,0,0.0
3297,1778071052.736549,decode,228,1830651,0.9381954206720113,1830423,228,4214.532583018569,1883,0,0,1883,0,0,0,0.0
3298,1778071052.775361,decode,228,1830879,0.9383122690259101,1830651,228,4214.532583018569,1883,0,0,1883,0,0,0,0.0
3299,1778071052.8141365,decode,228,1831107,0.9384291173798089,1830879,228,4214.532583018569,1883,0,0,1883,0,0,0,0.0
3300,1778071052.8529663,decode,228,1831335,0.9385459657337077,1831107,228,4214.532583018569,1883,0,0,1883,0,0,0,0.0
3301,1778071052.9089081,decode,228,658113,0.33727816109390557,1831335,228,4214.532583018569,1883,0,0,1883,0,0,0,0.0
3302,1778071053.5149617,decode,228,1705870,0.874246059058643,1831563,228,4214.532583018569,1883,0,0,1883,138,0,0,0.0
3305,1778071053.5688756,decode,219,1826089,0.9358574286084744,1754089,219,4214.532583018569,1739,0,0,1739,9,0,0,0.0
3307,1778071053.6186697,decode,228,1826545,0.9360911253162721,1826317,228,4214.532583018569,1730,0,0,1730,0,0,0,0.0
3308,1778071053.6574159,decode,228,1826773,0.936207973670171,1826545,228,4214.532583018569,1730,0,0,1730,0,0,0,0.0
3309,1778071053.6961868,decode,228,1827001,0.9363248220240697,1826773,228,4214.532583018569,1730,0,0,1730,0,0,0,0.0
3310,1778071053.7349837,decode,228,1827229,0.9364416703779685,1827001,228,4214.532583018569,1730,0,0,1730,0,0,0,0.0
3311,1778071053.7736888,decode,228,1827457,0.9365585187318674,1827229,228,4214.532583018569,1730,0,0,1730,0,0,0,0.0
3312,1778071053.812396,decode,228,1827685,0.9366753670857662,1827457,228,4214.532583018569,1730,0,0,1730,0,0,0,0.0
3313,1778071053.8511221,decode,228,1827913,0.936792215439665,1827685,228,4214.532583018569,1730,0,0,1730,0,0,0,0.0
3314,1778071053.8899958,decode,228,1828141,0.9369090637935638,1827913,228,4214.532583018569,1730,0,0,1730,0,0,0,0.0
3315,1778071053.9288678,decode,228,1828369,0.9370259121474627,1828141,228,3306.6714043469638,1730,0,0,1730,0,0,0,0.0
3316,1778071053.9674819,decode,228,1828597,0.9371427605013615,1828369,228,3306.6714043469638,1730,0,0,1730,0,0,0,0.0
3317,1778071054.006237,decode,228,1828825,0.9372596088552603,1828597,228,3306.6714043469638,1730,0,0,1730,0,0,0,0.0
3318,1778071054.0450864,decode,228,1829053,0.9373764572091591,1828825,228,3306.6714043469638,1730,0,0,1730,0,0,0,0.0
3319,1778071054.0838828,decode,228,1829281,0.9374933055630579,1829053,228,3306.6714043469638,1730,0,0,1730,0,0,0,0.0
3320,1778071054.1225863,decode,228,1829509,0.9376101539169567,1829281,228,3306.6714043469638,1730,0,0,1730,0,0,0,0.0
3321,1778071054.1614375,decode,228,1829737,0.9377270022708555,1829509,228,3306.6714043469638,1730,0,0,1730,0,0,0,0.0
3322,1778071054.2002006,decode,228,1829965,0.9378438506247543,1829737,228,3306.6714043469638,1730,0,0,1730,0,0,0,0.0
3323,1778071054.2390602,decode,228,1830193,0.9379606989786531,1829965,228,3306.6714043469638,1730,0,0,1730,0,0,0,0.0
3324,1778071054.2778938,decode,228,1830421,0.938077547332552,1830193,228,3306.6714043469638,1730,0,0,1730,0,0,0,0.0
3325,1778071054.3167264,decode,228,1830649,0.9381943956864508,1830421,228,3306.6714043469638,1730,0,0,1730,0,0,0,0.0
3326,1778071054.35553,decode,228,1830877,0.9383112440403496,1830649,228,3306.6714043469638,1730,0,0,1730,0,0,0,0.0
3327,1778071054.39432,decode,228,1831105,0.9384280923942484,1830877,228,3306.6714043469638,1730,0,0,1730,0,0,0,0.0
3328,1778071054.4330816,decode,228,1831333,0.9385449407481472,1831105,228,3306.6714043469638,1730,0,0,1730,0,0,0,0.0
3329,1778071054.4917774,decode,228,610011,0.31262623337793727,1831333,228,3306.6714043469638,1730,0,0,1730,0,0,0,0.0
3330,1778071055.1339235,decode,228,1689694,0.8659559758451902,1831561,228,3306.6714043469638,1730,0,0,1730,143,0,0,0.0
3333,1778071055.190094,decode,219,1833913,0.9398671721212127,1753913,219,3306.6714043469638,1579,0,0,1579,10,0,0,0.0
3335,1778071055.2401948,decode,229,1834371,0.9401018938145709,1834142,229,3306.6714043469638,1569,0,0,1569,0,0,0,0.0
3336,1778071055.2789624,decode,229,1834600,0.94021925466125,1834371,229,3306.6714043469638,1569,0,0,1569,0,0,0,0.0
3337,1778071055.3177621,decode,229,1834829,0.940336615507929,1834600,229,3306.6714043469638,1569,0,0,1569,0,0,0,0.0
3338,1778071055.3566482,decode,229,1835058,0.9404539763546081,1834829,229,3306.6714043469638,1569,0,0,1569,0,0,0,0.0
3339,1778071055.395522,decode,229,1835287,0.9405713372012872,1835058,229,3306.6714043469638,1569,0,0,1569,0,0,0,0.0
3340,1778071055.4342663,decode,229,1835516,0.9406886980479663,1835287,229,3306.6714043469638,1569,0,0,1569,0,0,0,0.0
3341,1778071055.4731348,decode,229,1835745,0.9408060588946453,1835516,229,3306.6714043469638,1569,0,0,1569,0,0,0,0.0
3342,1778071055.512014,decode,229,1835974,0.9409234197413244,1835745,229,3306.6714043469638,1569,0,0,1569,0,0,0,0.0
3343,1778071055.5509953,decode,229,1836203,0.9410407805880034,1835974,229,3306.6714043469638,1569,0,0,1569,0,0,0,0.0
3344,1778071055.5897284,decode,229,1836432,0.9411581414346826,1836203,229,3306.6714043469638,1569,0,0,1569,0,0,0,0.0
3345,1778071055.628559,decode,229,1836661,0.9412755022813616,1836432,229,3306.6714043469638,1569,0,0,1569,0,0,0,0.0
3346,1778071055.6674454,decode,229,1836890,0.9413928631280407,1836661,229,3306.6714043469638,1569,0,0,1569,0,0,0,0.0
3347,1778071055.7062213,decode,229,1837119,0.9415102239747197,1836890,229,3306.6714043469638,1569,0,0,1569,0,0,0,0.0
3348,1778071055.7451248,decode,229,1837348,0.9416275848213989,1837119,229,3306.6714043469638,1569,0,0,1569,0,0,0,0.0
3349,1778071055.7838943,decode,229,1837577,0.9417449456680779,1837348,229,3306.6714043469638,1569,0,0,1569,0,0,0,0.0
3350,1778071055.8228166,decode,229,1837806,0.941862306514757,1837577,229,3306.6714043469638,1569,0,0,1569,0,0,0,0.0
3351,1778071055.8615909,decode,229,1838035,0.941979667361436,1837806,229,3306.6714043469638,1569,0,0,1569,0,0,0,0.0
3352,1778071055.9004977,decode,229,1838264,0.9420970282081151,1838035,229,3306.6714043469638,1569,0,0,1569,0,0,0,0.0
3353,1778071055.9393756,decode,229,1838493,0.9422143890547942,1838264,229,3306.6714043469638,1569,0,0,1569,0,0,0,0.0
3354,1778071055.9782846,decode,229,1838722,0.9423317499014733,1838493,229,3306.6714043469638,1569,0,0,1569,0,0,0,0.0
3355,1778071056.0171294,decode,229,1838951,0.9424491107481523,1838722,229,3306.6714043469638,1569,0,0,1569,0,0,0,0.0
3356,1778071056.0560281,decode,229,1839180,0.9425664715948314,1838951,229,3306.6714043469638,1569,0,0,1569,0,0,0,0.0
3357,1778071056.112561,decode,229,810659,0.41545688475113607,1839180,229,3306.6714043469638,1569,0,0,1569,0,0,0,0.0
3358,1778071056.590741,decode,229,1658173,0.8498016909186792,1839409,229,3431.784471199136,1569,0,0,1569,120,0,0,0.0
3361,1778071056.6540911,decode,220,1826393,0.9360132264136729,1762393,220,3431.784471199136,1436,0,0,1436,8,0,0,0.0
3363,1778071056.7031076,decode,228,1826849,0.9362469231214705,1826621,228,3431.784471199136,1428,0,0,1428,0,0,0,0.0
3364,1778071056.7418473,decode,228,1827077,0.9363637714753693,1826849,228,3431.784471199136,1428,0,0,1428,0,0,0,0.0
3365,1778071056.7805474,decode,228,1827305,0.9364806198292681,1827077,228,3431.784471199136,1428,0,0,1428,0,0,0,0.0
3366,1778071056.8193479,decode,228,1827533,0.9365974681831669,1827305,228,3431.784471199136,1428,0,0,1428,0,0,0,0.0
3367,1778071056.8580692,decode,228,1827761,0.9367143165370658,1827533,228,3431.784471199136,1428,0,0,1428,0,0,0,0.0
3368,1778071056.8967974,decode,228,1827989,0.9368311648909646,1827761,228,3431.784471199136,1428,0,0,1428,0,0,0,0.0
3369,1778071056.9355667,decode,228,1828217,0.9369480132448634,1827989,228,3431.784471199136,1428,0,0,1428,0,0,0,0.0
3370,1778071056.9743145,decode,228,1828445,0.9370648615987622,1828217,228,3431.784471199136,1428,0,0,1428,0,0,0,0.0
3371,1778071057.0131044,decode,228,1828673,0.937181709952661,1828445,228,3431.784471199136,1428,0,0,1428,0,0,0,0.0
3372,1778071057.0518827,decode,228,1828901,0.9372985583065598,1828673,228,3431.784471199136,1428,0,0,1428,0,0,0,0.0
3373,1778071057.0906537,decode,228,1829129,0.9374154066604586,1828901,228,3431.784471199136,1428,0,0,1428,0,0,0,0.0
3374,1778071057.1294615,decode,228,1829357,0.9375322550143574,1829129,228,3431.784471199136,1428,0,0,1428,0,0,0,0.0
3375,1778071057.1682255,decode,228,1829585,0.9376491033682564,1829357,228,3431.784471199136,1428,0,0,1428,0,0,0,0.0
3376,1778071057.2069864,decode,228,1829813,0.9377659517221552,1829585,228,3431.784471199136,1428,0,0,1428,0,0,0,0.0
3377,1778071057.2457619,decode,228,1830041,0.937882800076054,1829813,228,3431.784471199136,1428,0,0,1428,0,0,0,0.0
3378,1778071057.2845886,decode,228,1830269,0.9379996484299528,1830041,228,3431.784471199136,1428,0,0,1428,0,0,0,0.0
3379,1778071057.3233113,decode,228,1830497,0.9381164967838516,1830269,228,3431.784471199136,1428,0,0,1428,0,0,0,0.0
3380,1778071057.3620942,decode,228,1830725,0.9382333451377504,1830497,228,3431.784471199136,1428,0,0,1428,0,0,0,0.0
3381,1778071057.4009395,decode,228,1830953,0.9383501934916492,1830725,228,3431.784471199136,1428,0,0,1428,0,0,0,0.0
3382,1778071057.4398444,decode,228,1831181,0.938467041845548,1830953,228,3431.784471199136,1428,0,0,1428,0,0,0,0.0
3383,1778071057.478613,decode,228,1831409,0.9385838901994468,1831181,228,3431.784471199136,1428,0,0,1428,0,0,0,0.0
3384,1778071057.5174057,decode,228,1831637,0.9387007385533457,1831409,228,3431.784471199136,1428,0,0,1428,0,0,0,0.0
3385,1778071057.5736034,decode,228,625990,0.3208153555136792,1831637,228,3431.784471199136,1428,0,0,1428,0,0,0,0.0
3386,1778071058.201669,decode,228,1697772,0.870095892524114,1831865,228,3431.784471199136,1428,0,0,1428,141,0,0,0.0
3389,1778071058.2560403,decode,219,1833991,0.9399071465580728,1753991,219,3431.784471199136,1280,0,0,1280,10,0,0,0.0
3391,1778071058.3057277,decode,229,1834449,0.940141868251431,1834220,229,3431.784471199136,1270,0,0,1270,0,0,0,0.0
3392,1778071058.34457,decode,229,1834678,0.9402592290981101,1834449,229,3431.784471199136,1270,0,0,1270,0,0,0,0.0
3393,1778071058.3833172,decode,229,1834907,0.9403765899447891,1834678,229,3431.784471199136,1270,0,0,1270,0,0,0,0.0
3394,1778071058.4221158,decode,229,1835136,0.9404939507914682,1834907,229,3431.784471199136,1270,0,0,1270,0,0,0,0.0
3395,1778071058.460976,decode,229,1835365,0.9406113116381473,1835136,229,3431.784471199136,1270,0,0,1270,0,0,0,0.0
3396,1778071058.499758,decode,229,1835594,0.9407286724848264,1835365,229,3431.784471199136,1270,0,0,1270,0,0,0,0.0
3397,1778071058.53855,decode,229,1835823,0.9408460333315054,1835594,229,3431.784471199136,1270,0,0,1270,0,0,0,0.0
3398,1778071058.5773497,decode,229,1836052,0.9409633941781845,1835823,229,3431.784471199136,1270,0,0,1270,0,0,0,0.0
3399,1778071058.6161542,decode,229,1836281,0.9410807550248635,1836052,229,3431.784471199136,1270,0,0,1270,0,0,0,0.0
3400,1778071058.654987,decode,229,1836510,0.9411981158715427,1836281,229,3431.784471199136,1270,0,0,1270,0,0,0,0.0
3401,1778071058.6937897,decode,229,1836739,0.9413154767182217,1836510,229,3431.784471199136,1270,0,0,1270,0,0,0,0.0
3402,1778071058.7326436,decode,229,1836968,0.9414328375649008,1836739,229,3431.784471199136,1270,0,0,1270,0,0,0,0.0
3403,1778071058.7714987,decode,229,1837197,0.9415501984115798,1836968,229,3431.784471199136,1270,0,0,1270,0,0,0,0.0
3404,1778071058.8102987,decode,229,1837426,0.941667559258259,1837197,229,4107.580688652548,1270,0,0,1270,0,0,0,0.0
3405,1778071058.8491344,decode,229,1837655,0.941784920104938,1837426,229,4107.580688652548,1270,0,0,1270,0,0,0,0.0
3406,1778071058.8879807,decode,229,1837884,0.9419022809516171,1837655,229,4107.580688652548,1270,0,0,1270,0,0,0,0.0
3407,1778071058.926931,decode,229,1838113,0.9420196417982961,1837884,229,4107.580688652548,1270,0,0,1270,0,0,0,0.0
3408,1778071058.9657981,decode,229,1838342,0.9421370026449752,1838113,229,4107.580688652548,1270,0,0,1270,0,0,0,0.0
3409,1778071059.0046058,decode,229,1838571,0.9422543634916543,1838342,229,4107.580688652548,1270,0,0,1270,0,0,0,0.0
3410,1778071059.043441,decode,229,1838800,0.9423717243383334,1838571,229,4107.580688652548,1270,0,0,1270,0,0,0,0.0
3411,1778071059.0823066,decode,229,1839029,0.9424890851850125,1838800,229,4107.580688652548,1270,0,0,1270,0,0,0,0.0
3412,1778071059.121173,decode,229,1839258,0.9426064460316915,1839029,229,4107.580688652548,1270,0,0,1270,0,0,0,0.0
3413,1778071059.1775546,decode,229,650087,0.33316489403955524,1839258,229,4107.580688652548,1270,0,0,1270,0,0,0,0.0
3414,1778071059.7909133,decode,229,1713868,0.8783449763151462,1839487,229,4107.580688652548,1270,0,0,1270,139,0,0,0.0
3417,1778071059.842462,decode,219,1826087,0.935856403622914,1754087,219,4107.580688652548,1126,0,0,1126,9,0,0,0.0
3419,1778071059.8916547,decode,228,1826543,0.9360901003307116,1826315,228,4107.580688652548,1117,0,0,1117,0,0,0,0.0
3420,1778071059.930388,decode,228,1826771,0.9362069486846104,1826543,228,4107.580688652548,1117,0,0,1117,0,0,0,0.0
3421,1778071059.9691706,decode,228,1826999,0.9363237970385092,1826771,228,4107.580688652548,1117,0,0,1117,0,0,0,0.0
3422,1778071060.0078607,decode,228,1827227,0.936440645392408,1826999,228,4107.580688652548,1117,0,0,1117,0,0,0,0.0
3423,1778071060.046583,decode,228,1827455,0.9365574937463068,1827227,228,4107.580688652548,1117,0,0,1117,0,0,0,0.0
3424,1778071060.085299,decode,228,1827683,0.9366743421002056,1827455,228,4107.580688652548,1117,0,0,1117,0,0,0,0.0
3425,1778071060.1240194,decode,228,1827911,0.9367911904541045,1827683,228,4107.580688652548,1117,0,0,1117,0,0,0,0.0
3426,1778071060.1629024,decode,228,1828139,0.9369080388080033,1827911,228,4107.580688652548,1117,0,0,1117,0,0,0,0.0
3427,1778071060.2016609,decode,228,1828367,0.9370248871619021,1828139,228,4107.580688652548,1117,0,0,1117,0,0,0,0.0
3428,1778071060.2405217,decode,228,1828595,0.9371417355158009,1828367,228,4107.580688652548,1117,0,0,1117,0,0,0,0.0
3429,1778071060.279249,decode,228,1828823,0.9372585838696997,1828595,228,4107.580688652548,1117,0,0,1117,0,0,0,0.0
3430,1778071060.318061,decode,228,1829051,0.9373754322235985,1828823,228,4107.580688652548,1117,0,0,1117,0,0,0,0.0
3431,1778071060.3568256,decode,228,1829279,0.9374922805774973,1829051,228,4107.580688652548,1117,0,0,1117,0,0,0,0.0
3432,1778071060.3956103,decode,228,1829507,0.9376091289313961,1829279,228,4107.580688652548,1117,0,0,1117,0,0,0,0.0
3433,1778071060.4343016,decode,228,1829735,0.9377259772852949,1829507,228,4107.580688652548,1117,0,0,1117,0,0,0,0.0
3434,1778071060.4731154,decode,228,1829963,0.9378428256391939,1829735,228,4107.580688652548,1117,0,0,1117,0,0,0,0.0
3435,1778071060.5119052,decode,228,1830191,0.9379596739930927,1829963,228,4107.580688652548,1117,0,0,1117,0,0,0,0.0
3436,1778071060.5506718,decode,228,1830419,0.9380765223469915,1830191,228,4107.580688652548,1117,0,0,1117,0,0,0,0.0
3437,1778071060.5894873,decode,228,1830647,0.9381933707008903,1830419,228,4107.580688652548,1117,0,0,1117,0,0,0,0.0
3438,1778071060.628329,decode,228,1830875,0.9383102190547891,1830647,228,4107.580688652548,1117,0,0,1117,0,0,0,0.0
3439,1778071060.6671438,decode,228,1831103,0.9384270674086879,1830875,228,4107.580688652548,1117,0,0,1117,0,0,0,0.0
3440,1778071060.705985,decode,228,1831331,0.9385439157625867,1831103,228,4107.580688652548,1117,0,0,1117,0,0,0,0.0
3441,1778071060.7625878,decode,228,602034,0.30853807846981957,1831331,228,4107.580688652548,1117,0,0,1117,0,0,0,0.0
3442,1778071061.4144382,decode,228,1665595,0.8536054123337538,1831559,228,4107.580688652548,1117,0,0,1117,144,0,0,0.0
3445,1778071061.47374,decode,219,1833814,0.9398164353359673,1753814,219,4107.580688652548,962,0,0,962,10,0,0,0.0
3447,1778071061.523311,decode,229,1834272,0.9400511570293254,1834043,229,4107.580688652548,952,0,0,952,0,0,0,0.0
3448,1778071061.5620866,decode,229,1834501,0.9401685178760044,1834272,229,4107.580688652548,952,0,0,952,0,0,0,0.0
3449,1778071061.60092,decode,229,1834730,0.9402858787226835,1834501,229,4107.580688652548,952,0,0,952,0,0,0,0.0
3450,1778071061.6397243,decode,229,1834959,0.9404032395693626,1834730,229,3221.8564342002765,952,0,0,952,0,0,0,0.0
3451,1778071061.6784554,decode,229,1835188,0.9405206004160417,1834959,229,3221.8564342002765,952,0,0,952,0,0,0,0.0
3452,1778071061.7172525,decode,229,1835417,0.9406379612627207,1835188,229,3221.8564342002765,952,0,0,952,0,0,0,0.0
3453,1778071061.7560632,decode,229,1835646,0.9407553221093998,1835417,229,3221.8564342002765,952,0,0,952,0,0,0,0.0
3454,1778071061.7948697,decode,229,1835875,0.9408726829560788,1835646,229,3221.8564342002765,952,0,0,952,0,0,0,0.0
3455,1778071061.8336864,decode,229,1836104,0.940990043802758,1835875,229,3221.8564342002765,952,0,0,952,0,0,0,0.0
3456,1778071061.8724818,decode,229,1836333,0.941107404649437,1836104,229,3221.8564342002765,952,0,0,952,0,0,0,0.0
3457,1778071061.9113321,decode,229,1836562,0.9412247654961161,1836333,229,3221.8564342002765,952,0,0,952,0,0,0,0.0
3458,1778071061.9501238,decode,229,1836791,0.9413421263427951,1836562,229,3221.8564342002765,952,0,0,952,0,0,0,0.0
3459,1778071061.9890218,decode,229,1837020,0.9414594871894743,1836791,229,3221.8564342002765,952,0,0,952,0,0,0,0.0
3460,1778071062.027865,decode,229,1837249,0.9415768480361533,1837020,229,3221.8564342002765,952,0,0,952,0,0,0,0.0
3461,1778071062.066778,decode,229,1837478,0.9416942088828324,1837249,229,3221.8564342002765,952,0,0,952,0,0,0,0.0
3462,1778071062.1056428,decode,229,1837707,0.9418115697295114,1837478,229,3221.8564342002765,952,0,0,952,0,0,0,0.0
3463,1778071062.1444647,decode,229,1837936,0.9419289305761905,1837707,229,3221.8564342002765,952,0,0,952,0,0,0,0.0
3464,1778071062.1832829,decode,229,1838165,0.9420462914228696,1837936,229,3221.8564342002765,952,0,0,952,0,0,0,0.0
3465,1778071062.2221353,decode,229,1838394,0.9421636522695487,1838165,229,3221.8564342002765,952,0,0,952,0,0,0,0.0
3466,1778071062.261004,decode,229,1838623,0.9422810131162277,1838394,229,3221.8564342002765,952,0,0,952,0,0,0,0.0
3467,1778071062.2998283,decode,229,1838852,0.9423983739629068,1838623,229,3221.8564342002765,952,0,0,952,0,0,0,0.0
3468,1778071062.3386776,decode,229,1839081,0.9425157348095858,1838852,229,3221.8564342002765,952,0,0,952,0,0,0,0.0
3469,1778071062.396127,decode,229,545810,0.2797236843925961,1839081,229,3221.8564342002765,952,0,0,952,0,0,0,0.0
3470,1778071063.1058483,decode,229,1657397,0.849403996521199,1839310,229,3221.8564342002765,952,0,0,952,151,0,0,0.0
3473,1778071063.1645489,decode,218,1833615,0.9397144492726959,1745615,218,3221.8564342002765,790,0,0,790,11,0,0,0.0
3475,1778071063.214148,decode,229,1834073,0.939949170966054,1833844,229,3221.8564342002765,779,0,0,779,0,0,0,0.0
3476,1778071063.252981,decode,229,1834302,0.9400665318127331,1834073,229,3221.8564342002765,779,0,0,779,0,0,0,0.0
3477,1778071063.2917712,decode,229,1834531,0.9401838926594122,1834302,229,3221.8564342002765,779,0,0,779,0,0,0,0.0
3478,1778071063.3306022,decode,229,1834760,0.9403012535060913,1834531,229,3221.8564342002765,779,0,0,779,0,0,0,0.0
3479,1778071063.3694074,decode,229,1834989,0.9404186143527703,1834760,229,3221.8564342002765,779,0,0,779,0,0,0,0.0
3480,1778071063.4082232,decode,229,1835218,0.9405359751994494,1834989,229,3221.8564342002765,779,0,0,779,0,0,0,0.0
3481,1778071063.4471478,decode,229,1835447,0.9406533360461284,1835218,229,3221.8564342002765,779,0,0,779,0,0,0,0.0
3482,1778071063.4860194,decode,229,1835676,0.9407706968928076,1835447,229,3221.8564342002765,779,0,0,779,0,0,0,0.0
3483,1778071063.5247846,decode,229,1835905,0.9408880577394866,1835676,229,3221.8564342002765,779,0,0,779,0,0,0,0.0
3484,1778071063.5635448,decode,229,1836134,0.9410054185861657,1835905,229,3221.8564342002765,779,0,0,779,0,0,0,0.0
3485,1778071063.6024644,decode,229,1836363,0.9411227794328447,1836134,229,3221.8564342002765,779,0,0,779,0,0,0,0.0
3486,1778071063.641313,decode,229,1836592,0.9412401402795239,1836363,229,3221.8564342002765,779,0,0,779,0,0,0,0.0
3487,1778071063.6801143,decode,229,1836821,0.9413575011262029,1836592,229,3221.8564342002765,779,0,0,779,0,0,0,0.0
3488,1778071063.7190251,decode,229,1837050,0.941474861972882,1836821,229,3221.8564342002765,779,0,0,779,0,0,0,0.0
3489,1778071063.7579021,decode,229,1837279,0.941592222819561,1837050,229,3221.8564342002765,779,0,0,779,0,0,0,0.0
3490,1778071063.7968254,decode,229,1837508,0.9417095836662401,1837279,229,3221.8564342002765,779,0,0,779,0,0,0,0.0
3491,1778071063.8357542,decode,229,1837737,0.9418269445129192,1837508,229,3221.8564342002765,779,0,0,779,0,0,0,0.0
3492,1778071063.8745992,decode,229,1837966,0.9419443053595983,1837737,229,3221.8564342002765,779,0,0,779,0,0,0,0.0
3493,1778071063.9134355,decode,229,1838195,0.9420616662062773,1837966,229,4023.819138720498,779,0,0,779,0,0,0,0.0
3494,1778071063.9522288,decode,229,1838424,0.9421790270529564,1838195,229,4023.819138720498,779,0,0,779,0,0,0,0.0
3495,1778071063.99108,decode,229,1838653,0.9422963878996354,1838424,229,4023.819138720498,779,0,0,779,0,0,0,0.0
3496,1778071064.029903,decode,229,1838882,0.9424137487463146,1838653,229,4023.819138720498,779,0,0,779,0,0,0,0.0
3497,1778071064.0853128,decode,229,746386,0.38251743628561635,1838882,229,4023.819138720498,779,0,0,779,0,0,0,0.0
3498,1778071064.6082604,decode,229,1706143,0.8743859695876535,1839111,229,4023.819138720498,779,0,0,779,127,0,0,0.0
3501,1778071064.661334,decode,220,1826363,0.9359978516302652,1762363,220,4023.819138720498,645,0,0,645,8,0,0,0.0
3503,1778071064.7097394,decode,228,1826819,0.9362315483380628,1826591,228,4023.819138720498,637,0,0,637,0,0,0,0.0
3504,1778071064.748525,decode,228,1827047,0.9363483966919616,1826819,228,4023.819138720498,637,0,0,637,0,0,0,0.0
3505,1778071064.7872925,decode,228,1827275,0.9364652450458604,1827047,228,4023.819138720498,637,0,0,637,0,0,0,0.0
3506,1778071064.826052,decode,228,1827503,0.9365820933997593,1827275,228,4023.819138720498,637,0,0,637,0,0,0,0.0
3507,1778071064.864828,decode,228,1827731,0.9366989417536581,1827503,228,4023.819138720498,637,0,0,637,0,0,0,0.0
3508,1778071064.9035087,decode,228,1827959,0.9368157901075569,1827731,228,4023.819138720498,637,0,0,637,0,0,0,0.0
3509,1778071064.9422739,decode,228,1828187,0.9369326384614557,1827959,228,4023.819138720498,637,0,0,637,0,0,0,0.0
3510,1778071064.9809713,decode,228,1828415,0.9370494868153545,1828187,228,4023.819138720498,637,0,0,637,0,0,0,0.0
3511,1778071065.0197096,decode,228,1828643,0.9371663351692533,1828415,228,4023.819138720498,637,0,0,637,0,0,0,0.0
3512,1778071065.0585222,decode,228,1828871,0.9372831835231521,1828643,228,4023.819138720498,637,0,0,637,0,0,0,0.0
3513,1778071065.0973604,decode,228,1829099,0.9374000318770509,1828871,228,4023.819138720498,637,0,0,637,0,0,0,0.0
3514,1778071065.136163,decode,228,1829327,0.9375168802309497,1829099,228,4023.819138720498,637,0,0,637,0,0,0,0.0
3515,1778071065.1750057,decode,228,1829555,0.9376337285848486,1829327,228,4023.819138720498,637,0,0,637,0,0,0,0.0
3516,1778071065.2137125,decode,228,1829783,0.9377505769387474,1829555,228,4023.819138720498,637,0,0,637,0,0,0,0.0
3517,1778071065.2524805,decode,228,1830011,0.9378674252926462,1829783,228,4023.819138720498,637,0,0,637,0,0,0,0.0
3518,1778071065.2912495,decode,228,1830239,0.937984273646545,1830011,228,4023.819138720498,637,0,0,637,0,0,0,0.0
3519,1778071065.330059,decode,228,1830467,0.9381011220004438,1830239,228,4023.819138720498,637,0,0,637,0,0,0,0.0
3520,1778071065.368844,decode,228,1830695,0.9382179703543426,1830467,228,4023.819138720498,637,0,0,637,0,0,0,0.0
3521,1778071065.407681,decode,228,1830923,0.9383348187082414,1830695,228,4023.819138720498,637,0,0,637,0,0,0,0.0
3522,1778071065.4465363,decode,228,1831151,0.9384516670621402,1830923,228,4023.819138720498,637,0,0,637,0,0,0,0.0
3523,1778071065.4854035,decode,228,1831379,0.938568515416039,1831151,228,4023.819138720498,637,0,0,637,0,0,0,0.0
3524,1778071065.5241642,decode,228,1831607,0.9386853637699379,1831379,228,4023.819138720498,637,0,0,637,0,0,0,0.0
3525,1778071065.5787957,decode,228,738460,0.37845541850929176,1831607,228,4023.819138720498,637,0,0,637,0,0,0,0.0
3526,1778071066.110501,decode,228,1657973,0.8496991923626276,1831835,228,4023.819138720498,637,0,0,637,128,0,0,0.0
3529,1778071066.171877,decode,220,1826193,0.9359107278576213,1762193,220,4023.819138720498,496,0,0,496,8,0,0,0.0
3531,1778071066.2202568,decode,228,1826649,0.9361444245654189,1826421,228,4023.819138720498,488,0,0,488,0,0,0,0.0
3532,1778071066.2589877,decode,228,1826877,0.9362612729193177,1826649,228,4023.819138720498,488,0,0,488,0,0,0,0.0
3533,1778071066.297735,decode,228,1827105,0.9363781212732165,1826877,228,4023.819138720498,488,0,0,488,0,0,0,0.0
3534,1778071066.3364618,decode,228,1827333,0.9364949696271154,1827105,228,4023.819138720498,488,0,0,488,0,0,0,0.0
3535,1778071066.3751771,decode,228,1827561,0.9366118179810142,1827333,228,4023.819138720498,488,0,0,488,0,0,0,0.0
3536,1778071066.4139185,decode,228,1827789,0.936728666334913,1827561,228,4023.819138720498,488,0,0,488,0,0,0,0.0
3537,1778071066.452707,decode,228,1828017,0.9368455146888118,1827789,228,4023.819138720498,488,0,0,488,0,0,0,0.0
3538,1778071066.4914453,decode,228,1828245,0.9369623630427106,1828017,228,4023.819138720498,488,0,0,488,0,0,0,0.0
3539,1778071066.5302017,decode,228,1828473,0.9370792113966094,1828245,228,3481.0142247116023,488,0,0,488,0,0,0,0.0
3540,1778071066.5689142,decode,228,1828701,0.9371960597505082,1828473,228,3481.0142247116023,488,0,0,488,0,0,0,0.0
3541,1778071066.607652,decode,228,1828929,0.937312908104407,1828701,228,3481.0142247116023,488,0,0,488,0,0,0,0.0
3542,1778071066.6464052,decode,228,1829157,0.9374297564583058,1828929,228,3481.0142247116023,488,0,0,488,0,0,0,0.0
3543,1778071066.685155,decode,228,1829385,0.9375466048122048,1829157,228,3481.0142247116023,488,0,0,488,0,0,0,0.0
3544,1778071066.724033,decode,228,1829613,0.9376634531661036,1829385,228,3481.0142247116023,488,0,0,488,0,0,0,0.0
3545,1778071066.7627335,decode,228,1829841,0.9377803015200024,1829613,228,3481.0142247116023,488,0,0,488,0,0,0,0.0
3546,1778071066.8014755,decode,228,1830069,0.9378971498739012,1829841,228,3481.0142247116023,488,0,0,488,0,0,0,0.0
3547,1778071066.8402176,decode,228,1830297,0.9380139982278,1830069,228,3481.0142247116023,488,0,0,488,0,0,0,0.0
3548,1778071066.8791273,decode,228,1830525,0.9381308465816988,1830297,228,3481.0142247116023,488,0,0,488,0,0,0,0.0
3549,1778071066.9178476,decode,228,1830753,0.9382476949355976,1830525,228,3481.0142247116023,488,0,0,488,0,0,0,0.0
3550,1778071066.95665,decode,228,1830981,0.9383645432894964,1830753,228,3481.0142247116023,488,0,0,488,0,0,0,0.0
3551,1778071066.995414,decode,228,1831209,0.9384813916433952,1830981,228,3481.0142247116023,488,0,0,488,0,0,0,0.0
3552,1778071067.034267,decode,228,1831437,0.9385982399972941,1831209,228,3481.0142247116023,488,0,0,488,0,0,0,0.0
3553,1778071067.0911891,decode,228,561790,0.2879133190211183,1831437,228,3481.0142247116023,488,0,0,488,0,0,0,0.0
3554,1778071067.7818773,decode,228,1697572,0.8699933939680625,1831665,228,3481.0142247116023,488,0,0,488,149,0,0,0.0
3557,1778071067.8339767,decode,219,1833791,0.9398046480020212,1753791,219,3481.0142247116023,332,0,0,332,10,0,0,0.0
3559,1778071067.8829808,decode,229,1834249,0.9400393696953794,1834020,229,3481.0142247116023,322,0,0,322,0,0,0,0.0
3560,1778071067.9217715,decode,229,1834478,0.9401567305420585,1834249,229,3481.0142247116023,322,0,0,322,0,0,0,0.0
3561,1778071067.9605527,decode,229,1834707,0.9402740913887375,1834478,229,3481.0142247116023,322,0,0,322,0,0,0,0.0
3562,1778071067.9994137,decode,229,1834936,0.9403914522354166,1834707,229,3481.0142247116023,322,0,0,322,0,0,0,0.0
3563,1778071068.0382316,decode,229,1835165,0.9405088130820957,1834936,229,3481.0142247116023,322,0,0,322,0,0,0,0.0
3564,1778071068.077105,decode,229,1835394,0.9406261739287748,1835165,229,3481.0142247116023,322,0,0,322,0,0,0,0.0
3565,1778071068.1159542,decode,229,1835623,0.9407435347754538,1835394,229,3481.0142247116023,322,0,0,322,0,0,0,0.0
3566,1778071068.154812,decode,229,1835852,0.9408608956221329,1835623,229,3481.0142247116023,322,0,0,322,0,0,0,0.0
3567,1778071068.1936312,decode,229,1836081,0.940978256468812,1835852,229,3481.0142247116023,322,0,0,322,0,0,0,0.0
3568,1778071068.2325177,decode,229,1836310,0.9410956173154911,1836081,229,3481.0142247116023,322,0,0,322,0,0,0,0.0
3569,1778071068.2713187,decode,229,1836539,0.9412129781621701,1836310,229,3481.0142247116023,322,0,0,322,0,0,0,0.0
3570,1778071068.310056,decode,229,1836768,0.9413303390088492,1836539,229,3481.0142247116023,322,0,0,322,0,0,0,0.0
3571,1778071068.3489168,decode,229,1836997,0.9414476998555282,1836768,229,3481.0142247116023,322,0,0,322,0,0,0,0.0
3572,1778071068.3877854,decode,229,1837226,0.9415650607022074,1836997,229,3481.0142247116023,322,0,0,322,0,0,0,0.0
3573,1778071068.4267046,decode,229,1837455,0.9416824215488865,1837226,229,3481.0142247116023,322,0,0,322,0,0,0,0.0
3574,1778071068.4655704,decode,229,1837684,0.9417997823955655,1837455,229,3481.0142247116023,322,0,0,322,0,0,0,0.0
3575,1778071068.504343,decode,229,1837913,0.9419171432422446,1837684,229,3481.0142247116023,322,0,0,322,0,0,0,0.0
3576,1778071068.5431378,decode,229,1838142,0.9420345040889236,1837913,229,3481.0142247116023,322,0,0,322,0,0,0,0.0
3577,1778071068.5819685,decode,229,1838371,0.9421518649356028,1838142,229,3481.0142247116023,322,0,0,322,0,0,0,0.0
3578,1778071068.6208744,decode,229,1838600,0.9422692257822818,1838371,229,3481.0142247116023,322,0,0,322,0,0,0,0.0
3579,1778071068.659676,decode,229,1838829,0.9423865866289609,1838600,229,3481.0142247116023,322,0,0,322,0,0,0,0.0
3580,1778071068.6985338,decode,229,1839058,0.9425039474756399,1838829,229,3481.0142247116023,322,0,0,322,0,0,0,0.0
3581,1778071068.746457,decode,229,1059362,0.5429153766796311,1839058,229,3481.0142247116023,322,0,0,322,0,0,0,0.0
3582,1778071069.0569904,decode,229,1763215,0.9036349575425356,1839287,229,3615.2639299558405,322,0,0,322,91,0,0,0.0
3585,1778071069.1033866,decode,222,1827437,0.9365482688762622,1779437,222,3615.2639299558405,229,0,0,229,6,0,0,0.0
3587,1778071069.150553,decode,228,1827893,0.9367819655840598,1827665,228,3615.2639299558405,223,0,0,223,0,0,0,0.0
3588,1778071069.1892743,decode,228,1828121,0.9368988139379586,1827893,228,3615.2639299558405,223,0,0,223,0,0,0,0.0
3589,1778071069.2281265,decode,228,1828349,0.9370156622918575,1828121,228,3615.2639299558405,223,0,0,223,0,0,0,0.0
3590,1778071069.2669692,decode,228,1828577,0.9371325106457563,1828349,228,3615.2639299558405,223,0,0,223,0,0,0,0.0
3591,1778071069.3057091,decode,228,1828805,0.9372493589996551,1828577,228,3615.2639299558405,223,0,0,223,0,0,0,0.0
3592,1778071069.3444424,decode,228,1829033,0.9373662073535539,1828805,228,3615.2639299558405,223,0,0,223,0,0,0,0.0
3593,1778071069.3832073,decode,228,1829261,0.9374830557074527,1829033,228,3615.2639299558405,223,0,0,223,0,0,0,0.0
3594,1778071069.4220393,decode,228,1829489,0.9375999040613515,1829261,228,3615.2639299558405,223,0,0,223,0,0,0,0.0
3595,1778071069.4608426,decode,228,1829717,0.9377167524152503,1829489,228,3615.2639299558405,223,0,0,223,0,0,0,0.0
3596,1778071069.499632,decode,228,1829945,0.9378336007691491,1829717,228,3615.2639299558405,223,0,0,223,0,0,0,0.0
3597,1778071069.5384653,decode,228,1830173,0.9379504491230479,1829945,228,3615.2639299558405,223,0,0,223,0,0,0,0.0
3598,1778071069.5772388,decode,228,1830401,0.9380672974769468,1830173,228,3615.2639299558405,223,0,0,223,0,0,0,0.0
3599,1778071069.6160526,decode,228,1830629,0.9381841458308456,1830401,228,3615.2639299558405,223,0,0,223,0,0,0,0.0
3600,1778071069.6548526,decode,228,1830857,0.9383009941847444,1830629,228,3615.2639299558405,223,0,0,223,0,0,0,0.0
3601,1778071069.6936421,decode,228,1831085,0.9384178425386432,1830857,228,3615.2639299558405,223,0,0,223,0,0,0,0.0
3602,1778071069.7324224,decode,228,1831313,0.938534690892542,1831085,228,3615.2639299558405,223,0,0,223,0,0,0,0.0
3603,1778071069.771245,decode,228,1831541,0.9386515392464408,1831313,228,3615.2639299558405,223,0,0,223,0,0,0,0.0
3604,1778071069.8101087,decode,228,1831769,0.9387683876003396,1831541,228,3615.2639299558405,223,0,0,223,0,0,0,0.0
3605,1778071069.8489044,decode,228,1831997,0.9388852359542385,1831769,228,3615.2639299558405,223,0,0,223,0,0,0,0.0
3606,1778071069.887737,decode,228,1832225,0.9390020843081374,1831997,228,3615.2639299558405,223,0,0,223,0,0,0,0.0
3607,1778071069.9266183,decode,228,1832453,0.9391189326620362,1832225,228,3615.2639299558405,223,0,0,223,0,0,0,0.0
3608,1778071069.9654331,decode,228,1832681,0.939235781015935,1832453,228,3615.2639299558405,223,0,0,223,0,0,0,0.0
3609,1778071070.021847,decode,228,874959,0.4484101705217228,1832681,228,3615.2639299558405,223,0,0,223,0,0,0,0.0
3610,1778071070.4519546,decode,228,1690469,0.8663531577498902,1832909,228,3615.2639299558405,223,0,0,223,112,0,0,0.0
3613,1778071070.508004,decode,221,1826690,0.9361654367694096,1770690,221,3615.2639299558405,101,0,0,101,7,0,0,0.0
3615,1778071070.5551317,decode,228,1827146,0.9363991334772072,1826918,228,3615.2639299558405,94,0,0,94,0,0,0,0.0
3616,1778071070.593905,decode,228,1827374,0.936515981831106,1827146,228,3615.2639299558405,94,0,0,94,0,0,0,0.0
3617,1778071070.6326213,decode,228,1827602,0.9366328301850048,1827374,228,3615.2639299558405,94,0,0,94,0,0,0,0.0
3618,1778071070.6716177,decode,228,1827830,0.9367496785389036,1827602,228,3615.2639299558405,94,0,0,94,0,0,0,0.0
3619,1778071070.710213,decode,228,1828058,0.9368665268928024,1827830,228,3615.2639299558405,94,0,0,94,0,0,0,0.0
3620,1778071070.748923,decode,228,1828286,0.9369833752467012,1828058,228,3615.2639299558405,94,0,0,94,0,0,0,0.0
3621,1778071070.7877684,decode,228,1828514,0.9371002236006001,1828286,228,3615.2639299558405,94,0,0,94,0,0,0,0.0
3622,1778071070.8265352,decode,228,1828742,0.9372170719544989,1828514,228,3615.2639299558405,94,0,0,94,0,0,0,0.0
3623,1778071070.865368,decode,228,1828970,0.9373339203083977,1828742,228,3615.2639299558405,94,0,0,94,0,0,0,0.0
3624,1778071070.9041815,decode,228,1829198,0.9374507686622965,1828970,228,3615.2639299558405,94,0,0,94,0,0,0,0.0
3625,1778071070.9429991,decode,228,1829426,0.9375676170161953,1829198,228,3615.2639299558405,94,0,0,94,0,0,0,0.0
3626,1778071070.9817872,decode,228,1829654,0.9376844653700941,1829426,228,3615.2639299558405,94,0,0,94,0,0,0,0.0
3627,1778071071.0206707,decode,228,1829882,0.9378013137239929,1829654,228,3615.2639299558405,94,0,0,94,0,0,0,0.0
3628,1778071071.0594807,decode,228,1830110,0.9379181620778917,1829882,228,4547.829048005404,94,0,0,94,0,0,0,0.0
3629,1778071071.0983458,decode,228,1830338,0.9380350104317905,1830110,228,4547.829048005404,94,0,0,94,0,0,0,0.0
3630,1778071071.1371417,decode,228,1830566,0.9381518587856894,1830338,228,4547.829048005404,94,0,0,94,0,0,0,0.0
3631,1778071071.176005,decode,228,1830794,0.9382687071395882,1830566,228,4547.829048005404,94,0,0,94,0,0,0,0.0
3632,1778071071.214785,decode,228,1831022,0.938385555493487,1830794,228,4547.829048005404,94,0,0,94,0,0,0,0.0
3633,1778071071.2536066,decode,228,1831250,0.9385024038473858,1831022,228,4547.829048005404,94,0,0,94,0,0,0,0.0
3634,1778071071.2923994,decode,228,1831478,0.9386192522012846,1831250,228,4547.829048005404,94,0,0,94,0,0,0,0.0
3635,1778071071.3312411,decode,228,1831706,0.9387361005551834,1831478,228,4547.829048005404,94,0,0,94,0,0,0,0.0
3636,1778071071.3700314,decode,228,1831934,0.9388529489090822,1831706,228,4547.829048005404,94,0,0,94,0,0,0,0.0
3637,1778071071.4174528,decode,228,1083512,0.5552920773228607,1831934,228,4547.829048005404,94,0,0,94,0,0,0,0.0
3638,1778071071.708075,decode,228,1739218,0.8913366682946854,1832162,228,4547.829048005404,94,0,0,94,88,0,0,0.0
3641,1778071071.7570755,decode,222,1787440,0.9160500951442847,1779440,222,4547.829048005404,1,0,0,1,1,0,0,0.0
3643,1778071071.802869,decode,223,1787886,0.9162786669242797,1787663,223,4547.829048005404,0,0,0,0,0,0,0,0.0
3644,1778071071.841266,decode,223,1788109,0.9163929528142772,1787886,223,4547.829048005404,0,0,0,0,0,0,0,0.0
3645,1778071071.8796728,decode,223,1788332,0.9165072387042748,1788109,223,4547.829048005404,0,0,0,0,0,0,0,0.0
3646,1778071071.9181118,decode,223,1788555,0.9166215245942723,1788332,223,4547.829048005404,0,0,0,0,0,0,0,0.0
3647,1778071071.9564917,decode,223,1788778,0.9167358104842698,1788555,223,4547.829048005404,0,0,0,0,0,0,0,0.0
3648,1778071071.9949164,decode,223,1789001,0.9168500963742673,1788778,223,4547.829048005404,0,0,0,0,0,0,0,0.0
3649,1778071072.0333893,decode,223,1789224,0.9169643822642648,1789001,223,4547.829048005404,0,0,0,0,0,0,0,0.0
3650,1778071072.0718107,decode,223,1789447,0.9170786681542624,1789224,223,4547.829048005404,0,0,0,0,0,0,0,0.0
3651,1778071072.1102233,decode,223,1789670,0.9171929540442599,1789447,223,4547.829048005404,0,0,0,0,0,0,0,0.0
3652,1778071072.148652,decode,223,1789893,0.9173072399342574,1789670,223,4547.829048005404,0,0,0,0,0,0,0,0.0
3653,1778071072.1871183,decode,223,1790116,0.917421525824255,1789893,223,4547.829048005404,0,0,0,0,0,0,0,0.0
3654,1778071072.2255316,decode,223,1790339,0.9175358117142525,1790116,223,4547.829048005404,0,0,0,0,0,0,0,0.0
3655,1778071072.263967,decode,223,1790562,0.91765009760425,1790339,223,4547.829048005404,0,0,0,0,0,0,0,0.0
3656,1778071072.3024461,decode,223,1790785,0.9177643834942475,1790562,223,4547.829048005404,0,0,0,0,0,0,0,0.0
3657,1778071072.3409147,decode,223,1791008,0.917878669384245,1790785,223,4547.829048005404,0,0,0,0,0,0,0,0.0
3658,1778071072.3793657,decode,223,1791231,0.9179929552742426,1791008,223,4547.829048005404,0,0,0,0,0,0,0,0.0
3659,1778071072.41793,decode,223,1791454,0.9181072411642401,1791231,223,4547.829048005404,0,0,0,0,0,0,0,0.0
3660,1778071072.4563694,decode,223,1791677,0.9182215270542377,1791454,223,4547.829048005404,0,0,0,0,0,0,0,0.0
3661,1778071072.494889,decode,223,1791900,0.9183358129442352,1791677,223,4547.829048005404,0,0,0,0,0,0,0,0.0
3662,1778071072.533385,decode,223,1792123,0.9184500988342327,1791900,223,4547.829048005404,0,0,0,0,0,0,0,0.0
3663,1778071072.571901,decode,223,1792346,0.9185643847242302,1792123,223,4547.829048005404,0,0,0,0,0,0,0,0.0
3664,1778071072.6103802,decode,223,1792569,0.9186786706142277,1792346,223,4547.829048005404,0,0,0,0,0,0,0,0.0
3665,1778071072.665571,decode,223,810692,0.41547379701288456,1792569,223,4547.829048005404,0,0,0,0,0,0,0,0.0
3666,1778071072.687848,decode,223,754443,0.3866465906161547,1792792,101,4547.829048005404,0,0,0,0,0,0,0,0.0
3667,1778071072.7050347,decode,101,754537,0.38669476493749894,810793,94,4547.829048005404,0,0,0,0,0,0,0,0.0
3668,1778071072.722152,decode,94,754631,0.3867429392588432,754537,94,4547.829048005404,0,0,0,0,0,0,0,0.0
3669,1778071072.739398,decode,94,754725,0.3867911135801874,754631,94,4547.829048005404,0,0,0,0,0,0,0,0.0
3670,1778071072.7565997,decode,94,754819,0.3868392879015317,754725,94,4547.829048005404,0,0,0,0,0,0,0,0.0
3671,1778071072.7738354,decode,94,754913,0.38688746222287596,754819,94,4859.552026716778,0,0,0,0,0,0,0,0.0
3672,1778071072.7910595,decode,94,755007,0.3869356365442202,754913,94,4859.552026716778,0,0,0,0,0,0,0,0.0
3673,1778071072.8082695,decode,94,755101,0.38698381086556444,755007,94,4859.552026716778,0,0,0,0,0,0,0,0.0
3674,1778071072.8255777,decode,94,755195,0.3870319851869087,755101,94,4859.552026716778,0,0,0,0,0,0,0,0.0
3675,1778071072.8427787,decode,94,755289,0.3870801595082529,755195,94,4859.552026716778,0,0,0,0,0,0,0,0.0
3676,1778071072.8599567,decode,94,755383,0.38712833382959716,755289,94,4859.552026716778,0,0,0,0,0,0,0,0.0
3677,1778071072.8772478,decode,94,755477,0.3871765081509414,755383,94,4859.552026716778,0,0,0,0,0,0,0,0.0
3678,1778071072.8944473,decode,94,755571,0.3872246824722857,755477,94,4859.552026716778,0,0,0,0,0,0,0,0.0
3679,1778071072.911693,decode,94,755665,0.38727285679362994,755571,94,4859.552026716778,0,0,0,0,0,0,0,0.0
3680,1778071072.9289117,decode,94,755759,0.3873210311149742,755665,94,4859.552026716778,0,0,0,0,0,0,0,0.0
3681,1778071072.9461532,decode,94,755853,0.3873692054363184,755759,94,4859.552026716778,0,0,0,0,0,0,0,0.0
3682,1778071072.963416,decode,94,755947,0.38741737975766266,755853,94,4859.552026716778,0,0,0,0,0,0,0,0.0
3683,1778071072.9806075,decode,94,756041,0.3874655540790069,755947,94,4859.552026716778,0,0,0,0,0,0,0,0.0
3684,1778071072.9978683,decode,94,756135,0.38751372840035114,756041,94,4859.552026716778,0,0,0,0,0,0,0,0.0
3685,1778071073.0150707,decode,94,756229,0.3875619027216954,756135,94,4859.552026716778,0,0,0,0,0,0,0,0.0
3686,1778071073.0322986,decode,94,756323,0.3876100770430397,756229,94,4859.552026716778,0,0,0,0,0,0,0,0.0
3687,1778071073.0495389,decode,94,756417,0.3876582513643839,756323,94,4859.552026716778,0,0,0,0,0,0,0,0.0
3688,1778071073.0668633,decode,94,756511,0.38770642568572816,756417,94,4859.552026716778,0,0,0,0,0,0,0,0.0
3689,1778071073.0840695,decode,94,756605,0.3877546000070724,756511,94,4859.552026716778,0,0,0,0,0,0,0,0.0
3690,1778071073.1098814,decode,94,8049,0.004125054388296305,756605,94,4859.552026716778,0,0,0,0,0,0,0,0.0
3691,1778071073.2316272,decode,94,0,0.0,756699,1,4859.552026716778,0,0,0,0,0,0,0,0.0
3691,1778071073.2339685,decode,1,0,0.0,8050,1,4859.552026716778,0,0,0,0,0,0,0,0.0
