batch_id,timestamp,forward_mode,batch_size,num_tokens,token_usage,batch_num_tokens,gpu_num_reqs,gen_throughput,num_queue_reqs,num_retracted_reqs,pre_decode_batch_size,pre_decode_batch_num_tokens,pre_decode_batch_num_tokens_after_one_decode,pre_decode_num_tokens,pre_decode_token_usage,num_retracted_queue_reqs,num_total_queue_reqs,num_prev_completed_reqs,num_new_seqs,num_new_tokens,num_cached_tokens,cache_hit_rate
3,1778775235.1752975,decode,2563,771308,0.9997964910916244,771463,2554,0.0,157429,8,2563,768900,771463,771463,0.9999974075298296,8,157437,0,0,0,0,0.0
4,1778775235.3653302,decode,2554,771438,0.9999650016526997,771308,2546,0.0,157429,9,2554,768754,771308,771308,0.9997964910916244,17,157446,0,0,0,0,0.0
5,1778775235.5584252,decode,2546,771248,0.9997187169865127,771438,2537,0.0,157429,8,2546,768892,771438,771438,0.9999650016526997,25,157454,0,0,0,0,0.0
6,1778775235.7415946,decode,2537,771345,0.9998444517897765,771248,2529,0.0,157429,9,2537,768711,771248,771248,0.9997187169865127,34,157463,0,0,0,0,0.0
7,1778775235.983901,decode,2529,582318,0.7548210223406117,771345,2521,0.0,157429,8,2529,768816,771345,771345,0.9998444517897765,42,157471,0,0,0,0,0.0
8,1778775237.2125134,decode,2521,771400,0.9999157447194623,771426,2521,0.0,157479,8,2521,768905,771426,771426,0.9999494468316774,0,157479,618,630,0,0,0.0
10,1778775237.6169918,decode,2524,770720,0.9990343048615297,771224,2516,0.0,156849,9,2524,768700,771224,771224,0.999687607344468,9,156858,0,0,0,0,0.0
11,1778775237.763286,decode,2516,592689,0.7682642764091696,771332,2516,0.0,156851,8,2516,768816,771332,771332,0.999827600733669,15,156866,2,2,0,0,0.0
14,1778775239.2216794,decode,2523,566521,0.7343443966997855,771312,2515,0.0,156269,8,2523,768789,771312,771312,0.9998016760319651,8,156277,580,0,0,0,0.0
15,1778775240.437363,decode,2515,770811,0.9991522622542824,771419,2515,0.0,156285,8,2515,768904,771419,771419,0.999940373186081,0,156285,661,683,0,0,0.0
18,1778775240.989068,decode,2528,722683,0.936767060074015,771239,2520,0.0,155600,9,2528,768711,771239,771239,0.999707050870746,9,155609,2,0,0,0,0.0
19,1778775241.348086,decode,2520,770050,0.998165827354449,771351,2520,0.0,155617,8,2520,768831,771351,771351,0.9998522292002877,0,155617,159,162,0,0,0.0
22,1778775241.8951788,decode,2515,724324,0.9388941818488201,771365,2507,0.0,155451,8,2515,768850,771365,771365,0.9998703764914805,8,155459,4,0,0,0,0.0
23,1778775242.3458893,decode,2507,512391,0.6641791915381774,771464,2507,0.0,155467,8,2507,768957,771464,771464,0.9999987037649148,0,155467,154,157,0,0,0.0
26,1778775244.3802996,decode,2537,679527,0.8808267387373374,771428,2528,0.0,154447,8,2537,768891,771428,771428,0.9999520393018477,8,154455,828,0,0,0,0.0
27,1778775244.9423406,decode,2528,723871,0.9383069873552268,771247,2528,0.0,154464,9,2528,768719,771247,771247,0.9997174207514274,0,154464,298,306,0,0,0.0
30,1778775245.645922,decode,2532,717121,0.9295574005301601,771403,2523,0.0,154000,8,2532,768871,771403,771403,0.9999196334247179,8,154008,154,0,0,0,0.0
31,1778775246.0461342,decode,2523,723669,0.9380451478680173,771217,2523,0.0,154017,9,2523,768694,771217,771217,0.9996785336988716,0,154017,175,181,0,0,0.0
34,1778775246.7755034,decode,2524,640212,0.829865256362894,771193,2516,0.0,153677,9,2524,768669,771193,771193,0.9996474240568269,9,153686,155,0,0,0,0.0
35,1778775247.542809,decode,2516,720002,0.9332918538106071,771301,2516,0.0,153694,8,2516,768785,771301,771301,0.9997874174460281,0,153694,426,437,0,0,0.0
38,1778775248.2540915,decode,2526,730072,0.9463449411185213,771428,2517,0.0,153086,8,2526,768902,771428,771428,0.9999520393018477,8,153094,164,0,0,0,0.0
39,1778775248.6419244,decode,2517,647996,0.8399551502660523,771236,2517,0.0,153103,9,2517,768719,771236,771236,0.9997031621654904,0,153103,134,137,0,0,0.0
42,1778775249.729539,decode,2526,669294,0.8675623651105364,771422,2517,0.0,152555,8,2526,768896,771422,771422,0.9999442618913366,8,152563,397,0,0,0,0.0
43,1778775250.3679802,decode,2517,685580,0.8886728497080231,771230,2517,0.0,152572,9,2517,768713,771230,771230,0.9996953847549792,0,152572,330,340,0,0,0.0
46,1778775251.2391016,decode,2529,689144,0.8932926315516582,771209,2521,0.0,151946,9,2529,768680,771209,771209,0.99966816381819,9,151955,275,0,0,0,0.0
47,1778775251.7704415,decode,2521,732616,0.9496425631752574,771322,2521,0.0,151963,8,2521,768801,771322,771322,0.9998146383828171,0,151963,267,274,0,0,0.0
50,1778775252.4290333,decode,2524,710096,0.9204513490566649,771440,2515,0.0,151560,8,2524,768916,771440,771440,0.9999675941228702,8,151568,125,0,0,0,0.0
51,1778775252.874344,decode,2515,636910,0.8255850881115799,771246,2515,0.0,151577,9,2515,768731,771246,771246,0.9997161245163423,0,151577,199,204,0,0,0.0
54,1778775253.9877326,decode,2529,681692,0.8836330876967847,771439,2520,0.0,150925,8,2529,768910,771439,771439,0.9999662978877849,8,150933,431,0,0,0,0.0
55,1778775254.5418916,decode,2520,686232,0.8895179949835702,771250,2520,0.0,150942,9,2520,768730,771250,771250,0.999721309456683,0,150942,291,299,0,0,0.0
58,1778775255.3994458,decode,2529,704786,0.9135683407542792,771261,2521,0.0,150359,9,2529,768732,771261,771261,0.9997355680426202,9,150368,274,0,0,0,0.0
59,1778775255.901192,decode,2521,697904,0.9046476508979668,771374,2521,0.0,150376,8,2521,768853,771374,771374,0.9998820426072472,0,150376,216,222,0,0,0.0
62,1778775256.7258556,decode,2526,673714,0.8732917241870986,771230,2518,0.0,149909,9,2526,768704,771230,771230,0.9996953847549792,9,149918,237,0,0,0,0.0
63,1778775257.333995,decode,2518,692040,0.897046528358383,771340,2518,0.0,149926,8,2518,768822,771340,771340,0.9998379706143506,0,149926,317,325,0,0,0.0
66,1778775258.1743977,decode,2528,691520,0.8963724861140816,771368,2519,0.0,149337,8,2528,768840,771368,771368,0.9998742651967361,8,149345,254,0,0,0,0.0
67,1778775258.689301,decode,2519,684626,0.8874362414367469,771178,2519,0.0,149354,9,2519,768659,771178,771178,0.999627980530549,0,149354,259,266,0,0,0.0
70,1778775259.5435398,decode,2528,695714,0.9018088960613897,771454,2519,0.0,148799,8,2528,768926,771454,771454,0.9999857414140628,8,148807,279,0,0,0,0.0
71,1778775260.0321548,decode,2519,687966,0.8917656666212984,771264,2519,0.0,148816,9,2519,768745,771264,771264,0.9997394567478758,0,148816,245,252,0,0,0.0
74,1778775260.8719022,decode,2527,682620,0.8848359938558457,771193,2519,0.0,148286,9,2527,768666,771193,771193,0.9996474240568269,9,148295,268,0,0,0,0.0
75,1778775261.4139028,decode,2519,705246,0.914164608893469,771304,2519,1579.377734931861,148303,8,2519,768785,771304,771304,0.9997913061512836,0,148303,288,296,0,0,0.0
78,1778775262.1706965,decode,2526,695428,0.9014381728270239,771372,2517,1579.377734931861,147787,8,2526,768846,771372,771372,0.9998794501370769,8,147795,213,0,0,0,0.0
79,1778775262.660818,decode,2517,680946,0.8826660963232292,771180,2517,1579.377734931861,147804,9,2517,768663,771180,771180,0.9996305730007194,0,147804,246,253,0,0,0.0
82,1778775263.5290792,decode,2527,686126,0.8893805940645395,771373,2518,1579.377734931861,147250,8,2527,768846,771373,771373,0.9998807463721621,8,147258,290,0,0,0,0.0
83,1778775264.068412,decode,2518,689820,0.8941688864692501,771182,2518,1579.377734931861,147267,9,2518,768664,771182,771182,0.9996331654708898,0,147267,276,284,0,0,0.0
86,1778775264.8971019,decode,2527,698670,0.9056405669732263,771247,2519,1579.377734931861,146711,9,2527,768720,771247,771247,0.9997174207514274,9,146720,262,0,0,0,0.0
87,1778775265.3698487,decode,2519,696364,0.9026514488667665,771358,2519,1579.377734931861,146728,8,2519,768839,771358,771358,0.9998613028458841,0,146728,236,242,0,0,0.0
90,1778775266.2112846,decode,2525,688480,0.8924319314550887,771189,2517,1579.377734931861,146236,9,2525,768664,771189,771189,0.9996422391164862,9,146245,241,0,0,0,0.0
91,1778775266.7376037,decode,2517,679768,0.8811391313928694,771298,2517,1579.377734931861,146253,8,2517,768781,771298,771298,0.9997835287407725,0,146253,269,276,0,0,0.0
94,1778775267.650806,decode,2527,693020,0.8983168387418742,771395,2518,1579.377734931861,145672,8,2527,768868,771395,771395,0.9999092635440363,8,145680,294,0,0,0,0.0
95,1778775268.167055,decode,2518,676692,0.8771519122708095,771204,2518,1579.377734931861,145689,9,2518,768686,771204,771204,0.9996616826427641,0,145689,254,261,0,0,0.0
98,1778775269.0506132,decode,2528,698394,0.9052828060897125,771320,2520,1579.377734931861,145113,8,2528,768792,771320,771320,0.9998120459126467,8,145121,304,0,0,0,0.0
99,1778775269.5200415,decode,2520,693804,0.8993330870486671,771432,2520,1579.377734931861,145129,8,2520,768912,771432,771432,0.9999572242421886,0,145129,237,243,0,0,0.0
102,1778775270.3194616,decode,2527,687662,0.8913716111553991,771331,2519,1579.377734931861,144628,8,2527,768804,771331,771331,0.9998263044985839,8,144636,249,0,0,0,0.0
103,1778775270.8354993,decode,2519,693570,0.8990297680387315,771442,2519,1579.377734931861,144644,8,2519,768923,771442,771442,0.9999701865930405,0,144644,272,279,0,0,0.0
106,1778775271.6347847,decode,2527,688380,0.8923023079465692,771397,2518,1579.377734931861,144106,8,2527,768870,771397,771397,0.9999118560142067,8,144114,250,0,0,0,0.0
107,1778775272.1515648,decode,2518,688798,0.8928441342121807,771206,2518,1579.377734931861,144123,9,2518,768688,771206,771206,0.9996642751129344,0,144123,269,276,0,0,0.0
110,1778775272.968854,decode,2527,689894,0.8942648078655545,771425,2518,1579.377734931861,143572,8,2527,768898,771425,771425,0.9999481505965921,8,143580,265,0,0,0,0.0
111,1778775273.479806,decode,2518,680376,0.881927242324668,771234,2518,1579.377734931861,143589,9,2518,768716,771234,771234,0.99970056969532,0,143589,264,271,0,0,0.0
114,1778775274.3340924,decode,2528,688364,0.8922815681852061,771404,2519,1579.377734931861,143015,8,2528,768876,771404,771404,0.9999209296598031,8,143023,292,0,0,0,0.0
115,1778775274.8526847,decode,2519,698666,0.9056353820328855,771214,2519,1579.377734931861,143032,9,2519,768695,771214,771214,0.999674644993616,0,143032,269,277,0,0,0.0
118,1778775275.623102,decode,2527,694850,0.9006889489477812,771393,2518,1579.377734931861,142513,8,2527,768866,771393,771393,0.999906671073866,8,142521,234,0,0,0,0.0
119,1778775276.1130729,decode,2518,681426,0.8832882891641228,771202,2518,1579.377734931861,142530,9,2518,768684,771202,771202,0.9996590901725937,0,142530,248,255,0,0,0.0
122,1778775276.983755,decode,2527,689814,0.8941611090587389,771253,2519,1579.377734931861,141975,9,2527,768726,771253,771253,0.9997251981619386,9,141984,289,0,0,0,0.0
123,1778775277.5074453,decode,2519,685566,0.8886547024168303,771364,2519,1579.377734931861,141992,8,2519,768845,771364,771364,0.9998690802563953,0,141992,265,272,0,0,0.0
126,1778775278.3448768,decode,2527,689360,0.8935726183300603,771193,2519,1579.377734931861,141434,9,2527,768666,771193,771193,0.9996474240568269,9,141443,276,0,0,0,0.0
127,1778775278.8687122,decode,2519,690394,0.894912925408152,771304,2519,1579.377734931861,141451,8,2519,768785,771304,771304,0.9997913061512836,0,141451,266,273,0,0,0.0
130,1778775279.6819754,decode,2527,688172,0.8920326910488486,771221,2519,1579.377734931861,140908,9,2527,768694,771221,771221,0.9996837186392125,9,140917,260,0,0,0,0.0
131,1778775280.1929333,decode,2519,688540,0.8925097055602004,771332,2519,1579.377734931861,140925,8,2519,768813,771332,771332,0.999827600733669,0,140925,270,277,0,0,0.0
134,1778775281.006463,decode,2527,697060,0.9035536284860622,771167,2519,1579.377734931861,140372,9,2527,768640,771167,771167,0.9996137219446118,9,140381,266,0,0,0,0.0
135,1778775281.4777892,decode,2519,687834,0.8915945635900527,771278,2519,1579.377734931861,140389,8,2519,768759,771278,771278,0.9997576040390685,0,140389,241,248,0,0,0.0
138,1778775282.2938478,decode,2527,691702,0.8966084008995872,771361,2518,1579.377734931861,139863,8,2527,768834,771361,771361,0.9998651915511397,8,139871,269,0,0,0,0.0
139,1778775282.789772,decode,2518,682872,0.8851626450973149,771170,2518,1579.377734931861,139880,9,2518,768652,771170,771170,0.9996176106498674,0,139880,258,265,0,0,0.0
142,1778775283.6350634,decode,2527,684184,0.8868633055290908,771199,2519,1579.377734931861,139320,9,2527,768672,771199,771199,0.9996552014673381,9,139329,284,0,0,0,0.0
143,1778775284.1703315,decode,2519,692830,0.8980705540756871,771310,2519,1579.377734931861,139337,8,2519,768791,771310,771310,0.9997990835617948,0,139337,283,290,0,0,0.0
146,1778775284.9588785,decode,2527,694352,0.9000434238753541,771257,2519,1579.377734931861,138785,9,2527,768730,771257,771257,0.9997303831022795,9,138794,252,0,0,0,0.0
147,1778775285.4406426,decode,2519,689034,0.8931500456922867,771368,2519,1579.377734931861,138802,8,2519,768849,771368,771368,0.9998742651967361,0,138802,250,257,0,0,0.0
150,1778775286.2421317,decode,2527,690220,0.8946873805033281,771361,2518,1579.377734931861,138271,8,2527,768834,771361,771361,0.9998651915511397,8,138279,265,0,0,0,0.0
151,1778775286.7404597,decode,2518,687806,0.8915582690076672,771170,2518,1579.377734931861,138288,9,2518,768652,771170,771170,0.9996176106498674,0,138288,263,270,0,0,0.0
154,1778775287.553173,decode,2527,684576,0.8873714296824872,771333,2519,1579.377734931861,137740,8,2527,768806,771333,771333,0.9998288969687542,8,137748,268,0,0,0,0.0
155,1778775288.083379,decode,2519,687276,0.8908712644125139,771444,2519,3783.6823793202593,137756,8,2519,768925,771444,771444,0.9999727790632109,0,137756,282,289,0,0,0.0
158,1778775288.8982167,decode,2528,691484,0.8963258216510146,771404,2519,3783.6823793202593,137187,8,2528,768876,771404,771404,0.9999209296598031,8,137195,270,0,0,0,0.0
159,1778775289.3918712,decode,2519,687314,0.8909205213457513,771214,2519,3783.6823793202593,137204,9,2519,768695,771214,771214,0.999674644993616,0,137204,259,266,0,0,0.0
162,1778775290.2241042,decode,2528,689312,0.893510399045971,771442,2519,3783.6823793202593,136658,8,2528,768914,771442,771442,0.9999701865930405,8,136666,270,0,0,0,0.0
163,1778775290.7394185,decode,2519,695950,0.9021148075414958,771252,2519,3783.6823793202593,136675,9,2519,768733,771252,771252,0.9997239019268535,0,136675,266,273,0,0,0.0
166,1778775291.5067527,decode,2527,684048,0.8866870175575042,771377,2518,3783.6823793202593,136151,8,2527,768850,771377,771377,0.9998859313125028,8,136159,242,0,0,0,0.0
167,1778775292.0390592,decode,2518,680826,0.8825105481130058,771186,2518,3783.6823793202593,136168,9,2518,768668,771186,771186,0.9996383504112306,0,136168,283,291,0,0,0.0
170,1778775292.8848803,decode,2528,694310,0.8999889820017758,771254,2520,3783.6823793202593,135575,9,2528,768726,771254,771254,0.9997264943970239,9,135584,291,0,0,0,0.0
171,1778775293.3702831,decode,2520,690266,0.8947470073172471,771366,2520,3783.6823793202593,135592,8,2520,768846,771366,771366,0.9998716727265657,0,135592,250,257,0,0,0.0
174,1778775294.1530006,decode,2528,693878,0.8994290084449715,771394,2519,3783.6823793202593,135065,8,2528,768866,771394,771394,0.9999079673089512,8,135073,261,0,0,0,0.0
175,1778775294.63202,decode,2519,690182,0.8946381235700906,771204,2519,3783.6823793202593,135082,9,2519,768685,771204,771204,0.9996616826427641,0,135082,251,258,0,0,0.0
178,1778775295.4207554,decode,2527,681500,0.8833842105604273,771309,2519,3783.6823793202593,134554,8,2527,768782,771309,771309,0.9997977873267095,8,134562,261,0,0,0,0.0
179,1778775295.9535003,decode,2519,691934,0.8969091274393524,771420,2519,3783.6823793202593,134570,8,2519,768901,771420,771420,0.9999416694211662,0,134570,292,299,0,0,0.0
182,1778775296.7267401,decode,2527,692572,0.8977361254237068,771261,2519,3783.6823793202593,134006,9,2527,768734,771261,771261,0.9997355680426202,9,134015,255,0,0,0,0.0
183,1778775297.2125468,decode,2519,679786,0.8811624636244029,771372,2519,3783.6823793202593,134023,8,2519,768853,771372,771372,0.9998794501370769,0,134023,256,262,0,0,0.0
186,1778775298.0489278,decode,2528,690524,0.8950814359692274,771414,2519,3783.6823793202593,133456,8,2528,768886,771414,771414,0.9999338920106551,8,133464,294,0,0,0,0.0
187,1778775298.5429385,decode,2519,690038,0.8944514657178226,771224,2519,3783.6823793202593,133473,9,2519,768705,771224,771224,0.999687607344468,0,133473,262,269,0,0,0.0
190,1778775299.3222575,decode,2527,693966,0.8995430771324687,771165,2519,3783.6823793202593,132933,9,2527,768638,771165,771165,0.9996111294744415,9,132942,261,0,0,0,0.0
191,1778775299.8032043,decode,2519,691086,0.895809920087107,771276,2519,3783.6823793202593,132950,8,2519,768757,771276,771276,0.9997550115688981,0,132950,251,258,0,0,0.0
194,1778775300.584871,decode,2527,687382,0.8910086653315445,771313,2519,3783.6823793202593,132425,8,2527,768786,771313,771313,0.9998029722670504,8,132433,258,0,0,0,0.0
195,1778775301.0936434,decode,2519,684000,0.8866247982734149,771424,2519,3783.6823793202593,132441,8,2519,768905,771424,771424,0.999946854361507,0,132441,273,280,0,0,0.0
198,1778775301.9004862,decode,2528,694536,0.9002819311310299,771428,2519,3783.6823793202593,131870,8,2528,768900,771428,771428,0.9999520393018477,8,131878,281,0,0,0,0.0
199,1778775302.371751,decode,2519,692100,0.8971243024634947,771238,2519,3783.6823793202593,131887,9,2519,768719,771238,771238,0.9997057546356607,0,131887,249,256,0,0,0.0
202,1778775303.142492,decode,2527,690866,0.895524748368364,771427,2518,3783.6823793202593,131367,8,2527,768900,771427,771427,0.9999507430667626,8,131375,255,0,0,0,0.0
203,1778775303.6363297,decode,2518,686994,0.8905057261184889,771236,2518,3783.6823793202593,131384,9,2518,768718,771236,771236,0.9997031621654904,0,131384,261,268,0,0,0.0
206,1778775304.4302619,decode,2527,685944,0.8891446792790341,771421,2518,3783.6823793202593,130835,8,2527,768894,771421,771421,0.9999429656562514,8,130843,271,0,0,0,0.0
207,1778775304.9430454,decode,2518,682438,0.8846000790703402,771230,2518,3783.6823793202593,130852,9,2518,768712,771230,771230,0.9996953847549792,0,130852,277,285,0,0,0.0
210,1778775305.7721696,decode,2528,698198,0.9050287440130143,771366,2519,3783.6823793202593,130271,8,2528,768838,771366,771366,0.9998716727265657,8,130279,286,0,0,0,0.0
211,1778775306.231035,decode,2519,685562,0.8886495174764896,771176,2519,3783.6823793202593,130288,9,2519,768657,771176,771176,0.9996253880603786,0,130288,237,244,0,0,0.0
214,1778775307.0368755,decode,2527,684126,0.8867881238941494,771189,2519,3783.6823793202593,129758,9,2527,768662,771189,771189,0.9996422391164862,9,129767,276,0,0,0,0.0
215,1778775307.555937,decode,2519,689008,0.8931163435800716,771300,2519,3783.6823793202593,129775,8,2519,768781,771300,771300,0.9997861212109428,0,129775,283,291,0,0,0.0
218,1778775308.3371751,decode,2528,683750,0.8863007395021161,771336,2520,3783.6823793202593,129210,8,2528,768808,771336,771336,0.9998327856740098,8,129218,265,0,0,0,0.0
219,1778775308.8687894,decode,2520,687736,0.8914675325517035,771448,2520,3783.6823793202593,129226,8,2520,768928,771448,771448,0.9999779640035517,0,129226,285,292,0,0,0.0
222,1778775309.6450593,decode,2528,693748,0.8992604978838962,771264,2520,3783.6823793202593,128655,9,2528,768736,771264,771264,0.9997394567478758,9,128664,269,0,0,0,0.0
223,1778775310.1199887,decode,2520,692768,0.897990187500405,771376,2520,3783.6823793202593,128672,8,2520,768856,771376,771376,0.9998846350774176,0,128672,252,259,0,0,0.0
226,1778775310.874068,decode,2527,685022,0.8879495505304842,771195,2519,3783.6823793202593,128151,9,2527,768668,771195,771195,0.9996500165269974,9,128160,253,0,0,0,0.0
227,1778775311.3869872,decode,2519,693050,0.8983557257944301,771306,2519,3783.6823793202593,128168,8,2519,768787,771306,771306,0.999793898621454,0,128168,280,288,0,0,0.0
230,1778775312.1318626,decode,2527,686368,0.8896942829551567,771177,2519,3783.6823793202593,127619,9,2527,768650,771177,771177,0.9996266842954639,9,127628,252,0,0,0,0.0
231,1778775312.632268,decode,2519,696616,0.9029781001082356,771288,2519,3783.6823793202593,127636,8,2519,768769,771288,771288,0.9997705663899205,0,127636,276,283,0,0,0.0
234,1778775313.3620486,decode,2527,680954,0.8826764662039107,771443,2518,3783.6823793202593,127104,8,2527,768916,771443,771443,0.9999714828281258,8,127112,240,0,0,0,0.0
235,1778775313.8927553,decode,2518,695364,0.9013552137815715,771252,2518,3910.518269145347,127121,9,2518,768734,771252,771252,0.9997239019268535,0,127121,293,301,0,0,0.0
238,1778775314.6327078,decode,2527,694816,0.9006448769548845,771391,2518,3910.518269145347,126567,8,2527,768864,771391,771391,0.9999040786036956,8,126575,244,0,0,0,0.0
239,1778775315.1026459,decode,2518,696200,0.9024388663127945,771200,2518,3910.518269145347,126584,9,2518,768682,771200,771200,0.9996564977024233,0,126584,248,255,0,0,0.0
242,1778775315.831244,decode,2526,686750,0.8901894447577012,771326,2518,3910.518269145347,126079,8,2526,768800,771326,771326,0.9998198233231579,8,126087,241,0,0,0,0.0
243,1778775316.342422,decode,2518,685182,0.8881569481441154,771436,2518,3910.518269145347,126095,8,2518,768918,771436,771436,0.9999624091825293,0,126095,275,282,0,0,0.0
246,1778775317.1291213,decode,2527,683746,0.8862955545617753,771409,2518,3910.518269145347,125526,8,2527,768882,771409,771409,0.9999274108352291,8,125534,277,0,0,0,0.0
247,1778775317.6511524,decode,2518,684828,0.8876980809239564,771218,2518,3910.518269145347,125543,9,2518,768700,771218,771218,0.9996798299339569,0,125543,284,292,0,0,0.0
250,1778775318.4352589,decode,2528,697532,0.9041654514462742,771356,2519,3910.518269145347,124963,8,2528,768828,771356,771356,0.9998587103757137,8,124971,278,0,0,0,0.0
251,1778775318.8866444,decode,2519,680224,0.8817302145917184,771166,2519,3910.518269145347,124980,9,2519,768647,771166,771166,0.9996124257095267,0,124980,239,246,0,0,0.0
254,1778775319.6993763,decode,2528,682990,0.8853156008373678,771252,2520,3910.518269145347,124430,9,2528,768724,771252,771252,0.9997239019268535,9,124439,293,0,0,0,0.0
255,1778775320.2341728,decode,2520,685704,0.8888335828585873,771364,2520,3910.518269145347,124447,8,2520,768844,771364,771364,0.9998690802563953,0,124447,287,294,0,0,0.0
258,1778775321.0194259,decode,2529,685592,0.8886884045290454,771333,2521,3910.518269145347,123868,8,2529,768804,771333,771333,0.9998288969687542,8,123876,275,0,0,0,0.0
259,1778775321.5288308,decode,2521,692132,0.897165781986221,771446,2521,3910.518269145347,123884,8,2521,768925,771446,771446,0.9999753715333813,0,123884,279,286,0,0,0.0
262,1778775322.2878773,decode,2529,689058,0.8931811553343314,771461,2520,3910.518269145347,123334,8,2529,768932,771461,771461,0.9999948150596593,8,123342,255,0,0,0,0.0
263,1778775322.7868226,decode,2520,695766,0.9018763002858199,771272,2520,3910.518269145347,123351,9,2520,768752,771272,771272,0.9997498266285574,0,123351,267,274,0,0,0.0
266,1778775323.5285633,decode,2527,688430,0.8923671197008289,771193,2519,3910.518269145347,122825,9,2527,768666,771193,771193,0.9996474240568269,9,122834,243,0,0,0,0.0
267,1778775324.018771,decode,2519,697260,0.9038128755031012,771304,2519,3910.518269145347,122842,8,2519,768785,771304,771304,0.9997913061512836,0,122842,269,276,0,0,0.0
270,1778775324.7731304,decode,2526,684428,0.8871795868898783,771186,2518,3910.518269145347,122319,9,2526,768660,771186,771186,0.9996383504112306,9,122328,238,0,0,0,0.0
271,1778775325.2955403,decode,2518,681884,0.8838819648331422,771296,2518,3910.518269145347,122336,8,2518,768778,771296,771296,0.999780936270602,0,122336,282,290,0,0,0.0
274,1778775326.111462,decode,2528,690784,0.8954184570913781,771412,2519,3910.518269145347,121748,8,2528,768884,771412,771412,0.9999312995404847,8,121756,288,0,0,0,0.0
275,1778775326.5941005,decode,2519,688790,0.8928337643314992,771222,2519,3910.518269145347,121765,9,2519,768703,771222,771222,0.9996850148742976,0,121765,261,268,0,0,0.0
278,1778775327.3666608,decode,2528,690532,0.895091805849909,771418,2519,3910.518269145347,121222,8,2528,768890,771418,771418,0.9999390769509958,8,121230,265,0,0,0,0.0
279,1778775327.8478227,decode,2519,689798,0.8941403692973757,771228,2519,3910.518269145347,121239,9,2519,768709,771228,771228,0.9996927922848088,0,121239,262,269,0,0,0.0
282,1778775328.6218963,decode,2527,684866,0.8877473378571937,771225,2519,3910.518269145347,120698,9,2527,768698,771225,771225,0.9996889035795532,9,120707,262,0,0,0,0.0
283,1778775329.1328378,decode,2519,687556,0.8912342102363685,771336,2519,3910.518269145347,120715,8,2519,768817,771336,771336,0.9998327856740098,0,120715,281,288,0,0,0.0
286,1778775329.901249,decode,2528,689882,0.8942492530445322,771384,2519,3910.518269145347,120148,8,2528,768856,771384,771384,0.9998950049580992,8,120156,269,0,0,0,0.0
287,1778775330.388692,decode,2519,688178,0.8920404684593598,771194,2519,3910.518269145347,120165,9,2519,768675,771194,771194,0.9996487202919121,0,120165,264,271,0,0,0.0
290,1778775331.1761,decode,2528,687392,0.8910216276823965,771406,2519,3910.518269145347,119617,8,2528,768878,771406,771406,0.9999235221299735,8,119625,267,0,0,0,0.0
291,1778775331.6748998,decode,2519,687138,0.8906923839707569,771216,2519,3910.518269145347,119634,9,2519,768697,771216,771216,0.9996772374637865,0,119634,272,280,0,0,0.0
294,1778775332.4420059,decode,2528,691322,0.8961158315672131,771266,2520,3910.518269145347,119073,9,2528,768738,771266,771266,0.9997420492180462,9,119082,271,0,0,0,0.0
295,1778775332.9194865,decode,2520,692180,0.8972280012703104,771378,2520,3910.518269145347,119090,8,2520,768858,771378,771378,0.9998872275475881,0,119090,260,267,0,0,0.0
298,1778775333.6600602,decode,2527,686644,0.8900520438386705,771207,2519,3910.518269145347,118559,9,2527,768680,771207,771207,0.9996655713480197,9,118568,255,0,0,0,0.0
299,1778775334.1543472,decode,2519,687340,0.8909542234579664,771318,2519,3910.518269145347,118576,8,2519,768799,771318,771318,0.9998094534424763,0,118576,275,282,0,0,0.0
302,1778775334.9123192,decode,2527,695534,0.9015755737460546,771167,2519,3910.518269145347,118014,9,2527,768640,771167,771167,0.9996137219446118,9,118023,270,0,0,0,0.0
303,1778775335.3671885,decode,2519,686570,0.8899561224423661,771278,2519,3910.518269145347,118031,8,2519,768759,771278,771278,0.9997576040390685,0,118031,246,253,0,0,0.0
306,1778775336.1174176,decode,2527,697154,0.9036754745840706,771297,2519,3910.518269145347,117496,8,2527,768770,771297,771297,0.9997822325056872,8,117504,273,0,0,0,0.0
307,1778775336.557487,decode,2519,692236,0.8973005904350813,771408,2519,3910.518269145347,117512,8,2519,768889,771408,771408,0.9999261146001439,0,117512,241,247,0,0,0.0
310,1778775337.286062,decode,2526,685104,0.8880558418074702,771262,2518,3910.518269145347,117001,9,2526,768736,771262,771262,0.9997368642777054,9,117010,254,0,0,0,0.0
311,1778775337.7827804,decode,2518,686214,0.8894946627520367,771372,2518,3910.518269145347,117018,8,2518,768854,771372,771372,0.9998794501370769,0,117018,280,287,0,0,0.0
314,1778775338.5359516,decode,2527,690612,0.8951955046567246,771241,2519,3910.518269145347,116447,9,2527,768714,771241,771241,0.9997096433409163,9,116456,273,0,0,0,0.0
315,1778775339.0069325,decode,2519,688066,0.8918952901298179,771352,2519,4018.764703997829,116464,8,2519,768833,771352,771352,0.999853525435373,0,116464,262,269,0,0,0.0
318,1778775339.7461333,decode,2527,684556,0.8873455049807834,771293,2519,4018.764703997829,115918,8,2527,768766,771293,771293,0.9997770475653465,8,115926,268,0,0,0,0.0
319,1778775340.2427337,decode,2519,689998,0.8943996163144148,771404,2519,4018.764703997829,115934,8,2519,768885,771404,771404,0.9999209296598031,0,115934,282,289,0,0,0.0
322,1778775340.9725926,decode,2528,681618,0.8835371663004803,771426,2519,4018.764703997829,115374,8,2528,768898,771426,771426,0.9999494468316774,8,115382,261,0,0,0,0.0
323,1778775341.4873588,decode,2519,690114,0.8945499795842974,771236,2519,4018.764703997829,115391,9,2519,768717,771236,771236,0.9997031621654904,0,115391,291,299,0,0,0.0
326,1778775342.2063358,decode,2528,701484,0.9092881725029651,771242,2520,4018.764703997829,114821,9,2528,768714,771242,771242,0.9997109395760015,9,114830,261,0,0,0,0.0
327,1778775342.624414,decode,2520,694576,0.9003337805344377,771354,2520,4018.764703997829,114838,8,2520,768834,771354,771354,0.9998561179055433,0,114838,227,233,0,0,0.0
330,1778775343.327913,decode,2526,692142,0.897178744337073,771202,2518,4018.764703997829,114349,9,2526,768676,771202,771202,0.9996590901725937,9,114358,247,0,0,0,0.0
331,1778775343.7960699,decode,2518,682414,0.8845689694282955,771312,2518,4018.764703997829,114366,8,2518,768794,771312,771312,0.9998016760319651,0,114366,257,264,0,0,0.0
334,1778775344.5557058,decode,2527,685224,0.8882113900176936,771341,2519,4018.764703997829,113806,8,2527,768814,771341,771341,0.9998392668494358,8,113814,286,0,0,0,0.0
335,1778775345.0481567,decode,2519,695428,0.9014381728270239,771452,2519,4018.764703997829,113822,8,2519,768933,771452,771452,0.9999831489438925,0,113822,280,287,0,0,0.0
338,1778775345.7477937,decode,2527,683402,0.8858496496924683,771455,2518,4018.764703997829,113282,8,2527,768928,771455,771455,0.9999870376491481,8,113290,244,0,0,0,0.0
339,1778775346.2523186,decode,2518,683552,0.8860440849552474,771264,2518,4018.764703997829,113299,9,2518,768746,771264,771264,0.9997394567478758,0,113299,285,293,0,0,0.0
342,1778775347.0020008,decode,2528,685776,0.8889269117847213,771280,2520,4018.764703997829,112713,9,2528,768752,771280,771280,0.9997601965092389,9,112722,282,0,0,0,0.0
343,1778775347.5114875,decode,2520,693236,0.8985968255202763,771392,2520,4018.764703997829,112730,8,2520,768872,771392,771392,0.9999053748387807,0,112730,278,285,0,0,0.0
346,1778775348.2256176,decode,2528,693626,0.8991023572035024,771364,2519,4018.764703997829,112185,8,2528,768836,771364,771364,0.9998690802563953,8,112193,251,0,0,0,0.0
347,1778775348.6942046,decode,2519,688280,0.8921726844380496,771174,2519,4018.764703997829,112202,9,2519,768655,771174,771174,0.9996227955902083,0,112202,252,259,0,0,0.0
350,1778775349.4247723,decode,2527,684768,0.8876203068188446,771207,2519,4018.764703997829,111666,9,2527,768680,771207,771207,0.9996655713480197,9,111675,267,0,0,0,0.0
351,1778775349.9130251,decode,2519,691788,0.8967198771169139,771318,2519,4018.764703997829,111683,8,2519,768799,771318,771318,0.9998094534424763,0,111683,281,288,0,0,0.0
354,1778775350.6371944,decode,2528,694516,0.900256006429326,771416,2519,4018.764703997829,111130,8,2528,768888,771416,771416,0.9999364844808254,8,111138,255,0,0,0,0.0
355,1778775351.0880365,decode,2519,690256,0.8947340449663951,771226,2519,4018.764703997829,111147,9,2519,768707,771226,771226,0.9996901998146384,0,111147,249,256,0,0,0.0
358,1778775351.820007,decode,2527,689280,0.8934689195232447,771383,2518,4018.764703997829,110621,8,2527,768856,771383,771383,0.999893708723014,8,110629,261,0,0,0,0.0
359,1778775352.2920995,decode,2518,683544,0.886033715074566,771192,2518,4018.764703997829,110638,9,2518,768674,771192,771192,0.9996461278217418,0,110638,266,273,0,0,0.0
362,1778775353.0406547,decode,2527,687892,0.891669745224994,771271,2519,4018.764703997829,110072,9,2527,768744,771271,771271,0.9997485303934721,9,110081,282,0,0,0,0.0
363,1778775353.5173287,decode,2519,686700,0.8901246330034415,771382,2519,4018.764703997829,110089,8,2519,768863,771382,771382,0.9998924124879288,0,110089,271,278,0,0,0.0
366,1778775354.2468777,decode,2528,696682,0.9030636516238585,771428,2519,4018.764703997829,109529,8,2528,768900,771428,771428,0.9999520393018477,8,109537,272,0,0,0,0.0
367,1778775354.6789296,decode,2519,683312,0.8857329885348006,771238,2519,4018.764703997829,109546,9,2519,768719,771238,771238,0.9997057546356607,0,109546,242,249,0,0,0.0
370,1778775355.4225345,decode,2528,683976,0.8865936886313702,771340,2520,4018.764703997829,109004,8,2528,768812,771340,771340,0.9998379706143506,8,109012,283,0,0,0,0.0
371,1778775355.9137652,decode,2520,693586,0.8990505078000947,771452,2520,4018.764703997829,109020,8,2520,768932,771452,771452,0.9999831489438925,0,109020,284,291,0,0,0.0
374,1778775356.6070106,decode,2528,685934,0.889131716928182,771414,2519,4018.764703997829,108470,8,2528,768886,771414,771414,0.9999338920106551,8,108478,250,0,0,0,0.0
375,1778775357.089004,decode,2519,694946,0.9008133875159599,771224,2519,4018.764703997829,108487,9,2519,768705,771224,771224,0.999687607344468,0,108487,277,285,0,0,0.0
378,1778775357.7815034,decode,2527,677732,0.8784999967594123,771273,2519,4018.764703997829,107947,9,2527,768746,771273,771273,0.9997511228636425,9,107956,246,0,0,0,0.0
379,1778775358.320441,decode,2519,690466,0.895006254334286,771384,2519,4018.764703997829,107964,8,2519,768865,771384,771384,0.9998950049580992,0,107964,304,312,0,0,0.0
382,1778775359.0211086,decode,2528,693778,0.8992993849364521,771294,2520,4018.764703997829,107383,8,2528,768766,771294,771294,0.9997783438004316,8,107391,260,0,0,0,0.0
383,1778775359.4650571,decode,2520,689418,0.8936477999650017,771406,2520,4018.764703997829,107399,8,2520,768886,771406,771406,0.9999235221299735,0,107399,252,258,0,0,0.0
386,1778775360.1743114,decode,2528,698266,0.9051168879988075,771446,2519,4018.764703997829,106868,8,2528,768918,771446,771446,0.9999753715333813,8,106876,263,0,0,0,0.0
387,1778775360.603056,decode,2519,685100,0.8880506568671295,771256,2519,4018.764703997829,106885,9,2519,768737,771256,771256,0.9997290868671942,0,106885,237,243,0,0,0.0
390,1778775361.3290493,decode,2527,681820,0.8837990057876897,771327,2519,4018.764703997829,106355,8,2527,768800,771327,771327,0.999821119558243,8,106363,277,0,0,0,0.0
391,1778775361.8309631,decode,2519,679212,0.8804184246855009,771438,2519,4018.764703997829,106371,8,2519,768919,771438,771438,0.9999650016526997,0,106371,291,298,0,0,0.0
394,1778775362.5850697,decode,2529,688422,0.8923567498201473,771441,2520,4018.764703997829,105766,8,2529,768912,771441,771441,0.9999688903579553,8,105774,296,0,0,0,0.0
395,1778775363.0541046,decode,2520,689468,0.8937126117192614,771252,2520,4197.2928633885895,105783,9,2520,768732,771252,771252,0.9997239019268535,0,105783,269,276,0,0,0.0
398,1778775363.7622383,decode,2528,692436,0.8975598374521203,771196,2520,4197.2928633885895,105234,9,2528,768668,771196,771196,0.9996513127620825,9,105243,263,0,0,0,0.0
399,1778775364.215394,decode,2520,697034,0.9035199263738471,771308,2520,4197.2928633885895,105251,8,2520,768788,771308,771308,0.9997964910916244,0,105251,256,263,0,0,0.0
402,1778775364.8899493,decode,2527,682116,0.8841826913729074,771261,2519,4197.2928633885895,104740,9,2527,768734,771261,771261,0.9997355680426202,9,104749,239,0,0,0,0.0
403,1778775365.3850193,decode,2519,694432,0.9001471226821697,771372,2519,4197.2928633885895,104757,8,2519,768853,771372,771372,0.9998794501370769,0,104757,290,297,0,0,0.0
406,1778775366.0662732,decode,2527,695038,0.9009326411437978,771359,2518,4197.2928633885895,104204,8,2527,768832,771359,771359,0.9998625990809693,8,104212,247,0,0,0,0.0
407,1778775366.5115619,decode,2518,686900,0.8903838800204805,771168,2518,4197.2928633885895,104221,9,2518,768650,771168,771168,0.9996150181796971,0,104221,247,254,0,0,0.0
410,1778775367.2323873,decode,2527,683910,0.8865081371157473,771327,2519,4197.2928633885895,103686,8,2527,768800,771327,771327,0.999821119558243,8,103694,271,0,0,0,0.0
411,1778775367.7201579,decode,2519,688864,0.8929296857278036,771438,2519,4197.2928633885895,103702,8,2519,768919,771438,771438,0.9999650016526997,0,103702,284,291,0,0,0.0
414,1778775368.4254184,decode,2527,686254,0.8895465121554446,771191,2519,4197.2928633885895,103136,9,2527,768664,771191,771191,0.9996448315866565,9,103145,265,0,0,0,0.0
415,1778775368.9020586,decode,2519,693698,0.8991956861296365,771302,2519,4197.2928633885895,103153,8,2519,768783,771302,771302,0.9997887136811132,0,103153,276,284,0,0,0.0
418,1778775369.580005,decode,2527,690664,0.8952629088811547,771225,2519,4197.2928633885895,102610,9,2527,768698,771225,771225,0.9996889035795532,9,102619,250,0,0,0,0.0
419,1778775370.0358677,decode,2519,686102,0.8893494844224948,771336,2519,4197.2928633885895,102627,8,2519,768817,771336,771336,0.9998327856740098,0,102627,262,269,0,0,0.0
422,1778775370.7545955,decode,2528,680040,0.8814917073360424,771430,2519,4197.2928633885895,102074,8,2528,768902,771430,771430,0.9999546317720182,8,102082,274,0,0,0,0.0
423,1778775371.2558177,decode,2519,692844,0.8980887013668799,771240,2519,4197.2928633885895,102091,9,2519,768721,771240,771240,0.9997083471058311,0,102091,296,304,0,0,0.0
426,1778775371.9363623,decode,2528,696502,0.9028303293085234,771272,2520,4197.2928633885895,101525,9,2528,768744,771272,771272,0.9997498266285574,9,101534,252,0,0,0,0.0
427,1778775372.367066,decode,2520,697812,0.9045283972701289,771384,2520,4197.2928633885895,101542,8,2520,768864,771384,771384,0.9998950049580992,0,101542,243,249,0,0,0.0
430,1778775373.0253077,decode,2527,683720,0.8862618524495602,771439,2518,4197.2928633885895,101048,8,2527,768912,771439,771439,0.9999662978877849,8,101056,236,0,0,0,0.0
431,1778775373.5138383,decode,2518,687114,0.8906612743287122,771248,2518,4197.2928633885895,101065,9,2518,768730,771248,771248,0.9997187169865127,0,101065,284,292,0,0,0.0
434,1778775374.220794,decode,2527,690338,0.8948403362433811,771241,2519,4197.2928633885895,100492,9,2527,768714,771241,771241,0.9997096433409163,9,100501,271,0,0,0,0.0
435,1778775374.6759138,decode,2519,688020,0.8918356633158989,771352,2519,4197.2928633885895,100509,8,2519,768833,771352,771352,0.999853525435373,0,100509,263,270,0,0,0.0
438,1778775375.3757043,decode,2527,696182,0.902415534081261,771247,2519,4197.2928633885895,99961,9,2527,768720,771247,771247,0.9997174207514274,9,99970,268,0,0,0,0.0
439,1778775375.8203824,decode,2519,687526,0.8911953231838127,771358,2519,4197.2928633885895,99978,8,2519,768839,771358,771358,0.9998613028458841,0,99978,244,250,0,0,0.0
442,1778775376.5192664,decode,2527,683376,0.8858159475802532,771353,2519,4197.2928633885895,99449,8,2527,768826,771353,771353,0.9998548216704581,8,99457,269,0,0,0,0.0
443,1778775377.0027432,decode,2519,692560,0.8977205706026845,771464,2519,4197.2928633885895,99465,8,2519,768945,771464,771464,0.9999987037649148,0,99465,286,293,0,0,0.0
446,1778775377.6948204,decode,2527,694136,0.899763437096952,771287,2519,4197.2928633885895,98909,9,2527,768760,771287,771287,0.9997692701548353,9,98918,253,0,0,0,0.0
447,1778775378.1326985,decode,2519,681994,0.8840245506925136,771398,2519,4197.2928633885895,98926,8,2519,768879,771398,771398,0.9999131522492919,0,98926,251,257,0,0,0.0
450,1778775378.8503256,decode,2527,693696,0.8991930936594661,771221,2519,4197.2928633885895,98371,9,2527,768694,771221,771221,0.9996837186392125,9,98380,287,0,0,0,0.0
451,1778775379.2953575,decode,2519,689848,0.8942051810516355,771332,2519,4197.2928633885895,98388,8,2519,768813,771332,771332,0.999827600733669,0,98388,252,259,0,0,0.0
454,1778775379.982398,decode,2527,685726,0.8888621000304615,771275,2519,4197.2928633885895,97857,9,2527,768748,771275,771275,0.999753715333813,9,97866,262,0,0,0,0.0
455,1778775380.4587355,decode,2519,696242,0.9024933081863726,771386,2519,4197.2928633885895,97874,8,2519,768867,771386,771386,0.9998975974282696,0,97874,278,285,0,0,0.0
458,1778775381.1274133,decode,2527,684946,0.8878510366640093,771369,2518,4197.2928633885895,97339,8,2527,768842,771369,771369,0.9998755614318213,8,97347,241,0,0,0,0.0
459,1778775381.608267,decode,2518,685830,0.8889969084793218,771178,2518,4197.2928633885895,97356,9,2518,768660,771178,771178,0.999627980530549,0,97356,280,288,0,0,0.0
462,1778775382.3074732,decode,2528,689932,0.8943140647987919,771458,2519,4197.2928633885895,96783,8,2528,768930,771458,771458,0.9999909263544037,8,96791,275,0,0,0,0.0
463,1778775382.769926,decode,2519,690704,0.8953147582845625,771268,2519,4197.2928633885895,96800,9,2519,768749,771268,771268,0.9997446416882165,0,96800,264,271,0,0,0.0
466,1778775383.453559,decode,2527,682952,0.8852663439041305,771231,2519,4197.2928633885895,96260,9,2527,768704,771231,771231,0.9996966809900644,9,96269,259,0,0,0,0.0
467,1778775383.941852,decode,2519,689922,0.8943011024479399,771342,2519,4197.2928633885895,96277,8,2519,768823,771342,771342,0.999840563084521,0,96277,287,295,0,0,0.0
470,1778775384.620371,decode,2528,683394,0.8858392798117867,771350,2520,4197.2928633885895,95711,8,2528,768822,771350,771350,0.9998509329652026,8,95719,262,0,0,0,0.0
471,1778775385.1019304,decode,2520,691038,0.8957477008030177,771462,2520,4197.2928633885895,95727,8,2520,768942,771462,771462,0.9999961112947444,0,95727,286,293,0,0,0.0
474,1778775385.7756526,decode,2528,696528,0.9028640314207385,771266,2520,4197.2928633885895,95166,9,2528,768738,771266,771266,0.9997420492180462,9,95175,258,0,0,0,0.0
475,1778775386.1967652,decode,2520,688882,0.8929530179593371,771378,2520,4361.077940464768,95183,8,2520,768858,771378,771378,0.9998872275475881,0,95183,243,249,0,0,0.0
478,1778775386.8769584,decode,2527,691852,0.8968028361623664,771209,2519,4361.077940464768,94659,9,2527,768682,771209,771209,0.99966816381819,9,94668,265,0,0,0,0.0
479,1778775387.3198378,decode,2519,684350,0.8870784805532331,771320,2519,4361.077940464768,94676,8,2519,768801,771320,771320,0.9998120459126467,0,94676,258,265,0,0,0.0
482,1778775388.0302408,decode,2527,693354,0.8987497812603293,771177,2519,4361.077940464768,94121,9,2527,768650,771177,771177,0.9996266842954639,9,94130,280,0,0,0,0.0
483,1778775388.4627042,decode,2519,693302,0.8986823770358993,771288,2519,4361.077940464768,94138,8,2519,768769,771288,771288,0.9997705663899205,0,94138,253,260,0,0,0.0
486,1778775389.122843,decode,2527,681548,0.8834464298445166,771429,2518,4361.077940464768,93618,8,2527,768902,771429,771429,0.999953335536933,8,93626,251,0,0,0,0.0
487,1778775389.6122184,decode,2518,690056,0.8944747979493561,771238,2518,4361.077940464768,93635,9,2518,768720,771238,771238,0.9997057546356607,0,93635,291,299,0,0,0.0
490,1778775390.2897885,decode,2527,679506,0.8807995178005483,771183,2519,4361.077940464768,93065,9,2527,768656,771183,771183,0.999634461705975,9,93074,261,0,0,0,0.0
491,1778775390.7871065,decode,2519,694504,0.9002404516083037,771294,2519,4361.077940464768,93082,8,2519,768775,771294,771294,0.9997783438004316,0,93082,298,306,0,0,0.0
494,1778775391.4383576,decode,2528,691472,0.8963102668299923,771432,2519,4361.077940464768,92520,8,2528,768904,771432,771432,0.9999572242421886,8,92528,247,0,0,0,0.0
495,1778775391.8796363,decode,2519,691004,0.895703628810121,771242,2519,4361.077940464768,92537,9,2519,768723,771242,771242,0.9997109395760015,0,92537,259,266,0,0,0.0
498,1778775392.5428274,decode,2527,695590,0.9016481629108255,771231,2519,4361.077940464768,92003,9,2527,768704,771231,771231,0.9996966809900644,9,92012,258,0,0,0,0.0
499,1778775392.964236,decode,2519,689636,0.8939303792135742,771342,2519,4361.077940464768,92020,8,2519,768823,771342,771342,0.999840563084521,0,92020,246,252,0,0,0.0
502,1778775393.6383226,decode,2527,690814,0.895457344143934,771363,2518,4361.077940464768,91496,8,2527,768836,771363,771363,0.9998677840213102,8,91504,262,0,0,0,0.0
503,1778775394.0794723,decode,2518,689478,0.8937255740701133,771172,2518,4361.077940464768,91513,9,2518,768654,771172,771172,0.9996202031200379,0,91513,261,268,0,0,0.0
506,1778775394.75408,decode,2526,691854,0.8968054286325368,771204,2518,4361.077940464768,90972,9,2526,768678,771204,771204,0.9996616826427641,9,90981,263,0,0,0,0.0
507,1778775395.1927683,decode,2518,683308,0.8857278035944599,771314,2518,4361.077940464768,90989,8,2518,768796,771314,771314,0.9998042685021356,0,90989,258,265,0,0,0.0
510,1778775395.8897948,decode,2527,698456,0.9053631726649946,771335,2519,4361.077940464768,90431,8,2527,768808,771335,771335,0.9998314894389246,8,90439,283,0,0,0,0.0
511,1778775396.2960188,decode,2519,692646,0.8978320468200113,771446,2519,4361.077940464768,90447,8,2519,768927,771446,771446,0.9999753715333813,0,90447,237,243,0,0,0.0
514,1778775396.95487,decode,2526,692050,0.8970594907092351,771372,2517,4361.077940464768,89942,8,2526,768846,771372,771372,0.9998794501370769,8,89950,253,0,0,0,0.0
515,1778775397.3941903,decode,2517,680372,0.8819220573843273,771180,2517,4361.077940464768,89959,9,2517,768663,771180,771180,0.9996305730007194,0,89959,257,264,0,0,0.0
518,1778775398.109225,decode,2527,693592,0.8990582852106058,771399,2518,4361.077940464768,89392,8,2527,768872,771399,771399,0.9999144484843772,8,89400,292,0,0,0,0.0
519,1778775398.5396342,decode,2518,683204,0.8855929951455996,771208,2518,4361.077940464768,89409,9,2518,768690,771208,771208,0.9996668675831049,0,89409,252,259,0,0,0.0
522,1778775399.2420971,decode,2527,688102,0.891941954592885,771231,2519,4361.077940464768,88856,9,2527,768704,771231,771231,0.9996966809900644,9,88865,283,0,0,0,0.0
523,1778775399.7034237,decode,2519,681332,0.8831664430661145,771342,2519,4361.077940464768,88873,8,2519,768823,771342,771342,0.999840563084521,0,88873,270,277,0,0,0.0
526,1778775400.4085617,decode,2529,690902,0.8955714128314312,771461,2520,4361.077940464768,88296,8,2529,768932,771461,771461,0.9999948150596593,8,88304,289,0,0,0,0.0
527,1778775400.8464823,decode,2520,694162,0.8997971392091669,771272,2520,4361.077940464768,88313,9,2520,768752,771272,771272,0.9997498266285574,0,88313,261,268,0,0,0.0
530,1778775401.4864535,decode,2528,692400,0.8975131729890533,771390,2519,4361.077940464768,87788,8,2528,768862,771390,771390,0.9999027823686104,8,87796,248,0,0,0,0.0
531,1778775401.9182925,decode,2519,699214,0.9063457188595724,771200,2519,4361.077940464768,87805,9,2519,768681,771200,771200,0.9996564977024233,0,87805,256,263,0,0,0.0
534,1778775402.5402343,decode,2526,676574,0.8769989565307564,771340,2518,4361.077940464768,87302,8,2526,768814,771340,771340,0.9998379706143506,8,87310,232,0,0,0,0.0
535,1778775403.044892,decode,2518,682114,0.884180098902737,771450,2518,4361.077940464768,87318,8,2518,768932,771450,771450,0.9999805564737221,0,87318,308,316,0,0,0.0
538,1778775403.7413263,decode,2528,696250,0.9025036780670542,771342,2520,4361.077940464768,86705,8,2528,768814,771342,771342,0.999840563084521,8,86713,287,0,0,0,0.0
539,1778775404.1597073,decode,2520,688204,0.8920741705715749,771454,2520,4361.077940464768,86721,8,2520,768934,771454,771454,0.9999857414140628,0,86721,244,250,0,0,0.0
542,1778775404.832373,decode,2528,683154,0.8855281833913399,771432,2519,4361.077940464768,86194,8,2528,768904,771432,771432,0.9999572242421886,8,86202,267,0,0,0,0.0
543,1778775405.3092315,decode,2519,688024,0.8918408482562398,771242,2519,4361.077940464768,86211,9,2519,768723,771242,771242,0.9997109395760015,0,86211,286,294,0,0,0.0
546,1778775405.9840646,decode,2528,688824,0.8928778363243958,771252,2520,4361.077940464768,85639,9,2528,768724,771252,771252,0.9997239019268535,9,85648,268,0,0,0,0.0
547,1778775406.4304335,decode,2520,700392,0.9078726837899321,771364,2520,4361.077940464768,85656,8,2520,768844,771364,771364,0.9998690802563953,0,85656,268,275,0,0,0.0
550,1778775407.0359244,decode,2527,697816,0.9045335822104696,771319,2519,4361.077940464768,85145,8,2527,768792,771319,771319,0.9998107496775616,8,85153,228,0,0,0,0.0
551,1778775407.4457638,decode,2519,680884,0.8825857297479471,771430,2519,4361.077940464768,85161,8,2519,768911,771430,771430,0.9999546317720182,0,85161,239,245,0,0,0.0
554,1778775408.153755,decode,2527,674932,0.8748705385208662,771311,2519,4361.077940464768,84615,8,2527,768784,771311,771311,0.99980037979688,8,84623,291,0,0,0,0.0
555,1778775408.6687975,decode,2519,691918,0.8968883876779893,771422,2519,4490.91562501904,84631,8,2519,768903,771422,771422,0.9999442618913366,0,84631,313,321,0,0,0.0
558,1778775409.3112555,decode,2528,698634,0.9055939025101593,771246,2520,4490.91562501904,84045,9,2528,768718,771246,771246,0.9997161245163423,9,84054,255,0,0,0,0.0
559,1778775409.7157302,decode,2520,688006,0.8918175160247063,771358,2520,4490.91562501904,84062,8,2520,768838,771358,771358,0.9998613028458841,0,84062,236,242,0,0,0.0
562,1778775410.3925343,decode,2527,692130,0.8971631895160507,771233,2519,4490.91562501904,83542,9,2527,768706,771233,771233,0.9996992734602348,9,83551,268,0,0,0,0.0
563,1778775410.8227065,decode,2519,693568,0.8990271755685612,771344,2519,4490.91562501904,83559,8,2519,768825,771344,771344,0.9998431555546914,0,83559,257,264,0,0,0.0
566,1778775411.458485,decode,2527,684694,0.8875243854225402,771395,2518,4490.91562501904,83036,8,2527,768868,771395,771395,0.9999092635440363,8,83044,250,0,0,0,0.0
567,1778775411.9214404,decode,2518,690178,0.8946329386297499,771204,2518,4490.91562501904,83053,9,2518,768686,771204,771204,0.9996616826427641,0,83053,281,289,0,0,0.0
570,1778775412.5827408,decode,2527,681102,0.8828683089965196,771305,2519,4490.91562501904,82494,8,2527,768778,771305,771305,0.9997926023863688,8,82502,261,0,0,0,0.0
571,1778775413.0725658,decode,2519,689044,0.8931630080431388,771416,2519,4490.91562501904,82510,8,2519,768897,771416,771416,0.9999364844808254,0,82510,293,301,0,0,0.0
574,1778775413.7354999,decode,2528,693832,0.8993693816310526,771372,2519,4490.91562501904,81935,8,2528,768844,771372,771372,0.9998794501370769,8,81943,265,0,0,0,0.0
575,1778775414.1627367,decode,2519,689436,0.8936711321965352,771182,2519,4490.91562501904,81952,9,2519,768663,771182,771182,0.9996331654708898,0,81952,251,258,0,0,0.0
578,1778775414.8338544,decode,2528,699814,0.9071234599106894,771464,2519,4490.91562501904,81421,8,2528,768936,771464,771464,0.9999987037649148,8,81429,263,0,0,0,0.0
579,1778775415.2343142,decode,2519,692824,0.898062776665176,771274,2519,4490.91562501904,81438,9,2519,768755,771274,771274,0.9997524190987277,0,81438,232,238,0,0,0.0
582,1778775415.8830545,decode,2526,685446,0.8884991542066069,771250,2518,4490.91562501904,80938,9,2526,768724,771250,771250,0.999721309456683,9,80947,252,0,0,0,0.0
583,1778775416.3477623,decode,2518,684776,0.8876306766995262,771360,2518,4490.91562501904,80955,8,2518,768842,771360,771360,0.9998638953160546,0,80955,279,286,0,0,0.0
586,1778775417.0275214,decode,2527,687280,0.8908764493528546,771303,2519,4490.91562501904,80381,8,2527,768776,771303,771303,0.9997900099161984,8,80389,278,0,0,0,0.0
587,1778775417.477068,decode,2519,683052,0.8853959674126499,771414,2519,4490.91562501904,80397,8,2519,768895,771414,771414,0.9999338920106551,0,80397,273,280,0,0,0.0
590,1778775418.1620839,decode,2528,696356,0.9026410789860849,771380,2519,4490.91562501904,79823,8,2528,768852,771380,771380,0.9998898200177584,8,79831,284,0,0,0,0.0
591,1778775418.5786076,decode,2519,693250,0.8986149728114691,771190,2519,4490.91562501904,79840,9,2519,768671,771190,771190,0.9996435353515714,0,79840,243,250,0,0,0.0
594,1778775419.2427979,decode,2527,687354,0.890972370749159,771377,2518,4490.91562501904,79330,8,2527,768850,771377,771377,0.9998859313125028,8,79338,251,0,0,0,0.0
595,1778775419.696823,decode,2518,691962,0.8969454220217379,771186,2518,4490.91562501904,79347,9,2518,768668,771186,771186,0.9996383504112306,0,79347,272,280,0,0,0.0
598,1778775420.3393664,decode,2527,686130,0.8893857790048804,771289,2519,4490.91562501904,78802,9,2527,768762,771289,771289,0.9997718626250057,9,78811,255,0,0,0,0.0
599,1778775420.8020358,decode,2519,681188,0.8829797852138463,771400,2519,4490.91562501904,78819,8,2519,768881,771400,771400,0.9999157447194623,0,78819,277,284,0,0,0.0
602,1778775421.496946,decode,2528,688248,0.8921312049153235,771316,2520,4490.91562501904,78235,8,2528,768788,771316,771316,0.999806860972306,8,78243,290,0,0,0,0.0
603,1778775421.9467793,decode,2520,688072,0.8919030675403291,771428,2520,4490.91562501904,78251,8,2520,768908,771428,771428,0.9999520393018477,0,78251,270,277,0,0,0.0
606,1778775422.6078997,decode,2528,690700,0.8953095733442217,771300,2520,4490.91562501904,77697,8,2528,768772,771300,771300,0.9997861212109428,8,77705,268,0,0,0,0.0
607,1778775423.0448697,decode,2520,692146,0.8971839292774137,771412,2520,4490.91562501904,77713,8,2520,768892,771412,771412,0.9999312995404847,0,77713,262,269,0,0,0.0
610,1778775423.6908453,decode,2527,692464,0.8975961320345057,771173,2519,4490.91562501904,77180,9,2527,768646,771173,771173,0.999621499355123,9,77189,255,0,0,0,0.0
611,1778775424.1228216,decode,2519,683650,0.8861711159935965,771284,2519,4490.91562501904,77197,8,2519,768765,771284,771284,0.9997653814495797,0,77197,256,263,0,0,0.0
614,1778775424.8074756,decode,2528,690504,0.8950555112675235,771378,2519,4490.91562501904,76642,8,2528,768850,771378,771378,0.9998872275475881,8,76650,282,0,0,0,0.0
615,1778775425.2504718,decode,2519,686056,0.8892898576085759,771188,2519,4490.91562501904,76659,9,2519,768669,771188,771188,0.9996409428814009,0,76659,262,269,0,0,0.0
618,1778775425.9172547,decode,2528,691070,0.8957891803257438,771384,2519,4490.91562501904,76106,8,2528,768856,771384,771384,0.9998950049580992,8,76114,274,0,0,0,0.0
619,1778775426.3455002,decode,2519,697538,0.9041732288567854,771194,2519,4490.91562501904,76123,9,2519,768675,771194,771194,0.9996487202919121,0,76123,260,267,0,0,0.0
622,1778775426.9614308,decode,2527,688714,0.8927352504650243,771465,2518,4490.91562501904,75610,8,2527,768938,771465,771465,1.0,8,75618,237,0,0,0,0.0
623,1778775427.4216642,decode,2518,686326,0.8896398410815786,771274,2518,4490.91562501904,75627,9,2518,768756,771274,771274,0.9997524190987277,0,75627,268,275,0,0,0.0
626,1778775428.0842323,decode,2527,695688,0.9017751939491746,771353,2519,4490.91562501904,75069,8,2527,768826,771353,771353,0.9998548216704581,8,75077,273,0,0,0,0.0
627,1778775428.4989989,decode,2519,682336,0.8844678630916503,771464,2519,4490.91562501904,75085,8,2519,768945,771464,771464,0.9999987037649148,0,75085,246,252,0,0,0.0
630,1778775429.1842084,decode,2527,695864,0.902003331324169,771263,2519,4490.91562501904,74536,9,2527,768736,771263,771263,0.9997381605127906,9,74545,286,0,0,0,0.0
631,1778775429.596786,decode,2519,684414,0.8871614395986857,771374,2519,4490.91562501904,74553,8,2519,768855,771374,771374,0.9998820426072472,0,74553,245,252,0,0,0.0
634,1778775430.266694,decode,2527,681734,0.8836875295703629,771241,2519,4490.91562501904,74011,9,2527,768714,771241,771241,0.9997096433409163,9,74020,280,0,0,0,0.0
635,1778775430.7426174,decode,2519,692712,0.8979175983356341,771352,2519,4572.2076778550545,74028,8,2519,768833,771352,771352,0.999853525435373,0,74028,291,299,0,0,0.0
638,1778775431.3788354,decode,2528,689922,0.8943011024479399,771440,2519,4572.2076778550545,73467,8,2528,768912,771440,771440,0.9999675941228702,8,73475,253,0,0,0,0.0
639,1778775431.8181741,decode,2519,692512,0.8976583513185952,771250,2519,4572.2076778550545,73484,9,2519,768731,771250,771250,0.999721309456683,0,73484,264,271,0,0,0.0
642,1778775432.4524739,decode,2527,687260,0.8908505246511508,771239,2519,4572.2076778550545,72950,9,2527,768712,771239,771239,0.999707050870746,9,72959,253,0,0,0,0.0
643,1778775432.8995037,decode,2519,690110,0.8945447946439566,771350,2519,4572.2076778550545,72967,8,2519,768831,771350,771350,0.9998509329652026,0,72967,273,280,0,0,0.0
646,1778775433.5483615,decode,2527,687882,0.8916567828741421,771237,2519,4572.2076778550545,72416,9,2527,768710,771237,771237,0.9997044584005755,9,72425,261,0,0,0,0.0
647,1778775433.9989586,decode,2519,685186,0.8881621330844562,771348,2519,4572.2076778550545,72433,8,2519,768829,771348,771348,0.9998483404950321,0,72433,271,278,0,0,0.0
650,1778775434.7006965,decode,2528,694872,0.9007174661196554,771414,2519,4572.2076778550545,71868,8,2528,768886,771414,771414,0.9999338920106551,8,71876,277,0,0,0,0.0
651,1778775435.1464522,decode,2519,685252,0.8882476846000791,771224,2519,4572.2076778550545,71885,9,2519,768705,771224,771224,0.999687607344468,0,71885,248,255,0,0,0.0
654,1778775435.8691425,decode,2527,693658,0.8991438367262287,771179,2519,4572.2076778550545,71343,9,2527,768652,771179,771179,0.9996292767656342,9,71352,277,0,0,0,0.0
655,1778775436.3188117,decode,2519,695396,0.9013966933042976,771290,2519,4572.2076778550545,71360,8,2519,768771,771290,771290,0.9997731588600909,0,71360,252,259,0,0,0.0
658,1778775437.0207129,decode,2527,684332,0.8870551483216996,771423,2518,4572.2076778550545,70848,8,2527,768896,771423,771423,0.9999455581264218,8,70856,244,0,0,0,0.0
659,1778775437.5548308,decode,2518,686794,0.8902464791014498,771232,2518,4572.2076778550545,70865,9,2518,768714,771232,771232,0.9996979772251495,0,70865,282,290,0,0,0.0
662,1778775438.2893488,decode,2527,684742,0.8875866047066296,771221,2519,4572.2076778550545,70293,9,2527,768694,771221,771221,0.9996837186392125,9,70302,272,0,0,0,0.0
663,1778775438.7871726,decode,2519,689628,0.8939200093328926,771332,2519,4572.2076778550545,70310,8,2519,768813,771332,771332,0.999827600733669,0,70310,281,289,0,0,0.0
666,1778775439.5295014,decode,2528,684854,0.8877317830361714,771356,2519,4572.2076778550545,69749,8,2528,768828,771356,771356,0.9998587103757137,8,69757,263,0,0,0,0.0
667,1778775440.149449,decode,2519,689506,0.8937618686524988,771166,2519,4572.2076778550545,69766,9,2519,768647,771166,771166,0.9996124257095267,0,69766,280,288,0,0,0.0
670,1778775440.9183605,decode,2528,689414,0.8936426150246609,771234,2520,4572.2076778550545,69205,9,2528,768706,771234,771234,0.99970056969532,9,69214,263,0,0,0,0.0
671,1778775441.3789268,decode,2520,694850,0.9006889489477812,771346,2520,4572.2076778550545,69222,8,2520,768826,771346,771346,0.9998457480248618,0,69222,266,273,0,0,0.0
674,1778775442.0455506,decode,2527,692730,0.8979409305671676,771177,2519,4572.2076778550545,68694,9,2527,768650,771177,771177,0.9996266842954639,9,68703,246,0,0,0,0.0
675,1778775442.492964,decode,2519,687686,0.8914027207974439,771288,2519,4572.2076778550545,68711,8,2519,768769,771288,771288,0.9997705663899205,0,68711,255,262,0,0,0.0
678,1778775443.2052736,decode,2527,697090,0.9035925155386181,771213,2519,4572.2076778550545,68170,9,2527,768686,771213,771213,0.9996733487585309,9,68179,269,0,0,0,0.0
679,1778775443.6336496,decode,2519,692842,0.8980861088967095,771324,2519,4572.2076778550545,68187,8,2519,768805,771324,771324,0.9998172308529875,0,68187,241,247,0,0,0.0
682,1778775444.2846618,decode,2526,690650,0.8952447615899619,771268,2518,4572.2076778550545,67678,9,2526,768742,771268,771268,0.9997446416882165,9,67687,252,0,0,0,0.0
683,1778775444.727382,decode,2518,695840,0.9019722216821243,771378,2518,4572.2076778550545,67695,8,2518,768860,771378,771378,0.9998872275475881,0,67695,262,269,0,0,0.0
686,1778775445.3698788,decode,2525,685102,0.8880532493372998,771265,2517,4572.2076778550545,67174,9,2525,768740,771265,771265,0.999740752982961,9,67183,243,0,0,0,0.0
687,1778775445.847832,decode,2517,681514,0.88340235785162,771374,2517,4572.2076778550545,67191,8,2517,768857,771374,771374,0.9998820426072472,0,67191,280,287,0,0,0.0
690,1778775446.6008344,decode,2527,696264,0.902521825358247,771341,2519,4572.2076778550545,66605,8,2527,768814,771341,771341,0.9998392668494358,8,66613,288,0,0,0,0.0
691,1778775447.0538964,decode,2519,680108,0.8815798513218357,771452,2519,4572.2076778550545,66621,8,2519,768933,771452,771452,0.9999831489438925,0,66621,244,250,0,0,0.0
694,1778775447.7649598,decode,2528,686854,0.8903242532065615,771436,2519,4572.2076778550545,66067,8,2528,768908,771436,771436,0.9999624091825293,8,66075,293,0,0,0,0.0
695,1778775448.2301106,decode,2519,690196,0.8946562708612834,771246,2519,4572.2076778550545,66084,9,2519,768727,771246,771246,0.9997161245163423,0,66084,274,282,0,0,0.0
698,1778775448.9061203,decode,2528,679978,0.8814113407607603,771324,2520,4572.2076778550545,65532,8,2528,768796,771324,771324,0.9998172308529875,8,65540,261,0,0,0,0.0
699,1778775449.4084854,decode,2520,688144,0.8919963964664631,771436,2520,4572.2076778550545,65548,8,2520,768916,771436,771436,0.9999624091825293,0,65548,297,304,0,0,0.0
702,1778775450.075295,decode,2529,695766,0.9018763002858199,771373,2520,4572.2076778550545,64967,8,2529,768844,771373,771373,0.9998807463721621,8,64975,267,0,0,0,0.0
703,1778775450.498848,decode,2520,693066,0.8983764655557932,771184,2520,4572.2076778550545,64984,9,2520,768664,771184,771184,0.9996357579410602,0,64984,245,252,0,0,0.0
706,1778775451.181217,decode,2527,686284,0.8895853992080004,771193,2519,4572.2076778550545,64471,9,2527,768666,771193,771193,0.9996474240568269,9,64480,252,0,0,0,0.0
707,1778775451.6475775,decode,2519,691006,0.8957062212802914,771304,2519,4572.2076778550545,64488,8,2519,768785,771304,771304,0.9997913061512836,0,64488,276,283,0,0,0.0
710,1778775452.3153067,decode,2527,692488,0.8976272416765505,771233,2519,4572.2076778550545,63937,9,2527,768706,771233,771233,0.9996992734602348,9,63946,258,0,0,0,0.0
711,1778775452.7511263,decode,2519,693662,0.8991490216665694,771344,2519,4572.2076778550545,63954,8,2519,768825,771344,771344,0.9998431555546914,0,63954,256,263,0,0,0.0
714,1778775453.3858192,decode,2526,692076,0.8970931928214501,771188,2518,4572.2076778550545,63432,9,2526,768662,771188,771188,0.9996409428814009,9,63441,250,0,0,0,0.0
715,1778775453.8250914,decode,2518,675276,0.8753164433901732,771298,2518,4372.23956635371,63449,8,2518,768780,771298,771298,0.9997835287407725,0,63449,257,264,0,0,0.0
718,1778775454.538495,decode,2528,687128,0.890679421619905,771404,2519,4372.23956635371,62865,8,2528,768876,771404,771404,0.9999209296598031,8,62873,309,0,0,0,0.0
719,1778775454.9863493,decode,2519,690230,0.89470034285418,771214,2519,4372.23956635371,62882,9,2519,768695,771214,771214,0.999674644993616,0,62882,273,281,0,0,0.0
722,1778775455.6333287,decode,2528,690790,0.8954262345018893,771358,2519,4372.23956635371,62331,8,2528,768830,771358,771358,0.9998613028458841,8,62339,261,0,0,0,0.0
723,1778775456.0733433,decode,2519,685420,0.8884654520943919,771168,2519,4372.23956635371,62348,9,2519,768649,771168,771168,0.9996150181796971,0,62348,261,268,0,0,0.0
726,1778775456.7537932,decode,2528,686154,0.889416888646925,771348,2520,4372.23956635371,61794,8,2528,768820,771348,771348,0.9998483404950321,8,61802,276,0,0,0,0.0
727,1778775457.210399,decode,2520,690802,0.8954417893229116,771460,2520,4372.23956635371,61810,8,2520,768940,771460,771460,0.999993518824574,0,61810,277,284,0,0,0.0
730,1778775457.8492458,decode,2528,691708,0.8966161783100983,771330,2520,4372.23956635371,61258,8,2528,768802,771330,771330,0.9998250082634986,8,61266,259,0,0,0,0.0
731,1778775458.2755349,decode,2520,692812,0.8980472218441536,771442,2520,4372.23956635371,61274,8,2520,768922,771442,771442,0.9999701865930405,0,61274,259,265,0,0,0.0
734,1778775458.9048498,decode,2527,682014,0.8840504753942175,771239,2519,4372.23956635371,60747,9,2527,768712,771239,771239,0.999707050870746,9,60756,252,0,0,0,0.0
735,1778775459.3797972,decode,2519,690656,0.8952525390004731,771350,2519,4372.23956635371,60764,8,2519,768831,771350,771350,0.9998509329652026,0,60764,290,298,0,0,0.0
738,1778775460.0086124,decode,2527,694004,0.8995923340657062,771183,2519,4372.23956635371,60197,9,2527,768656,771183,771183,0.999634461705975,9,60206,260,0,0,0,0.0
739,1778775460.4204092,decode,2519,692434,0.8975572449819499,771294,2519,4372.23956635371,60214,8,2519,768775,771294,771294,0.9997783438004316,0,60214,251,258,0,0,0.0
742,1778775461.0489144,decode,2527,684382,0.8871199600759594,771461,2518,4372.23956635371,59693,8,2527,768934,771461,771461,0.9999948150596593,8,59701,254,0,0,0,0.0
743,1778775461.5154853,decode,2518,683288,0.885701878892756,771270,2518,4372.23956635371,59710,9,2518,768752,771270,771270,0.999747234158387,0,59710,282,290,0,0,0.0
746,1778775462.201363,decode,2528,681472,0.8833479159780417,771316,2520,4372.23956635371,59127,8,2528,768788,771316,771316,0.999806860972306,8,59135,283,0,0,0,0.0
747,1778775462.6915529,decode,2520,689714,0.8940314855502194,771428,2520,4372.23956635371,59143,8,2520,768908,771428,771428,0.9999520393018477,0,59143,292,299,0,0,0.0
750,1778775463.3348927,decode,2529,697676,0.9043521092985424,771443,2520,4372.23956635371,58572,8,2529,768914,771443,771443,0.9999714828281258,8,58580,262,0,0,0,0.0
751,1778775463.737476,decode,2520,690394,0.894912925408152,771254,2520,4372.23956635371,58589,9,2520,768734,771254,771254,0.9997264943970239,0,58589,239,245,0,0,0.0
754,1778775464.3701904,decode,2527,685100,0.8880506568671295,771221,2519,4372.23956635371,58074,9,2527,768694,771221,771221,0.9996837186392125,9,58083,260,0,0,0,0.0
755,1778775464.8518791,decode,2519,690050,0.894467020538845,771332,2519,4372.23956635371,58091,8,2519,768813,771332,771332,0.999827600733669,0,58091,280,287,0,0,0.0
758,1778775465.5300531,decode,2527,693386,0.8987912607830556,771177,2519,4372.23956635371,57533,9,2527,768650,771177,771177,0.9996266842954639,9,57542,261,0,0,0,0.0
759,1778775465.950869,decode,2519,686824,0.8902853661540057,771288,2519,4372.23956635371,57550,8,2519,768769,771288,771288,0.9997705663899205,0,57550,253,260,0,0,0.0
762,1778775466.6021774,decode,2527,685452,0.8885069316171181,771251,2519,4372.23956635371,57008,9,2527,768724,771251,771251,0.9997226056917683,9,57017,272,0,0,0,0.0
763,1778775467.0541377,decode,2519,687632,0.8913327241028433,771362,2519,4372.23956635371,57025,8,2519,768843,771362,771362,0.9998664877862249,0,57025,279,286,0,0,0.0
766,1778775467.7004306,decode,2528,681298,0.8831223710732179,771460,2519,4372.23956635371,56460,8,2528,768932,771460,771460,0.999993518824574,8,56468,269,0,0,0,0.0
767,1778775468.1783428,decode,2519,698500,0.9054202070087431,771270,2519,4372.23956635371,56477,9,2519,768751,771270,771270,0.999747234158387,0,56477,292,300,0,0,0.0
770,1778775468.7775471,decode,2527,690980,0.8956725191680763,771227,2519,4372.23956635371,55934,9,2527,768700,771227,771227,0.9996914960497236,9,55943,234,0,0,0,0.0
771,1778775469.2202985,decode,2519,678696,0.8797495673815403,771338,2519,4372.23956635371,55951,8,2519,768819,771338,771338,0.9998353781441802,0,55951,261,268,0,0,0.0
774,1778775469.9126937,decode,2528,688196,0.8920638006908933,771224,2520,4372.23956635371,55374,9,2528,768696,771224,771224,0.999687607344468,9,55383,298,0,0,0,0.0
775,1778775470.3539834,decode,2520,693848,0.8993901213924157,771336,2520,4372.23956635371,55391,8,2520,768816,771336,771336,0.9998327856740098,0,55391,270,277,0,0,0.0
778,1778775470.9668515,decode,2528,693562,0.89901939815805,771376,2519,4372.23956635371,54856,8,2528,768848,771376,771376,0.9998846350774176,8,54864,249,0,0,0,0.0
779,1778775472.2088873,decode,2519,694792,0.9006137673128398,771186,2519,4372.23956635371,54873,9,2519,768667,771186,771186,0.9996383504112306,0,54873,252,259,0,0,0.0
782,1778775472.8005567,decode,2527,685290,0.8882969415333165,771419,2518,4372.23956635371,54359,8,2527,768892,771419,771419,0.999940373186081,8,54367,246,0,0,0,0.0
783,1778775473.2494123,decode,2518,691786,0.8967172846467435,771228,2518,4372.23956635371,54376,9,2518,768710,771228,771228,0.9996927922848088,0,54376,279,287,0,0,0.0
786,1778775473.8827665,decode,2527,687160,0.8907209011426312,771413,2518,4372.23956635371,53824,8,2527,768886,771413,771413,0.9999325957755698,8,53832,256,0,0,0,0.0
787,1778775474.3342972,decode,2518,679476,0.8807606307479925,771222,2518,4372.23956635371,53841,9,2518,768704,771222,771222,0.9996850148742976,0,53841,273,281,0,0,0.0
790,1778775475.015653,decode,2528,689882,0.8942492530445322,771404,2519,4372.23956635371,53254,8,2528,768876,771404,771404,0.9999209296598031,8,53262,296,0,0,0,0.0
791,1778775475.4504578,decode,2519,688734,0.8927611751667283,771214,2519,4372.23956635371,53271,9,2519,768695,771214,771214,0.999674644993616,0,53271,264,271,0,0,0.0
794,1778775476.0717995,decode,2528,696028,0.9022159138781409,771362,2519,4372.23956635371,52725,8,2528,768834,771362,771362,0.9998664877862249,8,52733,265,0,0,0,0.0
795,1778775476.4628284,decode,2519,691018,0.8957217761013138,771172,2519,4458.656026839359,52742,9,2519,768653,771172,771172,0.9996202031200379,0,52742,244,251,0,0,0.0
798,1778775477.0853164,decode,2527,685768,0.8889165419040397,771245,2519,4458.656026839359,52223,9,2527,768718,771245,771245,0.9997148282812571,9,52232,258,0,0,0,0.0
799,1778775477.539448,decode,2519,689206,0.8933729981269403,771356,2519,4458.656026839359,52240,8,2519,768837,771356,771356,0.9998587103757137,0,52240,278,285,0,0,0.0
802,1778775478.1768477,decode,2527,690946,0.8956284471751796,771233,2519,4458.656026839359,51681,9,2527,768706,771233,771233,0.9996992734602348,9,51690,264,0,0,0,0.0
803,1778775478.6134224,decode,2519,684948,0.8878536291341798,771344,2519,4458.656026839359,51698,8,2519,768825,771344,771344,0.9998431555546914,0,51698,261,268,0,0,0.0
806,1778775479.270842,decode,2527,678564,0.8795784643502945,771175,2519,4458.656026839359,51142,9,2527,768648,771175,771175,0.9996240918252934,9,51151,278,0,0,0,0.0
807,1778775479.7684298,decode,2519,688598,0.8925848871951417,771286,2519,4458.656026839359,51159,8,2519,768767,771286,771286,0.99976797391975,0,51159,301,309,0,0,0.0
810,1778775480.414119,decode,2528,694644,0.900421924520231,771226,2520,4458.656026839359,50574,9,2528,768698,771226,771226,0.9996901998146384,9,50583,266,0,0,0,0.0
811,1778775480.8332572,decode,2520,688682,0.8926937709422981,771338,2520,4458.656026839359,50591,8,2520,768818,771338,771338,0.9998353781441802,0,50591,249,256,0,0,0.0
814,1778775481.4713538,decode,2528,694430,0.9001445302119992,771310,2520,4458.656026839359,50060,8,2528,768782,771310,771310,0.9997990835617948,8,50068,266,0,0,0,0.0
815,1778775481.8810148,decode,2520,692284,0.8973628097191707,771422,2520,4458.656026839359,50076,8,2520,768902,771422,771422,0.9999442618913366,0,50076,250,256,0,0,0.0
818,1778775482.4774027,decode,2527,680846,0.8825364728147097,771311,2519,4458.656026839359,49557,8,2527,768784,771311,771311,0.99980037979688,8,49565,254,0,0,0,0.0
819,1778775482.9384835,decode,2519,681328,0.8831612581257737,771422,2519,4458.656026839359,49573,8,2519,768903,771422,771422,0.9999442618913366,0,49573,294,302,0,0,0.0
822,1778775483.5915082,decode,2529,697050,0.9035406661352103,771457,2520,4458.656026839359,48971,8,2529,768928,771457,771457,0.9999896301193184,8,48979,290,0,0,0,0.0
823,1778775483.9752152,decode,2520,692280,0.8973576247788299,771268,2520,4458.656026839359,48988,9,2520,768748,771268,771268,0.9997446416882165,0,48988,241,248,0,0,0.0
826,1778775484.5666983,decode,2527,684518,0.8872962480475459,771307,2519,4458.656026839359,48477,8,2527,768780,771307,771307,0.9997951948565392,8,48485,255,0,0,0,0.0
827,1778775485.0158656,decode,2519,689434,0.8936685397263647,771418,2519,4458.656026839359,48493,8,2519,768899,771418,771418,0.9999390769509958,0,48493,282,289,0,0,0.0
830,1778775485.6644638,decode,2528,680176,0.881667995307629,771462,2519,4458.656026839359,47931,8,2528,768934,771462,771462,0.9999961112947444,8,47939,263,0,0,0,0.0
831,1778775486.1529567,decode,2519,690166,0.8946173838087276,771272,2519,4458.656026839359,47948,9,2519,768753,771272,771272,0.9997498266285574,0,47948,296,304,0,0,0.0
834,1778775486.779453,decode,2528,693516,0.898959771344131,771294,2520,4458.656026839359,47374,8,2528,768766,771294,771294,0.9997783438004316,8,47382,261,0,0,0,0.0
835,1778775487.1894398,decode,2520,686998,0.8905109110588296,771406,2520,4458.656026839359,47390,8,2520,768886,771406,771406,0.9999235221299735,0,47390,253,259,0,0,0.0
838,1778775487.82238,decode,2528,682238,0.8843408320533012,771426,2519,4458.656026839359,46850,8,2528,768898,771426,771426,0.9999494468316774,8,46858,271,0,0,0,0.0
839,1778775488.2734082,decode,2519,696952,0.9034136350968611,771236,2519,4458.656026839359,46867,9,2519,768717,771236,771236,0.9997031621654904,0,46867,289,297,0,0,0.0
842,1778775488.8419437,decode,2527,685384,0.8884187876313249,771179,2519,4458.656026839359,46322,9,2527,768652,771179,771179,0.9996292767656342,9,46331,239,0,0,0,0.0
843,1778775489.2753897,decode,2519,686006,0.8892250458543162,771290,2519,4458.656026839359,46339,8,2519,768771,771290,771290,0.9997731588600909,0,46339,279,286,0,0,0.0
846,1778775489.8884072,decode,2528,691414,0.896235085195051,771334,2520,4458.656026839359,45769,8,2528,768806,771334,771334,0.9998301932038395,8,45777,274,0,0,0,0.0
847,1778775490.2920482,decode,2520,685722,0.8888569150901208,771446,2520,4458.656026839359,45785,8,2520,768926,771446,771446,0.9999753715333813,0,45785,260,266,0,0,0.0
850,1778775490.9044082,decode,2528,690154,0.8946018289877052,771350,2520,4458.656026839359,45234,8,2528,768822,771350,771350,0.9998509329652026,8,45242,275,0,0,0,0.0
851,1778775491.3155277,decode,2520,696524,0.9028588464803977,771462,2520,4458.656026839359,45250,8,2520,768942,771462,771462,0.9999961112947444,0,45250,264,271,0,0,0.0
854,1778775491.9058611,decode,2527,685894,0.8890798675247743,771351,2519,4458.656026839359,44730,8,2527,768824,771351,771351,0.9998522292002877,8,44738,241,0,0,0,0.0
855,1778775492.3557503,decode,2519,690806,0.8954469742632524,771462,2519,4458.656026839359,44746,8,2519,768943,771462,771462,0.9999961112947444,0,44746,278,285,0,0,0.0
858,1778775492.9668295,decode,2527,689234,0.8934092927093258,771333,2519,4458.656026839359,44193,8,2527,768806,771333,771333,0.9998288969687542,8,44201,259,0,0,0,0.0
859,1778775493.4020307,decode,2519,684058,0.8866999799083561,771444,2519,4458.656026839359,44209,8,2519,768925,771444,771444,0.9999727790632109,0,44209,267,274,0,0,0.0
862,1778775494.039645,decode,2527,691546,0.8964061882262967,771185,2519,4458.656026839359,43644,9,2527,768658,771185,771185,0.9996370541761453,9,43653,281,0,0,0,0.0
863,1778775494.4637427,decode,2519,692322,0.8974120666524081,771296,2519,4458.656026839359,43661,8,2519,768777,771296,771296,0.999780936270602,0,43661,259,266,0,0,0.0
866,1778775495.0685089,decode,2527,686762,0.8902049995787236,771349,2519,4458.656026839359,43132,8,2527,768822,771349,771349,0.9998496367301174,8,43140,254,0,0,0,0.0
867,1778775495.4967375,decode,2519,688256,0.892141574796005,771460,2519,4458.656026839359,43148,8,2519,768941,771460,771460,0.999993518824574,0,43148,275,282,0,0,0.0
870,1778775496.107288,decode,2527,685062,0.888001399933892,771183,2519,4458.656026839359,42589,9,2527,768656,771183,771183,0.999634461705975,9,42598,267,0,0,0,0.0
871,1778775496.5424263,decode,2519,685650,0.8887635861639867,771294,2519,4458.656026839359,42606,8,2519,768775,771294,771294,0.9997783438004316,0,42606,280,288,0,0,0.0
874,1778775497.1800594,decode,2528,684204,0.8868892302307947,771278,2520,4458.656026839359,42032,9,2528,768750,771278,771278,0.9997576040390685,9,42041,276,0,0,0,0.0
875,1778775497.633099,decode,2520,690924,0.8955999300033054,771390,2520,4767.871075039282,42049,8,2520,768870,771390,771390,0.9999027823686104,0,42049,283,290,0,0,0.0
878,1778775498.2540112,decode,2529,679774,0.8811469088033805,771453,2520,4767.871075039282,41491,8,2529,768924,771453,771453,0.9999844451789777,8,41499,258,0,0,0,0.0
879,1778775498.724337,decode,2520,699164,0.9062809071053126,771264,2520,4767.871075039282,41508,9,2520,768744,771264,771264,0.9997394567478758,0,41508,297,305,0,0,0.0
882,1778775499.2844498,decode,2528,688868,0.8929348706681444,771292,2520,4767.871075039282,40962,9,2528,768764,771292,771292,0.9997757513302613,9,40971,232,0,0,0,0.0
883,1778775499.6997747,decode,2520,700484,0.9079919374177701,771404,2520,4767.871075039282,40979,8,2520,768884,771404,771404,0.9999209296598031,0,40979,268,275,0,0,0.0
886,1778775500.2360902,decode,2527,684984,0.8879002935972468,771411,2518,4767.871075039282,40468,8,2527,768884,771411,771411,0.9999300033053995,8,40476,228,0,0,0,0.0
887,1778775500.6703987,decode,2518,690820,0.8954651215544451,771220,2518,4767.871075039282,40485,9,2518,768702,771220,771220,0.9996824224041272,0,40485,280,288,0,0,0.0
890,1778775501.2530928,decode,2527,688564,0.892540815202245,771347,2519,4767.871075039282,39929,8,2527,768820,771347,771347,0.999847044259947,8,39937,259,0,0,0,0.0
891,1778775501.6711144,decode,2519,689320,0.8935207689266526,771458,2519,4767.871075039282,39945,8,2519,768939,771458,771458,0.9999909263544037,0,39945,269,276,0,0,0.0
894,1778775502.2497957,decode,2527,689538,0.8938033481752251,771347,2519,4767.871075039282,39396,8,2527,768820,771347,771347,0.999847044259947,8,39404,264,0,0,0,0.0
895,1778775502.662717,decode,2519,686822,0.8902827736838353,771458,2519,4767.871075039282,39412,8,2519,768939,771458,771458,0.9999909263544037,0,39412,266,273,0,0,0.0
898,1778775503.264718,decode,2527,686054,0.8892872651384055,771249,2519,4767.871075039282,38857,9,2527,768722,771249,771249,0.9997200132215979,9,38866,272,0,0,0,0.0
899,1778775503.6963425,decode,2519,688740,0.8927689525772394,771360,2519,4767.871075039282,38874,8,2519,768841,771360,771360,0.9998638953160546,0,38874,277,284,0,0,0.0
902,1778775504.2841997,decode,2528,687434,0.8910760695559746,771368,2519,4767.871075039282,38315,8,2528,768840,771368,771368,0.9998742651967361,8,38323,265,0,0,0,0.0
903,1778775504.7039604,decode,2519,686588,0.8899794546738996,771178,2519,4767.871075039282,38332,9,2519,768659,771178,771178,0.999627980530549,0,38332,272,280,0,0,0.0
906,1778775505.303563,decode,2528,695036,0.9009300486736275,771316,2520,4767.871075039282,37770,8,2528,768788,771316,771316,0.999806860972306,8,37778,273,0,0,0,0.0
907,1778775505.6978464,decode,2520,686022,0.8892457856156792,771428,2520,4767.871075039282,37786,8,2520,768908,771428,771428,0.9999520393018477,0,37786,248,254,0,0,0.0
910,1778775506.321418,decode,2528,688278,0.8921700919678793,771350,2520,4767.871075039282,37248,8,2528,768822,771350,771350,0.9998509329652026,8,37256,274,0,0,0,0.0
911,1778775506.7471673,decode,2520,691532,0.8963880409351039,771462,2520,4767.871075039282,37264,8,2520,768942,771462,771462,0.9999961112947444,0,37264,270,277,0,0,0.0
914,1778775507.3391843,decode,2528,689052,0.8931733779238202,771460,2519,4767.871075039282,36721,8,2528,768932,771460,771460,0.999993518824574,8,36729,257,0,0,0,0.0
915,1778775507.7611053,decode,2519,685790,0.888945059075914,771270,2519,4767.871075039282,36738,9,2519,768751,771270,771270,0.999747234158387,0,36738,267,274,0,0,0.0
918,1778775508.3708239,decode,2528,688684,0.8926963634124685,771418,2519,4767.871075039282,36179,8,2528,768890,771418,771418,0.9999390769509958,8,36187,275,0,0,0,0.0
919,1778775508.788081,decode,2519,690130,0.8945707193456606,771228,2519,4767.871075039282,36196,9,2519,768709,771228,771228,0.9996927922848088,0,36196,268,275,0,0,0.0
922,1778775509.376558,decode,2527,695628,0.9016974198440629,771257,2519,4767.871075039282,35650,9,2527,768730,771257,771257,0.9997303831022795,9,35659,261,0,0,0,0.0
923,1778775509.7600462,decode,2519,691818,0.8967587641694698,771368,2519,4767.871075039282,35667,8,2519,768849,771368,771368,0.9998742651967361,0,35667,246,252,0,0,0.0
926,1778775510.321817,decode,2527,691798,0.8967328394677658,771445,2518,4767.871075039282,35150,8,2527,768918,771445,771445,0.9999740752982961,8,35158,255,0,0,0,0.0
927,1778775510.7215457,decode,2518,689508,0.8937644611226692,771254,2518,4767.871075039282,35167,9,2518,768736,771254,771254,0.9997264943970239,0,35167,258,265,0,0,0.0
930,1778775511.3254805,decode,2526,698632,0.9055913100399888,771234,2518,4767.871075039282,34629,9,2526,768708,771234,771234,0.99970056969532,9,34638,263,0,0,0,0.0
931,1778775511.7077308,decode,2518,685680,0.8888024732165426,771344,2518,4767.871075039282,34646,8,2518,768826,771344,771344,0.9998431555546914,0,34646,236,242,0,0,0.0
934,1778775512.3264143,decode,2526,685156,0.8881232460319003,771306,2518,4767.871075039282,34119,8,2526,768780,771306,771306,0.999793898621454,8,34127,275,0,0,0,0.0
935,1778775512.765542,decode,2518,683802,0.8863681437265463,771416,2518,4767.871075039282,34135,8,2518,768898,771416,771416,0.9999364844808254,0,34135,280,287,0,0,0.0
938,1778775513.4000144,decode,2527,689054,0.8931759703939907,771229,2519,4767.871075039282,33556,9,2527,768702,771229,771229,0.9996940885198939,9,33565,281,0,0,0,0.0
939,1778775513.8237138,decode,2519,688178,0.8920404684593598,771340,2519,4767.871075039282,33573,8,2519,768821,771340,771340,0.9998379706143506,0,33573,267,274,0,0,0.0
942,1778775514.42098,decode,2528,696684,0.9030662440940289,771406,2519,4767.871075039282,33022,8,2528,768878,771406,771406,0.9999235221299735,8,33030,267,0,0,0,0.0
943,1778775514.809867,decode,2519,684038,0.8866740552066523,771216,2519,4767.871075039282,33039,9,2519,768697,771216,771216,0.9996772374637865,0,33039,242,249,0,0,0.0
946,1778775515.4241014,decode,2527,695556,0.9016040909179289,771165,2519,4767.871075039282,32499,9,2527,768638,771165,771165,0.9996111294744415,9,32508,281,0,0,0,0.0
947,1778775515.811786,decode,2519,687142,0.8906975689110977,771276,2519,4767.871075039282,32516,8,2519,768757,771276,771276,0.9997550115688981,0,32516,246,253,0,0,0.0
950,1778775516.4294865,decode,2527,691614,0.89649433221209,771269,2519,4767.871075039282,31982,9,2527,768742,771269,771269,0.9997459379233018,9,31991,271,0,0,0,0.0
951,1778775516.8401177,decode,2519,689702,0.894015930729197,771380,2519,4767.871075039282,31999,8,2519,768861,771380,771380,0.9998898200177584,0,31999,259,266,0,0,0.0
954,1778775517.4456139,decode,2527,686814,0.8902724038031538,771429,2518,4767.871075039282,31461,8,2527,768902,771429,771429,0.999953335536933,8,31469,263,0,0,0,0.0
955,1778775517.883919,decode,2518,688024,0.8918408482562398,771238,2518,4983.794831493753,31478,9,2518,768720,771238,771238,0.9997057546356607,0,31478,274,282,0,0,0.0
958,1778775518.4848895,decode,2527,689398,0.8936218752632977,771251,2519,4983.794831493753,30918,9,2527,768724,771251,771251,0.9997226056917683,9,30927,268,0,0,0,0.0
959,1778775518.9050713,decode,2519,684272,0.886977374216588,771362,2519,4983.794831493753,30935,8,2519,768843,771362,771362,0.9998664877862249,0,30935,266,273,0,0,0.0
962,1778775519.5265207,decode,2528,694222,0.8998749133142787,771400,2519,4983.794831493753,30372,8,2528,768872,771400,771400,0.9999157447194623,8,30380,280,0,0,0,0.0
963,1778775519.9238503,decode,2519,689804,0.8941481467078869,771210,2519,4983.794831493753,30389,9,2519,768691,771210,771210,0.9996694600532753,0,30389,250,257,0,0,0.0
966,1778775520.5249343,decode,2527,686990,0.890500541178148,771231,2519,4983.794831493753,29860,9,2527,768704,771231,771231,0.9996966809900644,9,29869,262,0,0,0,0.0
967,1778775520.9569657,decode,2519,690098,0.8945292398229343,771342,2519,4983.794831493753,29877,8,2519,768823,771342,771342,0.999840563084521,0,29877,274,281,0,0,0.0
970,1778775521.5646987,decode,2527,691228,0.8959939854692047,771225,2519,4983.794831493753,29325,9,2527,768698,771225,771225,0.9996889035795532,9,29334,261,0,0,0,0.0
971,1778775521.9838252,decode,2519,687430,0.8910708846156339,771336,2519,4983.794831493753,29342,8,2519,768817,771336,771336,0.9998327856740098,0,29342,260,267,0,0,0.0
974,1778775522.584891,decode,2527,688526,0.8924915582690076,771257,2519,4983.794831493753,28795,9,2527,768730,771257,771257,0.9997303831022795,9,28804,270,0,0,0,0.0
975,1778775523.0109465,decode,2519,684240,0.8869358946938617,771368,2519,4983.794831493753,28812,8,2519,768849,771368,771368,0.9998742651967361,0,28812,269,276,0,0,0.0
978,1778775523.6254315,decode,2528,688618,0.8926108118968457,771368,2519,4983.794831493753,28246,8,2528,768840,771368,771368,0.9998742651967361,8,28254,280,0,0,0,0.0
979,1778775524.0455346,decode,2519,689948,0.894334804560155,771178,2519,4983.794831493753,28263,9,2519,768659,771178,771178,0.999627980530549,0,28263,268,276,0,0,0.0
982,1778775524.6267204,decode,2528,688996,0.8931007887590493,771376,2519,4983.794831493753,27716,8,2528,768848,771376,771376,0.9998846350774176,8,27724,262,0,0,0,0.0
983,1778775525.0407782,decode,2519,693494,0.8989312541722567,771186,2519,4983.794831493753,27733,9,2519,768667,771186,771186,0.9996383504112306,0,27733,267,274,0,0,0.0
986,1778775525.6047227,decode,2527,685780,0.888932096725062,771321,2519,4983.794831493753,27200,8,2527,768794,771321,771321,0.9998133421477319,8,27208,250,0,0,0,0.0
987,1778775526.0425065,decode,2519,683856,0.8864381404211468,771432,2519,4983.794831493753,27216,8,2519,768913,771432,771432,0.9999572242421886,0,27216,278,285,0,0,0.0
990,1778775526.6696763,decode,2528,683662,0.886186670814619,771284,2520,4983.794831493753,26639,9,2528,768756,771284,771284,0.9997653814495797,9,26648,281,0,0,0,0.0
991,1778775527.1174018,decode,2520,691386,0.8961987906126655,771396,2520,4983.794831493753,26656,8,2520,768876,771396,771396,0.9999105597791216,0,26656,285,292,0,0,0.0
994,1778775527.6926134,decode,2528,692594,0.8977646425955811,771314,2520,4983.794831493753,26098,8,2528,768786,771314,771314,0.9998042685021356,8,26106,257,0,0,0,0.0
995,1778775528.0894136,decode,2520,698058,0.9048472711010869,771426,2520,4983.794831493753,26114,8,2520,768906,771426,771426,0.9999494468316774,0,26114,256,262,0,0,0.0
998,1778775528.631558,decode,2527,688948,0.89303856947496,771385,2518,4983.794831493753,25608,8,2527,768858,771385,771385,0.9998963011931844,8,25616,235,0,0,0,0.0
999,1778775529.0456316,decode,2518,698970,0.9060294374987847,771194,2518,4983.794831493753,25625,9,2518,768676,771194,771194,0.9996487202919121,0,25625,267,275,0,0,0.0
1002,1778775529.58381,decode,2526,690210,0.8946744181524762,771396,2517,4983.794831493753,25109,8,2526,768870,771396,771396,0.9999105597791216,8,25117,233,0,0,0,0.0
1003,1778775529.9942498,decode,2517,679414,0.8806802641727104,771204,2517,4983.794831493753,25126,9,2517,768687,771204,771204,0.9996616826427641,0,25126,263,270,0,0,0.0
1006,1778775530.6162653,decode,2527,686094,0.8893391145418134,771341,2519,4983.794831493753,24550,8,2527,768814,771341,771341,0.9998392668494358,8,24558,295,0,0,0,0.0
1007,1778775531.0427203,decode,2519,686732,0.8901661125261677,771452,2519,4983.794831493753,24566,8,2519,768933,771452,771452,0.9999831489438925,0,24566,277,284,0,0,0.0
1010,1778775531.6311505,decode,2528,694254,0.8999163928370049,771460,2519,4983.794831493753,24000,8,2528,768932,771460,771460,0.999993518824574,8,24008,272,0,0,0,0.0
1011,1778775532.019083,decode,2519,691654,0.8965461816154978,771270,2519,4983.794831493753,24017,9,2519,768751,771270,771270,0.999747234158387,0,24017,250,257,0,0,0.0
1014,1778775532.567867,decode,2527,686110,0.8893598543031764,771281,2519,4983.794831493753,23494,9,2527,768754,771281,771281,0.9997614927443241,9,23503,256,0,0,0,0.0
1015,1778775532.9784865,decode,2519,679912,0.8813257892451375,771392,2519,4983.794831493753,23511,8,2519,768873,771392,771392,0.9999053748387807,0,23511,277,284,0,0,0.0
1018,1778775533.5751224,decode,2528,696224,0.9024699759548391,771240,2520,4983.794831493753,22922,9,2528,768712,771240,771240,0.9997083471058311,9,22931,294,0,0,0,0.0
1019,1778775533.9471588,decode,2520,686928,0.8904201746028659,771352,2520,4983.794831493753,22939,8,2520,768832,771352,771352,0.999853525435373,0,22939,244,250,0,0,0.0
1022,1778775534.5085964,decode,2528,689822,0.8941714789394205,771356,2519,4983.794831493753,22408,8,2528,768828,771356,771356,0.9998587103757137,8,22416,271,0,0,0,0.0
1023,1778775534.8979387,decode,2519,690332,0.8948325588328699,771166,2519,4983.794831493753,22425,9,2519,768647,771166,771166,0.9996124257095267,0,22425,264,272,0,0,0.0
1026,1778775535.4481661,decode,2528,678902,0.8800165918090905,771460,2519,4983.794831493753,21883,8,2528,768932,771460,771460,0.999993518824574,8,21891,261,0,0,0,0.0
1027,1778775535.8907459,decode,2519,701040,0.9087126441251385,771270,2519,4983.794831493753,21900,9,2519,768751,771270,771270,0.999747234158387,0,21900,300,308,0,0,0.0
1030,1778775536.3992214,decode,2527,682786,0.885051168879988,771367,2518,4983.794831493753,21358,8,2527,768840,771367,771367,0.9998729689616509,8,21366,226,0,0,0,0.0
1031,1778775536.8242621,decode,2518,682666,0.8848956206697647,771176,2518,4983.794831493753,21375,9,2518,768658,771176,771176,0.9996253880603786,0,21375,287,295,0,0,0.0
1034,1778775537.3985057,decode,2528,691310,0.8961002767461906,771294,2520,4983.794831493753,20785,8,2528,768766,771294,771294,0.9997783438004316,8,20793,285,0,0,0,0.0
1035,1778775537.7899032,decode,2520,690212,0.8946770106226465,771406,2520,5070.286094841146,20801,8,2520,768886,771406,771406,0.9999235221299735,0,20801,260,267,0,0,0.0
1038,1778775538.366197,decode,2528,694218,0.8998697283739379,771340,2520,5070.286094841146,20264,8,2528,768812,771340,771340,0.9998379706143506,8,20272,261,0,0,0,0.0
1039,1778775538.746328,decode,2520,688652,0.8926548838897422,771452,2520,5070.286094841146,20280,8,2520,768932,771452,771452,0.9999831489438925,0,20280,251,257,0,0,0.0
1042,1778775539.3249257,decode,2527,691648,0.8965384042049866,771279,2519,5070.286094841146,19747,9,2527,768752,771279,771279,0.9997589002741537,9,19756,266,0,0,0,0.0
1043,1778775539.7160304,decode,2519,686862,0.8903346230872431,771390,2519,5070.286094841146,19764,8,2519,768871,771390,771390,0.9999027823686104,0,19764,259,266,0,0,0.0
1046,1778775540.2884345,decode,2527,699340,0.906509044480307,771289,2519,5070.286094841146,19216,9,2527,768762,771289,771289,0.9997718626250057,9,19225,272,0,0,0,0.0
1047,1778775540.6355708,decode,2519,680280,0.8818028037564892,771400,2519,5070.286094841146,19233,8,2519,768881,771400,771400,0.9999157447194623,0,19233,234,240,0,0,0.0
1050,1778775541.2199416,decode,2527,684550,0.8873377275702722,771307,2519,5070.286094841146,18690,8,2527,768780,771307,771307,0.9997951948565392,8,18698,293,0,0,0,0.0
1051,1778775541.6266222,decode,2519,690982,0.8956751116382468,771418,2519,5070.286094841146,18706,8,2519,768899,771418,771418,0.9999390769509958,0,18706,282,289,0,0,0.0
1054,1778775542.167773,decode,2527,685974,0.8891835663315899,771209,2519,5070.286094841146,18149,9,2527,768682,771209,771209,0.99966816381819,9,18158,258,0,0,0,0.0
1055,1778775542.5679917,decode,2519,692778,0.8980031498512571,771320,2519,5070.286094841146,18166,8,2519,768801,771320,771320,0.9998120459126467,0,18166,277,284,0,0,0.0
1058,1778775543.088767,decode,2527,687838,0.8915997485303935,771205,2519,5070.286094841146,17620,9,2527,768678,771205,771205,0.9996629788778493,9,17629,252,0,0,0,0.0
1059,1778775543.484148,decode,2519,688186,0.8920508383400414,771316,2519,5070.286094841146,17637,8,2519,768797,771316,771316,0.999806860972306,0,17637,271,278,0,0,0.0
1062,1778775544.03661,decode,2528,693914,0.8994756729080386,771414,2519,5070.286094841146,17082,8,2528,768886,771414,771414,0.9999338920106551,8,17090,267,0,0,0,0.0
1063,1778775544.4193017,decode,2519,685212,0.8881958351966712,771224,2519,5070.286094841146,17099,9,2519,768705,771224,771224,0.999687607344468,0,17099,251,258,0,0,0.0
1066,1778775544.982427,decode,2528,684768,0.8876203068188446,771440,2519,5070.286094841146,16554,8,2528,768912,771440,771440,0.9999675941228702,8,16562,277,0,0,0,0.0
1067,1778775545.395884,decode,2519,689764,0.8940962973044791,771250,2519,5070.286094841146,16571,9,2519,768731,771250,771250,0.999721309456683,0,16571,281,288,0,0,0.0
1070,1778775545.936152,decode,2527,683564,0.8860596397762698,771191,2519,5070.286094841146,16011,9,2527,768664,771191,771191,0.9996448315866565,9,16020,262,0,0,0,0.0
1071,1778775546.3629107,decode,2519,692682,0.8978787112830783,771302,2519,5070.286094841146,16028,8,2519,768783,771302,771302,0.9997887136811132,0,16028,285,293,0,0,0.0
1074,1778775546.8894353,decode,2528,690500,0.8950503263271827,771410,2519,5070.286094841146,15473,8,2528,768882,771410,771410,0.9999287070703142,8,15481,253,0,0,0,0.0
1075,1778775547.2650683,decode,2519,693456,0.8988819972390193,771220,2519,5070.286094841146,15490,9,2519,768701,771220,771220,0.9996824224041272,0,15490,262,269,0,0,0.0
1078,1778775547.7821782,decode,2527,691338,0.8961365713285762,771283,2519,5070.286094841146,14961,9,2527,768756,771283,771283,0.9997640852144944,9,14970,250,0,0,0,0.0
1079,1778775548.159712,decode,2519,682516,0.8847011854069854,771394,2519,5070.286094841146,14978,8,2519,768875,771394,771394,0.9999079673089512,0,14978,260,267,0,0,0.0
1082,1778775548.7282448,decode,2528,690546,0.8951099531411016,771444,2519,5070.286094841146,14415,8,2528,768916,771444,771444,0.9999727790632109,8,14423,286,0,0,0,0.0
1083,1778775549.108443,decode,2519,689800,0.8941429617675462,771254,2519,5070.286094841146,14432,9,2519,768735,771254,771254,0.9997264943970239,0,14432,262,269,0,0,0.0
1086,1778775549.6360285,decode,2527,686592,0.8899846396142405,771227,2519,5070.286094841146,13891,9,2527,768700,771227,771227,0.9996914960497236,9,13900,262,0,0,0,0.0
1087,1778775550.0341816,decode,2519,685990,0.889204306092953,771338,2519,5070.286094841146,13908,8,2519,768819,771338,771338,0.9998353781441802,0,13908,275,282,0,0,0.0
1090,1778775550.5805962,decode,2528,688012,0.8918252934352174,771318,2520,5070.286094841146,13342,8,2528,768790,771318,771318,0.9998094534424763,8,13350,274,0,0,0,0.0
1091,1778775550.9710436,decode,2520,690292,0.8947807094294621,771430,2520,5070.286094841146,13358,8,2520,768910,771430,771430,0.9999546317720182,0,13358,271,278,0,0,0.0
1094,1778775551.494224,decode,2528,691790,0.8967224695870843,771420,2519,5070.286094841146,12810,8,2528,768892,771420,771420,0.9999416694211662,8,12818,261,0,0,0,0.0
1095,1778775551.869129,decode,2519,692640,0.8978242694095001,771230,2519,5070.286094841146,12827,9,2519,768711,771230,771230,0.9996953847549792,0,12827,258,265,0,0,0.0
1098,1778775552.3880186,decode,2527,681228,0.8830316346172542,771367,2518,5070.286094841146,12300,8,2527,768840,771367,771367,0.9998729689616509,8,12308,253,0,0,0,0.0
1099,1778775552.8167908,decode,2518,683792,0.8863551813756942,771176,2518,5070.286094841146,12317,9,2518,768658,771176,771176,0.9996253880603786,0,12317,292,300,0,0,0.0
1102,1778775553.3694913,decode,2528,694348,0.9000382389350132,771220,2520,5070.286094841146,11725,9,2528,768692,771220,771220,0.9996824224041272,9,11734,281,0,0,0,0.0
1103,1778775553.7371385,decode,2520,689392,0.8936140978527866,771332,2520,5070.286094841146,11742,8,2520,768812,771332,771332,0.999827600733669,0,11742,250,257,0,0,0.0
1106,1778775554.2614293,decode,2528,693304,0.8986849695060696,771420,2519,5070.286094841146,11212,8,2528,768892,771420,771420,0.9999416694211662,8,11220,264,0,0,0,0.0
1107,1778775554.6291695,decode,2519,695450,0.9014666899988982,771230,2519,5070.286094841146,11229,9,2519,768711,771230,771230,0.9996953847549792,0,11229,253,260,0,0,0.0
1110,1778775555.1306634,decode,2526,688742,0.8927715450474099,771176,2518,5070.286094841146,10716,9,2526,768650,771176,771176,0.9996253880603786,9,10725,244,0,0,0,0.0
1111,1778775555.5152795,decode,2518,687272,0.8908660794721731,771286,2518,5070.286094841146,10733,8,2518,768768,771286,771286,0.99976797391975,0,10733,268,275,0,0,0.0
1114,1778775556.0551174,decode,2527,696962,0.9034265974477131,771399,2518,5070.286094841146,10178,8,2527,768872,771399,771399,0.9999144484843772,8,10186,270,0,0,0,0.0
1115,1778775556.4121742,decode,2518,679970,0.8814009708800788,771208,2518,5419.742758248602,10195,9,2518,768690,771208,771208,0.9996668675831049,0,10195,241,248,0,0,0.0
1118,1778775556.9820354,decode,2527,687898,0.8916775226355051,771297,2519,5419.742758248602,9643,8,2527,768770,771297,771297,0.9997822325056872,8,9651,294,0,0,0,0.0
1119,1778775557.3776264,decode,2519,689756,0.8940859274237976,771408,2519,5419.742758248602,9659,8,2519,768889,771408,771408,0.9999261146001439,0,9659,271,278,0,0,0.0
1122,1778775557.8993838,decode,2527,689684,0.8939925984976635,771183,2519,5419.742758248602,9109,9,2527,768656,771183,771183,0.999634461705975,9,9118,262,0,0,0,0.0
1123,1778775558.2803183,decode,2519,698776,0.905777967892257,771294,2519,5419.742758248602,9126,8,2519,768775,771294,771294,0.9997783438004316,0,9126,265,272,0,0,0.0
1126,1778775558.7587547,decode,2526,694336,0.9000226841139909,771202,2518,5419.742758248602,8612,9,2526,768676,771202,771202,0.9996590901725937,9,8621,233,0,0,0,0.0
1127,1778775559.123084,decode,2518,685274,0.8882762017719533,771312,2518,5419.742758248602,8629,8,2518,768794,771312,771312,0.9998016760319651,0,8629,250,257,0,0,0.0
1130,1778775559.665451,decode,2526,693698,0.8991956861296365,771200,2518,5419.742758248602,8085,9,2526,768674,771200,771200,0.9996564977024233,9,8094,277,0,0,0,0.0
1131,1778775560.041839,decode,2518,682742,0.8849941345362395,771310,2518,5419.742758248602,8102,8,2518,768792,771310,771310,0.9997990835617948,0,8102,252,259,0,0,0.0
1134,1778775560.6134253,decode,2527,687076,0.8906120173954748,771369,2518,5419.742758248602,7548,8,2527,768842,771369,771369,0.9998755614318213,8,7556,285,0,0,0,0.0
1135,1778775561.0209014,decode,2518,685510,0.8885821132520594,771178,2518,5419.742758248602,7565,9,2518,768660,771178,771178,0.999627980530549,0,7565,273,281,0,0,0.0
1138,1778775561.5836177,decode,2528,681952,0.8839701088189355,771438,2519,5419.742758248602,6998,8,2528,768910,771438,771438,0.9999650016526997,8,7006,276,0,0,0,0.0
1139,1778775562.002364,decode,2519,690420,0.8949466275203671,771248,2519,5419.742758248602,7015,9,2519,768729,771248,771248,0.9997187169865127,0,7015,290,298,0,0,0.0
1142,1778775562.5195122,decode,2528,691566,0.8964321129280006,771248,2520,5419.742758248602,6447,9,2528,768720,771248,771248,0.9997187169865127,9,6456,260,0,0,0,0.0
1143,1778775562.8988965,decode,2520,691152,0.8958954716027299,771360,2520,5419.742758248602,6464,8,2520,768840,771360,771360,0.9998638953160546,0,6464,259,266,0,0,0.0
1146,1778775563.4177191,decode,2528,695462,0.9014822448199206,771380,2519,5419.742758248602,5931,8,2528,768852,771380,771380,0.9998898200177584,8,5939,258,0,0,0,0.0
1147,1778775563.785577,decode,2519,689246,0.8934248475303481,771190,2519,5419.742758248602,5948,9,2519,768671,771190,771190,0.9996435353515714,0,5948,246,253,0,0,0.0
1150,1778775564.3197184,decode,2527,682080,0.8841360269098404,771273,2519,5419.742758248602,5421,9,2527,768746,771273,771273,0.9997511228636425,9,5430,264,0,0,0,0.0
1151,1778775564.7370036,decode,2519,690120,0.8945577569948086,771384,2519,5419.742758248602,5438,8,2519,768865,771384,771384,0.9998950049580992,0,5438,290,297,0,0,0.0
1154,1778775565.2543418,decode,2527,692812,0.8980472218441536,771247,2519,5419.742758248602,4870,9,2527,768720,771247,771247,0.9997174207514274,9,4879,261,0,0,0,0.0
1155,1778775565.6265569,decode,2519,688396,0.8923230477079324,771358,2519,5419.742758248602,4887,8,2519,768839,771358,771358,0.9998613028458841,0,4887,255,262,0,0,0.0
1158,1778775566.1423314,decode,2527,689800,0.8941429617675462,771323,2519,5419.742758248602,4349,8,2527,768796,771323,771323,0.9998159346179023,8,4357,267,0,0,0,0.0
1159,1778775566.5193095,decode,2519,689236,0.8934118851794961,771434,2519,5419.742758248602,4365,8,2519,768915,771434,771434,0.999959816712359,0,4365,265,272,0,0,0.0
1162,1778775567.0318942,decode,2527,686048,0.8892794877278943,771263,2519,5419.742758248602,3819,9,2527,768736,771263,771263,0.9997381605127906,9,3828,264,0,0,0,0.0
1163,1778775567.4295373,decode,2519,692182,0.8972305937404808,771374,2519,5419.742758248602,3836,8,2519,768855,771374,771374,0.9998820426072472,0,3836,277,284,0,0,0.0
1166,1778775567.9319885,decode,2527,693998,0.899584556655195,771209,2519,5419.742758248602,3288,9,2527,768682,771209,771209,0.99966816381819,9,3297,254,0,0,0,0.0
1167,1778775568.2935734,decode,2519,684384,0.8871225525461298,771320,2519,5419.742758248602,3305,8,2519,768801,771320,771320,0.9998120459126467,0,3305,251,258,0,0,0.0
1170,1778775568.8246055,decode,2527,690936,0.8956154848243277,771211,2519,5419.742758248602,2757,9,2527,768684,771211,771211,0.9996707562883604,9,2766,280,0,0,0,0.0
1171,1778775569.204657,decode,2519,688646,0.8926471064792311,771322,2519,5419.742758248602,2774,8,2519,768803,771322,771322,0.9998146383828171,0,2774,261,268,0,0,0.0
1174,1778775569.7259762,decode,2527,684552,0.8873403200404425,771273,2519,5419.742758248602,2230,9,2527,768746,771273,771273,0.9997511228636425,9,2239,266,0,0,0,0.0
1175,1778775570.1310916,decode,2519,685730,0.8888672849708023,771384,2519,5419.742758248602,2247,8,2519,768865,771384,771384,0.9998950049580992,0,2247,282,289,0,0,0.0
1178,1778775570.6576827,decode,2528,695440,0.9014537276480462,771358,2519,5419.742758248602,1673,8,2528,768830,771358,771358,0.9998613028458841,8,1681,275,0,0,0,0.0
1179,1778775571.0100493,decode,2519,687376,0.8910008879210334,771168,2519,5419.742758248602,1690,9,2519,768649,771168,771168,0.9996150181796971,0,1690,246,253,0,0,0.0
1182,1778775571.524194,decode,2527,687240,0.8908245999494468,771203,2519,5419.742758248602,1157,9,2527,768676,771203,771203,0.9996603864076788,9,1166,270,0,0,0,0.0
1183,1778775571.9154088,decode,2519,687940,0.8917319645090833,771314,2519,5419.742758248602,1174,8,2519,768795,771314,771314,0.9998042685021356,0,1174,273,280,0,0,0.0
1186,1778775572.4242246,decode,2527,689652,0.8939511189749373,771167,2519,5419.742758248602,616,9,2527,768640,771167,771167,0.9996137219446118,9,625,268,0,0,0,0.0
1187,1778775572.8000507,decode,2519,683514,0.88599482802201,771278,2519,5419.742758248602,633,8,2519,768759,771278,771278,0.9997576040390685,0,633,265,272,0,0,0.0
1190,1778775573.3409264,decode,2528,687594,0.8912834671696058,771242,2520,5419.742758248602,68,9,2528,768714,771242,771242,0.9997109395760015,9,77,282,0,0,0,0.0
1191,1778775573.4904583,decode,2520,632330,0.8196483314213866,771354,2520,5419.742758248602,85,8,2520,768834,771354,771354,0.9998561179055433,0,85,272,85,0,0,0.0
1193,1778775573.6110916,decode,2073,550562,0.7136577809751576,634403,2073,5419.742758248602,0,0,2073,632330,634403,634403,0.8223354267529959,0,0,260,0,0,0,0.0
1194,1778775573.6671655,decode,2073,473756,0.6140991490216666,636476,1794,5796.697453529938,0,0,2073,634403,636476,636476,0.8250225220846052,0,0,279,0,0,0,0.0
1195,1778775573.7154229,decode,1794,423044,0.5483644753812551,552356,1542,5796.697453529938,0,0,1794,550562,552356,552356,0.7159832267179975,0,0,252,0,0,0,0.0
1196,1778775573.7686262,decode,1542,343660,0.4454641493781312,475298,1373,5796.697453529938,0,0,1542,473756,475298,475298,0.6160979435230374,0,0,169,0,0,0,0.0
1197,1778775573.8092856,decode,1373,297654,0.3858295580486477,424417,1114,5796.697453529938,0,0,1373,423044,424417,424417,0.5501442061532279,0,0,259,0,0,0,0.0
1198,1778775573.8481536,decode,1114,252014,0.32666938876034557,344774,962,5796.697453529938,0,0,1114,343660,344774,344774,0.4469081552630385,0,0,152,0,0,0,0.0
1199,1778775573.8777401,decode,962,232058,0.3008017214001931,298616,814,5796.697453529938,0,0,962,297654,298616,298616,0.38707653620060534,0,0,148,0,0,0,0.0
1200,1778775573.9112148,decode,814,197840,0.2564471492549889,252828,747,5796.697453529938,0,0,814,252014,252828,252828,0.3277245241196943,0,0,67,0,0,0,0.0
1201,1778775573.932589,decode,747,198476,0.25727155476917296,232805,636,5796.697453529938,0,0,747,232058,232805,232805,0.30177000900883383,0,0,111,0,0,0,0.0
1202,1778775573.9619782,decode,636,165407,0.2144063567368578,198476,636,5796.697453529938,0,0,636,197840,198476,198476,0.25727155476917296,0,0,0,0,0,0,0.0
1203,1778775573.9811454,decode,636,165936,0.21509206509692597,199112,529,5796.697453529938,0,0,636,198476,199112,199112,0.25809596028335696,0,0,107,0,0,0,0.0
1204,1778775574.0390956,decode,529,26605,0.03448633444161433,165936,529,5796.697453529938,0,0,529,165407,165936,165936,0.21509206509692597,0,0,0,0,0,0,0.0
1205,1778775574.0445585,decode,529,26690,0.03459651442385591,166465,85,5796.697453529938,0,0,529,165936,166465,166465,0.21577777345699417,0,0,444,0,0,0,0.0
1206,1778775574.0577137,decode,85,0,0.0,26690,85,5796.697453529938,0,0,85,26605,26690,26690,0.03459651442385591,0,0,0,0,0,0,0.0
1206,1778775574.0582345,decode,85,0,0.0,26775,85,5796.697453529938,0,0,85,26690,26775,26775,0.03470669440609749,0,0,85,0,0,0,0.0
